 (1789638313.527495)  can0  601   [8]  40 41 60 00 00 00 00 00
 (1789638313.527748)  can0  581   [8]  43 41 60 00 60 14 60 14
 (1789638313.528974)  can0  601   [8]  40 60 60 00 00 00 00 00
 (1789638313.529305)  can0  581   [8]  4F 60 60 00 03 00 00 00
 (1789638313.530848)  can0  601   [8]  40 61 60 00 00 00 00 00
 (1789638313.531117)  can0  581   [8]  4F 61 60 00 03 00 00 00
 (1789638313.532845)  can0  601   [8]  40 3F 60 00 00 00 00 00
 (1789638313.533117)  can0  581   [8]  43 3F 60 00 00 00 00 00
 (1789638313.534845)  can0  601   [8]  40 FF 60 01 00 00 00 00
 (1789638313.535167)  can0  581   [8]  43 FF 60 01 00 00 00 00
 (1789638313.536842)  can0  601   [8]  40 FF 60 02 00 00 00 00
 (1789638313.537110)  can0  581   [8]  43 FF 60 02 00 00 00 00
 (1789638313.538841)  can0  601   [8]  40 0F 20 00 00 00 00 00
 (1789638313.539158)  can0  581   [8]  4B 0F 20 00 01 00 00 00
 (1789638313.540780)  can0  601   [8]  40 00 20 00 00 00 00 00
 (1789638313.541101)  can0  581   [8]  4B 00 20 00 00 00 00 00
 (1789638313.542831)  can0  601   [8]  40 17 10 00 00 00 00 00
 (1789638313.543091)  can0  581   [8]  4B 17 10 00 00 00 00 00
 (1789638313.544832)  can0  601   [8]  40 00 14 01 00 00 00 00
 (1789638313.545145)  can0  581   [8]  43 00 14 01 01 02 00 00
 (1789638313.546832)  can0  601   [8]  40 00 14 02 00 00 00 00
 (1789638313.547137)  can0  581   [8]  4F 00 14 02 FF 00 00 00
 (1789638313.548832)  can0  601   [8]  40 00 14 05 00 00 00 00
 (1789638313.549136)  can0  581   [8]  4B 00 14 05 E8 03 00 00
 (1789638313.550778)  can0  601   [8]  40 00 16 00 00 00 00 00
 (1789638313.551138)  can0  581   [8]  4F 00 16 00 02 00 00 00
 (1789638313.552829)  can0  601   [8]  40 00 16 01 00 00 00 00
 (1789638313.553125)  can0  581   [8]  43 00 16 01 10 00 40 60
 (1789638313.554775)  can0  601   [8]  40 00 16 02 00 00 00 00
 (1789638313.555124)  can0  581   [8]  43 00 16 02 08 00 60 60
 (1789638313.556832)  can0  601   [8]  40 00 18 01 00 00 00 00
 (1789638313.557121)  can0  581   [8]  43 00 18 01 81 01 00 00
 (1789638313.558832)  can0  601   [8]  40 00 18 02 00 00 00 00
 (1789638313.559117)  can0  581   [8]  4F 00 18 02 FF 00 00 00
 (1789638313.560776)  can0  601   [8]  40 00 18 05 00 00 00 00
 (1789638313.561112)  can0  581   [8]  4B 00 18 05 64 00 00 00
 (1789638313.562839)  can0  601   [8]  40 00 1A 00 00 00 00 00
 (1789638313.563112)  can0  581   [8]  4F 00 1A 00 02 00 00 00
 (1789638313.564832)  can0  601   [8]  40 00 1A 01 00 00 00 00
 (1789638313.565156)  can0  581   [8]  43 00 1A 01 20 00 41 60
 (1789638313.566780)  can0  601   [8]  40 00 1A 02 00 00 00 00
 (1789638313.567091)  can0  581   [8]  43 00 1A 02 20 03 6C 60
 (1789638313.568831)  can0  601   [8]  40 01 18 01 00 00 00 00
 (1789638313.569091)  can0  581   [8]  43 01 18 01 81 02 00 00
 (1789638313.570773)  can0  601   [8]  40 01 18 02 00 00 00 00
 (1789638313.571089)  can0  581   [8]  4F 01 18 02 FF 00 00 00
 (1789638313.572829)  can0  601   [8]  40 01 18 05 00 00 00 00
 (1789638313.573083)  can0  581   [8]  4B 01 18 05 00 00 00 00
 (1789638313.574778)  can0  601   [8]  40 01 1A 00 00 00 00 00
 (1789638313.575142)  can0  581   [8]  4F 01 1A 00 00 00 00 00
 (1789638313.576777)  can0  601   [8]  40 01 1A 01 00 00 00 00
 (1789638313.577134)  can0  581   [8]  43 01 1A 01 00 00 00 00
 (1789638313.578830)  can0  601   [8]  40 01 1A 02 00 00 00 00
 (1789638313.579130)  can0  581   [8]  43 01 1A 02 00 00 00 00
 (1789638313.580778)  can0  601   [8]  40 6C 60 01 00 00 00 00
 (1789638313.581125)  can0  581   [8]  43 6C 60 01 00 00 00 00
 (1789638313.582829)  can0  601   [8]  40 6C 60 02 00 00 00 00
 (1789638313.583121)  can0  581   [8]  43 6C 60 02 00 00 00 00
 (1789638313.584839)  can0  601   [8]  40 6C 60 03 00 00 00 00
 (1789638313.585174)  can0  581   [8]  43 6C 60 03 00 00 00 00
 (1789638313.607903)  can0  601   [8]  40 6C 60 01 00 00 00 00
 (1789638313.608248)  can0  581   [8]  43 6C 60 01 00 00 00 00
 (1789638313.609853)  can0  601   [8]  40 6C 60 02 00 00 00 00
 (1789638313.610123)  can0  581   [8]  43 6C 60 02 00 00 00 00
 (1789638313.611832)  can0  601   [8]  40 6C 60 03 00 00 00 00
 (1789638313.612172)  can0  581   [8]  43 6C 60 03 00 00 00 00
 (1789638313.634900)  can0  601   [8]  40 6C 60 01 00 00 00 00
 (1789638313.635250)  can0  581   [8]  43 6C 60 01 00 00 00 00
 (1789638313.636853)  can0  601   [8]  40 6C 60 02 00 00 00 00
 (1789638313.637122)  can0  581   [8]  43 6C 60 02 00 00 00 00
 (1789638313.638841)  can0  601   [8]  40 6C 60 03 00 00 00 00
 (1789638313.639174)  can0  581   [8]  43 6C 60 03 00 00 00 00
 (1789638313.661895)  can0  601   [8]  40 6C 60 01 00 00 00 00
 (1789638313.662250)  can0  581   [8]  43 6C 60 01 00 00 00 00
 (1789638313.663852)  can0  601   [8]  40 6C 60 02 00 00 00 00
 (1789638313.664123)  can0  581   [8]  43 6C 60 02 00 00 00 00
 (1789638313.665834)  can0  601   [8]  40 6C 60 03 00 00 00 00
 (1789638313.666173)  can0  581   [8]  43 6C 60 03 00 00 00 00
 (1789638313.688895)  can0  601   [8]  40 6C 60 01 00 00 00 00
 (1789638313.689249)  can0  581   [8]  43 6C 60 01 00 00 00 00
 (1789638313.690856)  can0  601   [8]  40 6C 60 02 00 00 00 00
 (1789638313.691123)  can0  581   [8]  43 6C 60 02 00 00 00 00
 (1789638313.692834)  can0  601   [8]  40 6C 60 03 00 00 00 00
 (1789638313.693172)  can0  581   [8]  43 6C 60 03 00 00 00 00
 (1789638313.715862)  can0  601   [8]  40 6C 60 01 00 00 00 00
 (1789638313.716187)  can0  581   [8]  43 6C 60 01 00 00 00 00
 (1789638313.717845)  can0  601   [8]  40 6C 60 02 00 00 00 00
 (1789638313.718178)  can0  581   [8]  43 6C 60 02 00 00 00 00
 (1789638313.719778)  can0  601   [8]  40 6C 60 03 00 00 00 00
 (1789638313.720118)  can0  581   [8]  43 6C 60 03 00 00 00 00
 (1789638313.742870)  can0  601   [8]  40 6C 60 01 00 00 00 00
 (1789638313.743186)  can0  581   [8]  43 6C 60 01 00 00 00 00
 (1789638313.744839)  can0  601   [8]  40 6C 60 02 00 00 00 00
 (1789638313.745180)  can0  581   [8]  43 6C 60 02 00 00 00 00
 (1789638313.746835)  can0  601   [8]  40 6C 60 03 00 00 00 00
 (1789638313.747119)  can0  581   [8]  43 6C 60 03 00 00 00 00
 (1789638313.748871)  can0  601   [8]  2B 17 10 00 F4 01 00 00
 (1789638313.749240)  can0  581   [8]  60 17 10 00 00 00 00 00
 (1789638313.750768)  can0  601   [8]  40 17 10 00 00 00 00 00
 (1789638313.751106)  can0  581   [8]  4B 17 10 00 F4 01 00 00
 (1789638313.998665)  can0  701   [1]  7F
 (1789638314.000749)  can0  000   [2]  80 01
 (1789638314.248214)  can0  701   [1]  7F
 (1789638314.249880)  can0  601   [8]  2B 00 20 00 E8 03 00 00
 (1789638314.250156)  can0  581   [8]  60 00 20 00 00 00 00 00
 (1789638314.251835)  can0  601   [8]  40 00 20 00 00 00 00 00
 (1789638314.252194)  can0  581   [8]  4B 00 20 00 E8 03 00 00
 (1789638314.253787)  can0  601   [8]  23 00 14 01 01 02 00 80
 (1789638314.254141)  can0  581   [8]  60 00 14 01 00 00 00 00
 (1789638314.255828)  can0  601   [8]  40 00 14 01 00 00 00 00
 (1789638314.256130)  can0  581   [8]  43 00 14 01 01 02 00 80
 (1789638314.257777)  can0  601   [8]  2F 00 16 00 00 00 00 00
 (1789638314.258189)  can0  581   [8]  60 00 16 00 00 00 00 00
 (1789638314.259824)  can0  601   [8]  40 00 16 00 00 00 00 00
 (1789638314.260125)  can0  581   [8]  4F 00 16 00 00 00 00 00
 (1789638314.261824)  can0  601   [8]  23 00 16 01 10 00 40 60
 (1789638314.262123)  can0  581   [8]  60 00 16 01 00 00 00 00
 (1789638314.263766)  can0  601   [8]  40 00 16 01 00 00 00 00
 (1789638314.264107)  can0  581   [8]  43 00 16 01 10 00 40 60
 (1789638314.265829)  can0  601   [8]  23 00 16 02 20 03 FF 60
 (1789638314.266114)  can0  581   [8]  60 00 16 02 00 00 00 00
 (1789638314.267768)  can0  601   [8]  40 00 16 02 00 00 00 00
 (1789638314.268161)  can0  581   [8]  43 00 16 02 20 03 FF 60
 (1789638314.269831)  can0  601   [8]  2F 00 16 00 02 00 00 00
 (1789638314.270104)  can0  581   [8]  60 00 16 00 00 00 00 00
 (1789638314.271827)  can0  601   [8]  40 00 16 00 00 00 00 00
 (1789638314.272155)  can0  581   [8]  4F 00 16 00 02 00 00 00
 (1789638314.273773)  can0  601   [8]  23 00 14 01 01 02 00 00
 (1789638314.274092)  can0  581   [8]  60 00 14 01 00 00 00 00
 (1789638314.275826)  can0  601   [8]  40 00 14 01 00 00 00 00
 (1789638314.276084)  can0  581   [8]  43 00 14 01 01 02 00 00
 (1789638314.277778)  can0  601   [8]  23 01 18 01 81 02 00 80
 (1789638314.278199)  can0  581   [8]  60 01 18 01 00 00 00 00
 (1789638314.279822)  can0  601   [8]  40 01 18 01 00 00 00 00
 (1789638314.280074)  can0  581   [8]  43 01 18 01 81 02 00 80
 (1789638314.281833)  can0  601   [8]  2F 01 1A 00 00 00 00 00
 (1789638314.282192)  can0  581   [8]  60 01 1A 00 00 00 00 00
 (1789638314.283824)  can0  601   [8]  40 01 1A 00 00 00 00 00
 (1789638314.284131)  can0  581   [8]  4F 01 1A 00 00 00 00 00
 (1789638314.285828)  can0  601   [8]  23 01 1A 01 08 00 61 60
 (1789638314.286125)  can0  581   [8]  60 01 1A 01 00 00 00 00
 (1789638314.288034)  can0  601   [8]  40 01 1A 01 00 00 00 00
 (1789638314.288363)  can0  581   [8]  43 01 1A 01 08 00 61 60
 (1789638314.289801)  can0  601   [8]  23 01 1A 02 20 00 3F 60
 (1789638314.290117)  can0  581   [8]  60 01 1A 02 00 00 00 00
 (1789638314.291827)  can0  601   [8]  40 01 1A 02 00 00 00 00
 (1789638314.292163)  can0  581   [8]  43 01 1A 02 20 00 3F 60
 (1789638314.293834)  can0  601   [8]  2F 01 1A 00 02 00 00 00
 (1789638314.294108)  can0  581   [8]  60 01 1A 00 00 00 00 00
 (1789638314.295770)  can0  601   [8]  40 01 1A 00 00 00 00 00
 (1789638314.296104)  can0  581   [8]  4F 01 1A 00 02 00 00 00
 (1789638314.297774)  can0  601   [8]  2B 01 18 05 64 00 00 00
 (1789638314.298155)  can0  581   [8]  60 01 18 05 00 00 00 00
 (1789638314.299822)  can0  601   [8]  40 01 18 05 00 00 00 00
 (1789638314.300145)  can0  581   [8]  4B 01 18 05 64 00 00 00
 (1789638314.301830)  can0  601   [8]  23 01 18 01 81 02 00 00
 (1789638314.302148)  can0  581   [8]  60 01 18 01 00 00 00 00
 (1789638314.303767)  can0  601   [8]  40 01 18 01 00 00 00 00
 (1789638314.304083)  can0  581   [8]  43 01 18 01 81 02 00 00
 (1789638314.305723)  can0  000   [2]  01 01
 (1789638314.306134)  can0  181   [8]  60 14 60 14 00 00 00 00
 (1789638314.306323)  can0  281   [5]  03 00 00 00 00
 (1789638314.306425)  can0  381   [0] 
 (1789638314.306520)  can0  481   [0] 
 (1789638314.356085)  can0  181   [8]  60 14 60 14 00 00 00 00
 (1789638314.356275)  can0  281   [5]  03 00 00 00 00
 (1789638314.406091)  can0  181   [8]  60 14 60 14 00 00 00 00
 (1789638314.406283)  can0  281   [5]  03 00 00 00 00
 (1789638314.456102)  can0  181   [8]  60 14 60 14 00 00 00 00
 (1789638314.456293)  can0  281   [5]  03 00 00 00 00
 (1789638314.497701)  can0  701   [1]  05
 (1789638314.499890)  can0  601   [8]  23 FF 60 01 00 00 00 00
 (1789638314.500253)  can0  581   [8]  60 FF 60 01 00 00 00 00
 (1789638314.501835)  can0  601   [8]  40 FF 60 01 00 00 00 00
 (1789638314.502185)  can0  581   [8]  43 FF 60 01 00 00 00 00
 (1789638314.503850)  can0  601   [8]  23 FF 60 02 00 00 00 00
 (1789638314.504124)  can0  581   [8]  60 FF 60 02 00 00 00 00
 (1789638314.505829)  can0  601   [8]  40 FF 60 02 00 00 00 00
 (1789638314.506177)  can0  581   [8]  43 FF 60 02 00 00 00 00
 (1789638314.506419)  can0  181   [8]  60 14 60 14 00 00 00 00
 (1789638314.506611)  can0  281   [5]  03 00 00 00 00
 (1789638314.506959)  can0  601   [8]  2B 40 60 00 06 00 00 00
 (1789638314.507300)  can0  581   [8]  60 40 60 00 00 00 00 00
 (1789638314.508830)  can0  601   [8]  40 40 60 00 00 00 00 00
 (1789638314.509167)  can0  581   [8]  4B 40 60 00 06 00 00 00
 (1789638314.556253)  can0  181   [8]  21 14 21 14 00 00 00 00
 (1789638314.556432)  can0  281   [5]  03 00 00 00 00
 (1789638314.557841)  can0  601   [8]  40 00 14 01 00 00 00 00
 (1789638314.558239)  can0  581   [8]  43 00 14 01 01 02 00 00
 (1789638314.559868)  can0  601   [8]  40 00 14 02 00 00 00 00
 (1789638314.560172)  can0  581   [8]  4F 00 14 02 FF 00 00 00
 (1789638314.561842)  can0  601   [8]  40 00 16 00 00 00 00 00
 (1789638314.562173)  can0  581   [8]  4F 00 16 00 02 00 00 00
 (1789638314.563777)  can0  601   [8]  40 00 16 01 00 00 00 00
 (1789638314.564102)  can0  581   [8]  43 00 16 01 10 00 40 60
 (1789638314.565838)  can0  601   [8]  40 00 16 02 00 00 00 00
 (1789638314.566103)  can0  581   [8]  43 00 16 02 20 03 FF 60
 (1789638314.567784)  can0  601   [8]  40 00 18 01 00 00 00 00
 (1789638314.568156)  can0  581   [8]  43 00 18 01 81 01 00 00
 (1789638314.569779)  can0  601   [8]  40 00 18 02 00 00 00 00
 (1789638314.570095)  can0  581   [8]  4F 00 18 02 FF 00 00 00
 (1789638314.571839)  can0  601   [8]  40 00 1A 00 00 00 00 00
 (1789638314.572098)  can0  581   [8]  4F 00 1A 00 02 00 00 00
 (1789638314.573777)  can0  601   [8]  40 00 1A 01 00 00 00 00
 (1789638314.574085)  can0  581   [8]  43 00 1A 01 20 00 41 60
 (1789638314.575804)  can0  601   [8]  40 00 1A 02 00 00 00 00
 (1789638314.576138)  can0  581   [8]  43 00 1A 02 20 03 6C 60
 (1789638314.577783)  can0  601   [8]  40 01 18 01 00 00 00 00
 (1789638314.578193)  can0  581   [8]  43 01 18 01 81 02 00 00
 (1789638314.579832)  can0  601   [8]  40 01 18 02 00 00 00 00
 (1789638314.580133)  can0  581   [8]  4F 01 18 02 FF 00 00 00
 (1789638314.581839)  can0  601   [8]  40 01 1A 00 00 00 00 00
 (1789638314.582187)  can0  581   [8]  4F 01 1A 00 02 00 00 00
 (1789638314.583782)  can0  601   [8]  40 01 1A 01 00 00 00 00
 (1789638314.584117)  can0  581   [8]  43 01 1A 01 08 00 61 60
 (1789638314.585834)  can0  601   [8]  40 01 1A 02 00 00 00 00
 (1789638314.586116)  can0  581   [8]  43 01 1A 02 20 00 3F 60
 (1789638314.587781)  can0  601   [8]  40 0F 20 00 00 00 00 00
 (1789638314.588173)  can0  581   [8]  4B 0F 20 00 01 00 00 00
 (1789638314.606194)  can0  181   [8]  21 14 21 14 00 00 00 00
 (1789638314.606324)  can0  281   [5]  03 00 00 00 00
 (1789638314.629889)  can0  201   [6]  02 00 00 00 00 00
 (1789638314.640952)  can0  201   [6]  02 00 00 00 00 00
 (1789638314.650915)  can0  201   [6]  02 00 00 00 00 00
 (1789638314.656203)  can0  181   [8]  60 14 60 14 00 00 00 00
 (1789638314.656336)  can0  281   [5]  03 00 00 00 00
 (1789638314.660915)  can0  201   [6]  02 00 00 00 00 00
 (1789638314.670906)  can0  201   [6]  02 00 00 00 00 00
 (1789638314.680810)  can0  201   [6]  02 00 00 00 00 00
 (1789638314.690845)  can0  201   [6]  02 00 00 00 00 00
 (1789638314.700845)  can0  201   [6]  02 00 00 00 00 00
 (1789638314.706214)  can0  181   [8]  60 14 60 14 00 00 00 00
 (1789638314.706403)  can0  281   [5]  03 00 00 00 00
 (1789638314.710846)  can0  201   [6]  02 00 00 00 00 00
 (1789638314.720842)  can0  201   [6]  02 00 00 00 00 00
 (1789638314.730847)  can0  201   [6]  02 00 00 00 00 00
 (1789638314.740842)  can0  201   [6]  02 00 00 00 00 00
 (1789638314.747240)  can0  701   [1]  05
 (1789638314.750786)  can0  201   [6]  02 00 00 00 00 00
 (1789638314.756219)  can0  181   [8]  60 14 60 14 00 00 00 00
 (1789638314.756411)  can0  281   [5]  03 00 00 00 00
 (1789638314.760850)  can0  201   [6]  02 00 00 00 00 00
 (1789638314.770841)  can0  201   [6]  02 00 00 00 00 00
 (1789638314.780847)  can0  201   [6]  02 00 00 00 00 00
 (1789638314.790841)  can0  201   [6]  02 00 00 00 00 00
 (1789638314.800847)  can0  201   [6]  02 00 00 00 00 00
 (1789638314.806231)  can0  181   [8]  60 14 60 14 00 00 00 00
 (1789638314.806422)  can0  281   [5]  03 00 00 00 00
 (1789638314.810844)  can0  201   [6]  02 00 00 00 00 00
 (1789638314.820850)  can0  201   [6]  02 00 00 00 00 00
 (1789638314.830970)  can0  201   [6]  02 00 00 00 00 00
 (1789638314.840812)  can0  201   [6]  02 00 00 00 00 00
 (1789638314.850849)  can0  201   [6]  02 00 00 00 00 00
 (1789638314.856240)  can0  181   [8]  60 14 60 14 00 00 00 00
 (1789638314.856429)  can0  281   [5]  03 00 00 00 00
 (1789638314.860787)  can0  201   [6]  02 00 00 00 00 00
 (1789638314.870845)  can0  201   [6]  02 00 00 00 00 00
 (1789638314.880841)  can0  201   [6]  02 00 00 00 00 00
 (1789638314.890847)  can0  201   [6]  02 00 00 00 00 00
 (1789638314.900843)  can0  201   [6]  02 00 00 00 00 00
 (1789638314.906249)  can0  181   [8]  60 14 60 14 00 00 00 00
 (1789638314.906439)  can0  281   [5]  03 00 00 00 00
 (1789638314.910841)  can0  201   [6]  02 00 00 00 00 00
 (1789638314.920847)  can0  201   [6]  02 00 00 00 00 00
 (1789638314.930842)  can0  201   [6]  02 00 00 00 00 00
 (1789638314.940849)  can0  201   [6]  02 00 00 00 00 00
 (1789638314.950842)  can0  201   [6]  02 00 00 00 00 00
 (1789638314.956258)  can0  181   [8]  60 14 60 14 00 00 00 00
 (1789638314.956448)  can0  281   [5]  03 00 00 00 00
 (1789638314.960849)  can0  201   [6]  02 00 00 00 00 00
 (1789638314.970844)  can0  201   [6]  02 00 00 00 00 00
 (1789638314.980843)  can0  201   [6]  02 00 00 00 00 00
 (1789638314.990865)  can0  201   [6]  02 00 00 00 00 00
 (1789638314.996789)  can0  701   [1]  05
 (1789638315.000850)  can0  201   [6]  02 00 00 00 00 00
 (1789638315.006271)  can0  181   [8]  60 14 60 14 00 00 00 00
 (1789638315.006458)  can0  281   [5]  03 00 00 00 00
 (1789638315.010946)  can0  201   [6]  02 00 00 00 00 00
 (1789638315.020900)  can0  201   [6]  02 00 00 00 00 00
 (1789638315.030972)  can0  201   [6]  02 00 00 00 00 00
 (1789638315.040941)  can0  201   [6]  02 00 00 00 00 00
 (1789638315.050934)  can0  201   [6]  02 00 00 00 00 00
 (1789638315.056283)  can0  181   [8]  60 14 60 14 00 00 00 00
 (1789638315.056468)  can0  281   [5]  03 00 00 00 00
 (1789638315.060931)  can0  201   [6]  02 00 00 00 00 00
 (1789638315.071078)  can0  201   [6]  02 00 00 00 00 00
 (1789638315.080934)  can0  201   [6]  02 00 00 00 00 00
 (1789638315.090940)  can0  201   [6]  02 00 00 00 00 00
 (1789638315.100989)  can0  201   [6]  02 00 00 00 00 00
 (1789638315.106235)  can0  181   [8]  60 14 60 14 00 00 00 00
 (1789638315.106422)  can0  281   [5]  03 00 00 00 00
 (1789638315.110933)  can0  201   [6]  02 00 00 00 00 00
 (1789638315.120955)  can0  201   [6]  02 00 00 00 00 00
 (1789638315.130951)  can0  201   [6]  02 00 00 00 00 00
 (1789638315.140881)  can0  201   [6]  02 00 00 00 00 00
 (1789638315.150899)  can0  201   [6]  02 00 00 00 00 00
 (1789638315.156305)  can0  181   [8]  60 14 60 14 00 00 00 00
 (1789638315.156490)  can0  281   [5]  03 00 00 00 00
 (1789638315.160957)  can0  201   [6]  02 00 00 00 00 00
 (1789638315.170942)  can0  201   [6]  02 00 00 00 00 00
 (1789638315.180910)  can0  201   [6]  02 00 00 00 00 00
 (1789638315.190897)  can0  201   [6]  02 00 00 00 00 00
 (1789638315.200883)  can0  201   [6]  02 00 00 00 00 00
 (1789638315.206308)  can0  181   [8]  60 14 60 14 00 00 00 00
 (1789638315.206496)  can0  281   [5]  03 00 00 00 00
 (1789638315.210909)  can0  201   [6]  02 00 00 00 00 00
 (1789638315.220854)  can0  201   [6]  02 00 00 00 00 00
 (1789638315.230790)  can0  201   [6]  02 00 00 00 00 00
 (1789638315.240848)  can0  201   [6]  02 00 00 00 00 00
 (1789638315.246277)  can0  701   [1]  05
 (1789638315.250790)  can0  201   [6]  02 00 00 00 00 00
 (1789638315.256314)  can0  181   [8]  60 14 60 14 00 00 00 00
 (1789638315.256507)  can0  281   [5]  03 00 00 00 00
 (1789638315.260843)  can0  201   [6]  02 00 00 00 00 00
 (1789638315.270812)  can0  201   [6]  02 00 00 00 00 00
 (1789638315.280840)  can0  201   [6]  02 00 00 00 00 00
 (1789638315.290849)  can0  201   [6]  02 00 00 00 00 00
 (1789638315.300842)  can0  201   [6]  02 00 00 00 00 00
 (1789638315.306325)  can0  181   [8]  60 14 60 14 00 00 00 00
 (1789638315.306515)  can0  281   [5]  03 00 00 00 00
 (1789638315.310850)  can0  201   [6]  02 00 00 00 00 00
 (1789638315.320844)  can0  201   [6]  02 00 00 00 00 00
 (1789638315.330842)  can0  201   [6]  02 00 00 00 00 00
 (1789638315.340848)  can0  201   [6]  02 00 00 00 00 00
 (1789638315.350842)  can0  201   [6]  02 00 00 00 00 00
 (1789638315.356332)  can0  181   [8]  60 14 60 14 00 00 00 00
 (1789638315.356525)  can0  281   [5]  03 00 00 00 00
 (1789638315.360845)  can0  201   [6]  02 00 00 00 00 00
 (1789638315.370975)  can0  201   [6]  02 00 00 00 00 00
 (1789638315.380868)  can0  201   [6]  02 00 00 00 00 00
 (1789638315.390849)  can0  201   [6]  02 00 00 00 00 00
 (1789638315.400842)  can0  201   [6]  02 00 00 00 00 00
 (1789638315.406345)  can0  181   [8]  60 14 60 14 00 00 00 00
 (1789638315.406533)  can0  281   [5]  03 00 00 00 00
 (1789638315.410850)  can0  201   [6]  02 00 00 00 00 00
 (1789638315.420839)  can0  201   [6]  02 00 00 00 00 00
 (1789638315.430849)  can0  201   [6]  02 00 00 00 00 00
 (1789638315.440846)  can0  201   [6]  02 00 00 00 00 00
 (1789638315.450844)  can0  201   [6]  02 00 00 00 00 00
 (1789638315.456353)  can0  181   [8]  60 14 60 14 00 00 00 00
 (1789638315.456542)  can0  281   [5]  03 00 00 00 00
 (1789638315.460850)  can0  201   [6]  02 00 00 00 00 00
 (1789638315.470844)  can0  201   [6]  02 00 00 00 00 00
 (1789638315.480850)  can0  201   [6]  02 00 00 00 00 00
 (1789638315.490845)  can0  201   [6]  02 00 00 00 00 00
 (1789638315.495825)  can0  701   [1]  05
 (1789638315.500849)  can0  201   [6]  02 00 00 00 00 00
 (1789638315.506362)  can0  181   [8]  60 14 60 14 00 00 00 00
 (1789638315.506553)  can0  281   [5]  03 00 00 00 00
 (1789638315.510844)  can0  201   [6]  02 00 00 00 00 00
 (1789638315.520843)  can0  201   [6]  02 00 00 00 00 00
 (1789638315.530863)  can0  201   [6]  02 00 00 00 00 00
 (1789638315.540855)  can0  201   [6]  02 00 00 00 00 00
 (1789638315.550953)  can0  201   [6]  02 00 00 00 00 00
 (1789638315.556373)  can0  181   [8]  60 14 60 14 00 00 00 00
 (1789638315.556563)  can0  281   [5]  03 00 00 00 00
 (1789638315.560909)  can0  201   [6]  02 00 00 00 00 00
 (1789638315.570951)  can0  201   [6]  02 00 00 00 00 00
 (1789638315.580930)  can0  201   [6]  02 00 00 00 00 00
 (1789638315.590928)  can0  201   [6]  02 00 00 00 00 00
 (1789638315.600927)  can0  201   [6]  02 00 00 00 00 00
 (1789638315.606383)  can0  181   [8]  60 14 60 14 00 00 00 00
 (1789638315.606580)  can0  281   [5]  03 00 00 00 00
 (1789638315.611035)  can0  201   [6]  02 00 00 00 00 00
 (1789638315.620924)  can0  201   [6]  02 00 00 00 00 00
 (1789638315.631091)  can0  201   [6]  02 00 00 00 00 00
 (1789638315.640971)  can0  201   [6]  02 00 00 00 00 00
 (1789638315.650910)  can0  201   [6]  02 00 00 00 00 00
 (1789638315.656397)  can0  181   [8]  60 14 60 14 00 00 00 00
 (1789638315.656582)  can0  281   [5]  03 00 00 00 00
 (1789638315.660976)  can0  201   [6]  02 00 00 00 00 00
 (1789638315.670926)  can0  201   [6]  02 00 00 00 00 00
 (1789638315.680873)  can0  201   [6]  02 00 00 00 00 00
 (1789638315.690923)  can0  201   [6]  02 00 00 00 00 00
 (1789638315.700896)  can0  201   [6]  02 00 00 00 00 00
 (1789638315.706402)  can0  181   [8]  60 14 60 14 00 00 00 00
 (1789638315.706591)  can0  281   [5]  03 00 00 00 00
 (1789638315.710929)  can0  201   [6]  02 00 00 00 00 00
 (1789638315.720906)  can0  201   [6]  02 00 00 00 00 00
 (1789638315.730898)  can0  201   [6]  02 00 00 00 00 00
 (1789638315.740879)  can0  201   [6]  02 00 00 00 00 00
 (1789638315.745374)  can0  701   [1]  05
 (1789638315.750897)  can0  201   [6]  02 00 00 00 00 00
 (1789638315.756412)  can0  181   [8]  60 14 60 14 00 00 00 00
 (1789638315.756601)  can0  281   [5]  03 00 00 00 00
 (1789638315.760855)  can0  201   [6]  02 00 00 00 00 00
 (1789638315.770844)  can0  201   [6]  02 00 00 00 00 00
 (1789638315.780850)  can0  201   [6]  02 00 00 00 00 00
 (1789638315.790845)  can0  201   [6]  02 00 00 00 00 00
 (1789638315.800845)  can0  201   [6]  02 00 00 00 00 00
 (1789638315.806419)  can0  181   [8]  60 14 60 14 00 00 00 00
 (1789638315.806610)  can0  281   [5]  03 00 00 00 00
 (1789638315.810849)  can0  201   [6]  02 00 00 00 00 00
 (1789638315.820846)  can0  201   [6]  02 00 00 00 00 00
 (1789638315.830846)  can0  201   [6]  02 00 00 00 00 00
 (1789638315.840844)  can0  201   [6]  02 00 00 00 00 00
 (1789638315.850848)  can0  201   [6]  02 00 00 00 00 00
 (1789638315.856429)  can0  181   [8]  60 14 60 14 00 00 00 00
 (1789638315.856619)  can0  281   [5]  03 00 00 00 00
 (1789638315.860842)  can0  201   [6]  02 00 00 00 00 00
 (1789638315.870845)  can0  201   [6]  02 00 00 00 00 00
 (1789638315.880845)  can0  201   [6]  02 00 00 00 00 00
 (1789638315.890845)  can0  201   [6]  02 00 00 00 00 00
 (1789638315.900848)  can0  201   [6]  02 00 00 00 00 00
 (1789638315.906390)  can0  181   [8]  60 14 60 14 00 00 00 00
 (1789638315.906633)  can0  281   [5]  03 00 00 00 00
 (1789638315.910946)  can0  201   [6]  02 00 00 00 00 00
 (1789638315.920856)  can0  201   [6]  02 00 00 00 00 00
 (1789638315.930845)  can0  201   [6]  02 00 00 00 00 00
 (1789638315.940844)  can0  201   [6]  02 00 00 00 00 00
 (1789638315.950849)  can0  201   [6]  02 00 00 00 00 00
 (1789638315.956449)  can0  181   [8]  60 14 60 14 00 00 00 00
 (1789638315.956640)  can0  281   [5]  03 00 00 00 00
 (1789638315.960843)  can0  201   [6]  02 00 00 00 00 00
 (1789638315.970848)  can0  201   [6]  02 00 00 00 00 00
 (1789638315.980843)  can0  201   [6]  02 00 00 00 00 00
 (1789638315.990848)  can0  201   [6]  02 00 00 00 00 00
 (1789638315.994862)  can0  701   [1]  05
 (1789638316.000843)  can0  201   [6]  02 00 00 00 00 00
 (1789638316.006459)  can0  181   [8]  60 14 60 14 00 00 00 00
 (1789638316.006649)  can0  281   [5]  03 00 00 00 00
 (1789638316.010843)  can0  201   [6]  02 00 00 00 00 00
 (1789638316.020847)  can0  201   [6]  02 00 00 00 00 00
 (1789638316.030844)  can0  201   [6]  02 00 00 00 00 00
 (1789638316.040848)  can0  201   [6]  02 00 00 00 00 00
 (1789638316.050845)  can0  201   [6]  02 00 00 00 00 00
 (1789638316.056467)  can0  181   [8]  60 14 60 14 00 00 00 00
 (1789638316.056660)  can0  281   [5]  03 00 00 00 00
 (1789638316.060847)  can0  201   [6]  02 00 00 00 00 00
 (1789638316.070859)  can0  201   [6]  02 00 00 00 00 00
 (1789638316.080849)  can0  201   [6]  02 00 00 00 00 00
 (1789638316.090962)  can0  201   [6]  02 00 00 00 00 00
 (1789638316.100892)  can0  201   [6]  02 00 00 00 00 00
 (1789638316.106482)  can0  181   [8]  60 14 60 14 00 00 00 00
 (1789638316.106666)  can0  281   [5]  03 00 00 00 00
 (1789638316.110891)  can0  201   [6]  02 00 00 00 00 00
 (1789638316.120922)  can0  201   [6]  02 00 00 00 00 00
 (1789638316.130933)  can0  201   [6]  02 00 00 00 00 00
 (1789638316.140917)  can0  201   [6]  02 00 00 00 00 00
 (1789638316.151043)  can0  201   [6]  02 00 00 00 00 00
 (1789638316.156488)  can0  181   [8]  60 14 60 14 00 00 00 00
 (1789638316.156675)  can0  281   [5]  03 00 00 00 00
 (1789638316.160931)  can0  201   [6]  02 00 00 00 00 00
 (1789638316.171105)  can0  201   [6]  02 00 00 00 00 00
 (1789638316.180978)  can0  201   [6]  02 00 00 00 00 00
 (1789638316.190904)  can0  201   [6]  02 00 00 00 00 00
 (1789638316.200978)  can0  201   [6]  02 00 00 00 00 00
 (1789638316.206499)  can0  181   [8]  60 14 60 14 00 00 00 00
 (1789638316.206688)  can0  281   [5]  03 00 00 00 00
 (1789638316.210920)  can0  201   [6]  02 00 00 00 00 00
 (1789638316.220928)  can0  201   [6]  02 00 00 00 00 00
 (1789638316.230918)  can0  201   [6]  02 00 00 00 00 00
 (1789638316.240958)  can0  201   [6]  02 00 00 00 00 00
 (1789638316.244409)  can0  701   [1]  05
 (1789638316.250923)  can0  201   [6]  02 00 00 00 00 00
 (1789638316.256506)  can0  181   [8]  60 14 60 14 00 00 00 00
 (1789638316.256695)  can0  281   [5]  03 00 00 00 00
 (1789638316.260917)  can0  201   [6]  02 00 00 00 00 00
 (1789638316.270895)  can0  201   [6]  02 00 00 00 00 00
 (1789638316.280884)  can0  201   [6]  02 00 00 00 00 00
 (1789638316.290897)  can0  201   [6]  02 00 00 00 00 00
 (1789638316.300867)  can0  201   [6]  02 00 00 00 00 00
 (1789638316.306517)  can0  181   [8]  60 14 60 14 00 00 00 00
 (1789638316.306705)  can0  281   [5]  03 00 00 00 00
 (1789638316.310844)  can0  201   [6]  02 00 00 00 00 00
 (1789638316.320849)  can0  201   [6]  02 00 00 00 00 00
 (1789638316.330838)  can0  201   [6]  02 00 00 00 00 00
 (1789638316.340849)  can0  201   [6]  02 00 00 00 00 00
 (1789638316.350843)  can0  201   [6]  02 00 00 00 00 00
 (1789638316.356524)  can0  181   [8]  60 14 60 14 00 00 00 00
 (1789638316.356716)  can0  281   [5]  03 00 00 00 00
 (1789638316.360843)  can0  201   [6]  02 00 00 00 00 00
 (1789638316.370844)  can0  201   [6]  02 00 00 00 00 00
 (1789638316.380843)  can0  201   [6]  02 00 00 00 00 00
 (1789638316.390847)  can0  201   [6]  02 00 00 00 00 00
 (1789638316.400843)  can0  201   [6]  02 00 00 00 00 00
 (1789638316.406531)  can0  181   [8]  60 14 60 14 00 00 00 00
 (1789638316.406725)  can0  281   [5]  03 00 00 00 00
 (1789638316.410846)  can0  201   [6]  02 00 00 00 00 00
 (1789638316.420841)  can0  201   [6]  02 00 00 00 00 00
 (1789638316.430841)  can0  201   [6]  02 00 00 00 00 00
 (1789638316.440849)  can0  201   [6]  02 00 00 00 00 00
 (1789638316.450970)  can0  201   [6]  02 00 00 00 00 00
 (1789638316.456542)  can0  181   [8]  60 14 60 14 00 00 00 00
 (1789638316.456732)  can0  281   [5]  03 00 00 00 00
 (1789638316.460806)  can0  201   [6]  02 00 00 00 00 00
 (1789638316.470846)  can0  201   [6]  02 00 00 00 00 00
 (1789638316.480795)  can0  201   [6]  02 00 00 00 00 00
 (1789638316.490841)  can0  201   [6]  02 00 00 00 00 00
 (1789638316.493960)  can0  701   [1]  05
 (1789638316.500847)  can0  201   [6]  02 00 00 00 00 00
 (1789638316.506553)  can0  181   [8]  60 14 60 14 00 00 00 00
 (1789638316.506744)  can0  281   [5]  03 00 00 00 00
 (1789638316.510849)  can0  201   [6]  02 00 00 00 00 00
 (1789638316.520841)  can0  201   [6]  02 00 00 00 00 00
 (1789638316.530849)  can0  201   [6]  02 00 00 00 00 00
 (1789638316.540844)  can0  201   [6]  02 00 00 00 00 00
 (1789638316.550848)  can0  201   [6]  02 00 00 00 00 00
 (1789638316.556565)  can0  181   [8]  60 14 60 14 00 00 00 00
 (1789638316.556754)  can0  281   [5]  03 00 00 00 00
 (1789638316.560843)  can0  201   [6]  02 00 00 00 00 00
 (1789638316.570843)  can0  201   [6]  02 00 00 00 00 00
 (1789638316.580859)  can0  201   [6]  02 00 00 00 00 00
 (1789638316.590843)  can0  201   [6]  02 00 00 00 00 00
 (1789638316.600848)  can0  201   [6]  02 00 00 00 00 00
 (1789638316.606571)  can0  181   [8]  60 14 60 14 00 00 00 00
 (1789638316.606705)  can0  281   [5]  03 00 00 00 00
 (1789638316.610863)  can0  201   [6]  02 00 00 00 00 00
 (1789638316.620859)  can0  201   [6]  02 00 00 00 00 00
 (1789638316.630964)  can0  201   [6]  02 00 00 00 00 00
 (1789638316.640907)  can0  201   [6]  02 00 00 00 00 00
 (1789638316.650960)  can0  201   [6]  02 00 00 00 00 00
 (1789638316.656584)  can0  181   [8]  60 14 60 14 00 00 00 00
 (1789638316.656774)  can0  281   [5]  03 00 00 00 00
 (1789638316.660924)  can0  201   [6]  02 00 00 00 00 00
 (1789638316.670995)  can0  201   [6]  02 00 00 00 00 00
 (1789638316.680900)  can0  201   [6]  02 00 00 00 00 00
 (1789638316.691034)  can0  201   [6]  02 00 00 00 00 00
 (1789638316.700890)  can0  201   [6]  02 00 00 00 00 00
 (1789638316.706538)  can0  181   [8]  60 14 60 14 00 00 00 00
 (1789638316.706725)  can0  281   [5]  03 00 00 00 00
 (1789638316.711031)  can0  201   [6]  02 00 00 00 00 00
 (1789638316.720973)  can0  201   [6]  02 00 00 00 00 00
 (1789638316.730933)  can0  201   [6]  02 00 00 00 00 00
 (1789638316.740997)  can0  201   [6]  02 00 00 00 00 00
 (1789638316.743449)  can0  701   [1]  05
 (1789638316.750927)  can0  201   [6]  02 00 00 00 00 00
 (1789638316.756600)  can0  181   [8]  60 14 60 14 00 00 00 00
 (1789638316.756791)  can0  281   [5]  03 00 00 00 00
 (1789638316.760909)  can0  201   [6]  02 00 00 00 00 00
 (1789638316.770958)  can0  201   [6]  02 00 00 00 00 00
 (1789638316.780936)  can0  201   [6]  02 00 00 00 00 00
 (1789638316.790924)  can0  201   [6]  02 00 00 00 00 00
 (1789638316.800905)  can0  201   [6]  02 00 00 00 00 00
 (1789638316.806612)  can0  181   [8]  60 14 60 14 00 00 00 00
 (1789638316.806801)  can0  281   [5]  03 00 00 00 00
 (1789638316.810844)  can0  201   [6]  02 00 00 00 00 00
 (1789638316.820882)  can0  201   [6]  02 00 00 00 00 00
 (1789638316.830848)  can0  201   [6]  02 00 00 00 00 00
 (1789638316.840855)  can0  201   [6]  02 00 00 00 00 00
 (1789638316.850844)  can0  201   [6]  02 00 00 00 00 00
 (1789638316.856620)  can0  181   [8]  60 14 60 14 00 00 00 00
 (1789638316.856809)  can0  281   [5]  03 00 00 00 00
 (1789638316.860851)  can0  201   [6]  02 00 00 00 00 00
 (1789638316.870844)  can0  201   [6]  02 00 00 00 00 00
 (1789638316.880850)  can0  201   [6]  02 00 00 00 00 00
 (1789638316.890841)  can0  201   [6]  02 00 00 00 00 00
 (1789638316.900848)  can0  201   [6]  02 00 00 00 00 00
 (1789638316.906628)  can0  181   [8]  60 14 60 14 00 00 00 00
 (1789638316.906818)  can0  281   [5]  03 00 00 00 00
 (1789638316.910843)  can0  201   [6]  02 00 00 00 00 00
 (1789638316.920843)  can0  201   [6]  02 00 00 00 00 00
 (1789638316.930848)  can0  201   [6]  02 00 00 00 00 00
 (1789638316.940844)  can0  201   [6]  02 00 00 00 00 00
 (1789638316.950849)  can0  201   [6]  02 00 00 00 00 00
 (1789638316.956638)  can0  181   [8]  60 14 60 14 00 00 00 00
 (1789638316.956828)  can0  281   [5]  03 00 00 00 00
 (1789638316.960844)  can0  201   [6]  02 00 00 00 00 00
 (1789638316.970849)  can0  201   [6]  02 00 00 00 00 00
 (1789638316.980842)  can0  201   [6]  02 00 00 00 00 00
 (1789638316.991099)  can0  201   [6]  02 00 00 00 00 00
 (1789638316.992991)  can0  701   [1]  05
 (1789638317.000873)  can0  201   [6]  02 00 00 00 00 00
 (1789638317.006648)  can0  181   [8]  60 14 60 14 00 00 00 00
 (1789638317.006781)  can0  281   [5]  03 00 00 00 00
 (1789638317.010845)  can0  201   [6]  02 00 00 00 00 00
 (1789638317.020849)  can0  201   [6]  02 00 00 00 00 00
 (1789638317.030843)  can0  201   [6]  02 00 00 00 00 00
 (1789638317.040849)  can0  201   [6]  02 00 00 00 00 00
 (1789638317.050842)  can0  201   [6]  02 00 00 00 00 00
 (1789638317.056657)  can0  181   [8]  60 14 60 14 00 00 00 00
 (1789638317.056790)  can0  281   [5]  03 00 00 00 00
 (1789638317.060843)  can0  201   [6]  02 00 00 00 00 00
 (1789638317.070847)  can0  201   [6]  02 00 00 00 00 00
 (1789638317.080844)  can0  201   [6]  02 00 00 00 00 00
 (1789638317.090847)  can0  201   [6]  02 00 00 00 00 00
 (1789638317.100845)  can0  201   [6]  02 00 00 00 00 00
 (1789638317.106667)  can0  181   [8]  60 14 60 14 00 00 00 00
 (1789638317.106858)  can0  281   [5]  03 00 00 00 00
 (1789638317.110847)  can0  201   [6]  02 00 00 00 00 00
 (1789638317.120842)  can0  201   [6]  02 00 00 00 00 00
 (1789638317.130843)  can0  201   [6]  02 00 00 00 00 00
 (1789638317.140849)  can0  201   [6]  02 00 00 00 00 00
 (1789638317.150862)  can0  201   [6]  02 00 00 00 00 00
 (1789638317.156678)  can0  181   [8]  60 14 60 14 00 00 00 00
 (1789638317.156810)  can0  281   [5]  03 00 00 00 00
 (1789638317.160869)  can0  201   [6]  02 00 00 00 00 00
 (1789638317.170950)  can0  201   [6]  02 00 00 00 00 00
 (1789638317.180916)  can0  201   [6]  02 00 00 00 00 00
 (1789638317.190949)  can0  201   [6]  02 00 00 00 00 00
 (1789638317.200934)  can0  201   [6]  02 00 00 00 00 00
 (1789638317.206685)  can0  181   [8]  60 14 60 14 00 00 00 00
 (1789638317.206819)  can0  281   [5]  03 00 00 00 00
 (1789638317.210991)  can0  201   [6]  02 00 00 00 00 00
 (1789638317.220841)  can0  201   [6]  02 00 00 00 00 00
 (1789638317.231027)  can0  201   [6]  02 00 00 00 00 00
 (1789638317.240834)  can0  201   [6]  02 00 00 00 00 00
 (1789638317.242541)  can0  701   [1]  05
 (1789638317.251034)  can0  201   [6]  02 00 00 00 00 00
 (1789638317.256701)  can0  181   [8]  60 14 60 14 00 00 00 00
 (1789638317.256886)  can0  281   [5]  03 00 00 00 00
 (1789638317.260961)  can0  201   [6]  02 00 00 00 00 00
 (1789638317.270948)  can0  201   [6]  02 00 00 00 00 00
 (1789638317.280988)  can0  201   [6]  02 00 00 00 00 00
 (1789638317.290933)  can0  201   [6]  02 00 00 00 00 00
 (1789638317.300918)  can0  201   [6]  02 00 00 00 00 00
 (1789638317.306705)  can0  181   [8]  60 14 60 14 00 00 00 00
 (1789638317.306837)  can0  281   [5]  03 00 00 00 00
 (1789638317.311010)  can0  201   [6]  02 00 00 00 00 00
 (1789638317.320946)  can0  201   [6]  02 00 00 00 00 00
 (1789638317.330922)  can0  201   [6]  02 00 00 00 00 00
 (1789638317.340932)  can0  201   [6]  02 00 00 00 00 00
 (1789638317.350905)  can0  201   [6]  02 00 00 00 00 00
 (1789638317.356716)  can0  181   [8]  60 14 60 14 00 00 00 00
 (1789638317.356906)  can0  281   [5]  03 00 00 00 00
 (1789638317.360889)  can0  201   [6]  02 00 00 00 00 00
 (1789638317.370911)  can0  201   [6]  02 00 00 00 00 00
 (1789638317.380848)  can0  201   [6]  02 00 00 00 00 00
 (1789638317.390851)  can0  201   [6]  02 00 00 00 00 00
 (1789638317.400844)  can0  201   [6]  02 00 00 00 00 00
 (1789638317.406722)  can0  181   [8]  60 14 60 14 00 00 00 00
 (1789638317.406857)  can0  281   [5]  03 00 00 00 00
 (1789638317.410869)  can0  201   [6]  02 00 00 00 00 00
 (1789638317.420848)  can0  201   [6]  02 00 00 00 00 00
 (1789638317.430844)  can0  201   [6]  02 00 00 00 00 00
 (1789638317.440848)  can0  201   [6]  02 00 00 00 00 00
 (1789638317.450842)  can0  201   [6]  02 00 00 00 00 00
 (1789638317.456734)  can0  181   [8]  60 14 60 14 00 00 00 00
 (1789638317.456867)  can0  281   [5]  03 00 00 00 00
 (1789638317.460848)  can0  201   [6]  02 00 00 00 00 00
 (1789638317.470845)  can0  201   [6]  02 00 00 00 00 00
 (1789638317.480864)  can0  201   [6]  02 00 00 00 00 00
 (1789638317.490847)  can0  201   [6]  02 00 00 00 00 00
 (1789638317.492084)  can0  701   [1]  05
 (1789638317.500842)  can0  201   [6]  02 00 00 00 00 00
 (1789638317.506742)  can0  181   [8]  60 14 60 14 00 00 00 00
 (1789638317.506933)  can0  281   [5]  03 00 00 00 00
 (1789638317.510851)  can0  201   [6]  02 00 00 00 00 00
 (1789638317.520843)  can0  201   [6]  02 00 00 00 00 00
 (1789638317.530981)  can0  201   [6]  02 00 00 00 00 00
 (1789638317.540852)  can0  201   [6]  02 00 00 00 00 00
 (1789638317.550866)  can0  201   [6]  02 00 00 00 00 00
 (1789638317.556753)  can0  181   [8]  60 14 60 14 00 00 00 00
 (1789638317.556887)  can0  281   [5]  03 00 00 00 00
 (1789638317.560849)  can0  201   [6]  02 00 00 00 00 00
 (1789638317.570842)  can0  201   [6]  02 00 00 00 00 00
 (1789638317.580848)  can0  201   [6]  02 00 00 00 00 00
 (1789638317.590790)  can0  201   [6]  02 00 00 00 00 00
 (1789638317.600850)  can0  201   [6]  02 00 00 00 00 00
 (1789638317.606761)  can0  181   [8]  60 14 60 14 00 00 00 00
 (1789638317.606895)  can0  281   [5]  03 00 00 00 00
 (1789638317.610788)  can0  201   [6]  02 00 00 00 00 00
 (1789638317.620845)  can0  201   [6]  02 00 00 00 00 00
 (1789638317.630850)  can0  201   [6]  02 00 00 00 00 00
 (1789638317.640845)  can0  201   [6]  02 00 00 00 00 00
 (1789638317.650848)  can0  201   [6]  02 00 00 00 00 00
 (1789638317.656771)  can0  181   [8]  60 14 60 14 00 00 00 00
 (1789638317.656905)  can0  281   [5]  03 00 00 00 00
 (1789638317.660845)  can0  201   [6]  02 00 00 00 00 00
 (1789638317.670851)  can0  201   [6]  02 00 00 00 00 00
 (1789638317.680844)  can0  201   [6]  02 00 00 00 00 00
 (1789638317.690874)  can0  201   [6]  02 00 00 00 00 00
 (1789638317.700857)  can0  201   [6]  02 00 00 00 00 00
 (1789638317.706786)  can0  181   [8]  60 14 60 14 00 00 00 00
 (1789638317.706913)  can0  281   [5]  03 00 00 00 00
 (1789638317.710941)  can0  201   [6]  02 00 00 00 00 00
 (1789638317.720920)  can0  201   [6]  02 00 00 00 00 00
 (1789638317.730897)  can0  201   [6]  02 00 00 00 00 00
 (1789638317.740901)  can0  201   [6]  02 00 00 00 00 00
 (1789638317.741576)  can0  701   [1]  05
 (1789638317.750869)  can0  201   [6]  02 00 00 00 00 00
 (1789638317.756846)  can0  181   [8]  60 14 60 14 00 00 00 00
 (1789638317.756923)  can0  281   [5]  03 00 00 00 00
 (1789638317.760920)  can0  201   [6]  02 00 00 00 00 00
 (1789638317.770851)  can0  201   [6]  02 00 00 00 00 00
 (1789638317.780846)  can0  201   [6]  02 00 00 00 00 00
 (1789638317.790851)  can0  201   [6]  02 00 00 00 00 00
 (1789638317.800844)  can0  201   [6]  02 00 00 00 00 00
 (1789638317.806800)  can0  181   [8]  60 14 60 14 00 00 00 00
 (1789638317.806933)  can0  281   [5]  03 00 00 00 00
 (1789638317.810849)  can0  201   [6]  02 00 00 00 00 00
 (1789638317.820843)  can0  201   [6]  02 00 00 00 00 00
 (1789638317.830843)  can0  201   [6]  02 00 00 00 00 00
 (1789638317.840849)  can0  201   [6]  02 00 00 00 00 00
 (1789638317.850846)  can0  201   [6]  02 00 00 00 00 00
 (1789638317.856752)  can0  181   [8]  60 14 60 14 00 00 00 00
 (1789638317.856942)  can0  281   [5]  03 00 00 00 00
 (1789638317.860849)  can0  201   [6]  02 00 00 00 00 00
 (1789638317.870843)  can0  201   [6]  02 00 00 00 00 00
 (1789638317.880849)  can0  201   [6]  02 00 00 00 00 00
 (1789638317.890844)  can0  201   [6]  02 00 00 00 00 00
 (1789638317.900842)  can0  201   [6]  02 00 00 00 00 00
 (1789638317.906819)  can0  181   [8]  60 14 60 14 00 00 00 00
 (1789638317.906952)  can0  281   [5]  03 00 00 00 00
 (1789638317.910849)  can0  201   [6]  02 00 00 00 00 00
 (1789638317.920979)  can0  201   [6]  02 00 00 00 00 00
 (1789638317.930856)  can0  201   [6]  02 00 00 00 00 00
 (1789638317.940842)  can0  201   [6]  02 00 00 00 00 00
 (1789638317.950850)  can0  201   [6]  02 00 00 00 00 00
 (1789638317.956827)  can0  181   [8]  60 14 60 14 00 00 00 00
 (1789638317.957018)  can0  281   [5]  03 00 00 00 00
 (1789638317.960844)  can0  201   [6]  02 00 00 00 00 00
 (1789638317.970842)  can0  201   [6]  02 00 00 00 00 00
 (1789638317.980848)  can0  201   [6]  02 00 00 00 00 00
 (1789638317.990843)  can0  201   [6]  02 00 00 00 00 00
 (1789638317.991066)  can0  701   [1]  05
 (1789638318.000796)  can0  201   [6]  02 00 00 00 00 00
 (1789638318.006836)  can0  181   [8]  60 14 60 14 00 00 00 00
 (1789638318.006971)  can0  281   [5]  03 00 00 00 00
 (1789638318.010842)  can0  201   [6]  02 00 00 00 00 00
 (1789638318.020794)  can0  201   [6]  02 00 00 00 00 00
 (1789638318.030844)  can0  201   [6]  02 00 00 00 00 00
 (1789638318.040788)  can0  201   [6]  02 00 00 00 00 00
 (1789638318.050794)  can0  201   [6]  02 00 00 00 00 00
 (1789638318.056847)  can0  181   [8]  60 14 60 14 00 00 00 00
 (1789638318.057039)  can0  281   [5]  03 00 00 00 00
 (1789638318.060849)  can0  201   [6]  02 00 00 00 00 00
 (1789638318.070848)  can0  201   [6]  02 00 00 00 00 00
 (1789638318.080865)  can0  201   [6]  02 00 00 00 00 00
 (1789638318.090863)  can0  201   [6]  02 00 00 00 00 00
 (1789638318.100942)  can0  201   [6]  02 00 00 00 00 00
 (1789638318.106858)  can0  181   [8]  60 14 60 14 00 00 00 00
 (1789638318.106989)  can0  281   [5]  03 00 00 00 00
 (1789638318.110898)  can0  201   [6]  02 00 00 00 00 00
 (1789638318.120952)  can0  201   [6]  02 00 00 00 00 00
 (1789638318.130936)  can0  201   [6]  02 00 00 00 00 00
 (1789638318.140983)  can0  201   [6]  02 00 00 00 00 00
 (1789638318.150924)  can0  201   [6]  02 00 00 00 00 00
 (1789638318.156872)  can0  181   [8]  60 14 60 14 00 00 00 00
 (1789638318.157000)  can0  281   [5]  03 00 00 00 00
 (1789638318.161024)  can0  201   [6]  02 00 00 00 00 00
 (1789638318.170929)  can0  201   [6]  02 00 00 00 00 00
 (1789638318.181033)  can0  201   [6]  02 00 00 00 00 00
 (1789638318.190979)  can0  201   [6]  02 00 00 00 00 00
 (1789638318.200901)  can0  201   [6]  02 00 00 00 00 00
 (1789638318.206880)  can0  181   [8]  60 14 60 14 00 00 00 00
 (1789638318.207008)  can0  281   [5]  03 00 00 00 00
 (1789638318.210991)  can0  201   [6]  02 00 00 00 00 00
 (1789638318.220866)  can0  201   [6]  02 00 00 00 00 00
 (1789638318.230926)  can0  201   [6]  02 00 00 00 00 00
 (1789638318.240677)  can0  701   [1]  05
 (1789638318.240860)  can0  201   [6]  02 00 00 00 00 00
 (1789638318.250956)  can0  201   [6]  02 00 00 00 00 00
 (1789638318.256950)  can0  181   [8]  60 14 60 14 00 00 00 00
 (1789638318.257081)  can0  281   [5]  03 00 00 00 00
 (1789638318.260923)  can0  201   [6]  02 00 00 00 00 00
 (1789638318.270918)  can0  201   [6]  02 00 00 00 00 00
 (1789638318.280894)  can0  201   [6]  02 00 00 00 00 00
 (1789638318.290888)  can0  201   [6]  02 00 00 00 00 00
 (1789638318.300908)  can0  201   [6]  02 00 00 00 00 00
 (1789638318.306957)  can0  181   [8]  60 14 60 14 00 00 00 00
 (1789638318.307089)  can0  281   [5]  03 00 00 00 00
 (1789638318.310803)  can0  201   [6]  06 00 00 00 00 00
 (1789638318.320851)  can0  201   [6]  06 00 00 00 00 00
 (1789638318.330756)  can0  201   [6]  06 00 00 00 00 00
 (1789638318.340786)  can0  201   [6]  06 00 00 00 00 00
 (1789638318.350787)  can0  201   [6]  06 00 00 00 00 00
 (1789638318.356963)  can0  181   [8]  21 14 21 14 00 00 00 00
 (1789638318.357098)  can0  281   [5]  03 00 00 00 00
 (1789638318.360785)  can0  201   [6]  07 00 00 00 00 00
 (1789638318.370786)  can0  201   [6]  07 00 00 00 00 00
 (1789638318.380783)  can0  201   [6]  07 00 00 00 00 00
 (1789638318.390783)  can0  201   [6]  07 00 00 00 00 00
 (1789638318.400785)  can0  201   [6]  07 00 00 00 00 00
 (1789638318.406965)  can0  181   [8]  23 14 23 14 00 00 00 00
 (1789638318.407155)  can0  281   [5]  03 00 00 00 00
 (1789638318.410786)  can0  201   [6]  0F 00 00 00 00 00
 (1789638318.420788)  can0  201   [6]  0F 00 00 00 00 00
 (1789638318.430787)  can0  201   [6]  0F 00 00 00 00 00
 (1789638318.440788)  can0  201   [6]  0F 00 00 00 00 00
 (1789638318.450787)  can0  201   [6]  0F 00 00 00 00 00
 (1789638318.456919)  can0  181   [8]  27 14 27 14 00 00 00 00
 (1789638318.457047)  can0  281   [5]  03 00 00 00 00
 (1789638318.460817)  can0  201   [6]  0F 00 00 00 00 00
 (1789638318.470792)  can0  201   [6]  0F 00 00 00 00 00
 (1789638318.480788)  can0  201   [6]  0F 00 00 00 00 00
 (1789638318.490217)  can0  701   [1]  05
 (1789638318.490523)  can0  201   [6]  0F 00 00 00 00 00
 (1789638318.500788)  can0  201   [6]  0F 00 00 00 00 00
 (1789638318.506859)  can0  181   [8]  27 14 27 14 00 00 00 00
 (1789638318.506993)  can0  281   [5]  03 00 00 00 00
 (1789638318.510788)  can0  201   [6]  0F 00 00 00 00 00
 (1789638318.520787)  can0  201   [6]  0F 00 00 00 00 00
 (1789638318.530785)  can0  201   [6]  0F 00 00 00 00 00
 (1789638318.540790)  can0  201   [6]  0F 00 00 00 00 00
 (1789638318.550790)  can0  201   [6]  0F 00 00 00 00 00
 (1789638318.556807)  can0  181   [8]  27 14 27 14 00 00 00 00
 (1789638318.556940)  can0  281   [5]  03 00 00 00 00
 (1789638318.560789)  can0  201   [6]  0F 00 00 00 00 00
 (1789638318.570785)  can0  201   [6]  0F 00 00 00 00 00
 (1789638318.580786)  can0  201   [6]  0F 00 00 00 00 00
 (1789638318.590785)  can0  201   [6]  0F 00 00 00 00 00
 (1789638318.600785)  can0  201   [6]  0F 00 00 00 00 00
 (1789638318.606754)  can0  181   [8]  27 14 27 14 00 00 00 00
 (1789638318.606887)  can0  281   [5]  03 00 00 00 00
 (1789638318.610789)  can0  201   [6]  0F 00 00 00 00 00
 (1789638318.620789)  can0  201   [6]  0F 00 00 00 00 00
 (1789638318.630791)  can0  201   [6]  0F 00 00 00 00 00
 (1789638318.640809)  can0  201   [6]  0F 00 00 00 00 00
 (1789638318.650801)  can0  201   [6]  0F 00 00 00 00 00
 (1789638318.656714)  can0  181   [8]  27 14 27 14 00 00 00 00
 (1789638318.656907)  can0  281   [5]  03 00 00 00 00
 (1789638318.660825)  can0  201   [6]  0F 00 00 00 00 00
 (1789638318.670807)  can0  201   [6]  0F 00 00 00 00 00
 (1789638318.680761)  can0  201   [6]  0F 00 00 00 00 00
 (1789638318.690798)  can0  201   [6]  0F 00 00 00 00 00
 (1789638318.700766)  can0  201   [6]  0F 00 00 00 00 00
 (1789638318.706651)  can0  181   [8]  27 14 27 14 00 00 00 00
 (1789638318.706839)  can0  281   [5]  03 00 00 00 00
 (1789638318.710803)  can0  201   [6]  0F 00 00 00 00 00
 (1789638318.720835)  can0  201   [6]  0F 00 00 00 00 00
 (1789638318.730809)  can0  201   [6]  0F 00 00 00 00 00
 (1789638318.739766)  can0  701   [1]  05
 (1789638318.740088)  can0  201   [6]  0F 00 00 00 00 00
 (1789638318.750837)  can0  201   [6]  0F 00 00 00 00 00
 (1789638318.756598)  can0  181   [8]  27 14 27 14 00 00 00 00
 (1789638318.756787)  can0  281   [5]  03 00 00 00 00
 (1789638318.760820)  can0  201   [6]  0F 00 00 00 00 00
 (1789638318.770807)  can0  201   [6]  0F 00 00 00 00 00
 (1789638318.780808)  can0  201   [6]  0F 00 00 00 00 00
 (1789638318.790809)  can0  201   [6]  0F 00 00 00 00 00
 (1789638318.800801)  can0  201   [6]  0F 00 00 00 00 00
 (1789638318.806543)  can0  181   [8]  27 14 27 14 00 00 00 00
 (1789638318.806734)  can0  281   [5]  03 00 00 00 00
 (1789638318.810804)  can0  201   [6]  0F 00 00 00 00 00
 (1789638318.820796)  can0  201   [6]  0F 00 00 00 00 00
 (1789638318.830791)  can0  201   [6]  0F 00 00 00 00 00
 (1789638318.840797)  can0  201   [6]  0F 00 00 00 00 00
 (1789638318.850791)  can0  201   [6]  0F 00 00 00 00 00
 (1789638318.856490)  can0  181   [8]  27 14 27 14 00 00 00 00
 (1789638318.856680)  can0  281   [5]  03 00 00 00 00
 (1789638318.860789)  can0  201   [6]  0F 00 00 00 00 00
 (1789638318.870791)  can0  201   [6]  0F 00 00 00 00 00
 (1789638318.880787)  can0  201   [6]  0F 00 00 00 00 00
 (1789638318.890788)  can0  201   [6]  0F 00 00 00 00 00
 (1789638318.900785)  can0  201   [6]  0F 00 00 00 00 00
 (1789638318.906437)  can0  181   [8]  27 14 27 14 00 00 00 00
 (1789638318.906628)  can0  281   [5]  03 00 00 00 00
 (1789638318.910788)  can0  201   [6]  0F 00 00 00 00 00
 (1789638318.920786)  can0  201   [6]  0F 00 00 00 00 00
 (1789638318.930784)  can0  201   [6]  0F 00 00 00 00 00
 (1789638318.940783)  can0  201   [6]  0F 00 00 00 00 00
 (1789638318.950786)  can0  201   [6]  0F 00 00 00 00 00
 (1789638318.956384)  can0  181   [8]  27 14 27 14 00 00 00 00
 (1789638318.956575)  can0  281   [5]  03 00 00 00 00
 (1789638318.960789)  can0  201   [6]  0F 00 00 00 00 00
 (1789638318.970785)  can0  201   [6]  0F 00 00 00 00 00
 (1789638318.980785)  can0  201   [6]  0F 00 00 00 00 00
 (1789638318.989258)  can0  701   [1]  05
 (1789638318.990789)  can0  201   [6]  0F 00 00 00 00 00
 (1789638319.000814)  can0  201   [6]  0F 00 00 00 00 00
 (1789638319.006331)  can0  181   [8]  27 14 27 14 00 00 00 00
 (1789638319.006521)  can0  281   [5]  03 00 00 00 00
 (1789638319.010733)  can0  201   [6]  0F 00 00 00 00 00
 (1789638319.020784)  can0  201   [6]  0F 00 00 00 00 00
 (1789638319.030787)  can0  201   [6]  0F 00 00 00 00 00
 (1789638319.040783)  can0  201   [6]  0F 00 00 00 00 00
 (1789638319.050786)  can0  201   [6]  0F 00 00 00 00 00
 (1789638319.056278)  can0  181   [8]  27 14 27 14 00 00 00 00
 (1789638319.056468)  can0  281   [5]  03 00 00 00 00
 (1789638319.060786)  can0  201   [6]  0F 00 00 00 00 00
 (1789638319.070789)  can0  201   [6]  0F 00 00 00 00 00
 (1789638319.080787)  can0  201   [6]  0F 00 00 00 00 00
 (1789638319.090785)  can0  201   [6]  0F 00 00 00 00 00
 (1789638319.100786)  can0  201   [6]  0F 00 00 00 00 00
 (1789638319.106223)  can0  181   [8]  27 14 27 14 00 00 00 00
 (1789638319.106416)  can0  281   [5]  03 00 00 00 00
 (1789638319.110786)  can0  201   [6]  0F 00 00 00 00 00
 (1789638319.120787)  can0  201   [6]  0F 00 00 00 00 00
 (1789638319.130784)  can0  201   [6]  0F 00 00 00 00 00
 (1789638319.140787)  can0  201   [6]  0F 00 00 00 00 00
 (1789638319.150785)  can0  201   [6]  0F 00 00 00 00 00
 (1789638319.156172)  can0  181   [8]  27 14 27 14 00 00 00 00
 (1789638319.156362)  can0  281   [5]  03 00 00 00 00
 (1789638319.160791)  can0  201   [6]  0F 00 00 00 00 00
 (1789638319.170786)  can0  201   [6]  0F 00 00 00 00 00
 (1789638319.180806)  can0  201   [6]  0F 00 00 00 00 00
 (1789638319.190799)  can0  201   [6]  0F 00 00 00 00 00
 (1789638319.200810)  can0  201   [6]  0F 00 00 00 00 00
 (1789638319.206118)  can0  181   [8]  27 14 27 14 00 00 00 00
 (1789638319.206309)  can0  281   [5]  03 00 00 00 00
 (1789638319.210797)  can0  201   [6]  0F 00 00 00 00 00
 (1789638319.220800)  can0  201   [6]  0F 00 00 00 00 00
 (1789638319.230791)  can0  201   [6]  0F 00 00 00 00 00
 (1789638319.238804)  can0  701   [1]  05
 (1789638319.240846)  can0  201   [6]  0F 00 00 00 00 00
 (1789638319.250794)  can0  201   [6]  0F 00 00 00 00 00
 (1789638319.256073)  can0  181   [8]  27 14 27 14 00 00 00 00
 (1789638319.256200)  can0  281   [5]  03 00 00 00 00
 (1789638319.260852)  can0  201   [6]  0F 00 00 00 00 00
 (1789638319.270809)  can0  201   [6]  0F 00 00 00 00 00
 (1789638319.280802)  can0  201   [6]  0F 00 00 00 00 00
 (1789638319.290809)  can0  201   [6]  0F 00 00 00 00 00
 (1789638319.300816)  can0  201   [6]  0F 00 00 00 00 00
 (1789638319.306015)  can0  181   [8]  27 14 27 14 00 00 00 00
 (1789638319.306205)  can0  281   [5]  03 00 00 00 00
 (1789638319.310797)  can0  201   [6]  0F 00 00 00 00 00
 (1789638319.320734)  can0  201   [6]  0F 00 00 00 00 00
 (1789638319.330810)  can0  201   [6]  0F 00 00 00 00 00
 (1789638319.340738)  can0  201   [6]  0F 00 00 00 00 00
 (1789638319.350799)  can0  201   [6]  0F 00 00 00 00 00
 (1789638319.355960)  can0  181   [8]  27 14 27 14 00 00 00 00
 (1789638319.356151)  can0  281   [5]  03 00 00 00 00
 (1789638319.360795)  can0  201   [6]  0F 00 00 00 00 00
 (1789638319.370793)  can0  201   [6]  0F 00 00 00 00 00
 (1789638319.380796)  can0  201   [6]  0F 00 00 00 00 00
 (1789638319.390788)  can0  201   [6]  0F 00 00 00 00 00
 (1789638319.400788)  can0  201   [6]  0F 00 00 00 00 00
 (1789638319.405910)  can0  181   [8]  27 14 27 14 00 00 00 00
 (1789638319.406100)  can0  281   [5]  03 00 00 00 00
 (1789638319.410787)  can0  201   [6]  0F 00 00 00 00 00
 (1789638319.420788)  can0  201   [6]  0F 00 00 00 00 00
 (1789638319.430785)  can0  201   [6]  0F 00 00 00 00 00
 (1789638319.440785)  can0  201   [6]  0F 00 00 00 00 00
 (1789638319.450784)  can0  201   [6]  0F 00 00 00 00 00
 (1789638319.455854)  can0  181   [8]  27 14 27 14 00 00 00 00
 (1789638319.456046)  can0  281   [5]  03 00 00 00 00
 (1789638319.460785)  can0  201   [6]  0F 00 00 00 00 00
 (1789638319.470785)  can0  201   [6]  0F 00 00 00 00 00
 (1789638319.480788)  can0  201   [6]  0F 00 00 00 00 00
 (1789638319.488346)  can0  701   [1]  05
 (1789638319.490788)  can0  201   [6]  0F 00 00 00 00 00
 (1789638319.500785)  can0  201   [6]  0F 00 00 00 00 00
 (1789638319.505803)  can0  181   [8]  27 14 27 14 00 00 00 00
 (1789638319.505993)  can0  281   [5]  03 00 00 00 00
 (1789638319.510787)  can0  201   [6]  0F 00 00 00 00 00
 (1789638319.520788)  can0  201   [6]  0F 00 00 00 00 00
 (1789638319.530786)  can0  201   [6]  0F 00 00 00 00 00
 (1789638319.540813)  can0  201   [6]  0F 00 00 00 00 00
 (1789638319.550792)  can0  201   [6]  0F 00 00 00 00 00
 (1789638319.555749)  can0  181   [8]  27 14 27 14 00 00 00 00
 (1789638319.555938)  can0  281   [5]  03 00 00 00 00
 (1789638319.560789)  can0  201   [6]  0F 00 00 00 00 00
 (1789638319.570786)  can0  201   [6]  0F 00 00 00 00 00
 (1789638319.580787)  can0  201   [6]  0F 00 00 00 00 00
 (1789638319.590787)  can0  201   [6]  0F 00 00 00 00 00
 (1789638319.600784)  can0  201   [6]  0F 00 00 00 00 00
 (1789638319.605697)  can0  181   [8]  27 14 27 14 00 00 00 00
 (1789638319.605889)  can0  281   [5]  03 00 00 00 00
 (1789638319.610786)  can0  201   [6]  0F 00 00 00 00 00
 (1789638319.620785)  can0  201   [6]  0F 00 00 00 00 00
 (1789638319.630788)  can0  201   [6]  0F 00 00 00 00 00
 (1789638319.640784)  can0  201   [6]  0F 00 00 00 00 00
 (1789638319.650784)  can0  201   [6]  0F 00 00 00 00 00
 (1789638319.655643)  can0  181   [8]  27 14 27 14 00 00 00 00
 (1789638319.655834)  can0  281   [5]  03 00 00 00 00
 (1789638319.660786)  can0  201   [6]  0F 00 00 00 00 00
 (1789638319.670785)  can0  201   [6]  0F 00 00 00 00 00
 (1789638319.680786)  can0  201   [6]  0F 00 00 00 00 00
 (1789638319.690787)  can0  201   [6]  0F 00 00 00 00 00
 (1789638319.700791)  can0  201   [6]  0F 00 00 00 00 00
 (1789638319.705592)  can0  181   [8]  27 14 27 14 00 00 00 00
 (1789638319.705783)  can0  281   [5]  03 00 00 00 00
 (1789638319.710734)  can0  201   [6]  0F 00 00 00 00 00
 (1789638319.720827)  can0  201   [6]  0F 00 00 00 00 00
 (1789638319.730742)  can0  201   [6]  0F 00 00 00 00 00
 (1789638319.737841)  can0  701   [1]  05
 (1789638319.740794)  can0  201   [6]  0F 00 00 00 00 00
 (1789638319.750793)  can0  201   [6]  0F 00 00 00 00 00
 (1789638319.755542)  can0  181   [8]  27 14 27 14 00 00 00 00
 (1789638319.755728)  can0  281   [5]  03 00 00 00 00
 (1789638319.760791)  can0  201   [6]  0F 00 00 00 00 00
 (1789638319.770800)  can0  201   [6]  0F 00 00 00 00 00
 (1789638319.780788)  can0  201   [6]  0F 00 00 00 00 00
 (1789638319.790786)  can0  201   [6]  0F 00 00 00 00 00
 (1789638319.800786)  can0  201   [6]  0F 00 00 00 00 00
 (1789638319.805484)  can0  181   [8]  27 14 27 14 00 00 00 00
 (1789638319.805677)  can0  281   [5]  03 00 00 00 00
 (1789638319.810786)  can0  201   [6]  0F 00 00 00 00 00
 (1789638319.820787)  can0  201   [6]  0F 00 00 00 00 00
 (1789638319.830786)  can0  201   [6]  0F 00 00 00 00 00
 (1789638319.840787)  can0  201   [6]  0F 00 00 00 00 00
 (1789638319.850786)  can0  201   [6]  0F 00 00 00 00 00
 (1789638319.855432)  can0  181   [8]  27 14 27 14 00 00 00 00
 (1789638319.855621)  can0  281   [5]  03 00 00 00 00
 (1789638319.860788)  can0  201   [6]  0F 00 00 00 00 00
 (1789638319.870786)  can0  201   [6]  0F 00 00 00 00 00
 (1789638319.880785)  can0  201   [6]  0F 00 00 00 00 00
 (1789638319.890789)  can0  201   [6]  0F 00 00 00 00 00
 (1789638319.900785)  can0  201   [6]  0F 00 00 00 00 00
 (1789638319.905377)  can0  181   [8]  27 14 27 14 00 00 00 00
 (1789638319.905569)  can0  281   [5]  03 00 00 00 00
 (1789638319.910787)  can0  201   [6]  0F 00 00 00 00 00
 (1789638319.920785)  can0  201   [6]  0F 00 00 00 00 00
 (1789638319.930809)  can0  201   [6]  0F 00 00 00 00 00
 (1789638319.940795)  can0  201   [6]  0F 00 00 00 00 00
 (1789638319.950786)  can0  201   [6]  0F 00 00 00 00 00
 (1789638319.955328)  can0  181   [8]  27 14 27 14 00 00 00 00
 (1789638319.955516)  can0  281   [5]  03 00 00 00 00
 (1789638319.960735)  can0  201   [6]  0F 00 00 00 00 00
 (1789638319.970784)  can0  201   [6]  0F 00 00 00 00 00
 (1789638319.980789)  can0  201   [6]  0F 00 00 00 00 00
 (1789638319.987383)  can0  701   [1]  05
 (1789638319.990788)  can0  201   [6]  0F 00 00 00 00 00
 (1789638320.000785)  can0  201   [6]  0F 00 00 00 00 00
 (1789638320.005272)  can0  181   [8]  27 14 27 14 00 00 00 00
 (1789638320.005463)  can0  281   [5]  03 00 00 00 00
 (1789638320.010786)  can0  201   [6]  0F 00 00 00 00 00
 (1789638320.020784)  can0  201   [6]  0F 00 00 00 00 00
 (1789638320.030787)  can0  201   [6]  0F 00 00 00 00 00
 (1789638320.040786)  can0  201   [6]  0F 00 00 00 00 00
 (1789638320.050790)  can0  201   [6]  0F 00 00 00 00 00
 (1789638320.055219)  can0  181   [8]  27 14 27 14 00 00 00 00
 (1789638320.055411)  can0  281   [5]  03 00 00 00 00
 (1789638320.060786)  can0  201   [6]  0F 00 00 00 00 00
 (1789638320.070785)  can0  201   [6]  0F 00 00 00 00 00
 (1789638320.080731)  can0  201   [6]  0F 00 00 00 00 00
 (1789638320.090789)  can0  201   [6]  0F 00 00 00 00 00
 (1789638320.100734)  can0  201   [6]  0F 00 00 00 00 00
 (1789638320.105169)  can0  181   [8]  27 14 27 14 00 00 00 00
 (1789638320.105358)  can0  281   [5]  03 00 00 00 00
 (1789638320.110807)  can0  201   [6]  0F 00 00 00 00 00
 (1789638320.120798)  can0  201   [6]  0F 00 00 00 00 00
 (1789638320.130792)  can0  201   [6]  0F 00 00 00 00 00
 (1789638320.140789)  can0  201   [6]  0F 00 00 00 00 00
 (1789638320.150797)  can0  201   [6]  0F 00 00 00 00 00
 (1789638320.155115)  can0  181   [8]  27 14 27 14 00 00 00 00
 (1789638320.155306)  can0  281   [5]  03 00 00 00 00
 (1789638320.160796)  can0  201   [6]  0F 00 00 00 00 00
 (1789638320.170788)  can0  201   [6]  0F 00 00 00 00 00
 (1789638320.180786)  can0  201   [6]  0F 00 00 00 00 00
 (1789638320.190787)  can0  201   [6]  0F 00 00 00 00 00
 (1789638320.200786)  can0  201   [6]  0F 00 00 00 00 00
 (1789638320.205061)  can0  181   [8]  27 14 27 14 00 00 00 00
 (1789638320.205252)  can0  281   [5]  03 00 00 00 00
 (1789638320.210785)  can0  201   [6]  0F 00 00 00 00 00
 (1789638320.220786)  can0  201   [6]  0F 00 00 00 00 00
 (1789638320.230786)  can0  201   [6]  0F 00 00 00 00 00
 (1789638320.236930)  can0  701   [1]  05
 (1789638320.240788)  can0  201   [6]  0F 00 00 00 00 00
 (1789638320.250786)  can0  201   [6]  0F 00 00 00 00 00
 (1789638320.255008)  can0  181   [8]  27 14 27 14 00 00 00 00
 (1789638320.255199)  can0  281   [5]  03 00 00 00 00
 (1789638320.260788)  can0  201   [6]  0F 00 00 00 00 00
 (1789638320.270786)  can0  201   [6]  0F 00 00 00 00 00
 (1789638320.280783)  can0  201   [6]  0F 00 00 00 00 00
 (1789638320.290786)  can0  201   [6]  0F 00 00 00 00 00
 (1789638320.300787)  can0  201   [6]  0F 00 00 00 00 00
 (1789638320.304957)  can0  181   [8]  27 14 27 14 00 00 00 00
 (1789638320.305148)  can0  281   [5]  03 00 00 00 00
 (1789638320.310788)  can0  201   [6]  0F 00 00 00 00 00
 (1789638320.320811)  can0  201   [6]  0F 00 00 00 00 00
 (1789638320.330792)  can0  201   [6]  0F 00 00 00 00 00
 (1789638320.340786)  can0  201   [6]  0F 00 00 00 00 00
 (1789638320.350783)  can0  201   [6]  0F 00 00 00 00 00
 (1789638320.354903)  can0  181   [8]  27 14 27 14 00 00 00 00
 (1789638320.355094)  can0  281   [5]  03 00 00 00 00
 (1789638320.360786)  can0  201   [6]  0F 00 00 00 00 00
 (1789638320.370732)  can0  201   [6]  0F 00 00 00 00 00
 (1789638320.380786)  can0  201   [6]  0F 00 00 00 00 00
 (1789638320.390786)  can0  201   [6]  0F 00 00 00 00 00
 (1789638320.400787)  can0  201   [6]  0F 00 00 00 00 00
 (1789638320.404852)  can0  181   [8]  27 14 27 14 00 00 00 00
 (1789638320.405042)  can0  281   [5]  03 00 00 00 00
 (1789638320.410786)  can0  201   [6]  0F 00 00 00 00 00
 (1789638320.420786)  can0  201   [6]  0F 00 00 00 00 00
 (1789638320.430787)  can0  201   [6]  0F 00 00 00 00 00
 (1789638320.440784)  can0  201   [6]  0F 00 00 00 00 00
 (1789638320.450731)  can0  201   [6]  0F 00 00 00 00 00
 (1789638320.454797)  can0  181   [8]  27 14 27 14 00 00 00 00
 (1789638320.454989)  can0  281   [5]  03 00 00 00 00
 (1789638320.460787)  can0  201   [6]  0F 00 00 00 00 00
 (1789638320.470731)  can0  201   [6]  0F 00 00 00 00 00
 (1789638320.480794)  can0  201   [6]  0F 00 00 00 00 00
 (1789638320.486419)  can0  701   [1]  05
 (1789638320.490788)  can0  201   [6]  0F 00 00 00 00 00
 (1789638320.500810)  can0  201   [6]  0F 00 00 00 00 00
 (1789638320.504740)  can0  181   [8]  27 14 27 14 00 00 00 00
 (1789638320.504936)  can0  281   [5]  03 00 00 00 00
 (1789638320.510794)  can0  201   [6]  0F 00 00 00 00 00
 (1789638320.520810)  can0  201   [6]  0F 00 00 00 00 00
 (1789638320.530795)  can0  201   [6]  0F 00 00 00 00 00
 (1789638320.540813)  can0  201   [6]  0F 00 00 00 00 00
 (1789638320.550791)  can0  201   [6]  0F 00 00 00 00 00
 (1789638320.554642)  can0  181   [8]  27 14 27 14 00 00 00 00
 (1789638320.554881)  can0  281   [5]  03 00 00 00 00
 (1789638320.560835)  can0  201   [6]  0F 00 00 00 00 00
 (1789638320.570794)  can0  201   [6]  0F 00 00 00 00 00
 (1789638320.580864)  can0  201   [6]  0F 00 00 00 00 00
 (1789638320.590813)  can0  201   [6]  0F 00 00 00 00 00
 (1789638320.600797)  can0  201   [6]  0F 00 00 00 00 00
 (1789638320.604650)  can0  181   [8]  27 14 27 14 00 00 00 00
 (1789638320.604829)  can0  281   [5]  03 00 00 00 00
 (1789638320.610819)  can0  201   [6]  0F 00 00 00 00 00
 (1789638320.620802)  can0  201   [6]  0F 00 00 00 00 00
 (1789638320.630793)  can0  201   [6]  0F 00 00 00 00 00
 (1789638320.640808)  can0  201   [6]  0F 00 00 00 00 00
 (1789638320.650798)  can0  201   [6]  0F 00 00 00 00 00
 (1789638320.654585)  can0  181   [8]  27 14 27 14 00 00 00 00
 (1789638320.654775)  can0  281   [5]  03 00 00 00 00
 (1789638320.660808)  can0  201   [6]  0F 00 00 00 00 00
 (1789638320.670794)  can0  201   [6]  0F 00 00 00 00 00
 (1789638320.680808)  can0  201   [6]  0F 00 00 00 00 00
 (1789638320.690790)  can0  201   [6]  0F 00 00 00 00 00
 (1789638320.700737)  can0  201   [6]  0F 00 00 00 00 00
 (1789638320.704534)  can0  181   [8]  27 14 27 14 00 00 00 00
 (1789638320.704721)  can0  281   [5]  03 00 00 00 00
 (1789638320.710791)  can0  201   [6]  0F 00 00 00 00 00
 (1789638320.720729)  can0  201   [6]  0F 00 00 00 00 00
 (1789638320.730787)  can0  201   [6]  0F 00 00 00 00 00
 (1789638320.735965)  can0  701   [1]  05
 (1789638320.740785)  can0  201   [6]  0F 00 00 00 00 00
 (1789638320.750787)  can0  201   [6]  0F 00 00 00 00 00
 (1789638320.754481)  can0  181   [8]  27 14 27 14 00 00 00 00
 (1789638320.754614)  can0  281   [5]  03 00 00 00 00
 (1789638320.760786)  can0  201   [6]  0F 00 00 00 00 00
 (1789638320.770784)  can0  201   [6]  0F 00 00 00 00 00
 (1789638320.780786)  can0  201   [6]  0F 00 00 00 00 00
 (1789638320.790789)  can0  201   [6]  0F 00 00 00 00 00
 (1789638320.800787)  can0  201   [6]  0F 00 00 00 00 00
 (1789638320.804424)  can0  181   [8]  27 14 27 14 00 00 00 00
 (1789638320.804560)  can0  281   [5]  03 00 00 00 00
 (1789638320.810786)  can0  201   [6]  0F 00 00 00 00 00
 (1789638320.820790)  can0  201   [6]  0F 00 00 00 00 00
 (1789638320.830786)  can0  201   [6]  0F 00 00 00 00 00
 (1789638320.840784)  can0  201   [6]  0F 00 00 00 00 00
 (1789638320.850784)  can0  201   [6]  0F 00 00 00 00 00
 (1789638320.854434)  can0  181   [8]  27 14 27 14 00 00 00 00
 (1789638320.854507)  can0  281   [5]  03 00 00 00 00
 (1789638320.860803)  can0  201   [6]  0F 00 00 00 00 00
 (1789638320.870791)  can0  201   [6]  0F 00 00 00 00 00
 (1789638320.880788)  can0  201   [6]  0F 00 00 00 00 00
 (1789638320.890789)  can0  201   [6]  0F 00 00 00 00 00
 (1789638320.900788)  can0  201   [6]  0F 00 00 00 00 00
 (1789638320.904320)  can0  181   [8]  27 14 27 14 00 00 00 00
 (1789638320.904454)  can0  281   [5]  03 00 00 00 00
 (1789638320.910788)  can0  201   [6]  0F 00 00 00 00 00
 (1789638320.920788)  can0  201   [6]  0F 00 00 00 00 00
 (1789638320.930786)  can0  201   [6]  0F 00 00 00 00 00
 (1789638320.940786)  can0  201   [6]  0F 00 00 00 00 00
 (1789638320.950784)  can0  201   [6]  0F 00 00 00 00 00
 (1789638320.954268)  can0  181   [8]  27 14 27 14 00 00 00 00
 (1789638320.954402)  can0  281   [5]  03 00 00 00 00
 (1789638320.960787)  can0  201   [6]  0F 00 00 00 00 00
 (1789638320.970788)  can0  201   [6]  0F 00 00 00 03 00
 (1789638320.980783)  can0  201   [6]  0F 00 00 00 03 00
 (1789638320.985511)  can0  701   [1]  05
 (1789638320.990789)  can0  201   [6]  0F 00 00 00 03 00
 (1789638321.000786)  can0  201   [6]  0F 00 00 00 03 00
 (1789638321.004212)  can0  181   [8]  27 14 27 44 00 00 04 00
 (1789638321.004404)  can0  281   [5]  03 00 00 00 00
 (1789638321.010788)  can0  201   [6]  0F 00 00 00 04 00
 (1789638321.020789)  can0  201   [6]  0F 00 00 00 04 00
 (1789638321.030791)  can0  201   [6]  0F 00 00 00 04 00
 (1789638321.040805)  can0  201   [6]  0F 00 00 00 04 00
 (1789638321.050794)  can0  201   [6]  0F 00 00 00 04 00
 (1789638321.054160)  can0  181   [8]  27 14 27 44 00 00 21 00
 (1789638321.054294)  can0  281   [5]  03 00 00 00 00
 (1789638321.060817)  can0  201   [6]  0F 00 00 00 04 00
 (1789638321.070745)  can0  201   [6]  0F 00 00 00 05 00
 (1789638321.080816)  can0  201   [6]  0F 00 00 00 05 00
 (1789638321.090737)  can0  201   [6]  0F 00 00 00 05 00
 (1789638321.100825)  can0  201   [6]  0F 00 00 00 05 00
 (1789638321.104109)  can0  181   [8]  27 14 27 44 00 00 2C 00
 (1789638321.104240)  can0  281   [5]  03 00 00 00 00
 (1789638321.110795)  can0  201   [6]  0F 00 00 00 05 00
 (1789638321.120863)  can0  201   [6]  0F 00 00 00 05 00
 (1789638321.130810)  can0  201   [6]  0F 00 00 00 05 00
 (1789638321.140799)  can0  201   [6]  0F 00 00 00 05 00
 (1789638321.150816)  can0  201   [6]  0F 00 00 00 05 00
 (1789638321.153998)  can0  181   [8]  27 14 27 44 00 00 31 00
 (1789638321.154185)  can0  281   [5]  03 00 00 00 00
 (1789638321.160797)  can0  201   [6]  0F 00 00 00 05 00
 (1789638321.170793)  can0  201   [6]  0F 00 00 00 05 00
 (1789638321.180802)  can0  201   [6]  0F 00 00 00 05 00
 (1789638321.190801)  can0  201   [6]  0F 00 00 00 05 00
 (1789638321.200796)  can0  201   [6]  0F 00 00 00 05 00
 (1789638321.203998)  can0  181   [8]  27 14 27 44 00 00 2D 00
 (1789638321.204132)  can0  281   [5]  03 00 00 00 00
 (1789638321.210796)  can0  201   [6]  0F 00 00 00 05 00
 (1789638321.220803)  can0  201   [6]  0F 00 00 00 05 00
 (1789638321.230790)  can0  201   [6]  0F 00 00 00 05 00
 (1789638321.235000)  can0  701   [1]  05
 (1789638321.240806)  can0  201   [6]  0F 00 00 00 05 00
 (1789638321.250788)  can0  201   [6]  0F 00 00 00 05 00
 (1789638321.253950)  can0  181   [8]  27 14 27 44 00 00 34 00
 (1789638321.254082)  can0  281   [5]  03 00 00 00 00
 (1789638321.260786)  can0  201   [6]  0F 00 00 00 05 00
 (1789638321.270787)  can0  201   [6]  0F 00 00 00 05 00
 (1789638321.280783)  can0  201   [6]  0F 00 00 00 05 00
 (1789638321.290787)  can0  201   [6]  0F 00 00 00 05 00
 (1789638321.300784)  can0  201   [6]  0F 00 00 00 05 00
 (1789638321.303893)  can0  181   [8]  27 14 27 44 00 00 2D 00
 (1789638321.304028)  can0  281   [5]  03 00 00 00 00
 (1789638321.310786)  can0  201   [6]  0F 00 00 00 05 00
 (1789638321.320788)  can0  201   [6]  0F 00 00 00 05 00
 (1789638321.330789)  can0  201   [6]  0F 00 00 00 05 00
 (1789638321.340790)  can0  201   [6]  0F 00 00 00 05 00
 (1789638321.350783)  can0  201   [6]  0F 00 00 00 05 00
 (1789638321.353841)  can0  181   [8]  27 14 27 44 00 00 2F 00
 (1789638321.353976)  can0  281   [5]  03 00 00 00 00
 (1789638321.360787)  can0  201   [6]  0F 00 00 00 05 00
 (1789638321.370785)  can0  201   [6]  0F 00 00 00 05 00
 (1789638321.380784)  can0  201   [6]  0F 00 00 00 05 00
 (1789638321.390786)  can0  201   [6]  0F 00 00 00 05 00
 (1789638321.400750)  can0  201   [6]  0F 00 00 00 05 00
 (1789638321.403789)  can0  181   [8]  27 14 27 44 00 00 32 00
 (1789638321.403922)  can0  281   [5]  03 00 00 00 00
 (1789638321.410790)  can0  201   [6]  0F 00 00 00 05 00
 (1789638321.420785)  can0  201   [6]  0F 00 00 00 05 00
 (1789638321.430793)  can0  201   [6]  0F 00 00 00 05 00
 (1789638321.440791)  can0  201   [6]  0F 00 00 00 05 00
 (1789638321.450786)  can0  201   [6]  0F 00 00 00 05 00
 (1789638321.453739)  can0  181   [8]  27 14 27 44 00 00 34 00
 (1789638321.453871)  can0  281   [5]  03 00 00 00 00
 (1789638321.460786)  can0  201   [6]  0F 00 00 00 05 00
 (1789638321.470784)  can0  201   [6]  0F 00 00 00 05 00
 (1789638321.480787)  can0  201   [6]  0F 00 00 00 05 00
 (1789638321.484549)  can0  701   [1]  05
 (1789638321.490787)  can0  201   [6]  0F 00 00 00 05 00
 (1789638321.500785)  can0  201   [6]  0F 00 00 00 05 00
 (1789638321.503680)  can0  181   [8]  27 14 27 44 00 00 31 00
 (1789638321.503815)  can0  281   [5]  03 00 00 00 00
 (1789638321.510785)  can0  201   [6]  0F 00 00 00 05 00
 (1789638321.520790)  can0  201   [6]  0F 00 00 00 05 00
 (1789638321.530785)  can0  201   [6]  0F 00 00 00 05 00
 (1789638321.540784)  can0  201   [6]  0F 00 00 00 05 00
 (1789638321.550790)  can0  201   [6]  0F 00 00 00 05 00
 (1789638321.553632)  can0  181   [8]  27 14 27 44 00 00 35 00
 (1789638321.553765)  can0  281   [5]  03 00 00 00 00
 (1789638321.560789)  can0  201   [6]  0F 00 00 00 05 00
 (1789638321.570789)  can0  201   [6]  0F 00 00 00 05 00
 (1789638321.580804)  can0  201   [6]  0F 00 00 00 05 00
 (1789638321.590792)  can0  201   [6]  0F 00 00 00 05 00
 (1789638321.600805)  can0  201   [6]  0F 00 00 00 05 00
 (1789638321.603579)  can0  181   [8]  27 14 27 44 00 00 2B 00
 (1789638321.603712)  can0  281   [5]  03 00 00 00 00
 (1789638321.610799)  can0  201   [6]  0F 00 00 00 05 00
 (1789638321.620815)  can0  201   [6]  0F 00 00 00 05 00
 (1789638321.630799)  can0  201   [6]  0F 00 00 00 05 00
 (1789638321.640829)  can0  201   [6]  0F 00 00 00 05 00
 (1789638321.650806)  can0  201   [6]  0F 00 00 00 05 00
 (1789638321.653524)  can0  181   [8]  27 14 27 44 00 00 33 00
 (1789638321.653657)  can0  281   [5]  03 00 00 00 00
 (1789638321.660859)  can0  201   [6]  0F 00 00 00 05 00
 (1789638321.670811)  can0  201   [6]  0F 00 00 00 05 00
 (1789638321.680792)  can0  201   [6]  0F 00 00 00 05 00
 (1789638321.690809)  can0  201   [6]  0F 00 00 00 05 00
 (1789638321.700795)  can0  201   [6]  0F 00 00 00 05 00
 (1789638321.703471)  can0  181   [8]  27 14 27 44 00 00 31 00
 (1789638321.703604)  can0  281   [5]  03 00 00 00 00
 (1789638321.710809)  can0  201   [6]  0F 00 00 00 05 00
 (1789638321.720795)  can0  201   [6]  0F 00 00 00 05 00
 (1789638321.730762)  can0  201   [6]  0F 00 00 00 05 00
 (1789638321.734098)  can0  701   [1]  05
 (1789638321.740799)  can0  201   [6]  0F 00 00 00 05 00
 (1789638321.750738)  can0  201   [6]  0F 00 00 00 05 00
 (1789638321.753422)  can0  181   [8]  27 14 27 44 00 00 2E 00
 (1789638321.753553)  can0  281   [5]  03 00 00 00 00
 (1789638321.760804)  can0  201   [6]  0F 00 00 00 05 00
 (1789638321.770790)  can0  201   [6]  0F 00 00 00 05 00
 (1789638321.780800)  can0  201   [6]  0F 00 00 00 05 00
 (1789638321.790786)  can0  201   [6]  0F 00 00 00 05 00
 (1789638321.800788)  can0  201   [6]  0F 00 00 00 05 00
 (1789638321.803368)  can0  181   [8]  27 14 27 44 00 00 31 00
 (1789638321.803557)  can0  281   [5]  03 00 00 00 00
 (1789638321.810785)  can0  201   [6]  0F 00 00 00 05 00
 (1789638321.820785)  can0  201   [6]  0F 00 00 00 05 00
 (1789638321.830786)  can0  201   [6]  0F 00 00 00 05 00
 (1789638321.840786)  can0  201   [6]  0F 00 00 00 05 00
 (1789638321.850787)  can0  201   [6]  0F 00 00 00 05 00
 (1789638321.853313)  can0  181   [8]  27 14 27 44 00 00 34 00
 (1789638321.853448)  can0  281   [5]  03 00 00 00 00
 (1789638321.860786)  can0  201   [6]  0F 00 00 00 05 00
 (1789638321.870789)  can0  201   [6]  0F 00 00 00 05 00
 (1789638321.880787)  can0  201   [6]  0F 00 00 00 05 00
 (1789638321.890784)  can0  201   [6]  0F 00 00 00 05 00
 (1789638321.900787)  can0  201   [6]  0F 00 00 00 05 00
 (1789638321.903255)  can0  181   [8]  27 14 27 44 00 00 31 00
 (1789638321.903449)  can0  281   [5]  03 00 00 00 00
 (1789638321.910786)  can0  201   [6]  0F 00 00 00 05 00
 (1789638321.920786)  can0  201   [6]  0F 00 00 00 05 00
 (1789638321.930785)  can0  201   [6]  0F 00 00 00 05 00
 (1789638321.940817)  can0  201   [6]  0F 00 00 00 05 00
 (1789638321.950783)  can0  201   [6]  0F 00 00 00 05 00
 (1789638321.953208)  can0  181   [8]  27 14 27 44 00 00 35 00
 (1789638321.953399)  can0  281   [5]  03 00 00 00 00
 (1789638321.960790)  can0  201   [6]  0F 00 00 00 05 00
 (1789638321.970789)  can0  201   [6]  0F 00 00 00 05 00
 (1789638321.980786)  can0  201   [6]  0F 00 00 00 05 00
 (1789638321.983584)  can0  701   [1]  05
 (1789638321.990787)  can0  201   [6]  0F 00 00 00 05 00
 (1789638322.000785)  can0  201   [6]  0F 00 00 00 05 00
 (1789638322.003151)  can0  181   [8]  27 14 27 44 00 00 2D 00
 (1789638322.003344)  can0  281   [5]  03 00 00 00 00
 (1789638322.010786)  can0  201   [6]  0F 00 00 00 05 00
 (1789638322.020785)  can0  201   [6]  0F 00 00 00 05 00
 (1789638322.030785)  can0  201   [6]  0F 00 00 00 05 00
 (1789638322.040785)  can0  201   [6]  0F 00 00 00 05 00
 (1789638322.050785)  can0  201   [6]  0F 00 00 00 05 00
 (1789638322.053098)  can0  181   [8]  27 14 27 44 00 00 33 00
 (1789638322.053289)  can0  281   [5]  03 00 00 00 00
 (1789638322.060787)  can0  201   [6]  0F 00 00 00 05 00
 (1789638322.070786)  can0  201   [6]  0F 00 00 00 05 00
 (1789638322.080787)  can0  201   [6]  0F 00 00 00 05 00
 (1789638322.090787)  can0  201   [6]  0F 00 00 00 05 00
 (1789638322.100790)  can0  201   [6]  0F 00 00 00 05 00
 (1789638322.103048)  can0  181   [8]  27 14 27 44 00 00 32 00
 (1789638322.103239)  can0  281   [5]  03 00 00 00 00
 (1789638322.110790)  can0  201   [6]  0F 00 00 00 05 00
 (1789638322.120751)  can0  201   [6]  0F 00 00 00 05 00
 (1789638322.130796)  can0  201   [6]  0F 00 00 00 05 00
 (1789638322.140749)  can0  201   [6]  0F 00 00 00 05 00
 (1789638322.150801)  can0  201   [6]  0F 00 00 00 05 00
 (1789638322.152995)  can0  181   [8]  27 14 27 44 00 00 2D 00
 (1789638322.153184)  can0  281   [5]  03 00 00 00 00
 (1789638322.160808)  can0  201   [6]  0F 00 00 00 05 00
 (1789638322.170802)  can0  201   [6]  0F 00 00 00 05 00
 (1789638322.180869)  can0  201   [6]  0F 00 00 00 05 00
 (1789638322.190803)  can0  201   [6]  0F 00 00 00 05 00
 (1789638322.200852)  can0  201   [6]  0F 00 00 00 05 00
 (1789638322.202948)  can0  181   [8]  27 14 27 44 00 00 31 00
 (1789638322.203075)  can0  281   [5]  03 00 00 00 00
 (1789638322.210810)  can0  201   [6]  0F 00 00 00 05 00
 (1789638322.220796)  can0  201   [6]  0F 00 00 00 05 00
 (1789638322.230813)  can0  201   [6]  0F 00 00 00 05 00
 (1789638322.233133)  can0  701   [1]  05
 (1789638322.240799)  can0  201   [6]  0F 00 00 00 05 00
 (1789638322.250800)  can0  201   [6]  0F 00 00 00 05 00
 (1789638322.252891)  can0  181   [8]  27 14 27 44 00 00 34 00
 (1789638322.253080)  can0  281   [5]  03 00 00 00 00
 (1789638322.260790)  can0  201   [6]  0F 00 00 00 05 00
 (1789638322.270814)  can0  201   [6]  0F 00 00 00 05 00
 (1789638322.280809)  can0  201   [6]  0F 00 00 00 05 00
 (1789638322.290800)  can0  201   [6]  0F 00 00 00 05 00
 (1789638322.300791)  can0  201   [6]  0F 00 00 00 05 00
 (1789638322.302840)  can0  181   [8]  27 14 27 44 00 00 30 00
 (1789638322.303029)  can0  281   [5]  03 00 00 00 00
 (1789638322.310795)  can0  201   [6]  0F 00 00 00 05 00
 (1789638322.320798)  can0  201   [6]  0F 00 00 00 05 00
 (1789638322.330787)  can0  201   [6]  0F 00 00 00 05 00
 (1789638322.340787)  can0  201   [6]  0F 00 00 00 05 00
 (1789638322.350785)  can0  201   [6]  0F 00 00 00 05 00
 (1789638322.352786)  can0  181   [8]  27 14 27 44 00 00 35 00
 (1789638322.352976)  can0  281   [5]  03 00 00 00 00
 (1789638322.360785)  can0  201   [6]  0F 00 00 00 05 00
 (1789638322.370788)  can0  201   [6]  0F 00 00 00 05 00
 (1789638322.380787)  can0  201   [6]  0F 00 00 00 05 00
 (1789638322.390789)  can0  201   [6]  0F 00 00 00 05 00
 (1789638322.400786)  can0  201   [6]  0F 00 00 00 05 00
 (1789638322.402730)  can0  181   [8]  27 14 27 44 00 00 2D 00
 (1789638322.402920)  can0  281   [5]  03 00 00 00 00
 (1789638322.410732)  can0  201   [6]  0F 00 00 00 05 00
 (1789638322.420785)  can0  201   [6]  0F 00 00 00 05 00
 (1789638322.430730)  can0  201   [6]  0F 00 00 00 05 00
 (1789638322.440783)  can0  201   [6]  0F 00 00 00 05 00
 (1789638322.450785)  can0  201   [6]  0F 00 00 00 05 00
 (1789638322.452677)  can0  181   [8]  27 14 27 44 00 00 34 00
 (1789638322.452869)  can0  281   [5]  03 00 00 00 00
 (1789638322.460787)  can0  201   [6]  0F 00 00 00 05 00
 (1789638322.470785)  can0  201   [6]  0F 00 00 00 05 00
 (1789638322.480815)  can0  201   [6]  0F 00 00 00 05 00
 (1789638322.482681)  can0  701   [1]  05
 (1789638322.490794)  can0  201   [6]  0F 00 00 00 05 00
 (1789638322.500787)  can0  201   [6]  0F 00 00 00 05 00
 (1789638322.502686)  can0  181   [8]  27 14 27 44 00 00 33 00
 (1789638322.502876)  can0  281   [5]  03 00 00 00 00
 (1789638322.510788)  can0  201   [6]  0F 00 00 00 05 00
 (1789638322.520787)  can0  201   [6]  0F 00 00 00 05 00
 (1789638322.530787)  can0  201   [6]  0F 00 00 00 05 00
 (1789638322.540785)  can0  201   [6]  0F 00 00 00 05 00
 (1789638322.550786)  can0  201   [6]  0F 00 00 00 05 00
 (1789638322.552647)  can0  181   [8]  27 14 27 44 00 00 2C 00
 (1789638322.552782)  can0  281   [5]  03 00 00 00 00
 (1789638322.560787)  can0  201   [6]  0F 00 00 00 05 00
 (1789638322.570787)  can0  201   [6]  0F 00 00 00 05 00
 (1789638322.580785)  can0  201   [6]  0F 00 00 00 05 00
 (1789638322.590787)  can0  201   [6]  0F 00 00 00 05 00
 (1789638322.600790)  can0  201   [6]  0F 00 00 00 05 00
 (1789638322.602645)  can0  181   [8]  27 14 27 44 00 00 31 00
 (1789638322.602835)  can0  281   [5]  03 00 00 00 00
 (1789638322.610786)  can0  201   [6]  0F 00 00 00 05 00
 (1789638322.620787)  can0  201   [6]  0F 00 00 00 05 00
 (1789638322.630785)  can0  201   [6]  0F 00 00 00 05 00
 (1789638322.640790)  can0  201   [6]  0F 00 00 00 05 00
 (1789638322.650787)  can0  201   [6]  0F 00 00 00 05 00
 (1789638322.652596)  can0  181   [8]  27 14 27 44 00 00 36 00
 (1789638322.652786)  can0  281   [5]  03 00 00 00 00
 (1789638322.660819)  can0  201   [6]  0F 00 00 00 05 00
 (1789638322.670797)  can0  201   [6]  0F 00 00 00 05 00
 (1789638322.680790)  can0  201   [6]  0F 00 00 00 05 00
 (1789638322.690791)  can0  201   [6]  0F 00 00 00 05 00
 (1789638322.700800)  can0  201   [6]  0F 00 00 00 05 00
 (1789638322.702602)  can0  181   [8]  27 14 27 44 00 00 2E 00
 (1789638322.702792)  can0  281   [5]  03 00 00 00 00
 (1789638322.710802)  can0  201   [6]  0F 00 00 00 05 00
 (1789638322.720787)  can0  201   [6]  0F 00 00 00 05 00
 (1789638322.730786)  can0  201   [6]  0F 00 00 00 05 00
 (1789638322.732228)  can0  701   [1]  05
 (1789638322.740791)  can0  201   [6]  0F 00 00 00 05 00
 (1789638322.750785)  can0  201   [6]  0F 00 00 00 05 00
 (1789638322.752563)  can0  181   [8]  27 14 27 44 00 00 35 00
 (1789638322.752754)  can0  281   [5]  03 00 00 00 00
 (1789638322.760790)  can0  201   [6]  0F 00 00 00 05 00
 (1789638322.770785)  can0  201   [6]  0F 00 00 00 05 00
 (1789638322.780784)  can0  201   [6]  0F 00 00 00 05 00
 (1789638322.790787)  can0  201   [6]  0F 00 00 00 05 00
 (1789638322.800732)  can0  201   [6]  0F 00 00 00 05 00
 (1789638322.802555)  can0  181   [8]  27 14 27 44 00 00 2D 00
 (1789638322.802746)  can0  281   [5]  03 00 00 00 00
 (1789638322.810790)  can0  201   [6]  0F 00 00 00 05 00
 (1789638322.820729)  can0  201   [6]  0F 00 00 00 05 00
 (1789638322.830787)  can0  201   [6]  0F 00 00 00 05 00
 (1789638322.840728)  can0  201   [6]  0F 00 00 00 05 00
 (1789638322.850787)  can0  201   [6]  0F 00 00 00 05 00
 (1789638322.852509)  can0  181   [8]  27 14 27 44 00 00 33 00
 (1789638322.852699)  can0  281   [5]  03 00 00 00 00
 (1789638322.860785)  can0  201   [6]  0F 00 00 00 05 00
 (1789638322.870816)  can0  201   [6]  0F 00 00 00 05 00
 (1789638322.880787)  can0  201   [6]  0F 00 00 00 05 00
 (1789638322.890786)  can0  201   [6]  0F 00 00 00 05 00
 (1789638322.900790)  can0  201   [6]  0F 00 00 00 05 00
 (1789638322.902460)  can0  181   [8]  27 14 27 44 00 00 35 00
 (1789638322.902706)  can0  281   [5]  03 00 00 00 00
 (1789638322.910788)  can0  201   [6]  0F 00 00 00 05 00
 (1789638322.920784)  can0  201   [6]  0F 00 00 00 05 00
 (1789638322.930789)  can0  201   [6]  0F 00 00 00 05 00
 (1789638322.940785)  can0  201   [6]  0F 00 00 00 05 00
 (1789638322.950786)  can0  201   [6]  0F 00 00 00 05 00
 (1789638322.952471)  can0  181   [8]  27 14 27 44 00 00 2A 00
 (1789638322.952663)  can0  281   [5]  03 00 00 00 00
 (1789638322.960785)  can0  201   [6]  0F 00 00 00 05 00
 (1789638322.970788)  can0  201   [6]  0F 00 00 00 05 00
 (1789638322.980784)  can0  201   [6]  0F 00 00 00 05 00
 (1789638322.981777)  can0  701   [1]  05
 (1789638322.990789)  can0  201   [6]  0F 00 00 00 05 00
 (1789638323.000784)  can0  201   [6]  0F 00 00 00 05 00
 (1789638323.002486)  can0  181   [8]  27 14 27 44 00 00 30 00
 (1789638323.002677)  can0  281   [5]  03 00 00 00 00
 (1789638323.010786)  can0  201   [6]  0F 00 00 00 05 00
 (1789638323.020790)  can0  201   [6]  0F 00 00 00 05 00
 (1789638323.030791)  can0  201   [6]  0F 00 00 00 05 00
 (1789638323.040786)  can0  201   [6]  0F 00 00 00 05 00
 (1789638323.050808)  can0  201   [6]  0F 00 00 00 05 00
 (1789638323.052494)  can0  181   [8]  27 14 27 44 00 00 36 00
 (1789638323.052683)  can0  281   [5]  03 00 00 00 00
 (1789638323.060794)  can0  201   [6]  0F 00 00 00 05 00
 (1789638323.070794)  can0  201   [6]  0F 00 00 00 05 00
 (1789638323.080790)  can0  201   [6]  0F 00 00 00 05 00
 (1789638323.090789)  can0  201   [6]  0F 00 00 00 05 00
 (1789638323.100794)  can0  201   [6]  0F 00 00 00 05 00
 (1789638323.102492)  can0  181   [8]  27 14 27 44 00 00 2F 00
 (1789638323.102679)  can0  281   [5]  03 00 00 00 00
 (1789638323.110793)  can0  201   [6]  0F 00 00 00 05 00
 (1789638323.120787)  can0  201   [6]  0F 00 00 00 05 00
 (1789638323.130789)  can0  201   [6]  0F 00 00 00 05 00
 (1789638323.140786)  can0  201   [6]  0F 00 00 00 05 00
 (1789638323.150785)  can0  201   [6]  0F 00 00 00 05 00
 (1789638323.152439)  can0  181   [8]  27 14 27 44 00 00 33 00
 (1789638323.152630)  can0  281   [5]  03 00 00 00 00
 (1789638323.160788)  can0  201   [6]  0F 00 00 00 05 00
 (1789638323.170783)  can0  201   [6]  0F 00 00 00 05 00
 (1789638323.180785)  can0  201   [6]  0F 00 00 00 05 00
 (1789638323.190784)  can0  201   [6]  0F 00 00 00 05 00
 (1789638323.200785)  can0  201   [6]  0F 00 00 00 05 00
 (1789638323.202443)  can0  181   [8]  27 14 27 44 00 00 2D 00
 (1789638323.202635)  can0  281   [5]  03 00 00 00 00
 (1789638323.210734)  can0  201   [6]  0F 00 00 00 05 00
 (1789638323.220786)  can0  201   [6]  0F 00 00 00 05 00
 (1789638323.230731)  can0  201   [6]  0F 00 00 00 05 00
 (1789638323.231388)  can0  701   [1]  05
 (1789638323.240786)  can0  201   [6]  0F 00 00 00 05 00
 (1789638323.250786)  can0  201   [6]  0F 00 00 00 05 00
 (1789638323.252408)  can0  181   [8]  27 14 27 44 00 00 32 00
 (1789638323.252599)  can0  281   [5]  03 00 00 00 00
 (1789638323.260824)  can0  201   [6]  0F 00 00 00 05 00
 (1789638323.270788)  can0  201   [6]  0F 00 00 00 05 00
 (1789638323.280787)  can0  201   [6]  0F 00 00 00 05 00
 (1789638323.290785)  can0  201   [6]  0F 00 00 00 05 00
 (1789638323.300785)  can0  201   [6]  0F 00 00 00 05 00
 (1789638323.302468)  can0  181   [8]  27 14 27 44 00 00 35 00
 (1789638323.302658)  can0  281   [5]  03 00 00 00 00
 (1789638323.310785)  can0  201   [6]  0F 00 00 00 05 00
 (1789638323.320789)  can0  201   [6]  0F 00 00 00 05 00
 (1789638323.330787)  can0  201   [6]  0F 00 00 00 05 00
 (1789638323.340785)  can0  201   [6]  0F 00 00 00 05 00
 (1789638323.350785)  can0  201   [6]  0F 00 00 00 05 00
 (1789638323.352425)  can0  181   [8]  27 14 27 44 00 00 2C 00
 (1789638323.352616)  can0  281   [5]  03 00 00 00 00
 (1789638323.360788)  can0  201   [6]  0F 00 00 00 05 00
 (1789638323.370786)  can0  201   [6]  0F 00 00 00 05 00
 (1789638323.380784)  can0  201   [6]  0F 00 00 00 05 00
 (1789638323.390785)  can0  201   [6]  0F 00 00 00 05 00
 (1789638323.400784)  can0  201   [6]  0F 00 00 00 05 00
 (1789638323.402437)  can0  181   [8]  27 14 27 44 00 00 30 00
 (1789638323.402629)  can0  281   [5]  03 00 00 00 00
 (1789638323.410785)  can0  201   [6]  0F 00 00 00 05 00
 (1789638323.420791)  can0  201   [6]  0F 00 00 00 05 00
 (1789638323.430791)  can0  201   [6]  0F 00 00 00 05 00
 (1789638323.440806)  can0  201   [6]  0F 00 00 00 05 00
 (1789638323.450793)  can0  201   [6]  0F 00 00 00 05 00
 (1789638323.452444)  can0  181   [8]  27 14 27 44 00 00 36 00
 (1789638323.452635)  can0  281   [5]  03 00 00 00 00
 (1789638323.460824)  can0  201   [6]  0F 00 00 00 05 00
 (1789638323.470801)  can0  201   [6]  0F 00 00 00 05 00
 (1789638323.480804)  can0  201   [6]  0F 00 00 00 05 00
 (1789638323.481002)  can0  701   [1]  05
 (1789638323.490810)  can0  201   [6]  0F 00 00 00 05 00
 (1789638323.500868)  can0  201   [6]  0F 00 00 00 05 00
 (1789638323.502456)  can0  181   [8]  27 14 27 44 00 00 31 00
 (1789638323.502628)  can0  281   [5]  03 00 00 00 00
 (1789638323.510804)  can0  201   [6]  0F 00 00 00 05 00
 (1789638323.520806)  can0  201   [6]  0F 00 00 00 05 00
 (1789638323.530847)  can0  201   [6]  0F 00 00 00 05 00
 (1789638323.540750)  can0  201   [6]  0F 00 00 00 05 00
 (1789638323.550812)  can0  201   [6]  0F 00 00 00 05 00
 (1789638323.552392)  can0  181   [8]  27 14 27 44 00 00 32 00
 (1789638323.552581)  can0  281   [5]  03 00 00 00 00
 (1789638323.560762)  can0  201   [6]  0F 00 00 00 05 00
 (1789638323.570795)  can0  201   [6]  0F 00 00 00 05 00
 (1789638323.580792)  can0  201   [6]  0F 00 00 00 05 00
 (1789638323.590819)  can0  201   [6]  0F 00 00 00 05 00
 (1789638323.600798)  can0  201   [6]  0F 00 00 00 05 00
 (1789638323.602278)  can0  181   [8]  27 14 27 44 00 00 2D 00
 (1789638323.602468)  can0  281   [5]  03 00 00 00 00
 (1789638323.610797)  can0  201   [6]  0F 00 00 00 05 00
 (1789638323.620796)  can0  201   [6]  0F 00 00 00 05 00
 (1789638323.630797)  can0  201   [6]  0F 00 00 00 05 00
 (1789638323.640809)  can0  201   [6]  0F 00 00 00 05 00
 (1789638323.650793)  can0  201   [6]  0F 00 00 00 05 00
 (1789638323.652282)  can0  181   [8]  27 14 27 44 00 00 31 00
 (1789638323.652471)  can0  281   [5]  03 00 00 00 00
 (1789638323.660785)  can0  201   [6]  0F 00 00 00 05 00
 (1789638323.670787)  can0  201   [6]  0F 00 00 00 05 00
 (1789638323.680783)  can0  201   [6]  0F 00 00 00 05 00
 (1789638323.690788)  can0  201   [6]  0F 00 00 00 05 00
 (1789638323.700784)  can0  201   [6]  0F 00 00 00 05 00
 (1789638323.702231)  can0  181   [8]  27 14 27 44 00 00 34 00
 (1789638323.702422)  can0  281   [5]  03 00 00 00 00
 (1789638323.710785)  can0  201   [6]  0F 00 00 00 05 00
 (1789638323.720787)  can0  201   [6]  0F 00 00 00 05 00
 (1789638323.730545)  can0  701   [1]  05
 (1789638323.730731)  can0  201   [6]  0F 00 00 00 05 00
 (1789638323.740787)  can0  201   [6]  0F 00 00 00 05 00
 (1789638323.750787)  can0  201   [6]  0F 00 00 00 05 00
 (1789638323.752174)  can0  181   [8]  27 14 27 44 00 00 2C 00
 (1789638323.752368)  can0  281   [5]  03 00 00 00 00
 (1789638323.760788)  can0  201   [6]  0F 00 00 00 05 00
 (1789638323.770785)  can0  201   [6]  0F 00 00 00 05 00
 (1789638323.780785)  can0  201   [6]  0F 00 00 00 05 00
 (1789638323.790785)  can0  201   [6]  0F 00 00 00 05 00
 (1789638323.800812)  can0  201   [6]  0F 00 00 00 05 00
 (1789638323.802127)  can0  181   [8]  27 14 27 44 00 00 30 00
 (1789638323.802326)  can0  281   [5]  03 00 00 00 00
 (1789638323.810791)  can0  201   [6]  0F 00 00 00 05 00
 (1789638323.820784)  can0  201   [6]  0F 00 00 00 05 00
 (1789638323.830784)  can0  201   [6]  0F 00 00 00 05 00
 (1789638323.840787)  can0  201   [6]  0F 00 00 00 05 00
 (1789638323.850785)  can0  201   [6]  0F 00 00 00 05 00
 (1789638323.852070)  can0  181   [8]  27 14 27 44 00 00 35 00
 (1789638323.852283)  can0  281   [5]  03 00 00 00 00
 (1789638323.860789)  can0  201   [6]  0F 00 00 00 05 00
 (1789638323.870784)  can0  201   [6]  0F 00 00 00 05 00
 (1789638323.880785)  can0  201   [6]  0F 00 00 00 05 00
 (1789638323.890730)  can0  201   [6]  0F 00 00 00 05 00
 (1789638323.900787)  can0  201   [6]  0F 00 00 00 05 00
 (1789638323.902016)  can0  181   [8]  27 14 27 44 00 00 31 00
 (1789638323.902284)  can0  281   [5]  03 00 00 00 00
 (1789638323.910731)  can0  201   [6]  0F 00 00 00 05 00
 (1789638323.920784)  can0  201   [6]  0F 00 00 00 05 00
 (1789638323.930786)  can0  201   [6]  0F 00 00 00 05 00
 (1789638323.940787)  can0  201   [6]  0F 00 00 00 05 00
 (1789638323.950787)  can0  201   [6]  0F 00 00 00 05 00
 (1789638323.951965)  can0  181   [8]  27 14 27 44 00 00 32 00
 (1789638323.952240)  can0  281   [5]  03 00 00 00 00
 (1789638323.960795)  can0  201   [6]  0F 00 00 00 05 00
 (1789638323.970792)  can0  201   [6]  0F 00 00 00 05 00
 (1789638323.980099)  can0  701   [1]  05
 (1789638323.980372)  can0  201   [6]  0F 00 00 00 05 00
 (1789638323.990796)  can0  201   [6]  0F 00 00 00 05 00
 (1789638324.000809)  can0  201   [6]  0F 00 00 00 05 00
 (1789638324.001913)  can0  181   [8]  27 14 27 44 00 00 2F 00
 (1789638324.002237)  can0  281   [5]  03 00 00 00 00
 (1789638324.010803)  can0  201   [6]  0F 00 00 00 05 00
 (1789638324.020801)  can0  201   [6]  0F 00 00 00 05 00
 (1789638324.030802)  can0  201   [6]  0F 00 00 00 05 00
 (1789638324.040852)  can0  201   [6]  0F 00 00 00 05 00
 (1789638324.050800)  can0  201   [6]  0F 00 00 00 05 00
 (1789638324.051858)  can0  181   [8]  27 14 27 44 00 00 2F 00
 (1789638324.052196)  can0  281   [5]  03 00 00 00 00
 (1789638324.060815)  can0  201   [6]  0F 00 00 00 05 00
 (1789638324.070823)  can0  201   [6]  0F 00 00 00 05 00
 (1789638324.080802)  can0  201   [6]  0F 00 00 00 05 00
 (1789638324.090807)  can0  201   [6]  0F 00 00 00 05 00
 (1789638324.100803)  can0  201   [6]  0F 00 00 00 05 00
 (1789638324.101808)  can0  181   [8]  27 14 27 44 00 00 34 00
 (1789638324.102197)  can0  281   [5]  03 00 00 00 00
 (1789638324.110792)  can0  201   [6]  0F 00 00 00 05 00
 (1789638324.120792)  can0  201   [6]  0F 00 00 00 05 00
 (1789638324.130817)  can0  201   [6]  0F 00 00 00 05 00
 (1789638324.140800)  can0  201   [6]  0F 00 00 00 05 00
 (1789638324.150798)  can0  201   [6]  0F 00 00 00 05 00
 (1789638324.151757)  can0  181   [8]  27 14 27 44 00 00 2D 00
 (1789638324.152152)  can0  281   [5]  03 00 00 00 00
 (1789638324.160816)  can0  201   [6]  0F 00 00 00 05 00
 (1789638324.170792)  can0  201   [6]  0F 00 00 00 05 00
 (1789638324.180746)  can0  201   [6]  0F 00 00 00 05 00
 (1789638324.190784)  can0  201   [6]  0F 00 00 00 05 00
 (1789638324.200729)  can0  201   [6]  0F 00 00 00 05 00
 (1789638324.201706)  can0  181   [8]  27 14 27 44 00 00 30 00
 (1789638324.202152)  can0  281   [5]  03 00 00 00 00
 (1789638324.210788)  can0  201   [6]  0F 00 00 00 05 00
 (1789638324.220784)  can0  201   [6]  0F 00 00 00 05 00
 (1789638324.229590)  can0  701   [1]  05
 (1789638324.230787)  can0  201   [6]  0F 00 00 00 05 00
 (1789638324.240783)  can0  201   [6]  0F 00 00 00 05 00
 (1789638324.250786)  can0  201   [6]  0F 00 00 00 05 00
 (1789638324.251649)  can0  181   [8]  27 14 27 44 00 00 36 00
 (1789638324.252112)  can0  281   [5]  03 00 00 00 00
 (1789638324.260786)  can0  201   [6]  0F 00 00 00 05 00
 (1789638324.270786)  can0  201   [6]  0F 00 00 00 05 00
 (1789638324.280787)  can0  201   [6]  0F 00 00 00 05 00
 (1789638324.290785)  can0  201   [6]  0F 00 00 00 05 00
 (1789638324.300785)  can0  201   [6]  0F 00 00 00 05 00
 (1789638324.301596)  can0  181   [8]  27 14 27 44 00 00 34 00
 (1789638324.302110)  can0  281   [5]  03 00 00 00 00
 (1789638324.310785)  can0  201   [6]  0F 00 00 00 05 00
 (1789638324.320784)  can0  201   [6]  0F 00 00 00 05 00
 (1789638324.330786)  can0  201   [6]  0F 00 00 00 05 00
 (1789638324.340821)  can0  201   [6]  0F 00 00 00 05 00
 (1789638324.350793)  can0  201   [6]  0F 00 00 00 05 00
 (1789638324.351542)  can0  181   [8]  27 14 27 44 00 00 2E 00
 (1789638324.352062)  can0  281   [5]  03 00 00 00 00
 (1789638324.360786)  can0  201   [6]  0F 00 00 00 05 00
 (1789638324.370788)  can0  201   [6]  0F 00 00 00 05 00
 (1789638324.380785)  can0  201   [6]  0F 00 00 00 05 00
 (1789638324.390788)  can0  201   [6]  0F 00 00 00 05 00
 (1789638324.400785)  can0  201   [6]  0F 00 00 00 05 00
 (1789638324.401489)  can0  181   [8]  27 14 27 44 00 00 32 00
 (1789638324.402066)  can0  281   [5]  03 00 00 00 00
 (1789638324.410787)  can0  201   [6]  0F 00 00 00 05 00
 (1789638324.420785)  can0  201   [6]  0F 00 00 00 05 00
 (1789638324.430784)  can0  201   [6]  0F 00 00 00 05 00
 (1789638324.440787)  can0  201   [6]  0F 00 00 00 05 00
 (1789638324.450785)  can0  201   [6]  0F 00 00 00 05 00
 (1789638324.451437)  can0  181   [8]  27 14 27 44 00 00 2F 00
 (1789638324.452023)  can0  281   [5]  03 00 00 00 00
 (1789638324.460789)  can0  201   [6]  0F 00 00 00 05 00
 (1789638324.470791)  can0  201   [6]  0F 00 00 00 05 00
 (1789638324.479132)  can0  701   [1]  05
 (1789638324.480785)  can0  201   [6]  0F 00 00 00 05 00
 (1789638324.490785)  can0  201   [6]  0F 00 00 00 05 00
 (1789638324.500785)  can0  201   [6]  0F 00 00 00 05 00
 (1789638324.501380)  can0  181   [8]  27 14 27 44 00 00 33 00
 (1789638324.502021)  can0  281   [5]  03 00 00 00 00
 (1789638324.510789)  can0  201   [6]  0F 00 00 00 05 00
 (1789638324.520803)  can0  201   [6]  0F 00 00 00 05 00
 (1789638324.530796)  can0  201   [6]  0F 00 00 00 05 00
 (1789638324.540811)  can0  201   [6]  0F 00 00 00 05 00
 (1789638324.550800)  can0  201   [6]  0F 00 00 00 05 00
 (1789638324.551274)  can0  181   [8]  27 14 27 44 00 00 2D 00
 (1789638324.551974)  can0  281   [5]  03 00 00 00 00
 (1789638324.560806)  can0  201   [6]  0F 00 00 00 05 00
 (1789638324.570769)  can0  201   [6]  0F 00 00 00 05 00
 (1789638324.580852)  can0  201   [6]  0F 00 00 00 05 00
 (1789638324.590802)  can0  201   [6]  0F 00 00 00 05 00
 (1789638324.600811)  can0  201   [6]  0F 00 00 00 05 00
 (1789638324.601224)  can0  181   [8]  27 14 27 44 00 00 30 00
 (1789638324.601985)  can0  281   [5]  03 00 00 00 00
 (1789638324.610823)  can0  201   [6]  0F 00 00 00 05 00
 (1789638324.620799)  can0  201   [6]  0F 00 00 00 05 00
 (1789638324.630807)  can0  201   [6]  0F 00 00 00 05 00
 (1789638324.640806)  can0  201   [6]  0F 00 00 00 05 00
 (1789638324.650792)  can0  201   [6]  0F 00 00 00 05 00
 (1789638324.651228)  can0  181   [8]  27 14 27 44 00 00 35 00
 (1789638324.651943)  can0  281   [5]  03 00 00 00 00
 (1789638324.660800)  can0  201   [6]  0F 00 00 00 05 00
 (1789638324.670840)  can0  201   [6]  02 00 00 00 00 00
 (1789638324.671059)  can0  201   [6]  06 00 00 00 00 00
 (1789638324.701187)  can0  181   [8]  07 14 07 54 00 00 30 00
 (1789638324.701943)  can0  281   [5]  03 00 00 00 00
 (1789638324.728688)  can0  701   [1]  05
 (1789638324.751191)  can0  181   [8]  07 14 07 14 00 00 03 00
 (1789638324.751955)  can0  281   [5]  03 00 00 00 00
 (1789638324.801204)  can0  181   [8]  07 14 07 14 00 00 FE FF
 (1789638324.801965)  can0  281   [5]  03 00 00 00 00
 (1789638324.851218)  can0  181   [8]  07 14 07 14 00 00 00 00
 (1789638324.851973)  can0  281   [5]  03 00 00 00 00
 (1789638324.901171)  can0  181   [8]  07 14 07 14 00 00 01 00
 (1789638324.901984)  can0  281   [5]  03 00 00 00 00
 (1789638324.951238)  can0  181   [8]  07 14 07 14 00 00 00 00
 (1789638324.951994)  can0  281   [5]  03 00 00 00 00
 (1789638324.952378)  can0  601   [8]  23 FF 60 01 00 00 00 00
 (1789638324.952733)  can0  581   [8]  60 FF 60 01 00 00 00 00
 (1789638324.953801)  can0  601   [8]  40 FF 60 01 00 00 00 00
 (1789638324.954109)  can0  581   [8]  43 FF 60 01 00 00 00 00
 (1789638324.955814)  can0  601   [8]  23 FF 60 02 00 00 00 00
 (1789638324.956161)  can0  581   [8]  60 FF 60 02 00 00 00 00
 (1789638324.957742)  can0  601   [8]  40 FF 60 02 00 00 00 00
 (1789638324.958156)  can0  581   [8]  43 FF 60 02 00 00 00 00
 (1789638324.959805)  can0  601   [8]  2B 40 60 00 00 00 00 00
 (1789638324.960155)  can0  581   [8]  60 40 60 00 00 00 00 00
 (1789638324.961745)  can0  601   [8]  40 40 60 00 00 00 00 00
 (1789638324.962091)  can0  581   [8]  4B 40 60 00 00 00 00 00
 (1789638324.963746)  can0  601   [8]  40 41 60 00 00 00 00 00
 (1789638324.964075)  can0  581   [8]  43 41 60 00 40 14 40 14
 (1789638324.965806)  can0  601   [8]  40 6C 60 01 00 00 00 00
 (1789638324.966077)  can0  581   [8]  43 6C 60 01 00 00 00 00
 (1789638324.967743)  can0  601   [8]  40 6C 60 02 00 00 00 00
 (1789638324.968128)  can0  581   [8]  43 6C 60 02 00 00 00 00
 (1789638324.969799)  can0  601   [8]  40 6C 60 03 00 00 00 00
 (1789638324.970067)  can0  581   [8]  43 6C 60 03 00 00 00 00
 (1789638324.978169)  can0  701   [1]  05
 (1789638324.992801)  can0  601   [8]  40 6C 60 01 00 00 00 00
 (1789638324.993133)  can0  581   [8]  43 6C 60 01 00 00 00 00
 (1789638324.994799)  can0  601   [8]  40 6C 60 02 00 00 00 00
 (1789638324.995130)  can0  581   [8]  43 6C 60 02 00 00 00 00
 (1789638324.996800)  can0  601   [8]  40 6C 60 03 00 00 00 00
 (1789638324.997068)  can0  581   [8]  43 6C 60 03 00 00 00 00
 (1789638325.001241)  can0  181   [8]  40 14 40 14 00 00 00 00
 (1789638325.001945)  can0  281   [5]  03 00 00 00 00
 (1789638325.019801)  can0  601   [8]  40 6C 60 01 00 00 00 00
 (1789638325.020135)  can0  581   [8]  43 6C 60 01 00 00 00 00
 (1789638325.021799)  can0  601   [8]  40 6C 60 02 00 00 00 00
 (1789638325.022129)  can0  581   [8]  43 6C 60 02 00 00 00 00
 (1789638325.023745)  can0  601   [8]  40 6C 60 03 00 00 00 00
 (1789638325.024068)  can0  581   [8]  43 6C 60 03 00 00 00 00
 (1789638325.046802)  can0  601   [8]  40 6C 60 01 00 00 00 00
 (1789638325.047078)  can0  581   [8]  43 6C 60 01 00 00 00 00
 (1789638325.048798)  can0  601   [8]  40 6C 60 02 00 00 00 00
 (1789638325.049129)  can0  581   [8]  43 6C 60 02 00 00 00 00
 (1789638325.050799)  can0  601   [8]  40 6C 60 03 00 00 00 00
 (1789638325.051068)  can0  581   [8]  43 6C 60 03 00 00 00 00
 (1789638325.051371)  can0  181   [8]  40 14 40 14 00 00 00 00
 (1789638325.052009)  can0  281   [5]  03 00 00 00 00
 (1789638325.072805)  can0  601   [8]  40 6C 60 01 00 00 00 00
 (1789638325.073136)  can0  581   [8]  43 6C 60 01 00 00 00 00
 (1789638325.074797)  can0  601   [8]  40 6C 60 02 00 00 00 00
 (1789638325.075129)  can0  581   [8]  43 6C 60 02 00 00 00 00
 (1789638325.076798)  can0  601   [8]  40 6C 60 03 00 00 00 00
 (1789638325.077070)  can0  581   [8]  43 6C 60 03 00 00 00 00
 (1789638325.099807)  can0  601   [8]  40 6C 60 01 00 00 00 00
 (1789638325.100135)  can0  581   [8]  43 6C 60 01 00 00 00 00
 (1789638325.101202)  can0  181   [8]  40 14 40 14 00 00 00 00
 (1789638325.101514)  can0  601   [8]  40 6C 60 02 00 00 00 00
 (1789638325.101824)  can0  581   [8]  43 6C 60 02 00 00 00 00
 (1789638325.102020)  can0  281   [5]  03 00 00 00 00
 (1789638325.102803)  can0  601   [8]  40 6C 60 03 00 00 00 00
 (1789638325.103073)  can0  581   [8]  43 6C 60 03 00 00 00 00
 (1789638325.125801)  can0  601   [8]  40 6C 60 01 00 00 00 00
 (1789638325.126084)  can0  581   [8]  43 6C 60 01 00 00 00 00
 (1789638325.127743)  can0  601   [8]  40 6C 60 02 00 00 00 00
 (1789638325.128135)  can0  581   [8]  43 6C 60 02 00 00 00 00
 (1789638325.129801)  can0  601   [8]  40 6C 60 03 00 00 00 00
 (1789638325.130072)  can0  581   [8]  43 6C 60 03 00 00 00 00
 (1789638325.131700)  can0  000   [2]  80 01
 (1789638325.227722)  can0  701   [1]  7F
 (1789638325.228808)  can0  601   [8]  23 00 14 01 01 02 00 80
 (1789638325.229099)  can0  581   [8]  60 00 14 01 00 00 00 00
 (1789638325.230800)  can0  601   [8]  40 00 14 01 00 00 00 00
 (1789638325.231089)  can0  581   [8]  43 00 14 01 01 02 00 80
 (1789638325.232803)  can0  601   [8]  2F 00 16 00 00 00 00 00
 (1789638325.233146)  can0  581   [8]  60 00 16 00 00 00 00 00
 (1789638325.234800)  can0  601   [8]  40 00 16 00 00 00 00 00
 (1789638325.235141)  can0  581   [8]  4F 00 16 00 00 00 00 00
 (1789638325.236793)  can0  601   [8]  23 00 16 01 10 00 40 60
 (1789638325.237082)  can0  581   [8]  60 00 16 01 00 00 00 00
 (1789638325.238798)  can0  601   [8]  40 00 16 01 00 00 00 00
 (1789638325.239127)  can0  581   [8]  43 00 16 01 10 00 40 60
 (1789638325.240743)  can0  601   [8]  23 00 16 02 08 00 60 60
 (1789638325.241072)  can0  581   [8]  60 00 16 02 00 00 00 00
 (1789638325.242797)  can0  601   [8]  40 00 16 02 00 00 00 00
 (1789638325.243061)  can0  581   [8]  43 00 16 02 08 00 60 60
 (1789638325.244801)  can0  601   [8]  2F 00 16 00 02 00 00 00
 (1789638325.245118)  can0  581   [8]  60 00 16 00 00 00 00 00
 (1789638325.246801)  can0  601   [8]  40 00 16 00 00 00 00 00
 (1789638325.247116)  can0  581   [8]  4F 00 16 00 02 00 00 00
 (1789638325.248743)  can0  601   [8]  23 00 14 01 01 02 00 00
 (1789638325.249056)  can0  581   [8]  60 00 14 01 00 00 00 00
 (1789638325.250743)  can0  601   [8]  40 00 14 01 00 00 00 00
 (1789638325.251102)  can0  581   [8]  43 00 14 01 01 02 00 00
 (1789638325.252799)  can0  601   [8]  23 01 18 01 81 02 00 80
 (1789638325.253105)  can0  581   [8]  60 01 18 01 00 00 00 00
 (1789638325.254798)  can0  601   [8]  40 01 18 01 00 00 00 00
 (1789638325.255152)  can0  581   [8]  43 01 18 01 81 02 00 80
 (1789638325.256743)  can0  601   [8]  2F 01 1A 00 00 00 00 00
 (1789638325.257094)  can0  581   [8]  60 01 1A 00 00 00 00 00
 (1789638325.258799)  can0  601   [8]  40 01 1A 00 00 00 00 00
 (1789638325.259091)  can0  581   [8]  4F 01 1A 00 00 00 00 00
 (1789638325.260742)  can0  601   [8]  23 01 1A 01 00 00 00 00
 (1789638325.261083)  can0  581   [8]  60 01 1A 01 00 00 00 00
 (1789638325.262798)  can0  601   [8]  40 01 1A 01 00 00 00 00
 (1789638325.263078)  can0  581   [8]  43 01 1A 01 00 00 00 00
 (1789638325.264810)  can0  601   [8]  23 01 1A 02 00 00 00 00
 (1789638325.265175)  can0  581   [8]  60 01 1A 02 00 00 00 00
 (1789638325.266861)  can0  601   [8]  40 01 1A 02 00 00 00 00
 (1789638325.267123)  can0  581   [8]  43 01 1A 02 00 00 00 00
 (1789638325.268746)  can0  601   [8]  2F 01 1A 00 00 00 00 00
 (1789638325.269067)  can0  581   [8]  60 01 1A 00 00 00 00 00
 (1789638325.270744)  can0  601   [8]  40 01 1A 00 00 00 00 00
 (1789638325.271063)  can0  581   [8]  4F 01 1A 00 00 00 00 00
 (1789638325.272799)  can0  601   [8]  2B 01 18 05 00 00 00 00
 (1789638325.273058)  can0  581   [8]  60 01 18 05 00 00 00 00
 (1789638325.274794)  can0  601   [8]  40 01 18 05 00 00 00 00
 (1789638325.275107)  can0  581   [8]  4B 01 18 05 00 00 00 00
 (1789638325.276743)  can0  601   [8]  23 01 18 01 81 02 00 00
 (1789638325.277106)  can0  581   [8]  60 01 18 01 00 00 00 00
 (1789638325.278798)  can0  601   [8]  40 01 18 01 00 00 00 00
 (1789638325.279100)  can0  581   [8]  43 01 18 01 81 02 00 00
 (1789638325.280749)  can0  601   [8]  2B 00 20 00 00 00 00 00
 (1789638325.281109)  can0  581   [8]  60 00 20 00 00 00 00 00
 (1789638325.282801)  can0  601   [8]  40 00 20 00 00 00 00 00
 (1789638325.283101)  can0  581   [8]  4B 00 20 00 00 00 00 00
 (1789638325.284800)  can0  601   [8]  2B 17 10 00 00 00 00 00
 (1789638325.285151)  can0  581   [8]  60 17 10 00 00 00 00 00
 (1789638325.286742)  can0  601   [8]  40 17 10 00 00 00 00 00
 (1789638325.287086)  can0  581   [8]  4B 17 10 00 00 00 00 00
