 (1789627918.055383)  can0  601   [8]  40 41 60 00 00 00 00 00
 (1789627918.055671)  can0  581   [8]  43 41 60 00 60 14 60 14
 (1789627918.056974)  can0  601   [8]  40 60 60 00 00 00 00 00
 (1789627918.057289)  can0  581   [8]  4F 60 60 00 03 00 00 00
 (1789627918.058849)  can0  601   [8]  40 61 60 00 00 00 00 00
 (1789627918.059160)  can0  581   [8]  4F 61 60 00 03 00 00 00
 (1789627918.060848)  can0  601   [8]  40 3F 60 00 00 00 00 00
 (1789627918.061106)  can0  581   [8]  43 3F 60 00 00 00 00 00
 (1789627918.062844)  can0  601   [8]  40 FF 60 01 00 00 00 00
 (1789627918.063156)  can0  581   [8]  43 FF 60 01 00 00 00 00
 (1789627918.064844)  can0  601   [8]  40 FF 60 02 00 00 00 00
 (1789627918.065153)  can0  581   [8]  43 FF 60 02 00 00 00 00
 (1789627918.066843)  can0  601   [8]  40 0F 20 00 00 00 00 00
 (1789627918.067204)  can0  581   [8]  4B 0F 20 00 01 00 00 00
 (1789627918.068790)  can0  601   [8]  40 00 20 00 00 00 00 00
 (1789627918.069204)  can0  581   [8]  4B 00 20 00 00 00 00 00
 (1789627918.070844)  can0  601   [8]  40 17 10 00 00 00 00 00
 (1789627918.071138)  can0  581   [8]  4B 17 10 00 00 00 00 00
 (1789627918.072843)  can0  601   [8]  40 00 14 01 00 00 00 00
 (1789627918.073188)  can0  581   [8]  43 00 14 01 01 02 00 00
 (1789627918.074789)  can0  601   [8]  40 00 14 02 00 00 00 00
 (1789627918.075126)  can0  581   [8]  4F 00 14 02 FF 00 00 00
 (1789627918.076842)  can0  601   [8]  40 00 14 05 00 00 00 00
 (1789627918.077120)  can0  581   [8]  4B 00 14 05 E8 03 00 00
 (1789627918.078790)  can0  601   [8]  40 00 16 00 00 00 00 00
 (1789627918.079178)  can0  581   [8]  4F 00 16 00 02 00 00 00
 (1789627918.080840)  can0  601   [8]  40 00 16 01 00 00 00 00
 (1789627918.081110)  can0  581   [8]  43 00 16 01 10 00 40 60
 (1789627918.082843)  can0  601   [8]  40 00 16 02 00 00 00 00
 (1789627918.083107)  can0  581   [8]  43 00 16 02 08 00 60 60
 (1789627918.084793)  can0  601   [8]  40 00 18 01 00 00 00 00
 (1789627918.085104)  can0  581   [8]  43 00 18 01 81 01 00 00
 (1789627918.086841)  can0  601   [8]  40 00 18 02 00 00 00 00
 (1789627918.087100)  can0  581   [8]  4F 00 18 02 FF 00 00 00
 (1789627918.088786)  can0  601   [8]  40 00 18 05 00 00 00 00
 (1789627918.089153)  can0  581   [8]  4B 00 18 05 64 00 00 00
 (1789627918.090844)  can0  601   [8]  40 00 1A 00 00 00 00 00
 (1789627918.091154)  can0  581   [8]  4F 00 1A 00 02 00 00 00
 (1789627918.092842)  can0  601   [8]  40 00 1A 01 00 00 00 00
 (1789627918.093200)  can0  581   [8]  43 00 1A 01 20 00 41 60
 (1789627918.094791)  can0  601   [8]  40 00 1A 02 00 00 00 00
 (1789627918.095136)  can0  581   [8]  43 00 1A 02 20 03 6C 60
 (1789627918.096839)  can0  601   [8]  40 01 18 01 00 00 00 00
 (1789627918.097191)  can0  581   [8]  43 01 18 01 81 02 00 00
 (1789627918.098840)  can0  601   [8]  40 01 18 02 00 00 00 00
 (1789627918.099134)  can0  581   [8]  4F 01 18 02 FF 00 00 00
 (1789627918.100784)  can0  601   [8]  40 01 18 05 00 00 00 00
 (1789627918.101127)  can0  581   [8]  4B 01 18 05 00 00 00 00
 (1789627918.102844)  can0  601   [8]  40 01 1A 00 00 00 00 00
 (1789627918.103125)  can0  581   [8]  4F 01 1A 00 00 00 00 00
 (1789627918.104787)  can0  601   [8]  40 01 1A 01 00 00 00 00
 (1789627918.105116)  can0  581   [8]  43 01 1A 01 00 00 00 00
 (1789627918.106841)  can0  601   [8]  40 01 1A 02 00 00 00 00
 (1789627918.107112)  can0  581   [8]  43 01 1A 02 00 00 00 00
 (1789627918.108790)  can0  601   [8]  40 6C 60 01 00 00 00 00
 (1789627918.109165)  can0  581   [8]  43 6C 60 01 00 00 00 00
 (1789627918.110841)  can0  601   [8]  40 6C 60 02 00 00 00 00
 (1789627918.111104)  can0  581   [8]  43 6C 60 02 00 00 00 00
 (1789627918.112845)  can0  601   [8]  40 6C 60 03 00 00 00 00
 (1789627918.113156)  can0  581   [8]  43 6C 60 03 00 00 00 00
 (1789627918.135787)  can0  601   [8]  40 6C 60 01 00 00 00 00
 (1789627918.136163)  can0  581   [8]  43 6C 60 01 00 00 00 00
 (1789627918.137837)  can0  601   [8]  40 6C 60 02 00 00 00 00
 (1789627918.138159)  can0  581   [8]  43 6C 60 02 00 00 00 00
 (1789627918.139842)  can0  601   [8]  40 6C 60 03 00 00 00 00
 (1789627918.140155)  can0  581   [8]  43 6C 60 03 00 00 00 00
 (1789627918.162793)  can0  601   [8]  40 6C 60 01 00 00 00 00
 (1789627918.163163)  can0  581   [8]  43 6C 60 01 00 00 00 00
 (1789627918.164849)  can0  601   [8]  40 6C 60 02 00 00 00 00
 (1789627918.165104)  can0  581   [8]  43 6C 60 02 00 00 00 00
 (1789627918.166841)  can0  601   [8]  40 6C 60 03 00 00 00 00
 (1789627918.167153)  can0  581   [8]  43 6C 60 03 00 00 00 00
 (1789627918.189892)  can0  601   [8]  40 6C 60 01 00 00 00 00
 (1789627918.190224)  can0  581   [8]  43 6C 60 01 00 00 00 00
 (1789627918.191860)  can0  601   [8]  40 6C 60 02 00 00 00 00
 (1789627918.192163)  can0  581   [8]  43 6C 60 02 00 00 00 00
 (1789627918.193847)  can0  601   [8]  40 6C 60 03 00 00 00 00
 (1789627918.194158)  can0  581   [8]  43 6C 60 03 00 00 00 00
 (1789627918.216918)  can0  601   [8]  40 6C 60 01 00 00 00 00
 (1789627918.217287)  can0  581   [8]  43 6C 60 01 00 00 00 00
 (1789627918.218885)  can0  601   [8]  40 6C 60 02 00 00 00 00
 (1789627918.219221)  can0  581   [8]  43 6C 60 02 00 00 00 00
 (1789627918.220844)  can0  601   [8]  40 6C 60 03 00 00 00 00
 (1789627918.221099)  can0  581   [8]  43 6C 60 03 00 00 00 00
 (1789627918.242919)  can0  601   [8]  40 6C 60 01 00 00 00 00
 (1789627918.243227)  can0  581   [8]  43 6C 60 01 00 00 00 00
 (1789627918.244807)  can0  601   [8]  40 6C 60 02 00 00 00 00
 (1789627918.245163)  can0  581   [8]  43 6C 60 02 00 00 00 00
 (1789627918.246850)  can0  601   [8]  40 6C 60 03 00 00 00 00
 (1789627918.247210)  can0  581   [8]  43 6C 60 03 00 00 00 00
 (1789627918.269912)  can0  601   [8]  40 6C 60 01 00 00 00 00
 (1789627918.270226)  can0  581   [8]  43 6C 60 01 00 00 00 00
 (1789627918.271865)  can0  601   [8]  40 6C 60 02 00 00 00 00
 (1789627918.272163)  can0  581   [8]  43 6C 60 02 00 00 00 00
 (1789627918.273847)  can0  601   [8]  40 6C 60 03 00 00 00 00
 (1789627918.274210)  can0  581   [8]  43 6C 60 03 00 00 00 00
 (1789627918.275868)  can0  601   [8]  40 5A 60 00 00 00 00 00
 (1789627918.276210)  can0  581   [8]  4B 5A 60 00 05 00 00 00
 (1789627918.277863)  can0  601   [8]  2B 17 10 00 F4 01 00 00
 (1789627918.278155)  can0  581   [8]  60 17 10 00 00 00 00 00
 (1789627918.279836)  can0  601   [8]  40 17 10 00 00 00 00 00
 (1789627918.280194)  can0  581   [8]  4B 17 10 00 F4 01 00 00
 (1789627918.527631)  can0  701   [1]  7F
 (1789627918.529762)  can0  000   [2]  80 01
 (1789627918.777169)  can0  701   [1]  7F
 (1789627918.778892)  can0  601   [8]  2B 00 20 00 E8 03 00 00
 (1789627918.779223)  can0  581   [8]  60 00 20 00 00 00 00 00
 (1789627918.780849)  can0  601   [8]  40 00 20 00 00 00 00 00
 (1789627918.781209)  can0  581   [8]  4B 00 20 00 E8 03 00 00
 (1789627918.782854)  can0  601   [8]  23 00 14 01 01 02 00 80
 (1789627918.783209)  can0  581   [8]  60 00 14 01 00 00 00 00
 (1789627918.784838)  can0  601   [8]  40 00 14 01 00 00 00 00
 (1789627918.785142)  can0  581   [8]  43 00 14 01 01 02 00 80
 (1789627918.786842)  can0  601   [8]  2F 00 16 00 00 00 00 00
 (1789627918.787200)  can0  581   [8]  60 00 16 00 00 00 00 00
 (1789627918.788783)  can0  601   [8]  40 00 16 00 00 00 00 00
 (1789627918.789191)  can0  581   [8]  4F 00 16 00 00 00 00 00
 (1789627918.790839)  can0  601   [8]  23 00 16 01 10 00 40 60
 (1789627918.791192)  can0  581   [8]  60 00 16 01 00 00 00 00
 (1789627918.792778)  can0  601   [8]  40 00 16 01 00 00 00 00
 (1789627918.793121)  can0  581   [8]  43 00 16 01 10 00 40 60
 (1789627918.794784)  can0  601   [8]  23 00 16 02 20 03 FF 60
 (1789627918.795127)  can0  581   [8]  60 00 16 02 00 00 00 00
 (1789627918.796833)  can0  601   [8]  40 00 16 02 00 00 00 00
 (1789627918.797116)  can0  581   [8]  43 00 16 02 20 03 FF 60
 (1789627918.798786)  can0  601   [8]  2F 00 16 00 02 00 00 00
 (1789627918.799173)  can0  581   [8]  60 00 16 00 00 00 00 00
 (1789627918.800839)  can0  601   [8]  40 00 16 00 00 00 00 00
 (1789627918.801112)  can0  581   [8]  4F 00 16 00 02 00 00 00
 (1789627918.802840)  can0  601   [8]  23 00 14 01 01 02 00 00
 (1789627918.803161)  can0  581   [8]  60 00 14 01 00 00 00 00
 (1789627918.804779)  can0  601   [8]  40 00 14 01 00 00 00 00
 (1789627918.805096)  can0  581   [8]  43 00 14 01 01 02 00 00
 (1789627918.806847)  can0  601   [8]  23 01 18 01 81 02 00 80
 (1789627918.807154)  can0  581   [8]  60 01 18 01 00 00 00 00
 (1789627918.808778)  can0  601   [8]  40 01 18 01 00 00 00 00
 (1789627918.809143)  can0  581   [8]  43 01 18 01 81 02 00 80
 (1789627918.810845)  can0  601   [8]  2F 01 1A 00 00 00 00 00
 (1789627918.811148)  can0  581   [8]  60 01 1A 00 00 00 00 00
 (1789627918.812783)  can0  601   [8]  40 01 1A 00 00 00 00 00
 (1789627918.813142)  can0  581   [8]  4F 01 1A 00 00 00 00 00
 (1789627918.814780)  can0  601   [8]  23 01 1A 01 08 00 61 60
 (1789627918.815137)  can0  581   [8]  60 01 1A 01 00 00 00 00
 (1789627918.816835)  can0  601   [8]  40 01 1A 01 00 00 00 00
 (1789627918.817127)  can0  581   [8]  43 01 1A 01 08 00 61 60
 (1789627918.818784)  can0  601   [8]  23 01 1A 02 20 00 3F 60
 (1789627918.819185)  can0  581   [8]  60 01 1A 02 00 00 00 00
 (1789627918.820834)  can0  601   [8]  40 01 1A 02 00 00 00 00
 (1789627918.821118)  can0  581   [8]  43 01 1A 02 20 00 3F 60
 (1789627918.822842)  can0  601   [8]  2F 01 1A 00 02 00 00 00
 (1789627918.823175)  can0  581   [8]  60 01 1A 00 00 00 00 00
 (1789627918.824779)  can0  601   [8]  40 01 1A 00 00 00 00 00
 (1789627918.825114)  can0  581   [8]  4F 01 1A 00 02 00 00 00
 (1789627918.826842)  can0  601   [8]  2B 01 18 05 64 00 00 00
 (1789627918.827110)  can0  581   [8]  60 01 18 05 00 00 00 00
 (1789627918.828776)  can0  601   [8]  40 01 18 05 00 00 00 00
 (1789627918.829157)  can0  581   [8]  4B 01 18 05 64 00 00 00
 (1789627918.830839)  can0  601   [8]  23 01 18 01 81 02 00 00
 (1789627918.831157)  can0  581   [8]  60 01 18 01 00 00 00 00
 (1789627918.832778)  can0  601   [8]  40 01 18 01 00 00 00 00
 (1789627918.833093)  can0  581   [8]  43 01 18 01 81 02 00 00
 (1789627918.834678)  can0  000   [2]  01 01
 (1789627918.835087)  can0  181   [8]  60 14 60 14 00 00 00 00
 (1789627918.835278)  can0  281   [5]  03 00 00 00 00
 (1789627918.835377)  can0  381   [0] 
 (1789627918.835475)  can0  481   [0] 
 (1789627918.885092)  can0  181   [8]  60 14 60 14 00 00 00 00
 (1789627918.885226)  can0  281   [5]  03 00 00 00 00
 (1789627918.935047)  can0  181   [8]  60 14 60 14 00 00 00 00
 (1789627918.935234)  can0  281   [5]  03 00 00 00 00
 (1789627918.985049)  can0  181   [8]  60 14 60 14 00 00 00 00
 (1789627918.985240)  can0  281   [5]  03 00 00 00 00
 (1789627919.026577)  can0  701   [1]  05
 (1789627919.028785)  can0  601   [8]  23 FF 60 01 00 00 00 00
 (1789627919.029136)  can0  581   [8]  60 FF 60 01 00 00 00 00
 (1789627919.030754)  can0  601   [8]  40 FF 60 01 00 00 00 00
 (1789627919.031068)  can0  581   [8]  43 FF 60 01 00 00 00 00
 (1789627919.032770)  can0  601   [8]  23 FF 60 02 00 00 00 00
 (1789627919.033125)  can0  581   [8]  60 FF 60 02 00 00 00 00
 (1789627919.034755)  can0  601   [8]  40 FF 60 02 00 00 00 00
 (1789627919.035121)  can0  581   [8]  43 FF 60 02 00 00 00 00
 (1789627919.035362)  can0  181   [8]  60 14 60 14 00 00 00 00
 (1789627919.035554)  can0  281   [5]  03 00 00 00 00
 (1789627919.035812)  can0  601   [8]  2B 40 60 00 06 00 00 00
 (1789627919.036177)  can0  581   [8]  60 40 60 00 00 00 00 00
 (1789627919.037756)  can0  601   [8]  40 40 60 00 00 00 00 00
 (1789627919.038113)  can0  581   [8]  4B 40 60 00 06 00 00 00
 (1789627919.085184)  can0  181   [8]  21 14 21 14 00 00 00 00
 (1789627919.085373)  can0  281   [5]  03 00 00 00 00
 (1789627919.086776)  can0  601   [8]  40 00 14 01 00 00 00 00
 (1789627919.087119)  can0  581   [8]  43 00 14 01 01 02 00 00
 (1789627919.088769)  can0  601   [8]  40 00 14 02 00 00 00 00
 (1789627919.089115)  can0  581   [8]  4F 00 14 02 FF 00 00 00
 (1789627919.090761)  can0  601   [8]  40 00 16 00 00 00 00 00
 (1789627919.091116)  can0  581   [8]  4F 00 16 00 02 00 00 00
 (1789627919.092757)  can0  601   [8]  40 00 16 01 00 00 00 00
 (1789627919.093104)  can0  581   [8]  43 00 16 01 10 00 40 60
 (1789627919.094756)  can0  601   [8]  40 00 16 02 00 00 00 00
 (1789627919.095103)  can0  581   [8]  43 00 16 02 20 03 FF 60
 (1789627919.096762)  can0  601   [8]  40 00 18 01 00 00 00 00
 (1789627919.097099)  can0  581   [8]  43 00 18 01 81 01 00 00
 (1789627919.098755)  can0  601   [8]  40 00 18 02 00 00 00 00
 (1789627919.099093)  can0  581   [8]  4F 00 18 02 FF 00 00 00
 (1789627919.100757)  can0  601   [8]  40 00 1A 00 00 00 00 00
 (1789627919.101092)  can0  581   [8]  4F 00 1A 00 02 00 00 00
 (1789627919.102756)  can0  601   [8]  40 00 1A 01 00 00 00 00
 (1789627919.103080)  can0  581   [8]  43 00 1A 01 20 00 41 60
 (1789627919.104760)  can0  601   [8]  40 00 1A 02 00 00 00 00
 (1789627919.105073)  can0  581   [8]  43 00 1A 02 20 03 6C 60
 (1789627919.106758)  can0  601   [8]  40 01 18 01 00 00 00 00
 (1789627919.107074)  can0  581   [8]  43 01 18 01 81 02 00 00
 (1789627919.108753)  can0  601   [8]  40 01 18 02 00 00 00 00
 (1789627919.109070)  can0  581   [8]  4F 01 18 02 FF 00 00 00
 (1789627919.110759)  can0  601   [8]  40 01 1A 00 00 00 00 00
 (1789627919.111072)  can0  581   [8]  4F 01 1A 00 02 00 00 00
 (1789627919.112758)  can0  601   [8]  40 01 1A 01 00 00 00 00
 (1789627919.113114)  can0  581   [8]  43 01 1A 01 08 00 61 60
 (1789627919.114756)  can0  601   [8]  40 01 1A 02 00 00 00 00
 (1789627919.115114)  can0  581   [8]  43 01 1A 02 20 00 3F 60
 (1789627919.116760)  can0  601   [8]  40 0F 20 00 00 00 00 00
 (1789627919.117113)  can0  581   [8]  4B 0F 20 00 01 00 00 00
 (1789627919.135196)  can0  181   [8]  21 14 21 14 00 00 00 00
 (1789627919.135380)  can0  281   [5]  03 00 00 00 00
 (1789627919.152510)  can0  201   [6]  02 00 00 00 00 00
 (1789627919.162753)  can0  201   [6]  02 00 00 00 00 00
 (1789627919.172739)  can0  201   [6]  02 00 00 00 00 00
 (1789627919.182738)  can0  201   [6]  02 00 00 00 00 00
 (1789627919.185142)  can0  181   [8]  60 14 60 14 00 00 00 00
 (1789627919.185333)  can0  281   [5]  03 00 00 00 00
 (1789627919.192741)  can0  201   [6]  02 00 00 00 00 00
 (1789627919.202739)  can0  201   [6]  02 00 00 00 00 00
 (1789627919.212740)  can0  201   [6]  02 00 00 00 00 00
 (1789627919.222738)  can0  201   [6]  02 00 00 00 00 00
 (1789627919.232740)  can0  201   [6]  02 00 00 00 00 00
 (1789627919.235149)  can0  181   [8]  60 14 60 14 00 00 00 00
 (1789627919.235340)  can0  281   [5]  03 00 00 00 00
 (1789627919.242740)  can0  201   [6]  02 00 00 00 00 00
 (1789627919.252738)  can0  201   [6]  02 00 00 00 00 00
 (1789627919.262742)  can0  201   [6]  02 00 00 00 00 00
 (1789627919.272770)  can0  201   [6]  02 00 00 00 00 00
 (1789627919.276116)  can0  701   [1]  05
 (1789627919.282745)  can0  201   [6]  02 00 00 00 00 00
 (1789627919.285155)  can0  181   [8]  60 14 60 14 00 00 00 00
 (1789627919.285347)  can0  281   [5]  03 00 00 00 00
 (1789627919.292742)  can0  201   [6]  02 00 00 00 00 00
 (1789627919.302741)  can0  201   [6]  02 00 00 00 00 00
 (1789627919.312739)  can0  201   [6]  02 00 00 00 00 00
 (1789627919.322738)  can0  201   [6]  02 00 00 00 00 00
 (1789627919.332740)  can0  201   [6]  02 00 00 00 00 00
 (1789627919.335163)  can0  181   [8]  60 14 60 14 00 00 00 00
 (1789627919.335354)  can0  281   [5]  03 00 00 00 00
 (1789627919.342738)  can0  201   [6]  02 00 00 00 00 00
 (1789627919.352740)  can0  201   [6]  02 00 00 00 00 00
 (1789627919.362741)  can0  201   [6]  02 00 00 00 00 00
 (1789627919.372739)  can0  201   [6]  02 00 00 00 00 00
 (1789627919.382739)  can0  201   [6]  02 00 00 00 00 00
 (1789627919.385170)  can0  181   [8]  60 14 60 14 00 00 00 00
 (1789627919.385361)  can0  281   [5]  03 00 00 00 00
 (1789627919.392738)  can0  201   [6]  02 00 00 00 00 00
 (1789627919.402741)  can0  201   [6]  02 00 00 00 00 00
 (1789627919.412737)  can0  201   [6]  02 00 00 00 00 00
 (1789627919.422741)  can0  201   [6]  02 00 00 00 00 00
 (1789627919.432738)  can0  201   [6]  02 00 00 00 00 00
 (1789627919.435177)  can0  181   [8]  60 14 60 14 00 00 00 00
 (1789627919.435369)  can0  281   [5]  03 00 00 00 00
 (1789627919.442751)  can0  201   [6]  02 00 00 00 00 00
 (1789627919.452753)  can0  201   [6]  02 00 00 00 00 00
 (1789627919.462750)  can0  201   [6]  02 00 00 00 00 00
 (1789627919.472764)  can0  201   [6]  02 00 00 00 00 00
 (1789627919.482749)  can0  201   [6]  02 00 00 00 00 00
 (1789627919.485185)  can0  181   [8]  60 14 60 14 00 00 00 00
 (1789627919.485376)  can0  281   [5]  03 00 00 00 00
 (1789627919.492763)  can0  201   [6]  02 00 00 00 00 00
 (1789627919.502744)  can0  201   [6]  02 00 00 00 00 00
 (1789627919.512768)  can0  201   [6]  02 00 00 00 00 00
 (1789627919.522749)  can0  201   [6]  02 00 00 00 00 00
 (1789627919.525652)  can0  701   [1]  05
 (1789627919.532774)  can0  201   [6]  02 00 00 00 00 00
 (1789627919.535193)  can0  181   [8]  60 14 60 14 00 00 00 00
 (1789627919.535384)  can0  281   [5]  03 00 00 00 00
 (1789627919.542760)  can0  201   [6]  02 00 00 00 00 00
 (1789627919.552764)  can0  201   [6]  02 00 00 00 00 00
 (1789627919.562770)  can0  201   [6]  02 00 00 00 00 00
 (1789627919.572747)  can0  201   [6]  02 00 00 00 00 00
 (1789627919.582751)  can0  201   [6]  02 00 00 00 00 00
 (1789627919.585201)  can0  181   [8]  60 14 60 14 00 00 00 00
 (1789627919.585392)  can0  281   [5]  03 00 00 00 00
 (1789627919.592771)  can0  201   [6]  02 00 00 00 00 00
 (1789627919.602753)  can0  201   [6]  02 00 00 00 00 00
 (1789627919.612752)  can0  201   [6]  02 00 00 00 00 00
 (1789627919.622748)  can0  201   [6]  02 00 00 00 00 00
 (1789627919.632746)  can0  201   [6]  02 00 00 00 00 00
 (1789627919.635208)  can0  181   [8]  60 14 60 14 00 00 00 00
 (1789627919.635398)  can0  281   [5]  03 00 00 00 00
 (1789627919.642754)  can0  201   [6]  02 00 00 00 00 00
 (1789627919.652742)  can0  201   [6]  02 00 00 00 00 00
 (1789627919.662738)  can0  201   [6]  02 00 00 00 00 00
 (1789627919.672741)  can0  201   [6]  02 00 00 00 00 00
 (1789627919.682739)  can0  201   [6]  02 00 00 00 00 00
 (1789627919.685473)  can0  181   [8]  60 14 60 14 00 00 00 00
 (1789627919.685665)  can0  281   [5]  03 00 00 00 00
 (1789627919.692739)  can0  201   [6]  02 00 00 00 00 00
 (1789627919.702741)  can0  201   [6]  02 00 00 00 00 00
 (1789627919.712738)  can0  201   [6]  02 00 00 00 00 00
 (1789627919.722740)  can0  201   [6]  02 00 00 00 00 00
 (1789627919.732738)  can0  201   [6]  02 00 00 00 00 00
 (1789627919.735221)  can0  181   [8]  60 14 60 14 00 00 00 00
 (1789627919.735413)  can0  281   [5]  03 00 00 00 00
 (1789627919.742738)  can0  201   [6]  02 00 00 00 00 00
 (1789627919.752740)  can0  201   [6]  02 00 00 00 00 00
 (1789627919.762737)  can0  201   [6]  02 00 00 00 00 00
 (1789627919.772739)  can0  201   [6]  02 00 00 00 00 00
 (1789627919.775128)  can0  701   [1]  05
 (1789627919.782740)  can0  201   [6]  02 00 00 00 00 00
 (1789627919.785229)  can0  181   [8]  60 14 60 14 00 00 00 00
 (1789627919.785421)  can0  281   [5]  03 00 00 00 00
 (1789627919.792780)  can0  201   [6]  02 00 00 00 00 00
 (1789627919.802741)  can0  201   [6]  02 00 00 00 00 00
 (1789627919.812740)  can0  201   [6]  02 00 00 00 00 00
 (1789627919.822740)  can0  201   [6]  02 00 00 00 00 00
 (1789627919.832737)  can0  201   [6]  02 00 00 00 00 00
 (1789627919.835236)  can0  181   [8]  60 14 60 14 00 00 00 00
 (1789627919.835428)  can0  281   [5]  03 00 00 00 00
 (1789627919.842740)  can0  201   [6]  02 00 00 00 00 00
 (1789627919.852738)  can0  201   [6]  02 00 00 00 00 00
 (1789627919.862739)  can0  201   [6]  02 00 00 00 00 00
 (1789627919.872737)  can0  201   [6]  02 00 00 00 00 00
 (1789627919.882739)  can0  201   [6]  02 00 00 00 00 00
 (1789627919.885243)  can0  181   [8]  60 14 60 14 00 00 00 00
 (1789627919.885436)  can0  281   [5]  03 00 00 00 00
 (1789627919.892741)  can0  201   [6]  02 00 00 00 00 00
 (1789627919.902739)  can0  201   [6]  02 00 00 00 00 00
 (1789627919.912740)  can0  201   [6]  02 00 00 00 00 00
 (1789627919.922738)  can0  201   [6]  02 00 00 00 00 00
 (1789627919.932740)  can0  201   [6]  02 00 00 00 00 00
 (1789627919.935250)  can0  181   [8]  60 14 60 14 00 00 00 00
 (1789627919.935442)  can0  281   [5]  03 00 00 00 00
 (1789627919.942738)  can0  201   [6]  02 00 00 00 00 00
 (1789627919.952740)  can0  201   [6]  02 00 00 00 00 00
 (1789627919.962746)  can0  201   [6]  02 00 00 00 00 00
 (1789627919.972753)  can0  201   [6]  02 00 00 00 00 00
 (1789627919.982747)  can0  201   [6]  02 00 00 00 00 00
 (1789627919.985258)  can0  181   [8]  60 14 60 14 00 00 00 00
 (1789627919.985449)  can0  281   [5]  03 00 00 00 00
 (1789627919.992780)  can0  201   [6]  02 00 00 00 00 00
 (1789627920.002924)  can0  201   [6]  02 00 00 00 00 00
 (1789627920.012807)  can0  201   [6]  02 00 00 00 00 00
 (1789627920.022754)  can0  201   [6]  02 00 00 00 00 00
 (1789627920.024670)  can0  701   [1]  05
 (1789627920.032783)  can0  201   [6]  02 00 00 00 00 00
 (1789627920.035266)  can0  181   [8]  60 14 60 14 00 00 00 00
 (1789627920.035457)  can0  281   [5]  03 00 00 00 00
 (1789627920.042757)  can0  201   [6]  02 00 00 00 00 00
 (1789627920.052779)  can0  201   [6]  02 00 00 00 00 00
 (1789627920.062755)  can0  201   [6]  02 00 00 00 00 00
 (1789627920.072766)  can0  201   [6]  02 00 00 00 00 00
 (1789627920.082756)  can0  201   [6]  02 00 00 00 00 00
 (1789627920.085274)  can0  181   [8]  60 14 60 14 00 00 00 00
 (1789627920.085464)  can0  281   [5]  03 00 00 00 00
 (1789627920.092763)  can0  201   [6]  02 00 00 00 00 00
 (1789627920.102752)  can0  201   [6]  02 00 00 00 00 00
 (1789627920.112776)  can0  201   [6]  02 00 00 00 00 00
 (1789627920.122753)  can0  201   [6]  02 00 00 00 00 00
 (1789627920.132748)  can0  201   [6]  02 00 00 00 00 00
 (1789627920.135281)  can0  181   [8]  60 14 60 14 00 00 00 00
 (1789627920.135474)  can0  281   [5]  03 00 00 00 00
 (1789627920.142753)  can0  201   [6]  02 00 00 00 00 00
 (1789627920.152745)  can0  201   [6]  02 00 00 00 00 00
 (1789627920.162752)  can0  201   [6]  02 00 00 00 00 00
 (1789627920.172740)  can0  201   [6]  02 00 00 00 00 00
 (1789627920.182738)  can0  201   [6]  02 00 00 00 00 00
 (1789627920.185289)  can0  181   [8]  60 14 60 14 00 00 00 00
 (1789627920.185480)  can0  281   [5]  03 00 00 00 00
 (1789627920.192742)  can0  201   [6]  02 00 00 00 00 00
 (1789627920.202751)  can0  201   [6]  02 00 00 00 00 00
 (1789627920.212742)  can0  201   [6]  02 00 00 00 00 00
 (1789627920.222745)  can0  201   [6]  02 00 00 00 00 00
 (1789627920.232741)  can0  201   [6]  02 00 00 00 00 00
 (1789627920.235296)  can0  181   [8]  60 14 60 14 00 00 00 00
 (1789627920.235487)  can0  281   [5]  03 00 00 00 00
 (1789627920.242745)  can0  201   [6]  02 00 00 00 00 00
 (1789627920.252741)  can0  201   [6]  02 00 00 00 00 00
 (1789627920.262747)  can0  201   [6]  02 00 00 00 00 00
 (1789627920.272740)  can0  201   [6]  02 00 00 00 00 00
 (1789627920.274204)  can0  701   [1]  05
 (1789627920.282741)  can0  201   [6]  02 00 00 00 00 00
 (1789627920.285302)  can0  181   [8]  60 14 60 14 00 00 00 00
 (1789627920.285493)  can0  281   [5]  03 00 00 00 00
 (1789627920.292740)  can0  201   [6]  02 00 00 00 00 00
 (1789627920.302739)  can0  201   [6]  02 00 00 00 00 00
 (1789627920.312870)  can0  201   [6]  02 00 00 00 00 00
 (1789627920.322740)  can0  201   [6]  02 00 00 00 00 00
 (1789627920.332740)  can0  201   [6]  02 00 00 00 00 00
 (1789627920.335311)  can0  181   [8]  60 14 60 14 00 00 00 00
 (1789627920.335502)  can0  281   [5]  03 00 00 00 00
 (1789627920.342740)  can0  201   [6]  02 00 00 00 00 00
 (1789627920.352740)  can0  201   [6]  02 00 00 00 00 00
 (1789627920.362740)  can0  201   [6]  02 00 00 00 00 00
 (1789627920.372737)  can0  201   [6]  02 00 00 00 00 00
 (1789627920.382739)  can0  201   [6]  02 00 00 00 00 00
 (1789627920.385318)  can0  181   [8]  60 14 60 14 00 00 00 00
 (1789627920.385509)  can0  281   [5]  03 00 00 00 00
 (1789627920.392740)  can0  201   [6]  02 00 00 00 00 00
 (1789627920.402739)  can0  201   [6]  02 00 00 00 00 00
 (1789627920.412739)  can0  201   [6]  02 00 00 00 00 00
 (1789627920.422740)  can0  201   [6]  02 00 00 00 00 00
 (1789627920.432738)  can0  201   [6]  02 00 00 00 00 00
 (1789627920.435325)  can0  181   [8]  60 14 60 14 00 00 00 00
 (1789627920.435518)  can0  281   [5]  03 00 00 00 00
 (1789627920.442738)  can0  201   [6]  02 00 00 00 00 00
 (1789627920.452740)  can0  201   [6]  02 00 00 00 00 00
 (1789627920.462738)  can0  201   [6]  02 00 00 00 00 00
 (1789627920.472739)  can0  201   [6]  02 00 00 00 00 00
 (1789627920.482741)  can0  201   [6]  02 00 00 00 00 00
 (1789627920.485333)  can0  181   [8]  60 14 60 14 00 00 00 00
 (1789627920.485524)  can0  281   [5]  03 00 00 00 00
 (1789627920.492764)  can0  201   [6]  02 00 00 00 00 00
 (1789627920.502747)  can0  201   [6]  02 00 00 00 00 00
 (1789627920.512771)  can0  201   [6]  02 00 00 00 00 00
 (1789627920.522752)  can0  201   [6]  02 00 00 00 00 00
 (1789627920.523681)  can0  701   [1]  05
 (1789627920.532760)  can0  201   [6]  02 00 00 00 00 00
 (1789627920.535339)  can0  181   [8]  60 14 60 14 00 00 00 00
 (1789627920.535530)  can0  281   [5]  03 00 00 00 00
 (1789627920.542747)  can0  201   [6]  02 00 00 00 00 00
 (1789627920.552779)  can0  201   [6]  02 00 00 00 00 00
 (1789627920.562746)  can0  201   [6]  02 00 00 00 00 00
 (1789627920.572776)  can0  201   [6]  02 00 00 00 00 00
 (1789627920.582756)  can0  201   [6]  02 00 00 00 00 00
 (1789627920.585347)  can0  181   [8]  60 14 60 14 00 00 00 00
 (1789627920.585538)  can0  281   [5]  03 00 00 00 00
 (1789627920.592774)  can0  201   [6]  02 00 00 00 00 00
 (1789627920.602759)  can0  201   [6]  02 00 00 00 00 00
 (1789627920.612757)  can0  201   [6]  02 00 00 00 00 00
 (1789627920.622751)  can0  201   [6]  02 00 00 00 00 00
 (1789627920.632770)  can0  201   [6]  02 00 00 00 00 00
 (1789627920.635357)  can0  181   [8]  60 14 60 14 00 00 00 00
 (1789627920.635546)  can0  281   [5]  03 00 00 00 00
 (1789627920.642755)  can0  201   [6]  02 00 00 00 00 00
 (1789627920.652751)  can0  201   [6]  02 00 00 00 00 00
 (1789627920.662754)  can0  201   [6]  02 00 00 00 00 00
 (1789627920.672745)  can0  201   [6]  02 00 00 00 00 00
 (1789627920.682755)  can0  201   [6]  02 00 00 00 00 00
 (1789627920.685362)  can0  181   [8]  60 14 60 14 00 00 00 00
 (1789627920.685554)  can0  281   [5]  03 00 00 00 00
 (1789627920.692741)  can0  201   [6]  02 00 00 00 00 00
 (1789627920.702741)  can0  201   [6]  02 00 00 00 00 00
 (1789627920.712739)  can0  201   [6]  02 00 00 00 00 00
 (1789627920.722740)  can0  201   [6]  02 00 00 00 00 00
 (1789627920.732740)  can0  201   [6]  02 00 00 00 00 00
 (1789627920.735369)  can0  181   [8]  60 14 60 14 00 00 00 00
 (1789627920.735560)  can0  281   [5]  03 00 00 00 00
 (1789627920.742741)  can0  201   [6]  02 00 00 00 00 00
 (1789627920.752740)  can0  201   [6]  02 00 00 00 00 00
 (1789627920.762738)  can0  201   [6]  02 00 00 00 00 00
 (1789627920.772739)  can0  201   [6]  02 00 00 00 00 00
 (1789627920.773217)  can0  701   [1]  05
 (1789627920.782738)  can0  201   [6]  02 00 00 00 00 00
 (1789627920.785377)  can0  181   [8]  60 14 60 14 00 00 00 00
 (1789627920.785568)  can0  281   [5]  03 00 00 00 00
 (1789627920.792739)  can0  201   [6]  02 00 00 00 00 00
 (1789627920.802740)  can0  201   [6]  02 00 00 00 00 00
 (1789627920.812738)  can0  201   [6]  02 00 00 00 00 00
 (1789627920.822739)  can0  201   [6]  02 00 00 00 00 00
 (1789627920.832750)  can0  201   [6]  02 00 00 00 00 00
 (1789627920.835385)  can0  181   [8]  60 14 60 14 00 00 00 00
 (1789627920.835575)  can0  281   [5]  03 00 00 00 00
 (1789627920.842746)  can0  201   [6]  02 00 00 00 00 00
 (1789627920.852737)  can0  201   [6]  02 00 00 00 00 00
 (1789627920.862739)  can0  201   [6]  02 00 00 00 00 00
 (1789627920.872738)  can0  201   [6]  02 00 00 00 00 00
 (1789627920.882738)  can0  201   [6]  02 00 00 00 00 00
 (1789627920.885390)  can0  181   [8]  60 14 60 14 00 00 00 00
 (1789627920.885582)  can0  281   [5]  03 00 00 00 00
 (1789627920.892740)  can0  201   [6]  02 00 00 00 00 00
 (1789627920.902738)  can0  201   [6]  02 00 00 00 00 00
 (1789627920.912739)  can0  201   [6]  02 00 00 00 00 00
 (1789627920.922739)  can0  201   [6]  02 00 00 00 00 00
 (1789627920.932737)  can0  201   [6]  02 00 00 00 00 00
 (1789627920.935397)  can0  181   [8]  60 14 60 14 00 00 00 00
 (1789627920.935589)  can0  281   [5]  03 00 00 00 00
 (1789627920.942741)  can0  201   [6]  02 00 00 00 00 00
 (1789627920.952739)  can0  201   [6]  02 00 00 00 00 00
 (1789627920.962740)  can0  201   [6]  02 00 00 00 00 00
 (1789627920.972738)  can0  201   [6]  02 00 00 00 00 00
 (1789627920.982740)  can0  201   [6]  02 00 00 00 00 00
 (1789627920.985406)  can0  181   [8]  60 14 60 14 00 00 00 00
 (1789627920.985597)  can0  281   [5]  03 00 00 00 00
 (1789627920.992740)  can0  201   [6]  02 00 00 00 00 00
 (1789627921.002746)  can0  201   [6]  02 00 00 00 00 00
 (1789627921.012765)  can0  201   [6]  02 00 00 00 00 00
 (1789627921.022749)  can0  201   [6]  02 00 00 00 00 00
 (1789627921.022871)  can0  701   [1]  05
 (1789627921.032767)  can0  201   [6]  02 00 00 00 00 00
 (1789627921.035414)  can0  181   [8]  60 14 60 14 00 00 00 00
 (1789627921.035605)  can0  281   [5]  03 00 00 00 00
 (1789627921.042761)  can0  201   [6]  02 00 00 00 00 00
 (1789627921.052771)  can0  201   [6]  02 00 00 00 00 00
 (1789627921.062746)  can0  201   [6]  02 00 00 00 00 00
 (1789627921.072771)  can0  201   [6]  02 00 00 00 00 00
 (1789627921.082750)  can0  201   [6]  02 00 00 00 00 00
 (1789627921.085421)  can0  181   [8]  60 14 60 14 00 00 00 00
 (1789627921.085612)  can0  281   [5]  03 00 00 00 00
 (1789627921.092784)  can0  201   [6]  02 00 00 00 00 00
 (1789627921.102757)  can0  201   [6]  02 00 00 00 00 00
 (1789627921.112767)  can0  201   [6]  02 00 00 00 00 00
 (1789627921.122757)  can0  201   [6]  02 00 00 00 00 00
 (1789627921.132750)  can0  201   [6]  02 00 00 00 00 00
 (1789627921.135429)  can0  181   [8]  60 14 60 14 00 00 00 00
 (1789627921.135620)  can0  281   [5]  03 00 00 00 00
 (1789627921.142751)  can0  201   [6]  02 00 00 00 00 00
 (1789627921.152791)  can0  201   [6]  02 00 00 00 00 00
 (1789627921.162755)  can0  201   [6]  02 00 00 00 00 00
 (1789627921.172753)  can0  201   [6]  02 00 00 00 00 00
 (1789627921.182751)  can0  201   [6]  02 00 00 00 00 00
 (1789627921.185436)  can0  181   [8]  60 14 60 14 00 00 00 00
 (1789627921.185627)  can0  281   [5]  03 00 00 00 00
 (1789627921.192753)  can0  201   [6]  02 00 00 00 00 00
 (1789627921.202783)  can0  201   [6]  02 00 00 00 00 00
 (1789627921.212744)  can0  201   [6]  02 00 00 00 00 00
 (1789627921.222742)  can0  201   [6]  02 00 00 00 00 00
 (1789627921.232737)  can0  201   [6]  02 00 00 00 00 00
 (1789627921.235443)  can0  181   [8]  60 14 60 14 00 00 00 00
 (1789627921.235634)  can0  281   [5]  03 00 00 00 00
 (1789627921.242740)  can0  201   [6]  02 00 00 00 00 00
 (1789627921.252738)  can0  201   [6]  02 00 00 00 00 00
 (1789627921.262751)  can0  201   [6]  02 00 00 00 00 00
 (1789627921.272237)  can0  701   [1]  05
 (1789627921.272682)  can0  201   [6]  02 00 00 00 00 00
 (1789627921.282855)  can0  201   [6]  02 00 00 00 00 00
 (1789627921.285507)  can0  181   [8]  60 14 60 14 00 00 00 00
 (1789627921.285698)  can0  281   [5]  03 00 00 00 00
 (1789627921.292748)  can0  201   [6]  02 00 00 00 00 00
 (1789627921.302744)  can0  201   [6]  02 00 00 00 00 00
 (1789627921.312745)  can0  201   [6]  02 00 00 00 00 00
 (1789627921.322745)  can0  201   [6]  02 00 00 00 00 00
 (1789627921.332744)  can0  201   [6]  02 00 00 00 00 00
 (1789627921.335457)  can0  181   [8]  60 14 60 14 00 00 00 00
 (1789627921.335648)  can0  281   [5]  03 00 00 00 00
 (1789627921.342907)  can0  201   [6]  02 00 00 00 00 00
 (1789627921.352744)  can0  201   [6]  02 00 00 00 00 00
 (1789627921.362790)  can0  201   [6]  02 00 00 00 00 00
 (1789627921.372753)  can0  201   [6]  02 00 00 00 00 00
 (1789627921.382747)  can0  201   [6]  02 00 00 00 00 00
 (1789627921.385466)  can0  181   [8]  60 14 60 14 00 00 00 00
 (1789627921.385657)  can0  281   [5]  03 00 00 00 00
 (1789627921.392864)  can0  201   [6]  02 00 00 00 00 00
 (1789627921.402861)  can0  201   [6]  02 00 00 00 00 00
 (1789627921.412821)  can0  201   [6]  02 00 00 00 00 00
 (1789627921.422742)  can0  201   [6]  02 00 00 00 00 00
 (1789627921.432746)  can0  201   [6]  02 00 00 00 00 00
 (1789627921.435473)  can0  181   [8]  60 14 60 14 00 00 00 00
 (1789627921.435665)  can0  281   [5]  03 00 00 00 00
 (1789627921.442856)  can0  201   [6]  02 00 00 00 00 00
 (1789627921.452857)  can0  201   [6]  02 00 00 00 00 00
 (1789627921.462858)  can0  201   [6]  02 00 00 00 00 00
 (1789627921.472864)  can0  201   [6]  02 00 00 00 00 00
 (1789627921.482863)  can0  201   [6]  02 00 00 00 00 00
 (1789627921.485539)  can0  181   [8]  60 14 60 14 00 00 00 00
 (1789627921.485675)  can0  281   [5]  03 00 00 00 00
 (1789627921.492855)  can0  201   [6]  02 00 00 00 00 00
 (1789627921.502860)  can0  201   [6]  02 00 00 00 00 00
 (1789627921.512760)  can0  201   [6]  02 00 00 00 00 00
 (1789627921.521771)  can0  701   [1]  05
 (1789627921.522929)  can0  201   [6]  02 00 00 00 00 00
 (1789627921.532953)  can0  201   [6]  02 00 00 00 00 00
 (1789627921.535490)  can0  181   [8]  60 14 60 14 00 00 00 00
 (1789627921.535683)  can0  281   [5]  03 00 00 00 00
 (1789627921.542935)  can0  201   [6]  02 00 00 00 00 00
 (1789627921.552952)  can0  201   [6]  02 00 00 00 00 00
 (1789627921.562938)  can0  201   [6]  02 00 00 00 00 00
 (1789627921.572971)  can0  201   [6]  02 00 00 00 00 00
 (1789627921.582910)  can0  201   [6]  02 00 00 00 00 00
 (1789627921.585553)  can0  181   [8]  60 14 60 14 00 00 00 00
 (1789627921.585747)  can0  281   [5]  03 00 00 00 00
 (1789627921.593036)  can0  201   [6]  02 00 00 00 00 00
 (1789627921.602922)  can0  201   [6]  02 00 00 00 00 00
 (1789627921.613031)  can0  201   [6]  02 00 00 00 00 00
 (1789627921.622976)  can0  201   [6]  02 00 00 00 00 00
 (1789627921.633002)  can0  201   [6]  02 00 00 00 00 00
 (1789627921.635560)  can0  181   [8]  60 14 60 14 00 00 00 00
 (1789627921.635693)  can0  281   [5]  03 00 00 00 00
 (1789627921.642980)  can0  201   [6]  02 00 00 00 00 00
 (1789627921.652904)  can0  201   [6]  02 00 00 00 00 00
 (1789627921.662915)  can0  201   [6]  02 00 00 00 00 00
 (1789627921.672985)  can0  201   [6]  02 00 00 00 00 00
 (1789627921.682957)  can0  201   [6]  02 00 00 00 00 00
 (1789627921.685566)  can0  181   [8]  60 14 60 14 00 00 00 00
 (1789627921.685755)  can0  281   [5]  03 00 00 00 00
 (1789627921.692914)  can0  201   [6]  02 00 00 00 00 00
 (1789627921.702915)  can0  201   [6]  02 00 00 00 00 00
 (1789627921.712905)  can0  201   [6]  02 00 00 00 00 00
 (1789627921.722903)  can0  201   [6]  02 00 00 00 00 00
 (1789627921.732894)  can0  201   [6]  02 00 00 00 00 00
 (1789627921.735576)  can0  181   [8]  60 14 60 14 00 00 00 00
 (1789627921.735766)  can0  281   [5]  03 00 00 00 00
 (1789627921.742865)  can0  201   [6]  02 00 00 00 00 00
 (1789627921.752863)  can0  201   [6]  02 00 00 00 00 00
 (1789627921.762857)  can0  201   [6]  02 00 00 00 00 00
 (1789627921.771365)  can0  701   [1]  05
 (1789627921.772858)  can0  201   [6]  02 00 00 00 00 00
 (1789627921.782863)  can0  201   [6]  02 00 00 00 00 00
 (1789627921.785580)  can0  181   [8]  60 14 60 14 00 00 00 00
 (1789627921.785771)  can0  281   [5]  03 00 00 00 00
 (1789627921.792858)  can0  201   [6]  02 00 00 00 00 00
 (1789627921.802865)  can0  201   [6]  02 00 00 00 00 00
 (1789627921.812859)  can0  201   [6]  02 00 00 00 00 00
 (1789627921.822862)  can0  201   [6]  02 00 00 00 00 00
 (1789627921.832856)  can0  201   [6]  02 00 00 00 00 00
 (1789627921.835589)  can0  181   [8]  60 14 60 14 00 00 00 00
 (1789627921.835780)  can0  281   [5]  03 00 00 00 00
 (1789627921.842858)  can0  201   [6]  02 00 00 00 00 00
 (1789627921.852862)  can0  201   [6]  02 00 00 00 00 00
 (1789627921.862858)  can0  201   [6]  02 00 00 00 00 00
 (1789627921.872861)  can0  201   [6]  02 00 00 00 00 00
 (1789627921.882972)  can0  201   [6]  02 00 00 00 00 00
 (1789627921.885597)  can0  181   [8]  60 14 60 14 00 00 00 00
 (1789627921.885787)  can0  281   [5]  03 00 00 00 00
 (1789627921.892871)  can0  201   [6]  02 00 00 00 00 00
 (1789627921.902858)  can0  201   [6]  02 00 00 00 00 00
 (1789627921.912856)  can0  201   [6]  02 00 00 00 00 00
 (1789627921.922805)  can0  201   [6]  02 00 00 00 00 00
 (1789627921.932858)  can0  201   [6]  02 00 00 00 00 00
 (1789627921.935606)  can0  181   [8]  60 14 60 14 00 00 00 00
 (1789627921.935796)  can0  281   [5]  03 00 00 00 00
 (1789627921.942749)  can0  201   [6]  02 00 00 00 00 00
 (1789627921.952745)  can0  201   [6]  02 00 00 00 00 00
 (1789627921.962746)  can0  201   [6]  06 00 00 00 00 00
 (1789627921.972746)  can0  201   [6]  06 00 00 00 00 00
 (1789627921.982742)  can0  201   [6]  06 00 00 00 00 00
 (1789627921.985552)  can0  181   [8]  21 14 21 14 00 00 00 00
 (1789627921.985743)  can0  281   [5]  03 00 00 00 00
 (1789627921.992745)  can0  201   [6]  07 00 00 00 00 00
 (1789627922.002743)  can0  201   [6]  07 00 00 00 00 00
 (1789627922.012743)  can0  201   [6]  07 00 00 00 00 00
 (1789627922.020838)  can0  701   [1]  05
 (1789627922.022740)  can0  201   [6]  07 00 00 00 00 00
 (1789627922.032746)  can0  201   [6]  07 00 00 00 00 00
 (1789627922.035550)  can0  181   [8]  23 14 23 14 00 00 00 00
 (1789627922.035741)  can0  281   [5]  03 00 00 00 00
 (1789627922.042744)  can0  201   [6]  0F 00 00 00 00 00
 (1789627922.052768)  can0  201   [6]  0F 00 00 00 00 00
 (1789627922.062753)  can0  201   [6]  0F 00 00 00 00 00
 (1789627922.072767)  can0  201   [6]  0F 00 00 00 00 00
 (1789627922.082762)  can0  201   [6]  0F 00 00 00 00 00
 (1789627922.085499)  can0  181   [8]  27 14 27 14 00 00 00 00
 (1789627922.085688)  can0  281   [5]  03 00 00 00 00
 (1789627922.092789)  can0  201   [6]  0F 00 00 00 00 00
 (1789627922.102750)  can0  201   [6]  0F 00 00 00 00 00
 (1789627922.112788)  can0  201   [6]  0F 00 00 00 00 00
 (1789627922.122750)  can0  201   [6]  0F 00 00 00 00 00
 (1789627922.132782)  can0  201   [6]  0F 00 00 00 00 00
 (1789627922.135443)  can0  181   [8]  27 14 27 14 00 00 00 00
 (1789627922.135633)  can0  281   [5]  03 00 00 00 00
 (1789627922.142764)  can0  201   [6]  0F 00 00 00 00 00
 (1789627922.152763)  can0  201   [6]  0F 00 00 00 00 00
 (1789627922.162768)  can0  201   [6]  0F 00 00 00 00 00
 (1789627922.172758)  can0  201   [6]  0F 00 00 00 00 00
 (1789627922.182752)  can0  201   [6]  0F 00 00 00 00 00
 (1789627922.185387)  can0  181   [8]  27 14 27 14 00 00 00 00
 (1789627922.185578)  can0  281   [5]  03 00 00 00 00
 (1789627922.192785)  can0  201   [6]  0F 00 00 00 00 00
 (1789627922.202772)  can0  201   [6]  0F 00 00 00 00 00
 (1789627922.212756)  can0  201   [6]  0F 00 00 00 00 00
 (1789627922.222753)  can0  201   [6]  0F 00 00 00 00 00
 (1789627922.232751)  can0  201   [6]  0F 00 00 00 00 00
 (1789627922.235333)  can0  181   [8]  27 14 27 14 00 00 00 00
 (1789627922.235523)  can0  281   [5]  03 00 00 00 00
 (1789627922.242757)  can0  201   [6]  0F 00 00 00 00 00
 (1789627922.252749)  can0  201   [6]  0F 00 00 00 00 00
 (1789627922.262742)  can0  201   [6]  0F 00 00 00 00 00
 (1789627922.270317)  can0  701   [1]  05
 (1789627922.272743)  can0  201   [6]  0F 00 00 00 00 00
 (1789627922.282741)  can0  201   [6]  0F 00 00 00 00 00
 (1789627922.285278)  can0  181   [8]  27 14 27 14 00 00 00 00
 (1789627922.285469)  can0  281   [5]  03 00 00 00 00
 (1789627922.292745)  can0  201   [6]  0F 00 00 00 00 00
 (1789627922.302741)  can0  201   [6]  0F 00 00 00 00 00
 (1789627922.312745)  can0  201   [6]  0F 00 00 00 00 00
 (1789627922.322742)  can0  201   [6]  0F 00 00 00 00 00
 (1789627922.332742)  can0  201   [6]  0F 00 00 00 00 00
 (1789627922.335221)  can0  181   [8]  27 14 27 14 00 00 00 00
 (1789627922.335412)  can0  281   [5]  03 00 00 00 00
 (1789627922.342742)  can0  201   [6]  0F 00 00 00 00 00
 (1789627922.352742)  can0  201   [6]  0F 00 00 00 00 00
 (1789627922.362744)  can0  201   [6]  0F 00 00 00 00 00
 (1789627922.372741)  can0  201   [6]  0F 00 00 00 00 00
 (1789627922.382743)  can0  201   [6]  0F 00 00 00 00 00
 (1789627922.385166)  can0  181   [8]  27 14 27 14 00 00 00 00
 (1789627922.385357)  can0  281   [5]  03 00 00 00 00
 (1789627922.392744)  can0  201   [6]  0F 00 00 00 00 00
 (1789627922.402770)  can0  201   [6]  0F 00 00 00 00 00
 (1789627922.412749)  can0  201   [6]  0F 00 00 00 00 00
 (1789627922.422743)  can0  201   [6]  0F 00 00 00 00 00
 (1789627922.432744)  can0  201   [6]  0F 00 00 00 00 00
 (1789627922.435111)  can0  181   [8]  27 14 27 14 00 00 00 00
 (1789627922.435303)  can0  281   [5]  03 00 00 00 00
 (1789627922.442743)  can0  201   [6]  0F 00 00 00 00 00
 (1789627922.452743)  can0  201   [6]  0F 00 00 00 00 00
 (1789627922.462742)  can0  201   [6]  0F 00 00 00 00 00
 (1789627922.472742)  can0  201   [6]  0F 00 00 00 00 00
 (1789627922.482744)  can0  201   [6]  0F 00 00 00 00 00
 (1789627922.485055)  can0  181   [8]  27 14 27 14 00 00 00 00
 (1789627922.485246)  can0  281   [5]  03 00 00 00 00
 (1789627922.492743)  can0  201   [6]  0F 00 00 00 00 00
 (1789627922.502742)  can0  201   [6]  0F 00 00 00 00 00
 (1789627922.512742)  can0  201   [6]  0F 00 00 00 00 00
 (1789627922.519855)  can0  701   [1]  05
 (1789627922.522745)  can0  201   [6]  0F 00 00 00 00 00
 (1789627922.532741)  can0  201   [6]  0F 00 00 00 00 00
 (1789627922.535000)  can0  181   [8]  27 14 27 14 00 00 00 00
 (1789627922.535193)  can0  281   [5]  03 00 00 00 00
 (1789627922.542742)  can0  201   [6]  0F 00 00 00 00 00
 (1789627922.552744)  can0  201   [6]  0F 00 00 00 00 00
 (1789627922.562741)  can0  201   [6]  0F 00 00 00 00 00
 (1789627922.572765)  can0  201   [6]  0F 00 00 00 00 00
 (1789627922.582751)  can0  201   [6]  0F 00 00 00 00 00
 (1789627922.584947)  can0  181   [8]  27 14 27 14 00 00 00 00
 (1789627922.585138)  can0  281   [5]  03 00 00 00 00
 (1789627922.592764)  can0  201   [6]  0F 00 00 00 00 00
 (1789627922.602758)  can0  201   [6]  0F 00 00 00 00 00
 (1789627922.612756)  can0  201   [6]  0F 00 00 00 00 00
 (1789627922.622759)  can0  201   [6]  0F 00 00 00 00 00
 (1789627922.632787)  can0  201   [6]  0F 00 00 00 00 00
 (1789627922.634891)  can0  181   [8]  27 14 27 14 00 00 00 00
 (1789627922.635082)  can0  281   [5]  03 00 00 00 00
 (1789627922.642752)  can0  201   [6]  0F 00 00 00 00 00
 (1789627922.652792)  can0  201   [6]  0F 00 00 00 00 00
 (1789627922.662763)  can0  201   [6]  0F 00 00 00 00 00
 (1789627922.672755)  can0  201   [6]  0F 00 00 00 00 00
 (1789627922.682769)  can0  201   [6]  0F 00 00 00 00 00
 (1789627922.684837)  can0  181   [8]  27 14 27 14 00 00 00 00
 (1789627922.685027)  can0  281   [5]  03 00 00 00 00
 (1789627922.692760)  can0  201   [6]  0F 00 00 00 00 00
 (1789627922.702753)  can0  201   [6]  0F 00 00 00 00 00
 (1789627922.712780)  can0  201   [6]  0F 00 00 00 00 00
 (1789627922.722769)  can0  201   [6]  0F 00 00 00 00 00
 (1789627922.732758)  can0  201   [6]  0F 00 00 00 00 00
 (1789627922.734782)  can0  181   [8]  27 14 27 14 00 00 00 00
 (1789627922.734971)  can0  281   [5]  03 00 00 00 00
 (1789627922.742756)  can0  201   [6]  0F 00 00 00 00 00
 (1789627922.752752)  can0  201   [6]  0F 00 00 00 00 00
 (1789627922.762753)  can0  201   [6]  0F 00 00 00 00 00
 (1789627922.769392)  can0  701   [1]  05
 (1789627922.772748)  can0  201   [6]  0F 00 00 00 00 00
 (1789627922.782743)  can0  201   [6]  0F 00 00 00 00 00
 (1789627922.784726)  can0  181   [8]  27 14 27 14 00 00 00 00
 (1789627922.784917)  can0  281   [5]  03 00 00 00 00
 (1789627922.792741)  can0  201   [6]  0F 00 00 00 00 00
 (1789627922.802743)  can0  201   [6]  0F 00 00 00 00 00
 (1789627922.812740)  can0  201   [6]  0F 00 00 00 00 00
 (1789627922.822740)  can0  201   [6]  0F 00 00 00 00 00
 (1789627922.832744)  can0  201   [6]  0F 00 00 00 00 00
 (1789627922.834670)  can0  181   [8]  27 14 27 14 00 00 00 00
 (1789627922.834862)  can0  281   [5]  03 00 00 00 00
 (1789627922.842741)  can0  201   [6]  0F 00 00 00 00 00
 (1789627922.852745)  can0  201   [6]  0F 00 00 00 00 00
 (1789627922.862741)  can0  201   [6]  0F 00 00 00 00 00
 (1789627922.872742)  can0  201   [6]  0F 00 00 00 00 00
 (1789627922.882742)  can0  201   [6]  0F 00 00 00 00 00
 (1789627922.884616)  can0  181   [8]  27 14 27 14 00 00 00 00
 (1789627922.884807)  can0  281   [5]  03 00 00 00 00
 (1789627922.892742)  can0  201   [6]  0F 00 00 00 00 00
 (1789627922.902741)  can0  201   [6]  0F 00 00 00 00 00
 (1789627922.912741)  can0  201   [6]  0F 00 00 00 00 00
 (1789627922.922775)  can0  201   [6]  0F 00 00 00 00 00
 (1789627922.932746)  can0  201   [6]  0F 00 00 00 00 00
 (1789627922.934561)  can0  181   [8]  27 14 27 14 00 00 00 00
 (1789627922.934753)  can0  281   [5]  03 00 00 00 00
 (1789627922.942745)  can0  201   [6]  0F 00 00 00 00 00
 (1789627922.952742)  can0  201   [6]  0F 00 00 00 00 00
 (1789627922.962742)  can0  201   [6]  0F 00 00 00 00 00
 (1789627922.972743)  can0  201   [6]  0F 00 00 00 00 00
 (1789627922.982741)  can0  201   [6]  0F 00 00 00 00 00
 (1789627922.984506)  can0  181   [8]  27 14 27 14 00 00 00 00
 (1789627922.984697)  can0  281   [5]  03 00 00 00 00
 (1789627922.992743)  can0  201   [6]  0F 00 00 00 00 00
 (1789627923.002749)  can0  201   [6]  0F 00 00 00 00 00
 (1789627923.012744)  can0  201   [6]  0F 00 00 00 00 00
 (1789627923.018868)  can0  701   [1]  05
 (1789627923.022742)  can0  201   [6]  0F 00 00 00 00 00
 (1789627923.032742)  can0  201   [6]  0F 00 00 00 00 00
 (1789627923.034450)  can0  181   [8]  27 14 27 14 00 00 00 00
 (1789627923.034641)  can0  281   [5]  03 00 00 00 00
 (1789627923.042748)  can0  201   [6]  0F 00 00 00 00 00
 (1789627923.052741)  can0  201   [6]  0F 00 00 00 00 00
 (1789627923.062743)  can0  201   [6]  0F 00 00 00 00 00
 (1789627923.072745)  can0  201   [6]  0F 00 00 00 00 00
 (1789627923.082746)  can0  201   [6]  0F 00 00 00 00 00
 (1789627923.084396)  can0  181   [8]  27 14 27 14 00 00 00 00
 (1789627923.084587)  can0  281   [5]  03 00 00 00 00
 (1789627923.092769)  can0  201   [6]  0F 00 00 00 00 00
 (1789627923.102752)  can0  201   [6]  0F 00 00 00 00 00
 (1789627923.112760)  can0  201   [6]  0F 00 00 00 00 00
 (1789627923.122761)  can0  201   [6]  0F 00 00 00 00 00
 (1789627923.132753)  can0  201   [6]  0F 00 00 00 00 00
 (1789627923.134342)  can0  181   [8]  27 14 27 14 00 00 00 00
 (1789627923.134532)  can0  281   [5]  03 00 00 00 00
 (1789627923.142770)  can0  201   [6]  0F 00 00 00 00 00
 (1789627923.152786)  can0  201   [6]  0F 00 00 00 00 00
 (1789627923.162749)  can0  201   [6]  0F 00 00 00 00 00
 (1789627923.172778)  can0  201   [6]  0F 00 00 00 00 00
 (1789627923.182768)  can0  201   [6]  0F 00 00 00 00 00
 (1789627923.184286)  can0  181   [8]  27 14 27 14 00 00 00 00
 (1789627923.184476)  can0  281   [5]  03 00 00 00 00
 (1789627923.192759)  can0  201   [6]  0F 00 00 00 00 00
 (1789627923.202770)  can0  201   [6]  0F 00 00 00 00 00
 (1789627923.212754)  can0  201   [6]  0F 00 00 00 00 00
 (1789627923.222758)  can0  201   [6]  0F 00 00 00 00 00
 (1789627923.232761)  can0  201   [6]  0F 00 00 00 00 00
 (1789627923.234231)  can0  181   [8]  27 14 27 14 00 00 00 00
 (1789627923.234422)  can0  281   [5]  03 00 00 00 00
 (1789627923.242772)  can0  201   [6]  0F 00 00 00 00 00
 (1789627923.252762)  can0  201   [6]  0F 00 00 00 00 00
 (1789627923.262753)  can0  201   [6]  0F 00 00 00 00 00
 (1789627923.268406)  can0  701   [1]  05
 (1789627923.272754)  can0  201   [6]  0F 00 00 00 00 00
 (1789627923.282747)  can0  201   [6]  0F 00 00 00 00 00
 (1789627923.284177)  can0  181   [8]  27 14 27 14 00 00 00 00
 (1789627923.284369)  can0  281   [5]  03 00 00 00 00
 (1789627923.292754)  can0  201   [6]  0F 00 00 00 00 00
 (1789627923.302744)  can0  201   [6]  0F 00 00 00 00 00
 (1789627923.312741)  can0  201   [6]  0F 00 00 00 00 00
 (1789627923.322745)  can0  201   [6]  0F 00 00 00 00 00
 (1789627923.332741)  can0  201   [6]  0F 00 00 00 00 00
 (1789627923.334120)  can0  181   [8]  27 14 27 14 00 00 00 00
 (1789627923.334311)  can0  281   [5]  03 00 00 00 00
 (1789627923.342746)  can0  201   [6]  0F 00 00 00 00 00
 (1789627923.352743)  can0  201   [6]  0F 00 00 00 00 00
 (1789627923.362743)  can0  201   [6]  0F 00 00 00 00 00
 (1789627923.372740)  can0  201   [6]  0F 00 00 00 00 00
 (1789627923.382740)  can0  201   [6]  0F 00 00 00 00 00
 (1789627923.384065)  can0  181   [8]  27 14 27 14 00 00 00 00
 (1789627923.384257)  can0  281   [5]  03 00 00 00 00
 (1789627923.392743)  can0  201   [6]  0F 00 00 00 00 00
 (1789627923.402743)  can0  201   [6]  0F 00 00 00 00 00
 (1789627923.412742)  can0  201   [6]  0F 00 00 00 00 00
 (1789627923.422740)  can0  201   [6]  0F 00 00 00 00 00
 (1789627923.432742)  can0  201   [6]  0F 00 00 00 00 00
 (1789627923.434011)  can0  181   [8]  27 14 27 14 00 00 00 00
 (1789627923.434202)  can0  281   [5]  03 00 00 00 00
 (1789627923.442775)  can0  201   [6]  0F 00 00 00 00 00
 (1789627923.452744)  can0  201   [6]  0F 00 00 00 00 00
 (1789627923.462744)  can0  201   [6]  0F 00 00 00 00 00
 (1789627923.472742)  can0  201   [6]  0F 00 00 00 00 00
 (1789627923.482741)  can0  201   [6]  0F 00 00 00 00 00
 (1789627923.483955)  can0  181   [8]  27 14 27 14 00 00 00 00
 (1789627923.484146)  can0  281   [5]  03 00 00 00 00
 (1789627923.492742)  can0  201   [6]  0F 00 00 00 00 00
 (1789627923.502742)  can0  201   [6]  0F 00 00 00 00 00
 (1789627923.512742)  can0  201   [6]  0F 00 00 00 00 00
 (1789627923.517945)  can0  701   [1]  05
 (1789627923.522741)  can0  201   [6]  0F 00 00 00 00 00
 (1789627923.532743)  can0  201   [6]  0F 00 00 00 00 00
 (1789627923.533900)  can0  181   [8]  27 14 27 14 00 00 00 00
 (1789627923.534093)  can0  281   [5]  03 00 00 00 00
 (1789627923.542742)  can0  201   [6]  0F 00 00 00 00 00
 (1789627923.552744)  can0  201   [6]  0F 00 00 00 00 00
 (1789627923.562741)  can0  201   [6]  0F 00 00 00 00 00
 (1789627923.572743)  can0  201   [6]  0F 00 00 00 00 00
 (1789627923.582743)  can0  201   [6]  0F 00 00 00 00 00
 (1789627923.583846)  can0  181   [8]  27 14 27 14 00 00 00 00
 (1789627923.584038)  can0  281   [5]  03 00 00 00 00
 (1789627923.592746)  can0  201   [6]  0F 00 00 00 00 00
 (1789627923.602746)  can0  201   [6]  0F 00 00 00 00 00
 (1789627923.612759)  can0  201   [6]  0F 00 00 00 00 00
 (1789627923.622755)  can0  201   [6]  0F 00 00 00 00 00
 (1789627923.632749)  can0  201   [6]  0F 00 00 00 00 00
 (1789627923.633792)  can0  181   [8]  27 14 27 14 00 00 00 00
 (1789627923.633982)  can0  281   [5]  03 00 00 00 00
 (1789627923.642754)  can0  201   [6]  0F 00 00 00 00 00
 (1789627923.652748)  can0  201   [6]  0F 00 00 00 00 00
 (1789627923.662765)  can0  201   [6]  0F 00 00 00 00 00
 (1789627923.672746)  can0  201   [6]  0F 00 00 00 00 00
 (1789627923.682743)  can0  201   [6]  0F 00 00 00 00 00
 (1789627923.683737)  can0  181   [8]  27 14 27 14 00 00 00 00
 (1789627923.683928)  can0  281   [5]  03 00 00 00 00
 (1789627923.692742)  can0  201   [6]  0F 00 00 00 00 00
 (1789627923.702742)  can0  201   [6]  0F 00 00 00 00 00
 (1789627923.712744)  can0  201   [6]  0F 00 00 00 00 00
 (1789627923.722741)  can0  201   [6]  0F 00 00 00 00 00
 (1789627923.732741)  can0  201   [6]  0F 00 00 00 00 00
 (1789627923.733681)  can0  181   [8]  27 14 27 14 00 00 00 00
 (1789627923.733873)  can0  281   [5]  03 00 00 00 00
 (1789627923.742745)  can0  201   [6]  0F 00 00 00 00 00
 (1789627923.752742)  can0  201   [6]  0F 00 00 00 00 00
 (1789627923.762744)  can0  201   [6]  0F 00 00 00 00 00
 (1789627923.767422)  can0  701   [1]  05
 (1789627923.772742)  can0  201   [6]  0F 00 00 00 00 00
 (1789627923.782744)  can0  201   [6]  0F 00 00 00 00 00
 (1789627923.783626)  can0  181   [8]  27 14 27 14 00 00 00 00
 (1789627923.783818)  can0  281   [5]  03 00 00 00 00
 (1789627923.792742)  can0  201   [6]  0F 00 00 00 00 00
 (1789627923.802742)  can0  201   [6]  0F 00 00 00 00 00
 (1789627923.812789)  can0  201   [6]  0F 00 00 00 00 00
 (1789627923.822745)  can0  201   [6]  0F 00 00 00 00 00
 (1789627923.832745)  can0  201   [6]  0F 00 00 00 00 00
 (1789627923.833571)  can0  181   [8]  27 14 27 14 00 00 00 00
 (1789627923.833762)  can0  281   [5]  03 00 00 00 00
 (1789627923.842743)  can0  201   [6]  0F 00 00 00 00 00
 (1789627923.852744)  can0  201   [6]  0F 00 00 00 00 00
 (1789627923.862742)  can0  201   [6]  0F 00 00 00 00 00
 (1789627923.872741)  can0  201   [6]  0F 00 00 00 00 00
 (1789627923.882745)  can0  201   [6]  0F 00 00 00 00 00
 (1789627923.883515)  can0  181   [8]  27 14 27 14 00 00 00 00
 (1789627923.883708)  can0  281   [5]  03 00 00 00 00
 (1789627923.892743)  can0  201   [6]  0F 00 00 00 00 00
 (1789627923.902743)  can0  201   [6]  0F 00 00 00 00 00
 (1789627923.912740)  can0  201   [6]  0F 00 00 00 00 00
 (1789627923.922742)  can0  201   [6]  0F 00 00 00 00 00
 (1789627923.932740)  can0  201   [6]  0F 00 00 00 00 00
 (1789627923.933460)  can0  181   [8]  27 14 27 14 00 00 00 00
 (1789627923.933652)  can0  281   [5]  03 00 00 00 00
 (1789627923.942742)  can0  201   [6]  0F 00 00 00 00 00
 (1789627923.952744)  can0  201   [6]  0F 00 00 00 00 00
 (1789627923.962741)  can0  201   [6]  0F 00 00 00 00 00
 (1789627923.972749)  can0  201   [6]  0F 00 00 00 00 00
 (1789627923.982744)  can0  201   [6]  0F 00 00 00 00 00
 (1789627923.983406)  can0  181   [8]  27 14 27 14 00 00 00 00
 (1789627923.983597)  can0  281   [5]  03 00 00 00 00
 (1789627923.992771)  can0  201   [6]  0F 00 00 00 00 00
 (1789627924.002767)  can0  201   [6]  0F 00 00 00 00 00
 (1789627924.012754)  can0  201   [6]  0F 00 00 00 00 00
 (1789627924.016958)  can0  701   [1]  05
 (1789627924.022751)  can0  201   [6]  0F 00 00 00 00 00
 (1789627924.032751)  can0  201   [6]  0F 00 00 00 00 00
 (1789627924.033350)  can0  181   [8]  27 14 27 14 00 00 00 00
 (1789627924.033541)  can0  281   [5]  03 00 00 00 00
 (1789627924.042756)  can0  201   [6]  0F 00 00 00 00 00
 (1789627924.052743)  can0  201   [6]  0F 00 00 00 00 00
 (1789627924.062743)  can0  201   [6]  0F 00 00 00 00 00
 (1789627924.072742)  can0  201   [6]  0F 00 00 00 00 00
 (1789627924.082743)  can0  201   [6]  0F 00 00 00 00 00
 (1789627924.083295)  can0  181   [8]  27 14 27 14 00 00 00 00
 (1789627924.083486)  can0  281   [5]  03 00 00 00 00
 (1789627924.092747)  can0  201   [6]  0F 00 00 00 00 00
 (1789627924.102740)  can0  201   [6]  0F 00 00 00 00 00
 (1789627924.112744)  can0  201   [6]  0F 00 00 00 00 00
 (1789627924.122742)  can0  201   [6]  0F 00 00 00 00 00
 (1789627924.132743)  can0  201   [6]  0F 00 00 00 00 00
 (1789627924.133241)  can0  181   [8]  27 14 27 14 00 00 00 00
 (1789627924.133432)  can0  281   [5]  03 00 00 00 00
 (1789627924.142742)  can0  201   [6]  0F 00 00 00 00 00
 (1789627924.152742)  can0  201   [6]  0F 00 00 00 00 00
 (1789627924.162743)  can0  201   [6]  0F 00 00 00 00 00
 (1789627924.172741)  can0  201   [6]  0F 00 00 00 00 00
 (1789627924.182743)  can0  201   [6]  0F 00 00 00 00 00
 (1789627924.183185)  can0  181   [8]  27 14 27 14 00 00 00 00
 (1789627924.183377)  can0  281   [5]  03 00 00 00 00
 (1789627924.192793)  can0  201   [6]  0F 00 00 00 00 00
 (1789627924.202747)  can0  201   [6]  0F 00 00 00 00 00
 (1789627924.212743)  can0  201   [6]  0F 00 00 00 00 00
 (1789627924.222742)  can0  201   [6]  0F 00 00 00 00 00
 (1789627924.232742)  can0  201   [6]  0F 00 00 00 00 00
 (1789627924.233133)  can0  181   [8]  27 14 27 14 00 00 00 00
 (1789627924.233324)  can0  281   [5]  03 00 00 00 00
 (1789627924.242743)  can0  201   [6]  0F 00 00 00 00 00
 (1789627924.252744)  can0  201   [6]  0F 00 00 00 00 00
 (1789627924.262740)  can0  201   [6]  0F 00 00 00 00 00
 (1789627924.266496)  can0  701   [1]  05
 (1789627924.272744)  can0  201   [6]  0F 00 00 00 00 00
 (1789627924.282742)  can0  201   [6]  0F 00 00 00 00 00
 (1789627924.283139)  can0  181   [8]  27 14 27 14 00 00 00 00
 (1789627924.283331)  can0  281   [5]  03 00 00 00 00
 (1789627924.292743)  can0  201   [6]  0F 00 00 00 00 00
 (1789627924.302744)  can0  201   [6]  0F 00 00 00 00 00
 (1789627924.312740)  can0  201   [6]  0F 00 00 00 00 00
 (1789627924.322742)  can0  201   [6]  0F 00 00 00 00 00
 (1789627924.332741)  can0  201   [6]  0F 00 00 00 00 00
 (1789627924.333146)  can0  181   [8]  27 14 27 14 00 00 00 00
 (1789627924.333338)  can0  281   [5]  03 00 00 00 00
 (1789627924.342748)  can0  201   [6]  0F 00 00 00 00 00
 (1789627924.352744)  can0  201   [6]  0F 00 00 00 00 00
 (1789627924.362770)  can0  201   [6]  0F 00 00 00 00 00
 (1789627924.372755)  can0  201   [6]  0F 00 00 00 00 00
 (1789627924.382751)  can0  201   [6]  0F 00 00 00 00 00
 (1789627924.383155)  can0  181   [8]  27 14 27 14 00 00 00 00
 (1789627924.383346)  can0  281   [5]  03 00 00 00 00
 (1789627924.392754)  can0  201   [6]  0F 00 00 00 00 00
 (1789627924.402758)  can0  201   [6]  0F 00 00 00 00 00
 (1789627924.412759)  can0  201   [6]  0F 00 00 00 00 00
 (1789627924.422743)  can0  201   [6]  0F 00 00 00 00 00
 (1789627924.432742)  can0  201   [6]  0F 00 00 00 00 00
 (1789627924.433159)  can0  181   [8]  27 14 27 14 00 00 00 00
 (1789627924.433351)  can0  281   [5]  03 00 00 00 00
 (1789627924.442743)  can0  201   [6]  0F 00 00 00 00 00
 (1789627924.452741)  can0  201   [6]  0F 00 00 00 00 00
 (1789627924.462742)  can0  201   [6]  0F 00 00 00 00 00
 (1789627924.472740)  can0  201   [6]  0F 00 00 00 00 00
 (1789627924.482742)  can0  201   [6]  0F 00 00 00 00 00
 (1789627924.483110)  can0  181   [8]  27 14 27 14 00 00 00 00
 (1789627924.483302)  can0  281   [5]  03 00 00 00 00
 (1789627924.492743)  can0  201   [6]  0F 00 00 00 00 00
 (1789627924.502740)  can0  201   [6]  0F 00 00 00 00 00
 (1789627924.512744)  can0  201   [6]  0F 00 00 00 00 00
 (1789627924.515977)  can0  701   [1]  05
 (1789627924.522743)  can0  201   [6]  0F 00 00 00 00 00
 (1789627924.532745)  can0  201   [6]  0F 00 00 00 00 00
 (1789627924.533114)  can0  181   [8]  27 14 27 14 00 00 00 00
 (1789627924.533306)  can0  281   [5]  03 00 00 00 00
 (1789627924.542743)  can0  201   [6]  0F 00 00 00 00 00
 (1789627924.552744)  can0  201   [6]  0F 00 00 00 00 00
 (1789627924.562834)  can0  201   [6]  0F 00 00 00 00 00
 (1789627924.572745)  can0  201   [6]  0F 00 00 00 00 00
 (1789627924.582745)  can0  201   [6]  0F 00 00 00 00 00
 (1789627924.583122)  can0  181   [8]  27 14 27 14 00 00 00 00
 (1789627924.583313)  can0  281   [5]  03 00 00 00 00
 (1789627924.592742)  can0  201   [6]  0F 00 00 00 00 00
 (1789627924.602743)  can0  201   [6]  0F 00 00 00 00 00
 (1789627924.612742)  can0  201   [6]  0F 00 00 00 00 00
 (1789627924.622742)  can0  201   [6]  0F 00 00 00 00 00
 (1789627924.632740)  can0  201   [6]  0F 00 00 00 00 00
 (1789627924.633129)  can0  181   [8]  27 14 27 14 00 00 00 00
 (1789627924.633322)  can0  281   [5]  03 00 00 00 00
 (1789627924.642743)  can0  201   [6]  0F 00 00 00 00 00
 (1789627924.652742)  can0  201   [6]  0F 00 00 00 00 00
 (1789627924.662742)  can0  201   [6]  0F 00 00 00 00 00
 (1789627924.672742)  can0  201   [6]  0F 00 00 00 00 00
 (1789627924.682741)  can0  201   [6]  0F 00 00 00 00 00
 (1789627924.683136)  can0  181   [8]  27 14 27 14 00 00 00 00
 (1789627924.683328)  can0  281   [5]  03 00 00 00 00
 (1789627924.692744)  can0  201   [6]  0F 00 00 00 00 00
 (1789627924.702742)  can0  201   [6]  0F 00 00 00 00 00
 (1789627924.712742)  can0  201   [6]  0F 00 00 00 00 00
 (1789627924.722749)  can0  201   [6]  0F 00 00 00 00 00
 (1789627924.732749)  can0  201   [6]  0F 00 00 00 00 00
 (1789627924.733144)  can0  181   [8]  27 14 27 14 00 00 00 00
 (1789627924.733336)  can0  281   [5]  03 00 00 00 00
 (1789627924.742766)  can0  201   [6]  0F 00 00 00 00 00
 (1789627924.752755)  can0  201   [6]  0F 00 00 00 00 00
 (1789627924.762753)  can0  201   [6]  0F 00 00 00 00 00
 (1789627924.765509)  can0  701   [1]  05
 (1789627924.772751)  can0  201   [6]  0F 00 00 00 00 00
 (1789627924.782751)  can0  201   [6]  0F 00 00 00 00 00
 (1789627924.783150)  can0  181   [8]  27 14 27 14 00 00 00 00
 (1789627924.783341)  can0  281   [5]  03 00 00 00 00
 (1789627924.792756)  can0  201   [6]  0F 00 00 00 00 00
 (1789627924.802741)  can0  201   [6]  0F 00 00 00 00 00
 (1789627924.812743)  can0  201   [6]  0F 00 00 00 00 00
 (1789627924.822743)  can0  201   [6]  0F 00 00 00 00 00
 (1789627924.832742)  can0  201   [6]  0F 00 00 00 00 00
 (1789627924.833157)  can0  181   [8]  27 14 27 14 00 00 00 00
 (1789627924.833349)  can0  281   [5]  03 00 00 00 00
 (1789627924.842743)  can0  201   [6]  0F 00 00 00 00 00
 (1789627924.852741)  can0  201   [6]  0F 00 00 00 00 00
 (1789627924.862744)  can0  201   [6]  0F 00 00 00 00 00
 (1789627924.872742)  can0  201   [6]  0F 00 00 00 00 00
 (1789627924.882744)  can0  201   [6]  0F 00 00 00 00 00
 (1789627924.883113)  can0  181   [8]  27 14 27 14 00 00 00 00
 (1789627924.883304)  can0  281   [5]  03 00 00 00 00
 (1789627924.892741)  can0  201   [6]  0F 00 00 00 00 00
 (1789627924.902742)  can0  201   [6]  0F 00 00 00 00 00
 (1789627924.912742)  can0  201   [6]  0F 00 00 00 00 00
 (1789627924.922742)  can0  201   [6]  0F 00 00 00 00 00
 (1789627924.932743)  can0  201   [6]  0F 00 00 00 00 00
 (1789627924.933112)  can0  181   [8]  27 14 27 14 00 00 00 00
 (1789627924.933304)  can0  281   [5]  03 00 00 00 00
 (1789627924.942780)  can0  201   [6]  0F 00 00 00 00 00
 (1789627924.952746)  can0  201   [6]  0F 00 00 00 00 00
 (1789627924.962741)  can0  201   [6]  0F 00 00 00 00 00
 (1789627924.972743)  can0  201   [6]  0F 00 00 00 00 00
 (1789627924.982743)  can0  201   [6]  0F 00 00 00 00 00
 (1789627924.983119)  can0  181   [8]  27 14 27 14 00 00 00 00
 (1789627924.983310)  can0  281   [5]  03 00 00 00 00
 (1789627924.992742)  can0  201   [6]  0F 00 00 00 00 00
 (1789627925.002751)  can0  201   [6]  0F 00 00 00 00 00
 (1789627925.012743)  can0  201   [6]  0F 00 00 00 00 00
 (1789627925.015048)  can0  701   [1]  05
 (1789627925.022744)  can0  201   [6]  0F 00 00 00 00 00
 (1789627925.032744)  can0  201   [6]  0F 00 00 00 00 00
 (1789627925.033127)  can0  181   [8]  27 14 27 14 00 00 00 00
 (1789627925.033318)  can0  281   [5]  03 00 00 00 00
 (1789627925.042745)  can0  201   [6]  0F 00 00 00 00 00
 (1789627925.052740)  can0  201   [6]  0F 00 00 00 00 00
 (1789627925.062742)  can0  201   [6]  0F 00 00 00 00 00
 (1789627925.072744)  can0  201   [6]  0F 00 00 00 00 00
 (1789627925.082741)  can0  201   [6]  0F 00 00 00 00 00
 (1789627925.083132)  can0  181   [8]  27 14 27 14 00 00 00 00
 (1789627925.083324)  can0  281   [5]  03 00 00 00 00
 (1789627925.092746)  can0  201   [6]  0F 00 00 00 00 00
 (1789627925.102744)  can0  201   [6]  0F 00 00 00 00 00
 (1789627925.112765)  can0  201   [6]  0F 00 00 00 00 00
 (1789627925.122751)  can0  201   [6]  0F 00 00 00 00 00
 (1789627925.132755)  can0  201   [6]  0F 00 00 00 00 00
 (1789627925.133141)  can0  181   [8]  27 14 27 14 00 00 00 00
 (1789627925.133332)  can0  281   [5]  03 00 00 00 00
 (1789627925.142756)  can0  201   [6]  0F 00 00 00 00 00
 (1789627925.152747)  can0  201   [6]  0F 00 00 00 00 00
 (1789627925.162755)  can0  201   [6]  0F 00 00 00 00 00
 (1789627925.172742)  can0  201   [6]  0F 00 00 00 00 00
 (1789627925.182744)  can0  201   [6]  0F 00 00 00 00 00
 (1789627925.183148)  can0  181   [8]  27 14 27 14 00 00 00 00
 (1789627925.183339)  can0  281   [5]  03 00 00 00 00
 (1789627925.192745)  can0  201   [6]  0F 00 00 00 00 00
 (1789627925.202741)  can0  201   [6]  0F 00 00 00 00 00
 (1789627925.212744)  can0  201   [6]  0F 00 00 00 00 00
 (1789627925.222742)  can0  201   [6]  0F 00 00 00 00 00
 (1789627925.232744)  can0  201   [6]  0F 00 00 00 00 00
 (1789627925.233155)  can0  181   [8]  27 14 27 14 00 00 00 00
 (1789627925.233346)  can0  281   [5]  03 00 00 00 00
 (1789627925.242743)  can0  201   [6]  0F 00 00 00 00 00
 (1789627925.252744)  can0  201   [6]  0F 00 00 00 00 00
 (1789627925.262742)  can0  201   [6]  0F 00 00 00 00 00
 (1789627925.264526)  can0  701   [1]  05
 (1789627925.272742)  can0  201   [6]  0F 00 00 00 00 00
 (1789627925.282744)  can0  201   [6]  0F 00 00 00 00 00
 (1789627925.283113)  can0  181   [8]  27 14 27 14 00 00 00 00
 (1789627925.283304)  can0  281   [5]  03 00 00 00 00
 (1789627925.292743)  can0  201   [6]  0F 00 00 00 00 00
 (1789627925.302744)  can0  201   [6]  0F 00 00 00 00 00
 (1789627925.312776)  can0  201   [6]  0F 00 00 00 00 00
 (1789627925.322746)  can0  201   [6]  0F 00 00 00 00 00
 (1789627925.332743)  can0  201   [6]  0F 00 00 00 00 00
 (1789627925.333112)  can0  181   [8]  27 14 27 14 00 00 00 00
 (1789627925.333304)  can0  281   [5]  03 00 00 00 00
 (1789627925.342744)  can0  201   [6]  0F 00 00 00 00 00
 (1789627925.352744)  can0  201   [6]  0F 00 00 00 00 00
 (1789627925.362741)  can0  201   [6]  0F 00 00 00 00 00
 (1789627925.372743)  can0  201   [6]  0F 00 00 00 00 00
 (1789627925.382741)  can0  201   [6]  0F 00 00 00 00 00
 (1789627925.383113)  can0  181   [8]  27 14 27 14 00 00 00 00
 (1789627925.383305)  can0  281   [5]  03 00 00 00 00
 (1789627925.392744)  can0  201   [6]  0F 00 00 00 00 00
 (1789627925.402741)  can0  201   [6]  0F 00 00 00 00 00
 (1789627925.412741)  can0  201   [6]  0F 00 00 00 00 00
 (1789627925.422744)  can0  201   [6]  0F 00 00 00 00 00
 (1789627925.432742)  can0  201   [6]  0F 00 00 00 00 00
 (1789627925.433122)  can0  181   [8]  27 14 27 14 00 00 00 00
 (1789627925.433313)  can0  281   [5]  03 00 00 00 00
 (1789627925.442743)  can0  201   [6]  0F 00 00 00 00 00
 (1789627925.452742)  can0  201   [6]  0F 00 00 00 00 00
 (1789627925.462744)  can0  201   [6]  0F 00 00 00 00 00
 (1789627925.472744)  can0  201   [6]  0F 00 00 00 00 00
 (1789627925.482754)  can0  201   [6]  0F 00 00 00 00 00
 (1789627925.483130)  can0  181   [8]  27 14 27 14 00 00 00 00
 (1789627925.483320)  can0  281   [5]  03 00 00 00 00
 (1789627925.492767)  can0  201   [6]  0F 00 00 00 00 00
 (1789627925.502756)  can0  201   [6]  0F 00 00 00 00 00
 (1789627925.512754)  can0  201   [6]  0F 00 00 00 00 00
 (1789627925.514061)  can0  701   [1]  05
 (1789627925.522751)  can0  201   [6]  0F 00 00 00 00 00
 (1789627925.532753)  can0  201   [6]  0F 00 00 00 00 00
 (1789627925.533136)  can0  181   [8]  27 14 27 14 00 00 00 00
 (1789627925.533327)  can0  281   [5]  03 00 00 00 00
 (1789627925.542754)  can0  201   [6]  0F 00 00 00 00 00
 (1789627925.552745)  can0  201   [6]  0F 00 00 00 00 00
 (1789627925.562743)  can0  201   [6]  0F 00 00 00 00 00
 (1789627925.572741)  can0  201   [6]  0F 00 00 00 00 00
 (1789627925.582744)  can0  201   [6]  0F 00 00 00 00 00
 (1789627925.583143)  can0  181   [8]  27 14 27 14 00 00 00 00
 (1789627925.583335)  can0  281   [5]  03 00 00 00 00
 (1789627925.592743)  can0  201   [6]  0F 00 00 00 00 00
 (1789627925.602743)  can0  201   [6]  0F 00 00 00 00 00
 (1789627925.612740)  can0  201   [6]  0F 00 00 00 00 00
 (1789627925.622742)  can0  201   [6]  0F 00 00 00 00 00
 (1789627925.632744)  can0  201   [6]  0F 00 00 00 00 00
 (1789627925.633150)  can0  181   [8]  27 14 27 14 00 00 00 00
 (1789627925.633343)  can0  281   [5]  03 00 00 00 00
 (1789627925.642742)  can0  201   [6]  0F 00 00 00 00 00
 (1789627925.652744)  can0  201   [6]  0F 00 00 00 00 00
 (1789627925.662744)  can0  201   [6]  0F 00 00 00 00 00
 (1789627925.672743)  can0  201   [6]  0F 00 00 00 00 00
 (1789627925.682741)  can0  201   [6]  0F 00 00 00 00 00
 (1789627925.683158)  can0  181   [8]  27 14 27 14 00 00 00 00
 (1789627925.683349)  can0  281   [5]  03 00 00 00 00
 (1789627925.692774)  can0  201   [6]  0F 00 00 00 00 00
 (1789627925.702747)  can0  201   [6]  0F 00 00 00 00 00
 (1789627925.712741)  can0  201   [6]  0F 00 00 00 00 00
 (1789627925.722743)  can0  201   [6]  0F 00 00 00 00 00
 (1789627925.732740)  can0  201   [6]  0F 00 00 00 00 00
 (1789627925.733111)  can0  181   [8]  27 14 27 14 00 00 00 00
 (1789627925.733303)  can0  281   [5]  03 00 00 00 00
 (1789627925.742745)  can0  201   [6]  0F 00 00 00 00 00
 (1789627925.752741)  can0  201   [6]  0F 00 00 00 00 00
 (1789627925.762741)  can0  201   [6]  0F 00 00 00 00 00
 (1789627925.763599)  can0  701   [1]  05
 (1789627925.772745)  can0  201   [6]  0F 00 00 00 00 00
 (1789627925.782743)  can0  201   [6]  0F 00 00 00 00 00
 (1789627925.783111)  can0  181   [8]  27 14 27 14 00 00 00 00
 (1789627925.783303)  can0  281   [5]  03 00 00 00 00
 (1789627925.792743)  can0  201   [6]  0F 00 00 00 00 00
 (1789627925.802741)  can0  201   [6]  0F 00 00 00 00 00
 (1789627925.812743)  can0  201   [6]  0F 00 00 00 00 00
 (1789627925.822742)  can0  201   [6]  0F 00 00 00 00 00
 (1789627925.832742)  can0  201   [6]  0F 00 00 00 00 00
 (1789627925.833119)  can0  181   [8]  27 14 27 14 00 00 00 00
 (1789627925.833310)  can0  281   [5]  03 00 00 00 00
 (1789627925.842747)  can0  201   [6]  0F 00 00 00 00 00
 (1789627925.852743)  can0  201   [6]  0F 00 00 00 00 00
 (1789627925.862765)  can0  201   [6]  0F 00 00 00 00 00
 (1789627925.872760)  can0  201   [6]  0F 00 00 00 00 00
 (1789627925.882797)  can0  201   [6]  0F 00 00 00 00 00
 (1789627925.883188)  can0  181   [8]  27 94 27 14 00 00 00 00
 (1789627925.883378)  can0  281   [5]  03 00 00 00 00
 (1789627925.883586)  can0  201   [6]  06 00 00 00 00 00
 (1789627925.892758)  can0  201   [6]  06 00 00 00 00 00
 (1789627925.902767)  can0  201   [6]  06 00 00 00 00 00
 (1789627925.912753)  can0  201   [6]  06 00 00 00 00 00
 (1789627925.922778)  can0  201   [6]  06 00 00 00 00 00
 (1789627925.932751)  can0  201   [6]  06 00 00 00 00 00
 (1789627925.933194)  can0  181   [8]  21 94 21 14 00 00 00 00
 (1789627925.933385)  can0  281   [5]  03 00 00 00 00
 (1789627925.942793)  can0  201   [6]  06 00 00 00 00 00
 (1789627925.952765)  can0  201   [6]  06 00 00 00 00 00
 (1789627925.962753)  can0  201   [6]  06 00 00 00 00 00
 (1789627925.972773)  can0  201   [6]  06 00 00 00 00 00
 (1789627925.982758)  can0  201   [6]  06 00 00 00 00 00
 (1789627925.983140)  can0  181   [8]  21 94 21 14 00 00 00 00
 (1789627925.983331)  can0  281   [5]  03 00 00 00 00
 (1789627925.992755)  can0  201   [6]  06 00 00 00 00 00
 (1789627926.002811)  can0  201   [6]  06 00 00 00 00 00
 (1789627926.012767)  can0  201   [6]  06 00 00 00 00 00
 (1789627926.013075)  can0  701   [1]  05
 (1789627926.022760)  can0  201   [6]  06 00 00 00 00 00
 (1789627926.032753)  can0  201   [6]  06 00 00 00 00 00
 (1789627926.033146)  can0  181   [8]  21 94 21 14 00 00 00 00
 (1789627926.033338)  can0  281   [5]  03 00 00 00 00
 (1789627926.042750)  can0  201   [6]  06 00 00 00 00 00
 (1789627926.052752)  can0  201   [6]  06 00 00 00 00 00
 (1789627926.062747)  can0  201   [6]  06 00 00 00 00 00
 (1789627926.072745)  can0  201   [6]  06 00 00 00 00 00
 (1789627926.082743)  can0  201   [6]  06 00 00 00 00 00
 (1789627926.083154)  can0  181   [8]  21 94 21 14 00 00 00 00
 (1789627926.083345)  can0  281   [5]  03 00 00 00 00
 (1789627926.092745)  can0  201   [6]  06 00 00 00 00 00
 (1789627926.102741)  can0  201   [6]  06 00 00 00 00 00
 (1789627926.112741)  can0  201   [6]  06 00 00 00 00 00
 (1789627926.122742)  can0  201   [6]  06 00 00 00 00 00
 (1789627926.132740)  can0  201   [6]  06 00 00 00 00 00
 (1789627926.133110)  can0  181   [8]  21 94 21 14 00 00 00 00
 (1789627926.133301)  can0  281   [5]  03 00 00 00 00
 (1789627926.142743)  can0  201   [6]  06 00 00 00 00 00
 (1789627926.152741)  can0  201   [6]  06 00 00 00 00 00
 (1789627926.162742)  can0  201   [6]  06 00 00 00 00 00
 (1789627926.172740)  can0  201   [6]  06 00 00 00 00 00
 (1789627926.182742)  can0  201   [6]  06 00 00 00 00 00
 (1789627926.183111)  can0  181   [8]  21 94 21 14 00 00 00 00
 (1789627926.183302)  can0  281   [5]  03 00 00 00 00
 (1789627926.192743)  can0  201   [6]  06 00 00 00 00 00
 (1789627926.202742)  can0  201   [6]  06 00 00 00 00 00
 (1789627926.212770)  can0  201   [6]  06 00 00 00 00 00
 (1789627926.222741)  can0  201   [6]  06 00 00 00 00 00
 (1789627926.232743)  can0  201   [6]  06 00 00 00 00 00
 (1789627926.233116)  can0  181   [8]  21 94 21 14 00 00 00 00
 (1789627926.233306)  can0  281   [5]  03 00 00 00 00
 (1789627926.242742)  can0  201   [6]  06 00 00 00 00 00
 (1789627926.252740)  can0  201   [6]  06 00 00 00 00 00
 (1789627926.262614)  can0  701   [1]  05
 (1789627926.262822)  can0  201   [6]  06 00 00 00 00 00
 (1789627926.272743)  can0  201   [6]  06 00 00 00 00 00
 (1789627926.282743)  can0  201   [6]  06 00 00 00 00 00
 (1789627926.283122)  can0  181   [8]  21 94 21 14 00 00 00 00
 (1789627926.283314)  can0  281   [5]  03 00 00 00 00
 (1789627926.292742)  can0  201   [6]  06 00 00 00 00 00
 (1789627926.302743)  can0  201   [6]  06 00 00 00 00 00
 (1789627926.312743)  can0  201   [6]  06 00 00 00 00 00
 (1789627926.322743)  can0  201   [6]  06 00 00 00 00 00
 (1789627926.332742)  can0  201   [6]  06 00 00 00 00 00
 (1789627926.333129)  can0  181   [8]  21 94 21 14 00 00 00 00
 (1789627926.333321)  can0  281   [5]  03 00 00 00 00
 (1789627926.342741)  can0  201   [6]  06 00 00 00 00 00
 (1789627926.352743)  can0  201   [6]  06 00 00 00 00 00
 (1789627926.362744)  can0  201   [6]  06 00 00 00 00 00
 (1789627926.372744)  can0  201   [6]  06 00 00 00 00 00
 (1789627926.382764)  can0  201   [6]  06 00 00 00 00 00
 (1789627926.383138)  can0  181   [8]  21 94 21 14 00 00 00 00
 (1789627926.383329)  can0  281   [5]  03 00 00 00 00
 (1789627926.392755)  can0  201   [6]  06 00 00 00 00 00
 (1789627926.402751)  can0  201   [6]  06 00 00 00 00 00
 (1789627926.412750)  can0  201   [6]  06 00 00 00 00 00
 (1789627926.422747)  can0  201   [6]  06 00 00 00 00 00
 (1789627926.432753)  can0  201   [6]  06 00 00 00 00 00
 (1789627926.433145)  can0  181   [8]  21 94 21 14 00 00 00 00
 (1789627926.433336)  can0  281   [5]  03 00 00 00 00
 (1789627926.442744)  can0  201   [6]  06 00 00 00 00 00
 (1789627926.452742)  can0  201   [6]  06 00 00 00 00 00
 (1789627926.462741)  can0  201   [6]  06 00 00 00 00 00
 (1789627926.472743)  can0  201   [6]  06 00 00 00 00 00
 (1789627926.482741)  can0  201   [6]  06 00 00 00 00 00
 (1789627926.483151)  can0  181   [8]  21 94 21 14 00 00 00 00
 (1789627926.483343)  can0  281   [5]  03 00 00 00 00
 (1789627926.492743)  can0  201   [6]  06 00 00 00 00 00
 (1789627926.502741)  can0  201   [6]  06 00 00 00 00 00
 (1789627926.512150)  can0  701   [1]  05
 (1789627926.512744)  can0  201   [6]  06 00 00 00 00 00
 (1789627926.522742)  can0  201   [6]  06 00 00 00 00 00
 (1789627926.532741)  can0  201   [6]  06 00 00 00 00 00
 (1789627926.533158)  can0  181   [8]  21 94 21 14 00 00 00 00
 (1789627926.533350)  can0  281   [5]  03 00 00 00 00
 (1789627926.542744)  can0  201   [6]  06 00 00 00 00 00
 (1789627926.552740)  can0  201   [6]  06 00 00 00 00 00
 (1789627926.562741)  can0  201   [6]  06 00 00 00 00 00
 (1789627926.572741)  can0  201   [6]  06 00 00 00 00 00
 (1789627926.582789)  can0  201   [6]  06 00 00 00 00 00
 (1789627926.583167)  can0  181   [8]  21 94 21 14 00 00 00 00
 (1789627926.583357)  can0  281   [5]  03 00 00 00 00
 (1789627926.592746)  can0  201   [6]  06 00 00 00 00 00
 (1789627926.602742)  can0  201   [6]  06 00 00 00 00 00
 (1789627926.612743)  can0  201   [6]  06 00 00 00 00 00
 (1789627926.622741)  can0  201   [6]  06 00 00 00 00 00
 (1789627926.632744)  can0  201   [6]  06 00 00 00 00 00
 (1789627926.633174)  can0  181   [8]  21 94 21 14 00 00 00 00
 (1789627926.633364)  can0  281   [5]  03 00 00 00 00
 (1789627926.642743)  can0  201   [6]  06 00 00 00 00 00
 (1789627926.652742)  can0  201   [6]  06 00 00 00 00 00
 (1789627926.662740)  can0  201   [6]  06 00 00 00 00 00
 (1789627926.672741)  can0  201   [6]  06 00 00 00 00 00
 (1789627926.682741)  can0  201   [6]  06 00 00 00 00 00
 (1789627926.683122)  can0  181   [8]  21 94 21 14 00 00 00 00
 (1789627926.683314)  can0  281   [5]  03 00 00 00 00
 (1789627926.692740)  can0  201   [6]  06 00 00 00 00 00
 (1789627926.702742)  can0  201   [6]  06 00 00 00 00 00
 (1789627926.712742)  can0  201   [6]  06 00 00 00 00 00
 (1789627926.722743)  can0  201   [6]  06 00 00 00 00 00
 (1789627926.732743)  can0  201   [6]  06 00 00 00 00 00
 (1789627926.733125)  can0  181   [8]  21 94 21 14 00 00 00 00
 (1789627926.733317)  can0  281   [5]  03 00 00 00 00
 (1789627926.742746)  can0  201   [6]  06 00 00 00 00 00
 (1789627926.752755)  can0  201   [6]  06 00 00 00 00 00
 (1789627926.761628)  can0  701   [1]  05
 (1789627926.762757)  can0  201   [6]  06 00 00 00 00 00
 (1789627926.772753)  can0  201   [6]  06 00 00 00 00 00
 (1789627926.782746)  can0  201   [6]  06 00 00 00 00 00
 (1789627926.783133)  can0  181   [8]  21 94 21 14 00 00 00 00
 (1789627926.783325)  can0  281   [5]  03 00 00 00 00
 (1789627926.792753)  can0  201   [6]  06 00 00 00 00 00
 (1789627926.802750)  can0  201   [6]  06 00 00 00 00 00
 (1789627926.812745)  can0  201   [6]  06 00 00 00 00 00
 (1789627926.822742)  can0  201   [6]  06 00 00 00 00 00
 (1789627926.832744)  can0  201   [6]  06 00 00 00 00 00
 (1789627926.833142)  can0  181   [8]  21 94 21 14 00 00 00 00
 (1789627926.833333)  can0  281   [5]  03 00 00 00 00
 (1789627926.842745)  can0  201   [6]  06 00 00 00 00 00
 (1789627926.852740)  can0  201   [6]  06 00 00 00 00 00
 (1789627926.862744)  can0  201   [6]  06 00 00 00 00 00
 (1789627926.872742)  can0  201   [6]  06 00 00 00 00 00
 (1789627926.882741)  can0  201   [6]  06 00 00 00 00 00
 (1789627926.883148)  can0  181   [8]  21 94 21 14 00 00 00 00
 (1789627926.883340)  can0  281   [5]  03 00 00 00 00
 (1789627926.892742)  can0  201   [6]  06 00 00 00 00 00
 (1789627926.902740)  can0  201   [6]  06 00 00 00 00 00
 (1789627926.912744)  can0  201   [6]  06 00 00 00 00 00
 (1789627926.922741)  can0  201   [6]  06 00 00 00 00 00
 (1789627926.932743)  can0  201   [6]  06 00 00 00 00 00
 (1789627926.933156)  can0  181   [8]  21 94 21 14 00 00 00 00
 (1789627926.933347)  can0  281   [5]  03 00 00 00 00
 (1789627926.942744)  can0  201   [6]  06 00 00 00 00 00
 (1789627926.952741)  can0  201   [6]  06 00 00 00 00 00
 (1789627926.962770)  can0  201   [6]  06 00 00 00 00 00
 (1789627926.972742)  can0  201   [6]  06 00 00 00 00 00
 (1789627926.982744)  can0  201   [6]  06 00 00 00 00 00
 (1789627926.983113)  can0  181   [8]  21 94 21 14 00 00 00 00
 (1789627926.983305)  can0  281   [5]  03 00 00 00 00
 (1789627926.992741)  can0  201   [6]  06 00 00 00 00 00
 (1789627927.002749)  can0  201   [6]  06 00 00 00 00 00
 (1789627927.011163)  can0  701   [1]  05
 (1789627927.012742)  can0  201   [6]  06 00 00 00 00 00
 (1789627927.022741)  can0  201   [6]  06 00 00 00 00 00
 (1789627927.032743)  can0  201   [6]  06 00 00 00 00 00
 (1789627927.033113)  can0  181   [8]  21 94 21 14 00 00 00 00
 (1789627927.033305)  can0  281   [5]  03 00 00 00 00
 (1789627927.042742)  can0  201   [6]  06 00 00 00 00 00
 (1789627927.052745)  can0  201   [6]  06 00 00 00 00 00
 (1789627927.062743)  can0  201   [6]  06 00 00 00 00 00
 (1789627927.072743)  can0  201   [6]  06 00 00 00 00 00
 (1789627927.082740)  can0  201   [6]  06 00 00 00 00 00
 (1789627927.083115)  can0  181   [8]  21 94 21 14 00 00 00 00
 (1789627927.083307)  can0  281   [5]  03 00 00 00 00
 (1789627927.092741)  can0  201   [6]  06 00 00 00 00 00
 (1789627927.102743)  can0  201   [6]  06 00 00 00 00 00
 (1789627927.112744)  can0  201   [6]  06 00 00 00 00 00
 (1789627927.122744)  can0  201   [6]  06 00 00 00 00 00
 (1789627927.132760)  can0  201   [6]  06 00 00 00 00 00
 (1789627927.133123)  can0  181   [8]  21 94 21 14 00 00 00 00
 (1789627927.133315)  can0  281   [5]  03 00 00 00 00
 (1789627927.142757)  can0  201   [6]  06 00 00 00 00 00
 (1789627927.152775)  can0  201   [6]  06 00 00 00 00 00
 (1789627927.162760)  can0  201   [6]  06 00 00 00 00 00
 (1789627927.172756)  can0  201   [6]  06 00 00 00 00 00
 (1789627927.182755)  can0  201   [6]  06 00 00 00 00 00
 (1789627927.183131)  can0  181   [8]  21 94 21 14 00 00 00 00
 (1789627927.183322)  can0  281   [5]  03 00 00 00 00
 (1789627927.192790)  can0  201   [6]  06 00 00 00 00 00
 (1789627927.202746)  can0  201   [6]  06 00 00 00 00 00
 (1789627927.212784)  can0  201   [6]  06 00 00 00 00 00
 (1789627927.222763)  can0  201   [6]  06 00 00 00 00 00
 (1789627927.232753)  can0  201   [6]  06 00 00 00 00 00
 (1789627927.233139)  can0  181   [8]  21 94 21 14 00 00 00 00
 (1789627927.233329)  can0  281   [5]  03 00 00 00 00
 (1789627927.242782)  can0  201   [6]  06 00 00 00 00 00
 (1789627927.252767)  can0  201   [6]  06 00 00 00 00 00
 (1789627927.260698)  can0  701   [1]  05
 (1789627927.262757)  can0  201   [6]  06 00 00 00 00 00
 (1789627927.272777)  can0  201   [6]  06 00 00 00 00 00
 (1789627927.282760)  can0  201   [6]  06 00 00 00 00 00
 (1789627927.283145)  can0  181   [8]  21 94 21 14 00 00 00 00
 (1789627927.283337)  can0  281   [5]  03 00 00 00 00
 (1789627927.292757)  can0  201   [6]  06 00 00 00 00 00
 (1789627927.302751)  can0  201   [6]  06 00 00 00 00 00
 (1789627927.312752)  can0  201   [6]  06 00 00 00 00 00
 (1789627927.322749)  can0  201   [6]  06 00 00 00 00 00
 (1789627927.332750)  can0  201   [6]  06 00 00 00 00 00
 (1789627927.333151)  can0  181   [8]  21 94 21 14 00 00 00 00
 (1789627927.333342)  can0  281   [5]  03 00 00 00 00
 (1789627927.342743)  can0  201   [6]  06 00 00 00 00 00
 (1789627927.352743)  can0  201   [6]  06 00 00 00 00 00
 (1789627927.362744)  can0  201   [6]  06 00 00 00 00 00
 (1789627927.372741)  can0  201   [6]  06 00 00 00 00 00
 (1789627927.382743)  can0  201   [6]  06 00 00 00 00 00
 (1789627927.383156)  can0  181   [8]  21 94 21 14 00 00 00 00
 (1789627927.383348)  can0  281   [5]  03 00 00 00 00
 (1789627927.392742)  can0  201   [6]  06 00 00 00 00 00
 (1789627927.402744)  can0  201   [6]  06 00 00 00 00 00
 (1789627927.412741)  can0  201   [6]  06 00 00 00 00 00
 (1789627927.422743)  can0  201   [6]  06 00 00 00 00 00
 (1789627927.432741)  can0  201   [6]  06 00 00 00 00 00
 (1789627927.433166)  can0  181   [8]  21 94 21 14 00 00 00 00
 (1789627927.433357)  can0  281   [5]  03 00 00 00 00
 (1789627927.442741)  can0  201   [6]  06 00 00 00 00 00
 (1789627927.452743)  can0  201   [6]  06 00 00 00 00 00
 (1789627927.462741)  can0  201   [6]  06 00 00 00 00 00
 (1789627927.472744)  can0  201   [6]  06 00 00 00 00 00
 (1789627927.482768)  can0  201   [6]  06 00 00 00 00 00
 (1789627927.483175)  can0  181   [8]  21 94 21 14 00 00 00 00
 (1789627927.483366)  can0  281   [5]  03 00 00 00 00
 (1789627927.492745)  can0  201   [6]  06 00 00 00 00 00
 (1789627927.502742)  can0  201   [6]  06 00 00 00 00 00
 (1789627927.510241)  can0  701   [1]  05
 (1789627927.512741)  can0  201   [6]  06 00 00 00 00 00
 (1789627927.522743)  can0  201   [6]  06 00 00 00 00 00
 (1789627927.532742)  can0  201   [6]  06 00 00 00 00 00
 (1789627927.533180)  can0  181   [8]  21 94 21 14 00 00 00 00
 (1789627927.533371)  can0  281   [5]  03 00 00 00 00
 (1789627927.542743)  can0  201   [6]  06 00 00 00 00 00
 (1789627927.552741)  can0  201   [6]  06 00 00 00 00 00
 (1789627927.562743)  can0  201   [6]  06 00 00 00 00 00
 (1789627927.572742)  can0  201   [6]  06 00 00 00 00 00
 (1789627927.582742)  can0  201   [6]  06 00 00 00 00 00
 (1789627927.583127)  can0  181   [8]  21 94 21 14 00 00 00 00
 (1789627927.583318)  can0  281   [5]  03 00 00 00 00
 (1789627927.592743)  can0  201   [6]  06 00 00 00 00 00
 (1789627927.602740)  can0  201   [6]  06 00 00 00 00 00
 (1789627927.612742)  can0  201   [6]  06 00 00 00 00 00
 (1789627927.622741)  can0  201   [6]  06 00 00 00 00 00
 (1789627927.632745)  can0  201   [6]  06 00 00 00 00 00
 (1789627927.633134)  can0  181   [8]  21 94 21 14 00 00 00 00
 (1789627927.633326)  can0  281   [5]  03 00 00 00 00
 (1789627927.642744)  can0  201   [6]  06 00 00 00 00 00
 (1789627927.652760)  can0  201   [6]  06 00 00 00 00 00
 (1789627927.662751)  can0  201   [6]  06 00 00 00 00 00
 (1789627927.672767)  can0  201   [6]  06 00 00 00 00 00
 (1789627927.682763)  can0  201   [6]  06 00 00 00 00 00
 (1789627927.683143)  can0  181   [8]  21 94 21 14 00 00 00 00
 (1789627927.683334)  can0  281   [5]  03 00 00 00 00
 (1789627927.692756)  can0  201   [6]  06 00 00 00 00 00
 (1789627927.702758)  can0  201   [6]  06 00 00 00 00 00
 (1789627927.712778)  can0  201   [6]  06 00 00 00 00 00
 (1789627927.722755)  can0  201   [6]  06 00 00 00 00 00
 (1789627927.732790)  can0  201   [6]  06 00 00 00 00 00
 (1789627927.733150)  can0  181   [8]  21 94 21 14 00 00 00 00
 (1789627927.733341)  can0  281   [5]  03 00 00 00 00
 (1789627927.742769)  can0  201   [6]  06 00 00 00 00 00
 (1789627927.752754)  can0  201   [6]  06 00 00 00 00 00
 (1789627927.759773)  can0  701   [1]  05
 (1789627927.762769)  can0  201   [6]  06 00 00 00 00 00
 (1789627927.772760)  can0  201   [6]  06 00 00 00 00 00
 (1789627927.782754)  can0  201   [6]  06 00 00 00 00 00
 (1789627927.783157)  can0  181   [8]  21 94 21 14 00 00 00 00
 (1789627927.783348)  can0  281   [5]  03 00 00 00 00
 (1789627927.792779)  can0  201   [6]  06 00 00 00 00 00
 (1789627927.802760)  can0  201   [6]  06 00 00 00 00 00
 (1789627927.812754)  can0  201   [6]  06 00 00 00 00 00
 (1789627927.822753)  can0  201   [6]  06 00 00 00 00 00
 (1789627927.832753)  can0  201   [6]  06 00 00 00 00 00
 (1789627927.833164)  can0  181   [8]  21 94 21 14 00 00 00 00
 (1789627927.833356)  can0  281   [5]  03 00 00 00 00
 (1789627927.842756)  can0  201   [6]  06 00 00 00 00 00
 (1789627927.852749)  can0  201   [6]  06 00 00 00 00 00
 (1789627927.862741)  can0  201   [6]  06 00 00 00 00 00
 (1789627927.872743)  can0  201   [6]  06 00 00 00 00 00
 (1789627927.882743)  can0  201   [6]  06 00 00 00 00 00
 (1789627927.883112)  can0  181   [8]  21 94 21 14 00 00 00 00
 (1789627927.883303)  can0  281   [5]  03 00 00 00 00
 (1789627927.892744)  can0  201   [6]  06 00 00 00 00 00
 (1789627927.902741)  can0  201   [6]  06 00 00 00 00 00
 (1789627927.912743)  can0  201   [6]  06 00 00 00 00 00
 (1789627927.922740)  can0  201   [6]  06 00 00 00 00 00
 (1789627927.932740)  can0  201   [6]  06 00 00 00 00 00
 (1789627927.933115)  can0  181   [8]  21 94 21 14 00 00 00 00
 (1789627927.933306)  can0  281   [5]  03 00 00 00 00
 (1789627927.942743)  can0  201   [6]  06 00 00 00 00 00
 (1789627927.952740)  can0  201   [6]  06 00 00 00 00 00
 (1789627927.962742)  can0  201   [6]  06 00 00 00 00 00
 (1789627927.972740)  can0  201   [6]  06 00 00 00 00 00
 (1789627927.982743)  can0  201   [6]  06 00 00 00 00 00
 (1789627927.983122)  can0  181   [8]  21 94 21 14 00 00 00 00
 (1789627927.983315)  can0  281   [5]  03 00 00 00 00
 (1789627927.992742)  can0  201   [6]  06 00 00 00 00 00
 (1789627928.002793)  can0  201   [6]  06 00 00 00 00 00
 (1789627928.009255)  can0  701   [1]  05
 (1789627928.012751)  can0  201   [6]  06 00 00 00 00 00
 (1789627928.022740)  can0  201   [6]  06 00 00 00 00 00
 (1789627928.032744)  can0  201   [6]  06 00 00 00 00 00
 (1789627928.033131)  can0  181   [8]  21 94 21 14 00 00 00 00
 (1789627928.033322)  can0  281   [5]  03 00 00 00 00
 (1789627928.042743)  can0  201   [6]  06 00 00 00 00 00
 (1789627928.052742)  can0  201   [6]  06 00 00 00 00 00
 (1789627928.062740)  can0  201   [6]  06 00 00 00 00 00
 (1789627928.072742)  can0  201   [6]  06 00 00 00 00 00
 (1789627928.082741)  can0  201   [6]  06 00 00 00 00 00
 (1789627928.083139)  can0  181   [8]  21 94 21 14 00 00 00 00
 (1789627928.083331)  can0  281   [5]  03 00 00 00 00
 (1789627928.092742)  can0  201   [6]  06 00 00 00 00 00
 (1789627928.102746)  can0  201   [6]  06 00 00 00 00 00
 (1789627928.112741)  can0  201   [6]  06 00 00 00 00 00
 (1789627928.122741)  can0  201   [6]  06 00 00 00 00 00
 (1789627928.132741)  can0  201   [6]  06 00 00 00 00 00
 (1789627928.133145)  can0  181   [8]  21 94 21 14 00 00 00 00
 (1789627928.133337)  can0  281   [5]  03 00 00 00 00
 (1789627928.142741)  can0  201   [6]  06 00 00 00 00 00
 (1789627928.152747)  can0  201   [6]  06 00 00 00 00 00
 (1789627928.162741)  can0  201   [6]  06 00 00 00 00 00
 (1789627928.172761)  can0  201   [6]  06 00 00 00 00 00
 (1789627928.182752)  can0  201   [6]  06 00 00 00 00 00
 (1789627928.183153)  can0  181   [8]  21 94 21 14 00 00 00 00
 (1789627928.183345)  can0  281   [5]  03 00 00 00 00
 (1789627928.192770)  can0  201   [6]  06 00 00 00 00 00
 (1789627928.202769)  can0  201   [6]  06 00 00 00 00 00
 (1789627928.212751)  can0  201   [6]  06 00 00 00 00 00
 (1789627928.222760)  can0  201   [6]  06 00 00 00 00 00
 (1789627928.232780)  can0  201   [6]  06 00 00 00 00 00
 (1789627928.233162)  can0  181   [8]  21 94 21 14 00 00 00 00
 (1789627928.233352)  can0  281   [5]  03 00 00 00 00
 (1789627928.242763)  can0  201   [6]  06 00 00 00 00 00
 (1789627928.252771)  can0  201   [6]  06 00 00 00 00 00
 (1789627928.258793)  can0  701   [1]  05
 (1789627928.262766)  can0  201   [6]  06 00 00 00 00 00
 (1789627928.272752)  can0  201   [6]  06 00 00 00 00 00
 (1789627928.282764)  can0  201   [6]  06 00 00 00 00 00
 (1789627928.283167)  can0  181   [8]  21 94 21 14 00 00 00 00
 (1789627928.283358)  can0  281   [5]  03 00 00 00 00
 (1789627928.292754)  can0  201   [6]  06 00 00 00 00 00
 (1789627928.302756)  can0  201   [6]  06 00 00 00 00 00
 (1789627928.312772)  can0  201   [6]  06 00 00 00 00 00
 (1789627928.322759)  can0  201   [6]  06 00 00 00 00 00
 (1789627928.332759)  can0  201   [6]  06 00 00 00 00 00
 (1789627928.333174)  can0  181   [8]  21 94 21 14 00 00 00 00
 (1789627928.333365)  can0  281   [5]  03 00 00 00 00
 (1789627928.342753)  can0  201   [6]  06 00 00 00 00 00
 (1789627928.352751)  can0  201   [6]  06 00 00 00 00 00
 (1789627928.362750)  can0  201   [6]  06 00 00 00 00 00
 (1789627928.372748)  can0  201   [6]  06 00 00 00 00 00
 (1789627928.382744)  can0  201   [6]  06 00 00 00 00 00
 (1789627928.383181)  can0  181   [8]  21 94 21 14 00 00 00 00
 (1789627928.383373)  can0  281   [5]  03 00 00 00 00
 (1789627928.392743)  can0  201   [6]  06 00 00 00 00 00
 (1789627928.402742)  can0  201   [6]  06 00 00 00 00 00
 (1789627928.412740)  can0  201   [6]  06 00 00 00 00 00
 (1789627928.422744)  can0  201   [6]  06 00 00 00 00 00
 (1789627928.432743)  can0  201   [6]  06 00 00 00 00 00
 (1789627928.433126)  can0  181   [8]  21 94 21 14 00 00 00 00
 (1789627928.433318)  can0  281   [5]  03 00 00 00 00
 (1789627928.442740)  can0  201   [6]  06 00 00 00 00 00
 (1789627928.452742)  can0  201   [6]  06 00 00 00 00 00
 (1789627928.462741)  can0  201   [6]  06 00 00 00 00 00
 (1789627928.472743)  can0  201   [6]  06 00 00 00 00 00
 (1789627928.482742)  can0  201   [6]  06 00 00 00 00 00
 (1789627928.483134)  can0  181   [8]  21 94 21 14 00 00 00 00
 (1789627928.483325)  can0  281   [5]  03 00 00 00 00
 (1789627928.492741)  can0  201   [6]  06 00 00 00 00 00
 (1789627928.502743)  can0  201   [6]  06 00 00 00 00 00
 (1789627928.508329)  can0  701   [1]  05
 (1789627928.512740)  can0  201   [6]  06 00 00 00 00 00
 (1789627928.522784)  can0  201   [6]  06 00 00 00 00 00
 (1789627928.532749)  can0  201   [6]  06 00 00 00 00 00
 (1789627928.533142)  can0  181   [8]  21 94 21 14 00 00 00 00
 (1789627928.533334)  can0  281   [5]  03 00 00 00 00
 (1789627928.542744)  can0  201   [6]  06 00 00 00 00 00
 (1789627928.552739)  can0  201   [6]  06 00 00 00 00 00
 (1789627928.562741)  can0  201   [6]  06 00 00 00 00 00
 (1789627928.572741)  can0  201   [6]  06 00 00 00 00 00
 (1789627928.582742)  can0  201   [6]  06 00 00 00 00 00
 (1789627928.583150)  can0  181   [8]  21 94 21 14 00 00 00 00
 (1789627928.583341)  can0  281   [5]  03 00 00 00 00
 (1789627928.592741)  can0  201   [6]  06 00 00 00 00 00
 (1789627928.602741)  can0  201   [6]  06 00 00 00 00 00
 (1789627928.612743)  can0  201   [6]  06 00 00 00 00 00
 (1789627928.622744)  can0  201   [6]  06 00 00 00 00 00
 (1789627928.632740)  can0  201   [6]  06 00 00 00 00 00
 (1789627928.633167)  can0  181   [8]  21 14 21 14 00 00 00 00
 (1789627928.633359)  can0  281   [5]  03 00 00 00 00
 (1789627928.642741)  can0  201   [6]  00 00 00 00 00 00
 (1789627928.652740)  can0  201   [6]  02 00 00 00 00 00
 (1789627928.662740)  can0  201   [6]  02 00 00 00 00 00
 (1789627928.672742)  can0  201   [6]  02 00 00 00 00 00
 (1789627928.682741)  can0  201   [6]  02 00 00 00 00 00
 (1789627928.683172)  can0  181   [8]  60 14 60 14 00 00 00 00
 (1789627928.683364)  can0  281   [5]  03 00 00 00 00
 (1789627928.692756)  can0  201   [6]  02 00 00 00 00 00
 (1789627928.702749)  can0  201   [6]  02 00 00 00 00 00
 (1789627928.712749)  can0  201   [6]  02 00 00 00 00 00
 (1789627928.722771)  can0  201   [6]  02 00 00 00 00 00
 (1789627928.732751)  can0  201   [6]  02 00 00 00 00 00
 (1789627928.733180)  can0  181   [8]  60 14 60 14 00 00 00 00
 (1789627928.733371)  can0  281   [5]  03 00 00 00 00
 (1789627928.742758)  can0  201   [6]  02 00 00 00 00 00
 (1789627928.752757)  can0  201   [6]  02 00 00 00 00 00
 (1789627928.757873)  can0  701   [1]  05
 (1789627928.762761)  can0  201   [6]  02 00 00 00 00 00
 (1789627928.772752)  can0  201   [6]  02 00 00 00 00 00
 (1789627928.782772)  can0  201   [6]  02 00 00 00 00 00
 (1789627928.783195)  can0  181   [8]  60 14 60 14 00 00 00 00
 (1789627928.783385)  can0  281   [5]  03 00 00 00 00
 (1789627928.792757)  can0  201   [6]  02 00 00 00 00 00
 (1789627928.802764)  can0  201   [6]  02 00 00 00 00 00
 (1789627928.812752)  can0  201   [6]  02 00 00 00 00 00
 (1789627928.822762)  can0  201   [6]  02 00 00 00 00 00
 (1789627928.832751)  can0  201   [6]  02 00 00 00 00 00
 (1789627928.833195)  can0  181   [8]  60 14 60 14 00 00 00 00
 (1789627928.833386)  can0  281   [5]  03 00 00 00 00
 (1789627928.842771)  can0  201   [6]  02 00 00 00 00 00
 (1789627928.852754)  can0  201   [6]  02 00 00 00 00 00
 (1789627928.862754)  can0  201   [6]  02 00 00 00 00 00
 (1789627928.872750)  can0  201   [6]  02 00 00 00 00 00
 (1789627928.882742)  can0  201   [6]  02 00 00 00 00 00
 (1789627928.883202)  can0  181   [8]  60 14 60 14 00 00 00 00
 (1789627928.883394)  can0  281   [5]  03 00 00 00 00
 (1789627928.892757)  can0  201   [6]  02 00 00 00 00 00
 (1789627928.902739)  can0  201   [6]  02 00 00 00 00 00
 (1789627928.912739)  can0  201   [6]  02 00 00 00 00 00
 (1789627928.922742)  can0  201   [6]  02 00 00 00 00 00
 (1789627928.932742)  can0  201   [6]  02 00 00 00 00 00
 (1789627928.933211)  can0  181   [8]  60 14 60 14 00 00 00 00
 (1789627928.933402)  can0  281   [5]  03 00 00 00 00
 (1789627928.942741)  can0  201   [6]  02 00 00 00 00 00
 (1789627928.952738)  can0  201   [6]  02 00 00 00 00 00
 (1789627928.962740)  can0  201   [6]  02 00 00 00 00 00
 (1789627928.972738)  can0  201   [6]  02 00 00 00 00 00
 (1789627928.982741)  can0  201   [6]  02 00 00 00 00 00
 (1789627928.983217)  can0  181   [8]  60 14 60 14 00 00 00 00
 (1789627928.983408)  can0  281   [5]  03 00 00 00 00
 (1789627928.992742)  can0  201   [6]  02 00 00 00 00 00
 (1789627929.002748)  can0  201   [6]  02 00 00 00 00 00
 (1789627929.007352)  can0  701   [1]  05
 (1789627929.012742)  can0  201   [6]  02 00 00 00 00 00
 (1789627929.022740)  can0  201   [6]  02 00 00 00 00 00
 (1789627929.032741)  can0  201   [6]  02 00 00 00 00 00
 (1789627929.033224)  can0  181   [8]  60 14 60 14 00 00 00 00
 (1789627929.033416)  can0  281   [5]  03 00 00 00 00
 (1789627929.042783)  can0  201   [6]  02 00 00 00 00 00
 (1789627929.052746)  can0  201   [6]  02 00 00 00 00 00
 (1789627929.062746)  can0  201   [6]  02 00 00 00 00 00
 (1789627929.072745)  can0  201   [6]  02 00 00 00 00 00
 (1789627929.082751)  can0  201   [6]  02 00 00 00 00 00
 (1789627929.083233)  can0  181   [8]  60 14 60 14 00 00 00 00
 (1789627929.083423)  can0  281   [5]  03 00 00 00 00
 (1789627929.092885)  can0  201   [6]  02 00 00 00 00 00
 (1789627929.102864)  can0  201   [6]  02 00 00 00 00 00
 (1789627929.112825)  can0  201   [6]  02 00 00 00 00 00
 (1789627929.122744)  can0  201   [6]  02 00 00 00 00 00
 (1789627929.132746)  can0  201   [6]  02 00 00 00 00 00
 (1789627929.133240)  can0  181   [8]  60 14 60 14 00 00 00 00
 (1789627929.133430)  can0  281   [5]  03 00 00 00 00
 (1789627929.142860)  can0  201   [6]  02 00 00 00 00 00
 (1789627929.152866)  can0  201   [6]  02 00 00 00 00 00
 (1789627929.162856)  can0  201   [6]  02 00 00 00 00 00
 (1789627929.172863)  can0  201   [6]  02 00 00 00 00 00
 (1789627929.182858)  can0  201   [6]  02 00 00 00 00 00
 (1789627929.183305)  can0  181   [8]  60 14 60 14 00 00 00 00
 (1789627929.183495)  can0  281   [5]  03 00 00 00 00
 (1789627929.192861)  can0  201   [6]  02 00 00 00 00 00
 (1789627929.202866)  can0  201   [6]  02 00 00 00 00 00
 (1789627929.212908)  can0  201   [6]  02 00 00 00 00 00
 (1789627929.222934)  can0  201   [6]  02 00 00 00 00 00
 (1789627929.232905)  can0  201   [6]  02 00 00 00 00 00
 (1789627929.233316)  can0  181   [8]  60 14 60 14 00 00 00 00
 (1789627929.233508)  can0  281   [5]  03 00 00 00 00
 (1789627929.242909)  can0  201   [6]  02 00 00 00 00 00
 (1789627929.252893)  can0  201   [6]  02 00 00 00 00 00
 (1789627929.256943)  can0  701   [1]  05
 (1789627929.263004)  can0  201   [6]  02 00 00 00 00 00
 (1789627929.272881)  can0  201   [6]  02 00 00 00 00 00
 (1789627929.282859)  can0  201   [6]  02 00 00 00 00 00
 (1789627929.283319)  can0  181   [8]  60 14 60 14 00 00 00 00
 (1789627929.283510)  can0  281   [5]  03 00 00 00 00
 (1789627929.292863)  can0  201   [6]  02 00 00 00 00 00
 (1789627929.302858)  can0  201   [6]  02 00 00 00 00 00
 (1789627929.312860)  can0  201   [6]  02 00 00 00 00 00
 (1789627929.322859)  can0  201   [6]  02 00 00 00 00 00
 (1789627929.332856)  can0  201   [6]  02 00 00 00 00 00
 (1789627929.333324)  can0  181   [8]  60 14 60 14 00 00 00 00
 (1789627929.333517)  can0  281   [5]  03 00 00 00 00
 (1789627929.342862)  can0  201   [6]  02 00 00 00 00 00
 (1789627929.352854)  can0  201   [6]  02 00 00 00 00 00
 (1789627929.362861)  can0  201   [6]  02 00 00 00 00 00
 (1789627929.372856)  can0  201   [6]  02 00 00 00 00 00
 (1789627929.382861)  can0  201   [6]  02 00 00 00 00 00
 (1789627929.383334)  can0  181   [8]  60 14 60 14 00 00 00 00
 (1789627929.383526)  can0  281   [5]  03 00 00 00 00
 (1789627929.392855)  can0  201   [6]  02 00 00 00 00 00
 (1789627929.402857)  can0  201   [6]  02 00 00 00 00 00
 (1789627929.412862)  can0  201   [6]  02 00 00 00 00 00
 (1789627929.422952)  can0  201   [6]  02 00 00 00 00 00
 (1789627929.432871)  can0  201   [6]  02 00 00 00 00 00
 (1789627929.433340)  can0  181   [8]  60 14 60 14 00 00 00 00
 (1789627929.433531)  can0  281   [5]  03 00 00 00 00
 (1789627929.442857)  can0  201   [6]  02 00 00 00 00 00
 (1789627929.452862)  can0  201   [6]  02 00 00 00 00 00
 (1789627929.462855)  can0  201   [6]  02 00 00 00 00 00
 (1789627929.472856)  can0  201   [6]  02 00 00 00 00 00
 (1789627929.482861)  can0  201   [6]  02 00 00 00 00 00
 (1789627929.483348)  can0  181   [8]  60 14 60 14 00 00 00 00
 (1789627929.483540)  can0  281   [5]  03 00 00 00 00
 (1789627929.492857)  can0  201   [6]  02 00 00 00 00 00
 (1789627929.502859)  can0  201   [6]  02 00 00 00 00 00
 (1789627929.506479)  can0  701   [1]  05
 (1789627929.512856)  can0  201   [6]  02 00 00 00 00 00
 (1789627929.522862)  can0  201   [6]  02 00 00 00 00 00
 (1789627929.532855)  can0  201   [6]  02 00 00 00 00 00
 (1789627929.533355)  can0  181   [8]  60 14 60 14 00 00 00 00
 (1789627929.533546)  can0  281   [5]  03 00 00 00 00
 (1789627929.542856)  can0  201   [6]  02 00 00 00 00 00
 (1789627929.552858)  can0  201   [6]  02 00 00 00 00 00
 (1789627929.562855)  can0  201   [6]  02 00 00 00 00 00
 (1789627929.572882)  can0  201   [6]  02 00 00 00 00 00
 (1789627929.582864)  can0  201   [6]  02 00 00 00 00 00
 (1789627929.583361)  can0  181   [8]  60 14 60 14 00 00 00 00
 (1789627929.583552)  can0  281   [5]  03 00 00 00 00
 (1789627929.592960)  can0  201   [6]  02 00 00 00 00 00
 (1789627929.602917)  can0  201   [6]  02 00 00 00 00 00
 (1789627929.612964)  can0  201   [6]  02 00 00 00 00 00
 (1789627929.622947)  can0  201   [6]  02 00 00 00 00 00
 (1789627929.632979)  can0  201   [6]  02 00 00 00 00 00
 (1789627929.633378)  can0  181   [8]  60 14 60 14 00 00 00 00
 (1789627929.633566)  can0  281   [5]  03 00 00 00 00
 (1789627929.642890)  can0  201   [6]  02 00 00 00 00 00
 (1789627929.653013)  can0  201   [6]  02 00 00 00 00 00
 (1789627929.662896)  can0  201   [6]  02 00 00 00 00 00
 (1789627929.673029)  can0  201   [6]  02 00 00 00 00 00
 (1789627929.682961)  can0  201   [6]  02 00 00 00 00 00
 (1789627929.683385)  can0  181   [8]  60 14 60 14 00 00 00 00
 (1789627929.683574)  can0  281   [5]  03 00 00 00 00
 (1789627929.692993)  can0  201   [6]  02 00 00 00 00 00
 (1789627929.702973)  can0  201   [6]  02 00 00 00 00 00
 (1789627929.712911)  can0  201   [6]  02 00 00 00 00 00
 (1789627929.722906)  can0  201   [6]  02 00 00 00 00 00
 (1789627929.732991)  can0  201   [6]  02 00 00 00 00 00
 (1789627929.733392)  can0  181   [8]  60 14 60 14 00 00 00 00
 (1789627929.733581)  can0  281   [5]  03 00 00 00 00
 (1789627929.742939)  can0  201   [6]  02 00 00 00 00 00
 (1789627929.752914)  can0  201   [6]  02 00 00 00 00 00
 (1789627929.755956)  can0  701   [1]  05
 (1789627929.762917)  can0  201   [6]  02 00 00 00 00 00
 (1789627929.772901)  can0  201   [6]  02 00 00 00 00 00
 (1789627929.782909)  can0  201   [6]  02 00 00 00 00 00
 (1789627929.783394)  can0  181   [8]  60 14 60 14 00 00 00 00
 (1789627929.783586)  can0  281   [5]  03 00 00 00 00
 (1789627929.792894)  can0  201   [6]  02 00 00 00 00 00
 (1789627929.802869)  can0  201   [6]  02 00 00 00 00 00
 (1789627929.812856)  can0  201   [6]  02 00 00 00 00 00
 (1789627929.822856)  can0  201   [6]  02 00 00 00 00 00
 (1789627929.832862)  can0  201   [6]  02 00 00 00 00 00
 (1789627929.833401)  can0  181   [8]  60 14 60 14 00 00 00 00
 (1789627929.833593)  can0  281   [5]  03 00 00 00 00
 (1789627929.842855)  can0  201   [6]  02 00 00 00 00 00
 (1789627929.852860)  can0  201   [6]  02 00 00 00 00 00
 (1789627929.862855)  can0  201   [6]  02 00 00 00 00 00
 (1789627929.872861)  can0  201   [6]  02 00 00 00 00 00
 (1789627929.882857)  can0  201   [6]  02 00 00 00 00 00
 (1789627929.883408)  can0  181   [8]  60 14 60 14 00 00 00 00
 (1789627929.883598)  can0  281   [5]  03 00 00 00 00
 (1789627929.892856)  can0  201   [6]  02 00 00 00 00 00
 (1789627929.902862)  can0  201   [6]  02 00 00 00 00 00
 (1789627929.912859)  can0  201   [6]  02 00 00 00 00 00
 (1789627929.922861)  can0  201   [6]  02 00 00 00 00 00
 (1789627929.932857)  can0  201   [6]  02 00 00 00 00 00
 (1789627929.933411)  can0  181   [8]  60 14 60 14 00 00 00 00
 (1789627929.933606)  can0  281   [5]  03 00 00 00 00
 (1789627929.942970)  can0  201   [6]  02 00 00 00 00 00
 (1789627929.952874)  can0  201   [6]  02 00 00 00 00 00
 (1789627929.962857)  can0  201   [6]  02 00 00 00 00 00
 (1789627929.972863)  can0  201   [6]  02 00 00 00 00 00
 (1789627929.982857)  can0  201   [6]  02 00 00 00 00 00
 (1789627929.983422)  can0  181   [8]  60 14 60 14 00 00 00 00
 (1789627929.983613)  can0  281   [5]  03 00 00 00 00
 (1789627929.992861)  can0  201   [6]  02 00 00 00 00 00
 (1789627930.002857)  can0  201   [6]  02 00 00 00 00 00
 (1789627930.005496)  can0  701   [1]  05
 (1789627930.012862)  can0  201   [6]  02 00 00 00 00 00
 (1789627930.022856)  can0  201   [6]  02 00 00 00 00 00
 (1789627930.032855)  can0  201   [6]  02 00 00 00 00 00
 (1789627930.033429)  can0  181   [8]  60 14 60 14 00 00 00 00
 (1789627930.033621)  can0  281   [5]  03 00 00 00 00
 (1789627930.042862)  can0  201   [6]  02 00 00 00 00 00
 (1789627930.052860)  can0  201   [6]  02 00 00 00 00 00
 (1789627930.062861)  can0  201   [6]  02 00 00 00 00 00
 (1789627930.072855)  can0  201   [6]  02 00 00 00 00 00
 (1789627930.082861)  can0  201   [6]  02 00 00 00 00 00
 (1789627930.083436)  can0  181   [8]  60 14 60 14 00 00 00 00
 (1789627930.083629)  can0  281   [5]  03 00 00 00 00
 (1789627930.092871)  can0  201   [6]  02 00 00 00 00 00
 (1789627930.102864)  can0  201   [6]  02 00 00 00 00 00
 (1789627930.112955)  can0  201   [6]  02 00 00 00 00 00
 (1789627930.122910)  can0  201   [6]  02 00 00 00 00 00
 (1789627930.132965)  can0  201   [6]  02 00 00 00 00 00
 (1789627930.133444)  can0  181   [8]  60 14 60 14 00 00 00 00
 (1789627930.133633)  can0  281   [5]  03 00 00 00 00
 (1789627930.142937)  can0  201   [6]  02 00 00 00 00 00
 (1789627930.152967)  can0  201   [6]  02 00 00 00 00 00
 (1789627930.162912)  can0  201   [6]  02 00 00 00 00 00
 (1789627930.172998)  can0  201   [6]  02 00 00 00 00 00
 (1789627930.182896)  can0  201   [6]  02 00 00 00 00 00
 (1789627930.183454)  can0  181   [8]  60 14 60 14 00 00 00 00
 (1789627930.183644)  can0  281   [5]  03 00 00 00 00
 (1789627930.193030)  can0  201   [6]  02 00 00 00 00 00
 (1789627930.202980)  can0  201   [6]  02 00 00 00 00 00
 (1789627930.212923)  can0  201   [6]  02 00 00 00 00 00
 (1789627930.223002)  can0  201   [6]  02 00 00 00 00 00
 (1789627930.232914)  can0  201   [6]  02 00 00 00 00 00
 (1789627930.233460)  can0  181   [8]  60 14 60 14 00 00 00 00
 (1789627930.233650)  can0  281   [5]  03 00 00 00 00
 (1789627930.242914)  can0  201   [6]  02 00 00 00 00 00
 (1789627930.252986)  can0  201   [6]  02 00 00 00 00 00
 (1789627930.255036)  can0  701   [1]  05
 (1789627930.262936)  can0  201   [6]  02 00 00 00 00 00
 (1789627930.272923)  can0  201   [6]  02 00 00 00 00 00
 (1789627930.282917)  can0  201   [6]  02 00 00 00 00 00
 (1789627930.283467)  can0  181   [8]  60 14 60 14 00 00 00 00
 (1789627930.283658)  can0  281   [5]  03 00 00 00 00
 (1789627930.292906)  can0  201   [6]  02 00 00 00 00 00
 (1789627930.302906)  can0  201   [6]  02 00 00 00 00 00
 (1789627930.312894)  can0  201   [6]  02 00 00 00 00 00
 (1789627930.322869)  can0  201   [6]  02 00 00 00 00 00
 (1789627930.332859)  can0  201   [6]  02 00 00 00 00 00
 (1789627930.333475)  can0  181   [8]  60 14 60 14 00 00 00 00
 (1789627930.333664)  can0  281   [5]  03 00 00 00 00
 (1789627930.342863)  can0  201   [6]  02 00 00 00 00 00
 (1789627930.352857)  can0  201   [6]  02 00 00 00 00 00
 (1789627930.362868)  can0  201   [6]  02 00 00 00 00 00
 (1789627930.372858)  can0  201   [6]  02 00 00 00 00 00
 (1789627930.382858)  can0  201   [6]  02 00 00 00 00 00
 (1789627930.383479)  can0  181   [8]  60 14 60 14 00 00 00 00
 (1789627930.383674)  can0  281   [5]  03 00 00 00 00
 (1789627930.392861)  can0  201   [6]  02 00 00 00 00 00
 (1789627930.402858)  can0  201   [6]  02 00 00 00 00 00
 (1789627930.412862)  can0  201   [6]  02 00 00 00 00 00
 (1789627930.422857)  can0  201   [6]  02 00 00 00 00 00
 (1789627930.432862)  can0  201   [6]  02 00 00 00 00 00
 (1789627930.433486)  can0  181   [8]  60 14 60 14 00 00 00 00
 (1789627930.433677)  can0  281   [5]  03 00 00 00 00
 (1789627930.442856)  can0  201   [6]  02 00 00 00 00 00
 (1789627930.452857)  can0  201   [6]  02 00 00 00 00 00
 (1789627930.462977)  can0  201   [6]  02 00 00 00 00 00
 (1789627930.472869)  can0  201   [6]  02 00 00 00 00 00
 (1789627930.482861)  can0  201   [6]  02 00 00 00 00 00
 (1789627930.483496)  can0  181   [8]  60 14 60 14 00 00 00 00
 (1789627930.483689)  can0  281   [5]  03 00 00 00 00
 (1789627930.492856)  can0  201   [6]  02 00 00 00 00 00
 (1789627930.502861)  can0  201   [6]  02 00 00 00 00 00
 (1789627930.504508)  can0  701   [1]  05
 (1789627930.512857)  can0  201   [6]  02 00 00 00 00 00
 (1789627930.522855)  can0  201   [6]  02 00 00 00 00 00
 (1789627930.532863)  can0  201   [6]  02 00 00 00 00 00
 (1789627930.533503)  can0  181   [8]  60 14 60 14 00 00 00 00
 (1789627930.533694)  can0  281   [5]  03 00 00 00 00
 (1789627930.542857)  can0  201   [6]  02 00 00 00 00 00
 (1789627930.552861)  can0  201   [6]  02 00 00 00 00 00
 (1789627930.562856)  can0  201   [6]  02 00 00 00 00 00
 (1789627930.572862)  can0  201   [6]  02 00 00 00 00 00
 (1789627930.582857)  can0  201   [6]  02 00 00 00 00 00
 (1789627930.583511)  can0  181   [8]  60 14 60 14 00 00 00 00
 (1789627930.583702)  can0  281   [5]  03 00 00 00 00
 (1789627930.592858)  can0  201   [6]  02 00 00 00 00 00
 (1789627930.602862)  can0  201   [6]  02 00 00 00 00 00
 (1789627930.612866)  can0  201   [6]  02 00 00 00 00 00
 (1789627930.622869)  can0  201   [6]  02 00 00 00 00 00
 (1789627930.632959)  can0  201   [6]  02 00 00 00 00 00
 (1789627930.633521)  can0  181   [8]  60 14 60 14 00 00 00 00
 (1789627930.633710)  can0  281   [5]  03 00 00 00 00
 (1789627930.642924)  can0  201   [6]  02 00 00 00 00 00
 (1789627930.652900)  can0  201   [6]  02 00 00 00 00 00
 (1789627930.662906)  can0  201   [6]  02 00 00 00 00 00
 (1789627930.672899)  can0  201   [6]  02 00 00 00 00 00
 (1789627930.682914)  can0  201   [6]  02 00 00 00 00 00
 (1789627930.683526)  can0  181   [8]  60 14 60 14 00 00 00 00
 (1789627930.683717)  can0  281   [5]  03 00 00 00 00
 (1789627930.692876)  can0  201   [6]  02 00 00 00 00 00
 (1789627930.702856)  can0  201   [6]  02 00 00 00 00 00
 (1789627930.712862)  can0  201   [6]  02 00 00 00 00 00
 (1789627930.722857)  can0  201   [6]  02 00 00 00 00 00
 (1789627930.732857)  can0  201   [6]  02 00 00 00 00 00
 (1789627930.733531)  can0  181   [8]  60 14 60 14 00 00 00 00
 (1789627930.733724)  can0  281   [5]  03 00 00 00 00
 (1789627930.742861)  can0  201   [6]  02 00 00 00 00 00
 (1789627930.752857)  can0  201   [6]  02 00 00 00 00 00
 (1789627930.754047)  can0  701   [1]  05
 (1789627930.762862)  can0  201   [6]  02 00 00 00 00 00
 (1789627930.772858)  can0  201   [6]  02 00 00 00 00 00
 (1789627930.782862)  can0  201   [6]  02 00 00 00 00 00
 (1789627930.783541)  can0  181   [8]  60 14 60 14 00 00 00 00
 (1789627930.783732)  can0  281   [5]  03 00 00 00 00
 (1789627930.792858)  can0  201   [6]  02 00 00 00 00 00
 (1789627930.802856)  can0  201   [6]  02 00 00 00 00 00
 (1789627930.812861)  can0  201   [6]  02 00 00 00 00 00
 (1789627930.822857)  can0  201   [6]  02 00 00 00 00 00
 (1789627930.833183)  can0  201   [6]  02 00 00 00 00 00
 (1789627930.833609)  can0  181   [8]  60 14 60 14 00 00 00 00
 (1789627930.833799)  can0  281   [5]  03 00 00 00 00
 (1789627930.842888)  can0  201   [6]  02 00 00 00 00 00
 (1789627930.852867)  can0  201   [6]  02 00 00 00 00 00
 (1789627930.862856)  can0  201   [6]  02 00 00 00 00 00
 (1789627930.872857)  can0  201   [6]  02 00 00 00 00 00
 (1789627930.882861)  can0  201   [6]  02 00 00 00 00 00
 (1789627930.883618)  can0  181   [8]  60 14 60 14 00 00 00 00
 (1789627930.883808)  can0  281   [5]  03 00 00 00 00
 (1789627930.892857)  can0  201   [6]  02 00 00 00 00 00
 (1789627930.902861)  can0  201   [6]  02 00 00 00 00 00
 (1789627930.912857)  can0  201   [6]  02 00 00 00 00 00
 (1789627930.922861)  can0  201   [6]  02 00 00 00 00 00
 (1789627930.932859)  can0  201   [6]  02 00 00 00 00 00
 (1789627930.933623)  can0  181   [8]  60 14 60 14 00 00 00 00
 (1789627930.933815)  can0  281   [5]  03 00 00 00 00
 (1789627930.942856)  can0  201   [6]  02 00 00 00 00 00
 (1789627930.952861)  can0  201   [6]  02 00 00 00 00 00
 (1789627930.962856)  can0  201   [6]  02 00 00 00 00 00
 (1789627930.972862)  can0  201   [6]  02 00 00 00 00 00
 (1789627930.982855)  can0  201   [6]  02 00 00 00 00 00
 (1789627930.983633)  can0  181   [8]  60 14 60 14 00 00 00 00
 (1789627930.983823)  can0  281   [5]  03 00 00 00 00
 (1789627930.992877)  can0  201   [6]  02 00 00 00 00 00
 (1789627931.002881)  can0  201   [6]  02 00 00 00 00 00
 (1789627931.003591)  can0  701   [1]  05
 (1789627931.012929)  can0  201   [6]  02 00 00 00 00 00
 (1789627931.022911)  can0  201   [6]  02 00 00 00 00 00
 (1789627931.032966)  can0  201   [6]  02 00 00 00 00 00
 (1789627931.033643)  can0  181   [8]  60 14 60 14 00 00 00 00
 (1789627931.033831)  can0  281   [5]  03 00 00 00 00
 (1789627931.042941)  can0  201   [6]  02 00 00 00 00 00
 (1789627931.052963)  can0  201   [6]  02 00 00 00 00 00
 (1789627931.062910)  can0  201   [6]  02 00 00 00 00 00
 (1789627931.072987)  can0  201   [6]  02 00 00 00 00 00
 (1789627931.082898)  can0  201   [6]  02 00 00 00 00 00
 (1789627931.083649)  can0  181   [8]  60 14 60 14 00 00 00 00
 (1789627931.083838)  can0  281   [5]  03 00 00 00 00
 (1789627931.093031)  can0  201   [6]  02 00 00 00 00 00
 (1789627931.102967)  can0  201   [6]  02 00 00 00 00 00
 (1789627931.112988)  can0  201   [6]  02 00 00 00 00 00
 (1789627931.122959)  can0  201   [6]  02 00 00 00 00 00
 (1789627931.132929)  can0  201   [6]  02 00 00 00 00 00
 (1789627931.133656)  can0  181   [8]  60 14 60 14 00 00 00 00
 (1789627931.133843)  can0  281   [5]  03 00 00 00 00
 (1789627931.142905)  can0  201   [6]  02 00 00 00 00 00
 (1789627931.153016)  can0  201   [6]  02 00 00 00 00 00
 (1789627931.162945)  can0  201   [6]  02 00 00 00 00 00
 (1789627931.172920)  can0  201   [6]  02 00 00 00 00 00
 (1789627931.182918)  can0  201   [6]  02 00 00 00 00 00
 (1789627931.183663)  can0  181   [8]  60 14 60 14 00 00 00 00
 (1789627931.183853)  can0  281   [5]  03 00 00 00 00
 (1789627931.192901)  can0  201   [6]  02 00 00 00 00 00
 (1789627931.202928)  can0  201   [6]  02 00 00 00 00 00
 (1789627931.212871)  can0  201   [6]  02 00 00 00 00 00
 (1789627931.222857)  can0  201   [6]  02 00 00 00 00 00
 (1789627931.232862)  can0  201   [6]  02 00 00 00 00 00
 (1789627931.233670)  can0  181   [8]  60 14 60 14 00 00 00 00
 (1789627931.233860)  can0  281   [5]  03 00 00 00 00
 (1789627931.242858)  can0  201   [6]  02 00 00 00 00 00
 (1789627931.252861)  can0  201   [6]  02 00 00 00 00 00
 (1789627931.253124)  can0  701   [1]  05
 (1789627931.262855)  can0  201   [6]  02 00 00 00 00 00
 (1789627931.272859)  can0  201   [6]  02 00 00 00 00 00
 (1789627931.282855)  can0  201   [6]  02 00 00 00 00 00
 (1789627931.283674)  can0  181   [8]  60 14 60 14 00 00 00 00
 (1789627931.283868)  can0  281   [5]  03 00 00 00 00
 (1789627931.292856)  can0  201   [6]  02 00 00 00 00 00
 (1789627931.302862)  can0  201   [6]  02 00 00 00 00 00
 (1789627931.312856)  can0  201   [6]  02 00 00 00 00 00
 (1789627931.322861)  can0  201   [6]  02 00 00 00 00 00
 (1789627931.332857)  can0  201   [6]  02 00 00 00 00 00
 (1789627931.333684)  can0  181   [8]  60 14 60 14 00 00 00 00
 (1789627931.333875)  can0  281   [5]  03 00 00 00 00
 (1789627931.342863)  can0  201   [6]  02 00 00 00 00 00
 (1789627931.353007)  can0  201   [6]  02 00 00 00 00 00
 (1789627931.362885)  can0  201   [6]  02 00 00 00 00 00
 (1789627931.372868)  can0  201   [6]  02 00 00 00 00 00
 (1789627931.382858)  can0  201   [6]  02 00 00 00 00 00
 (1789627931.383692)  can0  181   [8]  60 14 60 14 00 00 00 00
 (1789627931.383882)  can0  281   [5]  03 00 00 00 00
 (1789627931.392862)  can0  201   [6]  02 00 00 00 00 00
 (1789627931.402858)  can0  201   [6]  02 00 00 00 00 00
 (1789627931.412861)  can0  201   [6]  02 00 00 00 00 00
 (1789627931.422857)  can0  201   [6]  02 00 00 00 00 00
 (1789627931.432859)  can0  201   [6]  02 00 00 00 00 00
 (1789627931.433699)  can0  181   [8]  60 14 60 14 00 00 00 00
 (1789627931.433890)  can0  281   [5]  03 00 00 00 00
 (1789627931.442864)  can0  201   [6]  02 00 00 00 00 00
 (1789627931.452856)  can0  201   [6]  02 00 00 00 00 00
 (1789627931.462862)  can0  201   [6]  02 00 00 00 00 00
 (1789627931.472856)  can0  201   [6]  02 00 00 00 00 00
 (1789627931.482861)  can0  201   [6]  02 00 00 00 00 00
 (1789627931.483705)  can0  181   [8]  60 14 60 14 00 00 00 00
 (1789627931.483897)  can0  281   [5]  03 00 00 00 00
 (1789627931.492856)  can0  201   [6]  02 00 00 00 00 00
 (1789627931.502660)  can0  701   [1]  05
 (1789627931.502865)  can0  201   [6]  02 00 00 00 00 00
 (1789627931.512866)  can0  201   [6]  02 00 00 00 00 00
 (1789627931.522860)  can0  201   [6]  02 00 00 00 00 00
 (1789627931.532949)  can0  201   [6]  02 00 00 00 00 00
 (1789627931.533713)  can0  181   [8]  60 14 60 14 00 00 00 00
 (1789627931.533903)  can0  281   [5]  03 00 00 00 00
 (1789627931.542911)  can0  201   [6]  02 00 00 00 00 00
 (1789627931.552968)  can0  201   [6]  02 00 00 00 00 00
 (1789627931.562944)  can0  201   [6]  02 00 00 00 00 00
 (1789627931.572975)  can0  201   [6]  02 00 00 00 00 00
 (1789627931.582892)  can0  201   [6]  02 00 00 00 00 00
 (1789627931.583724)  can0  181   [8]  60 14 60 14 00 00 00 00
 (1789627931.583913)  can0  281   [5]  03 00 00 00 00
 (1789627931.593018)  can0  201   [6]  02 00 00 00 00 00
 (1789627931.602901)  can0  201   [6]  02 00 00 00 00 00
 (1789627931.613029)  can0  201   [6]  02 00 00 00 00 00
 (1789627931.622974)  can0  201   [6]  02 00 00 00 00 00
 (1789627931.633011)  can0  201   [6]  02 00 00 00 00 00
 (1789627931.633728)  can0  181   [8]  60 14 60 14 00 00 00 00
 (1789627931.633919)  can0  281   [5]  03 00 00 00 00
 (1789627931.642961)  can0  201   [6]  02 00 00 00 00 00
 (1789627931.652929)  can0  201   [6]  02 00 00 00 00 00
 (1789627931.662916)  can0  201   [6]  02 00 00 00 00 00
 (1789627931.673010)  can0  201   [6]  02 00 00 00 00 00
 (1789627931.682946)  can0  201   [6]  02 00 00 00 00 00
 (1789627931.683737)  can0  181   [8]  60 14 60 14 00 00 00 00
 (1789627931.683927)  can0  281   [5]  03 00 00 00 00
 (1789627931.692934)  can0  201   [6]  02 00 00 00 00 00
 (1789627931.702914)  can0  201   [6]  02 00 00 00 00 00
 (1789627931.712907)  can0  201   [6]  02 00 00 00 00 00
 (1789627931.722908)  can0  201   [6]  02 00 00 00 00 00
 (1789627931.732888)  can0  201   [6]  02 00 00 00 00 00
 (1789627931.733744)  can0  181   [8]  60 14 60 14 00 00 00 00
 (1789627931.733935)  can0  281   [5]  03 00 00 00 00
 (1789627931.742866)  can0  201   [6]  02 00 00 00 00 00
 (1789627931.752138)  can0  701   [1]  05
 (1789627931.752857)  can0  201   [6]  02 00 00 00 00 00
 (1789627931.762860)  can0  201   [6]  02 00 00 00 00 00
 (1789627931.772856)  can0  201   [6]  02 00 00 00 00 00
 (1789627931.782856)  can0  201   [6]  02 00 00 00 00 00
 (1789627931.783752)  can0  181   [8]  60 14 60 14 00 00 00 00
 (1789627931.783885)  can0  281   [5]  03 00 00 00 00
 (1789627931.792859)  can0  201   [6]  02 00 00 00 00 00
 (1789627931.802855)  can0  201   [6]  02 00 00 00 00 00
 (1789627931.812861)  can0  201   [6]  02 00 00 00 00 00
 (1789627931.822856)  can0  201   [6]  02 00 00 00 00 00
 (1789627931.832861)  can0  201   [6]  02 00 00 00 00 00
 (1789627931.833757)  can0  181   [8]  60 14 60 14 00 00 00 00
 (1789627931.833949)  can0  281   [5]  03 00 00 00 00
 (1789627931.842858)  can0  201   [6]  02 00 00 00 00 00
 (1789627931.852855)  can0  201   [6]  02 00 00 00 00 00
 (1789627931.862860)  can0  201   [6]  02 00 00 00 00 00
 (1789627931.872856)  can0  201   [6]  02 00 00 00 00 00
 (1789627931.882968)  can0  201   [6]  02 00 00 00 00 00
 (1789627931.883765)  can0  181   [8]  60 14 60 14 00 00 00 00
 (1789627931.883956)  can0  281   [5]  03 00 00 00 00
 (1789627931.892870)  can0  201   [6]  02 00 00 00 00 00
 (1789627931.902865)  can0  201   [6]  02 00 00 00 00 00
 (1789627931.912859)  can0  201   [6]  02 00 00 00 00 00
 (1789627931.922855)  can0  201   [6]  02 00 00 00 00 00
 (1789627931.932862)  can0  201   [6]  02 00 00 00 00 00
 (1789627931.933773)  can0  181   [8]  60 14 60 14 00 00 00 00
 (1789627931.933963)  can0  281   [5]  03 00 00 00 00
 (1789627931.942855)  can0  201   [6]  02 00 00 00 00 00
 (1789627931.952861)  can0  201   [6]  02 00 00 00 00 00
 (1789627931.962857)  can0  201   [6]  02 00 00 00 00 00
 (1789627931.972861)  can0  201   [6]  02 00 00 00 00 00
 (1789627931.982856)  can0  201   [6]  02 00 00 00 00 00
 (1789627931.983779)  can0  181   [8]  60 14 60 14 00 00 00 00
 (1789627931.983971)  can0  281   [5]  03 00 00 00 00
 (1789627931.992856)  can0  201   [6]  02 00 00 00 00 00
 (1789627932.001675)  can0  701   [1]  05
 (1789627932.002863)  can0  201   [6]  02 00 00 00 00 00
 (1789627932.012853)  can0  201   [6]  02 00 00 00 00 00
 (1789627932.022862)  can0  201   [6]  02 00 00 00 00 00
 (1789627932.032868)  can0  201   [6]  02 00 00 00 00 00
 (1789627932.033789)  can0  181   [8]  60 14 60 14 00 00 00 00
 (1789627932.033922)  can0  281   [5]  03 00 00 00 00
 (1789627932.042873)  can0  201   [6]  02 00 00 00 00 00
 (1789627932.052943)  can0  201   [6]  02 00 00 00 00 00
 (1789627932.062919)  can0  201   [6]  02 00 00 00 00 00
 (1789627932.072963)  can0  201   [6]  02 00 00 00 00 00
 (1789627932.082933)  can0  201   [6]  02 00 00 00 00 00
 (1789627932.083796)  can0  181   [8]  60 14 60 14 00 00 00 00
 (1789627932.083985)  can0  281   [5]  03 00 00 00 00
 (1789627932.092968)  can0  201   [6]  02 00 00 00 00 00
 (1789627932.102924)  can0  201   [6]  02 00 00 00 00 00
 (1789627932.113034)  can0  201   [6]  02 00 00 00 00 00
 (1789627932.122885)  can0  201   [6]  02 00 00 00 00 00
 (1789627932.133031)  can0  201   [6]  02 00 00 00 00 00
 (1789627932.133809)  can0  181   [8]  60 14 60 14 00 00 00 00
 (1789627932.133994)  can0  281   [5]  03 00 00 00 00
 (1789627932.142965)  can0  201   [6]  02 00 00 00 00 00
 (1789627932.152947)  can0  201   [6]  02 00 00 00 00 00
 (1789627932.162991)  can0  201   [6]  02 00 00 00 00 00
 (1789627932.172939)  can0  201   [6]  02 00 00 00 00 00
 (1789627932.182924)  can0  201   [6]  02 00 00 00 00 00
 (1789627932.183809)  can0  181   [8]  60 14 60 14 00 00 00 00
 (1789627932.184000)  can0  281   [5]  03 00 00 00 00
 (1789627932.193001)  can0  201   [6]  02 00 00 00 00 00
 (1789627932.202950)  can0  201   [6]  02 00 00 00 00 00
 (1789627932.212931)  can0  201   [6]  02 00 00 00 00 00
 (1789627932.222915)  can0  201   [6]  02 00 00 00 00 00
 (1789627932.232914)  can0  201   [6]  02 00 00 00 00 00
 (1789627932.233819)  can0  181   [8]  60 14 60 14 00 00 00 00
 (1789627932.234009)  can0  281   [5]  03 00 00 00 00
 (1789627932.242909)  can0  201   [6]  02 00 00 00 00 00
 (1789627932.251215)  can0  701   [1]  05
 (1789627932.252904)  can0  201   [6]  02 00 00 00 00 00
 (1789627932.262863)  can0  201   [6]  02 00 00 00 00 00
 (1789627932.272858)  can0  201   [6]  02 00 00 00 00 00
 (1789627932.282862)  can0  201   [6]  02 00 00 00 00 00
 (1789627932.283823)  can0  181   [8]  60 14 60 14 00 00 00 00
 (1789627932.284014)  can0  281   [5]  03 00 00 00 00
 (1789627932.292856)  can0  201   [6]  02 00 00 00 00 00
 (1789627932.302862)  can0  201   [6]  02 00 00 00 00 00
 (1789627932.312858)  can0  201   [6]  02 00 00 00 00 00
 (1789627932.322861)  can0  201   [6]  02 00 00 00 00 00
 (1789627932.332856)  can0  201   [6]  02 00 00 00 00 00
 (1789627932.333832)  can0  181   [8]  60 14 60 14 00 00 00 00
 (1789627932.334024)  can0  281   [5]  03 00 00 00 00
 (1789627932.342856)  can0  201   [6]  02 00 00 00 00 00
 (1789627932.352861)  can0  201   [6]  02 00 00 00 00 00
 (1789627932.362856)  can0  201   [6]  02 00 00 00 00 00
 (1789627932.372861)  can0  201   [6]  02 00 00 00 00 00
 (1789627932.382856)  can0  201   [6]  02 00 00 00 00 00
 (1789627932.383840)  can0  181   [8]  60 14 60 14 00 00 00 00
 (1789627932.384032)  can0  281   [5]  03 00 00 00 00
 (1789627932.392860)  can0  201   [6]  02 00 00 00 00 00
 (1789627932.402968)  can0  201   [6]  02 00 00 00 00 00
 (1789627932.412872)  can0  201   [6]  02 00 00 00 00 00
 (1789627932.422863)  can0  201   [6]  02 00 00 00 00 00
 (1789627932.432857)  can0  201   [6]  02 00 00 00 00 00
 (1789627932.433847)  can0  181   [8]  60 14 60 14 00 00 00 00
 (1789627932.434039)  can0  281   [5]  03 00 00 00 00
 (1789627932.442862)  can0  201   [6]  02 00 00 00 00 00
 (1789627932.452858)  can0  201   [6]  02 00 00 00 00 00
 (1789627932.462861)  can0  201   [6]  02 00 00 00 00 00
 (1789627932.472855)  can0  201   [6]  02 00 00 00 00 00
 (1789627932.482857)  can0  201   [6]  02 00 00 00 00 00
 (1789627932.483855)  can0  181   [8]  60 14 60 14 00 00 00 00
 (1789627932.484045)  can0  281   [5]  03 00 00 00 00
 (1789627932.492861)  can0  201   [6]  02 00 00 00 00 00
 (1789627932.500689)  can0  701   [1]  05
 (1789627932.502855)  can0  201   [6]  02 00 00 00 00 00
 (1789627932.512864)  can0  201   [6]  02 00 00 00 00 00
 (1789627932.522854)  can0  201   [6]  02 00 00 00 00 00
 (1789627932.532860)  can0  201   [6]  02 00 00 00 00 00
 (1789627932.533861)  can0  181   [8]  60 14 60 14 00 00 00 00
 (1789627932.534053)  can0  281   [5]  03 00 00 00 00
 (1789627932.542859)  can0  201   [6]  02 00 00 00 00 00
 (1789627932.552869)  can0  201   [6]  02 00 00 00 00 00
 (1789627932.562868)  can0  201   [6]  02 00 00 00 00 00
 (1789627932.572953)  can0  201   [6]  02 00 00 00 00 00
 (1789627932.582916)  can0  201   [6]  02 00 00 00 00 00
 (1789627932.583872)  can0  181   [8]  60 14 60 14 00 00 00 00
 (1789627932.584059)  can0  281   [5]  03 00 00 00 00
 (1789627932.592960)  can0  201   [6]  02 00 00 00 00 00
 (1789627932.602950)  can0  201   [6]  02 00 00 00 00 00
 (1789627932.612929)  can0  201   [6]  02 00 00 00 00 00
 (1789627932.622932)  can0  201   [6]  02 00 00 00 00 00
 (1789627932.633061)  can0  201   [6]  02 00 00 00 00 00
 (1789627932.633880)  can0  181   [8]  60 14 60 14 00 00 00 00
 (1789627932.634011)  can0  281   [5]  03 00 00 00 00
 (1789627932.642917)  can0  201   [6]  02 00 00 00 00 00
 (1789627932.653078)  can0  201   [6]  02 00 00 00 00 00
 (1789627932.662975)  can0  201   [6]  02 00 00 00 00 00
 (1789627932.672939)  can0  201   [6]  02 00 00 00 00 00
 (1789627932.683005)  can0  201   [6]  02 00 00 00 00 00
 (1789627932.683886)  can0  181   [8]  60 14 60 14 00 00 00 00
 (1789627932.684075)  can0  281   [5]  03 00 00 00 00
 (1789627932.692933)  can0  201   [6]  02 00 00 00 00 00
 (1789627932.702925)  can0  201   [6]  02 00 00 00 00 00
 (1789627932.712995)  can0  201   [6]  02 00 00 00 00 00
 (1789627932.722951)  can0  201   [6]  02 00 00 00 00 00
 (1789627932.732917)  can0  201   [6]  02 00 00 00 00 00
 (1789627932.733891)  can0  181   [8]  60 14 60 14 00 00 00 00
 (1789627932.734080)  can0  281   [5]  03 00 00 00 00
 (1789627932.742921)  can0  201   [6]  02 00 00 00 00 00
 (1789627932.750227)  can0  701   [1]  05
 (1789627932.752903)  can0  201   [6]  02 00 00 00 00 00
 (1789627932.762909)  can0  201   [6]  02 00 00 00 00 00
 (1789627932.772903)  can0  201   [6]  02 00 00 00 00 00
 (1789627932.782867)  can0  201   [6]  02 00 00 00 00 00
 (1789627932.783900)  can0  181   [8]  60 14 60 14 00 00 00 00
 (1789627932.784091)  can0  281   [5]  03 00 00 00 00
 (1789627932.792862)  can0  201   [6]  02 00 00 00 00 00
 (1789627932.802857)  can0  201   [6]  02 00 00 00 00 00
 (1789627932.812861)  can0  201   [6]  02 00 00 00 00 00
 (1789627932.822866)  can0  201   [6]  02 00 00 00 00 00
 (1789627932.832858)  can0  201   [6]  02 00 00 00 00 00
 (1789627932.833904)  can0  181   [8]  60 14 60 14 00 00 00 00
 (1789627932.834040)  can0  281   [5]  03 00 00 00 00
 (1789627932.842861)  can0  201   [6]  02 00 00 00 00 00
 (1789627932.852857)  can0  201   [6]  02 00 00 00 00 00
 (1789627932.862860)  can0  201   [6]  02 00 00 00 00 00
 (1789627932.872855)  can0  201   [6]  02 00 00 00 00 00
 (1789627932.882862)  can0  201   [6]  02 00 00 00 00 00
 (1789627932.883911)  can0  181   [8]  60 14 60 14 00 00 00 00
 (1789627932.884104)  can0  281   [5]  03 00 00 00 00
 (1789627932.892855)  can0  201   [6]  02 00 00 00 00 00
 (1789627932.902856)  can0  201   [6]  02 00 00 00 00 00
 (1789627932.912860)  can0  201   [6]  02 00 00 00 00 00
 (1789627932.923037)  can0  201   [6]  02 00 00 00 00 00
 (1789627932.932874)  can0  201   [6]  02 00 00 00 00 00
 (1789627932.933922)  can0  181   [8]  60 14 60 14 00 00 00 00
 (1789627932.934112)  can0  281   [5]  03 00 00 00 00
 (1789627932.942861)  can0  201   [6]  02 00 00 00 00 00
 (1789627932.952860)  can0  201   [6]  02 00 00 00 00 00
 (1789627932.962856)  can0  201   [6]  02 00 00 00 00 00
 (1789627932.972855)  can0  201   [6]  02 00 00 00 00 00
 (1789627932.982862)  can0  201   [6]  02 00 00 00 00 00
 (1789627932.983927)  can0  181   [8]  60 14 60 14 00 00 00 00
 (1789627932.984120)  can0  281   [5]  03 00 00 00 00
 (1789627932.992855)  can0  201   [6]  02 00 00 00 00 00
 (1789627932.999766)  can0  701   [1]  05
 (1789627933.002859)  can0  201   [6]  02 00 00 00 00 00
 (1789627933.012857)  can0  201   [6]  02 00 00 00 00 00
 (1789627933.022861)  can0  201   [6]  02 00 00 00 00 00
 (1789627933.032856)  can0  201   [6]  02 00 00 00 00 00
 (1789627933.033933)  can0  181   [8]  60 14 60 14 00 00 00 00
 (1789627933.034125)  can0  281   [5]  03 00 00 00 00
 (1789627933.042856)  can0  201   [6]  02 00 00 00 00 00
 (1789627933.052862)  can0  201   [6]  02 00 00 00 00 00
 (1789627933.062855)  can0  201   [6]  02 00 00 00 00 00
 (1789627933.072871)  can0  201   [6]  02 00 00 00 00 00
 (1789627933.082862)  can0  201   [6]  02 00 00 00 00 00
 (1789627933.083942)  can0  181   [8]  60 14 60 14 00 00 00 00
 (1789627933.084134)  can0  281   [5]  03 00 00 00 00
 (1789627933.092955)  can0  201   [6]  02 00 00 00 00 00
 (1789627933.102915)  can0  201   [6]  02 00 00 00 00 00
 (1789627933.112953)  can0  201   [6]  02 00 00 00 00 00
 (1789627933.122946)  can0  201   [6]  02 00 00 00 00 00
 (1789627933.132919)  can0  201   [6]  02 00 00 00 00 00
 (1789627933.133951)  can0  181   [8]  60 14 60 14 00 00 00 00
 (1789627933.134146)  can0  281   [5]  03 00 00 00 00
 (1789627933.142952)  can0  201   [6]  02 00 00 00 00 00
 (1789627933.153055)  can0  201   [6]  02 00 00 00 00 00
 (1789627933.162949)  can0  201   [6]  02 00 00 00 00 00
 (1789627933.172964)  can0  201   [6]  02 00 00 00 00 00
 (1789627933.182987)  can0  201   [6]  02 00 00 00 00 00
 (1789627933.183958)  can0  181   [8]  60 14 60 14 00 00 00 00
 (1789627933.184149)  can0  281   [5]  03 00 00 00 00
 (1789627933.192946)  can0  201   [6]  02 00 00 00 00 00
 (1789627933.202966)  can0  201   [6]  02 00 00 00 00 00
 (1789627933.212964)  can0  201   [6]  02 00 00 00 00 00
 (1789627933.222953)  can0  201   [6]  02 00 00 00 00 00
 (1789627933.232955)  can0  201   [6]  02 00 00 00 00 00
 (1789627933.233971)  can0  181   [8]  60 14 60 14 00 00 00 00
 (1789627933.234100)  can0  281   [5]  03 00 00 00 00
 (1789627933.242948)  can0  201   [6]  02 00 00 00 00 00
 (1789627933.249244)  can0  701   [1]  05
 (1789627933.252923)  can0  201   [6]  02 00 00 00 00 00
 (1789627933.262931)  can0  201   [6]  02 00 00 00 00 00
 (1789627933.272903)  can0  201   [6]  02 00 00 00 00 00
 (1789627933.282922)  can0  201   [6]  02 00 00 00 00 00
 (1789627933.283973)  can0  181   [8]  60 14 60 14 00 00 00 00
 (1789627933.284163)  can0  281   [5]  03 00 00 00 00
 (1789627933.292907)  can0  201   [6]  02 00 00 00 00 00
 (1789627933.302871)  can0  201   [6]  02 00 00 00 00 00
 (1789627933.312858)  can0  201   [6]  02 00 00 00 00 00
 (1789627933.322857)  can0  201   [6]  02 00 00 00 00 00
 (1789627933.332862)  can0  201   [6]  02 00 00 00 00 00
 (1789627933.333978)  can0  181   [8]  60 14 60 14 00 00 00 00
 (1789627933.334170)  can0  281   [5]  03 00 00 00 00
 (1789627933.342853)  can0  201   [6]  02 00 00 00 00 00
 (1789627933.352859)  can0  201   [6]  02 00 00 00 00 00
 (1789627933.362857)  can0  201   [6]  02 00 00 00 00 00
 (1789627933.372862)  can0  201   [6]  02 00 00 00 00 00
 (1789627933.382857)  can0  201   [6]  02 00 00 00 00 00
 (1789627933.383987)  can0  181   [8]  60 14 60 14 00 00 00 00
 (1789627933.384177)  can0  281   [5]  03 00 00 00 00
 (1789627933.392856)  can0  201   [6]  02 00 00 00 00 00
 (1789627933.402859)  can0  201   [6]  02 00 00 00 00 00
 (1789627933.412855)  can0  201   [6]  02 00 00 00 00 00
 (1789627933.422861)  can0  201   [6]  02 00 00 00 00 00
 (1789627933.432853)  can0  201   [6]  02 00 00 00 00 00
 (1789627933.433996)  can0  181   [8]  60 14 60 14 00 00 00 00
 (1789627933.434130)  can0  281   [5]  03 00 00 00 00
 (1789627933.442980)  can0  201   [6]  02 00 00 00 00 00
 (1789627933.452873)  can0  201   [6]  02 00 00 00 00 00
 (1789627933.462857)  can0  201   [6]  02 00 00 00 00 00
 (1789627933.472861)  can0  201   [6]  02 00 00 00 00 00
 (1789627933.482855)  can0  201   [6]  02 00 00 00 00 00
 (1789627933.484003)  can0  181   [8]  60 14 60 14 00 00 00 00
 (1789627933.484195)  can0  281   [5]  03 00 00 00 00
 (1789627933.492862)  can0  201   [6]  02 00 00 00 00 00
 (1789627933.498779)  can0  701   [1]  05
 (1789627933.502855)  can0  201   [6]  02 00 00 00 00 00
 (1789627933.512860)  can0  201   [6]  02 00 00 00 00 00
 (1789627933.522855)  can0  201   [6]  02 00 00 00 00 00
 (1789627933.532857)  can0  201   [6]  02 00 00 00 00 00
 (1789627933.534008)  can0  181   [8]  60 14 60 14 00 00 00 00
 (1789627933.534200)  can0  281   [5]  03 00 00 00 00
 (1789627933.542860)  can0  201   [6]  02 00 00 00 00 00
 (1789627933.552856)  can0  201   [6]  02 00 00 00 00 00
 (1789627933.562861)  can0  201   [6]  02 00 00 00 00 00
 (1789627933.572856)  can0  201   [6]  02 00 00 00 00 00
 (1789627933.582863)  can0  201   [6]  02 00 00 00 00 00
 (1789627933.584018)  can0  181   [8]  60 14 60 14 00 00 00 00
 (1789627933.584208)  can0  281   [5]  03 00 00 00 00
 (1789627933.592866)  can0  201   [6]  02 00 00 00 00 00
 (1789627933.602863)  can0  201   [6]  02 00 00 00 00 00
 (1789627933.612931)  can0  201   [6]  02 00 00 00 00 00
 (1789627933.622918)  can0  201   [6]  02 00 00 00 00 00
 (1789627933.632911)  can0  201   [6]  02 00 00 00 00 00
 (1789627933.634029)  can0  181   [8]  60 14 60 14 00 00 00 00
 (1789627933.634157)  can0  281   [5]  03 00 00 00 00
 (1789627933.642957)  can0  201   [6]  02 00 00 00 00 00
 (1789627933.652926)  can0  201   [6]  02 00 00 00 00 00
 (1789627933.662953)  can0  201   [6]  02 00 00 00 00 00
 (1789627933.672951)  can0  201   [6]  02 00 00 00 00 00
 (1789627933.682970)  can0  201   [6]  02 00 00 00 00 00
 (1789627933.684034)  can0  181   [8]  60 14 60 14 00 00 00 00
 (1789627933.684223)  can0  281   [5]  03 00 00 00 00
 (1789627933.692987)  can0  201   [6]  02 00 00 00 00 00
 (1789627933.703016)  can0  201   [6]  02 00 00 00 00 00
 (1789627933.712966)  can0  201   [6]  02 00 00 00 00 00
 (1789627933.722977)  can0  201   [6]  02 00 00 00 00 00
 (1789627933.732950)  can0  201   [6]  02 00 00 00 00 00
 (1789627933.734041)  can0  181   [8]  60 14 60 14 00 00 00 00
 (1789627933.734230)  can0  281   [5]  03 00 00 00 00
 (1789627933.742945)  can0  201   [6]  02 00 00 00 00 00
 (1789627933.748318)  can0  701   [1]  05
 (1789627933.752909)  can0  201   [6]  02 00 00 00 00 00
 (1789627933.762994)  can0  201   [6]  02 00 00 00 00 00
 (1789627933.772942)  can0  201   [6]  02 00 00 00 00 00
 (1789627933.782939)  can0  201   [6]  02 00 00 00 00 00
 (1789627933.784047)  can0  181   [8]  60 14 60 14 00 00 00 00
 (1789627933.784181)  can0  281   [5]  03 00 00 00 00
 (1789627933.792911)  can0  201   [6]  02 00 00 00 00 00
 (1789627933.802898)  can0  201   [6]  02 00 00 00 00 00
 (1789627933.812910)  can0  201   [6]  02 00 00 00 00 00
 (1789627933.822873)  can0  201   [6]  02 00 00 00 00 00
 (1789627933.832857)  can0  201   [6]  02 00 00 00 00 00
 (1789627933.834054)  can0  181   [8]  60 14 60 14 00 00 00 00
 (1789627933.834188)  can0  281   [5]  03 00 00 00 00
 (1789627933.842862)  can0  201   [6]  02 00 00 00 00 00
 (1789627933.852856)  can0  201   [6]  02 00 00 00 00 00
 (1789627933.862863)  can0  201   [6]  02 00 00 00 00 00
 (1789627933.872857)  can0  201   [6]  02 00 00 00 00 00
 (1789627933.882857)  can0  201   [6]  02 00 00 00 00 00
 (1789627933.884060)  can0  181   [8]  60 14 60 14 00 00 00 00
 (1789627933.884252)  can0  281   [5]  03 00 00 00 00
 (1789627933.892862)  can0  201   [6]  02 00 00 00 00 00
 (1789627933.902854)  can0  201   [6]  02 00 00 00 00 00
 (1789627933.912859)  can0  201   [6]  02 00 00 00 00 00
 (1789627933.922857)  can0  201   [6]  02 00 00 00 00 00
 (1789627933.932858)  can0  201   [6]  02 00 00 00 00 00
 (1789627933.934068)  can0  181   [8]  60 14 60 14 00 00 00 00
 (1789627933.934260)  can0  281   [5]  03 00 00 00 00
 (1789627933.942856)  can0  201   [6]  02 00 00 00 00 00
 (1789627933.952857)  can0  201   [6]  02 00 00 00 00 00
 (1789627933.962975)  can0  201   [6]  02 00 00 00 00 00
 (1789627933.972870)  can0  201   [6]  02 00 00 00 00 00
 (1789627933.982861)  can0  201   [6]  02 00 00 00 00 00
 (1789627933.984075)  can0  181   [8]  60 14 60 14 00 00 00 00
 (1789627933.984265)  can0  281   [5]  03 00 00 00 00
 (1789627933.992857)  can0  201   [6]  02 00 00 00 00 00
 (1789627933.997799)  can0  701   [1]  05
 (1789627934.002862)  can0  201   [6]  02 00 00 00 00 00
 (1789627934.012857)  can0  201   [6]  02 00 00 00 00 00
 (1789627934.022855)  can0  201   [6]  02 00 00 00 00 00
 (1789627934.032861)  can0  201   [6]  02 00 00 00 00 00
 (1789627934.034085)  can0  181   [8]  60 14 60 14 00 00 00 00
 (1789627934.034275)  can0  281   [5]  03 00 00 00 00
 (1789627934.042859)  can0  201   [6]  02 00 00 00 00 00
 (1789627934.052860)  can0  201   [6]  02 00 00 00 00 00
 (1789627934.062853)  can0  201   [6]  02 00 00 00 00 00
 (1789627934.072862)  can0  201   [6]  02 00 00 00 00 00
 (1789627934.082855)  can0  201   [6]  02 00 00 00 00 00
 (1789627934.084089)  can0  181   [8]  60 14 60 14 00 00 00 00
 (1789627934.084279)  can0  281   [5]  03 00 00 00 00
 (1789627934.092855)  can0  201   [6]  02 00 00 00 00 00
 (1789627934.102862)  can0  201   [6]  02 00 00 00 00 00
 (1789627934.112867)  can0  201   [6]  02 00 00 00 00 00
 (1789627934.122868)  can0  201   [6]  02 00 00 00 00 00
 (1789627934.132928)  can0  201   [6]  02 00 00 00 00 00
 (1789627934.134103)  can0  181   [8]  60 14 60 14 00 00 00 00
 (1789627934.134292)  can0  281   [5]  03 00 00 00 00
 (1789627934.142928)  can0  201   [6]  02 00 00 00 00 00
 (1789627934.152912)  can0  201   [6]  02 00 00 00 00 00
 (1789627934.162900)  can0  201   [6]  02 00 00 00 00 00
 (1789627934.172906)  can0  201   [6]  02 00 00 00 00 00
 (1789627934.182925)  can0  201   [6]  02 00 00 00 00 00
 (1789627934.184106)  can0  181   [8]  60 14 60 14 00 00 00 00
 (1789627934.184298)  can0  281   [5]  03 00 00 00 00
 (1789627934.192892)  can0  201   [6]  02 00 00 00 00 00
 (1789627934.202858)  can0  201   [6]  02 00 00 00 00 00
 (1789627934.212861)  can0  201   [6]  02 00 00 00 00 00
 (1789627934.222859)  can0  201   [6]  02 00 00 00 00 00
 (1789627934.232856)  can0  201   [6]  02 00 00 00 00 00
 (1789627934.234113)  can0  181   [8]  60 14 60 14 00 00 00 00
 (1789627934.234247)  can0  281   [5]  03 00 00 00 00
 (1789627934.242862)  can0  201   [6]  02 00 00 00 00 00
 (1789627934.247331)  can0  701   [1]  05
 (1789627934.252855)  can0  201   [6]  02 00 00 00 00 00
 (1789627934.262858)  can0  201   [6]  02 00 00 00 00 00
 (1789627934.272853)  can0  201   [6]  02 00 00 00 00 00
 (1789627934.282860)  can0  201   [6]  02 00 00 00 00 00
 (1789627934.284120)  can0  181   [8]  60 14 60 14 00 00 00 00
 (1789627934.284310)  can0  281   [5]  03 00 00 00 00
 (1789627934.292857)  can0  201   [6]  02 00 00 00 00 00
 (1789627934.302856)  can0  201   [6]  02 00 00 00 00 00
 (1789627934.312863)  can0  201   [6]  02 00 00 00 00 00
 (1789627934.322858)  can0  201   [6]  02 00 00 00 00 00
 (1789627934.332861)  can0  201   [6]  02 00 00 00 00 00
 (1789627934.334165)  can0  181   [8]  60 14 60 14 00 00 00 00
 (1789627934.334262)  can0  281   [5]  03 00 00 00 00
 (1789627934.342949)  can0  201   [6]  02 00 00 00 00 00
 (1789627934.352870)  can0  201   [6]  02 00 00 00 00 00
 (1789627934.362860)  can0  201   [6]  02 00 00 00 00 00
 (1789627934.372853)  can0  201   [6]  02 00 00 00 00 00
 (1789627934.382862)  can0  201   [6]  02 00 00 00 00 00
 (1789627934.384134)  can0  181   [8]  60 14 60 14 00 00 00 00
 (1789627934.384270)  can0  281   [5]  03 00 00 00 00
 (1789627934.392855)  can0  201   [6]  02 00 00 00 00 00
 (1789627934.402863)  can0  201   [6]  02 00 00 00 00 00
 (1789627934.412858)  can0  201   [6]  02 00 00 00 00 00
 (1789627934.422861)  can0  201   [6]  02 00 00 00 00 00
 (1789627934.432858)  can0  201   [6]  02 00 00 00 00 00
 (1789627934.434142)  can0  181   [8]  60 14 60 14 00 00 00 00
 (1789627934.434277)  can0  281   [5]  03 00 00 00 00
 (1789627934.442856)  can0  201   [6]  02 00 00 00 00 00
 (1789627934.452862)  can0  201   [6]  02 00 00 00 00 00
 (1789627934.462857)  can0  201   [6]  02 00 00 00 00 00
 (1789627934.472861)  can0  201   [6]  02 00 00 00 00 00
 (1789627934.482857)  can0  201   [6]  02 00 00 00 00 00
 (1789627934.484147)  can0  181   [8]  60 14 60 14 00 00 00 00
 (1789627934.484340)  can0  281   [5]  03 00 00 00 00
 (1789627934.492872)  can0  201   [6]  02 00 00 00 00 00
 (1789627934.496868)  can0  701   [1]  05
 (1789627934.502867)  can0  201   [6]  02 00 00 00 00 00
 (1789627934.512955)  can0  201   [6]  02 00 00 00 00 00
 (1789627934.522937)  can0  201   [6]  02 00 00 00 00 00
 (1789627934.532919)  can0  201   [6]  02 00 00 00 00 00
 (1789627934.534157)  can0  181   [8]  60 14 60 14 00 00 00 00
 (1789627934.534349)  can0  281   [5]  03 00 00 00 00
 (1789627934.542910)  can0  201   [6]  02 00 00 00 00 00
 (1789627934.552890)  can0  201   [6]  02 00 00 00 00 00
 (1789627934.562917)  can0  201   [6]  02 00 00 00 00 00
 (1789627934.572859)  can0  201   [6]  02 00 00 00 00 00
 (1789627934.582857)  can0  201   [6]  02 00 00 00 00 00
 (1789627934.584165)  can0  181   [8]  60 14 60 14 00 00 00 00
 (1789627934.584355)  can0  281   [5]  03 00 00 00 00
 (1789627934.592861)  can0  201   [6]  02 00 00 00 00 00
 (1789627934.602857)  can0  201   [6]  02 00 00 00 00 00
 (1789627934.612861)  can0  201   [6]  02 00 00 00 00 00
 (1789627934.622857)  can0  201   [6]  02 00 00 00 00 00
 (1789627934.632861)  can0  201   [6]  02 00 00 00 00 00
 (1789627934.634170)  can0  181   [8]  60 14 60 14 00 00 00 00
 (1789627934.634362)  can0  281   [5]  03 00 00 00 00
 (1789627934.642858)  can0  201   [6]  02 00 00 00 00 00
 (1789627934.652857)  can0  201   [6]  02 00 00 00 00 00
 (1789627934.662964)  can0  201   [6]  02 00 00 00 00 00
 (1789627934.672855)  can0  201   [6]  02 00 00 00 00 00
 (1789627934.682861)  can0  201   [6]  02 00 00 00 00 00
 (1789627934.684176)  can0  181   [8]  60 14 60 14 00 00 00 00
 (1789627934.684371)  can0  281   [5]  03 00 00 00 00
 (1789627934.692856)  can0  201   [6]  02 00 00 00 00 00
 (1789627934.702858)  can0  201   [6]  02 00 00 00 00 00
 (1789627934.712979)  can0  201   [6]  02 00 00 00 00 00
 (1789627934.722868)  can0  201   [6]  02 00 00 00 00 00
 (1789627934.732865)  can0  201   [6]  02 00 00 00 00 00
 (1789627934.734188)  can0  181   [8]  60 14 60 14 00 00 00 00
 (1789627934.734378)  can0  281   [5]  03 00 00 00 00
 (1789627934.742857)  can0  201   [6]  02 00 00 00 00 00
 (1789627934.746403)  can0  701   [1]  05
 (1789627934.752860)  can0  201   [6]  02 00 00 00 00 00
 (1789627934.762855)  can0  201   [6]  02 00 00 00 00 00
 (1789627934.772862)  can0  201   [6]  02 00 00 00 00 00
 (1789627934.782855)  can0  201   [6]  02 00 00 00 00 00
 (1789627934.784193)  can0  181   [8]  60 14 60 14 00 00 00 00
 (1789627934.784383)  can0  281   [5]  03 00 00 00 00
 (1789627934.792856)  can0  201   [6]  02 00 00 00 00 00
 (1789627934.802862)  can0  201   [6]  02 00 00 00 00 00
 (1789627934.812855)  can0  201   [6]  02 00 00 00 00 00
 (1789627934.822860)  can0  201   [6]  02 00 00 00 00 00
 (1789627934.832856)  can0  201   [6]  02 00 00 00 00 00
 (1789627934.834201)  can0  181   [8]  60 14 60 14 00 00 00 00
 (1789627934.834335)  can0  281   [5]  03 00 00 00 00
 (1789627934.842862)  can0  201   [6]  02 00 00 00 00 00
 (1789627934.852854)  can0  201   [6]  02 00 00 00 00 00
 (1789627934.862866)  can0  201   [6]  02 00 00 00 00 00
 (1789627934.872869)  can0  201   [6]  02 00 00 00 00 00
 (1789627934.882981)  can0  201   [6]  02 00 00 00 00 00
 (1789627934.884212)  can0  181   [8]  60 14 60 14 00 00 00 00
 (1789627934.884343)  can0  281   [5]  03 00 00 00 00
 (1789627934.892928)  can0  201   [6]  02 00 00 00 00 00
 (1789627934.902889)  can0  201   [6]  02 00 00 00 00 00
 (1789627934.912975)  can0  201   [6]  02 00 00 00 00 00
 (1789627934.922917)  can0  201   [6]  02 00 00 00 00 00
 (1789627934.932936)  can0  201   [6]  02 00 00 00 00 00
 (1789627934.934219)  can0  181   [8]  60 14 60 14 00 00 00 00
 (1789627934.934409)  can0  281   [5]  03 00 00 00 00
 (1789627934.942945)  can0  201   [6]  02 00 00 00 00 00
 (1789627934.952994)  can0  201   [6]  02 00 00 00 00 00
 (1789627934.962956)  can0  201   [6]  02 00 00 00 00 00
 (1789627934.973012)  can0  201   [6]  02 00 00 00 00 00
 (1789627934.982966)  can0  201   [6]  02 00 00 00 00 00
 (1789627934.984227)  can0  181   [8]  60 14 60 14 00 00 00 00
 (1789627934.984415)  can0  281   [5]  03 00 00 00 00
 (1789627934.992979)  can0  201   [6]  02 00 00 00 00 00
 (1789627934.995892)  can0  701   [1]  05
 (1789627935.002972)  can0  201   [6]  02 00 00 00 00 00
 (1789627935.012913)  can0  201   [6]  02 00 00 00 00 00
 (1789627935.022906)  can0  201   [6]  02 00 00 00 00 00
 (1789627935.033008)  can0  201   [6]  02 00 00 00 00 00
 (1789627935.034229)  can0  181   [8]  60 14 60 14 00 00 00 00
 (1789627935.034364)  can0  281   [5]  03 00 00 00 00
 (1789627935.042944)  can0  201   [6]  02 00 00 00 00 00
 (1789627935.052930)  can0  201   [6]  02 00 00 00 00 00
 (1789627935.062914)  can0  201   [6]  02 00 00 00 00 00
 (1789627935.072956)  can0  201   [6]  02 00 00 00 00 00
 (1789627935.082931)  can0  201   [6]  02 00 00 00 00 00
 (1789627935.084239)  can0  181   [8]  60 14 60 14 00 00 00 00
 (1789627935.084428)  can0  281   [5]  03 00 00 00 00
 (1789627935.092868)  can0  201   [6]  02 00 00 00 00 00
 (1789627935.102862)  can0  201   [6]  02 00 00 00 00 00
 (1789627935.112858)  can0  201   [6]  02 00 00 00 00 00
 (1789627935.122861)  can0  201   [6]  02 00 00 00 00 00
 (1789627935.132856)  can0  201   [6]  02 00 00 00 00 00
 (1789627935.134246)  can0  181   [8]  60 14 60 14 00 00 00 00
 (1789627935.134379)  can0  281   [5]  03 00 00 00 00
 (1789627935.142855)  can0  201   [6]  02 00 00 00 00 00
 (1789627935.152861)  can0  201   [6]  02 00 00 00 00 00
 (1789627935.162855)  can0  201   [6]  02 00 00 00 00 00
 (1789627935.172861)  can0  201   [6]  02 00 00 00 00 00
 (1789627935.182855)  can0  201   [6]  02 00 00 00 00 00
 (1789627935.184252)  can0  181   [8]  60 14 60 14 00 00 00 00
 (1789627935.184387)  can0  281   [5]  03 00 00 00 00
 (1789627935.192861)  can0  201   [6]  02 00 00 00 00 00
 (1789627935.202856)  can0  201   [6]  02 00 00 00 00 00
 (1789627935.212856)  can0  201   [6]  02 00 00 00 00 00
 (1789627935.222861)  can0  201   [6]  02 00 00 00 00 00
 (1789627935.232985)  can0  201   [6]  02 00 00 00 00 00
 (1789627935.234260)  can0  181   [8]  60 14 60 14 00 00 00 00
 (1789627935.234395)  can0  281   [5]  03 00 00 00 00
 (1789627935.242879)  can0  201   [6]  02 00 00 00 00 00
 (1789627935.245421)  can0  701   [1]  05
 (1789627935.252859)  can0  201   [6]  02 00 00 00 00 00
 (1789627935.262861)  can0  201   [6]  02 00 00 00 00 00
 (1789627935.272855)  can0  201   [6]  02 00 00 00 00 00
 (1789627935.282855)  can0  201   [6]  02 00 00 00 00 00
 (1789627935.284267)  can0  181   [8]  60 14 60 14 00 00 00 00
 (1789627935.284459)  can0  281   [5]  03 00 00 00 00
 (1789627935.292864)  can0  201   [6]  02 00 00 00 00 00
 (1789627935.302854)  can0  201   [6]  02 00 00 00 00 00
 (1789627935.312861)  can0  201   [6]  02 00 00 00 00 00
 (1789627935.322856)  can0  201   [6]  02 00 00 00 00 00
 (1789627935.332862)  can0  201   [6]  02 00 00 00 00 00
 (1789627935.334273)  can0  181   [8]  60 14 60 14 00 00 00 00
 (1789627935.334465)  can0  281   [5]  03 00 00 00 00
 (1789627935.342856)  can0  201   [6]  02 00 00 00 00 00
 (1789627935.352856)  can0  201   [6]  02 00 00 00 00 00
 (1789627935.362860)  can0  201   [6]  02 00 00 00 00 00
 (1789627935.372855)  can0  201   [6]  02 00 00 00 00 00
 (1789627935.382864)  can0  201   [6]  02 00 00 00 00 00
 (1789627935.384283)  can0  181   [8]  60 14 60 14 00 00 00 00
 (1789627935.384417)  can0  281   [5]  03 00 00 00 00
 (1789627935.392863)  can0  201   [6]  02 00 00 00 00 00
 (1789627935.402913)  can0  201   [6]  02 00 00 00 00 00
 (1789627935.412928)  can0  201   [6]  02 00 00 00 00 00
 (1789627935.422896)  can0  201   [6]  02 00 00 00 00 00
 (1789627935.432990)  can0  201   [6]  02 00 00 00 00 00
 (1789627935.434289)  can0  181   [8]  60 14 60 14 00 00 00 00
 (1789627935.434479)  can0  281   [5]  03 00 00 00 00
 (1789627935.442935)  can0  201   [6]  02 00 00 00 00 00
 (1789627935.452962)  can0  201   [6]  02 00 00 00 00 00
 (1789627935.462912)  can0  201   [6]  02 00 00 00 00 00
 (1789627935.473014)  can0  201   [6]  02 00 00 00 00 00
 (1789627935.482959)  can0  201   [6]  02 00 00 00 00 00
 (1789627935.484299)  can0  181   [8]  60 14 60 14 00 00 00 00
 (1789627935.484432)  can0  281   [5]  03 00 00 00 00
 (1789627935.493017)  can0  201   [6]  02 00 00 00 00 00
 (1789627935.494966)  can0  701   [1]  05
 (1789627935.502965)  can0  201   [6]  02 00 00 00 00 00
 (1789627935.512975)  can0  201   [6]  02 00 00 00 00 00
 (1789627935.522977)  can0  201   [6]  02 00 00 00 00 00
 (1789627935.532910)  can0  201   [6]  02 00 00 00 00 00
 (1789627935.534306)  can0  181   [8]  60 14 60 14 00 00 00 00
 (1789627935.534495)  can0  281   [5]  03 00 00 00 00
 (1789627935.542921)  can0  201   [6]  02 00 00 00 00 00
 (1789627935.552995)  can0  201   [6]  02 00 00 00 00 00
 (1789627935.562949)  can0  201   [6]  02 00 00 00 00 00
 (1789627935.572922)  can0  201   [6]  02 00 00 00 00 00
 (1789627935.582911)  can0  201   [6]  02 00 00 00 00 00
 (1789627935.584312)  can0  181   [8]  60 14 60 14 00 00 00 00
 (1789627935.584446)  can0  281   [5]  03 00 00 00 00
 (1789627935.592904)  can0  201   [6]  02 00 00 00 00 00
 (1789627935.602922)  can0  201   [6]  02 00 00 00 00 00
 (1789627935.612870)  can0  201   [6]  02 00 00 00 00 00
 (1789627935.622856)  can0  201   [6]  02 00 00 00 00 00
 (1789627935.632858)  can0  201   [6]  02 00 00 00 00 00
 (1789627935.634327)  can0  181   [8]  60 14 60 14 00 00 00 00
 (1789627935.634514)  can0  281   [5]  03 00 00 00 00
 (1789627935.642860)  can0  201   [6]  02 00 00 00 00 00
 (1789627935.652855)  can0  201   [6]  02 00 00 00 00 00
 (1789627935.662863)  can0  201   [6]  02 00 00 00 00 00
 (1789627935.672854)  can0  201   [6]  02 00 00 00 00 00
 (1789627935.682860)  can0  201   [6]  02 00 00 00 00 00
 (1789627935.684333)  can0  181   [8]  60 14 60 14 00 00 00 00
 (1789627935.684524)  can0  281   [5]  03 00 00 00 00
 (1789627935.692856)  can0  201   [6]  02 00 00 00 00 00
 (1789627935.702854)  can0  201   [6]  02 00 00 00 00 00
 (1789627935.712863)  can0  201   [6]  02 00 00 00 00 00
 (1789627935.722855)  can0  201   [6]  02 00 00 00 00 00
 (1789627935.732860)  can0  201   [6]  02 00 00 00 00 00
 (1789627935.734331)  can0  181   [8]  60 14 60 14 00 00 00 00
 (1789627935.734467)  can0  281   [5]  03 00 00 00 00
 (1789627935.742857)  can0  201   [6]  02 00 00 00 00 00
 (1789627935.744434)  can0  701   [1]  05
 (1789627935.753214)  can0  201   [6]  02 00 00 00 00 00
 (1789627935.762875)  can0  201   [6]  02 00 00 00 00 00
 (1789627935.772860)  can0  201   [6]  02 00 00 00 00 00
 (1789627935.782861)  can0  201   [6]  02 00 00 00 00 00
 (1789627935.784341)  can0  181   [8]  60 14 60 14 00 00 00 00
 (1789627935.784476)  can0  281   [5]  03 00 00 00 00
 (1789627935.792856)  can0  201   [6]  02 00 00 00 00 00
 (1789627935.802857)  can0  201   [6]  02 00 00 00 00 00
 (1789627935.812856)  can0  201   [6]  02 00 00 00 00 00
 (1789627935.822858)  can0  201   [6]  02 00 00 00 00 00
 (1789627935.832856)  can0  201   [6]  02 00 00 00 00 00
 (1789627935.834349)  can0  181   [8]  60 14 60 14 00 00 00 00
 (1789627935.834542)  can0  281   [5]  03 00 00 00 00
 (1789627935.842856)  can0  201   [6]  02 00 00 00 00 00
 (1789627935.852861)  can0  201   [6]  02 00 00 00 00 00
 (1789627935.862857)  can0  201   [6]  02 00 00 00 00 00
 (1789627935.872861)  can0  201   [6]  02 00 00 00 00 00
 (1789627935.882857)  can0  201   [6]  02 00 00 00 00 00
 (1789627935.884355)  can0  181   [8]  60 14 60 14 00 00 00 00
 (1789627935.884545)  can0  281   [5]  03 00 00 00 00
 (1789627935.892866)  can0  201   [6]  02 00 00 00 00 00
 (1789627935.902855)  can0  201   [6]  02 00 00 00 00 00
 (1789627935.912872)  can0  201   [6]  02 00 00 00 00 00
 (1789627935.922885)  can0  201   [6]  02 00 00 00 00 00
 (1789627935.932940)  can0  201   [6]  02 00 00 00 00 00
 (1789627935.934366)  can0  181   [8]  60 14 60 14 00 00 00 00
 (1789627935.934554)  can0  281   [5]  03 00 00 00 00
 (1789627935.942904)  can0  201   [6]  02 00 00 00 00 00
 (1789627935.952966)  can0  201   [6]  02 00 00 00 00 00
 (1789627935.962928)  can0  201   [6]  02 00 00 00 00 00
 (1789627935.972942)  can0  201   [6]  02 00 00 00 00 00
 (1789627935.982905)  can0  201   [6]  02 00 00 00 00 00
 (1789627935.984372)  can0  181   [8]  60 14 60 14 00 00 00 00
 (1789627935.984505)  can0  281   [5]  03 00 00 00 00
 (1789627935.993024)  can0  201   [6]  02 00 00 00 00 00
 (1789627935.993973)  can0  701   [1]  05
 (1789627936.002942)  can0  201   [6]  02 00 00 00 00 00
 (1789627936.013031)  can0  201   [6]  02 00 00 00 00 00
 (1789627936.022977)  can0  201   [6]  02 00 00 00 00 00
 (1789627936.032984)  can0  201   [6]  02 00 00 00 00 00
 (1789627936.034381)  can0  181   [8]  60 14 60 14 00 00 00 00
 (1789627936.034569)  can0  281   [5]  03 00 00 00 00
 (1789627936.042967)  can0  201   [6]  02 00 00 00 00 00
 (1789627936.052905)  can0  201   [6]  02 00 00 00 00 00
 (1789627936.062916)  can0  201   [6]  02 00 00 00 00 00
 (1789627936.072997)  can0  201   [6]  02 00 00 00 00 00
 (1789627936.082955)  can0  201   [6]  02 00 00 00 00 00
 (1789627936.084387)  can0  181   [8]  60 14 60 14 00 00 00 00
 (1789627936.084576)  can0  281   [5]  03 00 00 00 00
 (1789627936.092912)  can0  201   [6]  02 00 00 00 00 00
 (1789627936.102921)  can0  201   [6]  02 00 00 00 00 00
 (1789627936.112895)  can0  201   [6]  02 00 00 00 00 00
 (1789627936.122929)  can0  201   [6]  02 00 00 00 00 00
 (1789627936.132868)  can0  201   [6]  02 00 00 00 00 00
 (1789627936.134395)  can0  181   [8]  60 14 60 14 00 00 00 00
 (1789627936.134583)  can0  281   [5]  03 00 00 00 00
 (1789627936.142858)  can0  201   [6]  02 00 00 00 00 00
 (1789627936.152862)  can0  201   [6]  02 00 00 00 00 00
 (1789627936.162855)  can0  201   [6]  02 00 00 00 00 00
 (1789627936.172861)  can0  201   [6]  02 00 00 00 00 00
 (1789627936.182859)  can0  201   [6]  02 00 00 00 00 00
 (1789627936.184399)  can0  181   [8]  60 14 60 14 00 00 00 00
 (1789627936.184535)  can0  281   [5]  03 00 00 00 00
 (1789627936.192856)  can0  201   [6]  02 00 00 00 00 00
 (1789627936.202861)  can0  201   [6]  02 00 00 00 00 00
 (1789627936.212857)  can0  201   [6]  02 00 00 00 00 00
 (1789627936.222859)  can0  201   [6]  02 00 00 00 00 00
 (1789627936.232855)  can0  201   [6]  02 00 00 00 00 00
 (1789627936.234407)  can0  181   [8]  60 14 60 14 00 00 00 00
 (1789627936.234541)  can0  281   [5]  03 00 00 00 00
 (1789627936.242859)  can0  201   [6]  02 00 00 00 00 00
 (1789627936.243511)  can0  701   [1]  05
 (1789627936.252857)  can0  201   [6]  02 00 00 00 00 00
 (1789627936.262855)  can0  201   [6]  02 00 00 00 00 00
 (1789627936.272901)  can0  201   [6]  02 00 00 00 00 00
 (1789627936.282891)  can0  201   [6]  02 00 00 00 00 00
 (1789627936.284416)  can0  181   [8]  60 14 60 14 00 00 00 00
 (1789627936.284550)  can0  281   [5]  03 00 00 00 00
 (1789627936.292871)  can0  201   [6]  02 00 00 00 00 00
 (1789627936.302864)  can0  201   [6]  02 00 00 00 00 00
 (1789627936.312861)  can0  201   [6]  02 00 00 00 00 00
 (1789627936.322856)  can0  201   [6]  02 00 00 00 00 00
 (1789627936.332853)  can0  201   [6]  02 00 00 00 00 00
 (1789627936.334424)  can0  181   [8]  60 14 60 14 00 00 00 00
 (1789627936.334615)  can0  281   [5]  03 00 00 00 00
 (1789627936.342861)  can0  201   [6]  02 00 00 00 00 00
 (1789627936.352856)  can0  201   [6]  02 00 00 00 00 00
 (1789627936.362752)  can0  201   [6]  02 00 00 00 00 00
 (1789627936.372744)  can0  201   [6]  02 00 00 00 00 00
 (1789627936.382745)  can0  201   [6]  02 00 00 00 00 00
 (1789627936.384372)  can0  181   [8]  60 14 60 14 00 00 00 00
 (1789627936.384564)  can0  281   [5]  03 00 00 00 00
 (1789627936.392859)  can0  201   [6]  02 00 00 00 00 00
 (1789627936.402856)  can0  201   [6]  02 00 00 00 00 00
 (1789627936.412859)  can0  201   [6]  02 00 00 00 00 00
 (1789627936.422855)  can0  201   [6]  02 00 00 00 00 00
 (1789627936.432884)  can0  201   [6]  02 00 00 00 00 00
 (1789627936.434436)  can0  181   [8]  60 14 60 14 00 00 00 00
 (1789627936.434571)  can0  281   [5]  03 00 00 00 00
 (1789627936.442867)  can0  201   [6]  02 00 00 00 00 00
 (1789627936.452970)  can0  201   [6]  02 00 00 00 00 00
 (1789627936.462922)  can0  201   [6]  02 00 00 00 00 00
 (1789627936.472916)  can0  201   [6]  02 00 00 00 00 00
 (1789627936.482906)  can0  201   [6]  02 00 00 00 00 00
 (1789627936.484445)  can0  181   [8]  60 14 60 14 00 00 00 00
 (1789627936.484580)  can0  281   [5]  03 00 00 00 00
 (1789627936.492913)  can0  201   [6]  02 00 00 00 00 00
 (1789627936.492982)  can0  701   [1]  05
 (1789627936.502905)  can0  201   [6]  02 00 00 00 00 00
 (1789627936.512869)  can0  201   [6]  02 00 00 00 00 00
 (1789627936.522864)  can0  201   [6]  02 00 00 00 00 00
 (1789627936.532856)  can0  201   [6]  02 00 00 00 00 00
 (1789627936.534453)  can0  181   [8]  60 14 60 14 00 00 00 00
 (1789627936.534588)  can0  281   [5]  03 00 00 00 00
 (1789627936.542856)  can0  201   [6]  02 00 00 00 00 00
 (1789627936.552861)  can0  201   [6]  02 00 00 00 00 00
 (1789627936.562855)  can0  201   [6]  02 00 00 00 00 00
 (1789627936.572807)  can0  201   [6]  02 00 00 00 00 00
 (1789627936.582855)  can0  201   [6]  02 00 00 00 00 00
 (1789627936.584460)  can0  181   [8]  60 14 60 14 00 00 00 00
 (1789627936.584594)  can0  281   [5]  03 00 00 00 00
 (1789627936.592748)  can0  201   [6]  02 00 00 00 00 00
 (1789627936.602744)  can0  201   [6]  02 00 00 00 00 00
 (1789627936.612741)  can0  201   [6]  02 00 00 00 00 00
 (1789627936.622745)  can0  201   [6]  02 00 00 00 00 00
 (1789627936.632740)  can0  201   [6]  02 00 00 00 00 00
 (1789627936.634410)  can0  181   [8]  60 14 60 14 00 00 00 00
 (1789627936.634601)  can0  281   [5]  03 00 00 00 00
 (1789627936.642745)  can0  201   [6]  02 00 00 00 00 00
 (1789627936.652864)  can0  201   [6]  02 00 00 00 00 00
 (1789627936.662875)  can0  201   [6]  02 00 00 00 00 00
 (1789627936.672858)  can0  201   [6]  02 00 00 00 00 00
 (1789627936.682856)  can0  201   [6]  02 00 00 00 00 00
 (1789627936.684474)  can0  181   [8]  60 14 60 14 00 00 00 00
 (1789627936.684608)  can0  281   [5]  03 00 00 00 00
 (1789627936.692862)  can0  201   [6]  02 00 00 00 00 00
 (1789627936.702855)  can0  201   [6]  02 00 00 00 00 00
 (1789627936.712862)  can0  201   [6]  02 00 00 00 00 00
 (1789627936.722856)  can0  201   [6]  02 00 00 00 00 00
 (1789627936.732864)  can0  201   [6]  02 00 00 00 00 00
 (1789627936.734483)  can0  181   [8]  60 14 60 14 00 00 00 00
 (1789627936.734617)  can0  281   [5]  03 00 00 00 00
 (1789627936.742525)  can0  701   [1]  05
 (1789627936.742857)  can0  201   [6]  02 00 00 00 00 00
 (1789627936.752856)  can0  201   [6]  02 00 00 00 00 00
 (1789627936.762861)  can0  201   [6]  02 00 00 00 00 00
 (1789627936.772856)  can0  201   [6]  02 00 00 00 00 00
 (1789627936.782862)  can0  201   [6]  02 00 00 00 00 00
 (1789627936.784489)  can0  181   [8]  60 14 60 14 00 00 00 00
 (1789627936.784623)  can0  281   [5]  03 00 00 00 00
 (1789627936.792857)  can0  201   [6]  02 00 00 00 00 00
 (1789627936.802874)  can0  201   [6]  02 00 00 00 00 00
 (1789627936.812862)  can0  201   [6]  02 00 00 00 00 00
 (1789627936.822929)  can0  201   [6]  02 00 00 00 00 00
 (1789627936.832917)  can0  201   [6]  02 00 00 00 00 00
 (1789627936.834499)  can0  181   [8]  60 14 60 14 00 00 00 00
 (1789627936.834687)  can0  281   [5]  03 00 00 00 00
 (1789627936.842925)  can0  201   [6]  02 00 00 00 00 00
 (1789627936.852954)  can0  201   [6]  02 00 00 00 00 00
 (1789627936.862929)  can0  201   [6]  02 00 00 00 00 00
 (1789627936.872946)  can0  201   [6]  02 00 00 00 00 00
 (1789627936.882989)  can0  201   [6]  02 00 00 00 00 00
 (1789627936.884521)  can0  181   [8]  60 14 60 14 00 00 00 00
 (1789627936.884637)  can0  281   [5]  03 00 00 00 00
 (1789627936.892944)  can0  201   [6]  02 00 00 00 00 00
 (1789627936.902961)  can0  201   [6]  02 00 00 00 00 00
 (1789627936.913008)  can0  201   [6]  02 00 00 00 00 00
 (1789627936.922963)  can0  201   [6]  02 00 00 00 00 00
 (1789627936.932968)  can0  201   [6]  02 00 00 00 00 00
 (1789627936.934514)  can0  181   [8]  60 14 60 14 00 00 00 00
 (1789627936.934644)  can0  281   [5]  03 00 00 00 00
 (1789627936.942969)  can0  201   [6]  02 00 00 00 00 00
 (1789627936.952936)  can0  201   [6]  02 00 00 00 00 00
 (1789627936.962942)  can0  201   [6]  02 00 00 00 00 00
 (1789627936.972967)  can0  201   [6]  02 00 00 00 00 00
 (1789627936.982939)  can0  201   [6]  02 00 00 00 00 00
 (1789627936.984518)  can0  181   [8]  60 14 60 14 00 00 00 00
 (1789627936.984651)  can0  281   [5]  03 00 00 00 00
 (1789627936.992064)  can0  701   [1]  05
 (1789627936.992924)  can0  201   [6]  02 00 00 00 00 00
 (1789627937.002913)  can0  201   [6]  02 00 00 00 00 00
 (1789627937.012907)  can0  201   [6]  02 00 00 00 00 00
 (1789627937.022908)  can0  201   [6]  02 00 00 00 00 00
 (1789627937.032864)  can0  201   [6]  02 00 00 00 00 00
 (1789627937.034526)  can0  181   [8]  60 14 60 14 00 00 00 00
 (1789627937.034660)  can0  281   [5]  03 00 00 00 00
 (1789627937.042865)  can0  201   [6]  02 00 00 00 00 00
 (1789627937.052857)  can0  201   [6]  02 00 00 00 00 00
 (1789627937.062811)  can0  201   [6]  02 00 00 00 00 00
 (1789627937.072858)  can0  201   [6]  02 00 00 00 00 00
 (1789627937.082807)  can0  201   [6]  02 00 00 00 00 00
 (1789627937.084532)  can0  181   [8]  60 14 60 14 00 00 00 00
 (1789627937.084666)  can0  281   [5]  03 00 00 00 00
 (1789627937.092855)  can0  201   [6]  02 00 00 00 00 00
 (1789627937.102855)  can0  201   [6]  02 00 00 00 00 00
 (1789627937.112862)  can0  201   [6]  02 00 00 00 00 00
 (1789627937.122857)  can0  201   [6]  02 00 00 00 00 00
 (1789627937.132863)  can0  201   [6]  02 00 00 00 00 00
 (1789627937.134541)  can0  181   [8]  60 14 60 14 00 00 00 00
 (1789627937.134675)  can0  281   [5]  03 00 00 00 00
 (1789627937.142802)  can0  201   [6]  02 00 00 00 00 00
 (1789627937.152863)  can0  201   [6]  02 00 00 00 00 00
 (1789627937.162855)  can0  201   [6]  02 00 00 00 00 00
 (1789627937.172932)  can0  201   [6]  02 00 00 00 00 00
 (1789627937.182867)  can0  201   [6]  02 00 00 00 00 00
 (1789627937.184493)  can0  181   [8]  60 14 60 14 00 00 00 00
 (1789627937.184684)  can0  281   [5]  03 00 00 00 00
 (1789627937.192860)  can0  201   [6]  02 00 00 00 00 00
 (1789627937.202862)  can0  201   [6]  02 00 00 00 00 00
 (1789627937.212857)  can0  201   [6]  02 00 00 00 00 00
 (1789627937.222861)  can0  201   [6]  02 00 00 00 00 00
 (1789627937.232857)  can0  201   [6]  02 00 00 00 00 00
 (1789627937.234555)  can0  181   [8]  60 14 60 14 00 00 00 00
 (1789627937.234689)  can0  281   [5]  03 00 00 00 00
 (1789627937.241540)  can0  701   [1]  05
 (1789627937.242856)  can0  201   [6]  02 00 00 00 00 00
 (1789627937.252861)  can0  201   [6]  02 00 00 00 00 00
 (1789627937.262856)  can0  201   [6]  02 00 00 00 00 00
 (1789627937.272861)  can0  201   [6]  02 00 00 00 00 00
 (1789627937.282856)  can0  201   [6]  02 00 00 00 00 00
 (1789627937.284561)  can0  181   [8]  60 14 60 14 00 00 00 00
 (1789627937.284697)  can0  281   [5]  03 00 00 00 00
 (1789627937.292863)  can0  201   [6]  02 00 00 00 00 00
 (1789627937.302857)  can0  201   [6]  02 00 00 00 00 00
 (1789627937.312857)  can0  201   [6]  02 00 00 00 00 00
 (1789627937.322873)  can0  201   [6]  02 00 00 00 00 00
 (1789627937.332871)  can0  201   [6]  02 00 00 00 00 00
 (1789627937.334573)  can0  181   [8]  60 14 60 14 00 00 00 00
 (1789627937.334705)  can0  281   [5]  03 00 00 00 00
 (1789627937.342917)  can0  201   [6]  02 00 00 00 00 00
 (1789627937.352929)  can0  201   [6]  02 00 00 00 00 00
 (1789627937.362907)  can0  201   [6]  02 00 00 00 00 00
 (1789627937.372982)  can0  201   [6]  02 00 00 00 00 00
 (1789627937.382913)  can0  201   [6]  02 00 00 00 00 00
 (1789627937.384578)  can0  181   [8]  60 14 60 14 00 00 00 00
 (1789627937.384773)  can0  281   [5]  03 00 00 00 00
 (1789627937.392965)  can0  201   [6]  02 00 00 00 00 00
 (1789627937.402960)  can0  201   [6]  02 00 00 00 00 00
 (1789627937.412997)  can0  201   [6]  02 00 00 00 00 00
 (1789627937.422921)  can0  201   [6]  02 00 00 00 00 00
 (1789627937.433012)  can0  201   [6]  02 00 00 00 00 00
 (1789627937.434586)  can0  181   [8]  60 14 60 14 00 00 00 00
 (1789627937.434718)  can0  281   [5]  03 00 00 00 00
 (1789627937.442933)  can0  201   [6]  02 00 00 00 00 00
 (1789627937.452973)  can0  201   [6]  02 00 00 00 00 00
 (1789627937.462943)  can0  201   [6]  02 00 00 00 00 00
 (1789627937.472910)  can0  201   [6]  02 00 00 00 00 00
 (1789627937.482906)  can0  201   [6]  02 00 00 00 00 00
 (1789627937.484602)  can0  181   [8]  60 14 60 14 00 00 00 00
 (1789627937.484725)  can0  281   [5]  03 00 00 00 00
 (1789627937.491079)  can0  701   [1]  05
 (1789627937.492978)  can0  201   [6]  02 00 00 00 00 00
 (1789627937.502935)  can0  201   [6]  02 00 00 00 00 00
 (1789627937.512924)  can0  201   [6]  02 00 00 00 00 00
 (1789627937.522898)  can0  201   [6]  02 00 00 00 00 00
 (1789627937.532833)  can0  201   [6]  02 00 00 00 00 00
 (1789627937.534599)  can0  181   [8]  60 14 60 14 00 00 00 00
 (1789627937.534735)  can0  281   [5]  03 00 00 00 00
 (1789627937.542916)  can0  201   [6]  02 00 00 00 00 00
 (1789627937.552812)  can0  201   [6]  02 00 00 00 00 00
 (1789627937.562858)  can0  201   [6]  02 00 00 00 00 00
 (1789627937.572862)  can0  201   [6]  02 00 00 00 00 00
 (1789627937.582857)  can0  201   [6]  02 00 00 00 00 00
 (1789627937.584609)  can0  181   [8]  60 14 60 14 00 00 00 00
 (1789627937.584741)  can0  281   [5]  03 00 00 00 00
 (1789627937.592855)  can0  201   [6]  02 00 00 00 00 00
 (1789627937.602861)  can0  201   [6]  02 00 00 00 00 00
 (1789627937.612854)  can0  201   [6]  02 00 00 00 00 00
 (1789627937.622863)  can0  201   [6]  02 00 00 00 00 00
 (1789627937.632855)  can0  201   [6]  02 00 00 00 00 00
 (1789627937.634559)  can0  181   [8]  60 14 60 14 00 00 00 00
 (1789627937.634750)  can0  281   [5]  03 00 00 00 00
 (1789627937.642863)  can0  201   [6]  02 00 00 00 00 00
 (1789627937.652858)  can0  201   [6]  02 00 00 00 00 00
 (1789627937.662854)  can0  201   [6]  02 00 00 00 00 00
 (1789627937.672861)  can0  201   [6]  02 00 00 00 00 00
 (1789627937.682856)  can0  201   [6]  02 00 00 00 00 00
 (1789627937.684622)  can0  181   [8]  60 14 60 14 00 00 00 00
 (1789627937.684756)  can0  281   [5]  03 00 00 00 00
 (1789627937.693264)  can0  201   [6]  02 00 00 00 00 00
 (1789627937.702887)  can0  201   [6]  02 00 00 00 00 00
 (1789627937.712866)  can0  201   [6]  02 00 00 00 00 00
 (1789627937.722857)  can0  201   [6]  02 00 00 00 00 00
 (1789627937.732855)  can0  201   [6]  02 00 00 00 00 00
 (1789627937.734630)  can0  181   [8]  60 14 60 14 00 00 00 00
 (1789627937.734765)  can0  281   [5]  03 00 00 00 00
 (1789627937.740618)  can0  701   [1]  05
 (1789627937.742862)  can0  201   [6]  02 00 00 00 00 00
 (1789627937.752855)  can0  201   [6]  02 00 00 00 00 00
 (1789627937.762861)  can0  201   [6]  02 00 00 00 00 00
 (1789627937.772856)  can0  201   [6]  02 00 00 00 00 00
 (1789627937.782861)  can0  201   [6]  02 00 00 00 00 00
 (1789627937.784638)  can0  181   [8]  60 14 60 14 00 00 00 00
 (1789627937.784771)  can0  281   [5]  03 00 00 00 00
 (1789627937.792861)  can0  201   [6]  02 00 00 00 00 00
 (1789627937.802856)  can0  201   [6]  02 00 00 00 00 00
 (1789627937.812861)  can0  201   [6]  02 00 00 00 00 00
 (1789627937.822854)  can0  201   [6]  02 00 00 00 00 00
 (1789627937.832861)  can0  201   [6]  02 00 00 00 00 00
 (1789627937.834644)  can0  181   [8]  60 14 60 14 00 00 00 00
 (1789627937.834779)  can0  281   [5]  03 00 00 00 00
 (1789627937.842867)  can0  201   [6]  02 00 00 00 00 00
 (1789627937.852869)  can0  201   [6]  02 00 00 00 00 00
 (1789627937.862926)  can0  201   [6]  02 00 00 00 00 00
 (1789627937.872924)  can0  201   [6]  02 00 00 00 00 00
 (1789627937.882909)  can0  201   [6]  02 00 00 00 00 00
 (1789627937.884662)  can0  181   [8]  60 14 60 14 00 00 00 00
 (1789627937.884787)  can0  281   [5]  03 00 00 00 00
 (1789627937.892965)  can0  201   [6]  02 00 00 00 00 00
 (1789627937.902945)  can0  201   [6]  02 00 00 00 00 00
 (1789627937.912959)  can0  201   [6]  02 00 00 00 00 00
 (1789627937.922939)  can0  201   [6]  02 00 00 00 00 00
 (1789627937.932998)  can0  201   [6]  02 00 00 00 00 00
 (1789627937.934662)  can0  181   [8]  60 14 60 14 00 00 00 00
 (1789627937.934794)  can0  281   [5]  03 00 00 00 00
 (1789627937.942954)  can0  201   [6]  02 00 00 00 00 00
 (1789627937.953026)  can0  201   [6]  02 00 00 00 00 00
 (1789627937.962971)  can0  201   [6]  02 00 00 00 00 00
 (1789627937.972983)  can0  201   [6]  02 00 00 00 00 00
 (1789627937.982975)  can0  201   [6]  02 00 00 00 00 00
 (1789627937.984666)  can0  181   [8]  60 14 60 14 00 00 00 00
 (1789627937.984801)  can0  281   [5]  03 00 00 00 00
 (1789627937.990148)  can0  701   [1]  05
 (1789627937.992919)  can0  201   [6]  02 00 00 00 00 00
 (1789627938.002909)  can0  201   [6]  02 00 00 00 00 00
 (1789627938.013022)  can0  201   [6]  02 00 00 00 00 00
 (1789627938.022884)  can0  201   [6]  02 00 00 00 00 00
 (1789627938.032913)  can0  201   [6]  02 00 00 00 00 00
 (1789627938.034676)  can0  181   [8]  60 14 60 14 00 00 00 00
 (1789627938.034808)  can0  281   [5]  03 00 00 00 00
 (1789627938.042844)  can0  201   [6]  02 00 00 00 00 00
 (1789627938.052892)  can0  201   [6]  02 00 00 00 00 00
 (1789627938.062865)  can0  201   [6]  02 00 00 00 00 00
 (1789627938.072875)  can0  201   [6]  02 00 00 00 00 00
 (1789627938.082858)  can0  201   [6]  02 00 00 00 00 00
 (1789627938.084681)  can0  181   [8]  60 14 60 14 00 00 00 00
 (1789627938.084815)  can0  281   [5]  03 00 00 00 00
 (1789627938.092861)  can0  201   [6]  02 00 00 00 00 00
 (1789627938.102858)  can0  201   [6]  02 00 00 00 00 00
 (1789627938.112861)  can0  201   [6]  02 00 00 00 00 00
 (1789627938.122855)  can0  201   [6]  02 00 00 00 00 00
 (1789627938.132862)  can0  201   [6]  02 00 00 00 00 00
 (1789627938.134690)  can0  181   [8]  60 14 60 14 00 00 00 00
 (1789627938.134823)  can0  281   [5]  03 00 00 00 00
 (1789627938.142856)  can0  201   [6]  02 00 00 00 00 00
 (1789627938.152856)  can0  201   [6]  02 00 00 00 00 00
 (1789627938.162861)  can0  201   [6]  02 00 00 00 00 00
 (1789627938.172856)  can0  201   [6]  02 00 00 00 00 00
 (1789627938.182860)  can0  201   [6]  02 00 00 00 00 00
 (1789627938.184696)  can0  181   [8]  60 14 60 14 00 00 00 00
 (1789627938.184830)  can0  281   [5]  03 00 00 00 00
 (1789627938.192855)  can0  201   [6]  02 00 00 00 00 00
 (1789627938.202863)  can0  201   [6]  02 00 00 00 00 00
 (1789627938.213249)  can0  201   [6]  02 00 00 00 00 00
 (1789627938.222759)  can0  201   [6]  02 00 00 00 00 00
 (1789627938.232749)  can0  201   [6]  02 00 00 00 00 00
 (1789627938.234648)  can0  181   [8]  60 14 60 14 00 00 00 00
 (1789627938.234840)  can0  281   [5]  03 00 00 00 00
 (1789627938.239573)  can0  701   [1]  05
 (1789627938.242741)  can0  201   [6]  02 00 00 00 00 00
 (1789627938.252741)  can0  201   [6]  02 00 00 00 00 00
 (1789627938.262740)  can0  201   [6]  02 00 00 00 00 00
 (1789627938.272740)  can0  201   [6]  02 00 00 00 00 00
 (1789627938.282737)  can0  201   [6]  02 00 00 00 00 00
 (1789627938.284656)  can0  181   [8]  60 14 60 14 00 00 00 00
 (1789627938.284848)  can0  281   [5]  03 00 00 00 00
 (1789627938.292739)  can0  201   [6]  02 00 00 00 00 00
 (1789627938.302741)  can0  201   [6]  02 00 00 00 00 00
 (1789627938.312738)  can0  201   [6]  02 00 00 00 00 00
 (1789627938.322740)  can0  201   [6]  02 00 00 00 00 00
 (1789627938.332738)  can0  201   [6]  02 00 00 00 00 00
 (1789627938.334662)  can0  181   [8]  60 14 60 14 00 00 00 00
 (1789627938.334853)  can0  281   [5]  03 00 00 00 00
 (1789627938.342742)  can0  201   [6]  02 00 00 00 00 00
 (1789627938.352737)  can0  201   [6]  02 00 00 00 00 00
 (1789627938.362737)  can0  201   [6]  02 00 00 00 00 00
 (1789627938.372745)  can0  201   [6]  02 00 00 00 00 00
 (1789627938.382752)  can0  201   [6]  02 00 00 00 00 00
 (1789627938.384670)  can0  181   [8]  60 14 60 14 00 00 00 00
 (1789627938.384860)  can0  281   [5]  03 00 00 00 00
 (1789627938.392766)  can0  201   [6]  02 00 00 00 00 00
 (1789627938.402750)  can0  201   [6]  02 00 00 00 00 00
 (1789627938.412766)  can0  201   [6]  02 00 00 00 00 00
 (1789627938.422747)  can0  201   [6]  02 00 00 00 00 00
 (1789627938.432757)  can0  201   [6]  02 00 00 00 00 00
 (1789627938.434678)  can0  181   [8]  60 14 60 14 00 00 00 00
 (1789627938.434869)  can0  281   [5]  03 00 00 00 00
 (1789627938.442897)  can0  201   [6]  02 00 00 00 00 00
 (1789627938.453013)  can0  201   [6]  02 00 00 00 00 00
 (1789627938.462805)  can0  201   [6]  02 00 00 00 00 00
 (1789627938.472821)  can0  201   [6]  02 00 00 00 00 00
 (1789627938.482800)  can0  201   [6]  02 00 00 00 00 00
 (1789627938.484685)  can0  181   [8]  60 14 60 14 00 00 00 00
 (1789627938.484875)  can0  281   [5]  03 00 00 00 00
 (1789627938.489135)  can0  701   [1]  05
 (1789627938.492963)  can0  201   [6]  02 00 00 00 00 00
 (1789627938.502962)  can0  201   [6]  02 00 00 00 00 00
 (1789627938.512905)  can0  201   [6]  02 00 00 00 00 00
 (1789627938.522906)  can0  201   [6]  02 00 00 00 00 00
 (1789627938.533000)  can0  201   [6]  02 00 00 00 00 00
 (1789627938.534751)  can0  181   [8]  60 14 60 14 00 00 00 00
 (1789627938.534883)  can0  281   [5]  03 00 00 00 00
 (1789627938.542947)  can0  201   [6]  02 00 00 00 00 00
 (1789627938.552911)  can0  201   [6]  02 00 00 00 00 00
 (1789627938.562911)  can0  201   [6]  02 00 00 00 00 00
 (1789627938.572891)  can0  201   [6]  02 00 00 00 00 00
 (1789627938.582926)  can0  201   [6]  02 00 00 00 00 00
 (1789627938.584757)  can0  181   [8]  60 14 60 14 00 00 00 00
 (1789627938.584947)  can0  281   [5]  03 00 00 00 00
 (1789627938.592864)  can0  201   [6]  02 00 00 00 00 00
 (1789627938.602861)  can0  201   [6]  02 00 00 00 00 00
 (1789627938.612857)  can0  201   [6]  02 00 00 00 00 00
 (1789627938.622861)  can0  201   [6]  02 00 00 00 00 00
 (1789627938.632854)  can0  201   [6]  02 00 00 00 00 00
 (1789627938.634762)  can0  181   [8]  60 14 60 14 00 00 00 00
 (1789627938.634897)  can0  281   [5]  03 00 00 00 00
 (1789627938.642855)  can0  201   [6]  02 00 00 00 00 00
 (1789627938.652859)  can0  201   [6]  02 00 00 00 00 00
 (1789627938.662856)  can0  201   [6]  02 00 00 00 00 00
 (1789627938.672861)  can0  201   [6]  02 00 00 00 00 00
 (1789627938.682857)  can0  201   [6]  02 00 00 00 00 00
 (1789627938.684770)  can0  181   [8]  60 14 60 14 00 00 00 00
 (1789627938.684905)  can0  281   [5]  03 00 00 00 00
 (1789627938.692860)  can0  201   [6]  02 00 00 00 00 00
 (1789627938.702856)  can0  201   [6]  02 00 00 00 00 00
 (1789627938.712856)  can0  201   [6]  02 00 00 00 00 00
 (1789627938.722861)  can0  201   [6]  02 00 00 00 00 00
 (1789627938.733626)  can0  201   [6]  02 00 00 00 00 00
 (1789627938.734729)  can0  181   [8]  60 14 60 14 00 00 00 00
 (1789627938.734918)  can0  281   [5]  03 00 00 00 00
 (1789627938.738706)  can0  701   [1]  05
 (1789627938.742881)  can0  201   [6]  02 00 00 00 00 00
 (1789627938.752864)  can0  201   [6]  02 00 00 00 00 00
 (1789627938.762862)  can0  201   [6]  02 00 00 00 00 00
 (1789627938.772855)  can0  201   [6]  02 00 00 00 00 00
 (1789627938.782854)  can0  201   [6]  02 00 00 00 00 00
 (1789627938.784846)  can0  181   [8]  60 14 60 14 00 00 00 00
 (1789627938.785039)  can0  281   [5]  03 00 00 00 00
 (1789627938.792862)  can0  201   [6]  02 00 00 00 00 00
 (1789627938.802854)  can0  201   [6]  02 00 00 00 00 00
 (1789627938.812861)  can0  201   [6]  02 00 00 00 00 00
 (1789627938.822854)  can0  201   [6]  02 00 00 00 00 00
 (1789627938.832860)  can0  201   [6]  02 00 00 00 00 00
 (1789627938.834854)  can0  181   [8]  60 14 60 14 00 00 00 00
 (1789627938.834989)  can0  281   [5]  03 00 00 00 00
 (1789627938.842855)  can0  201   [6]  02 00 00 00 00 00
 (1789627938.852855)  can0  201   [6]  02 00 00 00 00 00
 (1789627938.862863)  can0  201   [6]  02 00 00 00 00 00
 (1789627938.872854)  can0  201   [6]  02 00 00 00 00 00
 (1789627938.882860)  can0  201   [6]  02 00 00 00 00 00
 (1789627938.884863)  can0  181   [8]  60 14 60 14 00 00 00 00
 (1789627938.884998)  can0  281   [5]  03 00 00 00 00
 (1789627938.892879)  can0  201   [6]  02 00 00 00 00 00
 (1789627938.902890)  can0  201   [6]  02 00 00 00 00 00
 (1789627938.912944)  can0  201   [6]  02 00 00 00 00 00
 (1789627938.922899)  can0  201   [6]  02 00 00 00 00 00
 (1789627938.932984)  can0  201   [6]  02 00 00 00 00 00
 (1789627938.934871)  can0  181   [8]  60 14 60 14 00 00 00 00
 (1789627938.935060)  can0  281   [5]  03 00 00 00 00
 (1789627938.942928)  can0  201   [6]  02 00 00 00 00 00
 (1789627938.952957)  can0  201   [6]  02 00 00 00 00 00
 (1789627938.962909)  can0  201   [6]  02 00 00 00 00 00
 (1789627938.973031)  can0  201   [6]  02 00 00 00 00 00
 (1789627938.982927)  can0  201   [6]  02 00 00 00 00 00
 (1789627938.984883)  can0  181   [8]  60 14 60 14 00 00 00 00
 (1789627938.985012)  can0  281   [5]  03 00 00 00 00
 (1789627938.988277)  can0  701   [1]  05
 (1789627938.992997)  can0  201   [6]  02 00 00 00 00 00
 (1789627939.002974)  can0  201   [6]  02 00 00 00 00 00
 (1789627939.012977)  can0  201   [6]  02 00 00 00 00 00
 (1789627939.022973)  can0  201   [6]  02 00 00 00 00 00
 (1789627939.032913)  can0  201   [6]  02 00 00 00 00 00
 (1789627939.034885)  can0  181   [8]  60 14 60 14 00 00 00 00
 (1789627939.035017)  can0  281   [5]  03 00 00 00 00
 (1789627939.042924)  can0  201   [6]  02 00 00 00 00 00
 (1789627939.053002)  can0  201   [6]  02 00 00 00 00 00
 (1789627939.062955)  can0  201   [6]  02 00 00 00 00 00
 (1789627939.072926)  can0  201   [6]  02 00 00 00 00 00
 (1789627939.082916)  can0  201   [6]  02 00 00 00 00 00
 (1789627939.084896)  can0  181   [8]  60 14 60 14 00 00 00 00
 (1789627939.085026)  can0  281   [5]  03 00 00 00 00
 (1789627939.092909)  can0  201   [6]  02 00 00 00 00 00
 (1789627939.102927)  can0  201   [6]  02 00 00 00 00 00
 (1789627939.112872)  can0  201   [6]  02 00 00 00 00 00
 (1789627939.122857)  can0  201   [6]  02 00 00 00 00 00
 (1789627939.132858)  can0  201   [6]  02 00 00 00 00 00
 (1789627939.134900)  can0  181   [8]  60 14 60 14 00 00 00 00
 (1789627939.135091)  can0  281   [5]  03 00 00 00 00
 (1789627939.142866)  can0  201   [6]  02 00 00 00 00 00
 (1789627939.152857)  can0  201   [6]  02 00 00 00 00 00
 (1789627939.162863)  can0  201   [6]  02 00 00 00 00 00
 (1789627939.172857)  can0  201   [6]  02 00 00 00 00 00
 (1789627939.182862)  can0  201   [6]  02 00 00 00 00 00
 (1789627939.184904)  can0  181   [8]  60 14 60 14 00 00 00 00
 (1789627939.185041)  can0  281   [5]  03 00 00 00 00
 (1789627939.192857)  can0  201   [6]  02 00 00 00 00 00
 (1789627939.202863)  can0  201   [6]  06 00 00 00 00 00
 (1789627939.212868)  can0  201   [6]  06 00 00 00 00 00
 (1789627939.222861)  can0  201   [6]  06 00 00 00 00 00
 (1789627939.232867)  can0  201   [6]  06 00 00 00 00 00
 (1789627939.234912)  can0  181   [8]  21 14 21 14 00 00 00 00
 (1789627939.235046)  can0  281   [5]  03 00 00 00 00
 (1789627939.237782)  can0  701   [1]  05
 (1789627939.242861)  can0  201   [6]  07 00 00 00 00 00
 (1789627939.252816)  can0  201   [6]  07 00 00 00 00 00
 (1789627939.262840)  can0  201   [6]  07 00 00 00 00 00
 (1789627939.272918)  can0  201   [6]  07 00 00 00 00 00
 (1789627939.282860)  can0  201   [6]  07 00 00 00 00 00
 (1789627939.284911)  can0  181   [8]  23 14 23 14 00 00 00 00
 (1789627939.285045)  can0  281   [5]  03 00 00 00 00
 (1789627939.292861)  can0  201   [6]  0F 00 00 00 00 00
 (1789627939.302867)  can0  201   [6]  0F 00 00 00 00 00
 (1789627939.312861)  can0  201   [6]  0F 00 00 00 00 00
 (1789627939.322866)  can0  201   [6]  0F 00 00 00 00 00
 (1789627939.332860)  can0  201   [6]  0F 00 00 00 00 00
 (1789627939.334858)  can0  181   [8]  27 14 27 14 00 00 00 00
 (1789627939.334991)  can0  281   [5]  03 00 00 00 00
 (1789627939.342863)  can0  201   [6]  0F 00 00 00 00 00
 (1789627939.352871)  can0  201   [6]  0F 00 00 00 00 00
 (1789627939.362861)  can0  201   [6]  0F 00 00 00 00 00
 (1789627939.372864)  can0  201   [6]  0F 00 00 00 00 00
 (1789627939.382860)  can0  201   [6]  0F 00 00 00 00 00
 (1789627939.384800)  can0  181   [8]  27 14 27 14 00 00 00 00
 (1789627939.384936)  can0  281   [5]  03 00 00 00 00
 (1789627939.392865)  can0  201   [6]  0F 00 00 00 00 00
 (1789627939.402860)  can0  201   [6]  0F 00 00 00 00 00
 (1789627939.412879)  can0  201   [6]  0F 00 00 00 00 00
 (1789627939.422875)  can0  201   [6]  0F 00 00 00 00 00
 (1789627939.432959)  can0  201   [6]  0F 00 00 00 00 00
 (1789627939.434751)  can0  181   [8]  27 14 27 14 00 00 00 00
 (1789627939.434881)  can0  281   [5]  03 00 00 00 00
 (1789627939.442917)  can0  201   [6]  0F 00 00 00 00 00
 (1789627939.452964)  can0  201   [6]  0F 00 00 00 00 00
 (1789627939.462948)  can0  201   [6]  0F 00 00 00 00 00
 (1789627939.472959)  can0  201   [6]  0F 00 00 00 00 00
 (1789627939.482917)  can0  201   [6]  0F 00 00 00 00 00
 (1789627939.484693)  can0  181   [8]  27 14 27 14 00 00 00 00
 (1789627939.484827)  can0  281   [5]  03 00 00 00 00
 (1789627939.487265)  can0  701   [1]  05
 (1789627939.493013)  can0  201   [6]  0F 00 00 00 00 00
 (1789627939.502917)  can0  201   [6]  0F 00 00 00 00 00
 (1789627939.513044)  can0  201   [6]  0F 00 00 00 00 00
 (1789627939.522984)  can0  201   [6]  0F 00 00 00 00 00
 (1789627939.533007)  can0  201   [6]  0F 00 00 00 00 00
 (1789627939.534639)  can0  181   [8]  27 14 27 14 00 00 00 00
 (1789627939.534827)  can0  281   [5]  03 00 00 00 00
 (1789627939.542980)  can0  201   [6]  0F 00 00 00 00 00
 (1789627939.552914)  can0  201   [6]  0F 00 00 00 00 00
 (1789627939.562920)  can0  201   [6]  0F 00 00 00 00 00
 (1789627939.572989)  can0  201   [6]  0F 00 00 00 00 00
 (1789627939.582958)  can0  201   [6]  0F 00 00 00 00 00
 (1789627939.584581)  can0  181   [8]  27 14 27 14 00 00 00 00
 (1789627939.584773)  can0  281   [5]  03 00 00 00 00
 (1789627939.592923)  can0  201   [6]  0F 00 00 00 00 00
 (1789627939.602927)  can0  201   [6]  0F 00 00 00 00 00
 (1789627939.612906)  can0  201   [6]  0F 00 00 00 00 00
 (1789627939.622913)  can0  201   [6]  0F 00 00 00 00 00
 (1789627939.632898)  can0  201   [6]  0F 00 00 00 00 00
 (1789627939.634529)  can0  181   [8]  27 14 27 14 00 00 00 00
 (1789627939.634661)  can0  281   [5]  03 00 00 00 00
 (1789627939.642865)  can0  201   [6]  0F 00 00 00 00 00
 (1789627939.652867)  can0  201   [6]  0F 00 00 00 00 00
 (1789627939.662862)  can0  201   [6]  0F 00 00 00 00 00
 (1789627939.672864)  can0  201   [6]  0F 00 00 00 00 00
 (1789627939.682906)  can0  201   [6]  0F 00 00 00 00 00
 (1789627939.684472)  can0  181   [8]  27 14 27 14 00 00 00 00
 (1789627939.684662)  can0  281   [5]  03 00 00 00 00
 (1789627939.692859)  can0  201   [6]  0F 00 00 00 00 00
 (1789627939.702866)  can0  201   [6]  0F 00 00 00 00 00
 (1789627939.712860)  can0  201   [6]  0F 00 00 00 00 00
 (1789627939.722865)  can0  201   [6]  0F 00 00 00 00 00
 (1789627939.732859)  can0  201   [6]  0F 00 00 00 00 00
 (1789627939.734416)  can0  181   [8]  27 14 27 14 00 00 00 00
 (1789627939.734551)  can0  281   [5]  03 00 00 00 00
 (1789627939.736791)  can0  701   [1]  05
 (1789627939.742867)  can0  201   [6]  0F 00 00 00 00 00
 (1789627939.752860)  can0  201   [6]  0F 00 00 00 00 00
 (1789627939.762862)  can0  201   [6]  0F 00 00 00 00 00
 (1789627939.772866)  can0  201   [6]  0F 00 00 00 00 00
 (1789627939.783164)  can0  201   [6]  0F 00 00 00 00 00
 (1789627939.784363)  can0  181   [8]  27 14 27 14 00 00 00 00
 (1789627939.784497)  can0  281   [5]  03 00 00 00 00
 (1789627939.792893)  can0  201   [6]  0F 00 00 00 00 00
 (1789627939.802862)  can0  201   [6]  0F 00 00 00 00 00
 (1789627939.812865)  can0  201   [6]  0F 00 00 00 00 00
 (1789627939.822860)  can0  201   [6]  0F 00 00 00 00 00
 (1789627939.832860)  can0  201   [6]  0F 00 00 00 00 00
 (1789627939.834306)  can0  181   [8]  27 14 27 14 00 00 00 00
 (1789627939.834500)  can0  281   [5]  03 00 00 00 00
 (1789627939.842866)  can0  201   [6]  0F 00 00 00 00 00
 (1789627939.852859)  can0  201   [6]  0F 00 00 00 00 00
 (1789627939.862866)  can0  201   [6]  0F 00 00 00 00 00
 (1789627939.872858)  can0  201   [6]  0F 00 00 00 00 00
 (1789627939.882863)  can0  201   [6]  0F 00 00 00 00 00
 (1789627939.884252)  can0  181   [8]  27 14 27 14 00 00 00 00
 (1789627939.884443)  can0  281   [5]  03 00 00 00 00
 (1789627939.892862)  can0  201   [6]  0F 00 00 00 00 00
 (1789627939.902859)  can0  201   [6]  0F 00 00 00 00 00
 (1789627939.912866)  can0  201   [6]  0F 00 00 00 00 00
 (1789627939.922860)  can0  201   [6]  0F 00 00 00 00 00
 (1789627939.932880)  can0  201   [6]  0F 00 00 00 00 00
 (1789627939.934195)  can0  181   [8]  27 14 27 14 00 00 00 00
 (1789627939.934388)  can0  281   [5]  03 00 00 00 00
 (1789627939.942871)  can0  201   [6]  0F 00 00 00 00 00
 (1789627939.952964)  can0  201   [6]  0F 00 00 00 00 00
 (1789627939.962919)  can0  201   [6]  0F 00 00 00 00 00
 (1789627939.972974)  can0  201   [6]  0F 00 00 00 00 00
 (1789627939.982946)  can0  201   [6]  0F 00 00 00 00 00
 (1789627939.984144)  can0  181   [8]  27 14 27 14 00 00 00 00
 (1789627939.984277)  can0  281   [5]  03 00 00 00 00
 (1789627939.986329)  can0  701   [1]  05
 (1789627939.992973)  can0  201   [6]  0F 00 00 00 00 00
 (1789627940.002931)  can0  201   [6]  0F 00 00 00 00 00
 (1789627940.013024)  can0  201   [6]  0F 00 00 00 00 00
 (1789627940.022934)  can0  201   [6]  0F 00 00 00 00 00
 (1789627940.033023)  can0  201   [6]  0F 00 00 00 00 00
 (1789627940.034091)  can0  181   [8]  27 14 27 14 00 00 00 00
 (1789627940.034278)  can0  281   [5]  03 00 00 00 00
 (1789627940.042974)  can0  201   [6]  0F 00 00 00 00 00
 (1789627940.052972)  can0  201   [6]  0F 00 00 00 00 00
 (1789627940.063002)  can0  201   [6]  0F 00 00 00 00 00
 (1789627940.072924)  can0  201   [6]  0F 00 00 00 00 00
 (1789627940.082920)  can0  201   [6]  0F 00 00 00 00 00
 (1789627940.084032)  can0  181   [8]  27 14 27 14 00 00 00 00
 (1789627940.084224)  can0  281   [5]  03 00 00 00 00
 (1789627940.092993)  can0  201   [6]  0F 00 00 00 00 00
 (1789627940.102948)  can0  201   [6]  0F 00 00 00 00 00
 (1789627940.112924)  can0  201   [6]  0F 00 00 00 00 00
 (1789627940.122930)  can0  201   [6]  0F 00 00 00 00 00
 (1789627940.132910)  can0  201   [6]  0F 00 00 00 00 00
 (1789627940.133977)  can0  181   [8]  27 14 27 14 00 00 00 00
 (1789627940.134166)  can0  281   [5]  03 00 00 00 00
 (1789627940.142914)  can0  201   [6]  0F 00 00 00 00 00
 (1789627940.152902)  can0  201   [6]  0F 00 00 00 00 00
 (1789627940.162873)  can0  201   [6]  0F 00 00 00 00 00
 (1789627940.172863)  can0  201   [6]  0F 00 00 00 00 00
 (1789627940.182864)  can0  201   [6]  0F 00 00 00 00 00
 (1789627940.183925)  can0  181   [8]  27 14 27 14 00 00 00 00
 (1789627940.184058)  can0  281   [5]  03 00 00 00 00
 (1789627940.192868)  can0  201   [6]  0F 00 00 00 00 00
 (1789627940.202860)  can0  201   [6]  0F 00 00 00 00 00
 (1789627940.212866)  can0  201   [6]  0F 00 00 00 00 00
 (1789627940.222860)  can0  201   [6]  0F 00 00 00 00 00
 (1789627940.232866)  can0  201   [6]  0F 00 00 00 00 00
 (1789627940.233867)  can0  181   [8]  27 14 27 14 00 00 00 00
 (1789627940.234058)  can0  281   [5]  03 00 00 00 00
 (1789627940.235863)  can0  701   [1]  05
 (1789627940.242860)  can0  201   [6]  0F 00 00 00 00 00
 (1789627940.252859)  can0  201   [6]  0F 00 00 00 00 00
 (1789627940.262866)  can0  201   [6]  0F 00 00 00 00 00
 (1789627940.272860)  can0  201   [6]  0F 00 00 00 00 00
 (1789627940.282864)  can0  201   [6]  0F 00 00 00 00 00
 (1789627940.283811)  can0  181   [8]  27 14 27 14 00 00 00 00
 (1789627940.284004)  can0  281   [5]  03 00 00 00 00
 (1789627940.292861)  can0  201   [6]  0F 00 00 00 00 00
 (1789627940.302926)  can0  201   [6]  0F 00 00 00 00 00
 (1789627940.312882)  can0  201   [6]  0F 00 00 00 00 00
 (1789627940.322863)  can0  201   [6]  0F 00 00 00 00 00
 (1789627940.332866)  can0  201   [6]  0F 00 00 00 00 00
 (1789627940.333758)  can0  181   [8]  27 14 27 14 00 00 00 00
 (1789627940.333951)  can0  281   [5]  03 00 00 00 00
 (1789627940.342861)  can0  201   [6]  0F 00 00 00 00 00
 (1789627940.352864)  can0  201   [6]  0F 00 00 00 00 00
 (1789627940.353134)  can0  201   [6]  06 00 00 00 00 00
 (1789627940.353439)  can0  601   [8]  23 FF 60 01 00 00 00 00
 (1789627940.353783)  can0  581   [8]  60 FF 60 01 00 00 00 00
 (1789627940.354846)  can0  601   [8]  40 FF 60 01 00 00 00 00
 (1789627940.355104)  can0  581   [8]  43 FF 60 01 00 00 00 00
 (1789627940.356860)  can0  601   [8]  23 FF 60 02 00 00 00 00
 (1789627940.357159)  can0  581   [8]  60 FF 60 02 00 00 00 00
 (1789627940.358780)  can0  601   [8]  40 FF 60 02 00 00 00 00
 (1789627940.359153)  can0  581   [8]  43 FF 60 02 00 00 00 00
 (1789627940.360851)  can0  601   [8]  2B 40 60 00 00 00 00 00
 (1789627940.361208)  can0  581   [8]  60 40 60 00 00 00 00 00
 (1789627940.362841)  can0  601   [8]  40 40 60 00 00 00 00 00
 (1789627940.363202)  can0  581   [8]  4B 40 60 00 00 00 00 00
 (1789627940.364846)  can0  601   [8]  40 41 60 00 00 00 00 00
 (1789627940.365132)  can0  581   [8]  43 41 60 00 60 14 60 14
 (1789627940.366853)  can0  601   [8]  40 6C 60 01 00 00 00 00
 (1789627940.367129)  can0  581   [8]  43 6C 60 01 00 00 00 00
 (1789627940.368789)  can0  601   [8]  40 6C 60 02 00 00 00 00
 (1789627940.369180)  can0  581   [8]  43 6C 60 02 00 00 00 00
 (1789627940.370844)  can0  601   [8]  40 6C 60 03 00 00 00 00
 (1789627940.371120)  can0  581   [8]  43 6C 60 03 00 00 00 00
 (1789627940.383711)  can0  181   [8]  60 14 60 14 00 00 00 00
 (1789627940.383845)  can0  281   [5]  03 00 00 00 00
 (1789627940.393838)  can0  601   [8]  40 6C 60 01 00 00 00 00
 (1789627940.394185)  can0  581   [8]  43 6C 60 01 00 00 00 00
 (1789627940.395846)  can0  601   [8]  40 6C 60 02 00 00 00 00
 (1789627940.396182)  can0  581   [8]  43 6C 60 02 00 00 00 00
 (1789627940.397851)  can0  601   [8]  40 6C 60 03 00 00 00 00
 (1789627940.398118)  can0  581   [8]  43 6C 60 03 00 00 00 00
 (1789627940.420838)  can0  601   [8]  40 6C 60 01 00 00 00 00
 (1789627940.421128)  can0  581   [8]  43 6C 60 01 00 00 00 00
 (1789627940.422844)  can0  601   [8]  40 6C 60 02 00 00 00 00
 (1789627940.423179)  can0  581   [8]  43 6C 60 02 00 00 00 00
 (1789627940.424845)  can0  601   [8]  40 6C 60 03 00 00 00 00
 (1789627940.425118)  can0  581   [8]  43 6C 60 03 00 00 00 00
 (1789627940.433718)  can0  181   [8]  60 14 60 14 00 00 00 00
 (1789627940.433910)  can0  281   [5]  03 00 00 00 00
 (1789627940.447839)  can0  601   [8]  40 6C 60 01 00 00 00 00
 (1789627940.448184)  can0  581   [8]  43 6C 60 01 00 00 00 00
 (1789627940.449846)  can0  601   [8]  40 6C 60 02 00 00 00 00
 (1789627940.450176)  can0  581   [8]  43 6C 60 02 00 00 00 00
 (1789627940.451844)  can0  601   [8]  40 6C 60 03 00 00 00 00
 (1789627940.452117)  can0  581   [8]  43 6C 60 03 00 00 00 00
 (1789627940.474894)  can0  601   [8]  40 6C 60 01 00 00 00 00
 (1789627940.475189)  can0  581   [8]  43 6C 60 01 00 00 00 00
 (1789627940.476865)  can0  601   [8]  40 6C 60 02 00 00 00 00
 (1789627940.477177)  can0  581   [8]  43 6C 60 02 00 00 00 00
 (1789627940.478791)  can0  601   [8]  40 6C 60 03 00 00 00 00
 (1789627940.479174)  can0  581   [8]  43 6C 60 03 00 00 00 00
 (1789627940.483726)  can0  181   [8]  60 14 60 14 00 00 00 00
 (1789627940.483917)  can0  281   [5]  03 00 00 00 00
 (1789627940.485346)  can0  701   [1]  05
 (1789627940.500913)  can0  601   [8]  40 6C 60 01 00 00 00 00
 (1789627940.501247)  can0  581   [8]  43 6C 60 01 00 00 00 00
 (1789627940.502869)  can0  601   [8]  40 6C 60 02 00 00 00 00
 (1789627940.503179)  can0  581   [8]  43 6C 60 02 00 00 00 00
 (1789627940.504847)  can0  601   [8]  40 6C 60 03 00 00 00 00
 (1789627940.505117)  can0  581   [8]  43 6C 60 03 00 00 00 00
 (1789627940.527885)  can0  601   [8]  40 6C 60 01 00 00 00 00
 (1789627940.528184)  can0  581   [8]  43 6C 60 01 00 00 00 00
 (1789627940.529891)  can0  601   [8]  40 6C 60 02 00 00 00 00
 (1789627940.530238)  can0  581   [8]  43 6C 60 02 00 00 00 00
 (1789627940.531817)  can0  601   [8]  40 6C 60 03 00 00 00 00
 (1789627940.532176)  can0  581   [8]  43 6C 60 03 00 00 00 00
 (1789627940.533734)  can0  181   [8]  60 14 60 14 00 00 00 00
 (1789627940.533810)  can0  000   [2]  80 01
 (1789627940.534007)  can0  281   [5]  03 00 00 00 00
 (1789627940.734891)  can0  701   [1]  7F
 (1789627940.736891)  can0  601   [8]  23 00 14 01 01 02 00 80
 (1789627940.737254)  can0  581   [8]  60 00 14 01 00 00 00 00
 (1789627940.738846)  can0  601   [8]  40 00 14 01 00 00 00 00
 (1789627940.739191)  can0  581   [8]  43 00 14 01 01 02 00 80
 (1789627940.740850)  can0  601   [8]  2F 00 16 00 00 00 00 00
 (1789627940.741131)  can0  581   [8]  60 00 16 00 00 00 00 00
 (1789627940.742838)  can0  601   [8]  40 00 16 00 00 00 00 00
 (1789627940.743180)  can0  581   [8]  4F 00 16 00 00 00 00 00
 (1789627940.744838)  can0  601   [8]  23 00 16 01 10 00 40 60
 (1789627940.745122)  can0  581   [8]  60 00 16 01 00 00 00 00
 (1789627940.746834)  can0  601   [8]  40 00 16 01 00 00 00 00
 (1789627940.747166)  can0  581   [8]  43 00 16 01 10 00 40 60
 (1789627940.748841)  can0  601   [8]  23 00 16 02 08 00 60 60
 (1789627940.749169)  can0  581   [8]  60 00 16 02 00 00 00 00
 (1789627940.750834)  can0  601   [8]  40 00 16 02 00 00 00 00
 (1789627940.751158)  can0  581   [8]  43 00 16 02 08 00 60 60
 (1789627940.752841)  can0  601   [8]  2F 00 16 00 02 00 00 00
 (1789627940.753159)  can0  581   [8]  60 00 16 00 00 00 00 00
 (1789627940.754785)  can0  601   [8]  40 00 16 00 00 00 00 00
 (1789627940.755100)  can0  581   [8]  4F 00 16 00 02 00 00 00
 (1789627940.756840)  can0  601   [8]  23 00 14 01 01 02 00 00
 (1789627940.757098)  can0  581   [8]  60 00 14 01 00 00 00 00
 (1789627940.758779)  can0  601   [8]  40 00 14 01 00 00 00 00
 (1789627940.759145)  can0  581   [8]  43 00 14 01 01 02 00 00
 (1789627940.760848)  can0  601   [8]  23 01 18 01 81 02 00 80
 (1789627940.761202)  can0  581   [8]  60 01 18 01 00 00 00 00
 (1789627940.762834)  can0  601   [8]  40 01 18 01 00 00 00 00
 (1789627940.763190)  can0  581   [8]  43 01 18 01 81 02 00 80
 (1789627940.764843)  can0  601   [8]  2F 01 1A 00 00 00 00 00
 (1789627940.765134)  can0  581   [8]  60 01 1A 00 00 00 00 00
 (1789627940.766837)  can0  601   [8]  40 01 1A 00 00 00 00 00
 (1789627940.767187)  can0  581   [8]  4F 01 1A 00 00 00 00 00
 (1789627940.768843)  can0  601   [8]  23 01 1A 01 00 00 00 00
 (1789627940.769180)  can0  581   [8]  60 01 1A 01 00 00 00 00
 (1789627940.770781)  can0  601   [8]  40 01 1A 01 00 00 00 00
 (1789627940.771117)  can0  581   [8]  43 01 1A 01 00 00 00 00
 (1789627940.772841)  can0  601   [8]  23 01 1A 02 00 00 00 00
 (1789627940.773171)  can0  581   [8]  60 01 1A 02 00 00 00 00
 (1789627940.774778)  can0  601   [8]  40 01 1A 02 00 00 00 00
 (1789627940.775106)  can0  581   [8]  43 01 1A 02 00 00 00 00
 (1789627940.776843)  can0  601   [8]  2F 01 1A 00 00 00 00 00
 (1789627940.777164)  can0  581   [8]  60 01 1A 00 00 00 00 00
 (1789627940.778836)  can0  601   [8]  40 01 1A 00 00 00 00 00
 (1789627940.779157)  can0  581   [8]  4F 01 1A 00 00 00 00 00
 (1789627940.780841)  can0  601   [8]  2B 01 18 05 00 00 00 00
 (1789627940.781155)  can0  581   [8]  60 01 18 05 00 00 00 00
 (1789627940.782834)  can0  601   [8]  40 01 18 05 00 00 00 00
 (1789627940.783089)  can0  581   [8]  4B 01 18 05 00 00 00 00
 (1789627940.784785)  can0  601   [8]  23 01 18 01 81 02 00 00
 (1789627940.785148)  can0  581   [8]  60 01 18 01 00 00 00 00
 (1789627940.786835)  can0  601   [8]  40 01 18 01 00 00 00 00
 (1789627940.787194)  can0  581   [8]  43 01 18 01 81 02 00 00
 (1789627940.788847)  can0  601   [8]  2B 00 20 00 00 00 00 00
 (1789627940.789203)  can0  581   [8]  60 00 20 00 00 00 00 00
 (1789627940.790838)  can0  601   [8]  40 00 20 00 00 00 00 00
 (1789627940.791195)  can0  581   [8]  4B 00 20 00 00 00 00 00
 (1789627940.792843)  can0  601   [8]  2B 17 10 00 00 00 00 00
 (1789627940.793134)  can0  581   [8]  60 17 10 00 00 00 00 00
 (1789627940.794778)  can0  601   [8]  40 17 10 00 00 00 00 00
 (1789627940.795126)  can0  581   [8]  4B 17 10 00 00 00 00 00
