CAN Interface "can0" RX buffer set to 477 messages (212992 Bytes)
hil_read index=24641 sub=0 raw=341840992
hil_read index=24672 sub=0 raw=3
hil_read index=24673 sub=0 raw=3
hil_read index=24639 sub=0 raw=0
hil_read index=24831 sub=1 raw=0
hil_read index=24831 sub=2 raw=0
hil_read index=24684 sub=1 raw=0
hil_read index=24684 sub=2 raw=0
hil_read index=24684 sub=3 raw=0
hil_read index=8207 sub=0 raw=1
hil_read index=8192 sub=0 raw=0
hil_read index=4119 sub=0 raw=0
hil_read index=5120 sub=1 raw=513
hil_read index=5120 sub=2 raw=255
hil_read index=5120 sub=5 raw=1000
hil_read index=5632 sub=0 raw=2
hil_read index=5632 sub=1 raw=1614807056
hil_read index=5632 sub=2 raw=1616904200
hil_read index=6144 sub=1 raw=385
hil_read index=6144 sub=2 raw=255
hil_read index=6144 sub=5 raw=100
hil_read index=6656 sub=0 raw=2
hil_read index=6656 sub=1 raw=1614872608
hil_read index=6656 sub=2 raw=1617691424
hil_read index=6145 sub=1 raw=641
hil_read index=6145 sub=2 raw=255
hil_read index=6145 sub=5 raw=0
hil_read index=6657 sub=0 raw=0
hil_read index=6657 sub=1 raw=0
hil_read index=6657 sub=2 raw=0
hil_read index=24666 sub=0 raw=5
hil_read index=5120 sub=1 raw=513
hil_read index=5120 sub=2 raw=255
hil_read index=5632 sub=0 raw=2
hil_read index=5632 sub=1 raw=1614807056
hil_read index=5632 sub=2 raw=1627325216
hil_read index=6144 sub=1 raw=385
hil_read index=6144 sub=2 raw=255
hil_read index=6656 sub=0 raw=2
hil_read index=6656 sub=1 raw=1614872608
hil_read index=6656 sub=2 raw=1617691424
hil_read index=6145 sub=1 raw=641
hil_read index=6145 sub=2 raw=255
hil_read index=6657 sub=0 raw=2
hil_read index=6657 sub=1 raw=1616969736
hil_read index=6657 sub=2 raw=1614741536
hil_read index=8207 sub=0 raw=1
event=control_start duration_ms=60000 targets=zero operator=neutral_release_then_press
event=control elapsed_ms=0 source_health=4 authorization=0 armed=0 status=337712161 word=2 left_tenths_rpm=0 right_tenths_rpm=0 enabled_samples=0
event=control elapsed_ms=100 source_health=2 authorization=0 armed=0 status=341840992 word=2 left_tenths_rpm=0 right_tenths_rpm=0 enabled_samples=0
event=control elapsed_ms=200 source_health=2 authorization=0 armed=0 status=341840992 word=2 left_tenths_rpm=0 right_tenths_rpm=0 enabled_samples=0
event=control elapsed_ms=310 source_health=2 authorization=0 armed=0 status=341840992 word=2 left_tenths_rpm=0 right_tenths_rpm=0 enabled_samples=0
event=control elapsed_ms=420 source_health=2 authorization=0 armed=0 status=341840992 word=2 left_tenths_rpm=0 right_tenths_rpm=0 enabled_samples=0
event=control elapsed_ms=520 source_health=2 authorization=0 armed=0 status=341840992 word=2 left_tenths_rpm=0 right_tenths_rpm=0 enabled_samples=0
event=control elapsed_ms=630 source_health=2 authorization=0 armed=0 status=341840992 word=2 left_tenths_rpm=0 right_tenths_rpm=0 enabled_samples=0
event=control elapsed_ms=730 source_health=2 authorization=0 armed=0 status=341840992 word=2 left_tenths_rpm=0 right_tenths_rpm=0 enabled_samples=0
event=control elapsed_ms=840 source_health=2 authorization=0 armed=0 status=341840992 word=2 left_tenths_rpm=0 right_tenths_rpm=0 enabled_samples=0
event=control elapsed_ms=950 source_health=2 authorization=0 armed=0 status=341840992 word=2 left_tenths_rpm=0 right_tenths_rpm=0 enabled_samples=0
event=control elapsed_ms=1050 source_health=2 authorization=0 armed=0 status=341840992 word=2 left_tenths_rpm=0 right_tenths_rpm=0 enabled_samples=0
event=control elapsed_ms=1160 source_health=2 authorization=0 armed=0 status=341840992 word=2 left_tenths_rpm=0 right_tenths_rpm=0 enabled_samples=0
event=control elapsed_ms=1260 source_health=2 authorization=0 armed=0 status=341840992 word=2 left_tenths_rpm=0 right_tenths_rpm=0 enabled_samples=0
event=control elapsed_ms=1370 source_health=2 authorization=0 armed=0 status=341840992 word=2 left_tenths_rpm=0 right_tenths_rpm=0 enabled_samples=0
event=control elapsed_ms=1470 source_health=2 authorization=0 armed=0 status=341840992 word=2 left_tenths_rpm=0 right_tenths_rpm=0 enabled_samples=0
event=control elapsed_ms=1570 source_health=2 authorization=0 armed=0 status=341840992 word=2 left_tenths_rpm=0 right_tenths_rpm=0 enabled_samples=0
event=control elapsed_ms=1680 source_health=2 authorization=0 armed=0 status=341840992 word=2 left_tenths_rpm=0 right_tenths_rpm=0 enabled_samples=0
event=control elapsed_ms=1780 source_health=2 authorization=0 armed=0 status=341840992 word=2 left_tenths_rpm=0 right_tenths_rpm=0 enabled_samples=0
event=control elapsed_ms=1890 source_health=2 authorization=0 armed=0 status=341840992 word=2 left_tenths_rpm=0 right_tenths_rpm=0 enabled_samples=0
event=control elapsed_ms=1990 source_health=2 authorization=0 armed=0 status=341840992 word=2 left_tenths_rpm=0 right_tenths_rpm=0 enabled_samples=0
event=control elapsed_ms=2100 source_health=2 authorization=0 armed=0 status=341840992 word=2 left_tenths_rpm=0 right_tenths_rpm=0 enabled_samples=0
event=control elapsed_ms=2200 source_health=2 authorization=0 armed=0 status=341840992 word=2 left_tenths_rpm=0 right_tenths_rpm=0 enabled_samples=0
event=control elapsed_ms=2300 source_health=2 authorization=0 armed=0 status=341840992 word=2 left_tenths_rpm=0 right_tenths_rpm=0 enabled_samples=0
event=control elapsed_ms=2400 source_health=2 authorization=0 armed=0 status=341840992 word=2 left_tenths_rpm=0 right_tenths_rpm=0 enabled_samples=0
event=control elapsed_ms=2510 source_health=2 authorization=0 armed=0 status=341840992 word=2 left_tenths_rpm=0 right_tenths_rpm=0 enabled_samples=0
event=control elapsed_ms=2620 source_health=2 authorization=0 armed=0 status=341840992 word=2 left_tenths_rpm=0 right_tenths_rpm=0 enabled_samples=0
event=control elapsed_ms=2720 source_health=2 authorization=0 armed=0 status=341840992 word=2 left_tenths_rpm=0 right_tenths_rpm=0 enabled_samples=0
event=control elapsed_ms=2820 source_health=2 authorization=0 armed=0 status=341840992 word=2 left_tenths_rpm=0 right_tenths_rpm=0 enabled_samples=0
event=control elapsed_ms=2930 source_health=2 authorization=0 armed=0 status=341840992 word=2 left_tenths_rpm=0 right_tenths_rpm=0 enabled_samples=0
event=control elapsed_ms=3040 source_health=2 authorization=0 armed=0 status=341840992 word=2 left_tenths_rpm=0 right_tenths_rpm=0 enabled_samples=0
event=control elapsed_ms=3150 source_health=2 authorization=0 armed=0 status=341840992 word=2 left_tenths_rpm=0 right_tenths_rpm=0 enabled_samples=0
event=control elapsed_ms=3250 source_health=2 authorization=0 armed=0 status=341840992 word=2 left_tenths_rpm=0 right_tenths_rpm=0 enabled_samples=0
event=control elapsed_ms=3350 source_health=2 authorization=0 armed=0 status=341840992 word=2 left_tenths_rpm=0 right_tenths_rpm=0 enabled_samples=0
event=control elapsed_ms=3460 source_health=3 authorization=1 armed=0 status=341840992 word=2 left_tenths_rpm=0 right_tenths_rpm=0 enabled_samples=0
event=control elapsed_ms=3560 source_health=3 authorization=1 armed=0 status=341840992 word=2 left_tenths_rpm=0 right_tenths_rpm=0 enabled_samples=0
event=control elapsed_ms=3670 source_health=3 authorization=1 armed=1 status=337843235 word=15 left_tenths_rpm=0 right_tenths_rpm=0 enabled_samples=0
event=control elapsed_ms=3770 source_health=3 authorization=1 armed=1 status=338105383 word=15 left_tenths_rpm=0 right_tenths_rpm=0 enabled_samples=9
event=recovery phase=fault_ready kind=x1 at_ns=273747288826192 source_authorization=1 system_authorization=1
event=control elapsed_ms=3880 source_health=3 authorization=1 armed=1 status=338105383 word=15 left_tenths_rpm=0 right_tenths_rpm=0 enabled_samples=20
event=control elapsed_ms=3990 source_health=3 authorization=1 armed=1 status=338105383 word=15 left_tenths_rpm=0 right_tenths_rpm=0 enabled_samples=31
event=control elapsed_ms=4090 source_health=3 authorization=1 armed=1 status=338105383 word=15 left_tenths_rpm=0 right_tenths_rpm=0 enabled_samples=41
event=control elapsed_ms=4200 source_health=3 authorization=1 armed=1 status=338105383 word=15 left_tenths_rpm=0 right_tenths_rpm=0 enabled_samples=52
event=control elapsed_ms=4300 source_health=3 authorization=1 armed=1 status=338105383 word=15 left_tenths_rpm=0 right_tenths_rpm=0 enabled_samples=62
event=control elapsed_ms=4400 source_health=3 authorization=1 armed=1 status=338105383 word=15 left_tenths_rpm=0 right_tenths_rpm=0 enabled_samples=72
event=control elapsed_ms=4510 source_health=3 authorization=1 armed=1 status=338105383 word=15 left_tenths_rpm=0 right_tenths_rpm=0 enabled_samples=83
event=stop_cause code=6 signal_exit=4 at_ns=273747998828948
phase=runtime_stop ok=1 operation= context= errno=0
hil_read index=24641 sub=0 raw=341840992
phase=control ok=0 operation=control_hil_trace_failure context=can0 errno=71
phase=restore ok=0 operation=qualification_nonzero_velocity context=interface=can0 remote=1 control_hil_cleanup_unverified operator_power_off_required errno=34
event=summary cycles=460 enabled_samples=91 missed_periods=2 maximum_lateness_us=29628 maximum_cycle_us=99 shutdown_us=8 primary_ok=0 restore_ok=0
event=trace_header version=1 count=2442 overflow=0 feedback_bad=1 capacity=65536 timestamp=steady_receive_ns storage_bytes=9437184
event=trace_row ordinal=0 kind=5 ns=273742476079276 fields=1537,8,64,65,96,0,0,0,0,0,16,0,0,0,0,0
event=trace_row ordinal=1 kind=4 ns=273742476750975 fields=1409,8,67,65,96,0,96,20,96,20,16,0,0,0,0,0
event=trace_row ordinal=2 kind=5 ns=273742477861044 fields=1537,8,64,96,96,0,0,0,0,0,16,0,0,0,0,0
event=trace_row ordinal=3 kind=4 ns=273742478491328 fields=1409,8,79,96,96,0,3,0,0,0,16,0,0,0,0,0
event=trace_row ordinal=4 kind=5 ns=273742479803810 fields=1537,8,64,97,96,0,0,0,0,0,16,0,0,0,0,0
event=trace_row ordinal=5 kind=4 ns=273742480421260 fields=1409,8,79,97,96,0,3,0,0,0,16,0,0,0,0,0
event=trace_row ordinal=6 kind=5 ns=273742481801117 fields=1537,8,64,63,96,0,0,0,0,0,16,0,0,0,0,0
event=trace_row ordinal=7 kind=4 ns=273742482474858 fields=1409,8,67,63,96,0,0,0,0,0,16,0,0,0,0,0
event=trace_row ordinal=8 kind=5 ns=273742483801633 fields=1537,8,64,255,96,1,0,0,0,0,16,0,0,0,0,0
event=trace_row ordinal=9 kind=4 ns=273742484471874 fields=1409,8,67,255,96,1,0,0,0,0,16,0,0,0,0,0
event=trace_row ordinal=10 kind=5 ns=273742485800398 fields=1537,8,64,255,96,2,0,0,0,0,16,0,0,0,0,0
event=trace_row ordinal=11 kind=4 ns=273742486477348 fields=1409,8,67,255,96,2,0,0,0,0,16,0,0,0,0,0
event=trace_row ordinal=12 kind=5 ns=273742487802372 fields=1537,8,64,108,96,1,0,0,0,0,16,0,0,0,0,0
event=trace_row ordinal=13 kind=4 ns=273742488460655 fields=1409,8,67,108,96,1,0,0,0,0,16,0,0,0,0,0
event=trace_row ordinal=14 kind=5 ns=273742489801137 fields=1537,8,64,108,96,2,0,0,0,0,16,0,0,0,0,0
event=trace_row ordinal=15 kind=4 ns=273742490457087 fields=1409,8,67,108,96,2,0,0,0,0,16,0,0,0,0,0
event=trace_row ordinal=16 kind=5 ns=273742491800194 fields=1537,8,64,108,96,3,0,0,0,0,16,0,0,0,0,0
event=trace_row ordinal=17 kind=4 ns=273742492453811 fields=1409,8,67,108,96,3,0,0,0,0,16,0,0,0,0,0
event=trace_row ordinal=18 kind=5 ns=273742493802459 fields=1537,8,64,15,32,0,0,0,0,0,16,0,0,0,0,0
event=trace_row ordinal=19 kind=4 ns=273742494449659 fields=1409,8,75,15,32,0,1,0,0,0,16,0,0,0,0,0
event=trace_row ordinal=20 kind=5 ns=273742495802392 fields=1537,8,64,0,32,0,0,0,0,0,16,0,0,0,0,0
event=trace_row ordinal=21 kind=4 ns=273742496449883 fields=1409,8,75,0,32,0,0,0,0,0,16,0,0,0,0,0
event=trace_row ordinal=22 kind=5 ns=273742497801157 fields=1537,8,64,23,16,0,0,0,0,0,16,0,0,0,0,0
event=trace_row ordinal=23 kind=4 ns=273742498440482 fields=1409,8,75,23,16,0,0,0,0,0,16,0,0,0,0,0
event=trace_row ordinal=24 kind=5 ns=273742499801381 fields=1537,8,64,0,20,1,0,0,0,0,16,0,0,0,0,0
event=trace_row ordinal=25 kind=4 ns=273742500435164 fields=1409,8,67,0,20,1,1,2,0,0,16,0,0,0,0,0
event=trace_row ordinal=26 kind=5 ns=273742501800438 fields=1537,8,64,0,20,2,0,0,0,0,16,0,0,0,0,0
event=trace_row ordinal=27 kind=4 ns=273742502431013 fields=1409,8,79,0,20,2,255,0,0,0,16,0,0,0,0,0
event=trace_row ordinal=28 kind=5 ns=273742503802411 fields=1537,8,64,0,20,5,0,0,0,0,16,0,0,0,0,0
event=trace_row ordinal=29 kind=4 ns=273742504427445 fields=1409,8,75,0,20,5,232,3,0,0,16,0,0,0,0,0
event=trace_row ordinal=30 kind=5 ns=273742505801177 fields=1537,8,64,0,22,0,0,0,0,0,16,0,0,0,0,0
event=trace_row ordinal=31 kind=4 ns=273742506429127 fields=1409,8,79,0,22,0,2,0,0,0,16,0,0,0,0,0
event=trace_row ordinal=32 kind=5 ns=273742507801400 fields=1537,8,64,0,22,1,0,0,0,0,16,0,0,0,0,0
event=trace_row ordinal=33 kind=4 ns=273742508417101 fields=1409,8,67,0,22,1,16,0,64,96,16,0,0,0,0,0
event=trace_row ordinal=34 kind=5 ns=273742509801624 fields=1537,8,64,0,22,2,0,0,0,0,16,0,0,0,0,0
event=trace_row ordinal=35 kind=4 ns=273742510470115 fields=1409,8,67,0,22,2,8,0,96,96,16,0,0,0,0,0
event=trace_row ordinal=36 kind=5 ns=273742511800973 fields=1537,8,64,0,24,1,0,0,0,0,16,0,0,0,0,0
event=trace_row ordinal=37 kind=4 ns=273742512410548 fields=1409,8,67,0,24,1,129,1,0,0,16,0,0,0,0,0
event=trace_row ordinal=38 kind=5 ns=273742513801196 fields=1537,8,64,0,24,2,0,0,0,0,16,0,0,0,0,0
event=trace_row ordinal=39 kind=4 ns=273742514464438 fields=1409,8,79,0,24,2,255,0,0,0,16,0,0,0,0,0
event=trace_row ordinal=40 kind=5 ns=273742515800837 fields=1537,8,64,0,24,5,0,0,0,0,16,0,0,0,0,0
event=trace_row ordinal=41 kind=4 ns=273742516461162 fields=1409,8,75,0,24,5,100,0,0,0,16,0,0,0,0,0
event=trace_row ordinal=42 kind=5 ns=273742517801352 fields=1537,8,64,0,26,0,0,0,0,0,16,0,0,0,0,0
event=trace_row ordinal=43 kind=4 ns=273742518462552 fields=1409,8,79,0,26,0,2,0,0,0,16,0,0,0,0,0
event=trace_row ordinal=44 kind=5 ns=273742519801576 fields=1537,8,64,0,26,1,0,0,0,0,16,0,0,0,0,0
event=trace_row ordinal=45 kind=4 ns=273742520449067 fields=1409,8,67,0,26,1,32,0,65,96,16,0,0,0,0,0
event=trace_row ordinal=46 kind=5 ns=273742521800925 fields=1537,8,64,0,26,2,0,0,0,0,16,0,0,0,0,0
event=trace_row ordinal=47 kind=4 ns=273742522442291 fields=1409,8,67,0,26,2,32,3,108,96,16,0,0,0,0,0
event=trace_row ordinal=48 kind=5 ns=273742523800857 fields=1537,8,64,1,24,1,0,0,0,0,16,0,0,0,0,0
event=trace_row ordinal=49 kind=4 ns=273742524441640 fields=1409,8,67,1,24,1,129,2,0,0,16,0,0,0,0,0
event=trace_row ordinal=50 kind=5 ns=273742525800789 fields=1537,8,64,1,24,2,0,0,0,0,16,0,0,0,0,0
event=trace_row ordinal=51 kind=4 ns=273742526437489 fields=1409,8,79,1,24,2,255,0,0,0,16,0,0,0,0,0
event=trace_row ordinal=52 kind=5 ns=273742527801887 fields=1537,8,64,1,24,5,0,0,0,0,16,0,0,0,0,0
event=trace_row ordinal=53 kind=4 ns=273742528430712 fields=1409,8,75,1,24,5,0,0,0,0,16,0,0,0,0,0
event=trace_row ordinal=54 kind=5 ns=273742529801236 fields=1537,8,64,1,26,0,0,0,0,0,16,0,0,0,0,0
event=trace_row ordinal=55 kind=4 ns=273742530431228 fields=1409,8,79,1,26,0,0,0,0,0,16,0,0,0,0,0
event=trace_row ordinal=56 kind=5 ns=273742531801168 fields=1537,8,64,1,26,1,0,0,0,0,16,0,0,0,0,0
event=trace_row ordinal=57 kind=4 ns=273742532421535 fields=1409,8,67,1,26,1,0,0,0,0,16,0,0,0,0,0
event=trace_row ordinal=58 kind=5 ns=273742533801683 fields=1537,8,64,1,26,2,0,0,0,0,16,0,0,0,0,0
event=trace_row ordinal=59 kind=4 ns=273742534420592 fields=1409,8,67,1,26,2,0,0,0,0,16,0,0,0,0,0
event=trace_row ordinal=60 kind=5 ns=273742535801032 fields=1537,8,64,90,96,0,0,0,0,0,16,0,0,0,0,0
event=trace_row ordinal=61 kind=4 ns=273742536470107 fields=1409,8,75,90,96,0,5,0,0,0,16,0,0,0,0,0
event=trace_row ordinal=62 kind=5 ns=273742537807964 fields=1537,8,43,23,16,0,244,1,0,0,16,0,0,0,0,0
event=trace_row ordinal=63 kind=4 ns=273742538477914 fields=1409,8,96,23,16,0,0,0,0,0,16,0,0,0,0,0
event=trace_row ordinal=64 kind=5 ns=273742539799730 fields=1537,8,64,23,16,0,0,0,0,0,16,0,0,0,0,0
event=trace_row ordinal=65 kind=4 ns=273742540460638 fields=1409,8,75,23,16,0,244,1,0,0,16,0,0,0,0,0
event=trace_row ordinal=66 kind=4 ns=273742787918175 fields=1793,1,127,0,0,0,0,0,0,0,16,0,0,0,0,0
event=trace_row ordinal=67 kind=5 ns=273742789810775 fields=0,2,128,1,0,0,0,0,0,0,16,0,0,0,0,0
event=trace_row ordinal=68 kind=4 ns=273743037463144 fields=1793,1,127,0,0,0,0,0,0,0,16,0,0,0,0,0
event=trace_row ordinal=69 kind=5 ns=273743038818501 fields=1537,8,43,0,32,0,232,3,0,0,16,0,0,0,0,0
event=trace_row ordinal=70 kind=4 ns=273743039450535 fields=1409,8,96,0,32,0,0,0,0,0,16,0,0,0,0,0
event=trace_row ordinal=71 kind=5 ns=273743040804434 fields=1537,8,64,0,32,0,0,0,0,0,16,0,0,0,0,0
event=trace_row ordinal=72 kind=4 ns=273743041428300 fields=1409,8,75,0,32,0,232,3,0,0,16,0,0,0,0,0
event=trace_row ordinal=73 kind=5 ns=273743042807866 fields=1537,8,35,0,20,1,1,2,0,128,16,0,0,0,0,0
event=trace_row ordinal=74 kind=4 ns=273743043427357 fields=1409,8,96,0,20,1,0,0,0,0,16,0,0,0,0,0
event=trace_row ordinal=75 kind=5 ns=273743044799048 fields=1537,8,64,0,20,1,0,0,0,0,16,0,0,0,0,0
event=trace_row ordinal=76 kind=4 ns=273743045420581 fields=1409,8,67,0,20,1,1,2,0,128,16,0,0,0,0,0
event=trace_row ordinal=77 kind=5 ns=273743046801605 fields=1537,8,47,0,22,0,0,0,0,0,16,0,0,0,0,0
event=trace_row ordinal=78 kind=4 ns=273743047481471 fields=1409,8,96,0,22,0,0,0,0,0,16,0,0,0,0,0
event=trace_row ordinal=79 kind=5 ns=273743048798912 fields=1537,8,64,0,22,0,0,0,0,0,16,0,0,0,0,0
event=trace_row ordinal=80 kind=4 ns=273743049473528 fields=1409,8,79,0,22,0,0,0,0,0,16,0,0,0,0,0
event=trace_row ordinal=81 kind=5 ns=273743050800886 fields=1537,8,35,0,22,1,16,0,64,96,16,0,0,0,0,0
event=trace_row ordinal=82 kind=4 ns=273743051471418 fields=1409,8,96,0,22,1,0,0,0,0,16,0,0,0,0,0
event=trace_row ordinal=83 kind=5 ns=273743052799068 fields=1537,8,64,0,22,1,0,0,0,0,16,0,0,0,0,0
event=trace_row ordinal=84 kind=4 ns=273743053458226 fields=1409,8,67,0,22,1,16,0,64,96,16,0,0,0,0,0
event=trace_row ordinal=85 kind=5 ns=273743054800166 fields=1537,8,35,0,22,2,32,3,255,96,16,0,0,0,0,0
event=trace_row ordinal=86 kind=4 ns=273743055464574 fields=1409,8,96,0,22,2,0,0,0,0,16,0,0,0,0,0
event=trace_row ordinal=87 kind=5 ns=273743056798932 fields=1537,8,64,0,22,2,0,0,0,0,16,0,0,0,0,0
event=trace_row ordinal=88 kind=4 ns=273743057452840 fields=1409,8,67,0,22,2,32,3,255,96,16,0,0,0,0,0
event=trace_row ordinal=89 kind=5 ns=273743058800322 fields=1537,8,47,0,22,0,2,0,0,0,16,0,0,0,0,0
event=trace_row ordinal=90 kind=4 ns=273743059451314 fields=1409,8,96,0,22,0,0,0,0,0,16,0,0,0,0,0
event=trace_row ordinal=91 kind=5 ns=273743060798796 fields=1537,8,64,0,22,0,0,0,0,0,16,0,0,0,0,0
event=trace_row ordinal=92 kind=4 ns=273743061450079 fields=1409,8,79,0,22,0,2,0,0,0,16,0,0,0,0,0
event=trace_row ordinal=93 kind=5 ns=273743062801061 fields=1537,8,35,0,20,1,1,2,0,0,16,0,0,0,0,0
event=trace_row ordinal=94 kind=4 ns=273743063443011 fields=1409,8,96,0,20,1,0,0,0,0,16,0,0,0,0,0
event=trace_row ordinal=95 kind=5 ns=273743064798952 fields=1537,8,64,0,20,1,0,0,0,0,16,0,0,0,0,0
event=trace_row ordinal=96 kind=4 ns=273743065436235 fields=1409,8,67,0,20,1,1,2,0,0,16,0,0,0,0,0
event=trace_row ordinal=97 kind=5 ns=273743066806467 fields=1537,8,35,1,24,1,129,2,0,128,16,0,0,0,0,0
event=trace_row ordinal=98 kind=4 ns=273743067432959 fields=1409,8,96,1,24,1,0,0,0,0,16,0,0,0,0,0
event=trace_row ordinal=99 kind=5 ns=273743068798816 fields=1537,8,64,1,24,1,0,0,0,0,16,0,0,0,0,0
event=trace_row ordinal=100 kind=4 ns=273743069421808 fields=1409,8,67,1,24,1,129,2,0,128,16,0,0,0,0,0
event=trace_row ordinal=101 kind=5 ns=273743070803998 fields=1537,8,47,1,26,0,0,0,0,0,16,0,0,0,0,0
event=trace_row ordinal=102 kind=4 ns=273743071427573 fields=1409,8,96,1,26,0,0,0,0,0,16,0,0,0,0,0
event=trace_row ordinal=103 kind=5 ns=273743072798680 fields=1537,8,64,1,26,0,0,0,0,0,16,0,0,0,0,0
event=trace_row ordinal=104 kind=4 ns=273743073422547 fields=1409,8,79,1,26,0,0,0,0,0,16,0,0,0,0,0
event=trace_row ordinal=105 kind=5 ns=273743074802404 fields=1537,8,35,1,26,1,8,0,97,96,16,0,0,0,0,0
event=trace_row ordinal=106 kind=4 ns=273743075355688 fields=1409,8,96,1,26,1,0,0,0,0,16,0,0,0,0,0
event=trace_row ordinal=107 kind=5 ns=273743076799127 fields=1537,8,64,1,26,1,0,0,0,0,16,0,0,0,0,0
event=trace_row ordinal=108 kind=4 ns=273743077465577 fields=1409,8,67,1,26,1,8,0,97,96,16,0,0,0,0,0
event=trace_row ordinal=109 kind=5 ns=273743078801393 fields=1537,8,35,1,26,2,32,0,63,96,16,0,0,0,0,0
event=trace_row ordinal=110 kind=4 ns=273743079465801 fields=1409,8,96,1,26,2,0,0,0,0,16,0,0,0,0,0
event=trace_row ordinal=111 kind=5 ns=273743080798991 fields=1537,8,64,1,26,2,0,0,0,0,16,0,0,0,0,0
event=trace_row ordinal=112 kind=4 ns=273743081455816 fields=1409,8,67,1,26,2,32,0,63,96,16,0,0,0,0,0
event=trace_row ordinal=113 kind=5 ns=273743082803007 fields=1537,8,47,1,26,0,2,0,0,0,16,0,0,0,0,0
event=trace_row ordinal=114 kind=4 ns=273743083455165 fields=1409,8,96,1,26,0,0,0,0,0,16,0,0,0,0,0
event=trace_row ordinal=115 kind=5 ns=273743084799147 fields=1537,8,64,1,26,0,0,0,0,0,16,0,0,0,0,0
event=trace_row ordinal=116 kind=4 ns=273743085393848 fields=1409,8,79,1,26,0,2,0,0,0,16,0,0,0,0,0
event=trace_row ordinal=117 kind=5 ns=273743086801996 fields=1537,8,43,1,24,5,100,0,0,0,16,0,0,0,0,0
event=trace_row ordinal=118 kind=4 ns=273743087388822 fields=1409,8,96,1,24,5,0,0,0,0,16,0,0,0,0,0
event=trace_row ordinal=119 kind=5 ns=273743088799303 fields=1537,8,64,1,24,5,0,0,0,0,16,0,0,0,0,0
event=trace_row ordinal=120 kind=4 ns=273743089436878 fields=1409,8,75,1,24,5,100,0,0,0,16,0,0,0,0,0
event=trace_row ordinal=121 kind=5 ns=273743090802735 fields=1537,8,35,1,24,1,129,2,0,0,16,0,0,0,0,0
event=trace_row ordinal=122 kind=4 ns=273743091442352 fields=1409,8,96,1,24,1,0,0,0,0,16,0,0,0,0,0
event=trace_row ordinal=123 kind=5 ns=273743092799750 fields=1537,8,64,1,24,1,0,0,0,0,16,0,0,0,0,0
event=trace_row ordinal=124 kind=4 ns=273743093430617 fields=1409,8,67,1,24,1,129,2,0,0,16,0,0,0,0,0
event=trace_row ordinal=125 kind=5 ns=273743094800849 fields=0,2,1,1,0,0,0,0,0,0,16,0,0,0,0,0
event=trace_row ordinal=126 kind=4 ns=273743095425299 fields=385,8,96,20,96,20,0,0,0,0,16,0,0,0,0,0
event=trace_row ordinal=127 kind=4 ns=273743095616338 fields=641,5,3,0,0,0,0,0,0,0,16,0,0,0,0,0
event=trace_row ordinal=128 kind=4 ns=273743095715795 fields=897,0,0,0,0,0,0,0,0,0,16,0,0,0,0,0
event=trace_row ordinal=129 kind=4 ns=273743095818461 fields=1153,0,0,0,0,0,0,0,0,0,16,0,0,0,0,0
event=trace_row ordinal=130 kind=4 ns=273743145409309 fields=385,8,96,20,96,20,0,0,0,0,16,0,0,0,0,0
event=trace_row ordinal=131 kind=4 ns=273743145568266 fields=641,5,3,0,0,0,0,0,0,0,16,0,0,0,0,0
event=trace_row ordinal=132 kind=4 ns=273743195422486 fields=385,8,96,20,96,20,0,0,0,0,16,0,0,0,0,0
event=trace_row ordinal=133 kind=4 ns=273743195514651 fields=641,5,3,0,0,0,0,0,0,0,16,0,0,0,0,0
event=trace_row ordinal=134 kind=4 ns=273743245421079 fields=385,8,96,20,96,20,0,0,0,0,16,0,0,0,0,0
event=trace_row ordinal=135 kind=4 ns=273743245581785 fields=641,5,3,0,0,0,0,0,0,0,16,0,0,0,0,0
event=trace_row ordinal=136 kind=4 ns=273743286935783 fields=1793,1,5,0,0,0,0,0,0,0,16,0,0,0,0,0
event=trace_row ordinal=137 kind=5 ns=273743288833342 fields=1537,8,35,255,96,1,0,0,0,0,16,0,0,0,0,0
event=trace_row ordinal=138 kind=4 ns=273743289483458 fields=1409,8,96,255,96,1,0,0,0,0,16,0,0,0,0,0
event=trace_row ordinal=139 kind=5 ns=273743290804399 fields=1537,8,64,255,96,1,0,0,0,0,16,0,0,0,0,0
event=trace_row ordinal=140 kind=4 ns=273743291476974 fields=1409,8,67,255,96,1,0,0,0,0,16,0,0,0,0,0
event=trace_row ordinal=141 kind=5 ns=273743292807540 fields=1537,8,35,255,96,2,0,0,0,0,16,0,0,0,0,0
event=trace_row ordinal=142 kind=4 ns=273743293470489 fields=1409,8,96,255,96,2,0,0,0,0,16,0,0,0,0,0
event=trace_row ordinal=143 kind=5 ns=273743294799597 fields=1537,8,64,255,96,2,0,0,0,0,16,0,0,0,0,0
event=trace_row ordinal=144 kind=4 ns=273743295466630 fields=1409,8,67,255,96,2,0,0,0,0,16,0,0,0,0,0
event=trace_row ordinal=145 kind=4 ns=273743295709876 fields=385,8,96,20,96,20,0,0,0,0,16,0,0,0,0,0
event=trace_row ordinal=146 kind=5 ns=273743295910249 fields=1537,8,43,64,96,0,6,0,0,0,16,0,0,0,0,0
event=trace_row ordinal=147 kind=4 ns=273743295916082 fields=641,5,3,0,0,0,0,0,0,0,16,0,0,0,0,0
event=trace_row ordinal=148 kind=4 ns=273743296587782 fields=1409,8,96,64,96,0,0,0,0,0,16,0,0,0,0,0
event=trace_row ordinal=149 kind=5 ns=273743297799641 fields=1537,8,64,64,96,0,0,0,0,0,16,0,0,0,0,0
event=trace_row ordinal=150 kind=4 ns=273743298459090 fields=1409,8,75,64,96,0,6,0,0,0,16,0,0,0,0,0
event=trace_row ordinal=151 kind=4 ns=273743345482431 fields=385,8,33,20,33,20,0,0,0,0,16,0,0,0,0,0
event=trace_row ordinal=152 kind=4 ns=273743345667929 fields=641,5,3,0,0,0,0,0,0,0,16,0,0,0,0,0
event=trace_row ordinal=153 kind=5 ns=273743346815330 fields=1537,8,64,0,20,1,0,0,0,0,16,0,0,0,0,0
event=trace_row ordinal=154 kind=4 ns=273743347466613 fields=1409,8,67,0,20,1,1,2,0,0,16,0,0,0,0,0
event=trace_row ordinal=155 kind=5 ns=273743348815846 fields=1537,8,64,0,20,2,0,0,0,0,16,0,0,0,0,0
event=trace_row ordinal=156 kind=4 ns=273743349463045 fields=1409,8,79,0,20,2,255,0,0,0,16,0,0,0,0,0
event=trace_row ordinal=157 kind=5 ns=273743350803236 fields=1537,8,64,0,22,0,0,0,0,0,16,0,0,0,0,0
event=trace_row ordinal=158 kind=4 ns=273743351463852 fields=1409,8,79,0,22,0,2,0,0,0,16,0,0,0,0,0
event=trace_row ordinal=159 kind=5 ns=273743352802876 fields=1537,8,64,0,22,1,0,0,0,0,16,0,0,0,0,0
event=trace_row ordinal=160 kind=4 ns=273743353450660 fields=1409,8,67,0,22,1,16,0,64,96,16,0,0,0,0,0
event=trace_row ordinal=161 kind=5 ns=273743354802225 fields=1537,8,64,0,22,2,0,0,0,0,16,0,0,0,0,0
event=trace_row ordinal=162 kind=4 ns=273743355390217 fields=1409,8,67,0,22,2,32,3,255,96,16,0,0,0,0,0
event=trace_row ordinal=163 kind=5 ns=273743356803032 fields=1537,8,64,0,24,1,0,0,0,0,16,0,0,0,0,0
event=trace_row ordinal=164 kind=4 ns=273743357445857 fields=1409,8,67,0,24,1,129,1,0,0,16,0,0,0,0,0
event=trace_row ordinal=165 kind=5 ns=273743358802673 fields=1537,8,64,0,24,2,0,0,0,0,16,0,0,0,0,0
event=trace_row ordinal=166 kind=4 ns=273743359439664 fields=1409,8,79,0,24,2,255,0,0,0,16,0,0,0,0,0
event=trace_row ordinal=167 kind=5 ns=273743360802605 fields=1537,8,64,0,26,0,0,0,0,0,16,0,0,0,0,0
event=trace_row ordinal=168 kind=4 ns=273743361438430 fields=1409,8,79,0,26,0,2,0,0,0,16,0,0,0,0,0
event=trace_row ordinal=169 kind=5 ns=273743362803120 fields=1537,8,64,0,26,1,0,0,0,0,16,0,0,0,0,0
event=trace_row ordinal=170 kind=4 ns=273743363426112 fields=1409,8,67,0,26,1,32,0,65,96,16,0,0,0,0,0
event=trace_row ordinal=171 kind=5 ns=273743364802760 fields=1537,8,64,0,26,2,0,0,0,0,16,0,0,0,0,0
event=trace_row ordinal=172 kind=4 ns=273743365420794 fields=1409,8,67,0,26,2,32,3,108,96,16,0,0,0,0,0
event=trace_row ordinal=173 kind=5 ns=273743366803568 fields=1537,8,64,1,24,1,0,0,0,0,16,0,0,0,0,0
event=trace_row ordinal=174 kind=4 ns=273743367420434 fields=1409,8,67,1,24,1,129,2,0,0,16,0,0,0,0,0
event=trace_row ordinal=175 kind=5 ns=273743368802333 fields=1537,8,64,1,24,2,0,0,0,0,16,0,0,0,0,0
event=trace_row ordinal=176 kind=4 ns=273743369420950 fields=1409,8,79,1,24,2,255,0,0,0,16,0,0,0,0,0
event=trace_row ordinal=177 kind=5 ns=273743370802265 fields=1537,8,64,1,26,0,0,0,0,0,16,0,0,0,0,0
event=trace_row ordinal=178 kind=4 ns=273743371475423 fields=1409,8,79,1,26,0,2,0,0,0,16,0,0,0,0,0
event=trace_row ordinal=179 kind=5 ns=273743372802780 fields=1537,8,64,1,26,1,0,0,0,0,16,0,0,0,0,0
event=trace_row ordinal=180 kind=4 ns=273743373463980 fields=1409,8,67,1,26,1,8,0,97,96,16,0,0,0,0,0
event=trace_row ordinal=181 kind=5 ns=273743374802129 fields=1537,8,64,1,26,2,0,0,0,0,16,0,0,0,0,0
event=trace_row ordinal=182 kind=4 ns=273743375461579 fields=1409,8,67,1,26,2,32,0,63,96,16,0,0,0,0,0
event=trace_row ordinal=183 kind=5 ns=273743376802645 fields=1537,8,64,15,32,0,0,0,0,0,16,0,0,0,0,0
event=trace_row ordinal=184 kind=4 ns=273743377460636 fields=1409,8,75,15,32,0,1,0,0,0,16,0,0,0,0,0
event=trace_row ordinal=185 kind=5 ns=273743408572019 fields=513,6,2,0,0,0,0,0,0,0,16,0,0,0,0,0
event=trace_row ordinal=186 kind=0 ns=273743408515145 fields=1,2,0,0,0,0,0,0,0,0,0,0,0,0,0,0
event=trace_row ordinal=187 kind=3 ns=273743408582519 fields=1,2,0,2,0,0,0,0,0,0,0,0,0,6,0,4
event=trace_row ordinal=188 kind=4 ns=273743408629768 fields=385,8,33,20,33,20,0,0,0,0,16,0,0,0,0,0
event=trace_row ordinal=189 kind=4 ns=273743408642601 fields=641,5,3,0,0,0,0,0,0,0,16,0,0,0,0,0
event=trace_row ordinal=190 kind=5 ns=273743418873842 fields=513,6,2,0,0,0,0,0,0,0,16,0,0,0,0,0
event=trace_row ordinal=191 kind=0 ns=273743418823092 fields=2,2,0,25,1,0,0,0,0,0,0,0,0,0,0,0
event=trace_row ordinal=192 kind=1 ns=273743418823092 fields=2,2,0,1002,994,200,1000,0,1,0,0,0,0,0,0,0
event=trace_row ordinal=193 kind=3 ns=273743418881717 fields=2,3,0,2,273743418823092,0,0,0,0,0,0,0,0,6,0,1
event=trace_row ordinal=194 kind=5 ns=273743428836169 fields=513,6,2,0,0,0,0,0,0,0,16,0,0,0,0,0
event=trace_row ordinal=195 kind=0 ns=273743428808753 fields=3,2,0,25,1,0,0,0,0,0,0,0,0,0,0,0
event=trace_row ordinal=196 kind=1 ns=273743428808753 fields=3,2,0,1002,994,200,1000,0,1,0,0,0,0,0,0,0
event=trace_row ordinal=197 kind=3 ns=273743428841128 fields=3,4,0,2,273743428808753,0,0,0,0,0,0,0,0,6,0,1
event=trace_row ordinal=198 kind=5 ns=273743438829996 fields=513,6,2,0,0,0,0,0,0,0,16,0,0,0,0,0
event=trace_row ordinal=199 kind=0 ns=273743438804913 fields=4,2,0,50,2,0,0,0,0,0,0,0,0,0,0,0
event=trace_row ordinal=200 kind=1 ns=273743438804913 fields=4,2,0,1002,994,200,1000,0,1,0,0,0,0,0,0,0
event=trace_row ordinal=201 kind=1 ns=273743438804913 fields=4,2,1,1002,994,200,1000,0,1,0,0,0,0,0,0,0
event=trace_row ordinal=202 kind=3 ns=273743438834371 fields=4,5,0,2,273743438804913,0,0,0,0,0,0,0,0,6,0,2
event=trace_row ordinal=203 kind=4 ns=273743445495950 fields=385,8,96,20,96,20,0,0,0,0,16,0,0,0,0,0
event=trace_row ordinal=204 kind=4 ns=273743445681448 fields=641,5,3,0,0,0,0,0,0,0,16,0,0,0,0,0
event=trace_row ordinal=205 kind=5 ns=273743448830240 fields=513,6,2,0,0,0,0,0,0,0,16,0,0,0,0,0
event=trace_row ordinal=206 kind=0 ns=273743448806615 fields=5,2,0,25,1,0,0,0,0,0,0,0,0,0,0,0
event=trace_row ordinal=207 kind=1 ns=273743448806615 fields=5,2,0,1002,994,200,1000,0,1,0,0,0,0,0,0,0
event=trace_row ordinal=208 kind=3 ns=273743448834323 fields=5,6,0,2,273743448806615,0,0,0,0,0,0,0,0,6,0,2
event=trace_row ordinal=209 kind=5 ns=273743458821150 fields=513,6,2,0,0,0,0,0,0,0,16,0,0,0,0,0
event=trace_row ordinal=210 kind=0 ns=273743458801901 fields=6,2,0,25,1,0,0,0,0,0,0,0,0,0,0,0
event=trace_row ordinal=211 kind=1 ns=273743458801901 fields=6,2,0,1002,994,200,1000,0,1,0,0,0,0,0,0,0
event=trace_row ordinal=212 kind=3 ns=273743458824650 fields=6,7,0,2,273743458801901,0,0,0,0,0,0,0,0,6,0,2
event=trace_row ordinal=213 kind=5 ns=273743468821394 fields=513,6,2,0,0,0,0,0,0,0,16,0,0,0,0,0
event=trace_row ordinal=214 kind=0 ns=273743468800103 fields=7,2,0,50,2,0,0,0,0,0,0,0,0,0,0,0
event=trace_row ordinal=215 kind=1 ns=273743468800103 fields=7,2,0,1002,994,200,1000,0,1,0,0,0,0,0,0,0
event=trace_row ordinal=216 kind=1 ns=273743468800103 fields=7,2,1,1002,994,200,1000,0,1,0,0,0,0,0,0,0
event=trace_row ordinal=217 kind=3 ns=273743468824602 fields=7,8,0,2,273743468800103,0,0,0,0,0,0,0,0,6,0,2
event=trace_row ordinal=218 kind=5 ns=273743478818721 fields=513,6,2,0,0,0,0,0,0,0,16,0,0,0,0,0
event=trace_row ordinal=219 kind=0 ns=273743478800638 fields=8,2,0,25,1,0,0,0,0,0,0,0,0,0,0,0
event=trace_row ordinal=220 kind=1 ns=273743478800638 fields=8,2,0,1002,994,200,1000,0,1,0,0,0,0,0,0,0
event=trace_row ordinal=221 kind=3 ns=273743478822221 fields=8,9,0,2,273743478800638,0,0,0,0,0,0,0,0,6,0,2
event=trace_row ordinal=222 kind=5 ns=273743488820423 fields=513,6,2,0,0,0,0,0,0,0,16,0,0,0,0,0
event=trace_row ordinal=223 kind=0 ns=273743488800590 fields=9,2,0,50,2,0,0,0,0,0,0,0,0,0,0,0
event=trace_row ordinal=224 kind=1 ns=273743488800590 fields=9,2,0,1002,994,200,1000,0,1,0,0,0,0,0,0,0
event=trace_row ordinal=225 kind=1 ns=273743488800590 fields=9,2,1,1002,994,200,1000,0,1,0,0,0,0,0,0,0
event=trace_row ordinal=226 kind=3 ns=273743488823631 fields=9,10,0,2,273743488800590,0,0,0,0,0,0,0,0,6,0,2
event=trace_row ordinal=227 kind=4 ns=273743495502418 fields=385,8,96,20,96,20,0,0,0,0,16,0,0,0,0,0
event=trace_row ordinal=228 kind=4 ns=273743495692291 fields=641,5,3,0,0,0,0,0,0,0,16,0,0,0,0,0
event=trace_row ordinal=229 kind=5 ns=273743498821833 fields=513,6,2,0,0,0,0,0,0,0,16,0,0,0,0,0
event=trace_row ordinal=230 kind=0 ns=273743498802000 fields=10,2,0,25,1,0,0,0,0,0,0,0,0,0,0,0
event=trace_row ordinal=231 kind=1 ns=273743498802000 fields=10,2,0,1002,994,200,1000,0,1,0,0,0,0,0,0,0
event=trace_row ordinal=232 kind=3 ns=273743498826208 fields=10,11,0,2,273743498802000,0,0,0,0,0,0,0,0,6,0,2
event=trace_row ordinal=233 kind=5 ns=273743508820619 fields=513,6,2,0,0,0,0,0,0,0,16,0,0,0,0,0
event=trace_row ordinal=234 kind=0 ns=273743508799910 fields=11,2,0,50,2,0,0,0,0,0,0,0,0,0,0,0
event=trace_row ordinal=235 kind=1 ns=273743508799910 fields=11,2,0,1002,994,200,1000,0,1,0,0,0,0,0,0,0
event=trace_row ordinal=236 kind=1 ns=273743508799910 fields=11,2,1,1002,994,200,1000,0,1,0,0,0,0,0,0,0
event=trace_row ordinal=237 kind=3 ns=273743508823827 fields=11,12,0,2,273743508799910,0,0,0,0,0,0,0,0,6,0,2
event=trace_row ordinal=238 kind=5 ns=273743518821737 fields=513,6,2,0,0,0,0,0,0,0,16,0,0,0,0,0
event=trace_row ordinal=239 kind=0 ns=273743518801904 fields=12,2,0,25,1,0,0,0,0,0,0,0,0,0,0,0
event=trace_row ordinal=240 kind=1 ns=273743518801904 fields=12,2,0,1002,994,200,1000,0,1,0,0,0,0,0,0,0
event=trace_row ordinal=241 kind=3 ns=273743518826112 fields=12,13,0,2,273743518801904,0,0,0,0,0,0,0,0,6,0,2
event=trace_row ordinal=242 kind=5 ns=273743528819064 fields=513,6,2,0,0,0,0,0,0,0,16,0,0,0,0,0
event=trace_row ordinal=243 kind=0 ns=273743528800981 fields=13,2,0,25,1,0,0,0,0,0,0,0,0,0,0,0
event=trace_row ordinal=244 kind=1 ns=273743528800981 fields=13,2,0,1002,994,200,1000,0,1,0,0,0,0,0,0,0
event=trace_row ordinal=245 kind=3 ns=273743528822564 fields=13,14,0,2,273743528800981,0,0,0,0,0,0,0,0,6,0,2
event=trace_row ordinal=246 kind=4 ns=273743536469964 fields=1793,1,5,0,0,0,0,0,0,0,16,0,0,0,0,0
event=trace_row ordinal=247 kind=5 ns=273743538822808 fields=513,6,2,0,0,0,0,0,0,0,16,0,0,0,0,0
event=trace_row ordinal=248 kind=0 ns=273743538801225 fields=14,2,0,50,2,0,0,0,0,0,0,0,0,0,0,0
event=trace_row ordinal=249 kind=1 ns=273743538801225 fields=14,2,0,1002,994,200,1000,0,1,0,0,0,0,0,0,0
event=trace_row ordinal=250 kind=1 ns=273743538801225 fields=14,2,1,1002,994,200,1000,0,1,0,0,0,0,0,0,0
event=trace_row ordinal=251 kind=3 ns=273743538826599 fields=14,15,0,2,273743538801225,0,0,0,0,0,0,0,0,6,0,2
event=trace_row ordinal=252 kind=4 ns=273743545507720 fields=385,8,96,20,96,20,0,0,0,0,16,0,0,0,0,0
event=trace_row ordinal=253 kind=4 ns=273743545636927 fields=641,5,3,0,0,0,0,0,0,0,16,0,0,0,0,0
event=trace_row ordinal=254 kind=5 ns=273743548821301 fields=513,6,2,0,0,0,0,0,0,0,16,0,0,0,0,0
event=trace_row ordinal=255 kind=0 ns=273743548801468 fields=15,2,0,25,1,0,0,0,0,0,0,0,0,0,0,0
event=trace_row ordinal=256 kind=1 ns=273743548801468 fields=15,2,0,1002,994,200,1000,0,1,0,0,0,0,0,0,0
event=trace_row ordinal=257 kind=3 ns=273743548824801 fields=15,16,0,2,273743548801468,0,0,0,0,0,0,0,0,6,0,2
event=trace_row ordinal=258 kind=5 ns=273743558820670 fields=513,6,2,0,0,0,0,0,0,0,16,0,0,0,0,0
event=trace_row ordinal=259 kind=0 ns=273743558800254 fields=16,2,0,50,2,0,0,0,0,0,0,0,0,0,0,0
event=trace_row ordinal=260 kind=1 ns=273743558800254 fields=16,2,0,1002,994,200,1000,0,1,0,0,0,0,0,0,0
event=trace_row ordinal=261 kind=1 ns=273743558800254 fields=16,2,1,1002,994,200,1000,0,1,0,0,0,0,0,0,0
event=trace_row ordinal=262 kind=3 ns=273743558825045 fields=16,17,0,2,273743558800254,0,0,0,0,0,0,0,0,6,0,2
event=trace_row ordinal=263 kind=5 ns=273743568820039 fields=513,6,2,0,0,0,0,0,0,0,16,0,0,0,0,0
event=trace_row ordinal=264 kind=0 ns=273743568801081 fields=17,2,0,25,1,0,0,0,0,0,0,0,0,0,0,0
event=trace_row ordinal=265 kind=1 ns=273743568801081 fields=17,2,0,1002,994,200,1000,0,1,0,0,0,0,0,0,0
event=trace_row ordinal=266 kind=3 ns=273743568823830 fields=17,18,0,2,273743568801081,0,0,0,0,0,0,0,0,6,0,2
event=trace_row ordinal=267 kind=5 ns=273743578825824 fields=513,6,2,0,0,0,0,0,0,0,16,0,0,0,0,0
event=trace_row ordinal=268 kind=0 ns=273743578803657 fields=18,2,0,50,2,0,0,0,0,0,0,0,0,0,0,0
event=trace_row ordinal=269 kind=1 ns=273743578803657 fields=18,2,0,1002,994,200,1000,0,1,0,0,0,0,0,0,0
event=trace_row ordinal=270 kind=1 ns=273743578803657 fields=18,2,1,1002,994,200,1000,0,1,0,0,0,0,0,0,0
event=trace_row ordinal=271 kind=3 ns=273743578829615 fields=18,19,0,2,273743578803657,0,0,0,0,0,0,0,0,6,0,2
event=trace_row ordinal=272 kind=5 ns=273743588824901 fields=513,6,2,0,0,0,0,0,0,0,16,0,0,0,0,0
event=trace_row ordinal=273 kind=0 ns=273743588803901 fields=19,2,0,25,1,0,0,0,0,0,0,0,0,0,0,0
event=trace_row ordinal=274 kind=1 ns=273743588803901 fields=19,2,0,1002,994,200,1000,0,1,0,0,0,0,0,0,0
event=trace_row ordinal=275 kind=3 ns=273743588829567 fields=19,20,0,2,273743588803901,0,0,0,0,0,0,0,0,6,0,2
event=trace_row ordinal=276 kind=4 ns=273743595528771 fields=385,8,96,20,96,20,0,0,0,0,16,0,0,0,0,0
event=trace_row ordinal=277 kind=4 ns=273743595709602 fields=641,5,3,0,0,0,0,0,0,0,16,0,0,0,0,0
event=trace_row ordinal=278 kind=5 ns=273743598826603 fields=513,6,2,0,0,0,0,0,0,0,16,0,0,0,0,0
event=trace_row ordinal=279 kind=0 ns=273743598805020 fields=20,2,0,25,1,0,0,0,0,0,0,0,0,0,0,0
event=trace_row ordinal=280 kind=1 ns=273743598805020 fields=20,2,0,1002,994,200,1000,0,1,0,0,0,0,0,0,0
event=trace_row ordinal=281 kind=3 ns=273743598831853 fields=20,21,0,2,273743598805020,0,0,0,0,0,0,0,0,6,0,2
event=trace_row ordinal=282 kind=5 ns=273743608841721 fields=513,6,2,0,0,0,0,0,0,0,16,0,0,0,0,0
event=trace_row ordinal=283 kind=0 ns=273743608811680 fields=21,2,0,50,2,0,0,0,0,0,0,0,0,0,0,0
event=trace_row ordinal=284 kind=1 ns=273743608811680 fields=21,2,0,1002,994,200,1000,0,1,0,0,0,0,0,0,0
event=trace_row ordinal=285 kind=1 ns=273743608811680 fields=21,2,1,1002,994,200,1000,0,1,0,0,0,0,0,0,0
event=trace_row ordinal=286 kind=3 ns=273743608847263 fields=21,22,0,2,273743608811680,0,0,0,0,0,0,0,0,6,0,2
event=trace_row ordinal=287 kind=5 ns=273743618837007 fields=513,6,2,0,0,0,0,0,0,0,16,0,0,0,0,0
event=trace_row ordinal=288 kind=0 ns=273743618810465 fields=22,2,0,25,1,0,0,0,0,0,0,0,0,0,0,0
event=trace_row ordinal=289 kind=1 ns=273743618810465 fields=22,2,0,1002,994,200,1000,0,1,0,0,0,0,0,0,0
event=trace_row ordinal=290 kind=3 ns=273743618841382 fields=22,23,0,2,273743618810465,0,0,0,0,0,0,0,0,6,0,2
event=trace_row ordinal=291 kind=5 ns=273743628840458 fields=513,6,2,0,0,0,0,0,0,0,16,0,0,0,0,0
event=trace_row ordinal=292 kind=0 ns=273743628809834 fields=23,2,0,50,2,0,0,0,0,0,0,0,0,0,0,0
event=trace_row ordinal=293 kind=1 ns=273743628809834 fields=23,2,0,1002,994,200,1000,0,1,0,0,0,0,0,0,0
event=trace_row ordinal=294 kind=1 ns=273743628809834 fields=23,2,1,1002,994,200,1000,0,1,0,0,0,0,0,0,0
event=trace_row ordinal=295 kind=3 ns=273743628845125 fields=23,24,0,2,273743628809834,0,0,0,0,0,0,0,0,6,0,2
event=trace_row ordinal=296 kind=5 ns=273743638846244 fields=513,6,2,0,0,0,0,0,0,0,16,0,0,0,0,0
event=trace_row ordinal=297 kind=0 ns=273743638812119 fields=24,2,0,25,1,0,0,0,0,0,0,0,0,0,0,0
event=trace_row ordinal=298 kind=1 ns=273743638812119 fields=24,2,0,1002,994,200,1000,0,1,0,0,0,0,0,0,0
event=trace_row ordinal=299 kind=3 ns=273743638851785 fields=24,25,0,2,273743638812119,0,0,0,0,0,0,0,0,6,0,2
event=trace_row ordinal=300 kind=4 ns=273743645570822 fields=385,8,96,20,96,20,0,0,0,0,16,0,0,0,0,0
event=trace_row ordinal=301 kind=4 ns=273743645718112 fields=641,5,3,0,0,0,0,0,0,0,16,0,0,0,0,0
event=trace_row ordinal=302 kind=5 ns=273743648842112 fields=513,6,2,0,0,0,0,0,0,0,16,0,0,0,0,0
event=trace_row ordinal=303 kind=0 ns=273743648811779 fields=25,2,0,50,2,0,0,0,0,0,0,0,0,0,0,0
event=trace_row ordinal=304 kind=1 ns=273743648811779 fields=25,2,0,1002,994,200,1000,0,1,0,0,0,0,0,0,0
event=trace_row ordinal=305 kind=1 ns=273743648811779 fields=25,2,1,1002,994,200,1000,0,1,0,0,0,0,0,0,0
event=trace_row ordinal=306 kind=3 ns=273743648846196 fields=25,26,0,2,273743648811779,0,0,0,0,0,0,0,0,6,0,2
event=trace_row ordinal=307 kind=5 ns=273743658832731 fields=513,6,2,0,0,0,0,0,0,0,16,0,0,0,0,0
event=trace_row ordinal=308 kind=0 ns=273743658808815 fields=26,2,0,25,1,0,0,0,0,0,0,0,0,0,0,0
event=trace_row ordinal=309 kind=1 ns=273743658808815 fields=26,2,0,1002,994,200,1000,0,1,0,0,0,0,0,0,0
event=trace_row ordinal=310 kind=3 ns=273743658836814 fields=26,27,0,2,273743658808815,0,0,0,0,0,0,0,0,6,0,2
event=trace_row ordinal=311 kind=5 ns=273743668846975 fields=513,6,2,0,0,0,0,0,0,0,16,0,0,0,0,0
event=trace_row ordinal=312 kind=0 ns=273743668811975 fields=27,2,0,25,1,0,0,0,0,0,0,0,0,0,0,0
event=trace_row ordinal=313 kind=1 ns=273743668811975 fields=27,2,0,1002,994,200,1000,0,1,0,0,0,0,0,0,0
event=trace_row ordinal=314 kind=3 ns=273743668852516 fields=27,28,0,2,273743668811975,0,0,0,0,0,0,0,0,6,0,2
event=trace_row ordinal=315 kind=5 ns=273743678832927 fields=513,6,2,0,0,0,0,0,0,0,16,0,0,0,0,0
event=trace_row ordinal=316 kind=0 ns=273743678807552 fields=28,2,0,50,2,0,0,0,0,0,0,0,0,0,0,0
event=trace_row ordinal=317 kind=1 ns=273743678807552 fields=28,2,0,1002,994,200,1000,0,1,0,0,0,0,0,0,0
event=trace_row ordinal=318 kind=1 ns=273743678807552 fields=28,2,1,1002,994,200,1000,0,1,0,0,0,0,0,0,0
event=trace_row ordinal=319 kind=3 ns=273743678837593 fields=28,29,0,2,273743678807552,0,0,0,0,0,0,0,0,6,0,2
event=trace_row ordinal=320 kind=5 ns=273743688835795 fields=513,6,2,0,0,0,0,0,0,0,16,0,0,0,0,0
event=trace_row ordinal=321 kind=0 ns=273743688808671 fields=29,2,0,25,1,0,0,0,0,0,0,0,0,0,0,0
event=trace_row ordinal=322 kind=1 ns=273743688808671 fields=29,2,0,1002,994,200,1000,0,1,0,0,0,0,0,0,0
event=trace_row ordinal=323 kind=3 ns=273743688839587 fields=29,30,0,2,273743688808671,0,0,0,0,0,0,0,0,6,0,2
event=trace_row ordinal=324 kind=4 ns=273743695560374 fields=385,8,96,20,96,20,0,0,0,0,16,0,0,0,0,0
event=trace_row ordinal=325 kind=4 ns=273743695726038 fields=641,5,3,0,0,0,0,0,0,0,16,0,0,0,0,0
event=trace_row ordinal=326 kind=5 ns=273743698836331 fields=513,6,2,0,0,0,0,0,0,0,16,0,0,0,0,0
event=trace_row ordinal=327 kind=0 ns=273743698808039 fields=30,2,0,50,2,0,0,0,0,0,0,0,0,0,0,0
event=trace_row ordinal=328 kind=1 ns=273743698808039 fields=30,2,0,1002,994,200,1000,0,1,0,0,0,0,0,0,0
event=trace_row ordinal=329 kind=1 ns=273743698808039 fields=30,2,1,1002,994,200,1000,0,1,0,0,0,0,0,0,0
event=trace_row ordinal=330 kind=3 ns=273743698840997 fields=30,31,0,2,273743698808039,0,0,0,0,0,0,0,0,6,0,2
event=trace_row ordinal=331 kind=5 ns=273743708830449 fields=513,6,2,0,0,0,0,0,0,0,16,0,0,0,0,0
event=trace_row ordinal=332 kind=0 ns=273743708808866 fields=31,2,0,25,1,0,0,0,0,0,0,0,0,0,0,0
event=trace_row ordinal=333 kind=1 ns=273743708808866 fields=31,2,0,1002,994,200,1000,0,1,0,0,0,0,0,0,0
event=trace_row ordinal=334 kind=3 ns=273743708834241 fields=31,32,0,2,273743708808866,0,0,0,0,0,0,0,0,6,0,2
event=trace_row ordinal=335 kind=5 ns=273743718840026 fields=513,6,2,0,0,0,0,0,0,0,16,0,0,0,0,0
event=trace_row ordinal=336 kind=0 ns=273743718809985 fields=32,2,0,50,2,0,0,0,0,0,0,0,0,0,0,0
event=trace_row ordinal=337 kind=1 ns=273743718809985 fields=32,2,0,1002,994,200,1000,0,1,0,0,0,0,0,0,0
event=trace_row ordinal=338 kind=1 ns=273743718809985 fields=32,2,1,1002,994,200,1000,0,1,0,0,0,0,0,0,0
event=trace_row ordinal=339 kind=3 ns=273743718845859 fields=32,33,0,2,273743718809985,0,0,0,0,0,0,0,0,6,0,2
event=trace_row ordinal=340 kind=5 ns=273743728848728 fields=513,6,2,0,0,0,0,0,0,0,16,0,0,0,0,0
event=trace_row ordinal=341 kind=0 ns=273743728814020 fields=33,2,0,25,1,0,0,0,0,0,0,0,0,0,0,0
event=trace_row ordinal=342 kind=1 ns=273743728814020 fields=33,2,0,1002,994,200,1000,0,1,0,0,0,0,0,0,0
event=trace_row ordinal=343 kind=3 ns=273743728855145 fields=33,34,0,2,273743728814020,0,0,0,0,0,0,0,0,6,0,2
event=trace_row ordinal=344 kind=5 ns=273743738834680 fields=513,6,2,0,0,0,0,0,0,0,16,0,0,0,0,0
event=trace_row ordinal=345 kind=0 ns=273743738806972 fields=34,2,0,25,1,0,0,0,0,0,0,0,0,0,0,0
event=trace_row ordinal=346 kind=1 ns=273743738806972 fields=34,2,0,1002,994,200,1000,0,1,0,0,0,0,0,0,0
event=trace_row ordinal=347 kind=3 ns=273743738839638 fields=34,35,0,2,273743738806972,0,0,0,0,0,0,0,0,6,0,2
event=trace_row ordinal=348 kind=4 ns=273743745557509 fields=385,8,96,20,96,20,0,0,0,0,16,0,0,0,0,0
event=trace_row ordinal=349 kind=4 ns=273743745677674 fields=641,5,3,0,0,0,0,0,0,0,16,0,0,0,0,0
event=trace_row ordinal=350 kind=5 ns=273743748841340 fields=513,6,2,0,0,0,0,0,0,0,16,0,0,0,0,0
event=trace_row ordinal=351 kind=0 ns=273743748811299 fields=35,2,0,50,2,0,0,0,0,0,0,0,0,0,0,0
event=trace_row ordinal=352 kind=1 ns=273743748811299 fields=35,2,0,1002,994,200,1000,0,1,0,0,0,0,0,0,0
event=trace_row ordinal=353 kind=1 ns=273743748811299 fields=35,2,1,1002,994,200,1000,0,1,0,0,0,0,0,0,0
event=trace_row ordinal=354 kind=3 ns=273743748846007 fields=35,36,0,2,273743748811299,0,0,0,0,0,0,0,0,6,0,2
event=trace_row ordinal=355 kind=5 ns=273743758832542 fields=513,6,2,0,0,0,0,0,0,0,16,0,0,0,0,0
event=trace_row ordinal=356 kind=0 ns=273743758808334 fields=36,2,0,25,1,0,0,0,0,0,0,0,0,0,0,0
event=trace_row ordinal=357 kind=1 ns=273743758808334 fields=36,2,0,1002,994,200,1000,0,1,0,0,0,0,0,0,0
event=trace_row ordinal=358 kind=3 ns=273743758836334 fields=36,37,0,2,273743758808334,0,0,0,0,0,0,0,0,6,0,2
event=trace_row ordinal=359 kind=5 ns=273743768831036 fields=513,6,2,0,0,0,0,0,0,0,16,0,0,0,0,0
event=trace_row ordinal=360 kind=0 ns=273743768807120 fields=37,2,0,50,2,0,0,0,0,0,0,0,0,0,0,0
event=trace_row ordinal=361 kind=1 ns=273743768807120 fields=37,2,0,1002,994,200,1000,0,1,0,0,0,0,0,0,0
event=trace_row ordinal=362 kind=1 ns=273743768807120 fields=37,2,1,1002,994,200,1000,0,1,0,0,0,0,0,0,0
event=trace_row ordinal=363 kind=3 ns=273743768834828 fields=37,38,0,2,273743768807120,0,0,0,0,0,0,0,0,6,0,2
event=trace_row ordinal=364 kind=5 ns=273743778827196 fields=513,6,2,0,0,0,0,0,0,0,16,0,0,0,0,0
event=trace_row ordinal=365 kind=0 ns=273743778805905 fields=38,2,0,25,1,0,0,0,0,0,0,0,0,0,0,0
event=trace_row ordinal=366 kind=1 ns=273743778805905 fields=38,2,0,1002,994,200,1000,0,1,0,0,0,0,0,0,0
event=trace_row ordinal=367 kind=3 ns=273743778831863 fields=38,39,0,2,273743778805905,0,0,0,0,0,0,0,0,6,0,2
event=trace_row ordinal=368 kind=4 ns=273743786027185 fields=1793,1,5,0,0,0,0,0,0,0,16,0,0,0,0,0
event=trace_row ordinal=369 kind=5 ns=273743788824523 fields=513,6,2,0,0,0,0,0,0,0,16,0,0,0,0,0
event=trace_row ordinal=370 kind=0 ns=273743788803232 fields=39,2,0,50,2,0,0,0,0,0,0,0,0,0,0,0
event=trace_row ordinal=371 kind=1 ns=273743788803232 fields=39,2,0,1002,994,200,1000,0,1,0,0,0,0,0,0,0
event=trace_row ordinal=372 kind=1 ns=273743788803232 fields=39,2,1,1002,994,200,1000,0,1,0,0,0,0,0,0,0
event=trace_row ordinal=373 kind=3 ns=273743788828315 fields=39,40,0,2,273743788803232,0,0,0,0,0,0,0,0,6,0,2
event=trace_row ordinal=374 kind=4 ns=273743795553185 fields=385,8,96,20,96,20,0,0,0,0,16,0,0,0,0,0
event=trace_row ordinal=375 kind=4 ns=273743795742183 fields=641,5,3,0,0,0,0,0,0,0,16,0,0,0,0,0
event=trace_row ordinal=376 kind=5 ns=273743798821559 fields=513,6,2,0,0,0,0,0,0,0,16,0,0,0,0,0
event=trace_row ordinal=377 kind=0 ns=273743798802892 fields=40,2,0,25,1,0,0,0,0,0,0,0,0,0,0,0
event=trace_row ordinal=378 kind=1 ns=273743798802892 fields=40,2,0,1002,994,200,1000,0,1,0,0,0,0,0,0,0
event=trace_row ordinal=379 kind=3 ns=273743798825059 fields=40,41,0,2,273743798802892,0,0,0,0,0,0,0,0,6,0,2
event=trace_row ordinal=380 kind=5 ns=273743808818594 fields=513,6,2,0,0,0,0,0,0,0,16,0,0,0,0,0
event=trace_row ordinal=381 kind=0 ns=273743808800511 fields=41,2,0,25,1,0,0,0,0,0,0,0,0,0,0,0
event=trace_row ordinal=382 kind=1 ns=273743808800511 fields=41,2,0,1002,994,200,1000,0,1,0,0,0,0,0,0,0
event=trace_row ordinal=383 kind=3 ns=273743808821802 fields=41,42,0,2,273743808800511,0,0,0,0,0,0,0,0,6,0,2
event=trace_row ordinal=384 kind=5 ns=273743818819421 fields=513,6,2,0,0,0,0,0,0,0,16,0,0,0,0,0
event=trace_row ordinal=385 kind=0 ns=273743818799588 fields=42,2,0,50,2,0,0,0,0,0,0,0,0,0,0,0
event=trace_row ordinal=386 kind=1 ns=273743818799588 fields=42,2,0,1002,994,200,1000,0,1,0,0,0,0,0,0,0
event=trace_row ordinal=387 kind=1 ns=273743818799588 fields=42,2,1,1002,994,200,1000,0,1,0,0,0,0,0,0,0
event=trace_row ordinal=388 kind=3 ns=273743818822629 fields=42,43,0,2,273743818799588,0,0,0,0,0,0,0,0,6,0,2
event=trace_row ordinal=389 kind=5 ns=273743828817040 fields=513,6,2,0,0,0,0,0,0,0,16,0,0,0,0,0
event=trace_row ordinal=390 kind=0 ns=273743828799540 fields=43,2,0,25,1,0,0,0,0,0,0,0,0,0,0,0
event=trace_row ordinal=391 kind=1 ns=273743828799540 fields=43,2,0,1002,994,200,1000,0,1,0,0,0,0,0,0,0
event=trace_row ordinal=392 kind=3 ns=273743828820248 fields=43,44,0,2,273743828799540,0,0,0,0,0,0,0,0,6,0,2
event=trace_row ordinal=393 kind=5 ns=273743838824575 fields=513,6,2,0,0,0,0,0,0,0,16,0,0,0,0,0
event=trace_row ordinal=394 kind=0 ns=273743838802700 fields=44,2,0,50,2,0,0,0,0,0,0,0,0,0,0,0
event=trace_row ordinal=395 kind=1 ns=273743838802700 fields=44,2,0,1002,994,200,1000,0,1,0,0,0,0,0,0,0
event=trace_row ordinal=396 kind=1 ns=273743838802700 fields=44,2,1,1001,994,200,1000,0,1,0,0,0,0,0,0,0
event=trace_row ordinal=397 kind=3 ns=273743838828075 fields=44,45,0,2,273743838802700,0,0,0,0,0,0,0,0,6,0,2
event=trace_row ordinal=398 kind=4 ns=273743845565195 fields=385,8,96,20,96,20,0,0,0,0,16,0,0,0,0,0
event=trace_row ordinal=399 kind=4 ns=273743845752442 fields=641,5,3,0,0,0,0,0,0,0,16,0,0,0,0,0
event=trace_row ordinal=400 kind=5 ns=273743848822485 fields=513,6,2,0,0,0,0,0,0,0,16,0,0,0,0,0
event=trace_row ordinal=401 kind=0 ns=273743848801777 fields=45,2,0,25,1,0,0,0,0,0,0,0,0,0,0,0
event=trace_row ordinal=402 kind=1 ns=273743848801777 fields=45,2,0,1001,994,200,1000,0,1,0,0,0,0,0,0,0
event=trace_row ordinal=403 kind=3 ns=273743848826277 fields=45,46,0,2,273743848801777,0,0,0,0,0,0,0,0,6,0,2
event=trace_row ordinal=404 kind=5 ns=273743858820396 fields=513,6,2,0,0,0,0,0,0,0,16,0,0,0,0,0
event=trace_row ordinal=405 kind=0 ns=273743858800271 fields=46,2,0,50,2,0,0,0,0,0,0,0,0,0,0,0
event=trace_row ordinal=406 kind=1 ns=273743858800271 fields=46,2,0,1001,994,200,1000,0,1,0,0,0,0,0,0,0
event=trace_row ordinal=407 kind=1 ns=273743858800271 fields=46,2,1,1002,994,200,1000,0,1,0,0,0,0,0,0,0
event=trace_row ordinal=408 kind=3 ns=273743858823896 fields=46,47,0,2,273743858800271,0,0,0,0,0,0,0,0,6,0,2
event=trace_row ordinal=409 kind=5 ns=273743868817723 fields=513,6,2,0,0,0,0,0,0,0,16,0,0,0,0,0
event=trace_row ordinal=410 kind=0 ns=273743868799931 fields=47,2,0,25,1,0,0,0,0,0,0,0,0,0,0,0
event=trace_row ordinal=411 kind=1 ns=273743868799931 fields=47,2,0,1002,994,200,1000,0,1,0,0,0,0,0,0,0
event=trace_row ordinal=412 kind=3 ns=273743868821223 fields=47,48,0,2,273743868799931,0,0,0,0,0,0,0,0,6,0,2
event=trace_row ordinal=413 kind=5 ns=273743878817675 fields=513,6,2,0,0,0,0,0,0,0,16,0,0,0,0,0
event=trace_row ordinal=414 kind=0 ns=273743878799883 fields=48,2,0,25,1,0,0,0,0,0,0,0,0,0,0,0
event=trace_row ordinal=415 kind=1 ns=273743878799883 fields=48,2,0,1002,994,200,1000,0,1,0,0,0,0,0,0,0
event=trace_row ordinal=416 kind=3 ns=273743878820883 fields=48,49,0,2,273743878799883,0,0,0,0,0,0,0,0,6,0,2
event=trace_row ordinal=417 kind=5 ns=273743888819085 fields=513,6,2,0,0,0,0,0,0,0,16,0,0,0,0,0
event=trace_row ordinal=418 kind=0 ns=273743888799543 fields=49,2,0,50,2,0,0,0,0,0,0,0,0,0,0,0
event=trace_row ordinal=419 kind=1 ns=273743888799543 fields=49,2,0,1002,994,200,1000,0,1,0,0,0,0,0,0,0
event=trace_row ordinal=420 kind=1 ns=273743888799543 fields=49,2,1,1002,994,200,1000,0,1,0,0,0,0,0,0,0
event=trace_row ordinal=421 kind=3 ns=273743888822293 fields=49,50,0,2,273743888799543,0,0,0,0,0,0,0,0,6,0,2
event=trace_row ordinal=422 kind=4 ns=273743895572538 fields=385,8,96,20,96,20,0,0,0,0,16,0,0,0,0,0
event=trace_row ordinal=423 kind=4 ns=273743895758327 fields=641,5,3,0,0,0,0,0,0,0,16,0,0,0,0,0
event=trace_row ordinal=424 kind=5 ns=273743898818453 fields=513,6,2,0,0,0,0,0,0,0,16,0,0,0,0,0
event=trace_row ordinal=425 kind=0 ns=273743898800079 fields=50,2,0,25,1,0,0,0,0,0,0,0,0,0,0,0
event=trace_row ordinal=426 kind=1 ns=273743898800079 fields=50,2,0,1002,994,200,1000,0,1,0,0,0,0,0,0,0
event=trace_row ordinal=427 kind=3 ns=273743898821953 fields=50,51,0,2,273743898800079,0,0,0,0,0,0,0,0,6,0,2
event=trace_row ordinal=428 kind=5 ns=273743908819572 fields=513,6,2,0,0,0,0,0,0,0,16,0,0,0,0,0
event=trace_row ordinal=429 kind=0 ns=273743908799739 fields=51,2,0,50,2,0,0,0,0,0,0,0,0,0,0,0
event=trace_row ordinal=430 kind=1 ns=273743908799739 fields=51,2,0,1002,994,200,1000,0,1,0,0,0,0,0,0,0
event=trace_row ordinal=431 kind=1 ns=273743908799739 fields=51,2,1,1002,994,200,1000,0,1,0,0,0,0,0,0,0
event=trace_row ordinal=432 kind=3 ns=273743908822780 fields=51,52,0,2,273743908799739,0,0,0,0,0,0,0,0,6,0,2
event=trace_row ordinal=433 kind=5 ns=273743918817482 fields=513,6,2,0,0,0,0,0,0,0,16,0,0,0,0,0
event=trace_row ordinal=434 kind=0 ns=273743918799691 fields=52,2,0,25,1,0,0,0,0,0,0,0,0,0,0,0
event=trace_row ordinal=435 kind=1 ns=273743918799691 fields=52,2,0,1002,994,200,1000,0,1,0,0,0,0,0,0,0
event=trace_row ordinal=436 kind=3 ns=273743918820691 fields=52,53,0,2,273743918799691,0,0,0,0,0,0,0,0,6,0,2
event=trace_row ordinal=437 kind=5 ns=273743928840184 fields=513,6,2,0,0,0,0,0,0,0,16,0,0,0,0,0
event=trace_row ordinal=438 kind=0 ns=273743928808684 fields=53,2,0,50,2,0,0,0,0,0,0,0,0,0,0,0
event=trace_row ordinal=439 kind=1 ns=273743928808684 fields=53,2,0,1002,994,200,1000,0,1,0,0,0,0,0,0,0
event=trace_row ordinal=440 kind=1 ns=273743928808684 fields=53,2,1,1002,994,200,1000,0,1,0,0,0,0,0,0,0
event=trace_row ordinal=441 kind=3 ns=273743928845142 fields=53,54,0,2,273743928808684,0,0,0,0,0,0,0,0,6,0,2
event=trace_row ordinal=442 kind=5 ns=273743938824095 fields=513,6,2,0,0,0,0,0,0,0,16,0,0,0,0,0
event=trace_row ordinal=443 kind=0 ns=273743938803095 fields=54,2,0,25,1,0,0,0,0,0,0,0,0,0,0,0
event=trace_row ordinal=444 kind=1 ns=273743938803095 fields=54,2,0,1002,994,200,1000,0,1,0,0,0,0,0,0,0
event=trace_row ordinal=445 kind=3 ns=273743938828470 fields=54,55,0,2,273743938803095,0,0,0,0,0,0,0,0,6,0,2
event=trace_row ordinal=446 kind=4 ns=273743945586881 fields=385,8,96,20,96,20,0,0,0,0,16,0,0,0,0,0
event=trace_row ordinal=447 kind=4 ns=273743945708796 fields=641,5,3,0,0,0,0,0,0,0,16,0,0,0,0,0
event=trace_row ordinal=448 kind=5 ns=273743948824047 fields=513,6,2,0,0,0,0,0,0,0,16,0,0,0,0,0
event=trace_row ordinal=449 kind=0 ns=273743948803922 fields=55,2,0,25,1,0,0,0,0,0,0,0,0,0,0,0
event=trace_row ordinal=450 kind=1 ns=273743948803922 fields=55,2,0,1002,994,200,1000,0,1,0,0,0,0,0,0,0
event=trace_row ordinal=451 kind=3 ns=273743948827838 fields=55,56,0,2,273743948803922,0,0,0,0,0,0,0,0,6,0,2
event=trace_row ordinal=452 kind=5 ns=273743958820499 fields=513,6,2,0,0,0,0,0,0,0,16,0,0,0,0,0
event=trace_row ordinal=453 kind=0 ns=273743958800374 fields=56,2,0,50,2,0,0,0,0,0,0,0,0,0,0,0
event=trace_row ordinal=454 kind=1 ns=273743958800374 fields=56,2,0,1002,994,200,1000,0,1,0,0,0,0,0,0,0
event=trace_row ordinal=455 kind=1 ns=273743958800374 fields=56,2,1,1002,994,200,1000,0,1,0,0,0,0,0,0,0
event=trace_row ordinal=456 kind=3 ns=273743958824874 fields=56,57,0,2,273743958800374,0,0,0,0,0,0,0,0,6,0,2
event=trace_row ordinal=457 kind=5 ns=273743968817826 fields=513,6,2,0,0,0,0,0,0,0,16,0,0,0,0,0
event=trace_row ordinal=458 kind=0 ns=273743968799743 fields=57,2,0,25,1,0,0,0,0,0,0,0,0,0,0,0
event=trace_row ordinal=459 kind=1 ns=273743968799743 fields=57,2,0,1002,994,200,1000,0,1,0,0,0,0,0,0,0
event=trace_row ordinal=460 kind=3 ns=273743968821617 fields=57,58,0,2,273743968799743,0,0,0,0,0,0,0,0,6,0,2
event=trace_row ordinal=461 kind=5 ns=273743978819236 fields=513,6,2,0,0,0,0,0,0,0,16,0,0,0,0,0
event=trace_row ordinal=462 kind=0 ns=273743978799986 fields=58,2,0,50,2,0,0,0,0,0,0,0,0,0,0,0
event=trace_row ordinal=463 kind=1 ns=273743978799986 fields=58,2,0,1002,994,200,1000,0,1,0,0,0,0,0,0,0
event=trace_row ordinal=464 kind=1 ns=273743978799986 fields=58,2,1,1002,994,200,1000,0,1,0,0,0,0,0,0,0
event=trace_row ordinal=465 kind=3 ns=273743978822444 fields=58,59,0,2,273743978799986,0,0,0,0,0,0,0,0,6,0,2
event=trace_row ordinal=466 kind=5 ns=273743988817438 fields=513,6,2,0,0,0,0,0,0,0,16,0,0,0,0,0
event=trace_row ordinal=467 kind=0 ns=273743988799939 fields=59,2,0,25,1,0,0,0,0,0,0,0,0,0,0,0
event=trace_row ordinal=468 kind=1 ns=273743988799939 fields=59,2,0,1002,994,200,1000,0,1,0,0,0,0,0,0,0
event=trace_row ordinal=469 kind=3 ns=273743988820355 fields=59,60,0,2,273743988799939,0,0,0,0,0,0,0,0,6,0,2
event=trace_row ordinal=470 kind=4 ns=273743995591891 fields=385,8,96,20,96,20,0,0,0,0,16,0,0,0,0,0
event=trace_row ordinal=471 kind=4 ns=273743995775347 fields=641,5,3,0,0,0,0,0,0,0,16,0,0,0,0,0
event=trace_row ordinal=472 kind=5 ns=273743998821182 fields=513,6,2,0,0,0,0,0,0,0,16,0,0,0,0,0
event=trace_row ordinal=473 kind=0 ns=273743998800474 fields=60,2,0,50,2,0,0,0,0,0,0,0,0,0,0,0
event=trace_row ordinal=474 kind=1 ns=273743998800474 fields=60,2,0,1002,994,200,1000,0,1,0,0,0,0,0,0,0
event=trace_row ordinal=475 kind=1 ns=273743998800474 fields=60,2,1,1002,994,200,1000,0,1,0,0,0,0,0,0,0
event=trace_row ordinal=476 kind=3 ns=273743998824974 fields=60,61,0,2,273743998800474,0,0,0,0,0,0,0,0,6,0,2
event=trace_row ordinal=477 kind=5 ns=273744008817634 fields=513,6,2,0,0,0,0,0,0,0,16,0,0,0,0,0
event=trace_row ordinal=478 kind=0 ns=273744008799843 fields=61,2,0,25,1,0,0,0,0,0,0,0,0,0,0,0
event=trace_row ordinal=479 kind=1 ns=273744008799843 fields=61,2,0,1002,994,200,1000,0,1,0,0,0,0,0,0,0
event=trace_row ordinal=480 kind=3 ns=273744008820551 fields=61,62,0,2,273744008799843,0,0,0,0,0,0,0,0,6,0,2
event=trace_row ordinal=481 kind=5 ns=273744018818753 fields=513,6,2,0,0,0,0,0,0,0,16,0,0,0,0,0
event=trace_row ordinal=482 kind=0 ns=273744018800670 fields=62,2,0,25,1,0,0,0,0,0,0,0,0,0,0,0
event=trace_row ordinal=483 kind=1 ns=273744018800670 fields=62,2,0,1002,994,200,1000,0,1,0,0,0,0,0,0,0
event=trace_row ordinal=484 kind=3 ns=273744018822253 fields=62,63,0,2,273744018800670,0,0,0,0,0,0,0,0,6,0,2
event=trace_row ordinal=485 kind=5 ns=273744028819580 fields=513,6,2,0,0,0,0,0,0,0,16,0,0,0,0,0
event=trace_row ordinal=486 kind=0 ns=273744028799747 fields=63,2,0,50,2,0,0,0,0,0,0,0,0,0,0,0
event=trace_row ordinal=487 kind=1 ns=273744028799747 fields=63,2,0,1002,994,200,1000,0,1,0,0,0,0,0,0,0
event=trace_row ordinal=488 kind=1 ns=273744028799747 fields=63,2,1,1002,994,200,1000,0,1,0,0,0,0,0,0,0
event=trace_row ordinal=489 kind=3 ns=273744028823372 fields=63,64,0,2,273744028799747,0,0,0,0,0,0,0,0,6,0,2
event=trace_row ordinal=490 kind=4 ns=273744035499826 fields=1793,1,5,0,0,0,0,0,0,0,16,0,0,0,0,0
event=trace_row ordinal=491 kind=5 ns=273744038818366 fields=513,6,2,0,0,0,0,0,0,0,16,0,0,0,0,0
event=trace_row ordinal=492 kind=0 ns=273744038799991 fields=64,2,0,25,1,0,0,0,0,0,0,0,0,0,0,0
event=trace_row ordinal=493 kind=1 ns=273744038799991 fields=64,2,0,1002,994,200,1000,0,1,0,0,0,0,0,0,0
event=trace_row ordinal=494 kind=3 ns=273744038821865 fields=64,65,0,2,273744038799991,0,0,0,0,0,0,0,0,6,0,2
event=trace_row ordinal=495 kind=4 ns=273744045599818 fields=385,8,96,20,96,20,0,0,0,0,16,0,0,0,0,0
event=trace_row ordinal=496 kind=4 ns=273744045789691 fields=641,5,3,0,0,0,0,0,0,0,16,0,0,0,0,0
event=trace_row ordinal=497 kind=5 ns=273744048821234 fields=513,6,2,0,0,0,0,0,0,0,16,0,0,0,0,0
event=trace_row ordinal=498 kind=0 ns=273744048799943 fields=65,2,0,50,2,0,0,0,0,0,0,0,0,0,0,0
event=trace_row ordinal=499 kind=1 ns=273744048799943 fields=65,2,0,1002,994,200,1000,0,1,0,0,0,0,0,0,0
event=trace_row ordinal=500 kind=1 ns=273744048799943 fields=65,2,1,1002,994,200,1000,0,1,0,0,0,0,0,0,0
event=trace_row ordinal=501 kind=3 ns=273744048825026 fields=65,66,0,2,273744048799943,0,0,0,0,0,0,0,0,6,0,2
event=trace_row ordinal=502 kind=5 ns=273744058820020 fields=513,6,2,0,0,0,0,0,0,0,16,0,0,0,0,0
event=trace_row ordinal=503 kind=0 ns=273744058800770 fields=66,2,0,25,1,0,0,0,0,0,0,0,0,0,0,0
event=trace_row ordinal=504 kind=1 ns=273744058800770 fields=66,2,0,1002,994,200,1000,0,1,0,0,0,0,0,0,0
event=trace_row ordinal=505 kind=3 ns=273744058823520 fields=66,67,0,2,273744058800770,0,0,0,0,0,0,0,0,6,0,2
event=trace_row ordinal=506 kind=5 ns=273744068819972 fields=513,6,2,0,0,0,0,0,0,0,16,0,0,0,0,0
event=trace_row ordinal=507 kind=0 ns=273744068799847 fields=67,2,0,50,2,0,0,0,0,0,0,0,0,0,0,0
event=trace_row ordinal=508 kind=1 ns=273744068799847 fields=67,2,0,1002,994,200,1000,0,1,0,0,0,0,0,0,0
event=trace_row ordinal=509 kind=1 ns=273744068799847 fields=67,2,1,1002,994,200,1000,0,1,0,0,0,0,0,0,0
event=trace_row ordinal=510 kind=3 ns=273744068823472 fields=67,68,0,2,273744068799847,0,0,0,0,0,0,0,0,6,0,2
event=trace_row ordinal=511 kind=5 ns=273744078820507 fields=513,6,2,0,0,0,0,0,0,0,16,0,0,0,0,0
event=trace_row ordinal=512 kind=0 ns=273744078800966 fields=68,2,0,25,1,0,0,0,0,0,0,0,0,0,0,0
event=trace_row ordinal=513 kind=1 ns=273744078800966 fields=68,2,0,1002,994,200,1000,0,1,0,0,0,0,0,0,0
event=trace_row ordinal=514 kind=3 ns=273744078824591 fields=68,69,0,2,273744078800966,0,0,0,0,0,0,0,0,6,0,2
event=trace_row ordinal=515 kind=5 ns=273744088821043 fields=513,6,2,0,0,0,0,0,0,0,16,0,0,0,0,0
event=trace_row ordinal=516 kind=0 ns=273744088802668 fields=69,2,0,25,1,0,0,0,0,0,0,0,0,0,0,0
event=trace_row ordinal=517 kind=1 ns=273744088802668 fields=69,2,0,1002,994,200,1000,0,1,0,0,0,0,0,0,0
event=trace_row ordinal=518 kind=3 ns=273744088824251 fields=69,70,0,2,273744088802668,0,0,0,0,0,0,0,0,6,0,2
event=trace_row ordinal=519 kind=4 ns=273744095622328 fields=385,8,96,20,96,20,0,0,0,0,16,0,0,0,0,0
event=trace_row ordinal=520 kind=4 ns=273744095797909 fields=641,5,3,0,0,0,0,0,0,0,16,0,0,0,0,0
event=trace_row ordinal=521 kind=5 ns=273744098832661 fields=513,6,2,0,0,0,0,0,0,0,16,0,0,0,0,0
event=trace_row ordinal=522 kind=0 ns=273744098807870 fields=70,2,0,50,2,0,0,0,0,0,0,0,0,0,0,0
event=trace_row ordinal=523 kind=1 ns=273744098807870 fields=70,2,0,1002,994,200,1000,0,1,0,0,0,0,0,0,0
event=trace_row ordinal=524 kind=1 ns=273744098807870 fields=70,2,1,1002,994,200,1000,0,1,0,0,0,0,0,0,0
event=trace_row ordinal=525 kind=3 ns=273744098837036 fields=70,71,0,2,273744098807870,0,0,0,0,0,0,0,0,6,0,2
event=trace_row ordinal=526 kind=5 ns=273744108827072 fields=513,6,2,0,0,0,0,0,0,0,16,0,0,0,0,0
event=trace_row ordinal=527 kind=0 ns=273744108806364 fields=71,2,0,25,1,0,0,0,0,0,0,0,0,0,0,0
event=trace_row ordinal=528 kind=1 ns=273744108806364 fields=71,2,0,1002,994,200,1000,0,1,0,0,0,0,0,0,0
event=trace_row ordinal=529 kind=3 ns=273744108831447 fields=71,72,0,2,273744108806364,0,0,0,0,0,0,0,0,6,0,2
event=trace_row ordinal=530 kind=5 ns=273744118839857 fields=513,6,2,0,0,0,0,0,0,0,16,0,0,0,0,0
event=trace_row ordinal=531 kind=0 ns=273744118808941 fields=72,2,0,50,2,0,0,0,0,0,0,0,0,0,0,0
event=trace_row ordinal=532 kind=1 ns=273744118808941 fields=72,2,0,1002,994,200,1000,0,1,0,0,0,0,0,0,0
event=trace_row ordinal=533 kind=1 ns=273744118808941 fields=72,2,1,1002,994,200,1000,0,1,0,0,0,0,0,0,0
event=trace_row ordinal=534 kind=3 ns=273744118844815 fields=72,73,0,2,273744118808941,0,0,0,0,0,0,0,0,6,0,2
event=trace_row ordinal=535 kind=5 ns=273744128832518 fields=513,6,2,0,0,0,0,0,0,0,16,0,0,0,0,0
event=trace_row ordinal=536 kind=0 ns=273744128808601 fields=73,2,0,25,1,0,0,0,0,0,0,0,0,0,0,0
event=trace_row ordinal=537 kind=1 ns=273744128808601 fields=73,2,0,1002,994,200,1000,0,1,0,0,0,0,0,0,0
event=trace_row ordinal=538 kind=3 ns=273744128836601 fields=73,74,0,2,273744128808601,0,0,0,0,0,0,0,0,6,0,2
event=trace_row ordinal=539 kind=5 ns=273744138840345 fields=513,6,2,0,0,0,0,0,0,0,16,0,0,0,0,0
event=trace_row ordinal=540 kind=0 ns=273744138810012 fields=74,2,0,50,2,0,0,0,0,0,0,0,0,0,0,0
event=trace_row ordinal=541 kind=1 ns=273744138810012 fields=74,2,0,1002,994,200,1000,0,1,0,0,0,0,0,0,0
event=trace_row ordinal=542 kind=1 ns=273744138810012 fields=74,2,1,1002,994,200,1000,0,1,0,0,0,0,0,0,0
event=trace_row ordinal=543 kind=3 ns=273744138845595 fields=74,75,0,2,273744138810012,0,0,0,0,0,0,0,0,6,0,2
event=trace_row ordinal=544 kind=4 ns=273744145572798 fields=385,8,96,20,96,20,0,0,0,0,16,0,0,0,0,0
event=trace_row ordinal=545 kind=4 ns=273744145744004 fields=641,5,3,0,0,0,0,0,0,0,16,0,0,0,0,0
event=trace_row ordinal=546 kind=5 ns=273744148835922 fields=513,6,2,0,0,0,0,0,0,0,16,0,0,0,0,0
event=trace_row ordinal=547 kind=0 ns=273744148809672 fields=75,2,0,25,1,0,0,0,0,0,0,0,0,0,0,0
event=trace_row ordinal=548 kind=1 ns=273744148809672 fields=75,2,0,1002,994,200,1000,0,1,0,0,0,0,0,0,0
event=trace_row ordinal=549 kind=3 ns=273744148841172 fields=75,76,0,2,273744148809672,0,0,0,0,0,0,0,0,6,0,2
event=trace_row ordinal=550 kind=5 ns=273744158857165 fields=513,6,2,0,0,0,0,0,0,0,16,0,0,0,0,0
event=trace_row ordinal=551 kind=0 ns=273744158818958 fields=76,2,0,25,1,0,0,0,0,0,0,0,0,0,0,0
event=trace_row ordinal=552 kind=1 ns=273744158818958 fields=76,2,0,1002,994,200,1000,0,1,0,0,0,0,0,0,0
event=trace_row ordinal=553 kind=3 ns=273744158862999 fields=76,77,0,2,273744158818958,0,0,0,0,0,0,0,0,6,0,2
event=trace_row ordinal=554 kind=5 ns=273744168844868 fields=513,6,2,0,0,0,0,0,0,0,16,0,0,0,0,0
event=trace_row ordinal=555 kind=0 ns=273744168811618 fields=77,2,0,50,2,0,0,0,0,0,0,0,0,0,0,0
event=trace_row ordinal=556 kind=1 ns=273744168811618 fields=77,2,0,1002,994,200,1000,0,1,0,0,0,0,0,0,0
event=trace_row ordinal=557 kind=1 ns=273744168811618 fields=77,2,1,1002,994,200,1000,0,1,0,0,0,0,0,0,0
event=trace_row ordinal=558 kind=3 ns=273744168850118 fields=77,78,0,2,273744168811618,0,0,0,0,0,0,0,0,6,0,2
event=trace_row ordinal=559 kind=5 ns=273744178857070 fields=513,6,2,0,0,0,0,0,0,0,16,0,0,0,0,0
event=trace_row ordinal=560 kind=0 ns=273744178816528 fields=78,2,0,25,1,0,0,0,0,0,0,0,0,0,0,0
event=trace_row ordinal=561 kind=1 ns=273744178816528 fields=78,2,0,1002,994,200,1000,0,1,0,0,0,0,0,0,0
event=trace_row ordinal=562 kind=3 ns=273744178862028 fields=78,79,0,2,273744178816528,0,0,0,0,0,0,0,0,6,0,2
event=trace_row ordinal=563 kind=5 ns=273744188840397 fields=513,6,2,0,0,0,0,0,0,0,16,0,0,0,0,0
event=trace_row ordinal=564 kind=0 ns=273744188810064 fields=79,2,0,50,2,0,0,0,0,0,0,0,0,0,0,0
event=trace_row ordinal=565 kind=1 ns=273744188810064 fields=79,2,0,1002,994,200,1000,0,1,0,0,0,0,0,0,0
event=trace_row ordinal=566 kind=1 ns=273744188810064 fields=79,2,1,1002,994,200,1000,0,1,0,0,0,0,0,0,0
event=trace_row ordinal=567 kind=3 ns=273744188844772 fields=79,80,0,2,273744188810064,0,0,0,0,0,0,0,0,6,0,2
event=trace_row ordinal=568 kind=4 ns=273744195649558 fields=385,8,96,20,96,20,0,0,0,0,16,0,0,0,0,0
event=trace_row ordinal=569 kind=4 ns=273744195812305 fields=641,5,3,0,0,0,0,0,0,0,16,0,0,0,0,0
event=trace_row ordinal=570 kind=5 ns=273744198842099 fields=513,6,2,0,0,0,0,0,0,0,16,0,0,0,0,0
event=trace_row ordinal=571 kind=0 ns=273744198810308 fields=80,2,0,25,1,0,0,0,0,0,0,0,0,0,0,0
event=trace_row ordinal=572 kind=1 ns=273744198810308 fields=80,2,0,1002,994,200,1000,0,1,0,0,0,0,0,0,0
event=trace_row ordinal=573 kind=3 ns=273744198847932 fields=80,81,0,2,273744198810308,0,0,0,0,0,0,0,0,6,0,2
event=trace_row ordinal=574 kind=5 ns=273744208837676 fields=513,6,2,0,0,0,0,0,0,0,16,0,0,0,0,0
event=trace_row ordinal=575 kind=0 ns=273744208809093 fields=81,2,0,50,2,0,0,0,0,0,0,0,0,0,0,0
event=trace_row ordinal=576 kind=1 ns=273744208809093 fields=81,2,0,1002,994,200,1000,0,1,0,0,0,0,0,0,0
event=trace_row ordinal=577 kind=1 ns=273744208809093 fields=81,2,1,1002,994,200,1000,0,1,0,0,0,0,0,0,0
event=trace_row ordinal=578 kind=3 ns=273744208842051 fields=81,82,0,2,273744208809093,0,0,0,0,0,0,0,0,6,0,2
event=trace_row ordinal=579 kind=5 ns=273744218830337 fields=513,6,2,0,0,0,0,0,0,0,16,0,0,0,0,0
event=trace_row ordinal=580 kind=0 ns=273744218807004 fields=82,2,0,25,1,0,0,0,0,0,0,0,0,0,0,0
event=trace_row ordinal=581 kind=1 ns=273744218807004 fields=82,2,0,1002,994,200,1000,0,1,0,0,0,0,0,0,0
event=trace_row ordinal=582 kind=3 ns=273744218833837 fields=82,83,0,2,273744218807004,0,0,0,0,0,0,0,0,6,0,2
event=trace_row ordinal=583 kind=5 ns=273744228829705 fields=513,6,2,0,0,0,0,0,0,0,16,0,0,0,0,0
event=trace_row ordinal=584 kind=0 ns=273744228807247 fields=83,2,0,25,1,0,0,0,0,0,0,0,0,0,0,0
event=trace_row ordinal=585 kind=1 ns=273744228807247 fields=83,2,0,1002,994,200,1000,0,1,0,0,0,0,0,0,0
event=trace_row ordinal=586 kind=3 ns=273744228833205 fields=83,84,0,2,273744228807247,0,0,0,0,0,0,0,0,6,0,2
event=trace_row ordinal=587 kind=5 ns=273744238838699 fields=513,6,2,0,0,0,0,0,0,0,16,0,0,0,0,0
event=trace_row ordinal=588 kind=0 ns=273744238808075 fields=84,2,0,50,2,0,0,0,0,0,0,0,0,0,0,0
event=trace_row ordinal=589 kind=1 ns=273744238808075 fields=84,2,0,1002,994,200,1000,0,1,0,0,0,0,0,0,0
event=trace_row ordinal=590 kind=1 ns=273744238808075 fields=84,2,1,1002,994,200,1000,0,1,0,0,0,0,0,0,0
event=trace_row ordinal=591 kind=3 ns=273744238843949 fields=84,85,0,2,273744238808075,0,0,0,0,0,0,0,0,6,0,2
event=trace_row ordinal=592 kind=4 ns=273744245647860 fields=385,8,96,20,96,20,0,0,0,0,16,0,0,0,0,0
event=trace_row ordinal=593 kind=4 ns=273744245821691 fields=641,5,3,0,0,0,0,0,0,0,16,0,0,0,0,0
event=trace_row ordinal=594 kind=5 ns=273744248835151 fields=513,6,2,0,0,0,0,0,0,0,16,0,0,0,0,0
event=trace_row ordinal=595 kind=0 ns=273744248810360 fields=85,2,0,25,1,0,0,0,0,0,0,0,0,0,0,0
event=trace_row ordinal=596 kind=1 ns=273744248810360 fields=85,2,0,1002,994,200,1000,0,1,0,0,0,0,0,0,0
event=trace_row ordinal=597 kind=3 ns=273744248839526 fields=85,86,0,2,273744248810360,0,0,0,0,0,0,0,0,6,0,2
event=trace_row ordinal=598 kind=5 ns=273744258844728 fields=513,6,2,0,0,0,0,0,0,0,16,0,0,0,0,0
event=trace_row ordinal=599 kind=0 ns=273744258813520 fields=86,2,0,50,2,0,0,0,0,0,0,0,0,0,0,0
event=trace_row ordinal=600 kind=1 ns=273744258813520 fields=86,2,0,1002,994,200,1000,0,1,0,0,0,0,0,0,0
event=trace_row ordinal=601 kind=1 ns=273744258813520 fields=86,2,1,1002,994,200,1000,0,1,0,0,0,0,0,0,0
event=trace_row ordinal=602 kind=3 ns=273744258849687 fields=86,87,0,2,273744258813520,0,0,0,0,0,0,0,0,6,0,2
event=trace_row ordinal=603 kind=5 ns=273744268840597 fields=513,6,2,0,0,0,0,0,0,0,16,0,0,0,0,0
event=trace_row ordinal=604 kind=0 ns=273744268812306 fields=87,2,0,25,1,0,0,0,0,0,0,0,0,0,0,0
event=trace_row ordinal=605 kind=1 ns=273744268812306 fields=87,2,0,1002,994,200,1000,0,1,0,0,0,0,0,0,0
event=trace_row ordinal=606 kind=3 ns=273744268845264 fields=87,88,0,2,273744268812306,0,0,0,0,0,0,0,0,6,0,2
event=trace_row ordinal=607 kind=5 ns=273744278834424 fields=513,6,2,0,0,0,0,0,0,0,16,0,0,0,0,0
event=trace_row ordinal=608 kind=0 ns=273744278809050 fields=88,2,0,50,2,0,0,0,0,0,0,0,0,0,0,0
event=trace_row ordinal=609 kind=1 ns=273744278809050 fields=88,2,0,1002,994,200,1000,0,1,0,0,0,0,0,0,0
event=trace_row ordinal=610 kind=1 ns=273744278809050 fields=88,2,1,1002,994,200,1000,0,1,0,0,0,0,0,0,0
event=trace_row ordinal=611 kind=3 ns=273744278838508 fields=88,89,0,2,273744278809050,0,0,0,0,0,0,0,0,6,0,2
event=trace_row ordinal=612 kind=4 ns=273744285056759 fields=1793,1,5,0,0,0,0,0,0,0,16,0,0,0,0,0
event=trace_row ordinal=613 kind=5 ns=273744288831168 fields=513,6,2,0,0,0,0,0,0,0,16,0,0,0,0,0
event=trace_row ordinal=614 kind=0 ns=273744288808710 fields=89,2,0,25,1,0,0,0,0,0,0,0,0,0,0,0
event=trace_row ordinal=615 kind=1 ns=273744288808710 fields=89,2,0,1002,994,200,1000,0,1,0,0,0,0,0,0,0
event=trace_row ordinal=616 kind=3 ns=273744288835543 fields=89,90,0,2,273744288808710,0,0,0,0,0,0,0,0,6,0,2
event=trace_row ordinal=617 kind=4 ns=273744295643537 fields=385,8,96,20,96,20,0,0,0,0,16,0,0,0,0,0
event=trace_row ordinal=618 kind=4 ns=273744295770119 fields=641,5,3,0,0,0,0,0,0,0,16,0,0,0,0,0
event=trace_row ordinal=619 kind=5 ns=273744298825870 fields=513,6,2,0,0,0,0,0,0,0,16,0,0,0,0,0
event=trace_row ordinal=620 kind=0 ns=273744298806037 fields=90,2,0,25,1,0,0,0,0,0,0,0,0,0,0,0
event=trace_row ordinal=621 kind=1 ns=273744298806037 fields=90,2,0,1002,994,200,1000,0,1,0,0,0,0,0,0,0
event=trace_row ordinal=622 kind=3 ns=273744298829954 fields=90,91,0,2,273744298806037,0,0,0,0,0,0,0,0,6,0,2
event=trace_row ordinal=623 kind=5 ns=273744308822614 fields=513,6,2,0,0,0,0,0,0,0,16,0,0,0,0,0
event=trace_row ordinal=624 kind=0 ns=273744308803073 fields=91,2,0,50,2,0,0,0,0,0,0,0,0,0,0,0
event=trace_row ordinal=625 kind=1 ns=273744308803073 fields=91,2,0,1002,994,200,1000,0,1,0,0,0,0,0,0,0
event=trace_row ordinal=626 kind=1 ns=273744308803073 fields=91,2,1,1002,994,200,1000,0,1,0,0,0,0,0,0,0
event=trace_row ordinal=627 kind=3 ns=273744308826406 fields=91,92,0,2,273744308803073,0,0,0,0,0,0,0,0,6,0,2
event=trace_row ordinal=628 kind=5 ns=273744318819650 fields=513,6,2,0,0,0,0,0,0,0,16,0,0,0,0,0
event=trace_row ordinal=629 kind=0 ns=273744318801275 fields=92,2,0,25,1,0,0,0,0,0,0,0,0,0,0,0
event=trace_row ordinal=630 kind=1 ns=273744318801275 fields=92,2,0,1002,994,200,1000,0,1,0,0,0,0,0,0,0
event=trace_row ordinal=631 kind=3 ns=273744318823441 fields=92,93,0,2,273744318801275,0,0,0,0,0,0,0,0,6,0,2
event=trace_row ordinal=632 kind=5 ns=273744328819893 fields=513,6,2,0,0,0,0,0,0,0,16,0,0,0,0,0
event=trace_row ordinal=633 kind=0 ns=273744328800352 fields=93,2,0,50,2,0,0,0,0,0,0,0,0,0,0,0
event=trace_row ordinal=634 kind=1 ns=273744328800352 fields=93,2,0,1002,994,200,1000,0,1,0,0,0,0,0,0,0
event=trace_row ordinal=635 kind=1 ns=273744328800352 fields=93,2,1,1002,994,200,1000,0,1,0,0,0,0,0,0,0
event=trace_row ordinal=636 kind=3 ns=273744328823393 fields=93,94,0,2,273744328800352,0,0,0,0,0,0,0,0,6,0,2
event=trace_row ordinal=637 kind=5 ns=273744338818387 fields=513,6,2,0,0,0,0,0,0,0,16,0,0,0,0,0
event=trace_row ordinal=638 kind=0 ns=273744338800596 fields=94,2,0,25,1,0,0,0,0,0,0,0,0,0,0,0
event=trace_row ordinal=639 kind=1 ns=273744338800596 fields=94,2,0,1002,994,200,1000,0,1,0,0,0,0,0,0,0
event=trace_row ordinal=640 kind=3 ns=273744338821595 fields=94,95,0,2,273744338800596,0,0,0,0,0,0,0,0,6,0,2
event=trace_row ordinal=641 kind=4 ns=273744345653506 fields=385,8,96,20,96,20,0,0,0,0,16,0,0,0,0,0
event=trace_row ordinal=642 kind=4 ns=273744345840170 fields=641,5,3,0,0,0,0,0,0,0,16,0,0,0,0,0
event=trace_row ordinal=643 kind=5 ns=273744348821256 fields=513,6,2,0,0,0,0,0,0,0,16,0,0,0,0,0
event=trace_row ordinal=644 kind=0 ns=273744348800548 fields=95,2,0,50,2,0,0,0,0,0,0,0,0,0,0,0
event=trace_row ordinal=645 kind=1 ns=273744348800548 fields=95,2,0,1002,994,200,1000,0,1,0,0,0,0,0,0,0
event=trace_row ordinal=646 kind=1 ns=273744348800548 fields=95,2,1,1002,994,200,1000,0,1,0,0,0,0,0,0,0
event=trace_row ordinal=647 kind=3 ns=273744348825047 fields=95,96,0,2,273744348800548,0,0,0,0,0,0,0,0,6,0,2
event=trace_row ordinal=648 kind=5 ns=273744358818583 fields=513,6,2,0,0,0,0,0,0,0,16,0,0,0,0,0
event=trace_row ordinal=649 kind=0 ns=273744358800500 fields=96,2,0,25,1,0,0,0,0,0,0,0,0,0,0,0
event=trace_row ordinal=650 kind=1 ns=273744358800500 fields=96,2,0,1002,994,200,1000,0,1,0,0,0,0,0,0,0
event=trace_row ordinal=651 kind=3 ns=273744358822666 fields=96,97,0,2,273744358800500,0,0,0,0,0,0,0,0,6,0,2
event=trace_row ordinal=652 kind=5 ns=273744368822910 fields=513,6,2,0,0,0,0,0,0,0,16,0,0,0,0,0
event=trace_row ordinal=653 kind=0 ns=273744368802785 fields=97,2,0,25,1,0,0,0,0,0,0,0,0,0,0,0
event=trace_row ordinal=654 kind=1 ns=273744368802785 fields=97,2,0,1002,994,200,1000,0,1,0,0,0,0,0,0,0
event=trace_row ordinal=655 kind=3 ns=273744368826993 fields=97,98,0,2,273744368802785,0,0,0,0,0,0,0,0,6,0,2
event=trace_row ordinal=656 kind=5 ns=273744378821404 fields=513,6,2,0,0,0,0,0,0,0,16,0,0,0,0,0
event=trace_row ordinal=657 kind=0 ns=273744378800112 fields=98,2,0,50,2,0,0,0,0,0,0,0,0,0,0,0
event=trace_row ordinal=658 kind=1 ns=273744378800112 fields=98,2,0,1002,994,200,1000,0,1,0,0,0,0,0,0,0
event=trace_row ordinal=659 kind=1 ns=273744378800112 fields=98,2,1,1002,994,200,1000,0,1,0,0,0,0,0,0,0
event=trace_row ordinal=660 kind=3 ns=273744378825487 fields=98,99,0,2,273744378800112,0,0,0,0,0,0,0,0,6,0,2
event=trace_row ordinal=661 kind=5 ns=273744388818148 fields=513,6,2,0,0,0,0,0,0,0,16,0,0,0,0,0
event=trace_row ordinal=662 kind=0 ns=273744388800065 fields=99,2,0,25,1,0,0,0,0,0,0,0,0,0,0,0
event=trace_row ordinal=663 kind=1 ns=273744388800065 fields=99,2,0,1002,994,200,1000,0,1,0,0,0,0,0,0,0
event=trace_row ordinal=664 kind=3 ns=273744388821064 fields=99,100,0,2,273744388800065,0,0,0,0,0,0,0,0,6,0,2
event=trace_row ordinal=665 kind=4 ns=273744395661141 fields=385,8,96,20,96,20,0,0,0,0,16,0,0,0,0,0
event=trace_row ordinal=666 kind=4 ns=273744395847805 fields=641,5,3,0,0,0,0,0,0,0,16,0,0,0,0,0
event=trace_row ordinal=667 kind=5 ns=273744398820141 fields=513,6,2,0,0,0,0,0,0,0,16,0,0,0,0,0
event=trace_row ordinal=668 kind=0 ns=273744398799725 fields=100,2,0,50,2,0,0,0,0,0,0,0,0,0,0,0
event=trace_row ordinal=669 kind=1 ns=273744398799725 fields=100,2,0,1002,994,200,1000,0,1,0,0,0,0,0,0,0
event=trace_row ordinal=670 kind=1 ns=273744398799725 fields=100,2,1,1002,994,200,1000,0,1,0,0,0,0,0,0,0
event=trace_row ordinal=671 kind=3 ns=273744398823350 fields=100,101,0,2,273744398799725,0,0,0,0,0,0,0,0,6,0,2
event=trace_row ordinal=672 kind=5 ns=273744408819510 fields=513,6,2,0,0,0,0,0,0,0,16,0,0,0,0,0
event=trace_row ordinal=673 kind=0 ns=273744408800552 fields=101,2,0,25,1,0,0,0,0,0,0,0,0,0,0,0
event=trace_row ordinal=674 kind=1 ns=273744408800552 fields=101,2,0,1002,994,200,1000,0,1,0,0,0,0,0,0,0
event=trace_row ordinal=675 kind=3 ns=273744408823302 fields=101,102,0,2,273744408800552,0,0,0,0,0,0,0,0,6,0,2
event=trace_row ordinal=676 kind=5 ns=273744418819171 fields=513,6,2,0,0,0,0,0,0,0,16,0,0,0,0,0
event=trace_row ordinal=677 kind=0 ns=273744418799629 fields=102,2,0,50,2,0,0,0,0,0,0,0,0,0,0,0
event=trace_row ordinal=678 kind=1 ns=273744418799629 fields=102,2,0,1002,994,200,1000,0,1,0,0,0,0,0,0,0
event=trace_row ordinal=679 kind=1 ns=273744418799629 fields=102,2,1,1002,994,200,1000,0,1,0,0,0,0,0,0,0
event=trace_row ordinal=680 kind=3 ns=273744418822671 fields=102,103,0,2,273744418799629,0,0,0,0,0,0,0,0,6,0,2
event=trace_row ordinal=681 kind=5 ns=273744428816789 fields=513,6,2,0,0,0,0,0,0,0,16,0,0,0,0,0
event=trace_row ordinal=682 kind=0 ns=273744428799290 fields=103,2,0,25,1,0,0,0,0,0,0,0,0,0,0,0
event=trace_row ordinal=683 kind=1 ns=273744428799290 fields=103,2,0,1002,994,200,1000,0,1,0,0,0,0,0,0,0
event=trace_row ordinal=684 kind=3 ns=273744428820289 fields=103,104,0,2,273744428799290,0,0,0,0,0,0,0,0,6,0,2
event=trace_row ordinal=685 kind=5 ns=273744438847658 fields=513,6,2,0,0,0,0,0,0,0,16,0,0,0,0,0
event=trace_row ordinal=686 kind=0 ns=273744438813825 fields=104,2,0,25,1,0,0,0,0,0,0,0,0,0,0,0
event=trace_row ordinal=687 kind=1 ns=273744438813825 fields=104,2,0,1002,994,200,1000,0,1,0,0,0,0,0,0,0
event=trace_row ordinal=688 kind=3 ns=273744438852908 fields=104,105,0,2,273744438813825,0,0,0,0,0,0,0,0,6,0,2
event=trace_row ordinal=689 kind=4 ns=273744445676068 fields=385,8,96,20,96,20,0,0,0,0,16,0,0,0,0,0
event=trace_row ordinal=690 kind=4 ns=273744445855441 fields=641,5,3,0,0,0,0,0,0,0,16,0,0,0,0,0
event=trace_row ordinal=691 kind=5 ns=273744448827777 fields=513,6,2,0,0,0,0,0,0,0,16,0,0,0,0,0
event=trace_row ordinal=692 kind=0 ns=273744448805027 fields=105,2,0,50,2,0,0,0,0,0,0,0,0,0,0,0
event=trace_row ordinal=693 kind=1 ns=273744448805027 fields=105,2,0,1002,994,200,1000,0,1,0,0,0,0,0,0,0
event=trace_row ordinal=694 kind=1 ns=273744448805027 fields=105,2,1,1002,994,200,1000,0,1,0,0,0,0,0,0,0
event=trace_row ordinal=695 kind=3 ns=273744448831860 fields=105,106,0,2,273744448805027,0,0,0,0,0,0,0,0,6,0,2
event=trace_row ordinal=696 kind=5 ns=273744458821896 fields=513,6,2,0,0,0,0,0,0,0,16,0,0,0,0,0
event=trace_row ordinal=697 kind=0 ns=273744458802938 fields=106,2,0,25,1,0,0,0,0,0,0,0,0,0,0,0
event=trace_row ordinal=698 kind=1 ns=273744458802938 fields=106,2,0,1002,994,200,1000,0,1,0,0,0,0,0,0,0
event=trace_row ordinal=699 kind=3 ns=273744458825396 fields=106,107,0,2,273744458802938,0,0,0,0,0,0,0,0,6,0,2
event=trace_row ordinal=700 kind=5 ns=273744468823598 fields=513,6,2,0,0,0,0,0,0,0,16,0,0,0,0,0
event=trace_row ordinal=701 kind=0 ns=273744468802598 fields=107,2,0,50,2,0,0,0,0,0,0,0,0,0,0,0
event=trace_row ordinal=702 kind=1 ns=273744468802598 fields=107,2,0,1002,994,200,1000,0,1,0,0,0,0,0,0,0
event=trace_row ordinal=703 kind=1 ns=273744468802598 fields=107,2,1,1002,994,200,1000,0,1,0,0,0,0,0,0,0
event=trace_row ordinal=704 kind=3 ns=273744468827389 fields=107,108,0,2,273744468802598,0,0,0,0,0,0,0,0,6,0,2
event=trace_row ordinal=705 kind=5 ns=273744478819467 fields=513,6,2,0,0,0,0,0,0,0,16,0,0,0,0,0
event=trace_row ordinal=706 kind=0 ns=273744478800217 fields=108,2,0,25,1,0,0,0,0,0,0,0,0,0,0,0
event=trace_row ordinal=707 kind=1 ns=273744478800217 fields=108,2,0,1002,994,200,1000,0,1,0,0,0,0,0,0,0
event=trace_row ordinal=708 kind=3 ns=273744478822967 fields=108,109,0,2,273744478800217,0,0,0,0,0,0,0,0,6,0,2
event=trace_row ordinal=709 kind=5 ns=273744488820585 fields=513,6,2,0,0,0,0,0,0,0,16,0,0,0,0,0
event=trace_row ordinal=710 kind=0 ns=273744488800752 fields=109,2,0,50,2,0,0,0,0,0,0,0,0,0,0,0
event=trace_row ordinal=711 kind=1 ns=273744488800752 fields=109,2,0,1002,994,200,1000,0,1,0,0,0,0,0,0,0
event=trace_row ordinal=712 kind=1 ns=273744488800752 fields=109,2,1,1002,994,200,1000,0,1,0,0,0,0,0,0,0
event=trace_row ordinal=713 kind=3 ns=273744488824377 fields=109,110,0,2,273744488800752,0,0,0,0,0,0,0,0,6,0,2
event=trace_row ordinal=714 kind=4 ns=273744495624204 fields=385,8,96,20,96,20,0,0,0,0,16,0,0,0,0,0
event=trace_row ordinal=715 kind=4 ns=273744495805035 fields=641,5,3,0,0,0,0,0,0,0,16,0,0,0,0,0
event=trace_row ordinal=716 kind=5 ns=273744498818788 fields=513,6,2,0,0,0,0,0,0,0,16,0,0,0,0,0
event=trace_row ordinal=717 kind=0 ns=273744498800121 fields=110,2,0,25,1,0,0,0,0,0,0,0,0,0,0,0
event=trace_row ordinal=718 kind=1 ns=273744498800121 fields=110,2,0,1002,994,200,1000,0,1,0,0,0,0,0,0,0
event=trace_row ordinal=719 kind=3 ns=273744498821996 fields=110,111,0,2,273744498800121,0,0,0,0,0,0,0,0,6,0,2
event=trace_row ordinal=720 kind=5 ns=273744508817573 fields=513,6,2,0,0,0,0,0,0,0,16,0,0,0,0,0
event=trace_row ordinal=721 kind=0 ns=273744508799782 fields=111,2,0,25,1,0,0,0,0,0,0,0,0,0,0,0
event=trace_row ordinal=722 kind=1 ns=273744508799782 fields=111,2,0,1002,994,200,1000,0,1,0,0,0,0,0,0,0
event=trace_row ordinal=723 kind=3 ns=273744508820781 fields=111,112,0,2,273744508799782,0,0,0,0,0,0,0,0,6,0,2
event=trace_row ordinal=724 kind=5 ns=273744518819275 fields=513,6,2,0,0,0,0,0,0,0,16,0,0,0,0,0
event=trace_row ordinal=725 kind=0 ns=273744518799734 fields=112,2,0,50,2,0,0,0,0,0,0,0,0,0,0,0
event=trace_row ordinal=726 kind=1 ns=273744518799734 fields=112,2,0,1002,994,200,1000,0,1,0,0,0,0,0,0,0
event=trace_row ordinal=727 kind=1 ns=273744518799734 fields=112,2,1,1002,994,200,1000,0,1,0,0,0,0,0,0,0
event=trace_row ordinal=728 kind=3 ns=273744518822483 fields=112,113,0,2,273744518799734,0,0,0,0,0,0,0,0,6,0,2
event=trace_row ordinal=729 kind=5 ns=273744528818352 fields=513,6,2,0,0,0,0,0,0,0,16,0,0,0,0,0
event=trace_row ordinal=730 kind=0 ns=273744528800561 fields=113,2,0,25,1,0,0,0,0,0,0,0,0,0,0,0
event=trace_row ordinal=731 kind=1 ns=273744528800561 fields=113,2,0,1002,994,200,1000,0,1,0,0,0,0,0,0,0
event=trace_row ordinal=732 kind=3 ns=273744528821560 fields=113,114,0,2,273744528800561,0,0,0,0,0,0,0,0,6,0,2
event=trace_row ordinal=733 kind=4 ns=273744534587735 fields=1793,1,5,0,0,0,0,0,0,0,16,0,0,0,0,0
event=trace_row ordinal=734 kind=5 ns=273744538820054 fields=513,6,2,0,0,0,0,0,0,0,16,0,0,0,0,0
event=trace_row ordinal=735 kind=0 ns=273744538800221 fields=114,2,0,50,2,0,0,0,0,0,0,0,0,0,0,0
event=trace_row ordinal=736 kind=1 ns=273744538800221 fields=114,2,0,1002,994,200,1000,0,1,0,0,0,0,0,0,0
event=trace_row ordinal=737 kind=1 ns=273744538800221 fields=114,2,1,1002,994,200,1000,0,1,0,0,0,0,0,0,0
event=trace_row ordinal=738 kind=3 ns=273744538823846 fields=114,115,0,2,273744538800221,0,0,0,0,0,0,0,0,6,0,2
event=trace_row ordinal=739 kind=4 ns=273744545682589 fields=385,8,96,20,96,20,0,0,0,0,16,0,0,0,0,0
event=trace_row ordinal=740 kind=4 ns=273744545875378 fields=641,5,3,0,0,0,0,0,0,0,16,0,0,0,0,0
event=trace_row ordinal=741 kind=5 ns=273744548818548 fields=513,6,2,0,0,0,0,0,0,0,16,0,0,0,0,0
event=trace_row ordinal=742 kind=0 ns=273744548800173 fields=115,2,0,25,1,0,0,0,0,0,0,0,0,0,0,0
event=trace_row ordinal=743 kind=1 ns=273744548800173 fields=115,2,0,1002,994,200,1000,0,1,0,0,0,0,0,0,0
event=trace_row ordinal=744 kind=3 ns=273744548822340 fields=115,116,0,2,273744548800173,0,0,0,0,0,0,0,0,6,0,2
event=trace_row ordinal=745 kind=5 ns=273744558819959 fields=513,6,2,0,0,0,0,0,0,0,16,0,0,0,0,0
event=trace_row ordinal=746 kind=0 ns=273744558800125 fields=116,2,0,50,2,0,0,0,0,0,0,0,0,0,0,0
event=trace_row ordinal=747 kind=1 ns=273744558800125 fields=116,2,0,1002,994,200,1000,0,1,0,0,0,0,0,0,0
event=trace_row ordinal=748 kind=1 ns=273744558800125 fields=116,2,1,1002,994,200,1000,0,1,0,0,0,0,0,0,0
event=trace_row ordinal=749 kind=3 ns=273744558824042 fields=116,117,0,2,273744558800125,0,0,0,0,0,0,0,0,6,0,2
event=trace_row ordinal=750 kind=5 ns=273744568818452 fields=513,6,2,0,0,0,0,0,0,0,16,0,0,0,0,0
event=trace_row ordinal=751 kind=0 ns=273744568800078 fields=117,2,0,25,1,0,0,0,0,0,0,0,0,0,0,0
event=trace_row ordinal=752 kind=1 ns=273744568800078 fields=117,2,0,1002,994,200,1000,0,1,0,0,0,0,0,0,0
event=trace_row ordinal=753 kind=3 ns=273744568821661 fields=117,118,0,2,273744568800078,0,0,0,0,0,0,0,0,6,0,2
event=trace_row ordinal=754 kind=5 ns=273744578820446 fields=513,6,2,0,0,0,0,0,0,0,16,0,0,0,0,0
event=trace_row ordinal=755 kind=0 ns=273744578800905 fields=118,2,0,25,1,0,0,0,0,0,0,0,0,0,0,0
event=trace_row ordinal=756 kind=1 ns=273744578800905 fields=118,2,0,1002,994,200,1000,0,1,0,0,0,0,0,0,0
event=trace_row ordinal=757 kind=3 ns=273744578823946 fields=118,119,0,2,273744578800905,0,0,0,0,0,0,0,0,6,0,2
event=trace_row ordinal=758 kind=5 ns=273744588820107 fields=513,6,2,0,0,0,0,0,0,0,16,0,0,0,0,0
event=trace_row ordinal=759 kind=0 ns=273744588799982 fields=119,2,0,50,2,0,0,0,0,0,0,0,0,0,0,0
event=trace_row ordinal=760 kind=1 ns=273744588799982 fields=119,2,0,1002,994,200,1000,0,1,0,0,0,0,0,0,0
event=trace_row ordinal=761 kind=1 ns=273744588799982 fields=119,2,1,1002,994,200,1000,0,1,0,0,0,0,0,0,0
event=trace_row ordinal=762 kind=3 ns=273744588823898 fields=119,120,0,2,273744588799982,0,0,0,0,0,0,0,0,6,0,2
event=trace_row ordinal=763 kind=4 ns=273744595698100 fields=385,8,96,20,96,20,0,0,0,0,16,0,0,0,0,0
event=trace_row ordinal=764 kind=4 ns=273744595884472 fields=641,5,3,0,0,0,0,0,0,0,16,0,0,0,0,0
event=trace_row ordinal=765 kind=5 ns=273744598819767 fields=513,6,2,0,0,0,0,0,0,0,16,0,0,0,0,0
event=trace_row ordinal=766 kind=0 ns=273744598800517 fields=120,2,0,25,1,0,0,0,0,0,0,0,0,0,0,0
event=trace_row ordinal=767 kind=1 ns=273744598800517 fields=120,2,0,1002,994,200,1000,0,1,0,0,0,0,0,0,0
event=trace_row ordinal=768 kind=3 ns=273744598823559 fields=120,121,0,2,273744598800517,0,0,0,0,0,0,0,0,6,0,2
event=trace_row ordinal=769 kind=5 ns=273744608837510 fields=513,6,2,0,0,0,0,0,0,0,16,0,0,0,0,0
event=trace_row ordinal=770 kind=0 ns=273744608809219 fields=121,2,0,50,2,0,0,0,0,0,0,0,0,0,0,0
event=trace_row ordinal=771 kind=1 ns=273744608809219 fields=121,2,0,1002,994,200,1000,0,1,0,0,0,0,0,0,0
event=trace_row ordinal=772 kind=1 ns=273744608809219 fields=121,2,1,1002,994,200,1000,0,1,0,0,0,0,0,0,0
event=trace_row ordinal=773 kind=3 ns=273744608842760 fields=121,122,0,2,273744608809219,0,0,0,0,0,0,0,0,6,0,2
event=trace_row ordinal=774 kind=5 ns=273744618827838 fields=513,6,2,0,0,0,0,0,0,0,16,0,0,0,0,0
event=trace_row ordinal=775 kind=0 ns=273744618804796 fields=122,2,0,25,1,0,0,0,0,0,0,0,0,0,0,0
event=trace_row ordinal=776 kind=1 ns=273744618804796 fields=122,2,0,1002,994,200,1000,0,1,0,0,0,0,0,0,0
event=trace_row ordinal=777 kind=3 ns=273744618831338 fields=122,123,0,2,273744618804796,0,0,0,0,0,0,0,0,6,0,2
event=trace_row ordinal=778 kind=5 ns=273744628827790 fields=513,6,2,0,0,0,0,0,0,0,16,0,0,0,0,0
event=trace_row ordinal=779 kind=0 ns=273744628805040 fields=123,2,0,50,2,0,0,0,0,0,0,0,0,0,0,0
event=trace_row ordinal=780 kind=1 ns=273744628805040 fields=123,2,0,1002,994,200,1000,0,1,0,0,0,0,0,0,0
event=trace_row ordinal=781 kind=1 ns=273744628805040 fields=123,2,1,1002,994,200,1000,0,1,0,0,0,0,0,0,0
event=trace_row ordinal=782 kind=3 ns=273744628831873 fields=123,124,0,2,273744628805040,0,0,0,0,0,0,0,0,6,0,2
event=trace_row ordinal=783 kind=5 ns=273744638825117 fields=513,6,2,0,0,0,0,0,0,0,16,0,0,0,0,0
event=trace_row ordinal=784 kind=0 ns=273744638805576 fields=124,2,0,25,1,0,0,0,0,0,0,0,0,0,0,0
event=trace_row ordinal=785 kind=1 ns=273744638805576 fields=124,2,0,1002,994,200,1000,0,1,0,0,0,0,0,0,0
event=trace_row ordinal=786 kind=3 ns=273744638829200 fields=124,125,0,2,273744638805576,0,0,0,0,0,0,0,0,6,0,2
event=trace_row ordinal=787 kind=4 ns=273744645712152 fields=385,8,96,20,96,20,0,0,0,0,16,0,0,0,0,0
event=trace_row ordinal=788 kind=4 ns=273744645890649 fields=641,5,3,0,0,0,0,0,0,0,16,0,0,0,0,0
event=trace_row ordinal=789 kind=5 ns=273744648828569 fields=513,6,2,0,0,0,0,0,0,0,16,0,0,0,0,0
event=trace_row ordinal=790 kind=0 ns=273744648807278 fields=125,2,0,25,1,0,0,0,0,0,0,0,0,0,0,0
event=trace_row ordinal=791 kind=1 ns=273744648807278 fields=125,2,0,1002,994,200,1000,0,1,0,0,0,0,0,0,0
event=trace_row ordinal=792 kind=3 ns=273744648832652 fields=125,126,0,2,273744648807278,0,0,0,0,0,0,0,0,6,0,2
event=trace_row ordinal=793 kind=5 ns=273744658827646 fields=513,6,2,0,0,0,0,0,0,0,16,0,0,0,0,0
event=trace_row ordinal=794 kind=0 ns=273744658804896 fields=126,2,0,50,2,0,0,0,0,0,0,0,0,0,0,0
event=trace_row ordinal=795 kind=1 ns=273744658804896 fields=126,2,0,1002,994,200,1000,0,1,0,0,0,0,0,0,0
event=trace_row ordinal=796 kind=1 ns=273744658804896 fields=126,2,1,1002,994,200,1000,0,1,0,0,0,0,0,0,0
event=trace_row ordinal=797 kind=3 ns=273744658831729 fields=126,127,0,2,273744658804896,0,0,0,0,0,0,0,0,6,0,2
event=trace_row ordinal=798 kind=5 ns=273744668821182 fields=513,6,2,0,0,0,0,0,0,0,16,0,0,0,0,0
event=trace_row ordinal=799 kind=0 ns=273744668801932 fields=127,2,0,25,1,0,0,0,0,0,0,0,0,0,0,0
event=trace_row ordinal=800 kind=1 ns=273744668801932 fields=127,2,0,1002,994,200,1000,0,1,0,0,0,0,0,0,0
event=trace_row ordinal=801 kind=3 ns=273744668825265 fields=127,128,0,2,273744668801932,0,0,0,0,0,0,0,0,6,0,2
event=trace_row ordinal=802 kind=5 ns=273744678826967 fields=513,6,2,0,0,0,0,0,0,0,16,0,0,0,0,0
event=trace_row ordinal=803 kind=0 ns=273744678804509 fields=128,2,0,50,2,0,0,0,0,0,0,0,0,0,0,0
event=trace_row ordinal=804 kind=1 ns=273744678804509 fields=128,2,0,1002,994,200,1000,0,1,0,0,0,0,0,0,0
event=trace_row ordinal=805 kind=1 ns=273744678804509 fields=128,2,1,1002,994,200,1000,0,1,0,0,0,0,0,0,0
event=trace_row ordinal=806 kind=3 ns=273744678830759 fields=128,129,0,2,273744678804509,0,0,0,0,0,0,0,0,6,0,2
event=trace_row ordinal=807 kind=5 ns=273744688818753 fields=513,6,2,0,0,0,0,0,0,0,16,0,0,0,0,0
event=trace_row ordinal=808 kind=0 ns=273744688800378 fields=129,2,0,25,1,0,0,0,0,0,0,0,0,0,0,0
event=trace_row ordinal=809 kind=1 ns=273744688800378 fields=129,2,0,1002,994,200,1000,0,1,0,0,0,0,0,0,0
event=trace_row ordinal=810 kind=3 ns=273744688821961 fields=129,130,0,2,273744688800378,0,0,0,0,0,0,0,0,6,0,2
event=trace_row ordinal=811 kind=4 ns=273744695715704 fields=385,8,96,20,96,20,0,0,0,0,16,0,0,0,0,0
event=trace_row ordinal=812 kind=4 ns=273744695840827 fields=641,5,3,0,0,0,0,0,0,0,16,0,0,0,0,0
event=trace_row ordinal=813 kind=5 ns=273744698821330 fields=513,6,2,0,0,0,0,0,0,0,16,0,0,0,0,0
event=trace_row ordinal=814 kind=0 ns=273744698801497 fields=130,2,0,50,2,0,0,0,0,0,0,0,0,0,0,0
event=trace_row ordinal=815 kind=1 ns=273744698801497 fields=130,2,0,1002,994,200,1000,0,1,0,0,0,0,0,0,0
event=trace_row ordinal=816 kind=1 ns=273744698801497 fields=130,2,1,1002,994,200,1000,0,1,0,0,0,0,0,0,0
event=trace_row ordinal=817 kind=3 ns=273744698824830 fields=130,131,0,2,273744698801497,0,0,0,0,0,0,0,0,6,0,2
event=trace_row ordinal=818 kind=5 ns=273744708818657 fields=513,6,2,0,0,0,0,0,0,0,16,0,0,0,0,0
event=trace_row ordinal=819 kind=0 ns=273744708800574 fields=131,2,0,25,1,0,0,0,0,0,0,0,0,0,0,0
event=trace_row ordinal=820 kind=1 ns=273744708800574 fields=131,2,0,1002,994,200,1000,0,1,0,0,0,0,0,0,0
event=trace_row ordinal=821 kind=3 ns=273744708821573 fields=131,132,0,2,273744708800574,0,0,0,0,0,0,0,0,6,0,2
event=trace_row ordinal=822 kind=5 ns=273744718818026 fields=513,6,2,0,0,0,0,0,0,0,16,0,0,0,0,0
event=trace_row ordinal=823 kind=0 ns=273744718799943 fields=132,2,0,25,1,0,0,0,0,0,0,0,0,0,0,0
event=trace_row ordinal=824 kind=1 ns=273744718799943 fields=132,2,0,1002,994,200,1000,0,1,0,0,0,0,0,0,0
event=trace_row ordinal=825 kind=3 ns=273744718821234 fields=132,133,0,2,273744718799943,0,0,0,0,0,0,0,0,6,0,2
event=trace_row ordinal=826 kind=5 ns=273744728819436 fields=513,6,2,0,0,0,0,0,0,0,16,0,0,0,0,0
event=trace_row ordinal=827 kind=0 ns=273744728799603 fields=133,2,0,50,2,0,0,0,0,0,0,0,0,0,0,0
event=trace_row ordinal=828 kind=1 ns=273744728799603 fields=133,2,0,1002,994,200,1000,0,1,0,0,0,0,0,0,0
event=trace_row ordinal=829 kind=1 ns=273744728799603 fields=133,2,1,1002,994,200,1000,0,1,0,0,0,0,0,0,0
event=trace_row ordinal=830 kind=3 ns=273744728822644 fields=133,134,0,2,273744728799603,0,0,0,0,0,0,0,0,6,0,2
event=trace_row ordinal=831 kind=5 ns=273744738817930 fields=513,6,2,0,0,0,0,0,0,0,16,0,0,0,0,0
event=trace_row ordinal=832 kind=0 ns=273744738799847 fields=134,2,0,25,1,0,0,0,0,0,0,0,0,0,0,0
event=trace_row ordinal=833 kind=1 ns=273744738799847 fields=134,2,0,1002,994,200,1000,0,1,0,0,0,0,0,0,0
event=trace_row ordinal=834 kind=3 ns=273744738820846 fields=134,135,0,2,273744738799847,0,0,0,0,0,0,0,0,6,0,2
event=trace_row ordinal=835 kind=4 ns=273744745722756 fields=385,8,96,20,96,20,0,0,0,0,16,0,0,0,0,0
event=trace_row ordinal=836 kind=4 ns=273744745910003 fields=641,5,3,0,0,0,0,0,0,0,16,0,0,0,0,0
event=trace_row ordinal=837 kind=5 ns=273744748820799 fields=513,6,2,0,0,0,0,0,0,0,16,0,0,0,0,0
event=trace_row ordinal=838 kind=0 ns=273744748800674 fields=135,2,0,50,2,0,0,0,0,0,0,0,0,0,0,0
event=trace_row ordinal=839 kind=1 ns=273744748800674 fields=135,2,0,1002,994,200,1000,0,1,0,0,0,0,0,0,0
event=trace_row ordinal=840 kind=1 ns=273744748800674 fields=135,2,1,1002,994,200,1000,0,1,0,0,0,0,0,0,0
event=trace_row ordinal=841 kind=3 ns=273744748824007 fields=135,136,0,2,273744748800674,0,0,0,0,0,0,0,0,6,0,2
event=trace_row ordinal=842 kind=5 ns=273744758819292 fields=513,6,2,0,0,0,0,0,0,0,16,0,0,0,0,0
event=trace_row ordinal=843 kind=0 ns=273744758801209 fields=136,2,0,25,1,0,0,0,0,0,0,0,0,0,0,0
event=trace_row ordinal=844 kind=1 ns=273744758801209 fields=136,2,0,1002,994,200,1000,0,1,0,0,0,0,0,0,0
event=trace_row ordinal=845 kind=3 ns=273744758822501 fields=136,137,0,2,273744758801209,0,0,0,0,0,0,0,0,6,0,2
event=trace_row ordinal=846 kind=5 ns=273744768819244 fields=513,6,2,0,0,0,0,0,0,0,16,0,0,0,0,0
event=trace_row ordinal=847 kind=0 ns=273744768799703 fields=137,2,0,50,2,0,0,0,0,0,0,0,0,0,0,0
event=trace_row ordinal=848 kind=1 ns=273744768799703 fields=137,2,0,1002,994,200,1000,0,1,0,0,0,0,0,0,0
event=trace_row ordinal=849 kind=1 ns=273744768799703 fields=137,2,1,1002,994,200,1000,0,1,0,0,0,0,0,0,0
event=trace_row ordinal=850 kind=3 ns=273744768822453 fields=137,138,0,2,273744768799703,0,0,0,0,0,0,0,0,6,0,2
event=trace_row ordinal=851 kind=5 ns=273744778816863 fields=513,6,2,0,0,0,0,0,0,0,16,0,0,0,0,0
event=trace_row ordinal=852 kind=0 ns=273744778799364 fields=138,2,0,25,1,0,0,0,0,0,0,0,0,0,0,0
event=trace_row ordinal=853 kind=1 ns=273744778799364 fields=138,2,0,1002,994,200,1000,0,1,0,0,0,0,0,0,0
event=trace_row ordinal=854 kind=3 ns=273744778820072 fields=138,139,0,2,273744778799364,0,0,0,0,0,0,0,0,6,0,2
event=trace_row ordinal=855 kind=4 ns=273744784074669 fields=1793,1,5,0,0,0,0,0,0,0,16,0,0,0,0,0
event=trace_row ordinal=856 kind=5 ns=273744788822649 fields=513,6,2,0,0,0,0,0,0,0,16,0,0,0,0,0
event=trace_row ordinal=857 kind=0 ns=273744788802816 fields=139,2,0,25,1,0,0,0,0,0,0,0,0,0,0,0
event=trace_row ordinal=858 kind=1 ns=273744788802816 fields=139,2,0,1002,994,200,1000,0,1,0,0,0,0,0,0,0
event=trace_row ordinal=859 kind=3 ns=273744788827024 fields=139,140,0,2,273744788802816,0,0,0,0,0,0,0,0,6,0,2
event=trace_row ordinal=860 kind=4 ns=273744795727766 fields=385,8,96,20,96,20,0,0,0,0,16,0,0,0,0,0
event=trace_row ordinal=861 kind=4 ns=273744795919097 fields=641,5,3,0,0,0,0,0,0,0,16,0,0,0,0,0
event=trace_row ordinal=862 kind=5 ns=273744798821726 fields=513,6,2,0,0,0,0,0,0,0,16,0,0,0,0,0
event=trace_row ordinal=863 kind=0 ns=273744798801018 fields=140,2,0,50,2,0,0,0,0,0,0,0,0,0,0,0
event=trace_row ordinal=864 kind=1 ns=273744798801018 fields=140,2,0,1002,994,200,1000,0,1,0,0,0,0,0,0,0
event=trace_row ordinal=865 kind=1 ns=273744798801018 fields=140,2,1,1001,994,200,1000,0,1,0,0,0,0,0,0,0
event=trace_row ordinal=866 kind=3 ns=273744798825226 fields=140,141,0,2,273744798801018,0,0,0,0,0,0,0,0,6,0,2
event=trace_row ordinal=867 kind=5 ns=273744808841511 fields=513,6,2,0,0,0,0,0,0,0,16,0,0,0,0,0
event=trace_row ordinal=868 kind=0 ns=273744808811178 fields=141,2,0,25,1,0,0,0,0,0,0,0,0,0,0,0
event=trace_row ordinal=869 kind=1 ns=273744808811178 fields=141,2,0,1001,994,200,1000,0,1,0,0,0,0,0,0,0
event=trace_row ordinal=870 kind=3 ns=273744808847053 fields=141,142,0,2,273744808811178,0,0,0,0,0,0,0,0,6,0,2
event=trace_row ordinal=871 kind=5 ns=273744818824547 fields=513,6,2,0,0,0,0,0,0,0,16,0,0,0,0,0
event=trace_row ordinal=872 kind=0 ns=273744818803547 fields=142,2,0,50,2,0,0,0,0,0,0,0,0,0,0,0
event=trace_row ordinal=873 kind=1 ns=273744818803547 fields=142,2,0,1001,994,200,1000,0,1,0,0,0,0,0,0,0
event=trace_row ordinal=874 kind=1 ns=273744818803547 fields=142,2,1,1002,994,200,1000,0,1,0,0,0,0,0,0,0
event=trace_row ordinal=875 kind=3 ns=273744818828047 fields=142,143,0,2,273744818803547,0,0,0,0,0,0,0,0,6,0,2
event=trace_row ordinal=876 kind=5 ns=273744828821582 fields=513,6,2,0,0,0,0,0,0,0,16,0,0,0,0,0
event=trace_row ordinal=877 kind=0 ns=273744828802916 fields=143,2,0,25,1,0,0,0,0,0,0,0,0,0,0,0
event=trace_row ordinal=878 kind=1 ns=273744828802916 fields=143,2,0,1002,994,200,1000,0,1,0,0,0,0,0,0,0
event=trace_row ordinal=879 kind=3 ns=273744828824790 fields=143,144,0,2,273744828802916,0,0,0,0,0,0,0,0,6,0,2
event=trace_row ordinal=880 kind=5 ns=273744838820659 fields=513,6,2,0,0,0,0,0,0,0,16,0,0,0,0,0
event=trace_row ordinal=881 kind=0 ns=273744838800534 fields=144,2,0,50,2,0,0,0,0,0,0,0,0,0,0,0
event=trace_row ordinal=882 kind=1 ns=273744838800534 fields=144,2,0,1002,994,200,1000,0,1,0,0,0,0,0,0,0
event=trace_row ordinal=883 kind=1 ns=273744838800534 fields=144,2,1,1002,994,200,1000,0,1,0,0,0,0,0,0,0
event=trace_row ordinal=884 kind=3 ns=273744838825617 fields=144,145,0,2,273744838800534,0,0,0,0,0,0,0,0,6,0,2
event=trace_row ordinal=885 kind=4 ns=273744845743860 fields=385,8,96,20,96,20,0,0,0,0,16,0,0,0,0,0
event=trace_row ordinal=886 kind=4 ns=273744845928191 fields=641,5,3,0,0,0,0,0,0,0,16,0,0,0,0,0
event=trace_row ordinal=887 kind=5 ns=273744848820903 fields=513,6,2,0,0,0,0,0,0,0,16,0,0,0,0,0
event=trace_row ordinal=888 kind=0 ns=273744848801945 fields=145,2,0,25,1,0,0,0,0,0,0,0,0,0,0,0
event=trace_row ordinal=889 kind=1 ns=273744848801945 fields=145,2,0,1002,994,200,1000,0,1,0,0,0,0,0,0,0
event=trace_row ordinal=890 kind=3 ns=273744848823820 fields=145,146,0,2,273744848801945,0,0,0,0,0,0,0,0,6,0,2
event=trace_row ordinal=891 kind=5 ns=273744858819980 fields=513,6,2,0,0,0,0,0,0,0,16,0,0,0,0,0
event=trace_row ordinal=892 kind=0 ns=273744858800730 fields=146,2,0,25,1,0,0,0,0,0,0,0,0,0,0,0
event=trace_row ordinal=893 kind=1 ns=273744858800730 fields=146,2,0,1002,994,200,1000,0,1,0,0,0,0,0,0,0
event=trace_row ordinal=894 kind=3 ns=273744858822897 fields=146,147,0,2,273744858800730,0,0,0,0,0,0,0,0,6,0,2
event=trace_row ordinal=895 kind=5 ns=273744868820516 fields=513,6,2,0,0,0,0,0,0,0,16,0,0,0,0,0
event=trace_row ordinal=896 kind=0 ns=273744868800682 fields=147,2,0,50,2,0,0,0,0,0,0,0,0,0,0,0
event=trace_row ordinal=897 kind=1 ns=273744868800682 fields=147,2,0,1002,994,200,1000,0,1,0,0,0,0,0,0,0
event=trace_row ordinal=898 kind=1 ns=273744868800682 fields=147,2,1,1002,994,200,1000,0,1,0,0,0,0,0,0,0
event=trace_row ordinal=899 kind=3 ns=273744868824015 fields=147,148,0,2,273744868800682,0,0,0,0,0,0,0,0,6,0,2
event=trace_row ordinal=900 kind=5 ns=273744878817843 fields=513,6,2,0,0,0,0,0,0,0,16,0,0,0,0,0
event=trace_row ordinal=901 kind=0 ns=273744878800051 fields=148,2,0,25,1,0,0,0,0,0,0,0,0,0,0,0
event=trace_row ordinal=902 kind=1 ns=273744878800051 fields=148,2,0,1002,994,200,1000,0,1,0,0,0,0,0,0,0
event=trace_row ordinal=903 kind=3 ns=273744878820759 fields=148,149,0,2,273744878800051,0,0,0,0,0,0,0,0,6,0,2
event=trace_row ordinal=904 kind=5 ns=273744888824503 fields=513,6,2,0,0,0,0,0,0,0,16,0,0,0,0,0
event=trace_row ordinal=905 kind=0 ns=273744888802337 fields=149,2,0,50,2,0,0,0,0,0,0,0,0,0,0,0
event=trace_row ordinal=906 kind=1 ns=273744888802337 fields=149,2,0,1002,994,200,1000,0,1,0,0,0,0,0,0,0
event=trace_row ordinal=907 kind=1 ns=273744888802337 fields=149,2,1,1002,994,200,1000,0,1,0,0,0,0,0,0,0
event=trace_row ordinal=908 kind=3 ns=273744888828295 fields=149,150,0,2,273744888802337,0,0,0,0,0,0,0,0,6,0,2
event=trace_row ordinal=909 kind=4 ns=273744895747704 fields=385,8,96,20,96,20,0,0,0,0,16,0,0,0,0,0
event=trace_row ordinal=910 kind=4 ns=273744895874869 fields=641,5,3,0,0,0,0,0,0,0,16,0,0,0,0,0
event=trace_row ordinal=911 kind=5 ns=273744898819205 fields=513,6,2,0,0,0,0,0,0,0,16,0,0,0,0,0
event=trace_row ordinal=912 kind=0 ns=273744898800539 fields=150,2,0,25,1,0,0,0,0,0,0,0,0,0,0,0
event=trace_row ordinal=913 kind=1 ns=273744898800539 fields=150,2,0,1002,994,200,1000,0,1,0,0,0,0,0,0,0
event=trace_row ordinal=914 kind=3 ns=273744898823288 fields=150,151,0,2,273744898800539,0,0,0,0,0,0,0,0,6,0,2
event=trace_row ordinal=915 kind=5 ns=273744908819741 fields=513,6,2,0,0,0,0,0,0,0,16,0,0,0,0,0
event=trace_row ordinal=916 kind=0 ns=273744908799908 fields=151,2,0,50,2,0,0,0,0,0,0,0,0,0,0,0
event=trace_row ordinal=917 kind=1 ns=273744908799908 fields=151,2,0,1002,994,200,1000,0,1,0,0,0,0,0,0,0
event=trace_row ordinal=918 kind=1 ns=273744908799908 fields=151,2,1,1002,994,200,1000,0,1,0,0,0,0,0,0,0
event=trace_row ordinal=919 kind=3 ns=273744908822949 fields=151,152,0,2,273744908799908,0,0,0,0,0,0,0,0,6,0,2
event=trace_row ordinal=920 kind=5 ns=273744918817359 fields=513,6,2,0,0,0,0,0,0,0,16,0,0,0,0,0
event=trace_row ordinal=921 kind=0 ns=273744918799860 fields=152,2,0,25,1,0,0,0,0,0,0,0,0,0,0,0
event=trace_row ordinal=922 kind=1 ns=273744918799860 fields=152,2,0,1002,994,200,1000,0,1,0,0,0,0,0,0,0
event=trace_row ordinal=923 kind=3 ns=273744918820276 fields=152,153,0,2,273744918799860,0,0,0,0,0,0,0,0,6,0,2
event=trace_row ordinal=924 kind=5 ns=273744928817603 fields=513,6,2,0,0,0,0,0,0,0,16,0,0,0,0,0
event=trace_row ordinal=925 kind=0 ns=273744928799520 fields=153,2,0,25,1,0,0,0,0,0,0,0,0,0,0,0
event=trace_row ordinal=926 kind=1 ns=273744928799520 fields=153,2,0,1002,994,200,1000,0,1,0,0,0,0,0,0,0
event=trace_row ordinal=927 kind=3 ns=273744928820812 fields=153,154,0,2,273744928799520,0,0,0,0,0,0,0,0,6,0,2
event=trace_row ordinal=928 kind=5 ns=273744938819889 fields=513,6,2,0,0,0,0,0,0,0,16,0,0,0,0,0
event=trace_row ordinal=929 kind=0 ns=273744938800056 fields=154,2,0,50,2,0,0,0,0,0,0,0,0,0,0,0
event=trace_row ordinal=930 kind=1 ns=273744938800056 fields=154,2,0,1002,994,200,1000,0,1,0,0,0,0,0,0,0
event=trace_row ordinal=931 kind=1 ns=273744938800056 fields=154,2,1,1002,994,200,1000,0,1,0,0,0,0,0,0,0
event=trace_row ordinal=932 kind=3 ns=273744938823097 fields=154,155,0,2,273744938800056,0,0,0,0,0,0,0,0,6,0,2
event=trace_row ordinal=933 kind=4 ns=273744945756798 fields=385,8,96,20,96,20,0,0,0,0,16,0,0,0,0,0
event=trace_row ordinal=934 kind=4 ns=273744945945503 fields=641,5,3,0,0,0,0,0,0,0,16,0,0,0,0,0
event=trace_row ordinal=935 kind=5 ns=273744948819257 fields=513,6,2,0,0,0,0,0,0,0,16,0,0,0,0,0
event=trace_row ordinal=936 kind=0 ns=273744948801174 fields=155,2,0,25,1,0,0,0,0,0,0,0,0,0,0,0
event=trace_row ordinal=937 kind=1 ns=273744948801174 fields=155,2,0,1002,994,200,1000,0,1,0,0,0,0,0,0,0
event=trace_row ordinal=938 kind=3 ns=273744948822757 fields=155,156,0,2,273744948801174,0,0,0,0,0,0,0,0,6,0,2
event=trace_row ordinal=939 kind=5 ns=273744958820376 fields=513,6,2,0,0,0,0,0,0,0,16,0,0,0,0,0
event=trace_row ordinal=940 kind=0 ns=273744958800543 fields=156,2,0,50,2,0,0,0,0,0,0,0,0,0,0,0
event=trace_row ordinal=941 kind=1 ns=273744958800543 fields=156,2,0,1002,994,200,1000,0,1,0,0,0,0,0,0,0
event=trace_row ordinal=942 kind=1 ns=273744958800543 fields=156,2,1,1002,994,200,1000,0,1,0,0,0,0,0,0,0
event=trace_row ordinal=943 kind=3 ns=273744958823876 fields=156,157,0,2,273744958800543,0,0,0,0,0,0,0,0,6,0,2
event=trace_row ordinal=944 kind=5 ns=273744968818287 fields=513,6,2,0,0,0,0,0,0,0,16,0,0,0,0,0
event=trace_row ordinal=945 kind=0 ns=273744968800204 fields=157,2,0,25,1,0,0,0,0,0,0,0,0,0,0,0
event=trace_row ordinal=946 kind=1 ns=273744968800204 fields=157,2,0,1002,994,200,1000,0,1,0,0,0,0,0,0,0
event=trace_row ordinal=947 kind=3 ns=273744968821495 fields=157,158,0,2,273744968800204,0,0,0,0,0,0,0,0,6,0,2
event=trace_row ordinal=948 kind=5 ns=273744978836614 fields=513,6,2,0,0,0,0,0,0,0,16,0,0,0,0,0
event=trace_row ordinal=949 kind=0 ns=273744978808906 fields=158,2,0,50,2,0,0,0,0,0,0,0,0,0,0,0
event=trace_row ordinal=950 kind=1 ns=273744978808906 fields=158,2,0,1002,994,200,1000,0,1,0,0,0,0,0,0,0
event=trace_row ordinal=951 kind=1 ns=273744978808906 fields=158,2,1,1002,994,200,1000,0,1,0,0,0,0,0,0,0
event=trace_row ordinal=952 kind=3 ns=273744978841572 fields=158,159,0,2,273744978808906,0,0,0,0,0,0,0,0,6,0,2
event=trace_row ordinal=953 kind=5 ns=273744988842983 fields=513,6,2,0,0,0,0,0,0,0,16,0,0,0,0,0
event=trace_row ordinal=954 kind=0 ns=273744988812941 fields=159,2,0,25,1,0,0,0,0,0,0,0,0,0,0,0
event=trace_row ordinal=955 kind=1 ns=273744988812941 fields=159,2,0,1002,994,200,1000,0,1,0,0,0,0,0,0,0
event=trace_row ordinal=956 kind=3 ns=273744988848816 fields=159,160,0,2,273744988812941,0,0,0,0,0,0,0,0,6,0,2
event=trace_row ordinal=957 kind=4 ns=273744995788642 fields=385,8,96,20,96,20,0,0,0,0,16,0,0,0,0,0
event=trace_row ordinal=958 kind=4 ns=273744995955181 fields=641,5,3,0,0,0,0,0,0,0,16,0,0,0,0,0
event=trace_row ordinal=959 kind=5 ns=273744998834477 fields=513,6,2,0,0,0,0,0,0,0,16,0,0,0,0,0
event=trace_row ordinal=960 kind=0 ns=273744998810560 fields=160,2,0,25,1,0,0,0,0,0,0,0,0,0,0,0
event=trace_row ordinal=961 kind=1 ns=273744998810560 fields=160,2,0,1002,994,200,1000,0,1,0,0,0,0,0,0,0
event=trace_row ordinal=962 kind=3 ns=273744998838560 fields=160,161,0,2,273744998810560,0,0,0,0,0,0,0,0,6,0,2
event=trace_row ordinal=963 kind=5 ns=273745008829762 fields=513,6,2,0,0,0,0,0,0,0,16,0,0,0,0,0
event=trace_row ordinal=964 kind=0 ns=273745008806721 fields=161,2,0,50,2,0,0,0,0,0,0,0,0,0,0,0
event=trace_row ordinal=965 kind=1 ns=273745008806721 fields=161,2,0,1002,994,200,1000,0,1,0,0,0,0,0,0,0
event=trace_row ordinal=966 kind=1 ns=273745008806721 fields=161,2,1,1002,994,200,1000,0,1,0,0,0,0,0,0,0
event=trace_row ordinal=967 kind=3 ns=273745008834137 fields=161,162,0,2,273745008806721,0,0,0,0,0,0,0,0,6,0,2
event=trace_row ordinal=968 kind=5 ns=273745018827673 fields=513,6,2,0,0,0,0,0,0,0,16,0,0,0,0,0
event=trace_row ordinal=969 kind=0 ns=273745018806965 fields=162,2,0,25,1,0,0,0,0,0,0,0,0,0,0,0
event=trace_row ordinal=970 kind=1 ns=273745018806965 fields=162,2,0,1002,994,200,1000,0,1,0,0,0,0,0,0,0
event=trace_row ordinal=971 kind=3 ns=273745018832048 fields=162,163,0,2,273745018806965,0,0,0,0,0,0,0,0,6,0,2
event=trace_row ordinal=972 kind=5 ns=273745028825000 fields=513,6,2,0,0,0,0,0,0,0,16,0,0,0,0,0
event=trace_row ordinal=973 kind=0 ns=273745028803709 fields=163,2,0,50,2,0,0,0,0,0,0,0,0,0,0,0
event=trace_row ordinal=974 kind=1 ns=273745028803709 fields=163,2,0,1002,994,200,1000,0,1,0,0,0,0,0,0,0
event=trace_row ordinal=975 kind=1 ns=273745028803709 fields=163,2,1,1002,994,200,1000,0,1,0,0,0,0,0,0,0
event=trace_row ordinal=976 kind=3 ns=273745028828500 fields=163,164,0,2,273745028803709,0,0,0,0,0,0,0,0,6,0,2
event=trace_row ordinal=977 kind=4 ns=273745033621687 fields=1793,1,5,0,0,0,0,0,0,0,16,0,0,0,0,0
event=trace_row ordinal=978 kind=5 ns=273745038823494 fields=513,6,2,0,0,0,0,0,0,0,16,0,0,0,0,0
event=trace_row ordinal=979 kind=0 ns=273745038804536 fields=164,2,0,25,1,0,0,0,0,0,0,0,0,0,0,0
event=trace_row ordinal=980 kind=1 ns=273745038804536 fields=164,2,0,1002,994,200,1000,0,1,0,0,0,0,0,0,0
event=trace_row ordinal=981 kind=3 ns=273745038827578 fields=164,165,0,2,273745038804536,0,0,0,0,0,0,0,0,6,0,2
event=trace_row ordinal=982 kind=4 ns=273745045774403 fields=385,8,96,20,96,20,0,0,0,0,16,0,0,0,0,0
event=trace_row ordinal=983 kind=4 ns=273745045969234 fields=641,5,3,0,0,0,0,0,0,0,16,0,0,0,0,0
event=trace_row ordinal=984 kind=5 ns=273745048822572 fields=513,6,2,0,0,0,0,0,0,0,16,0,0,0,0,0
event=trace_row ordinal=985 kind=0 ns=273745048801572 fields=165,2,0,50,2,0,0,0,0,0,0,0,0,0,0,0
event=trace_row ordinal=986 kind=1 ns=273745048801572 fields=165,2,0,1002,994,200,1000,0,1,0,0,0,0,0,0,0
event=trace_row ordinal=987 kind=1 ns=273745048801572 fields=165,2,1,1002,994,200,1000,0,1,0,0,0,0,0,0,0
event=trace_row ordinal=988 kind=3 ns=273745048826071 fields=165,166,0,2,273745048801572,0,0,0,0,0,0,0,0,6,0,2
event=trace_row ordinal=989 kind=5 ns=273745058819899 fields=513,6,2,0,0,0,0,0,0,0,16,0,0,0,0,0
event=trace_row ordinal=990 kind=0 ns=273745058801232 fields=166,2,0,25,1,0,0,0,0,0,0,0,0,0,0,0
event=trace_row ordinal=991 kind=1 ns=273745058801232 fields=166,2,0,1002,994,200,1000,0,1,0,0,0,0,0,0,0
event=trace_row ordinal=992 kind=3 ns=273745058823107 fields=166,167,0,2,273745058801232,0,0,0,0,0,0,0,0,6,0,2
event=trace_row ordinal=993 kind=5 ns=273745068817226 fields=513,6,2,0,0,0,0,0,0,0,16,0,0,0,0,0
event=trace_row ordinal=994 kind=0 ns=273745068799726 fields=167,2,0,25,1,0,0,0,0,0,0,0,0,0,0,0
event=trace_row ordinal=995 kind=1 ns=273745068799726 fields=167,2,0,1002,994,200,1000,0,1,0,0,0,0,0,0,0
event=trace_row ordinal=996 kind=3 ns=273745068820434 fields=167,168,0,2,273745068799726,0,0,0,0,0,0,0,0,6,0,2
event=trace_row ordinal=997 kind=5 ns=273745078818928 fields=513,6,2,0,0,0,0,0,0,0,16,0,0,0,0,0
event=trace_row ordinal=998 kind=0 ns=273745078799387 fields=168,2,0,50,2,0,0,0,0,0,0,0,0,0,0,0
event=trace_row ordinal=999 kind=1 ns=273745078799387 fields=168,2,0,1002,994,200,1000,0,1,0,0,0,0,0,0,0
event=trace_row ordinal=1000 kind=1 ns=273745078799387 fields=168,2,1,1002,994,200,1000,0,1,0,0,0,0,0,0,0
event=trace_row ordinal=1001 kind=3 ns=273745078822720 fields=168,169,0,2,273745078799387,0,0,0,0,0,0,0,0,6,0,2
event=trace_row ordinal=1002 kind=5 ns=273745088816256 fields=513,6,2,0,0,0,0,0,0,0,16,0,0,0,0,0
event=trace_row ordinal=1003 kind=0 ns=273745088798756 fields=169,2,0,25,1,0,0,0,0,0,0,0,0,0,0,0
event=trace_row ordinal=1004 kind=1 ns=273745088798756 fields=169,2,0,1002,994,200,1000,0,1,0,0,0,0,0,0,0
event=trace_row ordinal=1005 kind=3 ns=273745088819464 fields=169,170,0,2,273745088798756,0,0,0,0,0,0,0,0,6,0,2
event=trace_row ordinal=1006 kind=4 ns=273745095780289 fields=385,8,96,20,96,20,0,0,0,0,16,0,0,0,0,0
event=trace_row ordinal=1007 kind=4 ns=273745095908621 fields=641,5,3,0,0,0,0,0,0,0,16,0,0,0,0,0
event=trace_row ordinal=1008 kind=5 ns=273745098824083 fields=513,6,2,0,0,0,0,0,0,0,16,0,0,0,0,0
event=trace_row ordinal=1009 kind=0 ns=273745098801916 fields=170,2,0,50,2,0,0,0,0,0,0,0,0,0,0,0
event=trace_row ordinal=1010 kind=1 ns=273745098801916 fields=170,2,0,1002,994,200,1000,0,1,0,0,0,0,0,0,0
event=trace_row ordinal=1011 kind=1 ns=273745098801916 fields=170,2,1,1002,994,200,1000,0,1,0,0,0,0,0,0,0
event=trace_row ordinal=1012 kind=3 ns=273745098827874 fields=170,171,0,2,273745098801916,0,0,0,0,0,0,0,0,6,0,2
event=trace_row ordinal=1013 kind=5 ns=273745108818202 fields=513,6,2,0,0,0,0,0,0,0,16,0,0,0,0,0
event=trace_row ordinal=1014 kind=0 ns=273745108800119 fields=171,2,0,25,1,0,0,0,0,0,0,0,0,0,0,0
event=trace_row ordinal=1015 kind=1 ns=273745108800119 fields=171,2,0,1002,994,200,1000,0,1,0,0,0,0,0,0,0
event=trace_row ordinal=1016 kind=3 ns=273745108821118 fields=171,172,0,2,273745108800119,0,0,0,0,0,0,0,0,6,0,2
event=trace_row ordinal=1017 kind=5 ns=273745118819321 fields=513,6,2,0,0,0,0,0,0,0,16,0,0,0,0,0
event=trace_row ordinal=1018 kind=0 ns=273745118799779 fields=172,2,0,50,2,0,0,0,0,0,0,0,0,0,0,0
event=trace_row ordinal=1019 kind=1 ns=273745118799779 fields=172,2,0,1002,994,200,1000,0,1,0,0,0,0,0,0,0
event=trace_row ordinal=1020 kind=1 ns=273745118799779 fields=172,2,1,1002,994,200,1000,0,1,0,0,0,0,0,0,0
event=trace_row ordinal=1021 kind=3 ns=273745118822529 fields=172,173,0,2,273745118799779,0,0,0,0,0,0,0,0,6,0,2
event=trace_row ordinal=1022 kind=5 ns=273745128818106 fields=513,6,2,0,0,0,0,0,0,0,16,0,0,0,0,0
event=trace_row ordinal=1023 kind=0 ns=273745128800023 fields=173,2,0,25,1,0,0,0,0,0,0,0,0,0,0,0
event=trace_row ordinal=1024 kind=1 ns=273745128800023 fields=173,2,0,1002,994,200,1000,0,1,0,0,0,0,0,0,0
event=trace_row ordinal=1025 kind=3 ns=273745128821606 fields=173,174,0,2,273745128800023,0,0,0,0,0,0,0,0,6,0,2
event=trace_row ordinal=1026 kind=5 ns=273745138817767 fields=513,6,2,0,0,0,0,0,0,0,16,0,0,0,0,0
event=trace_row ordinal=1027 kind=0 ns=273745138799684 fields=174,2,0,25,1,0,0,0,0,0,0,0,0,0,0,0
event=trace_row ordinal=1028 kind=1 ns=273745138799684 fields=174,2,0,1002,994,200,1000,0,1,0,0,0,0,0,0,0
event=trace_row ordinal=1029 kind=3 ns=273745138821559 fields=174,175,0,2,273745138799684,0,0,0,0,0,0,0,0,6,0,2
event=trace_row ordinal=1030 kind=4 ns=273745145793759 fields=385,8,96,20,96,20,0,0,0,0,16,0,0,0,0,0
event=trace_row ordinal=1031 kind=4 ns=273745145978090 fields=641,5,3,0,0,0,0,0,0,0,16,0,0,0,0,0
event=trace_row ordinal=1032 kind=5 ns=273745148820927 fields=513,6,2,0,0,0,0,0,0,0,16,0,0,0,0,0
event=trace_row ordinal=1033 kind=0 ns=273745148800803 fields=175,2,0,50,2,0,0,0,0,0,0,0,0,0,0,0
event=trace_row ordinal=1034 kind=1 ns=273745148800803 fields=175,2,0,1002,994,200,1000,0,1,0,0,0,0,0,0,0
event=trace_row ordinal=1035 kind=1 ns=273745148800803 fields=175,2,1,1002,994,200,1000,0,1,0,0,0,0,0,0,0
event=trace_row ordinal=1036 kind=3 ns=273745148824136 fields=175,176,0,2,273745148800803,0,0,0,0,0,0,0,0,6,0,2
event=trace_row ordinal=1037 kind=5 ns=273745158817963 fields=513,6,2,0,0,0,0,0,0,0,16,0,0,0,0,0
event=trace_row ordinal=1038 kind=0 ns=273745158799880 fields=176,2,0,25,1,0,0,0,0,0,0,0,0,0,0,0
event=trace_row ordinal=1039 kind=1 ns=273745158799880 fields=176,2,0,1002,994,200,1000,0,1,0,0,0,0,0,0,0
event=trace_row ordinal=1040 kind=3 ns=273745158820880 fields=176,177,0,2,273745158799880,0,0,0,0,0,0,0,0,6,0,2
event=trace_row ordinal=1041 kind=5 ns=273745168825499 fields=513,6,2,0,0,0,0,0,0,0,16,0,0,0,0,0
event=trace_row ordinal=1042 kind=0 ns=273745168802166 fields=177,2,0,50,2,0,0,0,0,0,0,0,0,0,0,0
event=trace_row ordinal=1043 kind=1 ns=273745168802166 fields=177,2,0,1001,994,200,1000,0,1,0,0,0,0,0,0,0
event=trace_row ordinal=1044 kind=1 ns=273745168802166 fields=177,2,1,1001,994,200,1000,0,1,0,0,0,0,0,0,0
event=trace_row ordinal=1045 kind=3 ns=273745168830165 fields=177,178,0,2,273745168802166,0,0,0,0,0,0,0,0,6,0,2
event=trace_row ordinal=1046 kind=5 ns=273745178845867 fields=513,6,2,0,0,0,0,0,0,0,16,0,0,0,0,0
event=trace_row ordinal=1047 kind=0 ns=273745178813201 fields=178,2,0,25,1,0,0,0,0,0,0,0,0,0,0,0
event=trace_row ordinal=1048 kind=1 ns=273745178813201 fields=178,2,0,1002,994,200,1000,0,1,0,0,0,0,0,0,0
event=trace_row ordinal=1049 kind=3 ns=273745178850242 fields=178,179,0,2,273745178813201,0,0,0,0,0,0,0,0,6,0,2
event=trace_row ordinal=1050 kind=5 ns=273745188824528 fields=513,6,2,0,0,0,0,0,0,0,16,0,0,0,0,0
event=trace_row ordinal=1051 kind=0 ns=273745188803237 fields=179,2,0,50,2,0,0,0,0,0,0,0,0,0,0,0
event=trace_row ordinal=1052 kind=1 ns=273745188803237 fields=179,2,0,1002,994,200,1000,0,1,0,0,0,0,0,0,0
event=trace_row ordinal=1053 kind=1 ns=273745188803237 fields=179,2,1,1002,994,200,1000,0,1,0,0,0,0,0,0,0
event=trace_row ordinal=1054 kind=3 ns=273745188828320 fields=179,180,0,2,273745188803237,0,0,0,0,0,0,0,0,6,0,2
event=trace_row ordinal=1055 kind=4 ns=273745195804312 fields=385,8,96,20,96,20,0,0,0,0,16,0,0,0,0,0
event=trace_row ordinal=1056 kind=4 ns=273745195988351 fields=641,5,3,0,0,0,0,0,0,0,16,0,0,0,0,0
event=trace_row ordinal=1057 kind=5 ns=273745198826230 fields=513,6,2,0,0,0,0,0,0,0,16,0,0,0,0,0
event=trace_row ordinal=1058 kind=0 ns=273745198805231 fields=180,2,0,25,1,0,0,0,0,0,0,0,0,0,0,0
event=trace_row ordinal=1059 kind=1 ns=273745198805231 fields=180,2,0,1002,994,200,1000,0,1,0,0,0,0,0,0,0
event=trace_row ordinal=1060 kind=3 ns=273745198830022 fields=180,181,0,2,273745198805231,0,0,0,0,0,0,0,0,6,0,2
event=trace_row ordinal=1061 kind=5 ns=273745208819474 fields=513,6,2,0,0,0,0,0,0,0,16,0,0,0,0,0
event=trace_row ordinal=1062 kind=0 ns=273745208800808 fields=181,2,0,25,1,0,0,0,0,0,0,0,0,0,0,0
event=trace_row ordinal=1063 kind=1 ns=273745208800808 fields=181,2,0,1002,994,200,1000,0,1,0,0,0,0,0,0,0
event=trace_row ordinal=1064 kind=3 ns=273745208822683 fields=181,182,0,2,273745208800808,0,0,0,0,0,0,0,0,6,0,2
event=trace_row ordinal=1065 kind=5 ns=273745218820010 fields=513,6,2,0,0,0,0,0,0,0,16,0,0,0,0,0
event=trace_row ordinal=1066 kind=0 ns=273745218800760 fields=182,2,0,50,2,0,0,0,0,0,0,0,0,0,0,0
event=trace_row ordinal=1067 kind=1 ns=273745218800760 fields=182,2,0,1002,994,200,1000,0,1,0,0,0,0,0,0,0
event=trace_row ordinal=1068 kind=1 ns=273745218800760 fields=182,2,1,1002,994,200,1000,0,1,0,0,0,0,0,0,0
event=trace_row ordinal=1069 kind=3 ns=273745218823510 fields=182,183,0,2,273745218800760,0,0,0,0,0,0,0,0,6,0,2
event=trace_row ordinal=1070 kind=5 ns=273745228817337 fields=513,6,2,0,0,0,0,0,0,0,16,0,0,0,0,0
event=trace_row ordinal=1071 kind=0 ns=273745228799837 fields=183,2,0,25,1,0,0,0,0,0,0,0,0,0,0,0
event=trace_row ordinal=1072 kind=1 ns=273745228799837 fields=183,2,0,1002,994,200,1000,0,1,0,0,0,0,0,0,0
event=trace_row ordinal=1073 kind=3 ns=273745228820254 fields=183,184,0,2,273745228799837,0,0,0,0,0,0,0,0,6,0,2
event=trace_row ordinal=1074 kind=5 ns=273745238820206 fields=513,6,2,0,0,0,0,0,0,0,16,0,0,0,0,0
event=trace_row ordinal=1075 kind=0 ns=273745238800081 fields=184,2,0,50,2,0,0,0,0,0,0,0,0,0,0,0
event=trace_row ordinal=1076 kind=1 ns=273745238800081 fields=184,2,0,1002,994,200,1000,0,1,0,0,0,0,0,0,0
event=trace_row ordinal=1077 kind=1 ns=273745238800081 fields=184,2,1,1001,994,200,1000,0,1,0,0,0,0,0,0,0
event=trace_row ordinal=1078 kind=3 ns=273745238823706 fields=184,185,0,2,273745238800081,0,0,0,0,0,0,0,0,6,0,2
event=trace_row ordinal=1079 kind=4 ns=273745245811656 fields=385,8,96,20,96,20,0,0,0,0,16,0,0,0,0,0
event=trace_row ordinal=1080 kind=4 ns=273745245996279 fields=641,5,3,0,0,0,0,0,0,0,16,0,0,0,0,0
event=trace_row ordinal=1081 kind=5 ns=273745248818700 fields=513,6,2,0,0,0,0,0,0,0,16,0,0,0,0,0
event=trace_row ordinal=1082 kind=0 ns=273745248800325 fields=185,2,0,25,1,0,0,0,0,0,0,0,0,0,0,0
event=trace_row ordinal=1083 kind=1 ns=273745248800325 fields=185,2,0,1001,994,200,1000,0,1,0,0,0,0,0,0,0
event=trace_row ordinal=1084 kind=3 ns=273745248822492 fields=185,186,0,2,273745248800325,0,0,0,0,0,0,0,0,6,0,2
event=trace_row ordinal=1085 kind=5 ns=273745258820402 fields=513,6,2,0,0,0,0,0,0,0,16,0,0,0,0,0
event=trace_row ordinal=1086 kind=0 ns=273745258800277 fields=186,2,0,50,2,0,0,0,0,0,0,0,0,0,0,0
event=trace_row ordinal=1087 kind=1 ns=273745258800277 fields=186,2,0,1001,994,200,1000,0,1,0,0,0,0,0,0,0
event=trace_row ordinal=1088 kind=1 ns=273745258800277 fields=186,2,1,1002,994,200,1000,0,1,0,0,0,0,0,0,0
event=trace_row ordinal=1089 kind=3 ns=273745258823611 fields=186,187,0,2,273745258800277,0,0,0,0,0,0,0,0,6,0,2
event=trace_row ordinal=1090 kind=5 ns=273745268818313 fields=513,6,2,0,0,0,0,0,0,0,16,0,0,0,0,0
event=trace_row ordinal=1091 kind=0 ns=273745268800521 fields=187,2,0,25,1,0,0,0,0,0,0,0,0,0,0,0
event=trace_row ordinal=1092 kind=1 ns=273745268800521 fields=187,2,0,1002,994,200,1000,0,1,0,0,0,0,0,0,0
event=trace_row ordinal=1093 kind=3 ns=273745268821521 fields=187,188,0,2,273745268800521,0,0,0,0,0,0,0,0,6,0,2
event=trace_row ordinal=1094 kind=5 ns=273745278817098 fields=513,6,2,0,0,0,0,0,0,0,16,0,0,0,0,0
event=trace_row ordinal=1095 kind=0 ns=273745278799307 fields=188,2,0,25,1,0,0,0,0,0,0,0,0,0,0,0
event=trace_row ordinal=1096 kind=1 ns=273745278799307 fields=188,2,0,1002,994,200,1000,0,1,0,0,0,0,0,0,0
event=trace_row ordinal=1097 kind=3 ns=273745278820015 fields=188,189,0,2,273745278799307,0,0,0,0,0,0,0,0,6,0,2
event=trace_row ordinal=1098 kind=4 ns=273745283159375 fields=1793,1,5,0,0,0,0,0,0,0,16,0,0,0,0,0
event=trace_row ordinal=1099 kind=5 ns=273745288820259 fields=513,6,2,0,0,0,0,0,0,0,16,0,0,0,0,0
event=trace_row ordinal=1100 kind=0 ns=273745288800134 fields=189,2,0,50,2,0,0,0,0,0,0,0,0,0,0,0
event=trace_row ordinal=1101 kind=1 ns=273745288800134 fields=189,2,0,1002,994,200,1000,0,1,0,0,0,0,0,0,0
event=trace_row ordinal=1102 kind=1 ns=273745288800134 fields=189,2,1,1002,994,200,1000,0,1,0,0,0,0,0,0,0
event=trace_row ordinal=1103 kind=3 ns=273745288824051 fields=189,190,0,2,273745288800134,0,0,0,0,0,0,0,0,6,0,2
event=trace_row ordinal=1104 kind=4 ns=273745295817542 fields=385,8,96,20,96,20,0,0,0,0,16,0,0,0,0,0
event=trace_row ordinal=1105 kind=4 ns=273745295944416 fields=641,5,3,0,0,0,0,0,0,0,16,0,0,0,0,0
event=trace_row ordinal=1106 kind=5 ns=273745298819920 fields=513,6,2,0,0,0,0,0,0,0,16,0,0,0,0,0
event=trace_row ordinal=1107 kind=0 ns=273745298800670 fields=190,2,0,25,1,0,0,0,0,0,0,0,0,0,0,0
event=trace_row ordinal=1108 kind=1 ns=273745298800670 fields=190,2,0,1002,994,200,1000,0,1,0,0,0,0,0,0,0
event=trace_row ordinal=1109 kind=3 ns=273745298823420 fields=190,191,0,2,273745298800670,0,0,0,0,0,0,0,0,6,0,2
event=trace_row ordinal=1110 kind=5 ns=273745308825705 fields=513,6,2,0,0,0,0,0,0,0,16,0,0,0,0,0
event=trace_row ordinal=1111 kind=0 ns=273745308802664 fields=191,2,0,50,2,0,0,0,0,0,0,0,0,0,0,0
event=trace_row ordinal=1112 kind=1 ns=273745308802664 fields=191,2,0,1002,994,200,1000,0,1,0,0,0,0,0,0,0
event=trace_row ordinal=1113 kind=1 ns=273745308802664 fields=191,2,1,1002,994,200,1000,0,1,0,0,0,0,0,0,0
event=trace_row ordinal=1114 kind=3 ns=273745308829788 fields=191,192,0,2,273745308802664,0,0,0,0,0,0,0,0,6,0,2
event=trace_row ordinal=1115 kind=5 ns=273745318819824 fields=513,6,2,0,0,0,0,0,0,0,16,0,0,0,0,0
event=trace_row ordinal=1116 kind=0 ns=273745318801158 fields=192,2,0,25,1,0,0,0,0,0,0,0,0,0,0,0
event=trace_row ordinal=1117 kind=1 ns=273745318801158 fields=192,2,0,1002,994,200,1000,0,1,0,0,0,0,0,0,0
event=trace_row ordinal=1118 kind=3 ns=273745318822741 fields=192,193,0,2,273745318801158,0,0,0,0,0,0,0,0,6,0,2
event=trace_row ordinal=1119 kind=5 ns=273745328825901 fields=513,6,2,0,0,0,0,0,0,0,16,0,0,0,0,0
event=trace_row ordinal=1120 kind=0 ns=273745328802568 fields=193,2,0,50,2,0,0,0,0,0,0,0,0,0,0,0
event=trace_row ordinal=1121 kind=1 ns=273745328802568 fields=193,2,0,1002,994,200,1000,0,1,0,0,0,0,0,0,0
event=trace_row ordinal=1122 kind=1 ns=273745328802568 fields=193,2,1,1002,994,200,1000,0,1,0,0,0,0,0,0,0
event=trace_row ordinal=1123 kind=3 ns=273745328830276 fields=193,194,0,2,273745328802568,0,0,0,0,0,0,0,0,6,0,2
event=trace_row ordinal=1124 kind=5 ns=273745338822354 fields=513,6,2,0,0,0,0,0,0,0,16,0,0,0,0,0
event=trace_row ordinal=1125 kind=0 ns=273745338802520 fields=194,2,0,25,1,0,0,0,0,0,0,0,0,0,0,0
event=trace_row ordinal=1126 kind=1 ns=273745338802520 fields=194,2,0,1002,994,200,1000,0,1,0,0,0,0,0,0,0
event=trace_row ordinal=1127 kind=3 ns=273745338825854 fields=194,195,0,2,273745338802520,0,0,0,0,0,0,0,0,6,0,2
event=trace_row ordinal=1128 kind=4 ns=273745345854345 fields=385,8,96,20,96,20,0,0,0,0,16,0,0,0,0,0
event=trace_row ordinal=1129 kind=4 ns=273745345953802 fields=641,5,3,0,0,0,0,0,0,0,16,0,0,0,0,0
event=trace_row ordinal=1130 kind=5 ns=273745348831931 fields=513,6,2,0,0,0,0,0,0,0,16,0,0,0,0,0
event=trace_row ordinal=1131 kind=0 ns=273745348806556 fields=195,2,0,25,1,0,0,0,0,0,0,0,0,0,0,0
event=trace_row ordinal=1132 kind=1 ns=273745348806556 fields=195,2,0,1002,994,200,1000,0,1,0,0,0,0,0,0,0
event=trace_row ordinal=1133 kind=3 ns=273745348836889 fields=195,196,0,2,273745348806556,0,0,0,0,0,0,0,0,6,0,2
event=trace_row ordinal=1134 kind=5 ns=273745358830716 fields=513,6,2,0,0,0,0,0,0,0,16,0,0,0,0,0
event=trace_row ordinal=1135 kind=0 ns=273745358806508 fields=196,2,0,50,2,0,0,0,0,0,0,0,0,0,0,0
event=trace_row ordinal=1136 kind=1 ns=273745358806508 fields=196,2,0,1002,994,200,1000,0,1,0,0,0,0,0,0,0
event=trace_row ordinal=1137 kind=1 ns=273745358806508 fields=196,2,1,1002,994,200,1000,0,1,0,0,0,0,0,0,0
event=trace_row ordinal=1138 kind=3 ns=273745358835675 fields=196,197,0,2,273745358806508,0,0,0,0,0,0,0,0,6,0,2
event=trace_row ordinal=1139 kind=5 ns=273745368828044 fields=513,6,2,0,0,0,0,0,0,0,16,0,0,0,0,0
event=trace_row ordinal=1140 kind=0 ns=273745368806461 fields=197,2,0,25,1,0,0,0,0,0,0,0,0,0,0,0
event=trace_row ordinal=1141 kind=1 ns=273745368806461 fields=197,2,0,1002,994,200,1000,0,1,0,0,0,0,0,0,0
event=trace_row ordinal=1142 kind=3 ns=273745368831835 fields=197,198,0,2,273745368806461,0,0,0,0,0,0,0,0,6,0,2
event=trace_row ordinal=1143 kind=5 ns=273745378828579 fields=513,6,2,0,0,0,0,0,0,0,16,0,0,0,0,0
event=trace_row ordinal=1144 kind=0 ns=273745378805538 fields=198,2,0,50,2,0,0,0,0,0,0,0,0,0,0,0
event=trace_row ordinal=1145 kind=1 ns=273745378805538 fields=198,2,0,1002,994,200,1000,0,1,0,0,0,0,0,0,0
event=trace_row ordinal=1146 kind=1 ns=273745378805538 fields=198,2,1,1002,994,200,1000,0,1,0,0,0,0,0,0,0
event=trace_row ordinal=1147 kind=3 ns=273745378832371 fields=198,199,0,2,273745378805538,0,0,0,0,0,0,0,0,6,0,2
event=trace_row ordinal=1148 kind=5 ns=273745388827656 fields=513,6,2,0,0,0,0,0,0,0,16,0,0,0,0,0
event=trace_row ordinal=1149 kind=0 ns=273745388805782 fields=199,2,0,25,1,0,0,0,0,0,0,0,0,0,0,0
event=trace_row ordinal=1150 kind=1 ns=273745388805782 fields=199,2,0,1002,994,200,1000,0,1,0,0,0,0,0,0,0
event=trace_row ordinal=1151 kind=3 ns=273745388831448 fields=199,200,0,2,273745388805782,0,0,0,0,0,0,0,0,6,0,2
event=trace_row ordinal=1152 kind=4 ns=273745395845648 fields=385,8,96,20,96,20,0,0,0,0,16,0,0,0,0,0
event=trace_row ordinal=1153 kind=4 ns=273745396022395 fields=641,5,3,0,0,0,0,0,0,0,16,0,0,0,0,0
event=trace_row ordinal=1154 kind=5 ns=273745398824984 fields=513,6,2,0,0,0,0,0,0,0,16,0,0,0,0,0
event=trace_row ordinal=1155 kind=0 ns=273745398803109 fields=200,2,0,50,2,0,0,0,0,0,0,0,0,0,0,0
event=trace_row ordinal=1156 kind=1 ns=273745398803109 fields=200,2,0,1002,994,200,1000,0,1,0,0,0,0,0,0,0
event=trace_row ordinal=1157 kind=1 ns=273745398803109 fields=200,2,1,1002,994,200,1000,0,1,0,0,0,0,0,0,0
event=trace_row ordinal=1158 kind=3 ns=273745398828775 fields=200,201,0,2,273745398803109,0,0,0,0,0,0,0,0,6,0,2
event=trace_row ordinal=1159 kind=5 ns=273745408826686 fields=513,6,2,0,0,0,0,0,0,0,16,0,0,0,0,0
event=trace_row ordinal=1160 kind=0 ns=273745408805395 fields=201,2,0,25,1,0,0,0,0,0,0,0,0,0,0,0
event=trace_row ordinal=1161 kind=1 ns=273745408805395 fields=201,2,0,1002,994,200,1000,0,1,0,0,0,0,0,0,0
event=trace_row ordinal=1162 kind=3 ns=273745408830478 fields=201,202,0,2,273745408805395,0,0,0,0,0,0,0,0,6,0,2
event=trace_row ordinal=1163 kind=5 ns=273745418820222 fields=513,6,2,0,0,0,0,0,0,0,16,0,0,0,0,0
event=trace_row ordinal=1164 kind=0 ns=273745418801555 fields=202,2,0,25,1,0,0,0,0,0,0,0,0,0,0,0
event=trace_row ordinal=1165 kind=1 ns=273745418801555 fields=202,2,0,1002,994,200,1000,0,1,0,0,0,0,0,0,0
event=trace_row ordinal=1166 kind=3 ns=273745418823430 fields=202,203,0,2,273745418801555,0,0,0,0,0,0,0,0,6,0,2
event=trace_row ordinal=1167 kind=5 ns=273745428820466 fields=513,6,2,0,0,0,0,0,0,0,16,0,0,0,0,0
event=trace_row ordinal=1168 kind=0 ns=273745428800632 fields=203,2,0,50,2,0,0,0,0,0,0,0,0,0,0,0
event=trace_row ordinal=1169 kind=1 ns=273745428800632 fields=203,2,0,1002,994,200,1000,0,1,0,0,0,0,0,0,0
event=trace_row ordinal=1170 kind=1 ns=273745428800632 fields=203,2,1,1002,994,200,1000,0,1,0,0,0,0,0,0,0
event=trace_row ordinal=1171 kind=3 ns=273745428824257 fields=203,204,0,2,273745428800632,0,0,0,0,0,0,0,0,6,0,2
event=trace_row ordinal=1172 kind=5 ns=273745438819251 fields=513,6,2,0,0,0,0,0,0,0,16,0,0,0,0,0
event=trace_row ordinal=1173 kind=0 ns=273745438800876 fields=204,2,0,25,1,0,0,0,0,0,0,0,0,0,0,0
event=trace_row ordinal=1174 kind=1 ns=273745438800876 fields=204,2,0,1002,994,200,1000,0,1,0,0,0,0,0,0,0
event=trace_row ordinal=1175 kind=3 ns=273745438822459 fields=204,205,0,2,273745438800876,0,0,0,0,0,0,0,0,6,0,2
event=trace_row ordinal=1176 kind=4 ns=273745445847742 fields=385,8,96,20,96,20,0,0,0,0,16,0,0,0,0,0
event=trace_row ordinal=1177 kind=4 ns=273745446033823 fields=641,5,3,0,0,0,0,0,0,0,16,0,0,0,0,0
event=trace_row ordinal=1178 kind=5 ns=273745448829412 fields=513,6,2,0,0,0,0,0,0,0,16,0,0,0,0,0
event=trace_row ordinal=1179 kind=0 ns=273745448805787 fields=205,2,0,50,2,0,0,0,0,0,0,0,0,0,0,0
event=trace_row ordinal=1180 kind=1 ns=273745448805787 fields=205,2,0,1002,994,200,1000,0,1,0,0,0,0,0,0,0
event=trace_row ordinal=1181 kind=1 ns=273745448805787 fields=205,2,1,1002,994,200,1000,0,1,0,0,0,0,0,0,0
event=trace_row ordinal=1182 kind=3 ns=273745448833787 fields=205,206,0,2,273745448805787,0,0,0,0,0,0,0,0,6,0,2
event=trace_row ordinal=1183 kind=5 ns=273745458820031 fields=513,6,2,0,0,0,0,0,0,0,16,0,0,0,0,0
event=trace_row ordinal=1184 kind=0 ns=273745458801073 fields=206,2,0,25,1,0,0,0,0,0,0,0,0,0,0,0
event=trace_row ordinal=1185 kind=1 ns=273745458801073 fields=206,2,0,1002,994,200,1000,0,1,0,0,0,0,0,0,0
event=trace_row ordinal=1186 kind=3 ns=273745458823239 fields=206,207,0,2,273745458801073,0,0,0,0,0,0,0,0,6,0,2
event=trace_row ordinal=1187 kind=5 ns=273745468821150 fields=513,6,2,0,0,0,0,0,0,0,16,0,0,0,0,0
event=trace_row ordinal=1188 kind=0 ns=273745468800441 fields=207,2,0,50,2,0,0,0,0,0,0,0,0,0,0,0
event=trace_row ordinal=1189 kind=1 ns=273745468800441 fields=207,2,0,1002,994,200,1000,0,1,0,0,0,0,0,0,0
event=trace_row ordinal=1190 kind=1 ns=273745468800441 fields=207,2,1,1002,994,200,1000,0,1,0,0,0,0,0,0,0
event=trace_row ordinal=1191 kind=3 ns=273745468824650 fields=207,208,0,2,273745468800441,0,0,0,0,0,0,0,0,6,0,2
event=trace_row ordinal=1192 kind=5 ns=273745478818477 fields=513,6,2,0,0,0,0,0,0,0,16,0,0,0,0,0
event=trace_row ordinal=1193 kind=0 ns=273745478800102 fields=208,2,0,25,1,0,0,0,0,0,0,0,0,0,0,0
event=trace_row ordinal=1194 kind=1 ns=273745478800102 fields=208,2,0,1002,994,200,1000,0,1,0,0,0,0,0,0,0
event=trace_row ordinal=1195 kind=3 ns=273745478821977 fields=208,209,0,2,273745478800102,0,0,0,0,0,0,0,0,6,0,2
event=trace_row ordinal=1196 kind=5 ns=273745488818137 fields=513,6,2,0,0,0,0,0,0,0,16,0,0,0,0,0
event=trace_row ordinal=1197 kind=0 ns=273745488800054 fields=209,2,0,25,1,0,0,0,0,0,0,0,0,0,0,0
event=trace_row ordinal=1198 kind=1 ns=273745488800054 fields=209,2,0,1002,994,200,1000,0,1,0,0,0,0,0,0,0
event=trace_row ordinal=1199 kind=3 ns=273745488821054 fields=209,210,0,2,273745488800054,0,0,0,0,0,0,0,0,6,0,2
event=trace_row ordinal=1200 kind=4 ns=273745495856545 fields=385,8,96,20,96,20,0,0,0,0,16,0,0,0,0,0
event=trace_row ordinal=1201 kind=4 ns=273745495981085 fields=641,5,3,0,0,0,0,0,0,0,16,0,0,0,0,0
event=trace_row ordinal=1202 kind=5 ns=273745498821006 fields=513,6,2,0,0,0,0,0,0,0,16,0,0,0,0,0
event=trace_row ordinal=1203 kind=0 ns=273745498800298 fields=210,2,0,50,2,0,0,0,0,0,0,0,0,0,0,0
event=trace_row ordinal=1204 kind=1 ns=273745498800298 fields=210,2,0,1002,994,200,1000,0,1,0,0,0,0,0,0,0
event=trace_row ordinal=1205 kind=1 ns=273745498800298 fields=210,2,1,1002,994,200,1000,0,1,0,0,0,0,0,0,0
event=trace_row ordinal=1206 kind=3 ns=273745498824506 fields=210,211,0,2,273745498800298,0,0,0,0,0,0,0,0,6,0,2
event=trace_row ordinal=1207 kind=5 ns=273745508819500 fields=513,6,2,0,0,0,0,0,0,0,16,0,0,0,0,0
event=trace_row ordinal=1208 kind=0 ns=273745508800542 fields=211,2,0,25,1,0,0,0,0,0,0,0,0,0,0,0
event=trace_row ordinal=1209 kind=1 ns=273745508800542 fields=211,2,0,1002,994,200,1000,0,1,0,0,0,0,0,0,0
event=trace_row ordinal=1210 kind=3 ns=273745508823000 fields=211,212,0,2,273745508800542,0,0,0,0,0,0,0,0,6,0,2
event=trace_row ordinal=1211 kind=5 ns=273745518821494 fields=513,6,2,0,0,0,0,0,0,0,16,0,0,0,0,0
event=trace_row ordinal=1212 kind=0 ns=273745518800494 fields=212,2,0,50,2,0,0,0,0,0,0,0,0,0,0,0
event=trace_row ordinal=1213 kind=1 ns=273745518800494 fields=212,2,0,1002,994,200,1000,0,1,0,0,0,0,0,0,0
event=trace_row ordinal=1214 kind=1 ns=273745518800494 fields=212,2,1,1002,994,200,1000,0,1,0,0,0,0,0,0,0
event=trace_row ordinal=1215 kind=3 ns=273745518824994 fields=212,213,0,2,273745518800494,0,0,0,0,0,0,0,0,6,0,2
event=trace_row ordinal=1216 kind=5 ns=273745528817946 fields=513,6,2,0,0,0,0,0,0,0,16,0,0,0,0,0
event=trace_row ordinal=1217 kind=0 ns=273745528800155 fields=213,2,0,25,1,0,0,0,0,0,0,0,0,0,0,0
event=trace_row ordinal=1218 kind=1 ns=273745528800155 fields=213,2,0,1002,994,200,1000,0,1,0,0,0,0,0,0,0
event=trace_row ordinal=1219 kind=3 ns=273745528821155 fields=213,214,0,2,273745528800155,0,0,0,0,0,0,0,0,6,0,2
event=trace_row ordinal=1220 kind=4 ns=273745532706104 fields=1793,1,5,0,0,0,0,0,0,0,16,0,0,0,0,0
event=trace_row ordinal=1221 kind=5 ns=273745538820815 fields=513,6,2,0,0,0,0,0,0,0,16,0,0,0,0,0
event=trace_row ordinal=1222 kind=0 ns=273745538799816 fields=214,2,0,50,2,0,0,0,0,0,0,0,0,0,0,0
event=trace_row ordinal=1223 kind=1 ns=273745538799816 fields=214,2,0,1002,994,200,1000,0,1,0,0,0,0,0,0,0
event=trace_row ordinal=1224 kind=1 ns=273745538799816 fields=214,2,1,1002,994,200,1000,0,1,0,0,0,0,0,0,0
event=trace_row ordinal=1225 kind=3 ns=273745538824607 fields=214,215,0,2,273745538799816,0,0,0,0,0,0,0,0,6,0,2
event=trace_row ordinal=1226 kind=4 ns=273745545872056 fields=385,8,96,20,96,20,0,0,0,0,16,0,0,0,0,0
event=trace_row ordinal=1227 kind=4 ns=273745546051429 fields=641,5,3,0,0,0,0,0,0,0,16,0,0,0,0,0
event=trace_row ordinal=1228 kind=5 ns=273745548835934 fields=513,6,2,0,0,0,0,0,0,0,16,0,0,0,0,0
event=trace_row ordinal=1229 kind=0 ns=273745548808809 fields=215,2,0,25,1,0,0,0,0,0,0,0,0,0,0,0
event=trace_row ordinal=1230 kind=1 ns=273745548808809 fields=215,2,0,1002,994,200,1000,0,1,0,0,0,0,0,0,0
event=trace_row ordinal=1231 kind=3 ns=273745548840017 fields=215,216,0,2,273745548808809,0,0,0,0,0,0,0,0,6,0,2
event=trace_row ordinal=1232 kind=5 ns=273745558821012 fields=513,6,2,0,0,0,0,0,0,0,16,0,0,0,0,0
event=trace_row ordinal=1233 kind=0 ns=273745558802345 fields=216,2,0,25,1,0,0,0,0,0,0,0,0,0,0,0
event=trace_row ordinal=1234 kind=1 ns=273745558802345 fields=216,2,0,1002,994,200,1000,0,1,0,0,0,0,0,0,0
event=trace_row ordinal=1235 kind=3 ns=273745558824511 fields=216,217,0,2,273745558802345,0,0,0,0,0,0,0,0,6,0,2
event=trace_row ordinal=1236 kind=5 ns=273745568822130 fields=513,6,2,0,0,0,0,0,0,0,16,0,0,0,0,0
event=trace_row ordinal=1237 kind=0 ns=273745568802006 fields=217,2,0,50,2,0,0,0,0,0,0,0,0,0,0,0
event=trace_row ordinal=1238 kind=1 ns=273745568802006 fields=217,2,0,1002,994,200,1000,0,1,0,0,0,0,0,0,0
event=trace_row ordinal=1239 kind=1 ns=273745568802006 fields=217,2,1,1002,994,200,1000,0,1,0,0,0,0,0,0,0
event=trace_row ordinal=1240 kind=3 ns=273745568825339 fields=217,218,0,2,273745568802006,0,0,0,0,0,0,0,0,6,0,2
event=trace_row ordinal=1241 kind=5 ns=273745578820916 fields=513,6,2,0,0,0,0,0,0,0,16,0,0,0,0,0
event=trace_row ordinal=1242 kind=0 ns=273745578801666 fields=218,2,0,25,1,0,0,0,0,0,0,0,0,0,0,0
event=trace_row ordinal=1243 kind=1 ns=273745578801666 fields=218,2,0,1002,994,200,1000,0,1,0,0,0,0,0,0,0
event=trace_row ordinal=1244 kind=3 ns=273745578824416 fields=218,219,0,2,273745578801666,0,0,0,0,0,0,0,0,6,0,2
event=trace_row ordinal=1245 kind=5 ns=273745588820577 fields=513,6,2,0,0,0,0,0,0,0,16,0,0,0,0,0
event=trace_row ordinal=1246 kind=0 ns=273745588800160 fields=219,2,0,50,2,0,0,0,0,0,0,0,0,0,0,0
event=trace_row ordinal=1247 kind=1 ns=273745588800160 fields=219,2,0,1002,994,200,1000,0,1,0,0,0,0,0,0,0
event=trace_row ordinal=1248 kind=1 ns=273745588800160 fields=219,2,1,1002,994,200,1000,0,1,0,0,0,0,0,0,0
event=trace_row ordinal=1249 kind=3 ns=273745588824077 fields=219,220,0,2,273745588800160,0,0,0,0,0,0,0,0,6,0,2
event=trace_row ordinal=1250 kind=4 ns=273745595872109 fields=385,8,96,20,96,20,0,0,0,0,16,0,0,0,0,0
event=trace_row ordinal=1251 kind=4 ns=273745596058773 fields=641,5,3,0,0,0,0,0,0,0,16,0,0,0,0,0
event=trace_row ordinal=1252 kind=5 ns=273745598819362 fields=513,6,2,0,0,0,0,0,0,0,16,0,0,0,0,0
event=trace_row ordinal=1253 kind=0 ns=273745598800404 fields=220,2,0,25,1,0,0,0,0,0,0,0,0,0,0,0
event=trace_row ordinal=1254 kind=1 ns=273745598800404 fields=220,2,0,1002,994,200,1000,0,1,0,0,0,0,0,0,0
event=trace_row ordinal=1255 kind=3 ns=273745598822570 fields=220,221,0,2,273745598800404,0,0,0,0,0,0,0,0,6,0,2
event=trace_row ordinal=1256 kind=5 ns=273745608821939 fields=513,6,2,0,0,0,0,0,0,0,16,0,0,0,0,0
event=trace_row ordinal=1257 kind=0 ns=273745608800648 fields=221,2,0,50,2,0,0,0,0,0,0,0,0,0,0,0
event=trace_row ordinal=1258 kind=1 ns=273745608800648 fields=221,2,0,1002,994,200,1000,0,1,0,0,0,0,0,0,0
event=trace_row ordinal=1259 kind=1 ns=273745608800648 fields=221,2,1,1002,994,200,1000,0,1,0,0,0,0,0,0,0
event=trace_row ordinal=1260 kind=3 ns=273745608825439 fields=221,222,0,2,273745608800648,0,0,0,0,0,0,0,0,6,0,2
event=trace_row ordinal=1261 kind=5 ns=273745618821017 fields=513,6,2,0,0,0,0,0,0,0,16,0,0,0,0,0
event=trace_row ordinal=1262 kind=0 ns=273745618801767 fields=222,2,0,25,1,0,0,0,0,0,0,0,0,0,0,0
event=trace_row ordinal=1263 kind=1 ns=273745618801767 fields=222,2,0,1002,994,200,1000,0,1,0,0,0,0,0,0,0
event=trace_row ordinal=1264 kind=3 ns=273745618824225 fields=222,223,0,2,273745618801767,0,0,0,0,0,0,0,0,6,0,2
event=trace_row ordinal=1265 kind=5 ns=273745628817761 fields=513,6,2,0,0,0,0,0,0,0,16,0,0,0,0,0
event=trace_row ordinal=1266 kind=0 ns=273745628799678 fields=223,2,0,25,1,0,0,0,0,0,0,0,0,0,0,0
event=trace_row ordinal=1267 kind=1 ns=273745628799678 fields=223,2,0,1002,994,200,1000,0,1,0,0,0,0,0,0,0
event=trace_row ordinal=1268 kind=3 ns=273745628820969 fields=223,224,0,2,273745628799678,0,0,0,0,0,0,0,0,6,0,2
event=trace_row ordinal=1269 kind=5 ns=273745638819171 fields=513,6,2,0,0,0,0,0,0,0,16,0,0,0,0,0
event=trace_row ordinal=1270 kind=0 ns=273745638799630 fields=224,2,0,50,2,0,0,0,0,0,0,0,0,0,0,0
event=trace_row ordinal=1271 kind=1 ns=273745638799630 fields=224,2,0,1002,994,200,1000,0,1,0,0,0,0,0,0,0
event=trace_row ordinal=1272 kind=1 ns=273745638799630 fields=224,2,1,1001,994,200,1000,0,1,0,0,0,0,0,0,0
event=trace_row ordinal=1273 kind=3 ns=273745638822671 fields=224,225,0,2,273745638799630,0,0,0,0,0,0,0,0,6,0,2
event=trace_row ordinal=1274 kind=4 ns=273745645880620 fields=385,8,96,20,96,20,0,0,0,0,16,0,0,0,0,0
event=trace_row ordinal=1275 kind=4 ns=273745646067576 fields=641,5,3,0,0,0,0,0,0,0,16,0,0,0,0,0
event=trace_row ordinal=1276 kind=5 ns=273745648818832 fields=513,6,2,0,0,0,0,0,0,0,16,0,0,0,0,0
event=trace_row ordinal=1277 kind=0 ns=273745648799874 fields=225,2,0,25,1,0,0,0,0,0,0,0,0,0,0,0
event=trace_row ordinal=1278 kind=1 ns=273745648799874 fields=225,2,0,1001,994,200,1000,0,1,0,0,0,0,0,0,0
event=trace_row ordinal=1279 kind=3 ns=273745648822040 fields=225,226,0,2,273745648799874,0,0,0,0,0,0,0,0,6,0,2
event=trace_row ordinal=1280 kind=5 ns=273745658821117 fields=513,6,2,0,0,0,0,0,0,0,16,0,0,0,0,0
event=trace_row ordinal=1281 kind=0 ns=273745658800409 fields=226,2,0,50,2,0,0,0,0,0,0,0,0,0,0,0
event=trace_row ordinal=1282 kind=1 ns=273745658800409 fields=226,2,0,1001,994,200,1000,0,1,0,0,0,0,0,0,0
event=trace_row ordinal=1283 kind=1 ns=273745658800409 fields=226,2,1,1002,994,200,1000,0,1,0,0,0,0,0,0,0
event=trace_row ordinal=1284 kind=3 ns=273745658824909 fields=226,227,0,2,273745658800409,0,0,0,0,0,0,0,0,6,0,2
event=trace_row ordinal=1285 kind=5 ns=273745668818736 fields=513,6,2,0,0,0,0,0,0,0,16,0,0,0,0,0
event=trace_row ordinal=1286 kind=0 ns=273745668800945 fields=227,2,0,25,1,0,0,0,0,0,0,0,0,0,0,0
event=trace_row ordinal=1287 kind=1 ns=273745668800945 fields=227,2,0,1002,994,200,1000,0,1,0,0,0,0,0,0,0
event=trace_row ordinal=1288 kind=3 ns=273745668821945 fields=227,228,0,2,273745668800945,0,0,0,0,0,0,0,0,6,0,2
event=trace_row ordinal=1289 kind=5 ns=273745678819272 fields=513,6,2,0,0,0,0,0,0,0,16,0,0,0,0,0
event=trace_row ordinal=1290 kind=0 ns=273745678799730 fields=228,2,0,50,2,0,0,0,0,0,0,0,0,0,0,0
event=trace_row ordinal=1291 kind=1 ns=273745678799730 fields=228,2,0,1002,994,200,1000,0,1,0,0,0,0,0,0,0
event=trace_row ordinal=1292 kind=1 ns=273745678799730 fields=228,2,1,1002,994,200,1000,0,1,0,0,0,0,0,0,0
event=trace_row ordinal=1293 kind=3 ns=273745678822480 fields=228,229,0,2,273745678799730,0,0,0,0,0,0,0,0,6,0,2
event=trace_row ordinal=1294 kind=5 ns=273745688817183 fields=513,6,2,0,0,0,0,0,0,0,16,0,0,0,0,0
event=trace_row ordinal=1295 kind=0 ns=273745688799683 fields=229,2,0,25,1,0,0,0,0,0,0,0,0,0,0,0
event=trace_row ordinal=1296 kind=1 ns=273745688799683 fields=229,2,0,1002,994,200,1000,0,1,0,0,0,0,0,0,0
event=trace_row ordinal=1297 kind=3 ns=273745688820099 fields=229,230,0,2,273745688799683,0,0,0,0,0,0,0,0,6,0,2
event=trace_row ordinal=1298 kind=4 ns=273745695888256 fields=385,8,96,20,96,20,0,0,0,0,16,0,0,0,0,0
event=trace_row ordinal=1299 kind=4 ns=273745696076671 fields=641,5,3,0,0,0,0,0,0,0,16,0,0,0,0,0
event=trace_row ordinal=1300 kind=5 ns=273745698818301 fields=513,6,2,0,0,0,0,0,0,0,16,0,0,0,0,0
event=trace_row ordinal=1301 kind=0 ns=273745698800218 fields=230,2,0,25,1,0,0,0,0,0,0,0,0,0,0,0
event=trace_row ordinal=1302 kind=1 ns=273745698800218 fields=230,2,0,1002,994,200,1000,0,1,0,0,0,0,0,0,0
event=trace_row ordinal=1303 kind=3 ns=273745698822093 fields=230,231,0,2,273745698800218,0,0,0,0,0,0,0,0,6,0,2
event=trace_row ordinal=1304 kind=5 ns=273745708825837 fields=513,6,2,0,0,0,0,0,0,0,16,0,0,0,0,0
event=trace_row ordinal=1305 kind=0 ns=273745708804254 fields=231,2,0,50,2,0,0,0,0,0,0,0,0,0,0,0
event=trace_row ordinal=1306 kind=1 ns=273745708804254 fields=231,2,0,1002,994,200,1000,0,1,0,0,0,0,0,0,0
event=trace_row ordinal=1307 kind=1 ns=273745708804254 fields=231,2,1,1002,994,200,1000,0,1,0,0,0,0,0,0,0
event=trace_row ordinal=1308 kind=3 ns=273745708829629 fields=231,232,0,2,273745708804254,0,0,0,0,0,0,0,0,6,0,2
event=trace_row ordinal=1309 kind=5 ns=273745718840372 fields=513,6,2,0,0,0,0,0,0,0,16,0,0,0,0,0
event=trace_row ordinal=1310 kind=0 ns=273745718811206 fields=232,2,0,25,1,0,0,0,0,0,0,0,0,0,0,0
event=trace_row ordinal=1311 kind=1 ns=273745718811206 fields=232,2,0,1002,994,200,1000,0,1,0,0,0,0,0,0,0
event=trace_row ordinal=1312 kind=3 ns=273745718845914 fields=232,233,0,2,273745718811206,0,0,0,0,0,0,0,0,6,0,2
event=trace_row ordinal=1313 kind=5 ns=273745728828658 fields=513,6,2,0,0,0,0,0,0,0,16,0,0,0,0,0
event=trace_row ordinal=1314 kind=0 ns=273745728806200 fields=233,2,0,50,2,0,0,0,0,0,0,0,0,0,0,0
event=trace_row ordinal=1315 kind=1 ns=273745728806200 fields=233,2,0,1001,994,200,1000,0,1,0,0,0,0,0,0,0
event=trace_row ordinal=1316 kind=1 ns=273745728806200 fields=233,2,1,1001,994,200,1000,0,1,0,0,0,0,0,0,0
event=trace_row ordinal=1317 kind=3 ns=273745728832450 fields=233,234,0,2,273745728806200,0,0,0,0,0,0,0,0,6,0,2
event=trace_row ordinal=1318 kind=5 ns=273745738834735 fields=513,6,2,0,0,0,0,0,0,0,16,0,0,0,0,0
event=trace_row ordinal=1319 kind=0 ns=273745738807319 fields=234,2,0,25,1,0,0,0,0,0,0,0,0,0,0,0
event=trace_row ordinal=1320 kind=1 ns=273745738807319 fields=234,2,0,1002,994,200,1000,0,1,0,0,0,0,0,0,0
event=trace_row ordinal=1321 kind=3 ns=273745738839402 fields=234,235,0,2,273745738807319,0,0,0,0,0,0,0,0,6,0,2
event=trace_row ordinal=1322 kind=4 ns=273745745854477 fields=385,8,96,20,96,20,0,0,0,0,16,0,0,0,0,0
event=trace_row ordinal=1323 kind=4 ns=273745746083432 fields=641,5,3,0,0,0,0,0,0,0,16,0,0,0,0,0
event=trace_row ordinal=1324 kind=5 ns=273745748834687 fields=513,6,2,0,0,0,0,0,0,0,16,0,0,0,0,0
event=trace_row ordinal=1325 kind=0 ns=273745748806396 fields=235,2,0,50,2,0,0,0,0,0,0,0,0,0,0,0
event=trace_row ordinal=1326 kind=1 ns=273745748806396 fields=235,2,0,1002,994,200,1000,0,1,0,0,0,0,0,0,0
event=trace_row ordinal=1327 kind=1 ns=273745748806396 fields=235,2,1,1002,994,200,1000,0,1,0,0,0,0,0,0,0
event=trace_row ordinal=1328 kind=3 ns=273745748838187 fields=235,236,0,2,273745748806396,0,0,0,0,0,0,0,0,6,0,2
event=trace_row ordinal=1329 kind=5 ns=273745758839890 fields=513,6,2,0,0,0,0,0,0,0,16,0,0,0,0,0
event=trace_row ordinal=1330 kind=0 ns=273745758808682 fields=236,2,0,25,1,0,0,0,0,0,0,0,0,0,0,0
event=trace_row ordinal=1331 kind=1 ns=273745758808682 fields=236,2,0,1001,994,200,1000,0,1,0,0,0,0,0,0,0
event=trace_row ordinal=1332 kind=3 ns=273745758843973 fields=236,237,0,2,273745758808682,0,0,0,0,0,0,0,0,6,0,2
event=trace_row ordinal=1333 kind=5 ns=273745768835175 fields=513,6,2,0,0,0,0,0,0,0,16,0,0,0,0,0
event=trace_row ordinal=1334 kind=0 ns=273745768808926 fields=237,2,0,25,1,0,0,0,0,0,0,0,0,0,0,0
event=trace_row ordinal=1335 kind=1 ns=273745768808926 fields=237,2,0,1001,994,200,1000,0,1,0,0,0,0,0,0,0
event=trace_row ordinal=1336 kind=3 ns=273745768838967 fields=237,238,0,2,273745768808926,0,0,0,0,0,0,0,0,6,0,2
event=trace_row ordinal=1337 kind=5 ns=273745778841836 fields=513,6,2,0,0,0,0,0,0,0,16,0,0,0,0,0
event=trace_row ordinal=1338 kind=0 ns=273745778810336 fields=238,2,0,50,2,0,0,0,0,0,0,0,0,0,0,0
event=trace_row ordinal=1339 kind=1 ns=273745778810336 fields=238,2,0,1001,994,200,1000,0,1,0,0,0,0,0,0,0
event=trace_row ordinal=1340 kind=1 ns=273745778810336 fields=238,2,1,1002,994,200,1000,0,1,0,0,0,0,0,0,0
event=trace_row ordinal=1341 kind=3 ns=273745778847086 fields=238,239,0,2,273745778810336,0,0,0,0,0,0,0,0,6,0,2
event=trace_row ordinal=1342 kind=4 ns=273745782198292 fields=1793,1,5,0,0,0,0,0,0,0,16,0,0,0,0,0
event=trace_row ordinal=1343 kind=5 ns=273745788834788 fields=513,6,2,0,0,0,0,0,0,0,16,0,0,0,0,0
event=trace_row ordinal=1344 kind=0 ns=273745788807955 fields=239,2,0,25,1,0,0,0,0,0,0,0,0,0,0,0
event=trace_row ordinal=1345 kind=1 ns=273745788807955 fields=239,2,0,1002,994,200,1000,0,1,0,0,0,0,0,0,0
event=trace_row ordinal=1346 kind=3 ns=273745788838580 fields=239,240,0,2,273745788807955,0,0,0,0,0,0,0,0,6,0,2
event=trace_row ordinal=1347 kind=4 ns=273745795955153 fields=385,8,96,20,96,20,0,0,0,0,16,0,0,0,0,0
event=trace_row ordinal=1348 kind=4 ns=273745796096318 fields=641,5,3,0,0,0,0,0,0,0,16,0,0,0,0,0
event=trace_row ordinal=1349 kind=5 ns=273745798850490 fields=513,6,2,0,0,0,0,0,0,0,16,0,0,0,0,0
event=trace_row ordinal=1350 kind=0 ns=273745798812574 fields=240,2,0,50,2,0,0,0,0,0,0,0,0,0,0,0
event=trace_row ordinal=1351 kind=1 ns=273745798812574 fields=240,2,0,1002,994,200,1000,0,1,0,0,0,0,0,0,0
event=trace_row ordinal=1352 kind=1 ns=273745798812574 fields=240,2,1,1002,994,200,1000,0,1,0,0,0,0,0,0,0
event=trace_row ordinal=1353 kind=3 ns=273745798855740 fields=240,241,0,2,273745798812574,0,0,0,0,0,0,0,0,6,0,2
event=trace_row ordinal=1354 kind=5 ns=273745808836734 fields=513,6,2,0,0,0,0,0,0,0,16,0,0,0,0,0
event=trace_row ordinal=1355 kind=0 ns=273745808810485 fields=241,2,0,25,1,0,0,0,0,0,0,0,0,0,0,0
event=trace_row ordinal=1356 kind=1 ns=273745808810485 fields=241,2,0,1002,994,200,1000,0,1,0,0,0,0,0,0,0
event=trace_row ordinal=1357 kind=3 ns=273745808840818 fields=241,242,0,2,273745808810485,0,0,0,0,0,0,0,0,6,0,2
event=trace_row ordinal=1358 kind=5 ns=273745818859436 fields=513,6,2,0,0,0,0,0,0,0,16,0,0,0,0,0
event=trace_row ordinal=1359 kind=0 ns=273745818813937 fields=242,2,0,50,2,0,0,0,0,0,0,0,0,0,0,0
event=trace_row ordinal=1360 kind=1 ns=273745818813937 fields=242,2,0,1002,994,200,1000,0,1,0,0,0,0,0,0,0
event=trace_row ordinal=1361 kind=1 ns=273745818813937 fields=242,2,1,1002,994,200,1000,0,1,0,0,0,0,0,0,0
event=trace_row ordinal=1362 kind=3 ns=273745818867603 fields=242,243,0,2,273745818813937,0,0,0,0,0,0,0,0,6,0,2
event=trace_row ordinal=1363 kind=5 ns=273745828840139 fields=513,6,2,0,0,0,0,0,0,0,16,0,0,0,0,0
event=trace_row ordinal=1364 kind=0 ns=273745828812139 fields=243,2,0,25,1,0,0,0,0,0,0,0,0,0,0,0
event=trace_row ordinal=1365 kind=1 ns=273745828812139 fields=243,2,0,1002,994,200,1000,0,1,0,0,0,0,0,0,0
event=trace_row ordinal=1366 kind=3 ns=273745828845097 fields=243,244,0,2,273745828812139,0,0,0,0,0,0,0,0,6,0,2
event=trace_row ordinal=1367 kind=5 ns=273745838839799 fields=513,6,2,0,0,0,0,0,0,0,16,0,0,0,0,0
event=trace_row ordinal=1368 kind=0 ns=273745838811508 fields=244,2,0,25,1,0,0,0,0,0,0,0,0,0,0,0
event=trace_row ordinal=1369 kind=1 ns=273745838811508 fields=244,2,0,1002,994,200,1000,0,1,0,0,0,0,0,0,0
event=trace_row ordinal=1370 kind=3 ns=273745838843883 fields=244,245,0,2,273745838811508,0,0,0,0,0,0,0,0,6,0,2
event=trace_row ordinal=1371 kind=4 ns=273745845926623 fields=385,8,96,20,96,20,0,0,0,0,16,0,0,0,0,0
event=trace_row ordinal=1372 kind=4 ns=273745846104246 fields=641,5,3,0,0,0,0,0,0,0,16,0,0,0,0,0
event=trace_row ordinal=1373 kind=5 ns=273745848841502 fields=513,6,2,0,0,0,0,0,0,0,16,0,0,0,0,0
event=trace_row ordinal=1374 kind=0 ns=273745848810294 fields=245,2,0,50,2,0,0,0,0,0,0,0,0,0,0,0
event=trace_row ordinal=1375 kind=1 ns=273745848810294 fields=245,2,0,1002,994,200,1000,0,1,0,0,0,0,0,0,0
event=trace_row ordinal=1376 kind=1 ns=273745848810294 fields=245,2,1,1002,994,200,1000,0,1,0,0,0,0,0,0,0
event=trace_row ordinal=1377 kind=3 ns=273745848846752 fields=245,246,0,2,273745848810294,0,0,0,0,0,0,0,0,6,0,2
event=trace_row ordinal=1378 kind=5 ns=273745858839704 fields=513,6,2,0,0,0,0,0,0,0,16,0,0,0,0,0
event=trace_row ordinal=1379 kind=0 ns=273745858809663 fields=246,2,0,25,1,0,0,0,0,0,0,0,0,0,0,0
event=trace_row ordinal=1380 kind=1 ns=273745858809663 fields=246,2,0,1002,994,200,1000,0,1,0,0,0,0,0,0,0
event=trace_row ordinal=1381 kind=3 ns=273745858844954 fields=246,247,0,2,273745858809663,0,0,0,0,0,0,0,0,6,0,2
event=trace_row ordinal=1382 kind=5 ns=273745868835573 fields=513,6,2,0,0,0,0,0,0,0,16,0,0,0,0,0
event=trace_row ordinal=1383 kind=0 ns=273745868808740 fields=247,2,0,50,2,0,0,0,0,0,0,0,0,0,0,0
event=trace_row ordinal=1384 kind=1 ns=273745868808740 fields=247,2,0,1002,994,200,1000,0,1,0,0,0,0,0,0,0
event=trace_row ordinal=1385 kind=1 ns=273745868808740 fields=247,2,1,1002,994,200,1000,0,1,0,0,0,0,0,0,0
event=trace_row ordinal=1386 kind=3 ns=273745868839656 fields=247,248,0,2,273745868808740,0,0,0,0,0,0,0,0,6,0,2
event=trace_row ordinal=1387 kind=5 ns=273745878832900 fields=513,6,2,0,0,0,0,0,0,0,16,0,0,0,0,0
event=trace_row ordinal=1388 kind=0 ns=273745878808984 fields=248,2,0,25,1,0,0,0,0,0,0,0,0,0,0,0
event=trace_row ordinal=1389 kind=1 ns=273745878808984 fields=248,2,0,1001,994,200,1000,0,1,0,0,0,0,0,0,0
event=trace_row ordinal=1390 kind=3 ns=273745878837567 fields=248,249,0,2,273745878808984,0,0,0,0,0,0,0,0,6,0,2
event=trace_row ordinal=1391 kind=5 ns=273745888833144 fields=513,6,2,0,0,0,0,0,0,0,16,0,0,0,0,0
event=trace_row ordinal=1392 kind=0 ns=273745888806603 fields=249,2,0,50,2,0,0,0,0,0,0,0,0,0,0,0
event=trace_row ordinal=1393 kind=1 ns=273745888806603 fields=249,2,0,1001,994,200,1000,0,1,0,0,0,0,0,0,0
event=trace_row ordinal=1394 kind=1 ns=273745888806603 fields=249,2,1,1001,994,200,1000,0,1,0,0,0,0,0,0,0
event=trace_row ordinal=1395 kind=3 ns=273745888837811 fields=249,250,0,2,273745888806603,0,0,0,0,0,0,0,0,6,0,2
event=trace_row ordinal=1396 kind=4 ns=273745895933676 fields=385,8,96,20,96,20,0,0,0,0,16,0,0,0,0,0
event=trace_row ordinal=1397 kind=4 ns=273745896112465 fields=641,5,3,0,0,0,0,0,0,0,16,0,0,0,0,0
event=trace_row ordinal=1398 kind=5 ns=273745898834555 fields=513,6,2,0,0,0,0,0,0,0,16,0,0,0,0,0
event=trace_row ordinal=1399 kind=0 ns=273745898809472 fields=250,2,0,25,1,0,0,0,0,0,0,0,0,0,0,0
event=trace_row ordinal=1400 kind=1 ns=273745898809472 fields=250,2,0,1002,994,200,1000,0,1,0,0,0,0,0,0,0
event=trace_row ordinal=1401 kind=3 ns=273745898838930 fields=250,251,0,2,273745898809472,0,0,0,0,0,0,0,0,6,0,2
event=trace_row ordinal=1402 kind=5 ns=273745908831299 fields=513,6,2,0,0,0,0,0,0,0,16,0,0,0,0,0
event=trace_row ordinal=1403 kind=0 ns=273745908808257 fields=251,2,0,25,1,0,0,0,0,0,0,0,0,0,0,0
event=trace_row ordinal=1404 kind=1 ns=273745908808257 fields=251,2,0,1002,994,200,1000,0,1,0,0,0,0,0,0,0
event=trace_row ordinal=1405 kind=3 ns=273745908835382 fields=251,252,0,2,273745908808257,0,0,0,0,0,0,0,0,6,0,2
event=trace_row ordinal=1406 kind=5 ns=273745918819584 fields=513,6,2,0,0,0,0,0,0,0,16,0,0,0,0,0
event=trace_row ordinal=1407 kind=0 ns=273745918799460 fields=252,2,0,50,2,0,0,0,0,0,0,0,0,0,0,0
event=trace_row ordinal=1408 kind=1 ns=273745918799460 fields=252,2,0,1002,994,200,1000,0,1,0,0,0,0,0,0,0
event=trace_row ordinal=1409 kind=1 ns=273745918799460 fields=252,2,1,1002,994,200,1000,0,1,0,0,0,0,0,0,0
event=trace_row ordinal=1410 kind=3 ns=273745918822501 fields=252,253,0,2,273745918799460,0,0,0,0,0,0,0,0,6,0,2
event=trace_row ordinal=1411 kind=5 ns=273745928824787 fields=513,6,2,0,0,0,0,0,0,0,16,0,0,0,0,0
event=trace_row ordinal=1412 kind=0 ns=273745928803787 fields=253,2,0,25,1,0,0,0,0,0,0,0,0,0,0,0
event=trace_row ordinal=1413 kind=1 ns=273745928803787 fields=253,2,0,1002,994,200,1000,0,1,0,0,0,0,0,0,0
event=trace_row ordinal=1414 kind=3 ns=273745928828870 fields=253,254,0,2,273745928803787,0,0,0,0,0,0,0,0,6,0,2
event=trace_row ordinal=1415 kind=5 ns=273745938820072 fields=513,6,2,0,0,0,0,0,0,0,16,0,0,0,0,0
event=trace_row ordinal=1416 kind=0 ns=273745938800239 fields=254,2,0,50,2,0,0,0,0,0,0,0,0,0,0,0
event=trace_row ordinal=1417 kind=1 ns=273745938800239 fields=254,2,0,1002,994,200,1000,0,1,0,0,0,0,0,0,0
event=trace_row ordinal=1418 kind=1 ns=273745938800239 fields=254,2,1,1002,994,200,1000,0,1,0,0,0,0,0,0,0
event=trace_row ordinal=1419 kind=3 ns=273745938823280 fields=254,255,0,2,273745938800239,0,0,0,0,0,0,0,0,6,0,2
event=trace_row ordinal=1420 kind=4 ns=273745945936646 fields=385,8,96,20,96,20,0,0,0,0,16,0,0,0,0,0
event=trace_row ordinal=1421 kind=4 ns=273745946125060 fields=641,5,3,0,0,0,0,0,0,0,16,0,0,0,0,0
event=trace_row ordinal=1422 kind=5 ns=273745948820899 fields=513,6,2,0,0,0,0,0,0,0,16,0,0,0,0,0
event=trace_row ordinal=1423 kind=0 ns=273745948801358 fields=255,2,0,25,1,0,0,0,0,0,0,0,0,0,0,0
event=trace_row ordinal=1424 kind=1 ns=273745948801358 fields=255,2,0,1002,994,200,1000,0,1,0,0,0,0,0,0,0
event=trace_row ordinal=1425 kind=3 ns=273745948824691 fields=255,256,0,2,273745948801358,0,0,0,0,0,0,0,0,6,0,2
event=trace_row ordinal=1426 kind=5 ns=273745958820268 fields=513,6,2,0,0,0,0,0,0,0,16,0,0,0,0,0
event=trace_row ordinal=1427 kind=0 ns=273745958799560 fields=256,2,0,50,2,0,0,0,0,0,0,0,0,0,0,0
event=trace_row ordinal=1428 kind=1 ns=273745958799560 fields=256,2,0,1002,994,200,1000,0,1,0,0,0,0,0,0,0
event=trace_row ordinal=1429 kind=1 ns=273745958799560 fields=256,2,1,1002,994,200,1000,0,1,0,0,0,0,0,0,0
event=trace_row ordinal=1430 kind=3 ns=273745958823768 fields=256,257,0,2,273745958799560,0,0,0,0,0,0,0,0,6,0,2
event=trace_row ordinal=1431 kind=5 ns=273745968818179 fields=513,6,2,0,0,0,0,0,0,0,16,0,0,0,0,0
event=trace_row ordinal=1432 kind=0 ns=273745968800096 fields=257,2,0,25,1,0,0,0,0,0,0,0,0,0,0,0
event=trace_row ordinal=1433 kind=1 ns=273745968800096 fields=257,2,0,1002,994,200,1000,0,1,0,0,0,0,0,0,0
event=trace_row ordinal=1434 kind=3 ns=273745968821387 fields=257,258,0,2,273745968800096,0,0,0,0,0,0,0,0,6,0,2
event=trace_row ordinal=1435 kind=5 ns=273745978817548 fields=513,6,2,0,0,0,0,0,0,0,16,0,0,0,0,0
event=trace_row ordinal=1436 kind=0 ns=273745978799757 fields=258,2,0,25,1,0,0,0,0,0,0,0,0,0,0,0
event=trace_row ordinal=1437 kind=1 ns=273745978799757 fields=258,2,0,1002,994,200,1000,0,1,0,0,0,0,0,0,0
event=trace_row ordinal=1438 kind=3 ns=273745978820465 fields=258,259,0,2,273745978799757,0,0,0,0,0,0,0,0,6,0,2
event=trace_row ordinal=1439 kind=5 ns=273745988819251 fields=513,6,2,0,0,0,0,0,0,0,16,0,0,0,0,0
event=trace_row ordinal=1440 kind=0 ns=273745988799709 fields=259,2,0,50,2,0,0,0,0,0,0,0,0,0,0,0
event=trace_row ordinal=1441 kind=1 ns=273745988799709 fields=259,2,0,1002,994,200,1000,0,1,0,0,0,0,0,0,0
event=trace_row ordinal=1442 kind=1 ns=273745988799709 fields=259,2,1,1002,994,200,1000,0,1,0,0,0,0,0,0,0
event=trace_row ordinal=1443 kind=3 ns=273745988822751 fields=259,260,0,2,273745988799709,0,0,0,0,0,0,0,0,6,0,2
event=trace_row ordinal=1444 kind=4 ns=273745995944282 fields=385,8,96,20,96,20,0,0,0,0,16,0,0,0,0,0
event=trace_row ordinal=1445 kind=4 ns=273745996133280 fields=641,5,3,0,0,0,0,0,0,0,16,0,0,0,0,0
event=trace_row ordinal=1446 kind=5 ns=273745998818328 fields=513,6,2,0,0,0,0,0,0,0,16,0,0,0,0,0
event=trace_row ordinal=1447 kind=0 ns=273745998799662 fields=260,2,0,25,1,0,0,0,0,0,0,0,0,0,0,0
event=trace_row ordinal=1448 kind=1 ns=273745998799662 fields=260,2,0,1002,994,200,1000,0,1,0,0,0,0,0,0,0
event=trace_row ordinal=1449 kind=3 ns=273745998821536 fields=260,261,0,2,273745998799662,0,0,0,0,0,0,0,0,6,0,2
event=trace_row ordinal=1450 kind=5 ns=273746008819739 fields=513,6,2,0,0,0,0,0,0,0,16,0,0,0,0,0
event=trace_row ordinal=1451 kind=0 ns=273746008800197 fields=261,2,0,50,2,0,0,0,0,0,0,0,0,0,0,0
event=trace_row ordinal=1452 kind=1 ns=273746008800197 fields=261,2,0,1002,994,200,1000,0,1,0,0,0,0,0,0,0
event=trace_row ordinal=1453 kind=1 ns=273746008800197 fields=261,2,1,1002,994,200,1000,0,1,0,0,0,0,0,0,0
event=trace_row ordinal=1454 kind=3 ns=273746008823239 fields=261,262,0,2,273746008800197,0,0,0,0,0,0,0,0,6,0,2
event=trace_row ordinal=1455 kind=5 ns=273746018817650 fields=513,6,2,0,0,0,0,0,0,0,16,0,0,0,0,0
event=trace_row ordinal=1456 kind=0 ns=273746018799566 fields=262,2,0,25,1,0,0,0,0,0,0,0,0,0,0,0
event=trace_row ordinal=1457 kind=1 ns=273746018799566 fields=262,2,0,1002,994,200,1000,0,1,0,0,0,0,0,0,0
event=trace_row ordinal=1458 kind=3 ns=273746018820566 fields=262,263,0,2,273746018799566,0,0,0,0,0,0,0,0,6,0,2
event=trace_row ordinal=1459 kind=5 ns=273746028820810 fields=513,6,2,0,0,0,0,0,0,0,16,0,0,0,0,0
event=trace_row ordinal=1460 kind=0 ns=273746028800394 fields=263,2,0,50,2,0,0,0,0,0,0,0,0,0,0,0
event=trace_row ordinal=1461 kind=1 ns=273746028800394 fields=263,2,0,1002,994,200,1000,0,1,0,0,0,0,0,0,0
event=trace_row ordinal=1462 kind=1 ns=273746028800394 fields=263,2,1,1002,994,200,1000,0,1,0,0,0,0,0,0,0
event=trace_row ordinal=1463 kind=3 ns=273746028824310 fields=263,264,0,2,273746028800394,0,0,0,0,0,0,0,0,6,0,2
event=trace_row ordinal=1464 kind=4 ns=273746031734814 fields=1793,1,5,0,0,0,0,0,0,0,16,0,0,0,0,0
event=trace_row ordinal=1465 kind=5 ns=273746038821054 fields=513,6,2,0,0,0,0,0,0,0,16,0,0,0,0,0
event=trace_row ordinal=1466 kind=0 ns=273746038801221 fields=264,2,0,25,1,0,0,0,0,0,0,0,0,0,0,0
event=trace_row ordinal=1467 kind=1 ns=273746038801221 fields=264,2,0,1002,994,200,1000,0,1,0,0,0,0,0,0,0
event=trace_row ordinal=1468 kind=3 ns=273746038824554 fields=264,265,0,2,273746038801221,0,0,0,0,0,0,0,0,6,0,2
event=trace_row ordinal=1469 kind=4 ns=273746045950169 fields=385,8,96,20,96,20,0,0,0,0,16,0,0,0,0,0
event=trace_row ordinal=1470 kind=4 ns=273746046141500 fields=641,5,3,0,0,0,0,0,0,0,16,0,0,0,0,0
event=trace_row ordinal=1471 kind=5 ns=273746048819548 fields=513,6,2,0,0,0,0,0,0,0,16,0,0,0,0,0
event=trace_row ordinal=1472 kind=0 ns=273746048800299 fields=265,2,0,25,1,0,0,0,0,0,0,0,0,0,0,0
event=trace_row ordinal=1473 kind=1 ns=273746048800299 fields=265,2,0,1002,994,200,1000,0,1,0,0,0,0,0,0,0
event=trace_row ordinal=1474 kind=3 ns=273746048822757 fields=265,266,0,2,273746048800299,0,0,0,0,0,0,0,0,6,0,2
event=trace_row ordinal=1475 kind=5 ns=273746058843709 fields=513,6,2,0,0,0,0,0,0,0,16,0,0,0,0,0
event=trace_row ordinal=1476 kind=0 ns=273746058811334 fields=266,2,0,50,2,0,0,0,0,0,0,0,0,0,0,0
event=trace_row ordinal=1477 kind=1 ns=273746058811334 fields=266,2,0,1002,994,200,1000,0,1,0,0,0,0,0,0,0
event=trace_row ordinal=1478 kind=1 ns=273746058811334 fields=266,2,1,1002,994,200,1000,0,1,0,0,0,0,0,0,0
event=trace_row ordinal=1479 kind=3 ns=273746058849834 fields=266,267,0,2,273746058811334,0,0,0,0,0,0,0,0,6,0,2
event=trace_row ordinal=1480 kind=5 ns=273746068819745 fields=513,6,2,0,0,0,0,0,0,0,16,0,0,0,0,0
event=trace_row ordinal=1481 kind=0 ns=273746068801078 fields=267,2,0,25,1,0,0,0,0,0,0,0,0,0,0,0
event=trace_row ordinal=1482 kind=1 ns=273746068801078 fields=267,2,0,1002,994,200,1000,0,1,0,0,0,0,0,0,0
event=trace_row ordinal=1483 kind=3 ns=273746068823828 fields=267,268,0,2,273746068801078,0,0,0,0,0,0,0,0,6,0,2
event=trace_row ordinal=1484 kind=5 ns=273746078819114 fields=513,6,2,0,0,0,0,0,0,0,16,0,0,0,0,0
event=trace_row ordinal=1485 kind=0 ns=273746078799281 fields=268,2,0,50,2,0,0,0,0,0,0,0,0,0,0,0
event=trace_row ordinal=1486 kind=1 ns=273746078799281 fields=268,2,0,1002,994,200,1000,0,1,0,0,0,0,0,0,0
event=trace_row ordinal=1487 kind=1 ns=273746078799281 fields=268,2,1,1001,994,200,1000,0,1,0,0,0,0,0,0,0
event=trace_row ordinal=1488 kind=3 ns=273746078822906 fields=268,269,0,2,273746078799281,0,0,0,0,0,0,0,0,6,0,2
event=trace_row ordinal=1489 kind=5 ns=273746088817608 fields=513,6,2,0,0,0,0,0,0,0,16,0,0,0,0,0
event=trace_row ordinal=1490 kind=0 ns=273746088799817 fields=269,2,0,25,1,0,0,0,0,0,0,0,0,0,0,0
event=trace_row ordinal=1491 kind=1 ns=273746088799817 fields=269,2,0,1001,994,200,1000,0,1,0,0,0,0,0,0,0
event=trace_row ordinal=1492 kind=3 ns=273746088820816 fields=269,270,0,2,273746088799817,0,0,0,0,0,0,0,0,6,0,2
event=trace_row ordinal=1493 kind=4 ns=273746095968306 fields=385,8,96,20,96,20,0,0,0,0,16,0,0,0,0,0
event=trace_row ordinal=1494 kind=4 ns=273746096149429 fields=641,5,3,0,0,0,0,0,0,0,16,0,0,0,0,0
event=trace_row ordinal=1495 kind=5 ns=273746098821644 fields=513,6,2,0,0,0,0,0,0,0,16,0,0,0,0,0
event=trace_row ordinal=1496 kind=0 ns=273746098801227 fields=270,2,0,50,2,0,0,0,0,0,0,0,0,0,0,0
event=trace_row ordinal=1497 kind=1 ns=273746098801227 fields=270,2,0,1001,994,200,1000,0,1,0,0,0,0,0,0,0
event=trace_row ordinal=1498 kind=1 ns=273746098801227 fields=270,2,1,1002,994,200,1000,0,1,0,0,0,0,0,0,0
event=trace_row ordinal=1499 kind=3 ns=273746098825144 fields=270,271,0,2,273746098801227,0,0,0,0,0,0,0,0,6,0,2
event=trace_row ordinal=1500 kind=5 ns=273746108818388 fields=513,6,2,0,0,0,0,0,0,0,16,0,0,0,0,0
event=trace_row ordinal=1501 kind=0 ns=273746108800305 fields=271,2,0,25,1,0,0,0,0,0,0,0,0,0,0,0
event=trace_row ordinal=1502 kind=1 ns=273746108800305 fields=271,2,0,1002,994,200,1000,0,1,0,0,0,0,0,0,0
event=trace_row ordinal=1503 kind=3 ns=273746108821304 fields=271,272,0,2,273746108800305,0,0,0,0,0,0,0,0,6,0,2
event=trace_row ordinal=1504 kind=5 ns=273746118818048 fields=513,6,2,0,0,0,0,0,0,0,16,0,0,0,0,0
event=trace_row ordinal=1505 kind=0 ns=273746118800257 fields=272,2,0,25,1,0,0,0,0,0,0,0,0,0,0,0
event=trace_row ordinal=1506 kind=1 ns=273746118800257 fields=272,2,0,1002,994,200,1000,0,1,0,0,0,0,0,0,0
event=trace_row ordinal=1507 kind=3 ns=273746118821257 fields=272,273,0,2,273746118800257,0,0,0,0,0,0,0,0,6,0,2
event=trace_row ordinal=1508 kind=5 ns=273746128821209 fields=513,6,2,0,0,0,0,0,0,0,16,0,0,0,0,0
event=trace_row ordinal=1509 kind=0 ns=273746128800501 fields=273,2,0,50,2,0,0,0,0,0,0,0,0,0,0,0
event=trace_row ordinal=1510 kind=1 ns=273746128800501 fields=273,2,0,1002,994,200,1000,0,1,0,0,0,0,0,0,0
event=trace_row ordinal=1511 kind=1 ns=273746128800501 fields=273,2,1,1002,994,200,1000,0,1,0,0,0,0,0,0,0
event=trace_row ordinal=1512 kind=3 ns=273746128825001 fields=273,274,0,2,273746128800501,0,0,0,0,0,0,0,0,6,0,2
event=trace_row ordinal=1513 kind=5 ns=273746138820870 fields=513,6,2,0,0,0,0,0,0,0,16,0,0,0,0,0
event=trace_row ordinal=1514 kind=0 ns=273746138801620 fields=274,2,0,25,1,0,0,0,0,0,0,0,0,0,0,0
event=trace_row ordinal=1515 kind=1 ns=273746138801620 fields=274,2,0,1002,994,200,1000,0,1,0,0,0,0,0,0,0
event=trace_row ordinal=1516 kind=3 ns=273746138824370 fields=274,275,0,2,273746138801620,0,0,0,0,0,0,0,0,6,0,2
event=trace_row ordinal=1517 kind=4 ns=273746145969235 fields=385,8,96,20,96,20,0,0,0,0,16,0,0,0,0,0
event=trace_row ordinal=1518 kind=4 ns=273746146159107 fields=641,5,3,0,0,0,0,0,0,0,16,0,0,0,0,0
event=trace_row ordinal=1519 kind=5 ns=273746148821406 fields=513,6,2,0,0,0,0,0,0,0,16,0,0,0,0,0
event=trace_row ordinal=1520 kind=0 ns=273746148800406 fields=275,2,0,50,2,0,0,0,0,0,0,0,0,0,0,0
event=trace_row ordinal=1521 kind=1 ns=273746148800406 fields=275,2,0,1002,994,200,1000,0,1,0,0,0,0,0,0,0
event=trace_row ordinal=1522 kind=1 ns=273746148800406 fields=275,2,1,1002,994,200,1000,0,1,0,0,0,0,0,0,0
event=trace_row ordinal=1523 kind=3 ns=273746148824906 fields=275,276,0,2,273746148800406,0,0,0,0,0,0,0,0,6,0,2
event=trace_row ordinal=1524 kind=5 ns=273746158818150 fields=513,6,2,0,0,0,0,0,0,0,16,0,0,0,0,0
event=trace_row ordinal=1525 kind=0 ns=273746158800067 fields=276,2,0,25,1,0,0,0,0,0,0,0,0,0,0,0
event=trace_row ordinal=1526 kind=1 ns=273746158800067 fields=276,2,0,1002,994,200,1000,0,1,0,0,0,0,0,0,0
event=trace_row ordinal=1527 kind=3 ns=273746158821358 fields=276,277,0,2,273746158800067,0,0,0,0,0,0,0,0,6,0,2
event=trace_row ordinal=1528 kind=5 ns=273746168824810 fields=513,6,2,0,0,0,0,0,0,0,16,0,0,0,0,0
event=trace_row ordinal=1529 kind=0 ns=273746168802061 fields=277,2,0,50,2,0,0,0,0,0,0,0,0,0,0,0
event=trace_row ordinal=1530 kind=1 ns=273746168802061 fields=277,2,0,1002,994,200,1000,0,1,0,0,0,0,0,0,0
event=trace_row ordinal=1531 kind=1 ns=273746168802061 fields=277,2,1,1002,994,200,1000,0,1,0,0,0,0,0,0,0
event=trace_row ordinal=1532 kind=3 ns=273746168828894 fields=277,278,0,2,273746168802061,0,0,0,0,0,0,0,0,6,0,2
event=trace_row ordinal=1533 kind=5 ns=273746178818930 fields=513,6,2,0,0,0,0,0,0,0,16,0,0,0,0,0
event=trace_row ordinal=1534 kind=0 ns=273746178800555 fields=278,2,0,25,1,0,0,0,0,0,0,0,0,0,0,0
event=trace_row ordinal=1535 kind=1 ns=273746178800555 fields=278,2,0,1002,994,200,1000,0,1,0,0,0,0,0,0,0
event=trace_row ordinal=1536 kind=3 ns=273746178822138 fields=278,279,0,2,273746178800555,0,0,0,0,0,0,0,0,6,0,2
event=trace_row ordinal=1537 kind=5 ns=273746188817715 fields=513,6,2,0,0,0,0,0,0,0,16,0,0,0,0,0
event=trace_row ordinal=1538 kind=0 ns=273746188799924 fields=279,2,0,25,1,0,0,0,0,0,0,0,0,0,0,0
event=trace_row ordinal=1539 kind=1 ns=273746188799924 fields=279,2,0,1002,994,200,1000,0,1,0,0,0,0,0,0,0
event=trace_row ordinal=1540 kind=3 ns=273746188820632 fields=279,280,0,2,273746188799924,0,0,0,0,0,0,0,0,6,0,2
event=trace_row ordinal=1541 kind=4 ns=273746195978038 fields=385,8,96,20,96,20,0,0,0,0,16,0,0,0,0,0
event=trace_row ordinal=1542 kind=4 ns=273746196166452 fields=641,5,3,0,0,0,0,0,0,0,16,0,0,0,0,0
event=trace_row ordinal=1543 kind=5 ns=273746198820584 fields=513,6,2,0,0,0,0,0,0,0,16,0,0,0,0,0
event=trace_row ordinal=1544 kind=0 ns=273746198800460 fields=280,2,0,50,2,0,0,0,0,0,0,0,0,0,0,0
event=trace_row ordinal=1545 kind=1 ns=273746198800460 fields=280,2,0,1002,994,200,1000,0,1,0,0,0,0,0,0,0
event=trace_row ordinal=1546 kind=1 ns=273746198800460 fields=280,2,1,1002,994,200,1000,0,1,0,0,0,0,0,0,0
event=trace_row ordinal=1547 kind=3 ns=273746198824084 fields=280,281,0,2,273746198800460,0,0,0,0,0,0,0,0,6,0,2
event=trace_row ordinal=1548 kind=5 ns=273746208818495 fields=513,6,2,0,0,0,0,0,0,0,16,0,0,0,0,0
event=trace_row ordinal=1549 kind=0 ns=273746208799537 fields=281,2,0,25,1,0,0,0,0,0,0,0,0,0,0,0
event=trace_row ordinal=1550 kind=1 ns=273746208799537 fields=281,2,0,1002,994,200,1000,0,1,0,0,0,0,0,0,0
event=trace_row ordinal=1551 kind=3 ns=273746208822287 fields=281,282,0,2,273746208799537,0,0,0,0,0,0,0,0,6,0,2
event=trace_row ordinal=1552 kind=5 ns=273746218824572 fields=513,6,2,0,0,0,0,0,0,0,16,0,0,0,0,0
event=trace_row ordinal=1553 kind=0 ns=273746218802406 fields=282,2,0,50,2,0,0,0,0,0,0,0,0,0,0,0
event=trace_row ordinal=1554 kind=1 ns=273746218802406 fields=282,2,0,1002,994,200,1000,0,1,0,0,0,0,0,0,0
event=trace_row ordinal=1555 kind=1 ns=273746218802406 fields=282,2,1,1002,994,200,1000,0,1,0,0,0,0,0,0,0
event=trace_row ordinal=1556 kind=3 ns=273746218828072 fields=282,283,0,2,273746218802406,0,0,0,0,0,0,0,0,6,0,2
event=trace_row ordinal=1557 kind=5 ns=273746228833275 fields=513,6,2,0,0,0,0,0,0,0,16,0,0,0,0,0
event=trace_row ordinal=1558 kind=0 ns=273746228807608 fields=283,2,0,25,1,0,0,0,0,0,0,0,0,0,0,0
event=trace_row ordinal=1559 kind=1 ns=273746228807608 fields=283,2,0,1002,994,200,1000,0,1,0,0,0,0,0,0,0
event=trace_row ordinal=1560 kind=3 ns=273746228838233 fields=283,284,0,2,273746228807608,0,0,0,0,0,0,0,0,6,0,2
event=trace_row ordinal=1561 kind=5 ns=273746238832352 fields=513,6,2,0,0,0,0,0,0,0,16,0,0,0,0,0
event=trace_row ordinal=1562 kind=0 ns=273746238806102 fields=284,2,0,50,2,0,0,0,0,0,0,0,0,0,0,0
event=trace_row ordinal=1563 kind=1 ns=273746238806102 fields=284,2,0,1002,994,200,1000,0,1,0,0,0,0,0,0,0
event=trace_row ordinal=1564 kind=1 ns=273746238806102 fields=284,2,1,1002,994,200,1000,0,1,0,0,0,0,0,0,0
event=trace_row ordinal=1565 kind=3 ns=273746238837602 fields=284,285,0,2,273746238806102,0,0,0,0,0,0,0,0,6,0,2
event=trace_row ordinal=1566 kind=4 ns=273746246019508 fields=385,8,96,20,96,20,0,0,0,0,16,0,0,0,0,0
event=trace_row ordinal=1567 kind=4 ns=273746246177881 fields=641,5,3,0,0,0,0,0,0,0,16,0,0,0,0,0
event=trace_row ordinal=1568 kind=5 ns=273746248841346 fields=513,6,2,0,0,0,0,0,0,0,16,0,0,0,0,0
event=trace_row ordinal=1569 kind=0 ns=273746248811596 fields=285,2,0,25,1,0,0,0,0,0,0,0,0,0,0,0
event=trace_row ordinal=1570 kind=1 ns=273746248811596 fields=285,2,0,1002,994,200,1000,0,1,0,0,0,0,0,0,0
event=trace_row ordinal=1571 kind=3 ns=273746248846596 fields=285,286,0,2,273746248811596,0,0,0,0,0,0,0,0,6,0,2
event=trace_row ordinal=1572 kind=5 ns=273746258828465 fields=513,6,2,0,0,0,0,0,0,0,16,0,0,0,0,0
event=trace_row ordinal=1573 kind=0 ns=273746258805424 fields=286,2,0,25,1,0,0,0,0,0,0,0,0,0,0,0
event=trace_row ordinal=1574 kind=1 ns=273746258805424 fields=286,2,0,1002,994,200,1000,0,1,0,0,0,0,0,0,0
event=trace_row ordinal=1575 kind=3 ns=273746258832257 fields=286,287,0,2,273746258805424,0,0,0,0,0,0,0,0,6,0,2
event=trace_row ordinal=1576 kind=5 ns=273746268842709 fields=513,6,2,0,0,0,0,0,0,0,16,0,0,0,0,0
event=trace_row ordinal=1577 kind=0 ns=273746268810335 fields=287,2,0,50,2,0,0,0,0,0,0,0,0,0,0,0
event=trace_row ordinal=1578 kind=1 ns=273746268810335 fields=287,2,0,1002,994,200,1000,0,1,0,0,0,0,0,0,0
event=trace_row ordinal=1579 kind=1 ns=273746268810335 fields=287,2,1,1002,994,200,1000,0,1,0,0,0,0,0,0,0
event=trace_row ordinal=1580 kind=3 ns=273746268847667 fields=287,288,0,2,273746268810335,0,0,0,0,0,0,0,0,6,0,2
event=trace_row ordinal=1581 kind=5 ns=273746278822537 fields=513,6,2,0,0,0,0,0,0,0,16,0,0,0,0,0
event=trace_row ordinal=1582 kind=0 ns=273746278802995 fields=288,2,0,25,1,0,0,0,0,0,0,0,0,0,0,0
event=trace_row ordinal=1583 kind=1 ns=273746278802995 fields=288,2,0,1002,994,200,1000,0,1,0,0,0,0,0,0,0
event=trace_row ordinal=1584 kind=3 ns=273746278825745 fields=288,289,0,2,273746278802995,0,0,0,0,0,0,0,0,6,0,2
event=trace_row ordinal=1585 kind=4 ns=273746281290588 fields=1793,1,5,0,0,0,0,0,0,0,16,0,0,0,0,0
event=trace_row ordinal=1586 kind=5 ns=273746288853405 fields=513,6,2,0,0,0,0,0,0,0,16,0,0,0,0,0
event=trace_row ordinal=1587 kind=0 ns=273746288814614 fields=289,2,0,50,2,0,0,0,0,0,0,0,0,0,0,0
event=trace_row ordinal=1588 kind=1 ns=273746288814614 fields=289,2,0,1002,994,200,1000,0,1,0,0,0,0,0,0,0
event=trace_row ordinal=1589 kind=1 ns=273746288814614 fields=289,2,1,1002,994,200,1000,0,1,0,0,0,0,0,0,0
event=trace_row ordinal=1590 kind=3 ns=273746288859239 fields=289,290,0,2,273746288814614,0,0,0,0,0,0,0,0,6,0,2
event=trace_row ordinal=1591 kind=4 ns=273746296009353 fields=385,8,96,20,96,20,0,0,0,0,16,0,0,0,0,0
event=trace_row ordinal=1592 kind=4 ns=273746296182893 fields=641,5,3,0,0,0,0,0,0,0,16,0,0,0,0,0
event=trace_row ordinal=1593 kind=5 ns=273746298834691 fields=513,6,2,0,0,0,0,0,0,0,16,0,0,0,0,0
event=trace_row ordinal=1594 kind=0 ns=273746298806400 fields=290,2,0,25,1,0,0,0,0,0,0,0,0,0,0,0
event=trace_row ordinal=1595 kind=1 ns=273746298806400 fields=290,2,0,1002,994,200,1000,0,1,0,0,0,0,0,0,0
event=trace_row ordinal=1596 kind=3 ns=273746298839650 fields=290,291,0,2,273746298806400,0,0,0,0,0,0,0,0,6,0,2
event=trace_row ordinal=1597 kind=5 ns=273746308852435 fields=513,6,2,0,0,0,0,0,0,0,16,0,0,0,0,0
event=trace_row ordinal=1598 kind=0 ns=273746308815394 fields=291,2,0,50,2,0,0,0,0,0,0,0,0,0,0,0
event=trace_row ordinal=1599 kind=1 ns=273746308815394 fields=291,2,0,1002,994,200,1000,0,1,0,0,0,0,0,0,0
event=trace_row ordinal=1600 kind=1 ns=273746308815394 fields=291,2,1,1002,994,200,1000,0,1,0,0,0,0,0,0,0
event=trace_row ordinal=1601 kind=3 ns=273746308857685 fields=291,292,0,2,273746308815394,0,0,0,0,0,0,0,0,6,0,2
event=trace_row ordinal=1602 kind=5 ns=273746318829930 fields=513,6,2,0,0,0,0,0,0,0,16,0,0,0,0,0
event=trace_row ordinal=1603 kind=0 ns=273746318806597 fields=292,2,0,25,1,0,0,0,0,0,0,0,0,0,0,0
event=trace_row ordinal=1604 kind=1 ns=273746318806597 fields=292,2,0,1002,994,200,1000,0,1,0,0,0,0,0,0,0
event=trace_row ordinal=1605 kind=3 ns=273746318833721 fields=292,293,0,2,273746318806597,0,0,0,0,0,0,0,0,6,0,2
event=trace_row ordinal=1606 kind=5 ns=273746328833090 fields=513,6,2,0,0,0,0,0,0,0,16,0,0,0,0,0
event=trace_row ordinal=1607 kind=0 ns=273746328807132 fields=293,2,0,25,1,0,0,0,0,0,0,0,0,0,0,0
event=trace_row ordinal=1608 kind=1 ns=273746328807132 fields=293,2,0,1002,994,200,1000,0,1,0,0,0,0,0,0,0
event=trace_row ordinal=1609 kind=3 ns=273746328837174 fields=293,294,0,2,273746328807132,0,0,0,0,0,0,0,0,6,0,2
event=trace_row ordinal=1610 kind=5 ns=273746338838001 fields=513,6,2,0,0,0,0,0,0,0,16,0,0,0,0,0
event=trace_row ordinal=1611 kind=0 ns=273746338808835 fields=294,2,0,50,2,0,0,0,0,0,0,0,0,0,0,0
event=trace_row ordinal=1612 kind=1 ns=273746338808835 fields=294,2,0,1002,994,200,1000,0,1,0,0,0,0,0,0,0
event=trace_row ordinal=1613 kind=1 ns=273746338808835 fields=294,2,1,1002,994,200,1000,0,1,0,0,0,0,0,0,0
event=trace_row ordinal=1614 kind=3 ns=273746338842376 fields=294,295,0,2,273746338808835,0,0,0,0,0,0,0,0,6,0,2
event=trace_row ordinal=1615 kind=4 ns=273746346016115 fields=385,8,96,20,96,20,0,0,0,0,16,0,0,0,0,0
event=trace_row ordinal=1616 kind=4 ns=273746346196071 fields=641,5,3,0,0,0,0,0,0,0,16,0,0,0,0,0
event=trace_row ordinal=1617 kind=5 ns=273746348830954 fields=513,6,2,0,0,0,0,0,0,0,16,0,0,0,0,0
event=trace_row ordinal=1618 kind=0 ns=273746348806454 fields=295,2,0,25,1,0,0,0,0,0,0,0,0,0,0,0
event=trace_row ordinal=1619 kind=1 ns=273746348806454 fields=295,2,0,1002,994,200,1000,0,1,0,0,0,0,0,0,0
event=trace_row ordinal=1620 kind=3 ns=273746348834453 fields=295,296,0,2,273746348806454,0,0,0,0,0,0,0,0,6,0,2
event=trace_row ordinal=1621 kind=5 ns=273746358830323 fields=513,6,2,0,0,0,0,0,0,0,16,0,0,0,0,0
event=trace_row ordinal=1622 kind=0 ns=273746358805531 fields=296,2,0,50,2,0,0,0,0,0,0,0,0,0,0,0
event=trace_row ordinal=1623 kind=1 ns=273746358805531 fields=296,2,0,1002,994,200,1000,0,1,0,0,0,0,0,0,0
event=trace_row ordinal=1624 kind=1 ns=273746358805531 fields=296,2,1,1001,994,200,1000,0,1,0,0,0,0,0,0,0
event=trace_row ordinal=1625 kind=3 ns=273746358834989 fields=296,297,0,2,273746358805531,0,0,0,0,0,0,0,0,6,0,2
event=trace_row ordinal=1626 kind=5 ns=273746368843400 fields=513,6,2,0,0,0,0,0,0,0,16,0,0,0,0,0
event=trace_row ordinal=1627 kind=0 ns=273746368810734 fields=297,2,0,25,1,0,0,0,0,0,0,0,0,0,0,0
event=trace_row ordinal=1628 kind=1 ns=273746368810734 fields=297,2,0,1001,994,200,1000,0,1,0,0,0,0,0,0,0
event=trace_row ordinal=1629 kind=3 ns=273746368847775 fields=297,298,0,2,273746368810734,0,0,0,0,0,0,0,0,6,0,2
event=trace_row ordinal=1630 kind=5 ns=273746378829936 fields=513,6,2,0,0,0,0,0,0,0,16,0,0,0,0,0
event=trace_row ordinal=1631 kind=0 ns=273746378805728 fields=298,2,0,50,2,0,0,0,0,0,0,0,0,0,0,0
event=trace_row ordinal=1632 kind=1 ns=273746378805728 fields=298,2,0,1001,994,200,1000,0,1,0,0,0,0,0,0,0
event=trace_row ordinal=1633 kind=1 ns=273746378805728 fields=298,2,1,1002,994,200,1000,0,1,0,0,0,0,0,0,0
event=trace_row ordinal=1634 kind=3 ns=273746378834311 fields=298,299,0,2,273746378805728,0,0,0,0,0,0,0,0,6,0,2
event=trace_row ordinal=1635 kind=5 ns=273746388825513 fields=513,6,2,0,0,0,0,0,0,0,16,0,0,0,0,0
event=trace_row ordinal=1636 kind=0 ns=273746388804513 fields=299,2,0,25,1,0,0,0,0,0,0,0,0,0,0,0
event=trace_row ordinal=1637 kind=1 ns=273746388804513 fields=299,2,0,1002,994,200,1000,0,1,0,0,0,0,0,0,0
event=trace_row ordinal=1638 kind=3 ns=273746388829013 fields=299,300,0,2,273746388804513,0,0,0,0,0,0,0,0,6,0,2
event=trace_row ordinal=1639 kind=4 ns=273746396033669 fields=385,8,96,20,96,20,0,0,0,0,16,0,0,0,0,0
event=trace_row ordinal=1640 kind=4 ns=273746396201667 fields=641,5,3,0,0,0,0,0,0,0,16,0,0,0,0,0
event=trace_row ordinal=1641 kind=5 ns=273746398829841 fields=513,6,2,0,0,0,0,0,0,0,16,0,0,0,0,0
event=trace_row ordinal=1642 kind=0 ns=273746398808841 fields=300,2,0,25,1,0,0,0,0,0,0,0,0,0,0,0
event=trace_row ordinal=1643 kind=1 ns=273746398808841 fields=300,2,0,1002,994,200,1000,0,1,0,0,0,0,0,0,0
event=trace_row ordinal=1644 kind=3 ns=273746398834507 fields=300,301,0,2,273746398808841,0,0,0,0,0,0,0,0,6,0,2
event=trace_row ordinal=1645 kind=5 ns=273746408827168 fields=513,6,2,0,0,0,0,0,0,0,16,0,0,0,0,0
event=trace_row ordinal=1646 kind=0 ns=273746408804418 fields=301,2,0,50,2,0,0,0,0,0,0,0,0,0,0,0
event=trace_row ordinal=1647 kind=1 ns=273746408804418 fields=301,2,0,1002,994,200,1000,0,1,0,0,0,0,0,0,0
event=trace_row ordinal=1648 kind=1 ns=273746408804418 fields=301,2,1,1002,994,200,1000,0,1,0,0,0,0,0,0,0
event=trace_row ordinal=1649 kind=3 ns=273746408830960 fields=301,302,0,2,273746408804418,0,0,0,0,0,0,0,0,6,0,2
event=trace_row ordinal=1650 kind=5 ns=273746418822454 fields=513,6,2,0,0,0,0,0,0,0,16,0,0,0,0,0
event=trace_row ordinal=1651 kind=0 ns=273746418802912 fields=302,2,0,25,1,0,0,0,0,0,0,0,0,0,0,0
event=trace_row ordinal=1652 kind=1 ns=273746418802912 fields=302,2,0,1002,994,200,1000,0,1,0,0,0,0,0,0,0
event=trace_row ordinal=1653 kind=3 ns=273746418826829 fields=302,303,0,2,273746418802912,0,0,0,0,0,0,0,0,6,0,2
event=trace_row ordinal=1654 kind=5 ns=273746428819198 fields=513,6,2,0,0,0,0,0,0,0,16,0,0,0,0,0
event=trace_row ordinal=1655 kind=0 ns=273746428799365 fields=303,2,0,50,2,0,0,0,0,0,0,0,0,0,0,0
event=trace_row ordinal=1656 kind=1 ns=273746428799365 fields=303,2,0,1002,994,200,1000,0,1,0,0,0,0,0,0,0
event=trace_row ordinal=1657 kind=1 ns=273746428799365 fields=303,2,1,1002,994,200,1000,0,1,0,0,0,0,0,0,0
event=trace_row ordinal=1658 kind=3 ns=273746428822406 fields=303,304,0,2,273746428799365,0,0,0,0,0,0,0,0,6,0,2
event=trace_row ordinal=1659 kind=5 ns=273746438829358 fields=513,6,2,0,0,0,0,0,0,0,16,0,0,0,0,0
event=trace_row ordinal=1660 kind=0 ns=273746438805150 fields=304,2,0,25,1,0,0,0,0,0,0,0,0,0,0,0
event=trace_row ordinal=1661 kind=1 ns=273746438805150 fields=304,2,0,1002,994,200,1000,0,1,0,0,0,0,0,0,0
event=trace_row ordinal=1662 kind=3 ns=273746438833442 fields=304,305,0,2,273746438805150,0,0,0,0,0,0,0,0,6,0,2
event=trace_row ordinal=1663 kind=4 ns=273746446029931 fields=385,8,96,20,96,20,0,0,0,0,16,0,0,0,0,0
event=trace_row ordinal=1664 kind=4 ns=273746446211928 fields=641,5,3,0,0,0,0,0,0,0,16,0,0,0,0,0
event=trace_row ordinal=1665 kind=5 ns=273746448822603 fields=513,6,2,0,0,0,0,0,0,0,16,0,0,0,0,0
event=trace_row ordinal=1666 kind=0 ns=273746448801020 fields=305,2,0,50,2,0,0,0,0,0,0,0,0,0,0,0
event=trace_row ordinal=1667 kind=1 ns=273746448801020 fields=305,2,0,1002,994,200,1000,0,1,0,0,0,0,0,0,0
event=trace_row ordinal=1668 kind=1 ns=273746448801020 fields=305,2,1,1002,994,200,1000,0,1,0,0,0,0,0,0,0
event=trace_row ordinal=1669 kind=3 ns=273746448826103 fields=305,306,0,2,273746448801020,0,0,0,0,0,0,0,0,6,0,2
event=trace_row ordinal=1670 kind=5 ns=273746458821680 fields=513,6,2,0,0,0,0,0,0,0,16,0,0,0,0,0
event=trace_row ordinal=1671 kind=0 ns=273746458801555 fields=306,2,0,25,1,0,0,0,0,0,0,0,0,0,0,0
event=trace_row ordinal=1672 kind=1 ns=273746458801555 fields=306,2,0,1002,994,200,1000,0,1,0,0,0,0,0,0,0
event=trace_row ordinal=1673 kind=3 ns=273746458825180 fields=306,307,0,2,273746458801555,0,0,0,0,0,0,0,0,6,0,2
event=trace_row ordinal=1674 kind=5 ns=273746468818424 fields=513,6,2,0,0,0,0,0,0,0,16,0,0,0,0,0
event=trace_row ordinal=1675 kind=0 ns=273746468800049 fields=307,2,0,25,1,0,0,0,0,0,0,0,0,0,0,0
event=trace_row ordinal=1676 kind=1 ns=273746468800049 fields=307,2,0,1002,994,200,1000,0,1,0,0,0,0,0,0,0
event=trace_row ordinal=1677 kind=3 ns=273746468821632 fields=307,308,0,2,273746468800049,0,0,0,0,0,0,0,0,6,0,2
event=trace_row ordinal=1678 kind=5 ns=273746478819835 fields=513,6,2,0,0,0,0,0,0,0,16,0,0,0,0,0
event=trace_row ordinal=1679 kind=0 ns=273746478799710 fields=308,2,0,50,2,0,0,0,0,0,0,0,0,0,0,0
event=trace_row ordinal=1680 kind=1 ns=273746478799710 fields=308,2,0,1002,994,200,1000,0,1,0,0,0,0,0,0,0
event=trace_row ordinal=1681 kind=1 ns=273746478799710 fields=308,2,1,1002,994,200,1000,0,1,0,0,0,0,0,0,0
event=trace_row ordinal=1682 kind=3 ns=273746478823918 fields=308,309,0,2,273746478799710,0,0,0,0,0,0,0,0,6,0,2
event=trace_row ordinal=1683 kind=5 ns=273746488816871 fields=513,6,2,0,0,0,0,0,0,0,16,0,0,0,0,0
event=trace_row ordinal=1684 kind=0 ns=273746488799371 fields=309,2,0,25,1,0,0,0,0,0,0,0,0,0,0,0
event=trace_row ordinal=1685 kind=1 ns=273746488799371 fields=309,2,0,1002,994,200,1000,0,1,0,0,0,0,0,0,0
event=trace_row ordinal=1686 kind=3 ns=273746488820079 fields=309,310,0,2,273746488799371,0,0,0,0,0,0,0,0,6,0,2
event=trace_row ordinal=1687 kind=4 ns=273746496036401 fields=385,8,96,20,96,20,0,0,0,0,16,0,0,0,0,0
event=trace_row ordinal=1688 kind=4 ns=273746496219565 fields=641,5,3,0,0,0,0,0,0,0,16,0,0,0,0,0
event=trace_row ordinal=1689 kind=5 ns=273746498820031 fields=513,6,2,0,0,0,0,0,0,0,16,0,0,0,0,0
event=trace_row ordinal=1690 kind=0 ns=273746498799907 fields=310,2,0,50,2,0,0,0,0,0,0,0,0,0,0,0
event=trace_row ordinal=1691 kind=1 ns=273746498799907 fields=310,2,0,1002,994,200,1000,0,1,0,0,0,0,0,0,0
event=trace_row ordinal=1692 kind=1 ns=273746498799907 fields=310,2,1,1002,994,200,1000,0,1,0,0,0,0,0,0,0
event=trace_row ordinal=1693 kind=3 ns=273746498823240 fields=310,311,0,2,273746498799907,0,0,0,0,0,0,0,0,6,0,2
event=trace_row ordinal=1694 kind=5 ns=273746508817942 fields=513,6,2,0,0,0,0,0,0,0,16,0,0,0,0,0
event=trace_row ordinal=1695 kind=0 ns=273746508799859 fields=311,2,0,25,1,0,0,0,0,0,0,0,0,0,0,0
event=trace_row ordinal=1696 kind=1 ns=273746508799859 fields=311,2,0,1002,994,200,1000,0,1,0,0,0,0,0,0,0
event=trace_row ordinal=1697 kind=3 ns=273746508821150 fields=311,312,0,2,273746508799859,0,0,0,0,0,0,0,0,6,0,2
event=trace_row ordinal=1698 kind=5 ns=273746518819061 fields=513,6,2,0,0,0,0,0,0,0,16,0,0,0,0,0
event=trace_row ordinal=1699 kind=0 ns=273746518799520 fields=312,2,0,50,2,0,0,0,0,0,0,0,0,0,0,0
event=trace_row ordinal=1700 kind=1 ns=273746518799520 fields=312,2,0,1002,994,200,1000,0,1,0,0,0,0,0,0,0
event=trace_row ordinal=1701 kind=1 ns=273746518799520 fields=312,2,1,1002,994,200,1000,0,1,0,0,0,0,0,0,0
event=trace_row ordinal=1702 kind=3 ns=273746518822561 fields=312,313,0,2,273746518799520,0,0,0,0,0,0,0,0,6,0,2
event=trace_row ordinal=1703 kind=5 ns=273746528817847 fields=513,6,2,0,0,0,0,0,0,0,16,0,0,0,0,0
event=trace_row ordinal=1704 kind=0 ns=273746528799472 fields=313,2,0,25,1,0,0,0,0,0,0,0,0,0,0,0
event=trace_row ordinal=1705 kind=1 ns=273746528799472 fields=313,2,0,1002,994,200,1000,0,1,0,0,0,0,0,0,0
event=trace_row ordinal=1706 kind=3 ns=273746528820763 fields=313,314,0,2,273746528799472,0,0,0,0,0,0,0,0,6,0,2
event=trace_row ordinal=1707 kind=4 ns=273746530762363 fields=1793,1,5,0,0,0,0,0,0,0,16,0,0,0,0,0
event=trace_row ordinal=1708 kind=5 ns=273746538818091 fields=513,6,2,0,0,0,0,0,0,0,16,0,0,0,0,0
event=trace_row ordinal=1709 kind=0 ns=273746538799716 fields=314,2,0,25,1,0,0,0,0,0,0,0,0,0,0,0
event=trace_row ordinal=1710 kind=1 ns=273746538799716 fields=314,2,0,1002,994,200,1000,0,1,0,0,0,0,0,0,0
event=trace_row ordinal=1711 kind=3 ns=273746538821883 fields=314,315,0,2,273746538799716,0,0,0,0,0,0,0,0,6,0,2
event=trace_row ordinal=1712 kind=4 ns=273746546037330 fields=385,8,96,20,96,20,0,0,0,0,16,0,0,0,0,0
event=trace_row ordinal=1713 kind=4 ns=273746546228077 fields=641,5,3,0,0,0,0,0,0,0,16,0,0,0,0,0
event=trace_row ordinal=1714 kind=5 ns=273746548821543 fields=513,6,2,0,0,0,0,0,0,0,16,0,0,0,0,0
event=trace_row ordinal=1715 kind=0 ns=273746548800544 fields=315,2,0,50,2,0,0,0,0,0,0,0,0,0,0,0
event=trace_row ordinal=1716 kind=1 ns=273746548800544 fields=315,2,0,1002,994,200,1000,0,1,0,0,0,0,0,0,0
event=trace_row ordinal=1717 kind=1 ns=273746548800544 fields=315,2,1,1002,994,200,1000,0,1,0,0,0,0,0,0,0
event=trace_row ordinal=1718 kind=3 ns=273746548825918 fields=315,316,0,2,273746548800544,0,0,0,0,0,0,0,0,6,0,2
event=trace_row ordinal=1719 kind=5 ns=273746558818287 fields=513,6,2,0,0,0,0,0,0,0,16,0,0,0,0,0
event=trace_row ordinal=1720 kind=0 ns=273746558800204 fields=316,2,0,25,1,0,0,0,0,0,0,0,0,0,0,0
event=trace_row ordinal=1721 kind=1 ns=273746558800204 fields=316,2,0,1002,994,200,1000,0,1,0,0,0,0,0,0,0
event=trace_row ordinal=1722 kind=3 ns=273746558822079 fields=316,317,0,2,273746558800204,0,0,0,0,0,0,0,0,6,0,2
event=trace_row ordinal=1723 kind=5 ns=273746568858489 fields=513,6,2,0,0,0,0,0,0,0,16,0,0,0,0,0
event=trace_row ordinal=1724 kind=0 ns=273746568816198 fields=317,2,0,50,2,0,0,0,0,0,0,0,0,0,0,0
event=trace_row ordinal=1725 kind=1 ns=273746568816198 fields=317,2,0,1002,994,200,1000,0,1,0,0,0,0,0,0,0
event=trace_row ordinal=1726 kind=1 ns=273746568816198 fields=317,2,1,1002,994,200,1000,0,1,0,0,0,0,0,0,0
event=trace_row ordinal=1727 kind=3 ns=273746568865781 fields=317,318,0,2,273746568816198,0,0,0,0,0,0,0,0,6,0,2
event=trace_row ordinal=1728 kind=5 ns=273746578820817 fields=513,6,2,0,0,0,0,0,0,0,16,0,0,0,0,0
event=trace_row ordinal=1729 kind=0 ns=273746578801276 fields=318,2,0,25,1,0,0,0,0,0,0,0,0,0,0,0
event=trace_row ordinal=1730 kind=1 ns=273746578801276 fields=318,2,0,1002,994,200,1000,0,1,0,0,0,0,0,0,0
event=trace_row ordinal=1731 kind=3 ns=273746578824900 fields=318,319,0,2,273746578801276,0,0,0,0,0,0,0,0,6,0,2
event=trace_row ordinal=1732 kind=5 ns=273746588821645 fields=513,6,2,0,0,0,0,0,0,0,16,0,0,0,0,0
event=trace_row ordinal=1733 kind=0 ns=273746588800936 fields=319,2,0,50,2,0,0,0,0,0,0,0,0,0,0,0
event=trace_row ordinal=1734 kind=1 ns=273746588800936 fields=319,2,0,1002,994,200,1000,0,1,0,0,0,0,0,0,0
event=trace_row ordinal=1735 kind=1 ns=273746588800936 fields=319,2,1,1002,994,200,1000,0,1,0,0,0,0,0,0,0
event=trace_row ordinal=1736 kind=3 ns=273746588826311 fields=319,320,0,2,273746588800936,0,0,0,0,0,0,0,0,6,0,2
event=trace_row ordinal=1737 kind=4 ns=273746596054008 fields=385,8,96,20,96,20,0,0,0,0,16,0,0,0,0,0
event=trace_row ordinal=1738 kind=4 ns=273746596236006 fields=641,5,3,0,0,0,0,0,0,0,16,0,0,0,0,0
event=trace_row ordinal=1739 kind=5 ns=273746598819264 fields=513,6,2,0,0,0,0,0,0,0,16,0,0,0,0,0
event=trace_row ordinal=1740 kind=0 ns=273746598800597 fields=320,2,0,25,1,0,0,0,0,0,0,0,0,0,0,0
event=trace_row ordinal=1741 kind=1 ns=273746598800597 fields=320,2,0,1002,994,200,1000,0,1,0,0,0,0,0,0,0
event=trace_row ordinal=1742 kind=3 ns=273746598823055 fields=320,321,0,2,273746598800597,0,0,0,0,0,0,0,0,6,0,2
event=trace_row ordinal=1743 kind=5 ns=273746608818049 fields=513,6,2,0,0,0,0,0,0,0,16,0,0,0,0,0
event=trace_row ordinal=1744 kind=0 ns=273746608799966 fields=321,2,0,25,1,0,0,0,0,0,0,0,0,0,0,0
event=trace_row ordinal=1745 kind=1 ns=273746608799966 fields=321,2,0,1002,994,200,1000,0,1,0,0,0,0,0,0,0
event=trace_row ordinal=1746 kind=3 ns=273746608821258 fields=321,322,0,2,273746608799966,0,0,0,0,0,0,0,0,6,0,2
event=trace_row ordinal=1747 kind=5 ns=273746618820335 fields=513,6,2,0,0,0,0,0,0,0,16,0,0,0,0,0
event=trace_row ordinal=1748 kind=0 ns=273746618800794 fields=322,2,0,50,2,0,0,0,0,0,0,0,0,0,0,0
event=trace_row ordinal=1749 kind=1 ns=273746618800794 fields=322,2,0,1002,994,200,1000,0,1,0,0,0,0,0,0,0
event=trace_row ordinal=1750 kind=1 ns=273746618800794 fields=322,2,1,1002,994,200,1000,0,1,0,0,0,0,0,0,0
event=trace_row ordinal=1751 kind=3 ns=273746618823543 fields=322,323,0,2,273746618800794,0,0,0,0,0,0,0,0,6,0,2
event=trace_row ordinal=1752 kind=5 ns=273746628817663 fields=513,6,2,0,0,0,0,0,0,0,16,0,0,0,0,0
event=trace_row ordinal=1753 kind=0 ns=273746628799871 fields=323,2,0,25,1,0,0,0,0,0,0,0,0,0,0,0
event=trace_row ordinal=1754 kind=1 ns=273746628799871 fields=323,2,0,1002,994,200,1000,0,1,0,0,0,0,0,0,0
event=trace_row ordinal=1755 kind=3 ns=273746628820579 fields=323,324,0,2,273746628799871,0,0,0,0,0,0,0,0,6,0,2
event=trace_row ordinal=1756 kind=5 ns=273746638819073 fields=513,6,2,0,0,0,0,0,0,0,16,0,0,0,0,0
event=trace_row ordinal=1757 kind=0 ns=273746638799532 fields=324,2,0,50,2,0,0,0,0,0,0,0,0,0,0,0
event=trace_row ordinal=1758 kind=1 ns=273746638799532 fields=324,2,0,1002,994,200,1000,0,1,0,0,0,0,0,0,0
event=trace_row ordinal=1759 kind=1 ns=273746638799532 fields=324,2,1,1002,994,200,1000,0,1,0,0,0,0,0,0,0
event=trace_row ordinal=1760 kind=3 ns=273746638822282 fields=324,325,0,2,273746638799532,0,0,0,0,0,0,0,0,6,0,2
event=trace_row ordinal=1761 kind=4 ns=273746646058145 fields=385,8,96,20,96,20,0,0,0,0,16,0,0,0,0,0
event=trace_row ordinal=1762 kind=4 ns=273746646243351 fields=641,5,3,0,0,0,0,0,0,0,16,0,0,0,0,0
event=trace_row ordinal=1763 kind=5 ns=273746648820484 fields=513,6,2,0,0,0,0,0,0,0,16,0,0,0,0,0
event=trace_row ordinal=1764 kind=0 ns=273746648801234 fields=325,2,0,25,1,0,0,0,0,0,0,0,0,0,0,0
event=trace_row ordinal=1765 kind=1 ns=273746648801234 fields=325,2,0,1002,994,200,1000,0,1,0,0,0,0,0,0,0
event=trace_row ordinal=1766 kind=3 ns=273746648824567 fields=325,326,0,2,273746648801234,0,0,0,0,0,0,0,0,6,0,2
event=trace_row ordinal=1767 kind=5 ns=273746658819853 fields=513,6,2,0,0,0,0,0,0,0,16,0,0,0,0,0
event=trace_row ordinal=1768 kind=0 ns=273746658799728 fields=326,2,0,50,2,0,0,0,0,0,0,0,0,0,0,0
event=trace_row ordinal=1769 kind=1 ns=273746658799728 fields=326,2,0,1002,994,200,1000,0,1,0,0,0,0,0,0,0
event=trace_row ordinal=1770 kind=1 ns=273746658799728 fields=326,2,1,1002,994,200,1000,0,1,0,0,0,0,0,0,0
event=trace_row ordinal=1771 kind=3 ns=273746658823353 fields=326,327,0,2,273746658799728,0,0,0,0,0,0,0,0,6,0,2
event=trace_row ordinal=1772 kind=5 ns=273746668820680 fields=513,6,2,0,0,0,0,0,0,0,16,0,0,0,0,0
event=trace_row ordinal=1773 kind=0 ns=273746668800847 fields=327,2,0,25,1,0,0,0,0,0,0,0,0,0,0,0
event=trace_row ordinal=1774 kind=1 ns=273746668800847 fields=327,2,0,1002,994,200,1000,0,1,0,0,0,0,0,0,0
event=trace_row ordinal=1775 kind=3 ns=273746668824472 fields=327,328,0,2,273746668800847,0,0,0,0,0,0,0,0,6,0,2
event=trace_row ordinal=1776 kind=5 ns=273746678818008 fields=513,6,2,0,0,0,0,0,0,0,16,0,0,0,0,0
event=trace_row ordinal=1777 kind=0 ns=273746678799925 fields=328,2,0,25,1,0,0,0,0,0,0,0,0,0,0,0
event=trace_row ordinal=1778 kind=1 ns=273746678799925 fields=328,2,0,1002,994,200,1000,0,1,0,0,0,0,0,0,0
event=trace_row ordinal=1779 kind=3 ns=273746678821216 fields=328,329,0,2,273746678799925,0,0,0,0,0,0,0,0,6,0,2
event=trace_row ordinal=1780 kind=5 ns=273746688819710 fields=513,6,2,0,0,0,0,0,0,0,16,0,0,0,0,0
event=trace_row ordinal=1781 kind=0 ns=273746688800169 fields=329,2,0,50,2,0,0,0,0,0,0,0,0,0,0,0
event=trace_row ordinal=1782 kind=1 ns=273746688800169 fields=329,2,0,1002,994,200,1000,0,1,0,0,0,0,0,0,0
event=trace_row ordinal=1783 kind=1 ns=273746688800169 fields=329,2,1,1002,994,200,1000,0,1,0,0,0,0,0,0,0
event=trace_row ordinal=1784 kind=3 ns=273746688822918 fields=329,330,0,2,273746688800169,0,0,0,0,0,0,0,0,6,0,2
event=trace_row ordinal=1785 kind=4 ns=273746696046241 fields=385,8,96,20,96,20,0,0,0,0,16,0,0,0,0,0
event=trace_row ordinal=1786 kind=4 ns=273746696254196 fields=641,5,3,0,0,0,0,0,0,0,16,0,0,0,0,0
event=trace_row ordinal=1787 kind=5 ns=273746698818788 fields=513,6,2,0,0,0,0,0,0,0,16,0,0,0,0,0
event=trace_row ordinal=1788 kind=0 ns=273746698800413 fields=330,2,0,25,1,0,0,0,0,0,0,0,0,0,0,0
event=trace_row ordinal=1789 kind=1 ns=273746698800413 fields=330,2,0,1002,994,200,1000,0,1,0,0,0,0,0,0,0
event=trace_row ordinal=1790 kind=3 ns=273746698821996 fields=330,331,0,2,273746698800413,0,0,0,0,0,0,0,0,6,0,2
event=trace_row ordinal=1791 kind=5 ns=273746708819323 fields=513,6,2,0,0,0,0,0,0,0,16,0,0,0,0,0
event=trace_row ordinal=1792 kind=0 ns=273746708799782 fields=331,2,0,50,2,0,0,0,0,0,0,0,0,0,0,0
event=trace_row ordinal=1793 kind=1 ns=273746708799782 fields=331,2,0,1002,994,200,1000,0,1,0,0,0,0,0,0,0
event=trace_row ordinal=1794 kind=1 ns=273746708799782 fields=331,2,1,1002,994,200,1000,0,1,0,0,0,0,0,0,0
event=trace_row ordinal=1795 kind=3 ns=273746708822823 fields=331,332,0,2,273746708799782,0,0,0,0,0,0,0,0,6,0,2
event=trace_row ordinal=1796 kind=5 ns=273746718818692 fields=513,6,2,0,0,0,0,0,0,0,16,0,0,0,0,0
event=trace_row ordinal=1797 kind=0 ns=273746718800318 fields=332,2,0,25,1,0,0,0,0,0,0,0,0,0,0,0
event=trace_row ordinal=1798 kind=1 ns=273746718800318 fields=332,2,0,1002,994,200,1000,0,1,0,0,0,0,0,0,0
event=trace_row ordinal=1799 kind=3 ns=273746718821901 fields=332,333,0,2,273746718800318,0,0,0,0,0,0,0,0,6,0,2
event=trace_row ordinal=1800 kind=5 ns=273746728819228 fields=513,6,2,0,0,0,0,0,0,0,16,0,0,0,0,0
event=trace_row ordinal=1801 kind=0 ns=273746728799687 fields=333,2,0,50,2,0,0,0,0,0,0,0,0,0,0,0
event=trace_row ordinal=1802 kind=1 ns=273746728799687 fields=333,2,0,1002,994,200,1000,0,1,0,0,0,0,0,0,0
event=trace_row ordinal=1803 kind=1 ns=273746728799687 fields=333,2,1,1002,994,200,1000,0,1,0,0,0,0,0,0,0
event=trace_row ordinal=1804 kind=3 ns=273746728822728 fields=333,334,0,2,273746728799687,0,0,0,0,0,0,0,0,6,0,2
event=trace_row ordinal=1805 kind=5 ns=273746738830555 fields=513,6,2,0,0,0,0,0,0,0,16,0,0,0,0,0
event=trace_row ordinal=1806 kind=0 ns=273746738806639 fields=334,2,0,25,1,0,0,0,0,0,0,0,0,0,0,0
event=trace_row ordinal=1807 kind=1 ns=273746738806639 fields=334,2,0,1002,994,200,1000,0,1,0,0,0,0,0,0,0
event=trace_row ordinal=1808 kind=3 ns=273746738834930 fields=334,335,0,2,273746738806639,0,0,0,0,0,0,0,0,6,0,2
event=trace_row ordinal=1809 kind=4 ns=273746746092960 fields=385,8,96,20,96,20,0,0,0,0,16,0,0,0,0,0
event=trace_row ordinal=1810 kind=4 ns=273746746263000 fields=641,5,3,0,0,0,0,0,0,0,16,0,0,0,0,0
event=trace_row ordinal=1811 kind=5 ns=273746748825258 fields=513,6,2,0,0,0,0,0,0,0,16,0,0,0,0,0
event=trace_row ordinal=1812 kind=0 ns=273746748804550 fields=335,2,0,25,1,0,0,0,0,0,0,0,0,0,0,0
event=trace_row ordinal=1813 kind=1 ns=273746748804550 fields=335,2,0,1002,994,200,1000,0,1,0,0,0,0,0,0,0
event=trace_row ordinal=1814 kind=3 ns=273746748828466 fields=335,336,0,2,273746748804550,0,0,0,0,0,0,0,0,6,0,2
event=trace_row ordinal=1815 kind=5 ns=273746758828127 fields=513,6,2,0,0,0,0,0,0,0,16,0,0,0,0,0
event=trace_row ordinal=1816 kind=0 ns=273746758805377 fields=336,2,0,50,2,0,0,0,0,0,0,0,0,0,0,0
event=trace_row ordinal=1817 kind=1 ns=273746758805377 fields=336,2,0,1002,994,200,1000,0,1,0,0,0,0,0,0,0
event=trace_row ordinal=1818 kind=1 ns=273746758805377 fields=336,2,1,1002,994,200,1000,0,1,0,0,0,0,0,0,0
event=trace_row ordinal=1819 kind=3 ns=273746758831918 fields=336,337,0,2,273746758805377,0,0,0,0,0,0,0,0,6,0,2
event=trace_row ordinal=1820 kind=5 ns=273746768832163 fields=513,6,2,0,0,0,0,0,0,0,16,0,0,0,0,0
event=trace_row ordinal=1821 kind=0 ns=273746768807080 fields=337,2,0,25,1,0,0,0,0,0,0,0,0,0,0,0
event=trace_row ordinal=1822 kind=1 ns=273746768807080 fields=337,2,0,1002,994,200,1000,0,1,0,0,0,0,0,0,0
event=trace_row ordinal=1823 kind=3 ns=273746768837412 fields=337,338,0,2,273746768807080,0,0,0,0,0,0,0,0,6,0,2
event=trace_row ordinal=1824 kind=5 ns=273746778827157 fields=513,6,2,0,0,0,0,0,0,0,16,0,0,0,0,0
event=trace_row ordinal=1825 kind=0 ns=273746778804990 fields=338,2,0,50,2,0,0,0,0,0,0,0,0,0,0,0
event=trace_row ordinal=1826 kind=1 ns=273746778804990 fields=338,2,0,1002,994,200,1000,0,1,0,0,0,0,0,0,0
event=trace_row ordinal=1827 kind=1 ns=273746778804990 fields=338,2,1,1002,994,200,1000,0,1,0,0,0,0,0,0,0
event=trace_row ordinal=1828 kind=3 ns=273746778831240 fields=338,339,0,2,273746778804990,0,0,0,0,0,0,0,0,6,0,2
event=trace_row ordinal=1829 kind=4 ns=273746780314929 fields=1793,1,5,0,0,0,0,0,0,0,16,0,0,0,0,0
event=trace_row ordinal=1830 kind=5 ns=273746788825651 fields=513,6,2,0,0,0,0,0,0,0,16,0,0,0,0,0
event=trace_row ordinal=1831 kind=0 ns=273746788804651 fields=339,2,0,25,1,0,0,0,0,0,0,0,0,0,0,0
event=trace_row ordinal=1832 kind=1 ns=273746788804651 fields=339,2,0,1002,994,200,1000,0,1,0,0,0,0,0,0,0
event=trace_row ordinal=1833 kind=3 ns=273746788829442 fields=339,340,0,2,273746788804651,0,0,0,0,0,0,0,0,6,0,2
event=trace_row ordinal=1834 kind=4 ns=273746796086014 fields=385,8,96,20,96,20,0,0,0,0,16,0,0,0,0,0
event=trace_row ordinal=1835 kind=4 ns=273746796270928 fields=641,5,3,0,0,0,0,0,0,0,16,0,0,0,0,0
event=trace_row ordinal=1836 kind=5 ns=273746798821812 fields=513,6,2,0,0,0,0,0,0,0,16,0,0,0,0,0
event=trace_row ordinal=1837 kind=0 ns=273746798800812 fields=340,2,0,50,2,0,0,0,0,0,0,0,0,0,0,0
event=trace_row ordinal=1838 kind=1 ns=273746798800812 fields=340,2,0,1002,994,200,1000,0,1,0,0,0,0,0,0,0
event=trace_row ordinal=1839 kind=1 ns=273746798800812 fields=340,2,1,1002,994,200,1000,0,1,0,0,0,0,0,0,0
event=trace_row ordinal=1840 kind=3 ns=273746798825020 fields=340,341,0,2,273746798800812,0,0,0,0,0,0,0,0,6,0,2
event=trace_row ordinal=1841 kind=5 ns=273746808817681 fields=513,6,2,0,0,0,0,0,0,0,16,0,0,0,0,0
event=trace_row ordinal=1842 kind=0 ns=273746808799889 fields=341,2,0,25,1,0,0,0,0,0,0,0,0,0,0,0
event=trace_row ordinal=1843 kind=1 ns=273746808799889 fields=341,2,0,1002,994,200,1000,0,1,0,0,0,0,0,0,0
event=trace_row ordinal=1844 kind=3 ns=273746808820889 fields=341,342,0,2,273746808799889,0,0,0,0,0,0,0,0,6,0,2
event=trace_row ordinal=1845 kind=5 ns=273746818817050 fields=513,6,2,0,0,0,0,0,0,0,16,0,0,0,0,0
event=trace_row ordinal=1846 kind=0 ns=273746818799550 fields=342,2,0,25,1,0,0,0,0,0,0,0,0,0,0,0
event=trace_row ordinal=1847 kind=1 ns=273746818799550 fields=342,2,0,1002,994,200,1000,0,1,0,0,0,0,0,0,0
event=trace_row ordinal=1848 kind=3 ns=273746818820258 fields=342,343,0,2,273746818799550,0,0,0,0,0,0,0,0,6,0,2
event=trace_row ordinal=1849 kind=5 ns=273746828820794 fields=513,6,2,0,0,0,0,0,0,0,16,0,0,0,0,0
event=trace_row ordinal=1850 kind=0 ns=273746828799794 fields=343,2,0,50,2,0,0,0,0,0,0,0,0,0,0,0
event=trace_row ordinal=1851 kind=1 ns=273746828799794 fields=343,2,0,1002,994,1800,1000,0,1,0,0,0,0,0,0,0
event=trace_row ordinal=1852 kind=1 ns=273746828799794 fields=343,2,1,1002,994,1800,1000,0,1,0,0,0,0,0,0,0
event=trace_row ordinal=1853 kind=3 ns=273746828824585 fields=343,344,1,2,273746828799794,0,0,0,0,0,0,0,0,6,1,3
event=trace_row ordinal=1854 kind=5 ns=273746838818121 fields=513,6,2,0,0,0,0,0,0,0,16,0,0,0,0,0
event=trace_row ordinal=1855 kind=0 ns=273746838799746 fields=344,2,0,25,1,0,0,0,0,0,0,0,0,0,0,0
event=trace_row ordinal=1856 kind=1 ns=273746838799746 fields=344,2,0,1002,994,1800,1000,0,1,0,0,0,0,0,0,0
event=trace_row ordinal=1857 kind=3 ns=273746838821038 fields=344,345,1,2,273746838799746,0,0,0,0,0,0,0,0,6,1,3
event=trace_row ordinal=1858 kind=4 ns=273746846093943 fields=385,8,96,20,96,20,0,0,0,0,16,0,0,0,0,0
event=trace_row ordinal=1859 kind=4 ns=273746846279732 fields=641,5,3,0,0,0,0,0,0,0,16,0,0,0,0,0
event=trace_row ordinal=1860 kind=5 ns=273746848820407 fields=513,6,2,0,0,0,0,0,0,0,16,0,0,0,0,0
event=trace_row ordinal=1861 kind=0 ns=273746848799991 fields=345,2,0,50,2,0,0,0,0,0,0,0,0,0,0,0
event=trace_row ordinal=1862 kind=1 ns=273746848799991 fields=345,2,0,1002,994,1800,1000,0,1,0,0,0,0,0,0,0
event=trace_row ordinal=1863 kind=1 ns=273746848799991 fields=345,2,1,1002,994,1800,1000,0,1,0,0,0,0,0,0,0
event=trace_row ordinal=1864 kind=3 ns=273746848823907 fields=345,346,1,2,273746848799991,0,0,0,0,0,0,0,0,6,1,3
event=trace_row ordinal=1865 kind=5 ns=273746858820943 fields=513,6,2,0,0,0,0,0,0,0,16,0,0,0,0,0
event=trace_row ordinal=1866 kind=0 ns=273746858800818 fields=346,2,0,25,1,0,0,0,0,0,0,0,0,0,0,0
event=trace_row ordinal=1867 kind=1 ns=273746858800818 fields=346,2,0,1002,994,1800,1000,0,1,0,0,0,0,0,0,0
event=trace_row ordinal=1868 kind=3 ns=273746858824151 fields=346,347,1,2,273746858800818,0,0,0,0,0,0,0,0,6,1,3
event=trace_row ordinal=1869 kind=5 ns=273746868820020 fields=513,6,2,0,0,0,0,0,0,0,16,0,0,0,0,0
event=trace_row ordinal=1870 kind=0 ns=273746868799895 fields=347,2,0,50,2,0,0,0,0,0,0,0,0,0,0,0
event=trace_row ordinal=1871 kind=1 ns=273746868799895 fields=347,2,0,1002,994,1800,1000,0,1,0,0,0,0,0,0,0
event=trace_row ordinal=1872 kind=1 ns=273746868799895 fields=347,2,1,1002,994,1800,1000,0,1,0,0,0,0,0,0,0
event=trace_row ordinal=1873 kind=3 ns=273746868823520 fields=347,348,1,2,273746868799895,0,0,0,0,0,0,0,0,6,1,3
event=trace_row ordinal=1874 kind=5 ns=273746878820264 fields=513,6,2,0,0,0,0,0,0,0,16,0,0,0,0,0
event=trace_row ordinal=1875 kind=0 ns=273746878800723 fields=348,2,0,25,1,0,0,0,0,0,0,0,0,0,0,0
event=trace_row ordinal=1876 kind=1 ns=273746878800723 fields=348,2,0,1002,994,1800,1000,0,1,0,0,0,0,0,0,0
event=trace_row ordinal=1877 kind=3 ns=273746878823472 fields=348,349,1,2,273746878800723,0,0,0,0,0,0,0,0,6,1,3
event=trace_row ordinal=1878 kind=5 ns=273746888818467 fields=513,6,2,0,0,0,0,0,0,0,16,0,0,0,0,0
event=trace_row ordinal=1879 kind=0 ns=273746888800092 fields=349,2,0,25,1,0,0,0,0,0,0,0,0,0,0,0
event=trace_row ordinal=1880 kind=1 ns=273746888800092 fields=349,2,0,1002,994,1800,1000,0,1,0,0,0,0,0,0,0
event=trace_row ordinal=1881 kind=3 ns=273746888821966 fields=349,350,1,2,273746888800092,0,0,0,0,0,0,0,0,6,1,3
event=trace_row ordinal=1882 kind=4 ns=273746896053455 fields=385,8,96,20,96,20,0,0,0,0,16,0,0,0,0,0
event=trace_row ordinal=1883 kind=4 ns=273746896288827 fields=641,5,3,0,0,0,0,0,0,0,16,0,0,0,0,0
event=trace_row ordinal=1884 kind=5 ns=273746898820461 fields=513,6,2,0,0,0,0,0,0,0,16,0,0,0,0,0
event=trace_row ordinal=1885 kind=0 ns=273746898800044 fields=350,2,0,50,2,0,0,0,0,0,0,0,0,0,0,0
event=trace_row ordinal=1886 kind=1 ns=273746898800044 fields=350,2,0,1002,994,1800,1000,0,1,0,0,0,0,0,0,0
event=trace_row ordinal=1887 kind=1 ns=273746898800044 fields=350,2,1,1002,994,1800,1000,0,1,0,0,0,0,0,0,0
event=trace_row ordinal=1888 kind=3 ns=273746898823961 fields=350,351,1,2,273746898800044,0,0,0,0,0,0,0,0,6,1,3
event=trace_row ordinal=1889 kind=5 ns=273746908818371 fields=513,6,2,0,0,0,0,0,0,0,16,0,0,0,0,0
event=trace_row ordinal=1890 kind=0 ns=273746908799997 fields=351,2,0,25,1,0,0,0,0,0,0,0,0,0,0,0
event=trace_row ordinal=1891 kind=1 ns=273746908799997 fields=351,2,0,1002,994,1800,1000,0,1,0,0,0,0,0,0,0
event=trace_row ordinal=1892 kind=3 ns=273746908821288 fields=351,352,1,2,273746908799997,0,0,0,0,0,0,0,0,6,1,3
event=trace_row ordinal=1893 kind=5 ns=273746918819199 fields=513,6,2,0,0,0,0,0,0,0,16,0,0,0,0,0
event=trace_row ordinal=1894 kind=0 ns=273746918799657 fields=352,2,0,50,2,0,0,0,0,0,0,0,0,0,0,0
event=trace_row ordinal=1895 kind=1 ns=273746918799657 fields=352,2,0,1002,994,1800,1000,0,1,0,0,0,0,0,0,0
event=trace_row ordinal=1896 kind=1 ns=273746918799657 fields=352,2,1,1002,994,1800,1000,0,1,0,0,0,0,0,0,0
event=trace_row ordinal=1897 kind=3 ns=273746918822407 fields=352,353,1,2,273746918799657,0,0,0,0,0,0,0,0,6,1,3
event=trace_row ordinal=1898 kind=5 ns=273746928817401 fields=513,6,2,0,0,0,0,0,0,0,16,0,0,0,0,0
event=trace_row ordinal=1899 kind=0 ns=273746928799610 fields=353,2,0,25,1,0,0,0,0,0,0,0,0,0,0,0
event=trace_row ordinal=1900 kind=1 ns=273746928799610 fields=353,2,0,1002,994,1800,1000,0,1,0,0,0,0,0,0,0
event=trace_row ordinal=1901 kind=3 ns=273746928820318 fields=353,354,1,2,273746928799610,0,0,0,0,0,0,0,0,6,1,3
event=trace_row ordinal=1902 kind=5 ns=273746938841270 fields=513,6,2,0,0,0,0,0,0,0,16,0,0,0,0,0
event=trace_row ordinal=1903 kind=0 ns=273746938808895 fields=354,2,0,50,2,0,0,0,0,0,0,0,0,0,0,0
event=trace_row ordinal=1904 kind=1 ns=273746938808895 fields=354,2,0,1002,994,1800,1000,0,1,0,0,0,0,0,0,0
event=trace_row ordinal=1905 kind=1 ns=273746938808895 fields=354,2,1,1002,994,1800,1000,0,1,0,0,0,0,0,0,0
event=trace_row ordinal=1906 kind=3 ns=273746938845936 fields=354,355,1,2,273746938808895,0,0,0,0,0,0,0,0,6,1,3
event=trace_row ordinal=1907 kind=4 ns=273746946117383 fields=385,8,96,20,96,20,0,0,0,0,16,0,0,0,0,0
event=trace_row ordinal=1908 kind=4 ns=273746946299672 fields=641,5,3,0,0,0,0,0,0,0,16,0,0,0,0,0
event=trace_row ordinal=1909 kind=5 ns=273746948821973 fields=513,6,2,0,0,0,0,0,0,0,16,0,0,0,0,0
event=trace_row ordinal=1910 kind=0 ns=273746948802139 fields=355,2,0,25,1,0,0,0,0,0,0,0,0,0,0,0
event=trace_row ordinal=1911 kind=1 ns=273746948802139 fields=355,2,0,1002,994,1800,1000,0,1,0,0,0,0,0,0,0
event=trace_row ordinal=1912 kind=3 ns=273746948824889 fields=355,356,1,2,273746948802139,0,0,0,0,0,0,0,0,6,1,3
event=trace_row ordinal=1913 kind=5 ns=273746958821342 fields=513,6,2,0,0,0,0,0,0,0,16,0,0,0,0,0
event=trace_row ordinal=1914 kind=0 ns=273746958800925 fields=356,2,0,25,1,0,0,0,0,0,0,0,0,0,0,0
event=trace_row ordinal=1915 kind=1 ns=273746958800925 fields=356,2,0,1002,994,1800,1000,0,1,0,0,0,0,0,0,0
event=trace_row ordinal=1916 kind=3 ns=273746958824842 fields=356,357,1,2,273746958800925,0,0,0,0,0,0,0,0,6,1,3
event=trace_row ordinal=1917 kind=5 ns=273746968821003 fields=513,6,2,0,0,0,0,0,0,0,16,0,0,0,0,0
event=trace_row ordinal=1918 kind=0 ns=273746968800586 fields=357,2,0,50,2,0,0,0,0,0,0,0,0,0,0,0
event=trace_row ordinal=1919 kind=1 ns=273746968800586 fields=357,2,0,1002,994,1800,1000,0,1,0,0,0,0,0,0,0
event=trace_row ordinal=1920 kind=1 ns=273746968800586 fields=357,2,1,1002,994,1800,1000,0,1,0,0,0,0,0,0,0
event=trace_row ordinal=1921 kind=3 ns=273746968824211 fields=357,358,1,2,273746968800586,0,0,0,0,0,0,0,0,6,1,3
event=trace_row ordinal=1922 kind=5 ns=273746978822997 fields=513,6,6,0,0,0,0,0,0,0,16,0,0,0,0,0
event=trace_row ordinal=1923 kind=0 ns=273746978801414 fields=358,2,0,25,1,0,0,0,0,0,0,0,0,0,0,0
event=trace_row ordinal=1924 kind=1 ns=273746978801414 fields=358,2,0,1002,994,1800,1000,0,1,0,0,0,0,0,0,0
event=trace_row ordinal=1925 kind=3 ns=273746978827080 fields=358,359,1,2,273746978801414,0,0,0,0,0,0,0,0,2,1,3
event=trace_row ordinal=1926 kind=5 ns=273746988820616 fields=513,6,6,0,0,0,0,0,0,0,16,0,0,0,0,0
event=trace_row ordinal=1927 kind=0 ns=273746988799908 fields=359,2,0,50,2,0,0,0,0,0,0,0,0,0,0,0
event=trace_row ordinal=1928 kind=1 ns=273746988799908 fields=359,2,0,1002,994,200,1000,0,1,0,0,0,0,0,0,0
event=trace_row ordinal=1929 kind=1 ns=273746988799908 fields=359,2,1,1002,994,200,1000,0,1,0,0,0,0,0,0,0
event=trace_row ordinal=1930 kind=3 ns=273746988823824 fields=359,360,1,2,273746988799908,0,0,0,0,0,0,0,0,2,1,3
event=trace_row ordinal=1931 kind=4 ns=273746996117146 fields=385,8,33,20,33,20,0,0,0,0,16,0,0,0,0,0
event=trace_row ordinal=1932 kind=4 ns=273746996307310 fields=641,5,3,0,0,0,0,0,0,0,16,0,0,0,0,0
event=trace_row ordinal=1933 kind=5 ns=273746998819694 fields=513,6,7,0,0,0,0,0,0,0,16,0,0,0,0,0
event=trace_row ordinal=1934 kind=0 ns=273746998800152 fields=360,2,0,25,1,0,0,0,0,0,0,0,0,0,0,0
event=trace_row ordinal=1935 kind=1 ns=273746998800152 fields=360,2,0,1002,994,200,1000,0,1,0,0,0,0,0,0,0
event=trace_row ordinal=1936 kind=3 ns=273746998823777 fields=360,361,1,2,273746998800152,0,0,0,0,0,0,0,0,3,1,3
event=trace_row ordinal=1937 kind=5 ns=273747008820521 fields=513,6,7,0,0,0,0,0,0,0,16,0,0,0,0,0
event=trace_row ordinal=1938 kind=0 ns=273747008799813 fields=361,2,0,50,2,0,0,0,0,0,0,0,0,0,0,0
event=trace_row ordinal=1939 kind=1 ns=273747008799813 fields=361,2,0,1002,994,200,1000,0,1,0,0,0,0,0,0,0
event=trace_row ordinal=1940 kind=1 ns=273747008799813 fields=361,2,1,1002,994,200,1000,0,1,0,0,0,0,0,0,0
event=trace_row ordinal=1941 kind=3 ns=273747008823729 fields=361,362,1,2,273747008799813,0,0,0,0,0,0,0,0,3,1,3
event=trace_row ordinal=1942 kind=5 ns=273747018819015 fields=513,6,7,0,0,0,0,0,0,0,16,0,0,0,0,0
event=trace_row ordinal=1943 kind=0 ns=273747018800057 fields=362,2,0,25,1,0,0,0,0,0,0,0,0,0,0,0
event=trace_row ordinal=1944 kind=1 ns=273747018800057 fields=362,2,0,1002,994,200,1000,0,1,0,0,0,0,0,0,0
event=trace_row ordinal=1945 kind=3 ns=273747018822515 fields=362,363,1,2,273747018800057,0,0,0,0,0,0,0,0,3,1,3
event=trace_row ordinal=1946 kind=5 ns=273747028818968 fields=513,6,7,0,0,0,0,0,0,0,16,0,0,0,0,0
event=trace_row ordinal=1947 kind=0 ns=273747028800010 fields=363,2,0,25,1,0,0,0,0,0,0,0,0,0,0,0
event=trace_row ordinal=1948 kind=1 ns=273747028800010 fields=363,2,0,1002,994,200,1000,0,1,0,0,0,0,0,0,0
event=trace_row ordinal=1949 kind=3 ns=273747028822176 fields=363,364,1,2,273747028800010,0,0,0,0,0,0,0,0,3,1,3
event=trace_row ordinal=1950 kind=4 ns=273747029850871 fields=1793,1,5,0,0,0,0,0,0,0,16,0,0,0,0,0
event=trace_row ordinal=1951 kind=5 ns=273747038822420 fields=513,6,7,0,0,0,0,0,0,0,16,0,0,0,0,0
event=trace_row ordinal=1952 kind=0 ns=273747038800546 fields=364,2,0,50,2,0,0,0,0,0,0,0,0,0,0,0
event=trace_row ordinal=1953 kind=1 ns=273747038800546 fields=364,2,0,1002,994,200,1000,0,1,0,0,0,0,0,0,0
event=trace_row ordinal=1954 kind=1 ns=273747038800546 fields=364,2,1,1001,994,200,1000,0,1,0,0,0,0,0,0,0
event=trace_row ordinal=1955 kind=3 ns=273747038825920 fields=364,365,1,2,273747038800546,0,0,0,0,0,0,0,0,3,1,3
event=trace_row ordinal=1956 kind=4 ns=273747046118367 fields=385,8,35,20,35,20,0,0,0,0,16,0,0,0,0,0
event=trace_row ordinal=1957 kind=4 ns=273747046308239 fields=641,5,3,0,0,0,0,0,0,0,16,0,0,0,0,0
event=trace_row ordinal=1958 kind=5 ns=273747048820331 fields=513,6,15,0,0,0,0,0,0,0,16,0,0,0,0,0
event=trace_row ordinal=1959 kind=0 ns=273747048801082 fields=365,2,0,25,1,0,0,0,0,0,0,0,0,0,0,0
event=trace_row ordinal=1960 kind=1 ns=273747048801082 fields=365,2,0,1001,994,200,1000,0,1,0,0,0,0,0,0,0
event=trace_row ordinal=1961 kind=3 ns=273747048823540 fields=365,366,1,2,273747048801082,0,0,0,0,0,0,0,0,4,1,3
event=trace_row ordinal=1962 kind=5 ns=273747058820284 fields=513,6,15,0,0,0,0,0,0,0,16,0,0,0,0,0
event=trace_row ordinal=1963 kind=0 ns=273747058799284 fields=366,2,0,50,2,0,0,0,0,0,0,0,0,0,0,0
event=trace_row ordinal=1964 kind=1 ns=273747058799284 fields=366,2,0,1001,994,200,1000,0,1,0,0,0,0,0,0,0
event=trace_row ordinal=1965 kind=1 ns=273747058799284 fields=366,2,1,1002,994,200,1000,0,1,0,0,0,0,0,0,0
event=trace_row ordinal=1966 kind=3 ns=273747058823784 fields=366,367,1,2,273747058799284,0,0,0,0,0,0,0,0,4,1,3
event=trace_row ordinal=1967 kind=5 ns=273747068819653 fields=513,6,15,0,0,0,0,0,0,0,16,0,0,0,0,0
event=trace_row ordinal=1968 kind=0 ns=273747068800403 fields=367,2,0,25,1,0,0,0,0,0,0,0,0,0,0,0
event=trace_row ordinal=1969 kind=1 ns=273747068800403 fields=367,2,0,1002,994,200,1000,0,1,0,0,0,0,0,0,0
event=trace_row ordinal=1970 kind=3 ns=273747068822861 fields=367,368,1,2,273747068800403,0,0,0,0,0,0,0,0,4,1,3
event=trace_row ordinal=1971 kind=5 ns=273747078820772 fields=513,6,15,0,0,0,0,0,0,0,16,0,0,0,0,0
event=trace_row ordinal=1972 kind=0 ns=273747078800356 fields=368,2,0,50,2,0,0,0,0,0,0,0,0,0,0,0
event=trace_row ordinal=1973 kind=1 ns=273747078800356 fields=368,2,0,1002,994,200,1000,0,1,0,0,0,0,0,0,0
event=trace_row ordinal=1974 kind=1 ns=273747078800356 fields=368,2,1,1002,994,200,1000,0,1,0,0,0,0,0,0,0
event=trace_row ordinal=1975 kind=3 ns=273747078823981 fields=368,369,1,2,273747078800356,0,0,0,0,0,0,0,0,4,1,3
event=trace_row ordinal=1976 kind=5 ns=273747088825683 fields=513,6,15,0,0,0,0,0,0,0,16,0,0,0,0,0
event=trace_row ordinal=1977 kind=0 ns=273747088802933 fields=369,2,0,25,1,0,0,0,0,0,0,0,0,0,0,0
event=trace_row ordinal=1978 kind=1 ns=273747088802933 fields=369,2,0,1002,994,200,1000,0,1,0,0,0,0,0,0,0
event=trace_row ordinal=1979 kind=3 ns=273747088829766 fields=369,370,1,2,273747088802933,0,0,0,0,0,0,0,0,4,1,3
event=trace_row ordinal=1980 kind=4 ns=273747096072630 fields=385,8,39,20,39,20,0,0,0,0,16,0,0,0,0,0
event=trace_row ordinal=1981 kind=4 ns=273747096252003 fields=641,5,3,0,0,0,0,0,0,0,16,0,0,0,0,0
event=trace_row ordinal=1982 kind=5 ns=273747098827969 fields=513,6,15,0,0,0,0,0,0,0,16,0,0,0,0,0
event=trace_row ordinal=1983 kind=0 ns=273747098804928 fields=370,2,0,25,1,0,0,0,0,0,0,0,0,0,0,0
event=trace_row ordinal=1984 kind=1 ns=273747098804928 fields=370,2,0,1002,994,200,1000,0,1,0,0,0,0,0,0,0
event=trace_row ordinal=1985 kind=3 ns=273747098832052 fields=370,371,1,2,273747098804928,0,0,0,0,0,0,0,0,4,1,3
event=trace_row ordinal=1986 kind=5 ns=273747108835213 fields=513,6,15,0,0,0,0,0,0,0,16,0,0,0,0,0
event=trace_row ordinal=1987 kind=0 ns=273747108807505 fields=371,2,0,50,2,0,0,0,0,0,0,0,0,0,0,0
event=trace_row ordinal=1988 kind=1 ns=273747108807505 fields=371,2,0,1002,994,200,1000,0,1,0,0,0,0,0,0,0
event=trace_row ordinal=1989 kind=1 ns=273747108807505 fields=371,2,1,1002,994,200,1000,0,1,0,0,0,0,0,0,0
event=trace_row ordinal=1990 kind=3 ns=273747108839880 fields=371,372,1,2,273747108807505,0,0,0,0,0,0,0,0,4,1,3
event=trace_row ordinal=1991 kind=5 ns=273747118824666 fields=513,6,15,0,0,0,0,0,0,0,16,0,0,0,0,0
event=trace_row ordinal=1992 kind=0 ns=273747118803958 fields=372,2,0,25,1,0,0,0,0,0,0,0,0,0,0,0
event=trace_row ordinal=1993 kind=1 ns=273747118803958 fields=372,2,0,1002,994,200,1000,0,1,0,0,0,0,0,0,0
event=trace_row ordinal=1994 kind=3 ns=273747118828749 fields=372,373,1,2,273747118803958,0,0,0,0,0,0,0,0,4,1,3
event=trace_row ordinal=1995 kind=5 ns=273747128824910 fields=513,6,15,0,0,0,0,0,0,0,16,0,0,0,0,0
event=trace_row ordinal=1996 kind=0 ns=273747128802744 fields=373,2,0,50,2,0,0,0,0,0,0,0,0,0,0,0
event=trace_row ordinal=1997 kind=1 ns=273747128802744 fields=373,2,0,1002,994,200,1000,0,1,0,0,0,0,0,0,0
event=trace_row ordinal=1998 kind=1 ns=273747128802744 fields=373,2,1,1002,994,200,1000,0,1,0,0,0,0,0,0,0
event=trace_row ordinal=1999 kind=3 ns=273747128828993 fields=373,374,1,2,273747128802744,0,0,0,0,0,0,0,0,4,1,3
event=trace_row ordinal=2000 kind=5 ns=273747138823696 fields=513,6,15,0,0,0,0,0,0,0,16,0,0,0,0,0
event=trace_row ordinal=2001 kind=0 ns=273747138802696 fields=374,2,0,25,1,0,0,0,0,0,0,0,0,0,0,0
event=trace_row ordinal=2002 kind=1 ns=273747138802696 fields=374,2,0,1002,994,200,1000,0,1,0,0,0,0,0,0,0
event=trace_row ordinal=2003 kind=3 ns=273747138827779 fields=374,375,1,2,273747138802696,0,0,0,0,0,0,0,0,4,1,3
event=trace_row ordinal=2004 kind=4 ns=273747146020477 fields=385,8,39,20,39,20,0,0,0,0,16,0,0,0,0,0
event=trace_row ordinal=2005 kind=4 ns=273747146199849 fields=641,5,3,0,0,0,0,0,0,0,16,0,0,0,0,0
event=trace_row ordinal=2006 kind=5 ns=273747148827732 fields=513,6,15,0,0,0,0,0,0,0,16,0,0,0,0,0
event=trace_row ordinal=2007 kind=0 ns=273747148804399 fields=375,2,0,50,2,0,0,0,0,0,0,0,0,0,0,0
event=trace_row ordinal=2008 kind=1 ns=273747148804399 fields=375,2,0,1002,994,200,1000,0,1,0,0,0,0,0,0,0
event=trace_row ordinal=2009 kind=1 ns=273747148804399 fields=375,2,1,1002,994,200,1000,0,1,0,0,0,0,0,0,0
event=trace_row ordinal=2010 kind=3 ns=273747148831815 fields=375,376,1,2,273747148804399,0,0,0,0,0,0,0,0,4,1,3
event=trace_row ordinal=2011 kind=5 ns=273747158823309 fields=513,6,15,0,0,0,0,0,0,0,16,0,0,0,0,0
event=trace_row ordinal=2012 kind=0 ns=273747158802309 fields=376,2,0,25,1,0,0,0,0,0,0,0,0,0,0,0
event=trace_row ordinal=2013 kind=1 ns=273747158802309 fields=376,2,0,1002,994,200,1000,0,1,0,0,0,0,0,0,0
event=trace_row ordinal=2014 kind=3 ns=273747158826809 fields=376,377,1,2,273747158802309,0,0,0,0,0,0,0,0,4,1,3
event=trace_row ordinal=2015 kind=5 ns=273747168834637 fields=513,6,15,0,0,0,0,0,0,0,16,0,0,0,0,0
event=trace_row ordinal=2016 kind=0 ns=273747168807220 fields=377,2,0,25,1,0,0,0,0,0,0,0,0,0,0,0
event=trace_row ordinal=2017 kind=1 ns=273747168807220 fields=377,2,0,1002,994,200,1000,0,1,0,0,0,0,0,0,0
event=trace_row ordinal=2018 kind=3 ns=273747168839303 fields=377,378,1,2,273747168807220,0,0,0,0,0,0,0,0,4,1,3
event=trace_row ordinal=2019 kind=5 ns=273747178822339 fields=513,6,15,0,0,0,0,0,0,0,16,0,0,0,0,0
event=trace_row ordinal=2020 kind=0 ns=273747178800465 fields=378,2,0,50,2,0,0,0,0,0,0,0,0,0,0,0
event=trace_row ordinal=2021 kind=1 ns=273747178800465 fields=378,2,0,1002,994,200,1000,0,1,0,0,0,0,0,0,0
event=trace_row ordinal=2022 kind=1 ns=273747178800465 fields=378,2,1,1002,994,200,1000,0,1,0,0,0,0,0,0,0
event=trace_row ordinal=2023 kind=3 ns=273747178826131 fields=378,379,1,2,273747178800465,0,0,0,0,0,0,0,0,4,1,3
event=trace_row ordinal=2024 kind=5 ns=273747188821417 fields=513,6,15,0,0,0,0,0,0,0,16,0,0,0,0,0
event=trace_row ordinal=2025 kind=0 ns=273747188801292 fields=379,2,0,25,1,0,0,0,0,0,0,0,0,0,0,0
event=trace_row ordinal=2026 kind=1 ns=273747188801292 fields=379,2,0,1002,994,200,1000,0,1,0,0,0,0,0,0,0
event=trace_row ordinal=2027 kind=3 ns=273747188824917 fields=379,380,1,2,273747188801292,0,0,0,0,0,0,0,0,4,1,3
event=trace_row ordinal=2028 kind=4 ns=273747195968907 fields=385,8,39,20,39,20,0,0,0,0,16,0,0,0,0,0
event=trace_row ordinal=2029 kind=4 ns=273747196147404 fields=641,5,3,0,0,0,0,0,0,0,16,0,0,0,0,0
event=trace_row ordinal=2030 kind=5 ns=273747198822536 fields=513,6,15,0,0,0,0,0,0,0,16,0,0,0,0,0
event=trace_row ordinal=2031 kind=0 ns=273747198800953 fields=380,2,0,50,2,0,0,0,0,0,0,0,0,0,0,0
event=trace_row ordinal=2032 kind=1 ns=273747198800953 fields=380,2,0,1002,994,200,1000,0,1,0,0,0,0,0,0,0
event=trace_row ordinal=2033 kind=1 ns=273747198800953 fields=380,2,1,1002,994,200,1000,0,1,0,0,0,0,0,0,0
event=trace_row ordinal=2034 kind=3 ns=273747198826328 fields=380,381,1,2,273747198800953,0,0,0,0,0,0,0,0,4,1,3
event=trace_row ordinal=2035 kind=5 ns=273747208819572 fields=513,6,15,0,0,0,0,0,0,0,16,0,0,0,0,0
event=trace_row ordinal=2036 kind=0 ns=273747208800322 fields=381,2,0,25,1,0,0,0,0,0,0,0,0,0,0,0
event=trace_row ordinal=2037 kind=1 ns=273747208800322 fields=381,2,0,1002,994,200,1000,0,1,0,0,0,0,0,0,0
event=trace_row ordinal=2038 kind=3 ns=273747208822780 fields=381,382,1,2,273747208800322,0,0,0,0,0,0,0,0,4,1,3
event=trace_row ordinal=2039 kind=5 ns=273747218820108 fields=513,6,15,0,0,0,0,0,0,0,16,0,0,0,0,0
event=trace_row ordinal=2040 kind=0 ns=273747218799983 fields=382,2,0,50,2,0,0,0,0,0,0,0,0,0,0,0
event=trace_row ordinal=2041 kind=1 ns=273747218799983 fields=382,2,0,1002,994,200,1000,0,1,0,0,0,0,0,0,0
event=trace_row ordinal=2042 kind=1 ns=273747218799983 fields=382,2,1,1002,994,200,1000,0,1,0,0,0,0,0,0,0
event=trace_row ordinal=2043 kind=3 ns=273747218823316 fields=382,383,1,2,273747218799983,0,0,0,0,0,0,0,0,4,1,3
event=trace_row ordinal=2044 kind=5 ns=273747228818310 fields=513,6,15,0,0,0,0,0,0,0,16,0,0,0,0,0
event=trace_row ordinal=2045 kind=0 ns=273747228800227 fields=383,2,0,25,1,0,0,0,0,0,0,0,0,0,0,0
event=trace_row ordinal=2046 kind=1 ns=273747228800227 fields=383,2,0,1002,994,200,1000,0,1,0,0,0,0,0,0,0
event=trace_row ordinal=2047 kind=3 ns=273747228821519 fields=383,384,1,2,273747228800227,0,0,0,0,0,0,0,0,4,1,3
event=trace_row ordinal=2048 kind=5 ns=273747238818263 fields=513,6,15,0,0,0,0,0,0,0,16,0,0,0,0,0
event=trace_row ordinal=2049 kind=0 ns=273747238799597 fields=384,2,0,25,1,0,0,0,0,0,0,0,0,0,0,0
event=trace_row ordinal=2050 kind=1 ns=273747238799597 fields=384,2,0,1002,994,200,1000,0,1,0,0,0,0,0,0,0
event=trace_row ordinal=2051 kind=3 ns=273747238821763 fields=384,385,1,2,273747238799597,0,0,0,0,0,0,0,0,4,1,3
event=trace_row ordinal=2052 kind=4 ns=273747245902462 fields=385,8,39,20,39,20,0,0,0,0,16,0,0,0,0,0
event=trace_row ordinal=2053 kind=4 ns=273747246092626 fields=641,5,3,0,0,0,0,0,0,0,16,0,0,0,0,0
event=trace_row ordinal=2054 kind=5 ns=273747248822299 fields=513,6,15,0,0,0,0,0,0,0,16,0,0,0,0,0
event=trace_row ordinal=2055 kind=0 ns=273747248801007 fields=385,2,0,50,2,0,0,0,0,0,0,0,0,0,0,0
event=trace_row ordinal=2056 kind=1 ns=273747248801007 fields=385,2,0,1002,994,200,1000,0,1,0,0,0,0,0,0,0
event=trace_row ordinal=2057 kind=1 ns=273747248801007 fields=385,2,1,1002,994,200,1000,0,1,0,0,0,0,0,0,0
event=trace_row ordinal=2058 kind=3 ns=273747248826090 fields=385,386,1,2,273747248801007,0,0,0,0,0,0,0,0,4,1,3
event=trace_row ordinal=2059 kind=5 ns=273747258819335 fields=513,6,15,0,0,0,0,0,0,0,16,0,0,0,0,0
event=trace_row ordinal=2060 kind=0 ns=273747258800085 fields=386,2,0,25,1,0,0,0,0,0,0,0,0,0,0,0
event=trace_row ordinal=2061 kind=1 ns=273747258800085 fields=386,2,0,1002,994,200,1000,0,1,0,0,0,0,0,0,0
event=trace_row ordinal=2062 kind=3 ns=273747258822835 fields=386,387,1,2,273747258800085,0,0,0,0,0,0,0,0,4,1,3
event=trace_row ordinal=2063 kind=5 ns=273747268820454 fields=513,6,15,0,0,0,0,0,0,0,16,0,0,0,0,0
event=trace_row ordinal=2064 kind=0 ns=273747268800329 fields=387,2,0,50,2,0,0,0,0,0,0,0,0,0,0,0
event=trace_row ordinal=2065 kind=1 ns=273747268800329 fields=387,2,0,1002,994,200,1000,0,1,0,0,0,0,0,0,0
event=trace_row ordinal=2066 kind=1 ns=273747268800329 fields=387,2,1,1002,994,200,1000,0,1,0,0,0,0,0,0,0
event=trace_row ordinal=2067 kind=3 ns=273747268823954 fields=387,388,1,2,273747268800329,0,0,0,0,0,0,0,0,4,1,3
event=trace_row ordinal=2068 kind=5 ns=273747278818948 fields=513,6,15,0,0,0,0,0,0,0,16,0,0,0,0,0
event=trace_row ordinal=2069 kind=0 ns=273747278799990 fields=388,2,0,25,1,0,0,0,0,0,0,0,0,0,0,0
event=trace_row ordinal=2070 kind=1 ns=273747278799990 fields=388,2,0,1002,994,200,1000,0,1,0,0,0,0,0,0,0
event=trace_row ordinal=2071 kind=3 ns=273747278822156 fields=388,389,1,2,273747278799990,0,0,0,0,0,0,0,0,4,1,3
event=trace_row ordinal=2072 kind=4 ns=273747279272192 fields=1793,1,5,0,0,0,0,0,0,0,16,0,0,0,0,0
event=trace_row ordinal=2073 kind=5 ns=273747288821234 fields=513,6,15,0,0,0,0,0,0,0,16,0,0,0,0,0
event=trace_row ordinal=2074 kind=0 ns=273747288800526 fields=389,2,0,50,2,0,0,0,0,0,0,0,0,0,0,0
event=trace_row ordinal=2075 kind=1 ns=273747288800526 fields=389,2,0,1002,994,200,1000,0,1,0,0,0,0,0,0,0
event=trace_row ordinal=2076 kind=1 ns=273747288800526 fields=389,2,1,1002,994,200,1000,0,1,0,0,0,0,0,0,0
event=trace_row ordinal=2077 kind=3 ns=273747288825026 fields=389,390,1,2,273747288800526,0,0,0,0,0,0,0,0,4,1,3
event=trace_row ordinal=2078 kind=4 ns=273747295849142 fields=385,8,39,20,39,20,0,0,0,0,16,0,0,0,0,0
event=trace_row ordinal=2079 kind=4 ns=273747295987682 fields=641,5,3,0,0,0,0,0,0,0,16,0,0,0,0,0
event=trace_row ordinal=2080 kind=5 ns=273747298841895 fields=513,6,15,0,0,0,0,0,0,0,16,0,0,0,0,0
event=trace_row ordinal=2081 kind=0 ns=273747298809520 fields=390,2,0,26,1,0,0,0,0,0,0,0,0,0,0,0
event=trace_row ordinal=2082 kind=1 ns=273747298809520 fields=390,2,0,1002,994,200,1000,0,1,0,0,0,0,0,0,0
event=trace_row ordinal=2083 kind=3 ns=273747298851228 fields=390,391,1,2,273747298809520,0,0,0,0,0,0,0,0,4,1,3
event=trace_row ordinal=2084 kind=5 ns=273747308822306 fields=513,6,15,0,0,0,0,0,0,0,16,0,0,0,0,0
event=trace_row ordinal=2085 kind=0 ns=273747308801889 fields=391,2,0,26,1,0,0,0,0,0,0,0,0,0,0,0
event=trace_row ordinal=2086 kind=1 ns=273747308801889 fields=391,2,0,1002,994,200,1000,0,1,0,0,0,0,0,0,0
event=trace_row ordinal=2087 kind=3 ns=273747308825806 fields=391,392,1,2,273747308801889,0,0,0,0,0,0,0,0,4,1,3
event=trace_row ordinal=2088 kind=5 ns=273747318820508 fields=513,6,15,0,0,0,0,0,0,0,16,0,0,0,0,0
event=trace_row ordinal=2089 kind=0 ns=273747318800384 fields=392,2,0,52,2,0,0,0,0,0,0,0,0,0,0,0
event=trace_row ordinal=2090 kind=1 ns=273747318800384 fields=392,2,0,1002,994,200,1000,0,1,0,0,0,0,0,0,0
event=trace_row ordinal=2091 kind=1 ns=273747318800384 fields=392,2,1,1002,994,200,1000,0,1,0,0,0,0,0,0,0
event=trace_row ordinal=2092 kind=3 ns=273747318824008 fields=392,393,1,2,273747318800384,0,0,0,0,0,0,0,0,4,1,3
event=trace_row ordinal=2093 kind=5 ns=273747328819002 fields=513,6,15,0,0,0,0,0,0,0,16,0,0,0,0,0
event=trace_row ordinal=2094 kind=0 ns=273747328800044 fields=393,2,0,26,1,0,0,0,0,0,0,0,0,0,0,0
event=trace_row ordinal=2095 kind=1 ns=273747328800044 fields=393,2,0,1002,994,200,1000,0,1,0,0,0,0,0,0,0
event=trace_row ordinal=2096 kind=3 ns=273747328822211 fields=393,394,1,2,273747328800044,0,0,0,0,0,0,0,0,4,1,3
event=trace_row ordinal=2097 kind=5 ns=273747338821872 fields=513,6,15,0,0,0,0,0,0,0,16,0,0,0,0,0
event=trace_row ordinal=2098 kind=0 ns=273747338800580 fields=394,2,0,51,2,0,0,0,0,0,0,0,0,0,0,0
event=trace_row ordinal=2099 kind=1 ns=273747338800580 fields=394,2,0,1002,994,200,1000,0,1,0,0,0,0,0,0,0
event=trace_row ordinal=2100 kind=1 ns=273747338800580 fields=394,2,1,1002,994,200,1000,0,1,0,0,0,0,0,0,0
event=trace_row ordinal=2101 kind=3 ns=273747338825372 fields=394,395,1,2,273747338800580,0,0,0,0,0,0,0,0,4,1,3
event=trace_row ordinal=2102 kind=4 ns=273747345797280 fields=385,8,39,20,39,20,0,0,0,0,16,0,0,0,0,0
event=trace_row ordinal=2103 kind=4 ns=273747345923862 fields=641,5,3,0,0,0,0,0,0,0,16,0,0,0,0,0
event=trace_row ordinal=2104 kind=5 ns=273747348819199 fields=513,6,15,0,0,0,0,0,0,0,16,0,0,0,0,0
event=trace_row ordinal=2105 kind=0 ns=273747348799658 fields=395,2,0,25,1,0,0,0,0,0,0,0,0,0,0,0
event=trace_row ordinal=2106 kind=1 ns=273747348799658 fields=395,2,0,1002,994,200,1000,0,1,0,0,0,0,0,0,0
event=trace_row ordinal=2107 kind=3 ns=273747348822991 fields=395,396,1,2,273747348799658,0,0,0,0,0,0,0,0,4,1,3
event=trace_row ordinal=2108 kind=5 ns=273747358822068 fields=513,6,15,0,0,0,0,0,0,0,16,0,0,0,0,0
event=trace_row ordinal=2109 kind=0 ns=273747358800194 fields=396,2,0,50,2,0,0,0,0,0,0,0,0,0,0,0
event=trace_row ordinal=2110 kind=1 ns=273747358800194 fields=396,2,0,1002,994,200,1000,0,1,0,0,0,0,0,0,0
event=trace_row ordinal=2111 kind=1 ns=273747358800194 fields=396,2,1,1002,994,200,1000,0,1,0,0,0,0,0,0,0
event=trace_row ordinal=2112 kind=3 ns=273747358825568 fields=396,397,1,2,273747358800194,0,0,0,0,0,0,0,0,4,1,3
event=trace_row ordinal=2113 kind=5 ns=273747368820271 fields=513,6,15,0,0,0,0,0,0,0,16,0,0,0,0,0
event=trace_row ordinal=2114 kind=0 ns=273747368801021 fields=397,2,0,25,1,0,0,0,0,0,0,0,0,0,0,0
event=trace_row ordinal=2115 kind=1 ns=273747368801021 fields=397,2,0,1002,994,200,1000,0,1,0,0,0,0,0,0,0
event=trace_row ordinal=2116 kind=3 ns=273747368823479 fields=397,398,1,2,273747368801021,0,0,0,0,0,0,0,0,4,1,3
event=trace_row ordinal=2117 kind=5 ns=273747378819640 fields=513,6,15,0,0,0,0,0,0,0,16,0,0,0,0,0
event=trace_row ordinal=2118 kind=0 ns=273747378800099 fields=398,2,0,25,1,0,0,0,0,0,0,0,0,0,0,0
event=trace_row ordinal=2119 kind=1 ns=273747378800099 fields=398,2,0,1002,994,200,1000,0,1,0,0,0,0,0,0,0
event=trace_row ordinal=2120 kind=3 ns=273747378822848 fields=398,399,1,2,273747378800099,0,0,0,0,0,0,0,0,4,1,3
event=trace_row ordinal=2121 kind=5 ns=273747388821343 fields=513,6,15,0,0,0,0,0,0,0,16,0,0,0,0,0
event=trace_row ordinal=2122 kind=0 ns=273747388800343 fields=399,2,0,50,2,0,0,0,0,0,0,0,0,0,0,0
event=trace_row ordinal=2123 kind=1 ns=273747388800343 fields=399,2,0,1002,994,200,1000,0,1,0,0,0,0,0,0,0
event=trace_row ordinal=2124 kind=1 ns=273747388800343 fields=399,2,1,1002,994,200,1000,0,1,0,0,0,0,0,0,0
event=trace_row ordinal=2125 kind=3 ns=273747388824551 fields=399,400,1,2,273747388800343,0,0,0,0,0,0,0,0,4,1,3
event=trace_row ordinal=2126 kind=4 ns=273747395742502 fields=385,8,39,20,39,20,0,0,0,0,16,0,0,0,0,0
event=trace_row ordinal=2127 kind=4 ns=273747395932958 fields=641,5,3,0,0,0,0,0,0,0,16,0,0,0,0,0
event=trace_row ordinal=2128 kind=5 ns=273747398819545 fields=513,6,15,0,0,0,0,0,0,0,16,0,0,0,0,0
event=trace_row ordinal=2129 kind=0 ns=273747398800296 fields=400,2,0,25,1,0,0,0,0,0,0,0,0,0,0,0
event=trace_row ordinal=2130 kind=1 ns=273747398800296 fields=400,2,0,1002,994,200,1000,0,1,0,0,0,0,0,0,0
event=trace_row ordinal=2131 kind=3 ns=273747398823045 fields=400,401,1,2,273747398800296,0,0,0,0,0,0,0,0,4,1,3
event=trace_row ordinal=2132 kind=5 ns=273747408823289 fields=513,6,15,0,0,0,0,0,0,0,16,0,0,0,0,0
event=trace_row ordinal=2133 kind=0 ns=273747408801123 fields=401,2,0,50,2,0,0,0,0,0,0,0,0,0,0,0
event=trace_row ordinal=2134 kind=1 ns=273747408801123 fields=401,2,0,1002,994,200,1000,0,1,0,0,0,0,0,0,0
event=trace_row ordinal=2135 kind=1 ns=273747408801123 fields=401,2,1,1002,994,200,1000,0,1,0,0,0,0,0,0,0
event=trace_row ordinal=2136 kind=3 ns=273747408827081 fields=401,402,1,2,273747408801123,0,0,0,0,0,0,0,0,4,1,3
event=trace_row ordinal=2137 kind=5 ns=273747418819450 fields=513,6,15,0,0,0,0,0,0,0,16,0,0,0,0,0
event=trace_row ordinal=2138 kind=0 ns=273747418799909 fields=402,2,0,25,1,0,0,0,0,0,0,0,0,0,0,0
event=trace_row ordinal=2139 kind=1 ns=273747418799909 fields=402,2,0,1002,994,200,1000,0,1,0,0,0,0,0,0,0
event=trace_row ordinal=2140 kind=3 ns=273747418822659 fields=402,403,1,2,273747418799909,0,0,0,0,0,0,0,0,4,1,3
event=trace_row ordinal=2141 kind=5 ns=273747428819986 fields=513,6,15,0,0,0,0,0,0,0,16,0,0,0,0,0
event=trace_row ordinal=2142 kind=0 ns=273747428799570 fields=403,2,0,50,2,0,0,0,0,0,0,0,0,0,0,0
event=trace_row ordinal=2143 kind=1 ns=273747428799570 fields=403,2,0,1002,994,200,1000,0,1,0,0,0,0,0,0,0
event=trace_row ordinal=2144 kind=1 ns=273747428799570 fields=403,2,1,1002,994,200,1000,0,1,0,0,0,0,0,0,0
event=trace_row ordinal=2145 kind=3 ns=273747428823195 fields=403,404,1,2,273747428799570,0,0,0,0,0,0,0,0,4,1,3
event=trace_row ordinal=2146 kind=5 ns=273747438818480 fields=513,6,15,0,0,0,0,0,0,0,16,0,0,0,0,0
event=trace_row ordinal=2147 kind=0 ns=273747438799814 fields=404,2,0,25,1,0,0,0,0,0,0,0,0,0,0,0
event=trace_row ordinal=2148 kind=1 ns=273747438799814 fields=404,2,0,1001,994,200,1000,0,1,0,0,0,0,0,0,0
event=trace_row ordinal=2149 kind=3 ns=273747438821689 fields=404,405,1,2,273747438799814,0,0,0,0,0,0,0,0,4,1,3
event=trace_row ordinal=2150 kind=4 ns=273747445687432 fields=385,8,39,20,39,20,0,0,0,0,16,0,0,0,0,0
event=trace_row ordinal=2151 kind=4 ns=273747445876430 fields=641,5,3,0,0,0,0,0,0,0,16,0,0,0,0,0
event=trace_row ordinal=2152 kind=5 ns=273747448834183 fields=513,6,15,0,0,0,0,0,0,0,16,0,0,0,0,0
event=trace_row ordinal=2153 kind=0 ns=273747448808516 fields=405,2,0,25,1,0,0,0,0,0,0,0,0,0,0,0
event=trace_row ordinal=2154 kind=1 ns=273747448808516 fields=405,2,0,1001,994,200,1000,0,1,0,0,0,0,0,0,0
event=trace_row ordinal=2155 kind=3 ns=273747448839141 fields=405,406,1,2,273747448808516,0,0,0,0,0,0,0,0,4,1,3
event=trace_row ordinal=2156 kind=5 ns=273747458824802 fields=513,6,15,0,0,0,0,0,0,0,16,0,0,0,0,0
event=trace_row ordinal=2157 kind=0 ns=273747458801761 fields=406,2,0,50,2,0,0,0,0,0,0,0,0,0,0,0
event=trace_row ordinal=2158 kind=1 ns=273747458801761 fields=406,2,0,1001,994,200,1000,0,1,0,0,0,0,0,0,0
event=trace_row ordinal=2159 kind=1 ns=273747458801761 fields=406,2,1,1002,994,200,1000,0,1,0,0,0,0,0,0,0
event=trace_row ordinal=2160 kind=3 ns=273747458829177 fields=406,407,1,2,273747458801761,0,0,0,0,0,0,0,0,4,1,3
event=trace_row ordinal=2161 kind=5 ns=273747468829421 fields=513,6,15,0,0,0,0,0,0,0,16,0,0,0,0,0
event=trace_row ordinal=2162 kind=0 ns=273747468806380 fields=407,2,0,25,1,0,0,0,0,0,0,0,0,0,0,0
event=trace_row ordinal=2163 kind=1 ns=273747468806380 fields=407,2,0,1002,994,200,1000,0,1,0,0,0,0,0,0,0
event=trace_row ordinal=2164 kind=3 ns=273747468834088 fields=407,408,1,2,273747468806380,0,0,0,0,0,0,0,0,4,1,3
event=trace_row ordinal=2165 kind=5 ns=273747478832290 fields=513,6,15,0,0,0,0,0,0,0,16,0,0,0,0,0
event=trace_row ordinal=2166 kind=0 ns=273747478806916 fields=408,2,0,50,2,0,0,0,0,0,0,0,0,0,0,0
event=trace_row ordinal=2167 kind=1 ns=273747478806916 fields=408,2,0,1002,994,200,1000,0,1,0,0,0,0,0,0,0
event=trace_row ordinal=2168 kind=1 ns=273747478806916 fields=408,2,1,1002,994,200,1000,0,1,0,0,0,0,0,0,0
event=trace_row ordinal=2169 kind=3 ns=273747478836374 fields=408,409,1,2,273747478806916,0,0,0,0,0,0,0,0,4,1,3
event=trace_row ordinal=2170 kind=5 ns=273747488824951 fields=513,6,15,0,0,0,0,0,0,0,16,0,0,0,0,0
event=trace_row ordinal=2171 kind=0 ns=273747488804243 fields=409,2,0,25,1,0,0,0,0,0,0,0,0,0,0,0
event=trace_row ordinal=2172 kind=1 ns=273747488804243 fields=409,2,0,1002,994,200,1000,0,1,0,0,0,0,0,0,0
event=trace_row ordinal=2173 kind=3 ns=273747488829035 fields=409,410,1,2,273747488804243,0,0,0,0,0,0,0,0,4,1,3
event=trace_row ordinal=2174 kind=4 ns=273747495647529 fields=385,8,39,20,39,20,0,0,0,0,16,0,0,0,0,0
event=trace_row ordinal=2175 kind=4 ns=273747495762152 fields=641,5,3,0,0,0,0,0,0,0,16,0,0,0,0,0
event=trace_row ordinal=2176 kind=5 ns=273747498829571 fields=513,6,15,0,0,0,0,0,0,0,16,0,0,0,0,0
event=trace_row ordinal=2177 kind=0 ns=273747498806529 fields=410,2,0,50,2,0,0,0,0,0,0,0,0,0,0,0
event=trace_row ordinal=2178 kind=1 ns=273747498806529 fields=410,2,0,1002,994,200,1000,0,1,0,0,0,0,0,0,0
event=trace_row ordinal=2179 kind=1 ns=273747498806529 fields=410,2,1,1002,994,200,1000,0,1,0,0,0,0,0,0,0
event=trace_row ordinal=2180 kind=3 ns=273747498833654 fields=410,411,1,2,273747498806529,0,0,0,0,0,0,0,0,4,1,3
event=trace_row ordinal=2181 kind=5 ns=273747508832440 fields=513,6,15,0,0,0,0,0,0,0,16,0,0,0,0,0
event=trace_row ordinal=2182 kind=0 ns=273747508807940 fields=411,2,0,25,1,0,0,0,0,0,0,0,0,0,0,0
event=trace_row ordinal=2183 kind=1 ns=273747508807940 fields=411,2,0,1002,994,200,1000,0,1,0,0,0,0,0,0,0
event=trace_row ordinal=2184 kind=3 ns=273747508837106 fields=411,412,1,2,273747508807940,0,0,0,0,0,0,0,0,4,1,3
event=trace_row ordinal=2185 kind=5 ns=273747518830934 fields=513,6,15,0,0,0,0,0,0,0,16,0,0,0,0,0
event=trace_row ordinal=2186 kind=0 ns=273747518805851 fields=412,2,0,25,1,0,0,0,0,0,0,0,0,0,0,0
event=trace_row ordinal=2187 kind=1 ns=273747518805851 fields=412,2,0,1002,994,200,1000,0,1,0,0,0,0,0,0,0
event=trace_row ordinal=2188 kind=3 ns=273747518835601 fields=412,413,1,2,273747518805851,0,0,0,0,0,0,0,0,4,1,3
event=trace_row ordinal=2189 kind=5 ns=273747528823595 fields=513,6,15,0,0,0,0,0,0,0,16,0,0,0,0,0
event=trace_row ordinal=2190 kind=0 ns=273747528803470 fields=413,2,0,50,2,0,0,0,0,0,0,0,0,0,0,0
event=trace_row ordinal=2191 kind=1 ns=273747528803470 fields=413,2,0,1002,994,200,1000,0,1,0,0,0,0,0,0,0
event=trace_row ordinal=2192 kind=1 ns=273747528803470 fields=413,2,1,1002,994,200,1000,0,1,0,0,0,0,0,0,0
event=trace_row ordinal=2193 kind=3 ns=273747528827970 fields=413,414,1,2,273747528803470,0,0,0,0,0,0,0,0,4,1,3
event=trace_row ordinal=2194 kind=4 ns=273747528890969 fields=1793,1,5,0,0,0,0,0,0,0,16,0,0,0,0,0
event=trace_row ordinal=2195 kind=5 ns=273747538822964 fields=513,6,15,0,0,0,0,0,0,0,16,0,0,0,0,0
event=trace_row ordinal=2196 kind=0 ns=273747538802839 fields=414,2,0,25,1,0,0,0,0,0,0,0,0,0,0,0
event=trace_row ordinal=2197 kind=1 ns=273747538802839 fields=414,2,0,1002,994,200,1000,0,1,0,0,0,0,0,0,0
event=trace_row ordinal=2198 kind=3 ns=273747538826464 fields=414,415,1,2,273747538802839,0,0,0,0,0,0,0,0,4,1,3
event=trace_row ordinal=2199 kind=4 ns=273747545582251 fields=385,8,39,20,39,20,0,0,0,0,16,0,0,0,0,0
event=trace_row ordinal=2200 kind=4 ns=273747545770373 fields=641,5,3,0,0,0,0,0,0,0,16,0,0,0,0,0
event=trace_row ordinal=2201 kind=5 ns=273747548821458 fields=513,6,15,0,0,0,0,0,0,0,16,0,0,0,0,0
event=trace_row ordinal=2202 kind=0 ns=273747548800459 fields=415,2,0,50,2,0,0,0,0,0,0,0,0,0,0,0
event=trace_row ordinal=2203 kind=1 ns=273747548800459 fields=415,2,0,1002,994,200,1000,0,1,0,0,0,0,0,0,0
event=trace_row ordinal=2204 kind=1 ns=273747548800459 fields=415,2,1,1002,994,200,1000,0,1,0,0,0,0,0,0,0
event=trace_row ordinal=2205 kind=3 ns=273747548824958 fields=415,416,1,2,273747548800459,0,0,0,0,0,0,0,0,4,1,3
event=trace_row ordinal=2206 kind=5 ns=273747558820244 fields=513,6,15,0,0,0,0,0,0,0,16,0,0,0,0,0
event=trace_row ordinal=2207 kind=0 ns=273747558800411 fields=416,2,0,25,1,0,0,0,0,0,0,0,0,0,0,0
event=trace_row ordinal=2208 kind=1 ns=273747558800411 fields=416,2,0,1001,994,200,1000,0,1,0,0,0,0,0,0,0
event=trace_row ordinal=2209 kind=3 ns=273747558823453 fields=416,417,1,2,273747558800411,0,0,0,0,0,0,0,0,4,1,3
event=trace_row ordinal=2210 kind=5 ns=273747568821655 fields=513,6,15,0,0,0,0,0,0,0,16,0,0,0,0,0
event=trace_row ordinal=2211 kind=0 ns=273747568800655 fields=417,2,0,50,2,0,0,0,0,0,0,0,0,0,0,0
event=trace_row ordinal=2212 kind=1 ns=273747568800655 fields=417,2,0,1001,994,200,1000,0,1,0,0,0,0,0,0,0
event=trace_row ordinal=2213 kind=1 ns=273747568800655 fields=417,2,1,1001,994,200,1000,0,1,0,0,0,0,0,0,0
event=trace_row ordinal=2214 kind=3 ns=273747568825155 fields=417,418,1,2,273747568800655,0,0,0,0,0,0,0,0,4,1,3
event=trace_row ordinal=2215 kind=5 ns=273747578818983 fields=513,6,15,0,0,0,0,0,0,0,16,0,0,0,0,0
event=trace_row ordinal=2216 kind=0 ns=273747578800316 fields=418,2,0,25,1,0,0,0,0,0,0,0,0,0,0,0
event=trace_row ordinal=2217 kind=1 ns=273747578800316 fields=418,2,0,1002,994,200,1000,0,1,0,0,0,0,0,0,0
event=trace_row ordinal=2218 kind=3 ns=273747578822191 fields=418,419,1,2,273747578800316,0,0,0,0,0,0,0,0,4,1,3
event=trace_row ordinal=2219 kind=5 ns=273747588818352 fields=513,6,15,0,0,0,0,0,0,0,16,0,0,0,0,0
event=trace_row ordinal=2220 kind=0 ns=273747588800269 fields=419,2,0,25,1,0,0,0,0,0,0,0,0,0,0,0
event=trace_row ordinal=2221 kind=1 ns=273747588800269 fields=419,2,0,1002,994,200,1000,0,1,0,0,0,0,0,0,0
event=trace_row ordinal=2222 kind=3 ns=273747588821852 fields=419,420,1,2,273747588800269,0,0,0,0,0,0,0,0,4,1,3
event=trace_row ordinal=2223 kind=4 ns=273747595528056 fields=385,8,39,20,39,20,0,0,0,0,16,0,0,0,0,0
event=trace_row ordinal=2224 kind=4 ns=273747595717053 fields=641,5,3,0,0,0,0,0,0,0,16,0,0,0,0,0
event=trace_row ordinal=2225 kind=5 ns=273747598820346 fields=513,6,15,0,0,0,0,0,0,0,16,0,0,0,0,0
event=trace_row ordinal=2226 kind=0 ns=273747598799346 fields=420,2,0,50,2,0,0,0,0,0,0,0,0,0,0,0
event=trace_row ordinal=2227 kind=1 ns=273747598799346 fields=420,2,0,1002,994,200,1000,0,1,0,0,0,0,0,0,0
event=trace_row ordinal=2228 kind=1 ns=273747598799346 fields=420,2,1,1002,994,200,1000,0,1,0,0,0,0,0,0,0
event=trace_row ordinal=2229 kind=3 ns=273747598823554 fields=420,421,1,2,273747598799346,0,0,0,0,0,0,0,0,4,1,3
event=trace_row ordinal=2230 kind=5 ns=273747608820299 fields=513,6,15,0,0,0,0,0,0,0,16,0,0,0,0,0
event=trace_row ordinal=2231 kind=0 ns=273747608800466 fields=421,2,0,25,1,0,0,0,0,0,0,0,0,0,0,0
event=trace_row ordinal=2232 kind=1 ns=273747608800466 fields=421,2,0,1002,994,200,1000,0,1,0,0,0,0,0,0,0
event=trace_row ordinal=2233 kind=3 ns=273747608823507 fields=421,422,1,2,273747608800466,0,0,0,0,0,0,0,0,4,1,3
event=trace_row ordinal=2234 kind=5 ns=273747618822585 fields=513,6,15,0,0,0,0,0,0,0,16,0,0,0,0,0
event=trace_row ordinal=2235 kind=0 ns=273747618800710 fields=422,2,0,50,2,0,0,0,0,0,0,0,0,0,0,0
event=trace_row ordinal=2236 kind=1 ns=273747618800710 fields=422,2,0,1002,994,200,1000,0,1,0,0,0,0,0,0,0
event=trace_row ordinal=2237 kind=1 ns=273747618800710 fields=422,2,1,1002,994,200,1000,0,1,0,0,0,0,0,0,0
event=trace_row ordinal=2238 kind=3 ns=273747618826084 fields=422,423,1,2,273747618800710,0,0,0,0,0,0,0,0,4,1,3
event=trace_row ordinal=2239 kind=5 ns=273747628819037 fields=513,6,15,0,0,0,0,0,0,0,16,0,0,0,0,0
event=trace_row ordinal=2240 kind=0 ns=273747628800079 fields=423,2,0,25,1,0,0,0,0,0,0,0,0,0,0,0
event=trace_row ordinal=2241 kind=1 ns=273747628800079 fields=423,2,0,1002,994,200,1000,0,1,0,0,0,0,0,0,0
event=trace_row ordinal=2242 kind=3 ns=273747628822245 fields=423,424,1,2,273747628800079,0,0,0,0,0,0,0,0,4,1,3
event=trace_row ordinal=2243 kind=5 ns=273747638820156 fields=513,6,15,0,0,0,0,0,0,0,16,0,0,0,0,0
event=trace_row ordinal=2244 kind=0 ns=273747638799740 fields=424,2,0,50,2,0,0,0,0,0,0,0,0,0,0,0
event=trace_row ordinal=2245 kind=1 ns=273747638799740 fields=424,2,0,1002,994,200,1000,0,1,0,0,0,0,0,0,0
event=trace_row ordinal=2246 kind=1 ns=273747638799740 fields=424,2,1,1002,994,200,1000,0,1,0,0,0,0,0,0,0
event=trace_row ordinal=2247 kind=3 ns=273747638823656 fields=424,425,1,2,273747638799740,0,0,0,0,0,0,0,0,4,1,3
event=trace_row ordinal=2248 kind=4 ns=273747645474444 fields=385,8,39,20,39,20,0,0,0,0,16,0,0,0,0,0
event=trace_row ordinal=2249 kind=4 ns=273747645601609 fields=641,5,3,0,0,0,0,0,0,0,16,0,0,0,0,0
event=trace_row ordinal=2250 kind=5 ns=273747648819234 fields=513,6,15,0,0,0,0,0,0,0,16,0,0,0,0,0
event=trace_row ordinal=2251 kind=0 ns=273747648800276 fields=425,2,0,25,1,0,0,0,0,0,0,0,0,0,0,0
event=trace_row ordinal=2252 kind=1 ns=273747648800276 fields=425,2,0,1002,994,200,1000,0,1,0,0,0,0,0,0,0
event=trace_row ordinal=2253 kind=3 ns=273747648823025 fields=425,426,1,2,273747648800276,0,0,0,0,0,0,0,0,4,1,3
event=trace_row ordinal=2254 kind=5 ns=273747658817728 fields=513,6,15,0,0,0,0,0,0,0,16,0,0,0,0,0
event=trace_row ordinal=2255 kind=0 ns=273747658799353 fields=426,2,0,25,1,0,0,0,0,0,0,0,0,0,0,0
event=trace_row ordinal=2256 kind=1 ns=273747658799353 fields=426,2,0,1002,994,200,1000,0,1,0,0,0,0,0,0,0
event=trace_row ordinal=2257 kind=3 ns=273747658820936 fields=426,427,1,2,273747658799353,0,0,0,0,0,0,0,0,4,1,3
event=trace_row ordinal=2258 kind=5 ns=273747668892930 fields=513,6,15,0,0,0,0,0,0,0,16,0,0,0,0,0
event=trace_row ordinal=2259 kind=0 ns=273747668829056 fields=427,2,0,50,2,0,0,0,0,0,0,0,0,0,0,0
event=trace_row ordinal=2260 kind=1 ns=273747668829056 fields=427,2,0,1002,994,200,1000,0,1,0,0,0,0,0,0,0
event=trace_row ordinal=2261 kind=1 ns=273747668829056 fields=427,2,1,1002,994,200,1000,0,1,0,0,0,0,0,0,0
event=trace_row ordinal=2262 kind=3 ns=273747668901680 fields=427,428,1,2,273747668829056,0,0,0,0,0,0,0,0,4,1,3
event=trace_row ordinal=2263 kind=5 ns=273747678821425 fields=513,6,15,0,0,0,0,0,0,0,16,0,0,0,0,0
event=trace_row ordinal=2264 kind=0 ns=273747678802467 fields=428,2,0,25,1,0,0,0,0,0,0,0,0,0,0,0
event=trace_row ordinal=2265 kind=1 ns=273747678802467 fields=428,2,0,1002,994,200,1000,0,1,0,0,0,0,0,0,0
event=trace_row ordinal=2266 kind=3 ns=273747678825508 fields=428,429,1,2,273747678802467,0,0,0,0,0,0,0,0,4,1,3
event=trace_row ordinal=2267 kind=5 ns=273747688820794 fields=513,6,15,0,0,0,0,0,0,0,16,0,0,0,0,0
event=trace_row ordinal=2268 kind=0 ns=273747688800669 fields=429,2,0,50,2,0,0,0,0,0,0,0,0,0,0,0
event=trace_row ordinal=2269 kind=1 ns=273747688800669 fields=429,2,0,1002,994,200,1000,0,1,0,0,0,0,0,0,0
event=trace_row ordinal=2270 kind=1 ns=273747688800669 fields=429,2,1,1002,994,200,1000,0,1,0,0,0,0,0,0,0
event=trace_row ordinal=2271 kind=3 ns=273747688824002 fields=429,430,1,2,273747688800669,0,0,0,0,0,0,0,0,4,1,3
event=trace_row ordinal=2272 kind=4 ns=273747695426083 fields=385,8,39,20,39,20,0,0,0,0,16,0,0,0,0,0
event=trace_row ordinal=2273 kind=4 ns=273747695549748 fields=641,5,3,0,0,0,0,0,0,0,16,0,0,0,0,0
event=trace_row ordinal=2274 kind=5 ns=273747698820747 fields=513,6,15,0,0,0,0,0,0,0,16,0,0,0,0,0
event=trace_row ordinal=2275 kind=0 ns=273747698801497 fields=430,2,0,25,1,0,0,0,0,0,0,0,0,0,0,0
event=trace_row ordinal=2276 kind=1 ns=273747698801497 fields=430,2,0,1002,994,200,1000,0,1,0,0,0,0,0,0,0
event=trace_row ordinal=2277 kind=3 ns=273747698824538 fields=430,431,1,2,273747698801497,0,0,0,0,0,0,0,0,4,1,3
event=trace_row ordinal=2278 kind=5 ns=273747708820699 fields=513,6,15,0,0,0,0,0,0,0,16,0,0,0,0,0
event=trace_row ordinal=2279 kind=0 ns=273747708800283 fields=431,2,0,50,2,0,0,0,0,0,0,0,0,0,0,0
event=trace_row ordinal=2280 kind=1 ns=273747708800283 fields=431,2,0,1002,994,200,1000,0,1,0,0,0,0,0,0,0
event=trace_row ordinal=2281 kind=1 ns=273747708800283 fields=431,2,1,1002,994,200,1000,0,1,0,0,0,0,0,0,0
event=trace_row ordinal=2282 kind=3 ns=273747708824199 fields=431,432,1,2,273747708800283,0,0,0,0,0,0,0,0,4,1,3
event=trace_row ordinal=2283 kind=5 ns=273747718820652 fields=513,6,15,0,0,0,0,0,0,0,16,0,0,0,0,0
event=trace_row ordinal=2284 kind=0 ns=273747718800819 fields=432,2,0,25,1,0,0,0,0,0,0,0,0,0,0,0
event=trace_row ordinal=2285 kind=1 ns=273747718800819 fields=432,2,0,1002,994,200,1000,0,1,0,0,0,0,0,0,0
event=trace_row ordinal=2286 kind=3 ns=273747718824152 fields=432,433,1,2,273747718800819,0,0,0,0,0,0,0,0,4,1,3
event=trace_row ordinal=2287 kind=5 ns=273747728819438 fields=513,6,15,0,0,0,0,0,0,0,16,0,0,0,0,0
event=trace_row ordinal=2288 kind=0 ns=273747728800188 fields=433,2,0,25,1,0,0,0,0,0,0,0,0,0,0,0
event=trace_row ordinal=2289 kind=1 ns=273747728800188 fields=433,2,0,1002,994,200,1000,0,1,0,0,0,0,0,0,0
event=trace_row ordinal=2290 kind=3 ns=273747728822646 fields=433,434,1,2,273747728800188,0,0,0,0,0,0,0,0,4,1,3
event=trace_row ordinal=2291 kind=5 ns=273747738820265 fields=513,6,15,0,0,0,0,0,0,0,16,0,0,0,0,0
event=trace_row ordinal=2292 kind=0 ns=273747738799557 fields=434,2,0,50,2,0,0,0,0,0,0,0,0,0,0,0
event=trace_row ordinal=2293 kind=1 ns=273747738799557 fields=434,2,0,1002,994,200,1000,0,1,0,0,0,0,0,0,0
event=trace_row ordinal=2294 kind=1 ns=273747738799557 fields=434,2,1,1002,994,200,1000,0,1,0,0,0,0,0,0,0
event=trace_row ordinal=2295 kind=3 ns=273747738823473 fields=434,435,1,2,273747738799557,0,0,0,0,0,0,0,0,4,1,3
event=trace_row ordinal=2296 kind=4 ns=273747745368096 fields=385,8,39,20,39,20,0,0,0,0,16,0,0,0,0,0
event=trace_row ordinal=2297 kind=4 ns=273747745555052 fields=641,5,3,0,0,0,0,0,0,0,16,0,0,0,0,0
event=trace_row ordinal=2298 kind=5 ns=273747748820801 fields=513,6,15,0,0,0,0,0,0,0,16,0,0,0,0,0
event=trace_row ordinal=2299 kind=0 ns=273747748800968 fields=435,2,0,25,1,0,0,0,0,0,0,0,0,0,0,0
event=trace_row ordinal=2300 kind=1 ns=273747748800968 fields=435,2,0,1002,994,200,1000,0,1,0,0,0,0,0,0,0
event=trace_row ordinal=2301 kind=3 ns=273747748824301 fields=435,436,1,2,273747748800968,0,0,0,0,0,0,0,0,4,1,3
event=trace_row ordinal=2302 kind=5 ns=273747758820753 fields=513,6,15,0,0,0,0,0,0,0,16,0,0,0,0,0
event=trace_row ordinal=2303 kind=0 ns=273747758800045 fields=436,2,0,50,2,0,0,0,0,0,0,0,0,0,0,0
event=trace_row ordinal=2304 kind=1 ns=273747758800045 fields=436,2,0,1002,994,200,1000,0,1,0,0,0,0,0,0,0
event=trace_row ordinal=2305 kind=1 ns=273747758800045 fields=436,2,1,1002,994,200,1000,0,1,0,0,0,0,0,0,0
event=trace_row ordinal=2306 kind=3 ns=273747758824837 fields=436,437,1,2,273747758800045,0,0,0,0,0,0,0,0,4,1,3
event=trace_row ordinal=2307 kind=5 ns=273747768819831 fields=513,6,15,0,0,0,0,0,0,0,16,0,0,0,0,0
event=trace_row ordinal=2308 kind=0 ns=273747768800290 fields=437,2,0,25,1,0,0,0,0,0,0,0,0,0,0,0
event=trace_row ordinal=2309 kind=1 ns=273747768800290 fields=437,2,0,1002,994,200,1000,0,1,0,0,0,0,0,0,0
event=trace_row ordinal=2310 kind=3 ns=273747768823039 fields=437,438,1,2,273747768800290,0,0,0,0,0,0,0,0,4,1,3
event=trace_row ordinal=2311 kind=4 ns=273747778417872 fields=1793,1,5,0,0,0,0,0,0,0,16,0,0,0,0,0
event=trace_row ordinal=2312 kind=5 ns=273747778822117 fields=513,6,15,0,0,0,0,0,0,0,16,0,0,0,0,0
event=trace_row ordinal=2313 kind=0 ns=273747778801117 fields=438,2,0,50,2,0,0,0,0,0,0,0,0,0,0,0
event=trace_row ordinal=2314 kind=1 ns=273747778801117 fields=438,2,0,1002,994,200,1000,0,1,0,0,0,0,0,0,0
event=trace_row ordinal=2315 kind=1 ns=273747778801117 fields=438,2,1,1002,994,200,1000,0,1,0,0,0,0,0,0,0
event=trace_row ordinal=2316 kind=3 ns=273747778825617 fields=438,439,1,2,273747778801117,0,0,0,0,0,0,0,0,4,1,3
event=trace_row ordinal=2317 kind=5 ns=273747788818861 fields=513,6,15,0,0,0,0,0,0,0,16,0,0,0,0,0
event=trace_row ordinal=2318 kind=0 ns=273747788800195 fields=439,2,0,25,1,0,0,0,0,0,0,0,0,0,0,0
event=trace_row ordinal=2319 kind=1 ns=273747788800195 fields=439,2,0,1002,994,200,1000,0,1,0,0,0,0,0,0,0
event=trace_row ordinal=2320 kind=3 ns=273747788821778 fields=439,440,1,2,273747788800195,0,0,0,0,0,0,0,0,4,1,3
event=trace_row ordinal=2321 kind=4 ns=273747795280360 fields=385,8,39,20,39,20,0,0,0,0,16,0,0,0,0,0
event=trace_row ordinal=2322 kind=4 ns=273747795578731 fields=641,5,3,0,0,0,0,0,0,0,16,0,0,0,0,0
event=trace_row ordinal=2323 kind=5 ns=273747798832814 fields=513,6,15,0,0,0,0,0,0,0,16,0,0,0,0,0
event=trace_row ordinal=2324 kind=0 ns=273747798805689 fields=440,2,0,25,1,0,0,0,0,0,0,0,0,0,0,0
event=trace_row ordinal=2325 kind=1 ns=273747798805689 fields=440,2,0,1002,994,200,1000,0,1,0,0,0,0,0,0,0
event=trace_row ordinal=2326 kind=3 ns=273747798836897 fields=440,441,1,2,273747798805689,0,0,0,0,0,0,0,0,4,1,3
event=trace_row ordinal=2327 kind=5 ns=273747808821975 fields=513,6,15,0,0,0,0,0,0,0,16,0,0,0,0,0
event=trace_row ordinal=2328 kind=0 ns=273747808800391 fields=441,2,0,50,2,0,0,0,0,0,0,0,0,0,0,0
event=trace_row ordinal=2329 kind=1 ns=273747808800391 fields=441,2,0,1001,994,200,1000,0,1,0,0,0,0,0,0,0
event=trace_row ordinal=2330 kind=1 ns=273747808800391 fields=441,2,1,1001,994,200,1000,0,1,0,0,0,0,0,0,0
event=trace_row ordinal=2331 kind=3 ns=273747808825474 fields=441,442,1,2,273747808800391,0,0,0,0,0,0,0,0,4,1,3
event=trace_row ordinal=2332 kind=5 ns=273747818828052 fields=513,6,15,0,0,0,0,0,0,0,16,0,0,0,0,0
event=trace_row ordinal=2333 kind=0 ns=273747818803552 fields=442,2,0,25,1,0,0,0,0,0,0,0,0,0,0,0
event=trace_row ordinal=2334 kind=1 ns=273747818803552 fields=442,2,0,1001,994,200,1000,0,1,0,0,0,0,0,0,0
event=trace_row ordinal=2335 kind=3 ns=273747818832719 fields=442,443,1,2,273747818803552,0,0,0,0,0,0,0,0,4,1,3
event=trace_row ordinal=2336 kind=5 ns=273747828821588 fields=513,6,15,0,0,0,0,0,0,0,16,0,0,0,0,0
event=trace_row ordinal=2337 kind=0 ns=273747828800297 fields=443,2,0,50,2,0,0,0,0,0,0,0,0,0,0,0
event=trace_row ordinal=2338 kind=1 ns=273747828800297 fields=443,2,0,1002,994,200,1000,0,1,0,0,0,0,0,0,0
event=trace_row ordinal=2339 kind=1 ns=273747828800297 fields=443,2,1,1002,994,200,1000,0,1,0,0,0,0,0,0,0
event=trace_row ordinal=2340 kind=3 ns=273747828825088 fields=443,444,1,2,273747828800297,0,0,0,0,0,0,0,0,4,1,3
event=trace_row ordinal=2341 kind=5 ns=273747838829999 fields=513,6,15,0,0,0,0,0,0,0,16,0,0,0,0,0
event=trace_row ordinal=2342 kind=0 ns=273747838805791 fields=444,2,0,25,1,0,0,0,0,0,0,0,0,0,0,0
event=trace_row ordinal=2343 kind=1 ns=273747838805791 fields=444,2,0,1002,994,200,1000,0,1,0,0,0,0,0,0,0
event=trace_row ordinal=2344 kind=3 ns=273747838834374 fields=444,445,1,2,273747838805791,0,0,0,0,0,0,0,0,4,1,3
event=trace_row ordinal=2345 kind=4 ns=273747845278956 fields=385,8,39,20,39,20,0,0,0,0,16,0,0,0,0,0
event=trace_row ordinal=2346 kind=4 ns=273747845386580 fields=641,5,3,0,0,0,0,0,0,0,16,0,0,0,0,0
event=trace_row ordinal=2347 kind=5 ns=273747848836076 fields=513,6,15,0,0,0,0,0,0,0,16,0,0,0,0,0
event=trace_row ordinal=2348 kind=0 ns=273747848806618 fields=445,2,0,50,2,0,0,0,0,0,0,0,0,0,0,0
event=trace_row ordinal=2349 kind=1 ns=273747848806618 fields=445,2,0,1002,994,200,1000,0,1,0,0,0,0,0,0,0
event=trace_row ordinal=2350 kind=1 ns=273747848806618 fields=445,2,1,1002,994,200,1000,0,1,0,0,0,0,0,0,0
event=trace_row ordinal=2351 kind=3 ns=273747848839868 fields=445,446,1,2,273747848806618,0,0,0,0,0,0,0,0,4,1,3
event=trace_row ordinal=2352 kind=5 ns=273747858826404 fields=513,6,15,0,0,0,0,0,0,0,16,0,0,0,0,0
event=trace_row ordinal=2353 kind=0 ns=273747858803654 fields=446,2,0,25,1,0,0,0,0,0,0,0,0,0,0,0
event=trace_row ordinal=2354 kind=1 ns=273747858803654 fields=446,2,0,1002,994,200,1000,0,1,0,0,0,0,0,0,0
event=trace_row ordinal=2355 kind=3 ns=273747858830487 fields=446,447,1,2,273747858803654,0,0,0,0,0,0,0,0,4,1,3
event=trace_row ordinal=2356 kind=5 ns=273747868823148 fields=513,6,15,0,0,0,0,0,0,0,16,0,0,0,0,0
event=trace_row ordinal=2357 kind=0 ns=273747868803023 fields=447,2,0,25,1,0,0,0,0,0,0,0,0,0,0,0
event=trace_row ordinal=2358 kind=1 ns=273747868803023 fields=447,2,0,1002,994,200,1000,0,1,0,0,0,0,0,0,0
event=trace_row ordinal=2359 kind=3 ns=273747868827231 fields=447,448,1,2,273747868803023,0,0,0,0,0,0,0,0,4,1,3
event=trace_row ordinal=2360 kind=5 ns=273747878825726 fields=513,6,15,0,0,0,0,0,0,0,16,0,0,0,0,0
event=trace_row ordinal=2361 kind=0 ns=273747878802684 fields=448,2,0,50,2,0,0,0,0,0,0,0,0,0,0,0
event=trace_row ordinal=2362 kind=1 ns=273747878802684 fields=448,2,0,1002,994,200,1000,0,1,0,0,0,0,0,0,0
event=trace_row ordinal=2363 kind=1 ns=273747878802684 fields=448,2,1,1002,994,200,1000,0,1,0,0,0,0,0,0,0
event=trace_row ordinal=2364 kind=3 ns=273747878829809 fields=448,449,1,2,273747878802684,0,0,0,0,0,0,0,0,4,1,3
event=trace_row ordinal=2365 kind=5 ns=273747888828011 fields=513,6,15,0,0,0,0,0,0,0,16,0,0,0,0,0
event=trace_row ordinal=2366 kind=0 ns=273747888803512 fields=449,2,0,25,1,0,0,0,0,0,0,0,0,0,0,0
event=trace_row ordinal=2367 kind=1 ns=273747888803512 fields=449,2,0,1002,994,200,1000,0,1,0,0,0,0,0,0,0
event=trace_row ordinal=2368 kind=3 ns=273747888832678 fields=449,450,1,2,273747888803512,0,0,0,0,0,0,0,0,4,1,3
event=trace_row ordinal=2369 kind=4 ns=273747895215136 fields=385,8,39,20,39,20,0,0,0,0,16,0,0,0,0,0
event=trace_row ordinal=2370 kind=4 ns=273747895391592 fields=641,5,3,0,0,0,0,0,0,0,16,0,0,0,0,0
event=trace_row ordinal=2371 kind=5 ns=273747898826797 fields=513,6,15,0,0,0,0,0,0,0,16,0,0,0,0,0
event=trace_row ordinal=2372 kind=0 ns=273747898803464 fields=450,2,0,50,2,0,0,0,0,0,0,0,0,0,0,0
event=trace_row ordinal=2373 kind=1 ns=273747898803464 fields=450,2,0,1002,994,200,1000,0,1,0,0,0,0,0,0,0
event=trace_row ordinal=2374 kind=1 ns=273747898803464 fields=450,2,1,1002,994,200,1000,0,1,0,0,0,0,0,0,0
event=trace_row ordinal=2375 kind=3 ns=273747898830589 fields=450,451,1,2,273747898803464,0,0,0,0,0,0,0,0,4,1,3
event=trace_row ordinal=2376 kind=5 ns=273747908819458 fields=513,6,15,0,0,0,0,0,0,0,16,0,0,0,0,0
event=trace_row ordinal=2377 kind=0 ns=273747908800500 fields=451,2,0,25,1,0,0,0,0,0,0,0,0,0,0,0
event=trace_row ordinal=2378 kind=1 ns=273747908800500 fields=451,2,0,1002,994,200,1000,0,1,0,0,0,0,0,0,0
event=trace_row ordinal=2379 kind=3 ns=273747908822667 fields=451,452,1,2,273747908800500,0,0,0,0,0,0,0,0,4,1,3
event=trace_row ordinal=2380 kind=5 ns=273747918820286 fields=513,6,15,0,0,0,0,0,0,0,16,0,0,0,0,0
event=trace_row ordinal=2381 kind=0 ns=273747918799869 fields=452,2,0,50,2,0,0,0,0,0,0,0,0,0,0,0
event=trace_row ordinal=2382 kind=1 ns=273747918799869 fields=452,2,0,1002,994,200,1000,0,1,0,0,0,0,0,0,0
event=trace_row ordinal=2383 kind=1 ns=273747918799869 fields=452,2,1,1001,994,200,1000,0,1,0,0,0,0,0,0,0
event=trace_row ordinal=2384 kind=3 ns=273747918823494 fields=452,453,1,2,273747918799869,0,0,0,0,0,0,0,0,4,1,3
event=trace_row ordinal=2385 kind=5 ns=273747928820530 fields=513,6,15,0,0,0,0,0,0,0,16,0,0,0,0,0
event=trace_row ordinal=2386 kind=0 ns=273747928800989 fields=453,2,0,25,1,0,0,0,0,0,0,0,0,0,0,0
event=trace_row ordinal=2387 kind=1 ns=273747928800989 fields=453,2,0,1001,994,200,1000,0,1,0,0,0,0,0,0,0
event=trace_row ordinal=2388 kind=3 ns=273747928824030 fields=453,454,1,2,273747928800989,0,0,0,0,0,0,0,0,4,1,3
event=trace_row ordinal=2389 kind=5 ns=273747938819316 fields=513,6,15,0,0,0,0,0,0,0,16,0,0,0,0,0
event=trace_row ordinal=2390 kind=0 ns=273747938799775 fields=454,2,0,25,1,0,0,0,0,0,0,0,0,0,0,0
event=trace_row ordinal=2391 kind=1 ns=273747938799775 fields=454,2,0,1001,994,200,1000,0,1,0,0,0,0,0,0,0
event=trace_row ordinal=2392 kind=3 ns=273747938823399 fields=454,455,1,2,273747938799775,0,0,0,0,0,0,0,0,4,1,3
event=trace_row ordinal=2393 kind=4 ns=273747945154233 fields=385,8,39,20,39,20,0,0,0,0,16,0,0,0,0,0
event=trace_row ordinal=2394 kind=4 ns=273747945341481 fields=641,5,3,0,0,0,0,0,0,0,16,0,0,0,0,0
event=trace_row ordinal=2395 kind=5 ns=273747948821893 fields=513,6,15,0,0,0,0,0,0,0,16,0,0,0,0,0
event=trace_row ordinal=2396 kind=0 ns=273747948800602 fields=455,2,0,50,2,0,0,0,0,0,0,0,0,0,0,0
event=trace_row ordinal=2397 kind=1 ns=273747948800602 fields=455,2,0,1002,994,200,1000,0,1,0,0,0,0,0,0,0
event=trace_row ordinal=2398 kind=1 ns=273747948800602 fields=455,2,1,1002,994,200,1000,0,1,0,0,0,0,0,0,0
event=trace_row ordinal=2399 kind=3 ns=273747948825393 fields=455,456,1,2,273747948800602,0,0,0,0,0,0,0,0,4,1,3
event=trace_row ordinal=2400 kind=5 ns=273747958818638 fields=513,6,15,0,0,0,0,0,0,0,16,0,0,0,0,0
event=trace_row ordinal=2401 kind=0 ns=273747958800263 fields=456,2,0,25,1,0,0,0,0,0,0,0,0,0,0,0
event=trace_row ordinal=2402 kind=1 ns=273747958800263 fields=456,2,0,1002,994,200,1000,0,1,0,0,0,0,0,0,0
event=trace_row ordinal=2403 kind=3 ns=273747958821846 fields=456,457,1,2,273747958800263,0,0,0,0,0,0,0,0,4,1,3
event=trace_row ordinal=2404 kind=5 ns=273747968820924 fields=513,6,15,0,0,0,0,0,0,0,16,0,0,0,0,0
event=trace_row ordinal=2405 kind=0 ns=273747968800507 fields=457,2,0,50,2,0,0,0,0,0,0,0,0,0,0,0
event=trace_row ordinal=2406 kind=1 ns=273747968800507 fields=457,2,0,1002,994,200,1000,0,1,0,0,0,0,0,0,0
event=trace_row ordinal=2407 kind=1 ns=273747968800507 fields=457,2,1,1002,994,200,1000,0,1,0,0,0,0,0,0,0
event=trace_row ordinal=2408 kind=3 ns=273747968824424 fields=457,458,1,2,273747968800507,0,0,0,0,0,0,0,0,4,1,3
event=trace_row ordinal=2409 kind=5 ns=273747978818543 fields=513,6,15,0,0,0,0,0,0,0,16,0,0,0,0,0
event=trace_row ordinal=2410 kind=0 ns=273747978799585 fields=458,2,0,25,1,0,0,0,0,0,0,0,0,0,0,0
event=trace_row ordinal=2411 kind=1 ns=273747978799585 fields=458,2,0,1002,994,200,1000,0,1,0,0,0,0,0,0,0
event=trace_row ordinal=2412 kind=3 ns=273747978822918 fields=458,459,1,2,273747978799585,0,0,0,0,0,0,0,0,4,1,3
event=trace_row ordinal=2413 kind=5 ns=273747988820246 fields=513,6,15,0,0,0,0,0,0,0,16,0,0,0,0,0
event=trace_row ordinal=2414 kind=0 ns=273747988799538 fields=459,2,0,50,2,0,0,0,0,0,0,0,0,0,0,0
event=trace_row ordinal=2415 kind=1 ns=273747988799538 fields=459,2,0,1002,994,200,1000,0,1,0,0,0,0,0,0,0
event=trace_row ordinal=2416 kind=1 ns=273747988799538 fields=459,2,1,1002,994,200,1000,0,1,0,0,0,0,0,0,0
event=trace_row ordinal=2417 kind=3 ns=273747988823454 fields=459,460,1,2,273747988799538,0,0,0,0,0,0,0,0,4,1,3
event=trace_row ordinal=2418 kind=4 ns=273747995093331 fields=385,8,39,20,39,20,3,0,0,0,16,0,0,0,0,0
event=trace_row ordinal=2419 kind=4 ns=273747995282036 fields=641,5,3,0,0,0,0,0,0,0,16,0,0,0,0,0
event=trace_row ordinal=2420 kind=5 ns=273747998821074 fields=513,6,15,0,0,0,0,0,0,0,16,0,0,0,0,0
event=trace_row ordinal=2421 kind=0 ns=273747998800657 fields=460,2,0,25,1,0,0,0,0,0,0,0,0,0,0,0
event=trace_row ordinal=2422 kind=1 ns=273747998800657 fields=460,2,0,1002,994,200,1000,0,1,0,0,0,0,0,0,0
event=trace_row ordinal=2423 kind=3 ns=273747998824865 fields=460,461,1,2,273747998800657,0,0,0,0,0,0,0,0,4,1,3
event=trace_row ordinal=2424 kind=6 ns=273747998828948 fields=6,0,461,273747998800657,0,0,0,0,0,0,0,0,0,0,0,0
event=trace_row ordinal=2425 kind=5 ns=273747998836240 fields=513,6,6,0,0,0,0,0,0,0,16,0,0,0,0,0
event=trace_row ordinal=2426 kind=5 ns=273747998910614 fields=1537,8,35,255,96,1,0,0,0,0,16,0,0,0,0,0
event=trace_row ordinal=2427 kind=4 ns=273748000041391 fields=1409,8,96,255,96,1,0,0,0,0,16,0,0,0,0,0
event=trace_row ordinal=2428 kind=5 ns=273748001802160 fields=1537,8,64,255,96,1,0,0,0,0,16,0,0,0,0,0
event=trace_row ordinal=2429 kind=4 ns=273748002464234 fields=1409,8,67,255,96,1,0,0,0,0,16,0,0,0,0,0
event=trace_row ordinal=2430 kind=5 ns=273748003805300 fields=1537,8,35,255,96,2,0,0,0,0,16,0,0,0,0,0
event=trace_row ordinal=2431 kind=4 ns=273748004404376 fields=1409,8,96,255,96,2,0,0,0,0,16,0,0,0,0,0
event=trace_row ordinal=2432 kind=5 ns=273748005799399 fields=1537,8,64,255,96,2,0,0,0,0,16,0,0,0,0,0
event=trace_row ordinal=2433 kind=4 ns=273748006457099 fields=1409,8,67,255,96,2,0,0,0,0,16,0,0,0,0,0
event=trace_row ordinal=2434 kind=5 ns=273748007801956 fields=1537,8,43,64,96,0,0,0,0,0,16,0,0,0,0,0
event=trace_row ordinal=2435 kind=4 ns=273748008452656 fields=1409,8,96,64,96,0,0,0,0,0,16,0,0,0,0,0
event=trace_row ordinal=2436 kind=5 ns=273748009799263 fields=1537,8,64,64,96,0,0,0,0,0,16,0,0,0,0,0
event=trace_row ordinal=2437 kind=4 ns=273748010448213 fields=1409,8,75,64,96,0,0,0,0,0,16,0,0,0,0,0
event=trace_row ordinal=2438 kind=5 ns=273748011802112 fields=1537,8,64,65,96,0,0,0,0,0,16,0,0,0,0,0
event=trace_row ordinal=2439 kind=4 ns=273748012435604 fields=1409,8,67,65,96,0,96,20,96,20,16,0,0,0,0,0
event=trace_row ordinal=2440 kind=5 ns=273748013804961 fields=1537,8,64,108,96,1,0,0,0,0,16,0,0,0,0,0
event=trace_row ordinal=2441 kind=4 ns=273748014436703 fields=1409,8,67,108,96,1,255,255,255,255,16,0,0,0,0,0
event=trace_end count=2442
