 (1789630176.716374)  can0  601   [8]  40 41 60 00 00 00 00 00
 (1789630176.716722)  can0  581   [8]  43 41 60 00 60 14 60 14
 (1789630176.718103)  can0  601   [8]  40 60 60 00 00 00 00 00
 (1789630176.718415)  can0  581   [8]  4F 60 60 00 03 00 00 00
 (1789630176.720041)  can0  601   [8]  40 61 60 00 00 00 00 00
 (1789630176.720400)  can0  581   [8]  4F 61 60 00 03 00 00 00
 (1789630176.722040)  can0  601   [8]  40 3F 60 00 00 00 00 00
 (1789630176.722404)  can0  581   [8]  43 3F 60 00 00 00 00 00
 (1789630176.724040)  can0  601   [8]  40 FF 60 01 00 00 00 00
 (1789630176.724399)  can0  581   [8]  43 FF 60 01 00 00 00 00
 (1789630176.726040)  can0  601   [8]  40 FF 60 02 00 00 00 00
 (1789630176.726397)  can0  581   [8]  43 FF 60 02 00 00 00 00
 (1789630176.728042)  can0  601   [8]  40 6C 60 01 00 00 00 00
 (1789630176.728385)  can0  581   [8]  43 6C 60 01 00 00 00 00
 (1789630176.730037)  can0  601   [8]  40 6C 60 02 00 00 00 00
 (1789630176.730380)  can0  581   [8]  43 6C 60 02 00 00 00 00
 (1789630176.732039)  can0  601   [8]  40 6C 60 03 00 00 00 00
 (1789630176.732376)  can0  581   [8]  43 6C 60 03 00 00 00 00
 (1789630176.734042)  can0  601   [8]  40 0F 20 00 00 00 00 00
 (1789630176.734374)  can0  581   [8]  4B 0F 20 00 01 00 00 00
 (1789630176.736042)  can0  601   [8]  40 00 20 00 00 00 00 00
 (1789630176.736374)  can0  581   [8]  4B 00 20 00 00 00 00 00
 (1789630176.738038)  can0  601   [8]  40 17 10 00 00 00 00 00
 (1789630176.738365)  can0  581   [8]  4B 17 10 00 00 00 00 00
 (1789630176.740042)  can0  601   [8]  40 00 14 01 00 00 00 00
 (1789630176.740357)  can0  581   [8]  43 00 14 01 01 02 00 00
 (1789630176.742042)  can0  601   [8]  40 00 14 02 00 00 00 00
 (1789630176.742353)  can0  581   [8]  4F 00 14 02 FF 00 00 00
 (1789630176.744039)  can0  601   [8]  40 00 14 05 00 00 00 00
 (1789630176.744349)  can0  581   [8]  4B 00 14 05 E8 03 00 00
 (1789630176.746043)  can0  601   [8]  40 00 16 00 00 00 00 00
 (1789630176.746410)  can0  581   [8]  4F 00 16 00 02 00 00 00
 (1789630176.748039)  can0  601   [8]  40 00 16 01 00 00 00 00
 (1789630176.748398)  can0  581   [8]  43 00 16 01 10 00 40 60
 (1789630176.750040)  can0  601   [8]  40 00 16 02 00 00 00 00
 (1789630176.750398)  can0  581   [8]  43 00 16 02 08 00 60 60
 (1789630176.752042)  can0  601   [8]  40 00 18 01 00 00 00 00
 (1789630176.752397)  can0  581   [8]  43 00 18 01 81 01 00 00
 (1789630176.754038)  can0  601   [8]  40 00 18 02 00 00 00 00
 (1789630176.754391)  can0  581   [8]  4F 00 18 02 FF 00 00 00
 (1789630176.756039)  can0  601   [8]  40 00 18 05 00 00 00 00
 (1789630176.756387)  can0  581   [8]  4B 00 18 05 64 00 00 00
 (1789630176.758041)  can0  601   [8]  40 00 1A 00 00 00 00 00
 (1789630176.758387)  can0  581   [8]  4F 00 1A 00 02 00 00 00
 (1789630176.760039)  can0  601   [8]  40 00 1A 01 00 00 00 00
 (1789630176.760374)  can0  581   [8]  43 00 1A 01 20 00 41 60
 (1789630176.762043)  can0  601   [8]  40 00 1A 02 00 00 00 00
 (1789630176.762368)  can0  581   [8]  43 00 1A 02 20 03 6C 60
 (1789630176.764038)  can0  601   [8]  40 01 18 01 00 00 00 00
 (1789630176.764369)  can0  581   [8]  43 01 18 01 81 02 00 00
 (1789630176.766040)  can0  601   [8]  40 01 18 02 00 00 00 00
 (1789630176.766368)  can0  581   [8]  4F 01 18 02 FF 00 00 00
 (1789630176.768036)  can0  601   [8]  40 01 18 05 00 00 00 00
 (1789630176.768358)  can0  581   [8]  4B 01 18 05 00 00 00 00
 (1789630176.770041)  can0  601   [8]  40 01 1A 00 00 00 00 00
 (1789630176.770356)  can0  581   [8]  4F 01 1A 00 00 00 00 00
 (1789630176.772039)  can0  601   [8]  40 01 1A 01 00 00 00 00
 (1789630176.772349)  can0  581   [8]  43 01 1A 01 00 00 00 00
 (1789630176.774041)  can0  601   [8]  40 01 1A 02 00 00 00 00
 (1789630176.774401)  can0  581   [8]  43 01 1A 02 00 00 00 00
 (1789630176.776045)  can0  601   [8]  2B 17 10 00 F4 01 00 00
 (1789630176.776408)  can0  581   [8]  60 17 10 00 00 00 00 00
 (1789630176.778036)  can0  601   [8]  40 17 10 00 00 00 00 00
 (1789630176.778393)  can0  581   [8]  4B 17 10 00 F4 01 00 00
 (1789630177.025891)  can0  701   [1]  7F
 (1789630177.028001)  can0  000   [2]  80 01
 (1789630177.275442)  can0  701   [1]  7F
 (1789630177.277229)  can0  601   [8]  2B 00 20 00 E8 03 00 00
 (1789630177.277447)  can0  581   [8]  60 00 20 00 00 00 00 00
 (1789630177.279101)  can0  601   [8]  40 00 20 00 00 00 00 00
 (1789630177.279425)  can0  581   [8]  4B 00 20 00 E8 03 00 00
 (1789630177.281100)  can0  601   [8]  23 00 14 01 01 02 00 80
 (1789630177.281371)  can0  581   [8]  60 00 14 01 00 00 00 00
 (1789630177.283095)  can0  601   [8]  40 00 14 01 00 00 00 00
 (1789630177.283416)  can0  581   [8]  43 00 14 01 01 02 00 80
 (1789630177.285098)  can0  601   [8]  2F 00 16 00 00 00 00 00
 (1789630177.285362)  can0  581   [8]  60 00 16 00 00 00 00 00
 (1789630177.287098)  can0  601   [8]  40 00 16 00 00 00 00 00
 (1789630177.287356)  can0  581   [8]  4F 00 16 00 00 00 00 00
 (1789630177.289092)  can0  601   [8]  23 00 16 01 10 00 40 60
 (1789630177.289411)  can0  581   [8]  60 00 16 01 00 00 00 00
 (1789630177.291094)  can0  601   [8]  40 00 16 01 00 00 00 00
 (1789630177.291399)  can0  581   [8]  43 00 16 01 10 00 40 60
 (1789630177.293095)  can0  601   [8]  23 00 16 02 20 03 FF 60
 (1789630177.293461)  can0  581   [8]  60 00 16 02 00 00 00 00
 (1789630177.295036)  can0  601   [8]  40 00 16 02 00 00 00 00
 (1789630177.295396)  can0  581   [8]  43 00 16 02 20 03 FF 60
 (1789630177.297098)  can0  601   [8]  2F 00 16 00 02 00 00 00
 (1789630177.297395)  can0  581   [8]  60 00 16 00 00 00 00 00
 (1789630177.299097)  can0  601   [8]  40 00 16 00 00 00 00 00
 (1789630177.299449)  can0  581   [8]  4F 00 16 00 02 00 00 00
 (1789630177.301096)  can0  601   [8]  23 00 14 01 01 02 00 00
 (1789630177.301385)  can0  581   [8]  60 00 14 01 00 00 00 00
 (1789630177.303095)  can0  601   [8]  40 00 14 01 00 00 00 00
 (1789630177.303376)  can0  581   [8]  43 00 14 01 01 02 00 00
 (1789630177.305038)  can0  601   [8]  23 01 18 01 81 02 00 80
 (1789630177.305375)  can0  581   [8]  60 01 18 01 00 00 00 00
 (1789630177.307093)  can0  601   [8]  40 01 18 01 00 00 00 00
 (1789630177.307367)  can0  581   [8]  43 01 18 01 81 02 00 80
 (1789630177.309096)  can0  601   [8]  2F 01 1A 00 00 00 00 00
 (1789630177.309423)  can0  581   [8]  60 01 1A 00 00 00 00 00
 (1789630177.311038)  can0  601   [8]  40 01 1A 00 00 00 00 00
 (1789630177.311362)  can0  581   [8]  4F 01 1A 00 00 00 00 00
 (1789630177.313088)  can0  601   [8]  23 01 1A 01 08 00 61 60
 (1789630177.313355)  can0  581   [8]  60 01 1A 01 00 00 00 00
 (1789630177.315039)  can0  601   [8]  40 01 1A 01 00 00 00 00
 (1789630177.315342)  can0  581   [8]  43 01 1A 01 08 00 61 60
 (1789630177.317093)  can0  601   [8]  23 01 1A 02 20 00 3F 60
 (1789630177.317349)  can0  581   [8]  60 01 1A 02 00 00 00 00
 (1789630177.319092)  can0  601   [8]  40 01 1A 02 00 00 00 00
 (1789630177.319400)  can0  581   [8]  43 01 1A 02 20 00 3F 60
 (1789630177.321038)  can0  601   [8]  2F 01 1A 00 02 00 00 00
 (1789630177.321399)  can0  581   [8]  60 01 1A 00 00 00 00 00
 (1789630177.323093)  can0  601   [8]  40 01 1A 00 00 00 00 00
 (1789630177.323395)  can0  581   [8]  4F 01 1A 00 02 00 00 00
 (1789630177.325036)  can0  601   [8]  2B 01 18 05 64 00 00 00
 (1789630177.325390)  can0  581   [8]  60 01 18 05 00 00 00 00
 (1789630177.327092)  can0  601   [8]  40 01 18 05 00 00 00 00
 (1789630177.327381)  can0  581   [8]  4B 01 18 05 64 00 00 00
 (1789630177.329094)  can0  601   [8]  23 01 18 01 81 02 00 00
 (1789630177.329439)  can0  581   [8]  60 01 18 01 00 00 00 00
 (1789630177.331037)  can0  601   [8]  40 01 18 01 00 00 00 00
 (1789630177.331374)  can0  581   [8]  43 01 18 01 81 02 00 00
 (1789630177.332989)  can0  000   [2]  01 01
 (1789630177.333306)  can0  181   [8]  60 14 60 14 00 00 00 00
 (1789630177.333497)  can0  281   [5]  03 00 00 00 00
 (1789630177.333597)  can0  381   [0] 
 (1789630177.333695)  can0  481   [0] 
 (1789630177.383314)  can0  181   [8]  60 14 60 14 00 00 00 00
 (1789630177.383505)  can0  281   [5]  03 00 00 00 00
 (1789630177.433330)  can0  181   [8]  60 14 60 14 00 00 00 00
 (1789630177.433514)  can0  281   [5]  03 00 00 00 00
 (1789630177.483331)  can0  181   [8]  60 14 60 14 00 00 00 00
 (1789630177.483523)  can0  281   [5]  03 00 00 00 00
 (1789630177.524926)  can0  701   [1]  05
 (1789630177.527116)  can0  601   [8]  23 FF 60 01 00 00 00 00
 (1789630177.527479)  can0  581   [8]  60 FF 60 01 00 00 00 00
 (1789630177.529096)  can0  601   [8]  40 FF 60 01 00 00 00 00
 (1789630177.529417)  can0  581   [8]  43 FF 60 01 00 00 00 00
 (1789630177.531106)  can0  601   [8]  23 FF 60 02 00 00 00 00
 (1789630177.531413)  can0  581   [8]  60 FF 60 02 00 00 00 00
 (1789630177.533096)  can0  601   [8]  40 FF 60 02 00 00 00 00
 (1789630177.533414)  can0  581   [8]  43 FF 60 02 00 00 00 00
 (1789630177.533596)  can0  181   [8]  60 14 60 14 00 00 00 00
 (1789630177.533787)  can0  281   [5]  03 00 00 00 00
 (1789630177.535043)  can0  601   [8]  2B 40 60 00 06 00 00 00
 (1789630177.535408)  can0  581   [8]  60 40 60 00 00 00 00 00
 (1789630177.537099)  can0  601   [8]  40 40 60 00 00 00 00 00
 (1789630177.537460)  can0  581   [8]  4B 40 60 00 06 00 00 00
 (1789630177.583352)  can0  181   [8]  21 14 21 14 00 00 00 00
 (1789630177.583558)  can0  281   [5]  03 00 00 00 00
 (1789630177.585107)  can0  601   [8]  40 00 14 01 00 00 00 00
 (1789630177.585410)  can0  581   [8]  43 00 14 01 01 02 00 00
 (1789630177.587109)  can0  601   [8]  40 00 14 02 00 00 00 00
 (1789630177.587466)  can0  581   [8]  4F 00 14 02 FF 00 00 00
 (1789630177.589099)  can0  601   [8]  40 00 16 00 00 00 00 00
 (1789630177.589466)  can0  581   [8]  4F 00 16 00 02 00 00 00
 (1789630177.591096)  can0  601   [8]  40 00 16 01 00 00 00 00
 (1789630177.591398)  can0  581   [8]  43 00 16 01 10 00 40 60
 (1789630177.593096)  can0  601   [8]  40 00 16 02 00 00 00 00
 (1789630177.593454)  can0  581   [8]  43 00 16 02 20 03 FF 60
 (1789630177.595045)  can0  601   [8]  40 00 18 01 00 00 00 00
 (1789630177.595394)  can0  581   [8]  43 00 18 01 81 01 00 00
 (1789630177.597096)  can0  601   [8]  40 00 18 02 00 00 00 00
 (1789630177.597444)  can0  581   [8]  4F 00 18 02 FF 00 00 00
 (1789630177.599098)  can0  601   [8]  40 00 1A 00 00 00 00 00
 (1789630177.599445)  can0  581   [8]  4F 00 1A 00 02 00 00 00
 (1789630177.601040)  can0  601   [8]  40 00 1A 01 00 00 00 00
 (1789630177.601375)  can0  581   [8]  43 00 1A 01 20 00 41 60
 (1789630177.603102)  can0  601   [8]  40 00 1A 02 00 00 00 00
 (1789630177.603371)  can0  581   [8]  43 00 1A 02 20 03 6C 60
 (1789630177.605039)  can0  601   [8]  40 01 18 01 00 00 00 00
 (1789630177.605369)  can0  581   [8]  43 01 18 01 81 02 00 00
 (1789630177.607094)  can0  601   [8]  40 01 18 02 00 00 00 00
 (1789630177.607367)  can0  581   [8]  4F 01 18 02 FF 00 00 00
 (1789630177.609099)  can0  601   [8]  40 01 1A 00 00 00 00 00
 (1789630177.609418)  can0  581   [8]  4F 01 1A 00 02 00 00 00
 (1789630177.611041)  can0  601   [8]  40 01 1A 01 00 00 00 00
 (1789630177.611350)  can0  581   [8]  43 01 1A 01 08 00 61 60
 (1789630177.613098)  can0  601   [8]  40 01 1A 02 00 00 00 00
 (1789630177.613351)  can0  581   [8]  43 01 1A 02 20 00 3F 60
 (1789630177.615044)  can0  601   [8]  40 0F 20 00 00 00 00 00
 (1789630177.615405)  can0  581   [8]  4B 0F 20 00 01 00 00 00
 (1789630177.633367)  can0  181   [8]  21 14 21 14 00 00 00 00
 (1789630177.633563)  can0  281   [5]  03 00 00 00 00
 (1789630177.646811)  can0  201   [6]  02 00 00 00 00 00
 (1789630177.657076)  can0  201   [6]  02 00 00 00 00 00
 (1789630177.667050)  can0  201   [6]  02 00 00 00 00 00
 (1789630177.677028)  can0  201   [6]  02 00 00 00 00 00
 (1789630177.683317)  can0  181   [8]  60 14 60 14 00 00 00 00
 (1789630177.683516)  can0  281   [5]  03 00 00 00 00
 (1789630177.687151)  can0  201   [6]  02 00 00 00 00 00
 (1789630177.697142)  can0  201   [6]  02 00 00 00 00 00
 (1789630177.707145)  can0  201   [6]  02 00 00 00 00 00
 (1789630177.717141)  can0  201   [6]  02 00 00 00 00 00
 (1789630177.727146)  can0  201   [6]  02 00 00 00 00 00
 (1789630177.733383)  can0  181   [8]  60 14 60 14 00 00 00 00
 (1789630177.733587)  can0  281   [5]  03 00 00 00 00
 (1789630177.737140)  can0  201   [6]  02 00 00 00 00 00
 (1789630177.747147)  can0  201   [6]  02 00 00 00 00 00
 (1789630177.757143)  can0  201   [6]  02 00 00 00 00 00
 (1789630177.767139)  can0  201   [6]  02 00 00 00 00 00
 (1789630177.774475)  can0  701   [1]  05
 (1789630177.777146)  can0  201   [6]  02 00 00 00 00 00
 (1789630177.783393)  can0  181   [8]  60 14 60 14 00 00 00 00
 (1789630177.783601)  can0  281   [5]  03 00 00 00 00
 (1789630177.787143)  can0  201   [6]  02 00 00 00 00 00
 (1789630177.797146)  can0  201   [6]  02 00 00 00 00 00
 (1789630177.807184)  can0  201   [6]  02 00 00 00 00 00
 (1789630177.817226)  can0  201   [6]  02 00 00 00 00 00
 (1789630177.827190)  can0  201   [6]  02 00 00 00 00 00
 (1789630177.833404)  can0  181   [8]  60 14 60 14 00 00 00 00
 (1789630177.833603)  can0  281   [5]  03 00 00 00 00
 (1789630177.837158)  can0  201   [6]  02 00 00 00 00 00
 (1789630177.847148)  can0  201   [6]  02 00 00 00 00 00
 (1789630177.857035)  can0  201   [6]  02 00 00 00 00 00
 (1789630177.867041)  can0  201   [6]  02 00 00 00 00 00
 (1789630177.877025)  can0  201   [6]  02 00 00 00 00 00
 (1789630177.883356)  can0  181   [8]  60 14 60 14 00 00 00 00
 (1789630177.883555)  can0  281   [5]  03 00 00 00 00
 (1789630177.887040)  can0  201   [6]  02 00 00 00 00 00
 (1789630177.897022)  can0  201   [6]  02 00 00 00 00 00
 (1789630177.907039)  can0  201   [6]  02 00 00 00 00 00
 (1789630177.917026)  can0  201   [6]  02 00 00 00 00 00
 (1789630177.927037)  can0  201   [6]  02 00 00 00 00 00
 (1789630177.933366)  can0  181   [8]  60 14 60 14 00 00 00 00
 (1789630177.933565)  can0  281   [5]  03 00 00 00 00
 (1789630177.937026)  can0  201   [6]  02 00 00 00 00 00
 (1789630177.947206)  can0  201   [6]  02 00 00 00 00 00
 (1789630177.957148)  can0  201   [6]  02 00 00 00 00 00
 (1789630177.967099)  can0  201   [6]  02 00 00 00 00 00
 (1789630177.977154)  can0  201   [6]  02 00 00 00 00 00
 (1789630177.983436)  can0  181   [8]  60 14 60 14 00 00 00 00
 (1789630177.983637)  can0  281   [5]  03 00 00 00 00
 (1789630177.987223)  can0  201   [6]  02 00 00 00 00 00
 (1789630177.997203)  can0  201   [6]  02 00 00 00 00 00
 (1789630178.007250)  can0  201   [6]  02 00 00 00 00 00
 (1789630178.017236)  can0  201   [6]  02 00 00 00 00 00
 (1789630178.024031)  can0  701   [1]  05
 (1789630178.027256)  can0  201   [6]  02 00 00 00 00 00
 (1789630178.033445)  can0  181   [8]  60 14 60 14 00 00 00 00
 (1789630178.033643)  can0  281   [5]  03 00 00 00 00
 (1789630178.037208)  can0  201   [6]  02 00 00 00 00 00
 (1789630178.047353)  can0  201   [6]  02 00 00 00 00 00
 (1789630178.057238)  can0  201   [6]  02 00 00 00 00 00
 (1789630178.067349)  can0  201   [6]  02 00 00 00 00 00
 (1789630178.077279)  can0  201   [6]  02 00 00 00 00 00
 (1789630178.083454)  can0  181   [8]  60 14 60 14 00 00 00 00
 (1789630178.083651)  can0  281   [5]  03 00 00 00 00
 (1789630178.087222)  can0  201   [6]  02 00 00 00 00 00
 (1789630178.097284)  can0  201   [6]  02 00 00 00 00 00
 (1789630178.107199)  can0  201   [6]  02 00 00 00 00 00
 (1789630178.117201)  can0  201   [6]  02 00 00 00 00 00
 (1789630178.127305)  can0  201   [6]  02 00 00 00 00 00
 (1789630178.133469)  can0  181   [8]  60 14 60 14 00 00 00 00
 (1789630178.133662)  can0  281   [5]  03 00 00 00 00
 (1789630178.137218)  can0  201   [6]  02 00 00 00 00 00
 (1789630178.147207)  can0  201   [6]  02 00 00 00 00 00
 (1789630178.157193)  can0  201   [6]  02 00 00 00 00 00
 (1789630178.167190)  can0  201   [6]  02 00 00 00 00 00
 (1789630178.177188)  can0  201   [6]  02 00 00 00 00 00
 (1789630178.183474)  can0  181   [8]  60 14 60 14 00 00 00 00
 (1789630178.183676)  can0  281   [5]  03 00 00 00 00
 (1789630178.187173)  can0  201   [6]  02 00 00 00 00 00
 (1789630178.197154)  can0  201   [6]  02 00 00 00 00 00
 (1789630178.207143)  can0  201   [6]  02 00 00 00 00 00
 (1789630178.217147)  can0  201   [6]  02 00 00 00 00 00
 (1789630178.227141)  can0  201   [6]  02 00 00 00 00 00
 (1789630178.233427)  can0  181   [8]  60 14 60 14 00 00 00 00
 (1789630178.233680)  can0  281   [5]  03 00 00 00 00
 (1789630178.237148)  can0  201   [6]  02 00 00 00 00 00
 (1789630178.247140)  can0  201   [6]  02 00 00 00 00 00
 (1789630178.257139)  can0  201   [6]  02 00 00 00 00 00
 (1789630178.267144)  can0  201   [6]  02 00 00 00 00 00
 (1789630178.273516)  can0  701   [1]  05
 (1789630178.277142)  can0  201   [6]  02 00 00 00 00 00
 (1789630178.283494)  can0  181   [8]  60 14 60 14 00 00 00 00
 (1789630178.283691)  can0  281   [5]  03 00 00 00 00
 (1789630178.287148)  can0  201   [6]  02 00 00 00 00 00
 (1789630178.297141)  can0  201   [6]  02 00 00 00 00 00
 (1789630178.307149)  can0  201   [6]  02 00 00 00 00 00
 (1789630178.317139)  can0  201   [6]  02 00 00 00 00 00
 (1789630178.327140)  can0  201   [6]  02 00 00 00 00 00
 (1789630178.333522)  can0  181   [8]  60 14 60 14 00 00 00 00
 (1789630178.333646)  can0  281   [5]  03 00 00 00 00
 (1789630178.337248)  can0  201   [6]  02 00 00 00 00 00
 (1789630178.347151)  can0  201   [6]  02 00 00 00 00 00
 (1789630178.357149)  can0  201   [6]  02 00 00 00 00 00
 (1789630178.367140)  can0  201   [6]  02 00 00 00 00 00
 (1789630178.377149)  can0  201   [6]  02 00 00 00 00 00
 (1789630178.383513)  can0  181   [8]  60 14 60 14 00 00 00 00
 (1789630178.383714)  can0  281   [5]  03 00 00 00 00
 (1789630178.387140)  can0  201   [6]  02 00 00 00 00 00
 (1789630178.397141)  can0  201   [6]  02 00 00 00 00 00
 (1789630178.407145)  can0  201   [6]  02 00 00 00 00 00
 (1789630178.417139)  can0  201   [6]  02 00 00 00 00 00
 (1789630178.427147)  can0  201   [6]  02 00 00 00 00 00
 (1789630178.433524)  can0  181   [8]  60 14 60 14 00 00 00 00
 (1789630178.433723)  can0  281   [5]  03 00 00 00 00
 (1789630178.437141)  can0  201   [6]  02 00 00 00 00 00
 (1789630178.447147)  can0  201   [6]  02 00 00 00 00 00
 (1789630178.457139)  can0  201   [6]  02 00 00 00 00 00
 (1789630178.467142)  can0  201   [6]  02 00 00 00 00 00
 (1789630178.477145)  can0  201   [6]  02 00 00 00 00 00
 (1789630178.483533)  can0  181   [8]  60 14 60 14 00 00 00 00
 (1789630178.483733)  can0  281   [5]  03 00 00 00 00
 (1789630178.487153)  can0  201   [6]  02 00 00 00 00 00
 (1789630178.497163)  can0  201   [6]  02 00 00 00 00 00
 (1789630178.507208)  can0  201   [6]  02 00 00 00 00 00
 (1789630178.517155)  can0  201   [6]  02 00 00 00 00 00
 (1789630178.523068)  can0  701   [1]  05
 (1789630178.527193)  can0  201   [6]  02 00 00 00 00 00
 (1789630178.533546)  can0  181   [8]  60 14 60 14 00 00 00 00
 (1789630178.533746)  can0  281   [5]  03 00 00 00 00
 (1789630178.537227)  can0  201   [6]  02 00 00 00 00 00
 (1789630178.547214)  can0  201   [6]  02 00 00 00 00 00
 (1789630178.557231)  can0  201   [6]  02 00 00 00 00 00
 (1789630178.567245)  can0  201   [6]  02 00 00 00 00 00
 (1789630178.577271)  can0  201   [6]  02 00 00 00 00 00
 (1789630178.583560)  can0  181   [8]  60 14 60 14 00 00 00 00
 (1789630178.583751)  can0  281   [5]  03 00 00 00 00
 (1789630178.587234)  can0  201   [6]  02 00 00 00 00 00
 (1789630178.597302)  can0  201   [6]  02 00 00 00 00 00
 (1789630178.607249)  can0  201   [6]  02 00 00 00 00 00
 (1789630178.617264)  can0  201   [6]  02 00 00 00 00 00
 (1789630178.627099)  can0  201   [6]  02 00 00 00 00 00
 (1789630178.633508)  can0  181   [8]  60 14 60 14 00 00 00 00
 (1789630178.633710)  can0  281   [5]  03 00 00 00 00
 (1789630178.637045)  can0  201   [6]  02 00 00 00 00 00
 (1789630178.647052)  can0  201   [6]  02 00 00 00 00 00
 (1789630178.657067)  can0  201   [6]  02 00 00 00 00 00
 (1789630178.667192)  can0  201   [6]  02 00 00 00 00 00
 (1789630178.677181)  can0  201   [6]  02 00 00 00 00 00
 (1789630178.683575)  can0  181   [8]  60 14 60 14 00 00 00 00
 (1789630178.683773)  can0  281   [5]  03 00 00 00 00
 (1789630178.687183)  can0  201   [6]  02 00 00 00 00 00
 (1789630178.697162)  can0  201   [6]  02 00 00 00 00 00
 (1789630178.707199)  can0  201   [6]  02 00 00 00 00 00
 (1789630178.717145)  can0  201   [6]  02 00 00 00 00 00
 (1789630178.727149)  can0  201   [6]  02 00 00 00 00 00
 (1789630178.733585)  can0  181   [8]  60 14 60 14 00 00 00 00
 (1789630178.733784)  can0  281   [5]  03 00 00 00 00
 (1789630178.737143)  can0  201   [6]  02 00 00 00 00 00
 (1789630178.747143)  can0  201   [6]  02 00 00 00 00 00
 (1789630178.757147)  can0  201   [6]  02 00 00 00 00 00
 (1789630178.767141)  can0  201   [6]  02 00 00 00 00 00
 (1789630178.772617)  can0  701   [1]  05
 (1789630178.777147)  can0  201   [6]  02 00 00 00 00 00
 (1789630178.783591)  can0  181   [8]  60 14 60 14 00 00 00 00
 (1789630178.783791)  can0  281   [5]  03 00 00 00 00
 (1789630178.787147)  can0  201   [6]  06 00 00 00 00 00
 (1789630178.797154)  can0  201   [6]  06 00 00 00 00 00
 (1789630178.807144)  can0  201   [6]  06 00 00 00 00 00
 (1789630178.817144)  can0  201   [6]  06 00 00 00 00 00
 (1789630178.827148)  can0  201   [6]  06 00 00 00 00 00
 (1789630178.833601)  can0  181   [8]  21 14 21 14 00 00 00 00
 (1789630178.833802)  can0  281   [5]  03 00 00 00 00
 (1789630178.837146)  can0  201   [6]  07 00 00 00 00 00
 (1789630178.847149)  can0  201   [6]  07 00 00 00 00 00
 (1789630178.857353)  can0  201   [6]  07 00 00 00 00 00
 (1789630178.867169)  can0  201   [6]  07 00 00 00 00 00
 (1789630178.877144)  can0  201   [6]  07 00 00 00 00 00
 (1789630178.883605)  can0  181   [8]  23 14 23 14 00 00 00 00
 (1789630178.883750)  can0  281   [5]  03 00 00 00 00
 (1789630178.887144)  can0  201   [6]  0F 00 00 00 00 00
 (1789630178.897150)  can0  201   [6]  0F 00 00 00 00 00
 (1789630178.907146)  can0  201   [6]  0F 00 00 00 00 00
 (1789630178.917152)  can0  201   [6]  0F 00 00 00 00 00
 (1789630178.927145)  can0  201   [6]  0F 00 00 00 00 00
 (1789630178.933550)  can0  181   [8]  27 14 27 14 00 00 00 00
 (1789630178.933750)  can0  281   [5]  03 00 00 00 00
 (1789630178.937152)  can0  201   [6]  0F 00 00 00 00 00
 (1789630178.947145)  can0  201   [6]  0F 00 00 00 00 00
 (1789630178.957145)  can0  201   [6]  0F 00 00 00 00 00
 (1789630178.967151)  can0  201   [6]  0F 00 00 00 00 00
 (1789630178.977145)  can0  201   [6]  0F 00 00 00 00 00
 (1789630178.983498)  can0  181   [8]  27 14 27 14 00 00 00 00
 (1789630178.983701)  can0  281   [5]  03 00 00 00 00
 (1789630178.987151)  can0  201   [6]  0F 00 00 00 00 00
 (1789630178.997146)  can0  201   [6]  0F 00 00 00 00 00
 (1789630179.007152)  can0  201   [6]  0F 00 00 00 00 00
 (1789630179.017054)  can0  201   [6]  0F 00 00 00 00 00
 (1789630179.022050)  can0  701   [1]  05
 (1789630179.027163)  can0  201   [6]  0F 00 00 00 00 00
 (1789630179.033449)  can0  181   [8]  27 14 27 14 00 00 00 00
 (1789630179.033647)  can0  281   [5]  03 00 00 00 00
 (1789630179.037230)  can0  201   [6]  0F 00 00 00 00 00
 (1789630179.047086)  can0  201   [6]  0F 00 00 00 00 00
 (1789630179.057068)  can0  201   [6]  0F 00 00 00 00 00
 (1789630179.067285)  can0  201   [6]  0F 00 00 00 00 00
 (1789630179.077243)  can0  201   [6]  0F 00 00 00 00 00
 (1789630179.083397)  can0  181   [8]  27 14 27 14 00 00 00 00
 (1789630179.083593)  can0  281   [5]  03 00 00 00 00
 (1789630179.087118)  can0  201   [6]  0F 00 00 00 00 00
 (1789630179.097318)  can0  201   [6]  0F 00 00 00 00 00
 (1789630179.107203)  can0  201   [6]  0F 00 00 00 00 00
 (1789630179.117331)  can0  201   [6]  0F 00 00 00 00 00
 (1789630179.127262)  can0  201   [6]  0F 00 00 00 00 00
 (1789630179.133343)  can0  181   [8]  27 14 27 14 00 00 00 00
 (1789630179.133542)  can0  281   [5]  03 00 00 00 00
 (1789630179.137266)  can0  201   [6]  0F 00 00 00 00 00
 (1789630179.147259)  can0  201   [6]  0F 00 00 00 00 00
 (1789630179.157225)  can0  201   [6]  0F 00 00 00 00 00
 (1789630179.167205)  can0  201   [6]  0F 00 00 00 00 00
 (1789630179.177292)  can0  201   [6]  0F 00 00 00 00 00
 (1789630179.183293)  can0  181   [8]  27 14 27 14 00 00 00 00
 (1789630179.183489)  can0  281   [5]  03 00 00 00 00
 (1789630179.187229)  can0  201   [6]  0F 00 00 00 00 00
 (1789630179.197221)  can0  201   [6]  0F 00 00 00 00 00
 (1789630179.207201)  can0  201   [6]  0F 00 00 00 00 00
 (1789630179.217202)  can0  201   [6]  0F 00 00 00 00 00
 (1789630179.227219)  can0  201   [6]  0F 00 00 00 00 00
 (1789630179.233238)  can0  181   [8]  27 14 27 14 00 00 00 00
 (1789630179.233437)  can0  281   [5]  03 00 00 00 00
 (1789630179.237174)  can0  201   [6]  0F 00 00 00 00 00
 (1789630179.247155)  can0  201   [6]  0F 00 00 00 00 00
 (1789630179.257148)  can0  201   [6]  0F 00 00 00 00 00
 (1789630179.267150)  can0  201   [6]  0F 00 00 00 00 00
 (1789630179.271598)  can0  701   [1]  05
 (1789630179.277146)  can0  201   [6]  0F 00 00 00 00 00
 (1789630179.283184)  can0  181   [8]  27 14 27 14 00 00 00 00
 (1789630179.283385)  can0  281   [5]  03 00 00 00 00
 (1789630179.287151)  can0  201   [6]  0F 00 00 00 00 00
 (1789630179.297146)  can0  201   [6]  0F 00 00 00 00 00
 (1789630179.307146)  can0  201   [6]  0F 00 00 00 00 00
 (1789630179.317150)  can0  201   [6]  0F 00 00 00 00 00
 (1789630179.327146)  can0  201   [6]  0F 00 00 00 00 00
 (1789630179.333132)  can0  181   [8]  27 14 27 14 00 00 00 00
 (1789630179.333332)  can0  281   [5]  03 00 00 00 00
 (1789630179.337151)  can0  201   [6]  0F 00 00 00 00 00
 (1789630179.347145)  can0  201   [6]  0F 00 00 00 00 00
 (1789630179.357152)  can0  201   [6]  0F 00 00 00 00 00
 (1789630179.367146)  can0  201   [6]  0F 00 00 00 00 00
 (1789630179.377145)  can0  201   [6]  0F 00 00 00 00 00
 (1789630179.383087)  can0  181   [8]  27 14 27 14 00 00 00 00
 (1789630179.383280)  can0  281   [5]  03 00 00 00 00
 (1789630179.387242)  can0  201   [6]  0F 00 00 00 00 00
 (1789630179.397169)  can0  201   [6]  0F 00 00 00 00 00
 (1789630179.407151)  can0  201   [6]  0F 00 00 00 00 00
 (1789630179.417146)  can0  201   [6]  0F 00 00 00 00 00
 (1789630179.427151)  can0  201   [6]  0F 00 00 00 00 00
 (1789630179.433027)  can0  181   [8]  27 14 27 14 00 00 00 00
 (1789630179.433170)  can0  281   [5]  03 00 00 00 00
 (1789630179.437147)  can0  201   [6]  0F 00 00 00 00 00
 (1789630179.447146)  can0  201   [6]  0F 00 00 00 00 00
 (1789630179.457151)  can0  201   [6]  0F 00 00 00 00 00
 (1789630179.467145)  can0  201   [6]  0F 00 00 00 00 00
 (1789630179.477150)  can0  201   [6]  0F 00 00 00 00 00
 (1789630179.482975)  can0  181   [8]  27 14 27 14 00 00 00 00
 (1789630179.483176)  can0  281   [5]  03 00 00 00 00
 (1789630179.487145)  can0  201   [6]  0F 00 00 00 00 00
 (1789630179.497153)  can0  201   [6]  0F 00 00 00 00 00
 (1789630179.507145)  can0  201   [6]  0F 00 00 00 00 00
 (1789630179.517146)  can0  201   [6]  0F 00 00 00 00 00
 (1789630179.521205)  can0  701   [1]  05
 (1789630179.527152)  can0  201   [6]  0F 00 00 00 00 00
 (1789630179.532922)  can0  181   [8]  27 14 27 14 00 00 00 00
 (1789630179.533122)  can0  281   [5]  03 00 00 00 00
 (1789630179.537148)  can0  201   [6]  0F 00 00 00 00 00
 (1789630179.547157)  can0  201   [6]  0F 00 00 00 00 00
 (1789630179.557241)  can0  201   [6]  0F 00 00 00 00 00
 (1789630179.567207)  can0  201   [6]  0F 00 00 00 00 00
 (1789630179.577273)  can0  201   [6]  0F 00 00 00 00 00
 (1789630179.582874)  can0  181   [8]  27 14 27 14 00 00 00 00
 (1789630179.583072)  can0  281   [5]  03 00 00 00 00
 (1789630179.587222)  can0  201   [6]  0F 00 00 00 00 00
 (1789630179.597215)  can0  201   [6]  0F 00 00 00 00 00
 (1789630179.607230)  can0  201   [6]  0F 00 00 00 00 00
 (1789630179.617274)  can0  201   [6]  0F 00 00 00 00 00
 (1789630179.627238)  can0  201   [6]  0F 00 00 00 00 00
 (1789630179.632819)  can0  181   [8]  27 14 27 14 00 00 00 00
 (1789630179.633023)  can0  281   [5]  03 00 00 00 00
 (1789630179.637272)  can0  201   [6]  0F 00 00 00 00 00
 (1789630179.647295)  can0  201   [6]  0F 00 00 00 00 00
 (1789630179.657220)  can0  201   [6]  0F 00 00 00 00 00
 (1789630179.667267)  can0  201   [6]  0F 00 00 00 00 00
 (1789630179.677236)  can0  201   [6]  0F 00 00 00 00 00
 (1789630179.682768)  can0  181   [8]  27 14 27 14 00 00 00 00
 (1789630179.682967)  can0  281   [5]  03 00 00 00 00
 (1789630179.687241)  can0  201   [6]  0F 00 00 00 00 00
 (1789630179.697228)  can0  201   [6]  0F 00 00 00 00 00
 (1789630179.707255)  can0  201   [6]  0F 00 00 00 00 00
 (1789630179.717209)  can0  201   [6]  0F 00 00 00 00 00
 (1789630179.727213)  can0  201   [6]  0F 00 00 00 00 00
 (1789630179.732714)  can0  181   [8]  27 14 27 14 00 00 00 00
 (1789630179.732913)  can0  281   [5]  03 00 00 00 00
 (1789630179.737193)  can0  201   [6]  0F 00 00 00 00 00
 (1789630179.747200)  can0  201   [6]  0F 00 00 00 00 00
 (1789630179.757195)  can0  201   [6]  0F 00 00 00 00 00
 (1789630179.767158)  can0  201   [6]  0F 00 00 00 00 00
 (1789630179.770703)  can0  701   [1]  05
 (1789630179.777154)  can0  201   [6]  0F 00 00 00 00 00
 (1789630179.782660)  can0  181   [8]  27 14 27 14 00 00 00 00
 (1789630179.782861)  can0  281   [5]  03 00 00 00 00
 (1789630179.787147)  can0  201   [6]  0F 00 00 00 00 00
 (1789630179.797144)  can0  201   [6]  0F 00 00 00 00 00
 (1789630179.807152)  can0  201   [6]  0F 00 00 00 00 00
 (1789630179.817145)  can0  201   [6]  0F 00 00 00 00 00
 (1789630179.827152)  can0  201   [6]  0F 00 00 00 00 00
 (1789630179.832607)  can0  181   [8]  27 14 27 14 00 00 00 00
 (1789630179.832809)  can0  281   [5]  03 00 00 00 00
 (1789630179.837144)  can0  201   [6]  0F 00 00 00 00 00
 (1789630179.847154)  can0  201   [6]  0F 00 00 00 00 00
 (1789630179.857145)  can0  201   [6]  0F 00 00 00 00 00
 (1789630179.867144)  can0  201   [6]  0F 00 00 00 00 00
 (1789630179.877152)  can0  201   [6]  0F 00 00 00 00 00
 (1789630179.882555)  can0  181   [8]  27 14 27 14 00 00 00 00
 (1789630179.882701)  can0  281   [5]  03 00 00 00 00
 (1789630179.887143)  can0  201   [6]  0F 00 00 00 00 00
 (1789630179.897151)  can0  201   [6]  0F 00 00 00 00 00
 (1789630179.907277)  can0  201   [6]  0F 00 00 00 00 00
 (1789630179.917164)  can0  201   [6]  0F 00 00 00 00 00
 (1789630179.927145)  can0  201   [6]  0F 00 00 00 00 00
 (1789630179.932448)  can0  181   [8]  27 14 27 14 00 00 00 00
 (1789630179.932649)  can0  281   [5]  03 00 00 00 00
 (1789630179.937034)  can0  201   [6]  0F 00 00 00 00 00
 (1789630179.947035)  can0  201   [6]  0F 00 00 00 00 00
 (1789630179.957026)  can0  201   [6]  0F 00 00 00 00 00
 (1789630179.967033)  can0  201   [6]  0F 00 00 00 00 00
 (1789630179.977027)  can0  201   [6]  0F 00 00 00 00 00
 (1789630179.982395)  can0  181   [8]  27 14 27 14 00 00 00 00
 (1789630179.982596)  can0  281   [5]  03 00 00 00 00
 (1789630179.987028)  can0  201   [6]  0F 00 00 00 00 00
 (1789630179.997026)  can0  201   [6]  0F 00 00 00 00 00
 (1789630180.007026)  can0  201   [6]  0F 00 00 00 00 00
 (1789630180.017026)  can0  201   [6]  0F 00 00 00 00 00
 (1789630180.020186)  can0  701   [1]  05
 (1789630180.027027)  can0  201   [6]  0F 00 00 00 00 00
 (1789630180.032342)  can0  181   [8]  27 14 27 14 00 00 00 00
 (1789630180.032543)  can0  281   [5]  03 00 00 00 00
 (1789630180.037028)  can0  201   [6]  0F 00 00 00 00 00
 (1789630180.047026)  can0  201   [6]  0F 00 00 00 00 00
 (1789630180.057026)  can0  201   [6]  0F 00 00 00 00 00
 (1789630180.067033)  can0  201   [6]  0F 00 00 00 00 00
 (1789630180.077033)  can0  201   [6]  0F 00 00 00 00 00
 (1789630180.082290)  can0  181   [8]  27 14 27 14 00 00 00 00
 (1789630180.082489)  can0  281   [5]  03 00 00 00 00
 (1789630180.087056)  can0  201   [6]  0F 00 00 00 00 00
 (1789630180.097040)  can0  201   [6]  0F 00 00 00 00 00
 (1789630180.107057)  can0  201   [6]  0F 00 00 00 00 00
 (1789630180.117041)  can0  201   [6]  0F 00 00 00 00 00
 (1789630180.127057)  can0  201   [6]  0F 00 00 00 00 00
 (1789630180.132237)  can0  181   [8]  27 14 27 14 00 00 00 00
 (1789630180.132438)  can0  281   [5]  03 00 00 00 00
 (1789630180.137041)  can0  201   [6]  0F 00 00 00 00 00
 (1789630180.147072)  can0  201   [6]  0F 00 00 00 00 00
 (1789630180.157039)  can0  201   [6]  0F 00 00 00 00 00
 (1789630180.167067)  can0  201   [6]  0F 00 00 00 00 00
 (1789630180.177048)  can0  201   [6]  0F 00 00 00 00 00
 (1789630180.182184)  can0  181   [8]  27 14 27 14 00 00 00 00
 (1789630180.182384)  can0  281   [5]  03 00 00 00 00
 (1789630180.187072)  can0  201   [6]  0F 00 00 00 00 00
 (1789630180.197054)  can0  201   [6]  0F 00 00 00 00 00
 (1789630180.207039)  can0  201   [6]  0F 00 00 00 00 00
 (1789630180.217041)  can0  201   [6]  0F 00 00 00 00 00
 (1789630180.227064)  can0  201   [6]  0F 00 00 00 00 00
 (1789630180.232133)  can0  181   [8]  27 14 27 14 00 00 00 00
 (1789630180.232333)  can0  281   [5]  03 00 00 00 00
 (1789630180.237052)  can0  201   [6]  0F 00 00 00 00 00
 (1789630180.247040)  can0  201   [6]  0F 00 00 00 00 00
 (1789630180.257039)  can0  201   [6]  0F 00 00 00 00 00
 (1789630180.267036)  can0  201   [6]  0F 00 00 00 00 00
 (1789630180.269739)  can0  701   [1]  05
 (1789630180.277053)  can0  201   [6]  0F 00 00 00 00 00
 (1789630180.282080)  can0  181   [8]  27 14 27 14 00 00 00 00
 (1789630180.282281)  can0  281   [5]  03 00 00 00 00
 (1789630180.287033)  can0  201   [6]  0F 00 00 00 00 00
 (1789630180.297029)  can0  201   [6]  0F 00 00 00 00 00
 (1789630180.307025)  can0  201   [6]  0F 00 00 00 00 00
 (1789630180.317027)  can0  201   [6]  0F 00 00 00 00 00
 (1789630180.327024)  can0  201   [6]  0F 00 00 00 00 00
 (1789630180.332026)  can0  181   [8]  27 14 27 14 00 00 00 00
 (1789630180.332227)  can0  281   [5]  03 00 00 00 00
 (1789630180.337028)  can0  201   [6]  0F 00 00 00 00 00
 (1789630180.347026)  can0  201   [6]  0F 00 00 00 00 00
 (1789630180.357026)  can0  201   [6]  0F 00 00 00 00 00
 (1789630180.367026)  can0  201   [6]  0F 00 00 00 00 00
 (1789630180.377026)  can0  201   [6]  0F 00 00 00 00 00
 (1789630180.381975)  can0  181   [8]  27 14 27 14 00 00 00 00
 (1789630180.382176)  can0  281   [5]  03 00 00 00 00
 (1789630180.387029)  can0  201   [6]  0F 00 00 00 00 00
 (1789630180.397027)  can0  201   [6]  0F 00 00 00 00 00
 (1789630180.407027)  can0  201   [6]  0F 00 00 00 00 00
 (1789630180.417025)  can0  201   [6]  0F 00 00 00 00 00
 (1789630180.427025)  can0  201   [6]  0F 00 00 00 00 00
 (1789630180.431922)  can0  181   [8]  27 14 27 14 00 00 00 00
 (1789630180.432123)  can0  281   [5]  03 00 00 00 00
 (1789630180.437048)  can0  201   [6]  0F 00 00 00 00 00
 (1789630180.447025)  can0  201   [6]  0F 00 00 00 00 00
 (1789630180.457028)  can0  201   [6]  0F 00 00 00 00 00
 (1789630180.467026)  can0  201   [6]  0F 00 00 00 00 00
 (1789630180.477026)  can0  201   [6]  0F 00 00 00 00 00
 (1789630180.481871)  can0  181   [8]  27 14 27 14 00 00 00 00
 (1789630180.482071)  can0  281   [5]  03 00 00 00 00
 (1789630180.487026)  can0  201   [6]  0F 00 00 00 00 00
 (1789630180.497027)  can0  201   [6]  0F 00 00 00 00 00
 (1789630180.507031)  can0  201   [6]  0F 00 00 00 00 00
 (1789630180.517025)  can0  201   [6]  0F 00 00 00 00 00
 (1789630180.519282)  can0  701   [1]  05
 (1789630180.527029)  can0  201   [6]  0F 00 00 00 00 00
 (1789630180.531817)  can0  181   [8]  27 14 27 14 00 00 00 00
 (1789630180.532019)  can0  281   [5]  03 00 00 00 00
 (1789630180.537027)  can0  201   [6]  0F 00 00 00 00 00
 (1789630180.547027)  can0  201   [6]  0F 00 00 00 00 00
 (1789630180.557026)  can0  201   [6]  0F 00 00 00 00 00
 (1789630180.567026)  can0  201   [6]  0F 00 00 00 00 00
 (1789630180.577028)  can0  201   [6]  0F 00 00 00 00 00
 (1789630180.581765)  can0  181   [8]  27 14 27 14 00 00 00 00
 (1789630180.581967)  can0  281   [5]  03 00 00 00 00
 (1789630180.587031)  can0  201   [6]  0F 00 00 00 00 00
 (1789630180.597029)  can0  201   [6]  0F 00 00 00 00 00
 (1789630180.607065)  can0  201   [6]  0F 00 00 00 00 00
 (1789630180.617047)  can0  201   [6]  0F 00 00 00 00 00
 (1789630180.627070)  can0  201   [6]  0F 00 00 00 00 00
 (1789630180.631713)  can0  181   [8]  27 14 27 14 00 00 00 00
 (1789630180.631913)  can0  281   [5]  03 00 00 00 00
 (1789630180.637056)  can0  201   [6]  0F 00 00 00 00 00
 (1789630180.647046)  can0  201   [6]  0F 00 00 00 00 00
 (1789630180.657047)  can0  201   [6]  0F 00 00 00 00 00
 (1789630180.667080)  can0  201   [6]  0F 00 00 00 00 00
 (1789630180.677037)  can0  201   [6]  0F 00 00 00 00 00
 (1789630180.681662)  can0  181   [8]  27 14 27 14 00 00 00 00
 (1789630180.681861)  can0  281   [5]  03 00 00 00 00
 (1789630180.687121)  can0  201   [6]  0F 00 00 00 00 00
 (1789630180.697062)  can0  201   [6]  0F 00 00 00 00 00
 (1789630180.707058)  can0  201   [6]  0F 00 00 00 00 00
 (1789630180.717063)  can0  201   [6]  0F 00 00 00 00 00
 (1789630180.727047)  can0  201   [6]  0F 00 00 00 00 00
 (1789630180.731608)  can0  181   [8]  27 14 27 14 00 00 00 00
 (1789630180.731809)  can0  281   [5]  03 00 00 00 00
 (1789630180.737049)  can0  201   [6]  0F 00 00 00 00 00
 (1789630180.747054)  can0  201   [6]  0F 00 00 00 00 00
 (1789630180.757050)  can0  201   [6]  0F 00 00 00 00 00
 (1789630180.767042)  can0  201   [6]  0F 00 00 00 00 00
 (1789630180.768779)  can0  701   [1]  05
 (1789630180.777037)  can0  201   [6]  0F 00 00 00 00 00
 (1789630180.781556)  can0  181   [8]  27 14 27 14 00 00 00 00
 (1789630180.781757)  can0  281   [5]  03 00 00 00 00
 (1789630180.787042)  can0  201   [6]  0F 00 00 00 00 00
 (1789630180.797038)  can0  201   [6]  0F 00 00 00 00 00
 (1789630180.807038)  can0  201   [6]  0F 00 00 00 00 00
 (1789630180.817028)  can0  201   [6]  0F 00 00 00 00 00
 (1789630180.827028)  can0  201   [6]  0F 00 00 00 00 00
 (1789630180.831505)  can0  181   [8]  27 14 27 14 00 00 00 00
 (1789630180.831705)  can0  281   [5]  03 00 00 00 00
 (1789630180.837027)  can0  201   [6]  0F 00 00 00 00 00
 (1789630180.847028)  can0  201   [6]  0F 00 00 00 00 00
 (1789630180.857028)  can0  201   [6]  0F 00 00 00 00 00
 (1789630180.867026)  can0  201   [6]  0F 00 00 00 00 00
 (1789630180.877029)  can0  201   [6]  0F 00 00 00 00 00
 (1789630180.881452)  can0  181   [8]  27 14 27 14 00 00 00 00
 (1789630180.881651)  can0  281   [5]  03 00 00 00 00
 (1789630180.887027)  can0  201   [6]  0F 00 00 00 00 00
 (1789630180.897025)  can0  201   [6]  0F 00 00 00 00 00
 (1789630180.907026)  can0  201   [6]  0F 00 00 00 00 00
 (1789630180.917026)  can0  201   [6]  0F 00 00 00 00 00
 (1789630180.927030)  can0  201   [6]  0F 00 00 00 00 00
 (1789630180.931397)  can0  181   [8]  27 14 27 14 00 00 00 00
 (1789630180.931599)  can0  281   [5]  03 00 00 00 00
 (1789630180.937025)  can0  201   [6]  0F 00 00 00 00 00
 (1789630180.947027)  can0  201   [6]  0F 00 00 00 00 00
 (1789630180.957060)  can0  201   [6]  0F 00 00 00 00 00
 (1789630180.967036)  can0  201   [6]  0F 00 00 00 00 00
 (1789630180.977030)  can0  201   [6]  0F 00 00 00 00 00
 (1789630180.981346)  can0  181   [8]  27 14 27 14 00 00 00 00
 (1789630180.981547)  can0  281   [5]  03 00 00 00 00
 (1789630180.987029)  can0  201   [6]  0F 00 00 00 00 00
 (1789630180.997027)  can0  201   [6]  0F 00 00 00 00 00
 (1789630181.007026)  can0  201   [6]  0F 00 00 00 00 00
 (1789630181.017028)  can0  201   [6]  0F 00 00 00 00 00
 (1789630181.018329)  can0  701   [1]  05
 (1789630181.027028)  can0  201   [6]  0F 00 00 00 00 00
 (1789630181.031294)  can0  181   [8]  27 14 27 14 00 00 00 00
 (1789630181.031495)  can0  281   [5]  03 00 00 00 00
 (1789630181.037027)  can0  201   [6]  0F 00 00 00 00 00
 (1789630181.047025)  can0  201   [6]  0F 00 00 00 00 00
 (1789630181.057158)  can0  201   [6]  0F 00 00 00 00 00
 (1789630181.067152)  can0  201   [6]  0F 00 00 00 00 00
 (1789630181.077147)  can0  201   [6]  0F 00 00 00 00 00
 (1789630181.081299)  can0  181   [8]  27 14 27 14 00 00 00 00
 (1789630181.081500)  can0  281   [5]  03 00 00 00 00
 (1789630181.087151)  can0  201   [6]  0F 00 00 00 00 00
 (1789630181.097146)  can0  201   [6]  0F 00 00 00 00 00
 (1789630181.107053)  can0  201   [6]  0F 00 00 00 00 00
 (1789630181.117032)  can0  201   [6]  0F 00 00 00 00 00
 (1789630181.127050)  can0  201   [6]  0F 00 00 00 00 00
 (1789630181.131190)  can0  181   [8]  27 14 27 14 00 00 00 00
 (1789630181.131390)  can0  281   [5]  03 00 00 00 00
 (1789630181.137048)  can0  201   [6]  0F 00 00 00 00 00
 (1789630181.147032)  can0  201   [6]  0F 00 00 00 00 00
 (1789630181.157053)  can0  201   [6]  0F 00 00 00 00 00
 (1789630181.167041)  can0  201   [6]  0F 00 00 00 00 00
 (1789630181.177051)  can0  201   [6]  0F 00 00 00 00 00
 (1789630181.181138)  can0  181   [8]  27 14 27 14 00 00 00 00
 (1789630181.181341)  can0  281   [5]  03 00 00 00 00
 (1789630181.187035)  can0  201   [6]  0F 00 00 00 00 00
 (1789630181.197067)  can0  201   [6]  0F 00 00 00 00 00
 (1789630181.207042)  can0  201   [6]  0F 00 00 00 00 00
 (1789630181.217069)  can0  201   [6]  0F 00 00 00 00 00
 (1789630181.227056)  can0  201   [6]  0F 00 00 00 00 00
 (1789630181.231084)  can0  181   [8]  27 14 27 14 00 00 00 00
 (1789630181.231285)  can0  281   [5]  03 00 00 00 00
 (1789630181.237066)  can0  201   [6]  0F 00 00 00 00 00
 (1789630181.247050)  can0  201   [6]  0F 00 00 00 00 00
 (1789630181.257038)  can0  201   [6]  0F 00 00 00 00 00
 (1789630181.267038)  can0  201   [6]  0F 00 00 00 00 00
 (1789630181.267879)  can0  701   [1]  05
 (1789630181.277225)  can0  201   [6]  0F 00 00 00 00 00
 (1789630181.281149)  can0  181   [8]  27 14 27 14 00 00 00 00
 (1789630181.281351)  can0  281   [5]  03 00 00 00 00
 (1789630181.287185)  can0  201   [6]  0F 00 00 00 00 00
 (1789630181.297181)  can0  201   [6]  0F 00 00 00 00 00
 (1789630181.307177)  can0  201   [6]  0F 00 00 00 00 00
 (1789630181.317177)  can0  201   [6]  0F 00 00 00 00 00
 (1789630181.327200)  can0  201   [6]  0F 00 00 00 00 00
 (1789630181.331101)  can0  181   [8]  27 14 27 14 00 00 00 00
 (1789630181.331243)  can0  281   [5]  03 00 00 00 00
 (1789630181.337157)  can0  201   [6]  0F 00 00 00 00 00
 (1789630181.347150)  can0  201   [6]  0F 00 00 00 00 00
 (1789630181.357146)  can0  201   [6]  0F 00 00 00 00 00
 (1789630181.367150)  can0  201   [6]  0F 00 00 00 00 00
 (1789630181.377144)  can0  201   [6]  0F 00 00 00 00 00
 (1789630181.381045)  can0  181   [8]  27 14 27 14 00 00 00 00
 (1789630181.381249)  can0  281   [5]  03 00 00 00 00
 (1789630181.387150)  can0  201   [6]  0F 00 00 00 00 00
 (1789630181.397145)  can0  201   [6]  0F 00 00 00 00 00
 (1789630181.407145)  can0  201   [6]  0F 00 00 00 00 00
 (1789630181.417150)  can0  201   [6]  0F 00 00 00 00 00
 (1789630181.427145)  can0  201   [6]  0F 00 00 00 00 00
 (1789630181.430992)  can0  181   [8]  27 14 27 14 00 00 00 00
 (1789630181.431195)  can0  281   [5]  03 00 00 00 00
 (1789630181.437150)  can0  201   [6]  0F 00 00 00 00 00
 (1789630181.447147)  can0  201   [6]  0F 00 00 00 00 00
 (1789630181.457149)  can0  201   [6]  0F 00 00 00 00 00
 (1789630181.467145)  can0  201   [6]  0F 00 00 00 00 00
 (1789630181.477439)  can0  201   [6]  0F 00 00 00 00 00
 (1789630181.480942)  can0  181   [8]  27 14 27 14 00 00 00 00
 (1789630181.481141)  can0  281   [5]  03 00 00 00 00
 (1789630181.487165)  can0  201   [6]  0F 00 00 00 00 00
 (1789630181.497147)  can0  201   [6]  0F 00 00 00 00 00
 (1789630181.507152)  can0  201   [6]  0F 00 00 00 00 00
 (1789630181.517145)  can0  201   [6]  0F 00 00 00 00 00
 (1789630181.517487)  can0  701   [1]  05
 (1789630181.527151)  can0  201   [6]  0F 00 00 00 00 00
 (1789630181.530890)  can0  181   [8]  27 14 27 14 00 00 00 00
 (1789630181.531092)  can0  281   [5]  03 00 00 00 00
 (1789630181.537147)  can0  201   [6]  0F 00 00 00 00 00
 (1789630181.547144)  can0  201   [6]  0F 00 00 00 00 00
 (1789630181.557150)  can0  201   [6]  0F 00 00 00 00 00
 (1789630181.567146)  can0  201   [6]  0F 00 00 00 00 00
 (1789630181.577152)  can0  201   [6]  0F 00 00 00 00 00
 (1789630181.580837)  can0  181   [8]  27 14 27 14 00 00 00 00
 (1789630181.581039)  can0  281   [5]  03 00 00 00 00
 (1789630181.587148)  can0  201   [6]  0F 00 00 00 00 00
 (1789630181.597149)  can0  201   [6]  0F 00 00 00 00 00
 (1789630181.607144)  can0  201   [6]  0F 00 00 00 00 00
 (1789630181.617145)  can0  201   [6]  0F 00 00 00 00 00
 (1789630181.627151)  can0  201   [6]  0F 00 00 00 00 00
 (1789630181.630782)  can0  181   [8]  27 14 27 14 00 00 00 00
 (1789630181.630985)  can0  281   [5]  03 00 00 00 00
 (1789630181.637150)  can0  201   [6]  0F 00 00 00 00 00
 (1789630181.647157)  can0  201   [6]  0F 00 00 00 00 00
 (1789630181.657240)  can0  201   [6]  0F 00 00 00 00 00
 (1789630181.667208)  can0  201   [6]  0F 00 00 00 00 00
 (1789630181.677258)  can0  201   [6]  0F 00 00 00 00 00
 (1789630181.680736)  can0  181   [8]  27 14 27 14 00 00 00 00
 (1789630181.680934)  can0  281   [5]  03 00 00 00 00
 (1789630181.687223)  can0  201   [6]  0F 00 00 00 00 00
 (1789630181.697257)  can0  201   [6]  0F 00 00 00 00 00
 (1789630181.707193)  can0  201   [6]  0F 00 00 00 00 00
 (1789630181.717335)  can0  201   [6]  0F 00 00 00 00 00
 (1789630181.727208)  can0  201   [6]  0F 00 00 00 00 00
 (1789630181.730936)  can0  181   [8]  27 14 27 14 00 00 00 00
 (1789630181.731128)  can0  281   [5]  03 00 00 00 00
 (1789630181.737338)  can0  201   [6]  0F 00 00 00 00 00
 (1789630181.747272)  can0  201   [6]  0F 00 00 00 00 00
 (1789630181.757259)  can0  201   [6]  0F 00 00 00 00 00
 (1789630181.767044)  can0  701   [1]  05
 (1789630181.767273)  can0  201   [6]  0F 00 00 00 00 00
 (1789630181.777203)  can0  201   [6]  0F 00 00 00 00 00
 (1789630181.780629)  can0  181   [8]  27 14 27 14 00 00 00 00
 (1789630181.780826)  can0  281   [5]  03 00 00 00 00
 (1789630181.787206)  can0  201   [6]  0F 00 00 00 00 00
 (1789630181.797266)  can0  201   [6]  0F 00 00 00 00 00
 (1789630181.807229)  can0  201   [6]  0F 00 00 00 00 00
 (1789630181.817201)  can0  201   [6]  0F 00 00 00 00 00
 (1789630181.827189)  can0  201   [6]  0F 00 00 00 00 00
 (1789630181.830574)  can0  181   [8]  27 14 27 14 00 00 00 00
 (1789630181.830776)  can0  281   [5]  03 00 00 00 00
 (1789630181.837187)  can0  201   [6]  0F 00 00 00 00 00
 (1789630181.847180)  can0  201   [6]  0F 00 00 00 00 00
 (1789630181.857187)  can0  201   [6]  0F 00 00 00 00 00
 (1789630181.867152)  can0  201   [6]  0F 00 00 00 00 00
 (1789630181.877152)  can0  201   [6]  0F 00 00 00 00 00
 (1789630181.880524)  can0  181   [8]  27 14 27 14 00 00 00 00
 (1789630181.880723)  can0  281   [5]  03 00 00 00 00
 (1789630181.887145)  can0  201   [6]  0F 00 00 00 00 00
 (1789630181.897146)  can0  201   [6]  0F 00 00 00 00 00
 (1789630181.907152)  can0  201   [6]  0F 00 00 00 00 00
 (1789630181.917143)  can0  201   [6]  0F 00 00 00 00 00
 (1789630181.927148)  can0  201   [6]  0F 00 00 00 00 00
 (1789630181.930414)  can0  181   [8]  27 14 27 14 00 00 00 00
 (1789630181.930614)  can0  281   [5]  03 00 00 00 00
 (1789630181.937033)  can0  201   [6]  0F 00 00 00 00 00
 (1789630181.947027)  can0  201   [6]  0F 00 00 00 00 00
 (1789630181.957027)  can0  201   [6]  0F 00 00 00 00 00
 (1789630181.967027)  can0  201   [6]  0F 00 00 00 00 00
 (1789630181.977027)  can0  201   [6]  0F 00 00 00 00 00
 (1789630181.980361)  can0  181   [8]  27 14 27 14 00 00 00 00
 (1789630181.980562)  can0  281   [5]  03 00 00 00 00
 (1789630181.987029)  can0  201   [6]  0F 00 00 00 00 00
 (1789630181.997027)  can0  201   [6]  0F 00 00 00 00 00
 (1789630182.007059)  can0  201   [6]  0F 00 00 00 00 00
 (1789630182.016479)  can0  701   [1]  05
 (1789630182.017041)  can0  201   [6]  0F 00 00 00 00 00
 (1789630182.027035)  can0  201   [6]  0F 00 00 00 00 00
 (1789630182.030309)  can0  181   [8]  27 14 27 14 00 00 00 00
 (1789630182.030510)  can0  281   [5]  03 00 00 00 00
 (1789630182.037030)  can0  201   [6]  0F 00 00 00 00 00
 (1789630182.047030)  can0  201   [6]  0F 00 00 00 00 00
 (1789630182.057029)  can0  201   [6]  0F 00 00 00 00 00
 (1789630182.067031)  can0  201   [6]  0F 00 00 00 00 00
 (1789630182.077027)  can0  201   [6]  0F 00 00 00 00 00
 (1789630182.080255)  can0  181   [8]  27 14 27 14 00 00 00 00
 (1789630182.080457)  can0  281   [5]  03 00 00 00 00
 (1789630182.087027)  can0  201   [6]  0F 00 00 00 00 00
 (1789630182.097029)  can0  201   [6]  0F 00 00 00 00 00
 (1789630182.107025)  can0  201   [6]  0F 00 00 00 00 00
 (1789630182.117027)  can0  201   [6]  0F 00 00 00 00 00
 (1789630182.127025)  can0  201   [6]  0F 00 00 00 00 00
 (1789630182.130203)  can0  181   [8]  27 14 27 14 00 00 00 00
 (1789630182.130405)  can0  281   [5]  03 00 00 00 00
 (1789630182.137027)  can0  201   [6]  0F 00 00 00 00 00
 (1789630182.147026)  can0  201   [6]  0F 00 00 00 00 00
 (1789630182.157032)  can0  201   [6]  0F 00 00 00 00 00
 (1789630182.167034)  can0  201   [6]  0F 00 00 00 00 00
 (1789630182.177048)  can0  201   [6]  0F 00 00 00 00 00
 (1789630182.180152)  can0  181   [8]  27 14 27 14 00 00 00 00
 (1789630182.180352)  can0  281   [5]  03 00 00 00 00
 (1789630182.187048)  can0  201   [6]  0F 00 00 00 00 00
 (1789630182.197044)  can0  201   [6]  0F 00 00 00 00 00
 (1789630182.207050)  can0  201   [6]  0F 00 00 00 00 00
 (1789630182.217044)  can0  201   [6]  0F 00 00 00 00 00
 (1789630182.227053)  can0  201   [6]  0F 00 00 00 00 00
 (1789630182.230099)  can0  181   [8]  27 14 27 14 00 00 00 00
 (1789630182.230300)  can0  281   [5]  03 00 00 00 00
 (1789630182.237055)  can0  201   [6]  0F 00 00 00 00 00
 (1789630182.247054)  can0  201   [6]  0F 00 00 00 00 00
 (1789630182.257047)  can0  201   [6]  0F 00 00 00 00 00
 (1789630182.266024)  can0  701   [1]  05
 (1789630182.267079)  can0  201   [6]  0F 00 00 00 00 00
 (1789630182.277077)  can0  201   [6]  0F 00 00 00 00 00
 (1789630182.280046)  can0  181   [8]  27 14 27 14 00 00 00 00
 (1789630182.280247)  can0  281   [5]  03 00 00 00 00
 (1789630182.287065)  can0  201   [6]  0F 00 00 00 00 00
 (1789630182.297059)  can0  201   [6]  0F 00 00 00 00 00
 (1789630182.307038)  can0  201   [6]  0F 00 00 00 00 00
 (1789630182.317035)  can0  201   [6]  0F 00 00 00 00 00
 (1789630182.327058)  can0  201   [6]  0F 00 00 00 00 00
 (1789630182.329995)  can0  181   [8]  27 14 27 14 00 00 00 00
 (1789630182.330195)  can0  281   [5]  03 00 00 00 00
 (1789630182.337048)  can0  201   [6]  0F 00 00 00 00 00
 (1789630182.347042)  can0  201   [6]  0F 00 00 00 00 00
 (1789630182.357038)  can0  201   [6]  0F 00 00 00 00 00
 (1789630182.367037)  can0  201   [6]  0F 00 00 00 00 00
 (1789630182.377045)  can0  201   [6]  0F 00 00 00 00 00
 (1789630182.379942)  can0  181   [8]  27 14 27 14 00 00 00 00
 (1789630182.380143)  can0  281   [5]  03 00 00 00 00
 (1789630182.387029)  can0  201   [6]  0F 00 00 00 00 00
 (1789630182.397027)  can0  201   [6]  0F 00 00 00 00 00
 (1789630182.407025)  can0  201   [6]  0F 00 00 00 00 00
 (1789630182.417027)  can0  201   [6]  0F 00 00 00 00 00
 (1789630182.427026)  can0  201   [6]  0F 00 00 00 00 00
 (1789630182.429888)  can0  181   [8]  27 14 27 14 00 00 00 00
 (1789630182.430090)  can0  281   [5]  03 00 00 00 00
 (1789630182.437028)  can0  201   [6]  0F 00 00 00 00 00
 (1789630182.447026)  can0  201   [6]  0F 00 00 00 00 00
 (1789630182.457024)  can0  201   [6]  0F 00 00 00 00 00
 (1789630182.467026)  can0  201   [6]  0F 00 00 00 00 00
 (1789630182.477025)  can0  201   [6]  0F 00 00 00 00 00
 (1789630182.479838)  can0  181   [8]  27 14 27 14 00 00 00 00
 (1789630182.480039)  can0  281   [5]  03 00 00 00 00
 (1789630182.487029)  can0  201   [6]  0F 00 00 00 00 00
 (1789630182.497025)  can0  201   [6]  0F 00 00 00 00 00
 (1789630182.507027)  can0  201   [6]  0F 00 00 00 00 00
 (1789630182.515573)  can0  701   [1]  05
 (1789630182.517027)  can0  201   [6]  0F 00 00 00 00 00
 (1789630182.527058)  can0  201   [6]  0F 00 00 00 00 00
 (1789630182.529784)  can0  181   [8]  27 14 27 14 00 00 00 00
 (1789630182.529985)  can0  281   [5]  03 00 00 00 00
 (1789630182.537032)  can0  201   [6]  0F 00 00 00 00 00
 (1789630182.547025)  can0  201   [6]  0F 00 00 00 00 00
 (1789630182.557028)  can0  201   [6]  0F 00 00 00 00 00
 (1789630182.567026)  can0  201   [6]  0F 00 00 00 00 00
 (1789630182.577026)  can0  201   [6]  0F 00 00 00 00 00
 (1789630182.579731)  can0  181   [8]  27 14 27 14 00 00 00 00
 (1789630182.579932)  can0  281   [5]  03 00 00 00 00
 (1789630182.587027)  can0  201   [6]  0F 00 00 00 00 00
 (1789630182.597029)  can0  201   [6]  0F 00 00 00 00 00
 (1789630182.607027)  can0  201   [6]  0F 00 00 00 00 00
 (1789630182.617025)  can0  201   [6]  0F 00 00 00 00 00
 (1789630182.627027)  can0  201   [6]  0F 00 00 00 00 00
 (1789630182.629678)  can0  181   [8]  27 14 27 14 00 00 00 00
 (1789630182.629880)  can0  281   [5]  03 00 00 00 00
 (1789630182.637026)  can0  201   [6]  0F 00 00 00 00 00
 (1789630182.647029)  can0  201   [6]  0F 00 00 00 00 00
 (1789630182.657025)  can0  201   [6]  0F 00 00 00 00 00
 (1789630182.667025)  can0  201   [6]  0F 00 00 00 00 00
 (1789630182.677027)  can0  201   [6]  0F 00 00 00 00 00
 (1789630182.679628)  can0  181   [8]  27 14 27 14 00 00 00 00
 (1789630182.679828)  can0  281   [5]  03 00 00 00 00
 (1789630182.687042)  can0  201   [6]  0F 00 00 00 00 00
 (1789630182.697039)  can0  201   [6]  0F 00 00 00 00 00
 (1789630182.707060)  can0  201   [6]  0F 00 00 00 00 00
 (1789630182.717038)  can0  201   [6]  0F 00 00 00 00 00
 (1789630182.727054)  can0  201   [6]  0F 00 00 00 00 00
 (1789630182.729575)  can0  181   [8]  27 14 27 14 00 00 00 00
 (1789630182.729775)  can0  281   [5]  03 00 00 00 00
 (1789630182.737046)  can0  201   [6]  0F 00 00 00 00 00
 (1789630182.747056)  can0  201   [6]  0F 00 00 00 00 00
 (1789630182.757040)  can0  201   [6]  0F 00 00 00 00 00
 (1789630182.765068)  can0  701   [1]  05
 (1789630182.767079)  can0  201   [6]  0F 00 00 00 00 00
 (1789630182.777033)  can0  201   [6]  0F 00 00 00 00 00
 (1789630182.779522)  can0  181   [8]  27 14 27 14 00 00 00 00
 (1789630182.779723)  can0  281   [5]  03 00 00 00 00
 (1789630182.787083)  can0  201   [6]  0F 00 00 00 00 00
 (1789630182.797064)  can0  201   [6]  0F 00 00 00 00 00
 (1789630182.807062)  can0  201   [6]  0F 00 00 00 00 00
 (1789630182.817056)  can0  201   [6]  0F 00 00 00 00 00
 (1789630182.827042)  can0  201   [6]  0F 00 00 00 00 00
 (1789630182.829470)  can0  181   [8]  27 14 27 14 00 00 00 00
 (1789630182.829671)  can0  281   [5]  03 00 00 00 00
 (1789630182.837048)  can0  201   [6]  0F 00 00 00 00 00
 (1789630182.847058)  can0  201   [6]  0F 00 00 00 00 00
 (1789630182.857046)  can0  201   [6]  0F 00 00 00 00 00
 (1789630182.867038)  can0  201   [6]  0F 00 00 00 00 00
 (1789630182.877036)  can0  201   [6]  0F 00 00 00 00 00
 (1789630182.879418)  can0  181   [8]  27 14 27 14 00 00 00 00
 (1789630182.879619)  can0  281   [5]  03 00 00 00 00
 (1789630182.887041)  can0  201   [6]  0F 00 00 00 00 00
 (1789630182.897036)  can0  201   [6]  0F 00 00 00 00 00
 (1789630182.907040)  can0  201   [6]  0F 00 00 00 00 00
 (1789630182.917028)  can0  201   [6]  0F 00 00 00 00 00
 (1789630182.927026)  can0  201   [6]  0F 00 00 00 00 00
 (1789630182.929366)  can0  181   [8]  27 14 27 14 00 00 00 00
 (1789630182.929568)  can0  281   [5]  03 00 00 00 00
 (1789630182.937028)  can0  201   [6]  0F 00 00 00 00 00
 (1789630182.947026)  can0  201   [6]  0F 00 00 00 00 00
 (1789630182.957028)  can0  201   [6]  0F 00 00 00 00 00
 (1789630182.967024)  can0  201   [6]  0F 00 00 00 00 00
 (1789630182.977167)  can0  201   [6]  0F 00 00 00 00 00
 (1789630182.979370)  can0  181   [8]  27 14 27 14 00 00 00 00
 (1789630182.979570)  can0  281   [5]  03 00 00 00 00
 (1789630182.987148)  can0  201   [6]  0F 00 00 00 00 00
 (1789630182.997162)  can0  201   [6]  0F 00 00 00 00 00
 (1789630183.007145)  can0  201   [6]  0F 00 00 00 00 00
 (1789630183.014671)  can0  701   [1]  05
 (1789630183.017147)  can0  201   [6]  0F 00 00 00 00 00
 (1789630183.027151)  can0  201   [6]  0F 00 00 00 00 00
 (1789630183.029317)  can0  181   [8]  27 14 27 14 00 00 00 00
 (1789630183.029517)  can0  281   [5]  03 00 00 00 00
 (1789630183.037145)  can0  201   [6]  0F 00 00 00 00 00
 (1789630183.047149)  can0  201   [6]  0F 00 00 00 00 00
 (1789630183.057264)  can0  201   [6]  0F 00 00 00 00 00
 (1789630183.067185)  can0  201   [6]  0F 00 00 00 00 00
 (1789630183.077171)  can0  201   [6]  0F 00 00 00 00 00
 (1789630183.079267)  can0  181   [8]  27 14 27 14 00 00 00 00
 (1789630183.079468)  can0  281   [5]  03 00 00 00 00
 (1789630183.087157)  can0  201   [6]  0F 00 00 00 00 00
 (1789630183.097158)  can0  201   [6]  0F 00 00 00 00 00
 (1789630183.107151)  can0  201   [6]  0F 00 00 00 00 00
 (1789630183.117155)  can0  201   [6]  0F 00 00 00 00 00
 (1789630183.127148)  can0  201   [6]  0F 00 00 00 00 00
 (1789630183.129211)  can0  181   [8]  27 14 27 14 00 00 00 00
 (1789630183.129414)  can0  281   [5]  03 00 00 00 00
 (1789630183.137153)  can0  201   [6]  0F 00 00 00 00 00
 (1789630183.147147)  can0  201   [6]  0F 00 00 00 00 00
 (1789630183.157147)  can0  201   [6]  0F 00 00 00 00 00
 (1789630183.167151)  can0  201   [6]  0F 00 00 00 00 00
 (1789630183.177149)  can0  201   [6]  0F 00 00 00 00 00
 (1789630183.179161)  can0  181   [8]  27 14 27 14 00 00 00 00
 (1789630183.179366)  can0  281   [5]  03 00 00 00 00
 (1789630183.187151)  can0  201   [6]  0F 00 00 00 00 00
 (1789630183.197144)  can0  201   [6]  0F 00 00 00 00 00
 (1789630183.207165)  can0  201   [6]  0F 00 00 00 00 00
 (1789630183.217157)  can0  201   [6]  0F 00 00 00 00 00
 (1789630183.227215)  can0  201   [6]  0F 00 00 00 00 00
 (1789630183.229111)  can0  181   [8]  27 14 27 14 00 00 00 00
 (1789630183.229372)  can0  281   [5]  03 00 00 00 00
 (1789630183.237213)  can0  201   [6]  0F 00 00 00 00 00
 (1789630183.247202)  can0  201   [6]  0F 00 00 00 00 00
 (1789630183.257247)  can0  201   [6]  0F 00 00 00 00 00
 (1789630183.264224)  can0  701   [1]  05
 (1789630183.267210)  can0  201   [6]  0F 00 00 00 00 00
 (1789630183.277246)  can0  201   [6]  0F 00 00 00 00 00
 (1789630183.279058)  can0  181   [8]  27 14 27 14 00 00 00 00
 (1789630183.279321)  can0  281   [5]  03 00 00 00 00
 (1789630183.287236)  can0  201   [6]  0F 00 00 00 00 00
 (1789630183.297268)  can0  201   [6]  0F 00 00 00 00 00
 (1789630183.307241)  can0  201   [6]  0F 00 00 00 00 00
 (1789630183.317313)  can0  201   [6]  0F 00 00 00 00 00
 (1789630183.327249)  can0  201   [6]  0F 00 00 00 00 00
 (1789630183.329006)  can0  181   [8]  27 14 27 14 00 00 00 00
 (1789630183.329269)  can0  281   [5]  03 00 00 00 00
 (1789630183.337266)  can0  201   [6]  0F 00 00 00 00 00
 (1789630183.347252)  can0  201   [6]  0F 00 00 00 00 00
 (1789630183.357209)  can0  201   [6]  0F 00 00 00 00 00
 (1789630183.367194)  can0  201   [6]  0F 00 00 00 00 00
 (1789630183.377282)  can0  201   [6]  0F 00 00 00 00 00
 (1789630183.378956)  can0  181   [8]  27 14 27 14 00 00 00 00
 (1789630183.379215)  can0  281   [5]  03 00 00 00 00
 (1789630183.387227)  can0  201   [6]  0F 00 00 00 00 00
 (1789630183.397221)  can0  201   [6]  0F 00 00 00 00 00
 (1789630183.407199)  can0  201   [6]  0F 00 00 00 00 00
 (1789630183.417192)  can0  201   [6]  0F 00 00 00 00 00
 (1789630183.427194)  can0  201   [6]  0F 00 00 00 00 00
 (1789630183.428900)  can0  181   [8]  27 14 27 14 00 00 00 00
 (1789630183.429162)  can0  281   [5]  03 00 00 00 00
 (1789630183.437157)  can0  201   [6]  0F 00 00 00 00 00
 (1789630183.447155)  can0  201   [6]  0F 00 00 00 00 00
 (1789630183.457146)  can0  201   [6]  0F 00 00 00 00 00
 (1789630183.467150)  can0  201   [6]  0F 00 00 00 00 00
 (1789630183.477145)  can0  201   [6]  0F 00 00 00 00 00
 (1789630183.478846)  can0  181   [8]  27 14 27 14 00 00 00 00
 (1789630183.479110)  can0  281   [5]  03 00 00 00 00
 (1789630183.487152)  can0  201   [6]  0F 00 00 00 00 00
 (1789630183.497145)  can0  201   [6]  0F 00 00 00 00 00
 (1789630183.507145)  can0  201   [6]  0F 00 00 00 00 00
 (1789630183.513718)  can0  701   [1]  05
 (1789630183.517152)  can0  201   [6]  0F 00 00 00 00 00
 (1789630183.527147)  can0  201   [6]  0F 00 00 00 00 00
 (1789630183.528794)  can0  181   [8]  27 14 27 14 00 00 00 00
 (1789630183.529058)  can0  281   [5]  03 00 00 00 00
 (1789630183.537151)  can0  201   [6]  0F 00 00 00 00 00
 (1789630183.547146)  can0  201   [6]  0F 00 00 00 00 00
 (1789630183.557150)  can0  201   [6]  0F 00 00 00 00 00
 (1789630183.567145)  can0  201   [6]  0F 00 00 00 00 00
 (1789630183.577278)  can0  201   [6]  0F 00 00 00 00 00
 (1789630183.578744)  can0  181   [8]  27 14 27 14 00 00 00 00
 (1789630183.579006)  can0  281   [5]  03 00 00 00 00
 (1789630183.587163)  can0  201   [6]  0F 00 00 00 00 00
 (1789630183.597147)  can0  201   [6]  0F 00 00 00 00 00
 (1789630183.607153)  can0  201   [6]  0F 00 00 00 00 00
 (1789630183.617145)  can0  201   [6]  0F 00 00 00 00 00
 (1789630183.627150)  can0  201   [6]  0F 00 00 00 00 00
 (1789630183.628689)  can0  181   [8]  27 14 27 14 00 00 00 00
 (1789630183.628954)  can0  281   [5]  03 00 00 00 00
 (1789630183.637147)  can0  201   [6]  0F 00 00 00 00 00
 (1789630183.647145)  can0  201   [6]  0F 00 00 00 00 00
 (1789630183.657152)  can0  201   [6]  0F 00 00 00 00 00
 (1789630183.667146)  can0  201   [6]  0F 00 00 00 00 00
 (1789630183.677150)  can0  201   [6]  0F 00 00 00 00 00
 (1789630183.678636)  can0  181   [8]  27 14 27 14 00 00 00 00
 (1789630183.678901)  can0  281   [5]  03 00 00 00 00
 (1789630183.687147)  can0  201   [6]  0F 00 00 00 00 00
 (1789630183.697151)  can0  201   [6]  0F 00 00 00 00 00
 (1789630183.707147)  can0  201   [6]  0F 00 00 00 00 00
 (1789630183.717145)  can0  201   [6]  0F 00 00 00 00 00
 (1789630183.727149)  can0  201   [6]  0F 00 00 00 00 00
 (1789630183.728584)  can0  181   [8]  27 14 27 14 00 00 00 00
 (1789630183.728848)  can0  281   [5]  03 00 00 00 00
 (1789630183.737164)  can0  201   [6]  0F 00 00 00 00 00
 (1789630183.747171)  can0  201   [6]  0F 00 00 00 00 00
 (1789630183.757246)  can0  201   [6]  0F 00 00 00 00 00
 (1789630183.763265)  can0  701   [1]  05
 (1789630183.767209)  can0  201   [6]  0F 00 00 00 00 00
 (1789630183.777194)  can0  201   [6]  0F 00 00 00 00 00
 (1789630183.778534)  can0  181   [8]  27 14 27 14 00 00 00 00
 (1789630183.778794)  can0  281   [5]  03 00 00 00 00
 (1789630183.787188)  can0  201   [6]  0F 00 00 00 00 00
 (1789630183.797193)  can0  201   [6]  0F 00 00 00 00 00
 (1789630183.807183)  can0  201   [6]  0F 00 00 00 00 00
 (1789630183.817157)  can0  201   [6]  0F 00 00 00 00 00
 (1789630183.827147)  can0  201   [6]  0F 00 00 00 00 00
 (1789630183.828481)  can0  181   [8]  27 14 27 14 00 00 00 00
 (1789630183.828686)  can0  281   [5]  03 00 00 00 00
 (1789630183.837146)  can0  201   [6]  0F 00 00 00 00 00
 (1789630183.847149)  can0  201   [6]  0F 00 00 00 00 00
 (1789630183.857145)  can0  201   [6]  0F 00 00 00 00 00
 (1789630183.867151)  can0  201   [6]  0F 00 00 00 00 00
 (1789630183.877146)  can0  201   [6]  0F 00 00 00 00 00
 (1789630183.878429)  can0  181   [8]  27 14 27 14 00 00 00 00
 (1789630183.878635)  can0  281   [5]  03 00 00 00 00
 (1789630183.887151)  can0  201   [6]  0F 00 00 00 00 00
 (1789630183.897145)  can0  201   [6]  0F 00 00 00 00 00
 (1789630183.907144)  can0  201   [6]  0F 00 00 00 00 00
 (1789630183.917147)  can0  201   [6]  0F 00 00 00 00 00
 (1789630183.927144)  can0  201   [6]  0F 00 00 00 00 00
 (1789630183.928375)  can0  181   [8]  27 14 27 14 00 00 00 00
 (1789630183.928637)  can0  281   [5]  03 00 00 00 00
 (1789630183.937151)  can0  201   [6]  0F 00 00 00 00 00
 (1789630183.947146)  can0  201   [6]  0F 00 00 00 00 00
 (1789630183.957280)  can0  201   [6]  0F 00 00 00 00 00
 (1789630183.967159)  can0  201   [6]  0F 00 00 00 00 00
 (1789630183.977147)  can0  201   [6]  0F 00 00 00 00 00
 (1789630183.978324)  can0  181   [8]  27 14 27 14 00 00 00 00
 (1789630183.978585)  can0  281   [5]  03 00 00 00 00
 (1789630183.987151)  can0  201   [6]  0F 00 00 00 00 00
 (1789630183.997146)  can0  201   [6]  0F 00 00 00 00 00
 (1789630184.007149)  can0  201   [6]  0F 00 00 00 00 00
 (1789630184.012811)  can0  701   [1]  05
 (1789630184.017146)  can0  201   [6]  0F 00 00 00 00 00
 (1789630184.027149)  can0  201   [6]  0F 00 00 00 00 00
 (1789630184.028269)  can0  181   [8]  27 14 27 14 00 00 00 00
 (1789630184.028476)  can0  281   [5]  03 00 00 00 00
 (1789630184.037147)  can0  201   [6]  0F 00 00 00 00 00
 (1789630184.047146)  can0  201   [6]  0F 00 00 00 00 00
 (1789630184.057148)  can0  201   [6]  0F 00 00 00 00 00
 (1789630184.067147)  can0  201   [6]  0F 00 00 00 00 00
 (1789630184.077151)  can0  201   [6]  0F 00 00 00 00 00
 (1789630184.078218)  can0  181   [8]  27 14 27 14 00 00 00 00
 (1789630184.078424)  can0  281   [5]  03 00 00 00 00
 (1789630184.087146)  can0  201   [6]  0F 00 00 00 00 00
 (1789630184.097151)  can0  201   [6]  0F 00 00 00 00 00
 (1789630184.107161)  can0  201   [6]  0F 00 00 00 00 00
 (1789630184.117157)  can0  201   [6]  0F 00 00 00 00 00
 (1789630184.127200)  can0  201   [6]  0F 00 00 00 00 00
 (1789630184.128168)  can0  181   [8]  27 14 27 14 00 00 00 00
 (1789630184.128428)  can0  281   [5]  03 00 00 00 00
 (1789630184.137217)  can0  201   [6]  0F 00 00 00 00 00
 (1789630184.147204)  can0  201   [6]  0F 00 00 00 00 00
 (1789630184.157184)  can0  201   [6]  0F 00 00 00 00 00
 (1789630184.167183)  can0  201   [6]  0F 00 00 00 00 00
 (1789630184.177177)  can0  201   [6]  0F 00 00 00 00 00
 (1789630184.178115)  can0  181   [8]  27 14 27 14 00 00 00 00
 (1789630184.178422)  can0  281   [5]  03 00 00 00 00
 (1789630184.187176)  can0  201   [6]  0F 00 00 00 00 00
 (1789630184.197156)  can0  201   [6]  0F 00 00 00 00 00
 (1789630184.207149)  can0  201   [6]  0F 00 00 00 00 00
 (1789630184.217150)  can0  201   [6]  0F 00 00 00 00 00
 (1789630184.227145)  can0  201   [6]  0F 00 00 00 00 00
 (1789630184.228062)  can0  181   [8]  27 14 27 14 00 00 00 00
 (1789630184.228266)  can0  281   [5]  03 00 00 00 00
 (1789630184.237151)  can0  201   [6]  0F 00 00 00 00 00
 (1789630184.247146)  can0  201   [6]  0F 00 00 00 00 00
 (1789630184.257148)  can0  201   [6]  0F 00 00 00 00 00
 (1789630184.262358)  can0  701   [1]  05
 (1789630184.267151)  can0  201   [6]  0F 00 00 00 00 00
 (1789630184.277147)  can0  201   [6]  0F 00 00 00 00 00
 (1789630184.278010)  can0  181   [8]  27 14 27 14 00 00 00 00
 (1789630184.278213)  can0  281   [5]  03 00 00 00 00
 (1789630184.287151)  can0  201   [6]  0F 00 00 00 00 00
 (1789630184.297144)  can0  201   [6]  0F 00 00 00 00 00
 (1789630184.307152)  can0  201   [6]  0F 00 00 00 00 00
 (1789630184.317147)  can0  201   [6]  0F 00 00 00 00 00
 (1789630184.327145)  can0  201   [6]  0F 00 00 00 00 00
 (1789630184.327954)  can0  181   [8]  27 14 27 14 00 00 00 00
 (1789630184.328219)  can0  281   [5]  03 00 00 00 00
 (1789630184.337112)  can0  201   [6]  0F 00 00 00 00 00
 (1789630184.347056)  can0  201   [6]  0F 00 00 00 00 00
 (1789630184.357060)  can0  201   [6]  0F 00 00 00 00 00
 (1789630184.367042)  can0  201   [6]  0F 00 00 00 00 00
 (1789630184.377042)  can0  201   [6]  0F 00 00 00 00 00
 (1789630184.377848)  can0  181   [8]  27 14 27 14 00 00 00 00
 (1789630184.378110)  can0  281   [5]  03 00 00 00 00
 (1789630184.387160)  can0  201   [6]  0F 00 00 00 00 00
 (1789630184.397149)  can0  201   [6]  0F 00 00 00 00 00
 (1789630184.407151)  can0  201   [6]  0F 00 00 00 00 00
 (1789630184.417144)  can0  201   [6]  0F 00 00 00 00 00
 (1789630184.427151)  can0  201   [6]  0F 00 00 00 00 00
 (1789630184.427851)  can0  181   [8]  27 14 27 14 00 00 00 00
 (1789630184.428057)  can0  281   [5]  03 00 00 00 00
 (1789630184.437144)  can0  201   [6]  0F 00 00 00 00 00
 (1789630184.447148)  can0  201   [6]  0F 00 00 00 00 00
 (1789630184.457147)  can0  201   [6]  0F 00 00 00 00 00
 (1789630184.467143)  can0  201   [6]  0F 00 00 00 00 00
 (1789630184.477154)  can0  201   [6]  0F 00 00 00 00 00
 (1789630184.477798)  can0  181   [8]  27 14 27 14 00 00 00 00
 (1789630184.478005)  can0  281   [5]  03 00 00 00 00
 (1789630184.487158)  can0  201   [6]  0F 00 00 00 00 00
 (1789630184.497160)  can0  201   [6]  0F 00 00 00 00 00
 (1789630184.507218)  can0  201   [6]  0F 00 00 00 00 00
 (1789630184.511854)  can0  701   [1]  05
 (1789630184.517234)  can0  201   [6]  0F 00 00 00 00 00
 (1789630184.527193)  can0  201   [6]  0F 00 00 00 00 00
 (1789630184.527753)  can0  181   [8]  27 14 27 14 00 00 00 00
 (1789630184.528019)  can0  281   [5]  03 00 00 00 00
 (1789630184.537248)  can0  201   [6]  0F 00 00 00 00 00
 (1789630184.547212)  can0  201   [6]  0F 00 00 00 00 00
 (1789630184.557233)  can0  201   [6]  0F 00 00 00 00 00
 (1789630184.567247)  can0  201   [6]  0F 00 00 00 00 00
 (1789630184.577266)  can0  201   [6]  0F 00 00 00 00 00
 (1789630184.577696)  can0  181   [8]  27 14 27 14 00 00 00 00
 (1789630184.577958)  can0  281   [5]  03 00 00 00 00
 (1789630184.587229)  can0  201   [6]  0F 00 00 00 00 00
 (1789630184.597312)  can0  201   [6]  0F 00 00 00 00 00
 (1789630184.607250)  can0  201   [6]  0F 00 00 00 00 00
 (1789630184.617269)  can0  201   [6]  0F 00 00 00 00 00
 (1789630184.627253)  can0  201   [6]  0F 00 00 00 00 00
 (1789630184.627648)  can0  181   [8]  27 14 27 14 00 00 00 00
 (1789630184.627847)  can0  281   [5]  03 00 00 00 00
 (1789630184.637201)  can0  201   [6]  0F 00 00 00 00 00
 (1789630184.647190)  can0  201   [6]  0F 00 00 00 00 00
 (1789630184.657288)  can0  201   [6]  0F 00 00 00 00 00
 (1789630184.667234)  can0  201   [6]  0F 00 00 00 00 00
 (1789630184.677222)  can0  201   [6]  0F 00 00 00 00 00
 (1789630184.677595)  can0  181   [8]  27 14 27 14 00 00 00 00
 (1789630184.677852)  can0  281   [5]  03 00 00 00 00
 (1789630184.687203)  can0  201   [6]  0F 00 00 00 00 00
 (1789630184.697180)  can0  201   [6]  0F 00 00 00 00 00
 (1789630184.707201)  can0  201   [6]  0F 00 00 00 00 00
 (1789630184.717151)  can0  201   [6]  0F 00 00 00 00 00
 (1789630184.727153)  can0  201   [6]  0F 00 00 00 00 00
 (1789630184.727540)  can0  181   [8]  27 14 27 14 00 00 00 00
 (1789630184.727800)  can0  281   [5]  03 00 00 00 00
 (1789630184.737273)  can0  201   [6]  0F 00 00 00 00 00
 (1789630184.747145)  can0  201   [6]  0F 00 00 00 00 00
 (1789630184.757151)  can0  201   [6]  0F 00 00 00 00 00
 (1789630184.761404)  can0  701   [1]  05
 (1789630184.767146)  can0  201   [6]  0F 00 00 00 00 00
 (1789630184.777151)  can0  201   [6]  0F 00 00 00 00 00
 (1789630184.777548)  can0  181   [8]  27 14 27 14 00 00 00 00
 (1789630184.777690)  can0  281   [5]  03 00 00 00 00
 (1789630184.787145)  can0  201   [6]  0F 00 00 00 00 00
 (1789630184.797150)  can0  201   [6]  0F 00 00 00 00 00
 (1789630184.807145)  can0  201   [6]  0F 00 00 00 00 00
 (1789630184.817145)  can0  201   [6]  0F 00 00 00 00 00
 (1789630184.827152)  can0  201   [6]  0F 00 00 00 00 00
 (1789630184.827559)  can0  181   [8]  27 14 27 14 00 00 00 00
 (1789630184.827750)  can0  281   [5]  03 00 00 00 00
 (1789630184.837144)  can0  201   [6]  0F 00 00 00 00 00
 (1789630184.847150)  can0  201   [6]  0F 00 00 00 00 00
 (1789630184.857314)  can0  201   [6]  0F 00 00 00 00 00
 (1789630184.867164)  can0  201   [6]  0F 00 00 00 00 00
 (1789630184.877148)  can0  201   [6]  0F 00 00 00 00 00
 (1789630184.877520)  can0  181   [8]  27 14 27 14 00 00 00 00
 (1789630184.877708)  can0  281   [5]  03 00 00 00 00
 (1789630184.887145)  can0  201   [6]  0F 00 00 00 00 00
 (1789630184.897150)  can0  201   [6]  0F 00 00 00 00 00
 (1789630184.907144)  can0  201   [6]  0F 00 00 00 00 00
 (1789630184.917150)  can0  201   [6]  0F 00 00 00 00 00
 (1789630184.927146)  can0  201   [6]  0F 00 00 00 00 00
 (1789630184.927516)  can0  181   [8]  27 14 27 14 00 00 00 00
 (1789630184.927708)  can0  281   [5]  03 00 00 00 00
 (1789630184.937151)  can0  201   [6]  0F 00 00 00 00 00
 (1789630184.947148)  can0  201   [6]  0F 00 00 00 00 00
 (1789630184.957145)  can0  201   [6]  0F 00 00 00 00 00
 (1789630184.967150)  can0  201   [6]  0F 00 00 00 00 00
 (1789630184.977143)  can0  201   [6]  0F 00 00 00 00 00
 (1789630184.977523)  can0  181   [8]  27 14 27 14 00 00 00 00
 (1789630184.977659)  can0  281   [5]  03 00 00 00 00
 (1789630184.987150)  can0  201   [6]  0F 00 00 00 00 00
 (1789630184.997145)  can0  201   [6]  0F 00 00 00 00 00
 (1789630185.007150)  can0  201   [6]  0F 00 00 00 00 00
 (1789630185.010951)  can0  701   [1]  05
 (1789630185.017162)  can0  201   [6]  0F 00 00 00 00 00
 (1789630185.027158)  can0  201   [6]  0F 00 00 00 00 00
 (1789630185.027596)  can0  181   [8]  27 14 27 14 00 00 00 00
 (1789630185.027789)  can0  281   [5]  03 00 00 00 00
 (1789630185.037250)  can0  201   [6]  0F 00 00 00 00 00
 (1789630185.047205)  can0  201   [6]  0F 00 00 00 00 00
 (1789630185.057272)  can0  201   [6]  0F 00 00 00 00 00
 (1789630185.067230)  can0  201   [6]  0F 00 00 00 00 00
 (1789630185.077261)  can0  201   [6]  0F 00 00 00 00 00
 (1789630185.077611)  can0  181   [8]  27 14 27 14 00 00 00 00
 (1789630185.077799)  can0  281   [5]  03 00 00 00 00
 (1789630185.087181)  can0  201   [6]  0F 00 00 00 00 00
 (1789630185.097330)  can0  201   [6]  0F 00 00 00 00 00
 (1789630185.107205)  can0  201   [6]  0F 00 00 00 00 00
 (1789630185.117327)  can0  201   [6]  0F 00 00 00 00 00
 (1789630185.127267)  can0  201   [6]  0F 00 00 00 00 00
 (1789630185.127508)  can0  181   [8]  27 14 27 14 00 00 00 00
 (1789630185.127697)  can0  281   [5]  03 00 00 00 00
 (1789630185.137273)  can0  201   [6]  0F 00 00 00 00 00
 (1789630185.147265)  can0  201   [6]  0F 00 00 00 00 00
 (1789630185.157206)  can0  201   [6]  0F 00 00 00 00 00
 (1789630185.167192)  can0  201   [6]  0F 00 00 00 00 00
 (1789630185.177283)  can0  201   [6]  0F 00 00 00 00 00
 (1789630185.177525)  can0  181   [8]  27 14 27 14 00 00 00 00
 (1789630185.177655)  can0  281   [5]  03 00 00 00 00
 (1789630185.187224)  can0  201   [6]  0F 00 00 00 00 00
 (1789630185.197209)  can0  201   [6]  0F 00 00 00 00 00
 (1789630185.207196)  can0  201   [6]  0F 00 00 00 00 00
 (1789630185.217197)  can0  201   [6]  0F 00 00 00 00 00
 (1789630185.227266)  can0  201   [6]  0F 00 00 00 00 00
 (1789630185.227386)  can0  181   [8]  27 14 27 14 00 00 00 00
 (1789630185.227692)  can0  281   [5]  03 00 00 00 00
 (1789630185.237173)  can0  201   [6]  0F 00 00 00 00 00
 (1789630185.247155)  can0  201   [6]  0F 00 00 00 00 00
 (1789630185.257146)  can0  201   [6]  0F 00 00 00 00 00
 (1789630185.260505)  can0  701   [1]  05
 (1789630185.267152)  can0  201   [6]  0F 00 00 00 00 00
 (1789630185.277147)  can0  201   [6]  0F 00 00 00 00 00
 (1789630185.277393)  can0  181   [8]  27 14 27 14 00 00 00 00
 (1789630185.277597)  can0  281   [5]  03 00 00 00 00
 (1789630185.287150)  can0  201   [6]  0F 00 00 00 00 00
 (1789630185.297146)  can0  201   [6]  0F 00 00 00 00 00
 (1789630185.307145)  can0  201   [6]  0F 00 00 00 00 00
 (1789630185.317150)  can0  201   [6]  0F 00 00 00 00 00
 (1789630185.327146)  can0  201   [6]  0F 00 00 00 00 00
 (1789630185.327392)  can0  181   [8]  27 14 27 14 00 00 00 00
 (1789630185.327585)  can0  281   [5]  03 00 00 00 00
 (1789630185.337151)  can0  201   [6]  0F 00 00 00 00 00
 (1789630185.347145)  can0  201   [6]  0F 00 00 00 00 00
 (1789630185.357150)  can0  201   [6]  0F 00 00 00 00 00
 (1789630185.367145)  can0  201   [6]  0F 00 00 00 00 00
 (1789630185.377145)  can0  201   [6]  0F 00 00 00 00 00
 (1789630185.377391)  can0  181   [8]  27 14 27 14 00 00 00 00
 (1789630185.377582)  can0  281   [5]  03 00 00 00 00
 (1789630185.387273)  can0  201   [6]  0F 00 00 00 00 00
 (1789630185.397167)  can0  201   [6]  0F 00 00 00 00 00
 (1789630185.407154)  can0  201   [6]  0F 00 00 00 00 00
 (1789630185.417147)  can0  201   [6]  0F 00 00 00 00 00
 (1789630185.427180)  can0  181   [8]  27 14 27 14 00 00 00 00
 (1789630185.427386)  can0  201   [6]  0F 00 00 00 00 00
 (1789630185.427583)  can0  281   [5]  03 00 00 00 00
 (1789630185.437145)  can0  201   [6]  0F 00 00 00 00 00
 (1789630185.447145)  can0  201   [6]  0F 00 00 00 00 00
 (1789630185.457149)  can0  201   [6]  0F 00 00 00 00 00
 (1789630185.467144)  can0  201   [6]  0F 00 00 00 00 00
 (1789630185.477125)  can0  181   [8]  27 14 27 14 00 00 00 00
 (1789630185.477332)  can0  201   [6]  0F 00 00 00 00 00
 (1789630185.477531)  can0  281   [5]  03 00 00 00 00
 (1789630185.487147)  can0  201   [6]  0F 00 00 00 00 00
 (1789630185.497150)  can0  201   [6]  0F 00 00 00 00 00
 (1789630185.507143)  can0  201   [6]  0F 00 00 00 00 00
 (1789630185.510054)  can0  701   [1]  05
 (1789630185.517145)  can0  201   [6]  0F 00 00 00 00 00
 (1789630185.527072)  can0  181   [8]  27 14 27 14 00 00 00 00
 (1789630185.527279)  can0  201   [6]  0F 00 00 00 00 00
 (1789630185.527421)  can0  281   [5]  03 00 00 00 00
 (1789630185.537159)  can0  201   [6]  0F 00 00 00 00 00
 (1789630185.547160)  can0  201   [6]  0F 00 00 00 00 00
 (1789630185.557225)  can0  201   [6]  0F 00 00 00 00 00
 (1789630185.567217)  can0  201   [6]  0F 00 00 00 00 00
 (1789630185.577033)  can0  181   [8]  27 14 27 14 00 00 00 00
 (1789630185.577237)  can0  201   [6]  0F 00 00 00 00 00
 (1789630185.577558)  can0  281   [5]  03 00 00 00 00
 (1789630185.587235)  can0  201   [6]  0F 00 00 00 00 00
 (1789630185.597199)  can0  201   [6]  0F 00 00 00 00 00
 (1789630185.607236)  can0  201   [6]  0F 00 00 00 00 00
 (1789630185.617245)  can0  201   [6]  0F 00 00 00 00 00
 (1789630185.626971)  can0  181   [8]  27 14 27 14 00 00 00 00
 (1789630185.627256)  can0  201   [6]  0F 00 00 00 00 00
 (1789630185.627453)  can0  281   [5]  03 00 00 00 00
 (1789630185.637242)  can0  201   [6]  0F 00 00 00 00 00
 (1789630185.647307)  can0  201   [6]  0F 00 00 00 00 00
 (1789630185.657243)  can0  201   [6]  0F 00 00 00 00 00
 (1789630185.667108)  can0  201   [6]  0F 00 00 00 00 00
 (1789630185.676861)  can0  181   [8]  27 14 27 14 00 00 00 00
 (1789630185.677108)  can0  201   [6]  0F 00 00 00 00 00
 (1789630185.677434)  can0  281   [5]  03 00 00 00 00
 (1789630185.687091)  can0  201   [6]  0F 00 00 00 00 00
 (1789630185.697064)  can0  201   [6]  0F 00 00 00 00 00
 (1789630185.707066)  can0  201   [6]  0F 00 00 00 00 00
 (1789630185.717057)  can0  201   [6]  0F 00 00 00 00 00
 (1789630185.726807)  can0  181   [8]  27 14 27 14 00 00 00 00
 (1789630185.727066)  can0  201   [6]  0F 00 00 00 00 00
 (1789630185.727453)  can0  281   [5]  03 00 00 00 00
 (1789630185.737058)  can0  201   [6]  0F 00 00 00 00 00
 (1789630185.747046)  can0  201   [6]  0F 00 00 00 00 00
 (1789630185.757050)  can0  201   [6]  0F 00 00 00 00 00
 (1789630185.759486)  can0  701   [1]  05
 (1789630185.767045)  can0  201   [6]  0F 00 00 00 00 00
 (1789630185.776752)  can0  181   [8]  27 14 27 14 00 00 00 00
 (1789630185.777004)  can0  201   [6]  0F 00 00 00 00 00
 (1789630185.777453)  can0  281   [5]  03 00 00 00 00
 (1789630185.787036)  can0  201   [6]  0F 00 00 00 00 00
 (1789630185.797028)  can0  201   [6]  0F 00 00 00 00 00
 (1789630185.807032)  can0  201   [6]  0F 00 00 00 00 00
 (1789630185.817028)  can0  201   [6]  0F 00 00 00 00 00
 (1789630185.826701)  can0  181   [8]  27 14 27 14 00 00 00 00
 (1789630185.826949)  can0  201   [6]  0F 00 00 00 00 00
 (1789630185.827409)  can0  281   [5]  03 00 00 00 00
 (1789630185.837031)  can0  201   [6]  0F 00 00 00 00 00
 (1789630185.847029)  can0  201   [6]  0F 00 00 00 00 00
 (1789630185.857027)  can0  201   [6]  0F 00 00 00 00 00
 (1789630185.867027)  can0  201   [6]  0F 00 00 00 00 00
 (1789630185.876650)  can0  181   [8]  27 14 27 14 00 00 00 00
 (1789630185.876911)  can0  201   [6]  0F 00 00 00 00 00
 (1789630185.877411)  can0  281   [5]  03 00 00 00 00
 (1789630185.887028)  can0  201   [6]  0F 00 00 00 00 00
 (1789630185.897039)  can0  201   [6]  0F 00 00 00 00 00
 (1789630185.907074)  can0  201   [6]  0F 00 00 00 00 00
 (1789630185.917196)  can0  201   [6]  0F 00 00 00 00 00
 (1789630185.926654)  can0  181   [8]  27 14 27 14 00 00 00 00
 (1789630185.927025)  can0  201   [6]  0F 00 00 00 00 00
 (1789630185.927370)  can0  281   [5]  03 00 00 00 00
 (1789630185.937146)  can0  201   [6]  0F 00 00 00 00 00
 (1789630185.947153)  can0  201   [6]  0F 00 00 00 00 00
 (1789630185.957148)  can0  201   [6]  0F 00 00 00 00 00
 (1789630185.967038)  can0  201   [6]  0F 00 00 00 00 00
 (1789630185.976601)  can0  181   [8]  27 14 27 14 00 00 00 00
 (1789630185.976965)  can0  201   [6]  0F 00 00 00 00 00
 (1789630185.977426)  can0  281   [5]  03 00 00 00 00
 (1789630185.987152)  can0  201   [6]  0F 00 00 00 00 00
 (1789630185.997147)  can0  201   [6]  0F 00 00 00 00 00
 (1789630186.007145)  can0  201   [6]  0F 00 00 00 00 00
 (1789630186.009039)  can0  701   [1]  05
 (1789630186.017153)  can0  201   [6]  0F 00 00 00 00 00
 (1789630186.026548)  can0  181   [8]  27 14 27 14 00 00 00 00
 (1789630186.027146)  can0  201   [6]  0F 00 00 00 00 00
 (1789630186.027441)  can0  281   [5]  03 00 00 00 00
 (1789630186.037151)  can0  201   [6]  0F 00 00 00 00 00
 (1789630186.047147)  can0  201   [6]  0F 00 00 00 00 00
 (1789630186.057153)  can0  201   [6]  0F 00 00 00 00 00
 (1789630186.067153)  can0  201   [6]  0F 00 00 00 00 00
 (1789630186.076502)  can0  181   [8]  27 14 27 14 00 00 00 00
 (1789630186.077170)  can0  201   [6]  0F 00 00 00 00 00
 (1789630186.077514)  can0  281   [5]  03 00 00 00 00
 (1789630186.087239)  can0  201   [6]  0F 00 00 00 00 00
 (1789630186.097209)  can0  201   [6]  0F 00 00 00 00 00
 (1789630186.107197)  can0  201   [6]  0F 00 00 00 00 00
 (1789630186.117192)  can0  201   [6]  0F 00 00 00 00 00
 (1789630186.126449)  can0  181   [8]  27 14 27 14 00 00 00 00
 (1789630186.127188)  can0  201   [6]  0F 00 00 00 00 00
 (1789630186.127580)  can0  281   [5]  03 00 00 00 00
 (1789630186.137185)  can0  201   [6]  0F 00 00 00 00 00
 (1789630186.147154)  can0  201   [6]  0F 00 00 00 00 00
 (1789630186.157152)  can0  201   [6]  0F 00 00 00 00 00
 (1789630186.167145)  can0  201   [6]  0F 00 00 00 00 00
 (1789630186.176454)  can0  181   [8]  27 14 27 14 00 00 00 00
 (1789630186.177153)  can0  201   [6]  0F 00 00 00 00 00
 (1789630186.177589)  can0  281   [5]  03 00 00 00 00
 (1789630186.187147)  can0  201   [6]  0F 00 00 00 00 00
 (1789630186.197152)  can0  201   [6]  0F 00 00 00 00 00
 (1789630186.207146)  can0  201   [6]  0F 00 00 00 00 00
 (1789630186.217146)  can0  201   [6]  0F 00 00 00 00 00
 (1789630186.226400)  can0  181   [8]  27 14 27 14 00 00 00 00
 (1789630186.227152)  can0  201   [6]  0F 00 00 00 00 00
 (1789630186.227599)  can0  281   [5]  03 00 00 00 00
 (1789630186.237145)  can0  201   [6]  0F 00 00 00 00 00
 (1789630186.247148)  can0  201   [6]  0F 00 00 00 00 00
 (1789630186.257146)  can0  201   [6]  0F 00 00 00 00 00
 (1789630186.258707)  can0  701   [1]  05
 (1789630186.267152)  can0  201   [6]  0F 00 00 00 00 00
 (1789630186.276412)  can0  181   [8]  27 14 27 14 00 00 00 00
 (1789630186.277149)  can0  201   [6]  0F 00 00 00 00 00
 (1789630186.277554)  can0  281   [5]  03 00 00 00 00
 (1789630186.287273)  can0  201   [6]  0F 00 00 00 00 00
 (1789630186.297176)  can0  201   [6]  0F 00 00 00 00 00
 (1789630186.307148)  can0  201   [6]  0F 00 00 00 00 00
 (1789630186.317151)  can0  201   [6]  0F 00 00 00 00 00
 (1789630186.326373)  can0  181   [8]  27 14 27 14 00 00 00 00
 (1789630186.327147)  can0  201   [6]  0F 00 00 00 00 00
 (1789630186.327620)  can0  281   [5]  03 00 00 00 00
 (1789630186.337151)  can0  201   [6]  0F 00 00 00 00 00
 (1789630186.347146)  can0  201   [6]  0F 00 00 00 00 00
 (1789630186.357144)  can0  201   [6]  0F 00 00 00 00 00
 (1789630186.367151)  can0  201   [6]  0F 00 00 00 00 00
 (1789630186.376368)  can0  181   [8]  27 14 27 14 00 00 00 00
 (1789630186.377146)  can0  201   [6]  0F 00 00 00 00 00
 (1789630186.377573)  can0  281   [5]  03 00 00 00 00
 (1789630186.387147)  can0  201   [6]  0F 00 00 00 00 00
 (1789630186.397146)  can0  201   [6]  0F 00 00 00 00 00
 (1789630186.407151)  can0  201   [6]  0F 00 00 00 00 00
 (1789630186.417146)  can0  201   [6]  0F 00 00 00 00 00
 (1789630186.426320)  can0  181   [8]  27 14 27 14 00 00 00 00
 (1789630186.427149)  can0  201   [6]  0F 00 00 00 00 00
 (1789630186.427641)  can0  281   [5]  03 00 00 00 00
 (1789630186.437153)  can0  201   [6]  0F 00 00 00 00 00
 (1789630186.447150)  can0  201   [6]  0F 00 00 00 00 00
 (1789630186.457222)  can0  201   [6]  0F 00 00 00 00 00
 (1789630186.467218)  can0  201   [6]  0F 00 00 00 00 00
 (1789630186.476329)  can0  181   [8]  27 14 27 14 00 00 00 00
 (1789630186.477207)  can0  201   [6]  0F 00 00 00 00 00
 (1789630186.477648)  can0  281   [5]  03 00 00 00 00
 (1789630186.487270)  can0  201   [6]  0F 00 00 00 00 00
 (1789630186.497166)  can0  201   [6]  0F 00 00 00 00 00
 (1789630186.507254)  can0  201   [6]  0F 00 00 00 00 00
 (1789630186.508262)  can0  701   [1]  05
 (1789630186.517185)  can0  201   [6]  0F 00 00 00 00 00
 (1789630186.526293)  can0  181   [8]  27 14 27 14 00 00 00 00
 (1789630186.527284)  can0  201   [6]  0F 00 00 00 00 00
 (1789630186.527659)  can0  281   [5]  03 00 00 00 00
 (1789630186.537228)  can0  201   [6]  0F 00 00 00 00 00
 (1789630186.547327)  can0  201   [6]  0F 00 00 00 00 00
 (1789630186.557250)  can0  201   [6]  0F 00 00 00 00 00
 (1789630186.567266)  can0  201   [6]  0F 00 00 00 00 00
 (1789630186.576290)  can0  181   [8]  27 14 27 14 00 00 00 00
 (1789630186.577244)  can0  201   [6]  0F 00 00 00 00 00
 (1789630186.577669)  can0  281   [5]  03 00 00 00 00
 (1789630186.587222)  can0  201   [6]  0F 00 00 00 00 00
 (1789630186.597203)  can0  201   [6]  0F 00 00 00 00 00
 (1789630186.607280)  can0  201   [6]  0F 00 00 00 00 00
 (1789630186.617234)  can0  201   [6]  0F 00 00 00 00 00
 (1789630186.626240)  can0  181   [8]  27 14 27 14 00 00 00 00
 (1789630186.627207)  can0  201   [6]  0F 00 00 00 00 00
 (1789630186.627831)  can0  281   [5]  03 00 00 00 00
 (1789630186.637203)  can0  201   [6]  0F 00 00 00 00 00
 (1789630186.647201)  can0  201   [6]  0F 00 00 00 00 00
 (1789630186.657203)  can0  201   [6]  0F 00 00 00 00 00
 (1789630186.667170)  can0  201   [6]  0F 00 00 00 00 00
 (1789630186.676244)  can0  181   [8]  27 14 27 14 00 00 00 00
 (1789630186.677150)  can0  201   [6]  0F 00 00 00 00 00
 (1789630186.677691)  can0  281   [5]  03 00 00 00 00
 (1789630186.687158)  can0  201   [6]  0F 00 00 00 00 00
 (1789630186.697146)  can0  201   [6]  0F 00 00 00 00 00
 (1789630186.707145)  can0  201   [6]  0F 00 00 00 00 00
 (1789630186.717152)  can0  201   [6]  0F 00 00 00 00 00
 (1789630186.726251)  can0  181   [8]  27 14 27 14 00 00 00 00
 (1789630186.727148)  can0  201   [6]  0F 00 00 00 00 00
 (1789630186.727699)  can0  281   [5]  03 00 00 00 00
 (1789630186.737152)  can0  201   [6]  0F 00 00 00 00 00
 (1789630186.747145)  can0  201   [6]  0F 00 00 00 00 00
 (1789630186.757150)  can0  201   [6]  0F 00 00 00 00 00
 (1789630186.757808)  can0  701   [1]  05
 (1789630186.767146)  can0  201   [6]  0F 00 00 00 00 00
 (1789630186.776198)  can0  181   [8]  27 14 27 14 00 00 00 00
 (1789630186.777146)  can0  201   [6]  0F 00 00 00 00 00
 (1789630186.777710)  can0  281   [5]  03 00 00 00 00
 (1789630186.787152)  can0  201   [6]  0F 00 00 00 00 00
 (1789630186.797146)  can0  201   [6]  0F 00 00 00 00 00
 (1789630186.807270)  can0  201   [6]  0F 00 00 00 00 00
 (1789630186.817165)  can0  201   [6]  0F 00 00 00 00 00
 (1789630186.826148)  can0  181   [8]  27 14 27 14 00 00 00 00
 (1789630186.827164)  can0  201   [6]  0F 00 00 00 00 00
 (1789630186.827718)  can0  281   [5]  03 00 00 00 00
 (1789630186.837146)  can0  201   [6]  0F 00 00 00 00 00
 (1789630186.847145)  can0  201   [6]  0F 00 00 00 00 00
 (1789630186.857150)  can0  201   [6]  0F 00 00 00 00 00
 (1789630186.867145)  can0  201   [6]  0F 00 00 00 00 00
 (1789630186.876092)  can0  181   [8]  27 14 27 14 00 00 00 00
 (1789630186.877153)  can0  201   [6]  0F 00 00 00 00 00
 (1789630186.877730)  can0  281   [5]  03 00 00 00 00
 (1789630186.887146)  can0  201   [6]  0F 00 00 00 00 00
 (1789630186.897151)  can0  201   [6]  0F 00 00 00 00 00
 (1789630186.907144)  can0  201   [6]  0F 00 00 00 00 00
 (1789630186.917146)  can0  201   [6]  0F 00 00 00 00 00
 (1789630186.926042)  can0  181   [8]  27 14 27 14 00 00 00 00
 (1789630186.927152)  can0  201   [6]  0F 00 00 00 00 00
 (1789630186.927739)  can0  281   [5]  03 00 00 00 00
 (1789630186.937147)  can0  201   [6]  0F 00 00 00 00 00
 (1789630186.947153)  can0  201   [6]  0F 00 00 00 00 00
 (1789630186.957146)  can0  201   [6]  0F 00 00 00 00 00
 (1789630186.967160)  can0  201   [6]  0F 00 00 00 00 00
 (1789630186.975988)  can0  181   [8]  27 14 27 14 00 00 00 00
 (1789630186.977155)  can0  201   [6]  0F 00 00 00 00 00
 (1789630186.977749)  can0  281   [5]  03 00 00 00 00
 (1789630186.987278)  can0  201   [6]  0F 00 00 00 00 00
 (1789630186.997213)  can0  201   [6]  0F 00 00 00 00 00
 (1789630187.007196)  can0  201   [6]  0F 00 00 00 00 00
 (1789630187.007317)  can0  701   [1]  05
 (1789630187.017245)  can0  201   [6]  0F 00 00 00 00 00
 (1789630187.025944)  can0  181   [8]  27 14 27 14 00 00 00 00
 (1789630187.027272)  can0  201   [6]  0F 00 00 00 00 00
 (1789630187.027705)  can0  281   [5]  03 00 00 00 00
 (1789630187.037219)  can0  201   [6]  0F 00 00 00 00 00
 (1789630187.047345)  can0  201   [6]  0F 00 00 00 00 00
 (1789630187.057213)  can0  201   [6]  0F 00 00 00 00 00
 (1789630187.067252)  can0  201   [6]  0F 00 00 00 00 00
 (1789630187.075891)  can0  181   [8]  27 14 27 14 00 00 00 00
 (1789630187.077210)  can0  201   [6]  0F 00 00 00 00 00
 (1789630187.077713)  can0  281   [5]  03 00 00 00 00
 (1789630187.087254)  can0  201   [6]  0F 00 00 00 00 00
 (1789630187.097279)  can0  201   [6]  0F 00 00 00 00 00
 (1789630187.107207)  can0  201   [6]  0F 00 00 00 00 00
 (1789630187.117206)  can0  201   [6]  0F 00 00 00 00 00
 (1789630187.125839)  can0  181   [8]  27 14 27 14 00 00 00 00
 (1789630187.127256)  can0  201   [6]  0F 00 00 00 00 00
 (1789630187.127779)  can0  281   [5]  03 00 00 00 00
 (1789630187.137235)  can0  201   [6]  0F 00 00 00 00 00
 (1789630187.147211)  can0  201   [6]  0F 00 00 00 00 00
 (1789630187.157216)  can0  201   [6]  0F 00 00 00 00 00
 (1789630187.167197)  can0  201   [6]  0F 00 00 00 00 00
 (1789630187.175844)  can0  181   [8]  27 14 27 14 00 00 00 00
 (1789630187.177199)  can0  201   [6]  0F 00 00 00 00 00
 (1789630187.177790)  can0  281   [5]  03 00 00 00 00
 (1789630187.187186)  can0  201   [6]  0F 00 00 00 00 00
 (1789630187.197161)  can0  201   [6]  0F 00 00 00 00 00
 (1789630187.207154)  can0  201   [6]  0F 00 00 00 00 00
 (1789630187.217147)  can0  201   [6]  0F 00 00 00 00 00
 (1789630187.225802)  can0  181   [8]  27 14 27 14 00 00 00 00
 (1789630187.227152)  can0  201   [6]  0F 00 00 00 00 00
 (1789630187.227799)  can0  281   [5]  03 00 00 00 00
 (1789630187.237145)  can0  201   [6]  0F 00 00 00 00 00
 (1789630187.247151)  can0  201   [6]  0F 00 00 00 00 00
 (1789630187.256910)  can0  701   [1]  05
 (1789630187.257144)  can0  201   [6]  0F 00 00 00 00 00
 (1789630187.267146)  can0  201   [6]  0F 00 00 00 00 00
 (1789630187.275745)  can0  181   [8]  27 14 27 14 00 00 00 00
 (1789630187.277154)  can0  201   [6]  0F 00 00 00 00 00
 (1789630187.277810)  can0  281   [5]  03 00 00 00 00
 (1789630187.287147)  can0  201   [6]  0F 00 00 00 00 00
 (1789630187.297158)  can0  201   [6]  0F 00 00 00 00 00
 (1789630187.307035)  can0  201   [6]  0F 00 00 00 00 00
 (1789630187.317035)  can0  201   [6]  0F 00 00 00 00 00
 (1789630187.325694)  can0  181   [8]  27 14 27 14 00 00 00 00
 (1789630187.327148)  can0  201   [6]  0F 00 00 00 00 00
 (1789630187.327815)  can0  281   [5]  03 00 00 00 00
 (1789630187.337106)  can0  201   [6]  0F 00 00 00 00 00
 (1789630187.347046)  can0  201   [6]  0F 00 00 00 00 00
 (1789630187.357481)  can0  201   [6]  0F 00 00 00 00 00
 (1789630187.367486)  can0  201   [6]  0F 00 00 00 00 00
 (1789630187.375757)  can0  181   [8]  27 14 27 14 00 00 00 00
 (1789630187.377468)  can0  201   [6]  0F 00 00 00 00 00
 (1789630187.377774)  can0  281   [5]  03 00 00 00 00
 (1789630187.387182)  can0  201   [6]  0F 00 00 00 00 00
 (1789630187.397173)  can0  201   [6]  0F 00 00 00 00 00
 (1789630187.407172)  can0  201   [6]  0F 00 00 00 00 00
 (1789630187.417174)  can0  201   [6]  0F 00 00 00 00 00
 (1789630187.425718)  can0  181   [8]  27 14 27 14 00 00 00 00
 (1789630187.427147)  can0  201   [6]  0F 00 00 00 00 00
 (1789630187.427838)  can0  281   [5]  03 00 00 00 00
 (1789630187.437169)  can0  201   [6]  0F 00 00 00 00 00
 (1789630187.447167)  can0  201   [6]  0F 00 00 00 00 00
 (1789630187.457170)  can0  201   [6]  0F 00 00 00 00 00
 (1789630187.467165)  can0  201   [6]  0F 00 00 00 00 00
 (1789630187.475658)  can0  181   [8]  27 14 27 14 00 00 00 00
 (1789630187.477168)  can0  201   [6]  0F 00 00 00 00 00
 (1789630187.477804)  can0  281   [5]  03 00 00 00 00
 (1789630187.487184)  can0  201   [6]  0F 00 00 00 00 00
 (1789630187.497160)  can0  201   [6]  0F 00 00 00 00 00
 (1789630187.506523)  can0  701   [1]  05
 (1789630187.507100)  can0  201   [6]  0F 00 00 00 00 00
 (1789630187.517188)  can0  201   [6]  0F 00 00 00 00 00
 (1789630187.525727)  can0  181   [8]  27 14 27 14 00 00 00 00
 (1789630187.527213)  can0  201   [6]  0F 00 00 00 00 00
 (1789630187.527797)  can0  281   [5]  03 00 00 00 00
 (1789630187.537264)  can0  201   [6]  0F 00 00 00 00 00
 (1789630187.547246)  can0  201   [6]  0F 00 00 00 00 00
 (1789630187.557101)  can0  201   [6]  0F 00 00 00 00 00
 (1789630187.567090)  can0  201   [6]  0F 00 00 00 00 00
 (1789630187.575620)  can0  181   [8]  27 14 27 14 00 00 00 00
 (1789630187.577069)  can0  201   [6]  0F 00 00 00 00 00
 (1789630187.577689)  can0  281   [5]  03 00 00 00 00
 (1789630187.587227)  can0  201   [6]  0F 00 00 00 00 00
 (1789630187.597321)  can0  201   [6]  0F 00 00 00 00 00
 (1789630187.607283)  can0  201   [6]  0F 00 00 00 00 00
 (1789630187.617285)  can0  201   [6]  0F 00 00 00 00 00
 (1789630187.625569)  can0  181   [8]  27 14 27 14 00 00 00 00
 (1789630187.627277)  can0  201   [6]  0F 00 00 00 00 00
 (1789630187.627691)  can0  281   [5]  03 00 00 00 00
 (1789630187.637253)  can0  201   [6]  0F 00 00 00 00 00
 (1789630187.647259)  can0  201   [6]  0F 00 00 00 00 00
 (1789630187.657295)  can0  201   [6]  0F 00 00 00 00 00
 (1789630187.667271)  can0  201   [6]  0F 00 00 00 00 00
 (1789630187.675568)  can0  181   [8]  27 14 27 14 00 00 00 00
 (1789630187.677255)  can0  201   [6]  0F 00 00 00 00 00
 (1789630187.677644)  can0  281   [5]  03 00 00 00 00
 (1789630187.687254)  can0  201   [6]  0F 00 00 00 00 00
 (1789630187.697253)  can0  201   [6]  0F 00 00 00 00 00
 (1789630187.707258)  can0  201   [6]  0F 00 00 00 00 00
 (1789630187.717192)  can0  201   [6]  0F 00 00 00 00 00
 (1789630187.725521)  can0  181   [8]  27 14 27 14 00 00 00 00
 (1789630187.727180)  can0  201   [6]  0F 00 00 00 00 00
 (1789630187.727588)  can0  281   [5]  03 00 00 00 00
 (1789630187.737172)  can0  201   [6]  0F 00 00 00 00 00
 (1789630187.747159)  can0  201   [6]  0F 00 00 00 00 00
 (1789630187.756013)  can0  701   [1]  05
 (1789630187.757157)  can0  201   [6]  0F 00 00 00 00 00
 (1789630187.767160)  can0  201   [6]  0F 00 00 00 00 00
 (1789630187.775461)  can0  181   [8]  27 14 27 14 00 00 00 00
 (1789630187.777150)  can0  201   [6]  0F 00 00 00 00 00
 (1789630187.777535)  can0  281   [5]  03 00 00 00 00
 (1789630187.787155)  can0  201   [6]  0F 00 00 00 00 00
 (1789630187.797148)  can0  201   [6]  0F 00 00 00 00 00
 (1789630187.807153)  can0  201   [6]  0F 00 00 00 00 00
 (1789630187.817148)  can0  201   [6]  0F 00 00 00 00 00
 (1789630187.825410)  can0  181   [8]  27 14 27 14 00 00 00 00
 (1789630187.827147)  can0  201   [6]  0F 00 00 00 00 00
 (1789630187.827482)  can0  281   [5]  03 00 00 00 00
 (1789630187.837153)  can0  201   [6]  0F 00 00 00 00 00
 (1789630187.847148)  can0  201   [6]  0F 00 00 00 00 00
 (1789630187.857219)  can0  201   [6]  0F 00 00 00 00 00
 (1789630187.867193)  can0  201   [6]  0F 00 00 00 00 00
 (1789630187.875359)  can0  181   [8]  27 14 27 14 00 00 00 00
 (1789630187.877175)  can0  201   [6]  0F 00 00 00 00 00
 (1789630187.877494)  can0  281   [5]  03 00 00 00 00
 (1789630187.887161)  can0  201   [6]  0F 00 00 00 00 00
 (1789630187.897153)  can0  201   [6]  0F 00 00 00 00 00
 (1789630187.907158)  can0  201   [6]  0F 00 00 00 00 00
 (1789630187.917150)  can0  201   [6]  0F 00 00 00 00 00
 (1789630187.925369)  can0  181   [8]  27 14 27 14 00 00 00 00
 (1789630187.927155)  can0  201   [6]  0F 00 00 00 00 00
 (1789630187.927563)  can0  281   [5]  03 00 00 00 00
 (1789630187.937146)  can0  201   [6]  0F 00 00 00 00 00
 (1789630187.947152)  can0  201   [6]  0F 00 00 00 00 00
 (1789630187.957148)  can0  201   [6]  0F 00 00 00 00 00
 (1789630187.967147)  can0  201   [6]  0F 00 00 00 00 00
 (1789630187.975319)  can0  181   [8]  27 14 27 14 00 00 00 00
 (1789630187.977154)  can0  201   [6]  0F 00 00 00 00 00
 (1789630187.977524)  can0  281   [5]  03 00 00 00 00
 (1789630187.987146)  can0  201   [6]  0F 00 00 00 00 00
 (1789630187.997152)  can0  201   [6]  0F 00 00 00 00 00
 (1789630188.005571)  can0  701   [1]  05
 (1789630188.007147)  can0  201   [6]  0F 00 00 00 00 00
 (1789630188.017168)  can0  201   [6]  0F 00 00 00 00 00
 (1789630188.025263)  can0  181   [8]  27 14 27 14 00 00 00 00
 (1789630188.027165)  can0  201   [6]  0F 00 00 00 00 00
 (1789630188.027522)  can0  281   [5]  03 00 00 00 00
 (1789630188.037251)  can0  201   [6]  0F 00 00 00 00 00
 (1789630188.047188)  can0  201   [6]  0F 00 00 00 00 00
 (1789630188.057273)  can0  201   [6]  0F 00 00 00 00 00
 (1789630188.067267)  can0  201   [6]  0F 00 00 00 00 00
 (1789630188.075214)  can0  181   [8]  27 14 27 14 00 00 00 00
 (1789630188.077280)  can0  201   [6]  0F 00 00 00 00 00
 (1789630188.077547)  can0  281   [5]  03 00 00 00 00
 (1789630188.087243)  can0  201   [6]  0F 00 00 00 00 00
 (1789630188.097324)  can0  201   [6]  0F 00 00 00 00 00
 (1789630188.107252)  can0  201   [6]  0F 00 00 00 00 00
 (1789630188.117304)  can0  201   [6]  0F 00 00 00 00 00
 (1789630188.125162)  can0  181   [8]  27 14 27 14 00 00 00 00
 (1789630188.127278)  can0  201   [6]  0F 00 00 00 00 00
 (1789630188.127605)  can0  281   [5]  03 00 00 00 00
 (1789630188.137300)  can0  201   [6]  0F 00 00 00 00 00
 (1789630188.147296)  can0  201   [6]  0F 00 00 00 00 00
 (1789630188.157282)  can0  201   [6]  0F 00 00 00 00 00
 (1789630188.167266)  can0  201   [6]  0F 00 00 00 00 00
 (1789630188.175054)  can0  181   [8]  27 14 27 14 00 00 00 00
 (1789630188.177314)  can0  201   [6]  0F 00 00 00 00 00
 (1789630188.177569)  can0  281   [5]  03 00 00 00 00
 (1789630188.187277)  can0  201   [6]  0F 00 00 00 00 00
 (1789630188.197262)  can0  201   [6]  0F 00 00 00 00 00
 (1789630188.207267)  can0  201   [6]  0F 00 00 00 00 00
 (1789630188.217257)  can0  201   [6]  0F 00 00 00 00 00
 (1789630188.225056)  can0  181   [8]  27 14 27 14 00 00 00 00
 (1789630188.227258)  can0  201   [6]  0F 00 00 00 00 00
 (1789630188.227625)  can0  281   [5]  03 00 00 00 00
 (1789630188.237248)  can0  201   [6]  0F 00 00 00 00 00
 (1789630188.247194)  can0  201   [6]  0F 00 00 00 00 00
 (1789630188.255173)  can0  701   [1]  05
 (1789630188.257186)  can0  201   [6]  0F 00 00 00 00 00
 (1789630188.267162)  can0  201   [6]  0F 00 00 00 00 00
 (1789630188.275000)  can0  181   [8]  27 14 27 14 00 00 00 00
 (1789630188.277164)  can0  201   [6]  0F 00 00 00 00 00
 (1789630188.277574)  can0  281   [5]  03 00 00 00 00
 (1789630188.287157)  can0  201   [6]  0F 00 00 00 00 00
 (1789630188.297159)  can0  201   [6]  0F 00 00 00 00 00
 (1789630188.307155)  can0  201   [6]  0F 00 00 00 00 00
 (1789630188.317152)  can0  201   [6]  0F 00 00 00 00 00
 (1789630188.324947)  can0  181   [8]  27 14 27 14 00 00 00 00
 (1789630188.327156)  can0  201   [6]  0F 00 00 00 00 00
 (1789630188.327521)  can0  281   [5]  03 00 00 00 00
 (1789630188.337148)  can0  201   [6]  0F 00 00 00 00 00
 (1789630188.347154)  can0  201   [6]  0F 00 00 00 00 00
 (1789630188.357147)  can0  201   [6]  0F 00 00 00 00 00
 (1789630188.367154)  can0  201   [6]  0F 00 00 00 00 00
 (1789630188.374895)  can0  181   [8]  27 14 27 14 00 00 00 00
 (1789630188.377148)  can0  201   [6]  0F 00 00 00 00 00
 (1789630188.377468)  can0  281   [5]  03 00 00 00 00
 (1789630188.387286)  can0  201   [6]  0F 00 00 00 00 00
 (1789630188.397222)  can0  201   [6]  0F 00 00 00 00 00
 (1789630188.407180)  can0  201   [6]  0F 00 00 00 00 00
 (1789630188.417176)  can0  201   [6]  0F 00 00 00 00 00
 (1789630188.424845)  can0  181   [8]  27 14 27 14 00 00 00 00
 (1789630188.427161)  can0  201   [6]  0F 00 00 00 00 00
 (1789630188.427480)  can0  281   [5]  03 00 00 00 00
 (1789630188.437162)  can0  201   [6]  0F 00 00 00 00 00
 (1789630188.447153)  can0  201   [6]  0F 00 00 00 00 00
 (1789630188.457150)  can0  201   [6]  0F 00 00 00 00 00
 (1789630188.467153)  can0  201   [6]  0F 00 00 00 00 00
 (1789630188.474792)  can0  181   [8]  27 14 27 14 00 00 00 00
 (1789630188.477149)  can0  201   [6]  0F 00 00 00 00 00
 (1789630188.477488)  can0  281   [5]  03 00 00 00 00
 (1789630188.487153)  can0  201   [6]  0F 00 00 00 00 00
 (1789630188.497147)  can0  201   [6]  0F 00 00 00 00 00
 (1789630188.504667)  can0  701   [1]  05
 (1789630188.507152)  can0  201   [6]  0F 00 00 00 00 00
 (1789630188.517148)  can0  201   [6]  0F 00 00 00 00 00
 (1789630188.524741)  can0  181   [8]  27 14 27 14 00 00 00 00
 (1789630188.527148)  can0  201   [6]  0F 00 00 00 00 00
 (1789630188.527499)  can0  281   [5]  03 00 00 00 00
 (1789630188.537166)  can0  201   [6]  0F 00 00 00 00 00
 (1789630188.547164)  can0  201   [6]  0F 00 00 00 00 00
 (1789630188.557229)  can0  201   [6]  0F 00 00 00 00 00
 (1789630188.567224)  can0  201   [6]  0F 00 00 00 00 00
 (1789630188.574689)  can0  181   [8]  27 14 27 14 00 00 00 00
 (1789630188.577158)  can0  201   [6]  0F 00 00 00 00 00
 (1789630188.577454)  can0  281   [5]  03 00 00 00 00
 (1789630188.587273)  can0  201   [6]  0F 00 00 00 00 00
 (1789630188.597253)  can0  201   [6]  0F 00 00 00 00 00
 (1789630188.607276)  can0  201   [6]  0F 00 00 00 00 00
 (1789630188.617236)  can0  201   [6]  0F 00 00 00 00 00
 (1789630188.624641)  can0  181   [8]  27 14 27 14 00 00 00 00
 (1789630188.627288)  can0  201   [6]  0F 00 00 00 00 00
 (1789630188.627485)  can0  281   [5]  03 00 00 00 00
 (1789630188.637268)  can0  201   [6]  0F 00 00 00 00 00
 (1789630188.647322)  can0  201   [6]  0F 00 00 00 00 00
 (1789630188.657288)  can0  201   [6]  0F 00 00 00 00 00
 (1789630188.667296)  can0  201   [6]  0F 00 00 00 00 00
 (1789630188.674585)  can0  181   [8]  27 14 27 14 00 00 00 00
 (1789630188.677278)  can0  201   [6]  0F 00 00 00 00 00
 (1789630188.677476)  can0  281   [5]  03 00 00 00 00
 (1789630188.687263)  can0  201   [6]  0F 00 00 00 00 00
 (1789630188.697264)  can0  201   [6]  0F 00 00 00 00 00
 (1789630188.707293)  can0  201   [6]  0F 00 00 00 00 00
 (1789630188.717277)  can0  201   [6]  0F 00 00 00 00 00
 (1789630188.724532)  can0  181   [8]  27 14 27 14 00 00 00 00
 (1789630188.727263)  can0  201   [6]  0F 00 00 00 00 00
 (1789630188.727457)  can0  281   [5]  03 00 00 00 00
 (1789630188.737257)  can0  201   [6]  0F 00 00 00 00 00
 (1789630188.747258)  can0  201   [6]  0F 00 00 00 00 00
 (1789630188.754220)  can0  701   [1]  05
 (1789630188.757247)  can0  201   [6]  0F 00 00 00 00 00
 (1789630188.767215)  can0  201   [6]  0F 00 00 00 00 00
 (1789630188.774477)  can0  181   [8]  27 14 27 14 00 00 00 00
 (1789630188.777184)  can0  201   [6]  0F 00 00 00 00 00
 (1789630188.777382)  can0  281   [5]  03 00 00 00 00
 (1789630188.787178)  can0  201   [6]  0F 00 00 00 00 00
 (1789630188.797165)  can0  201   [6]  0F 00 00 00 00 00
 (1789630188.807160)  can0  201   [6]  0F 00 00 00 00 00
 (1789630188.817160)  can0  201   [6]  0F 00 00 00 00 00
 (1789630188.824426)  can0  181   [8]  27 14 27 14 00 00 00 00
 (1789630188.827156)  can0  201   [6]  0F 00 00 00 00 00
 (1789630188.827352)  can0  281   [5]  03 00 00 00 00
 (1789630188.837158)  can0  201   [6]  0F 00 00 00 00 00
 (1789630188.847151)  can0  201   [6]  0F 00 00 00 00 00
 (1789630188.857429)  can0  601   [8]  23 FF 60 01 00 00 00 00
 (1789630188.857740)  can0  581   [8]  60 FF 60 01 00 00 00 00
 (1789630188.859132)  can0  601   [8]  40 FF 60 01 00 00 00 00
 (1789630188.859473)  can0  581   [8]  43 FF 60 01 00 00 00 00
 (1789630188.861150)  can0  601   [8]  23 FF 60 02 00 00 00 00
 (1789630188.861413)  can0  581   [8]  60 FF 60 02 00 00 00 00
 (1789630188.863069)  can0  601   [8]  40 FF 60 02 00 00 00 00
 (1789630188.863409)  can0  581   [8]  43 FF 60 02 00 00 00 00
 (1789630188.865084)  can0  601   [8]  2B 40 60 00 00 00 00 00
 (1789630188.865405)  can0  581   [8]  60 40 60 00 00 00 00 00
 (1789630188.867126)  can0  601   [8]  40 40 60 00 00 00 00 00
 (1789630188.867407)  can0  581   [8]  4B 40 60 00 00 00 00 00
 (1789630188.869134)  can0  601   [8]  40 41 60 00 00 00 00 00
 (1789630188.869450)  can0  581   [8]  43 41 60 00 60 14 60 14
 (1789630188.871138)  can0  601   [8]  40 6C 60 01 00 00 00 00
 (1789630188.871393)  can0  581   [8]  43 6C 60 01 00 00 00 00
 (1789630188.873124)  can0  601   [8]  40 6C 60 02 00 00 00 00
 (1789630188.873388)  can0  581   [8]  43 6C 60 02 00 00 00 00
 (1789630188.874324)  can0  181   [8]  60 14 60 14 00 00 00 00
 (1789630188.874608)  can0  601   [8]  40 6C 60 03 00 00 00 00
 (1789630188.874946)  can0  581   [8]  43 6C 60 03 00 00 00 00
 (1789630188.876025)  can0  000   [2]  80 01
 (1789630189.003719)  can0  701   [1]  7F
 (1789630189.005122)  can0  601   [8]  23 00 14 01 01 02 00 80
 (1789630189.005464)  can0  581   [8]  60 00 14 01 00 00 00 00
 (1789630189.007146)  can0  601   [8]  40 00 14 01 00 00 00 00
 (1789630189.007454)  can0  581   [8]  43 00 14 01 01 02 00 80
 (1789630189.009147)  can0  601   [8]  2F 00 16 00 00 00 00 00
 (1789630189.009511)  can0  581   [8]  60 00 16 00 00 00 00 00
 (1789630189.011074)  can0  601   [8]  40 00 16 00 00 00 00 00
 (1789630189.011388)  can0  581   [8]  4F 00 16 00 00 00 00 00
 (1789630189.013130)  can0  601   [8]  23 00 16 01 10 00 40 60
 (1789630189.013390)  can0  581   [8]  60 00 16 01 00 00 00 00
 (1789630189.015065)  can0  601   [8]  40 00 16 01 00 00 00 00
 (1789630189.015373)  can0  581   [8]  43 00 16 01 10 00 40 60
 (1789630189.017128)  can0  601   [8]  23 00 16 02 08 00 60 60
 (1789630189.017439)  can0  581   [8]  60 00 16 02 00 00 00 00
 (1789630189.019122)  can0  601   [8]  40 00 16 02 00 00 00 00
 (1789630189.019481)  can0  581   [8]  43 00 16 02 08 00 60 60
 (1789630189.021075)  can0  601   [8]  2F 00 16 00 02 00 00 00
 (1789630189.021427)  can0  581   [8]  60 00 16 00 00 00 00 00
 (1789630189.023125)  can0  601   [8]  40 00 16 00 00 00 00 00
 (1789630189.023424)  can0  581   [8]  4F 00 16 00 02 00 00 00
 (1789630189.025071)  can0  601   [8]  23 00 14 01 01 02 00 00
 (1789630189.025417)  can0  581   [8]  60 00 14 01 00 00 00 00
 (1789630189.027124)  can0  601   [8]  40 00 14 01 00 00 00 00
 (1789630189.027410)  can0  581   [8]  43 00 14 01 01 02 00 00
 (1789630189.029134)  can0  601   [8]  23 01 18 01 81 02 00 80
 (1789630189.029465)  can0  581   [8]  60 01 18 01 00 00 00 00
 (1789630189.031063)  can0  601   [8]  40 01 18 01 00 00 00 00
 (1789630189.031396)  can0  581   [8]  43 01 18 01 81 02 00 80
 (1789630189.033129)  can0  601   [8]  2F 01 1A 00 00 00 00 00
 (1789630189.033399)  can0  581   [8]  60 01 1A 00 00 00 00 00
 (1789630189.035066)  can0  601   [8]  40 01 1A 00 00 00 00 00
 (1789630189.035393)  can0  581   [8]  4F 01 1A 00 00 00 00 00
 (1789630189.037127)  can0  601   [8]  23 01 1A 01 00 00 00 00
 (1789630189.037388)  can0  581   [8]  60 01 1A 01 00 00 00 00
 (1789630189.039121)  can0  601   [8]  40 01 1A 01 00 00 00 00
 (1789630189.039434)  can0  581   [8]  43 01 1A 01 00 00 00 00
 (1789630189.041074)  can0  601   [8]  23 01 1A 02 00 00 00 00
 (1789630189.041385)  can0  581   [8]  60 01 1A 02 00 00 00 00
 (1789630189.043119)  can0  601   [8]  40 01 1A 02 00 00 00 00
 (1789630189.043374)  can0  581   [8]  43 01 1A 02 00 00 00 00
 (1789630189.045073)  can0  601   [8]  2F 01 1A 00 00 00 00 00
 (1789630189.045432)  can0  581   [8]  60 01 1A 00 00 00 00 00
 (1789630189.047067)  can0  601   [8]  40 01 1A 00 00 00 00 00
 (1789630189.047429)  can0  581   [8]  4F 01 1A 00 00 00 00 00
 (1789630189.049072)  can0  601   [8]  2B 01 18 05 00 00 00 00
 (1789630189.049424)  can0  581   [8]  60 01 18 05 00 00 00 00
 (1789630189.051062)  can0  601   [8]  40 01 18 05 00 00 00 00
 (1789630189.051415)  can0  581   [8]  4B 01 18 05 00 00 00 00
 (1789630189.053127)  can0  601   [8]  23 01 18 01 81 02 00 00
 (1789630189.053415)  can0  581   [8]  60 01 18 01 00 00 00 00
 (1789630189.055063)  can0  601   [8]  40 01 18 01 00 00 00 00
 (1789630189.055407)  can0  581   [8]  43 01 18 01 81 02 00 00
 (1789630189.057136)  can0  601   [8]  2B 00 20 00 00 00 00 00
 (1789630189.057413)  can0  581   [8]  60 00 20 00 00 00 00 00
 (1789630189.059125)  can0  601   [8]  40 00 20 00 00 00 00 00
 (1789630189.059403)  can0  581   [8]  4B 00 20 00 00 00 00 00
 (1789630189.061081)  can0  601   [8]  2B 17 10 00 00 00 00 00
 (1789630189.061397)  can0  581   [8]  60 17 10 00 00 00 00 00
 (1789630189.063124)  can0  601   [8]  40 17 10 00 00 00 00 00
 (1789630189.063390)  can0  581   [8]  4B 17 10 00 00 00 00 00
