 (1789608373.067578)  can0  601   [8]  40 41 60 00 00 00 00 00
 (1789608373.067885)  can0  581   [8]  43 41 60 00 60 14 60 14
 (1789608373.069103)  can0  601   [8]  40 60 60 00 00 00 00 00
 (1789608373.069449)  can0  581   [8]  4F 60 60 00 03 00 00 00
 (1789608373.071005)  can0  601   [8]  40 61 60 00 00 00 00 00
 (1789608373.071316)  can0  581   [8]  4F 61 60 00 03 00 00 00
 (1789608373.072992)  can0  601   [8]  40 3F 60 00 00 00 00 00
 (1789608373.073316)  can0  581   [8]  43 3F 60 00 00 00 00 00
 (1789608373.074983)  can0  601   [8]  40 FF 60 01 00 00 00 00
 (1789608373.075312)  can0  581   [8]  43 FF 60 01 00 00 00 00
 (1789608373.076977)  can0  601   [8]  40 FF 60 02 00 00 00 00
 (1789608373.077254)  can0  581   [8]  43 FF 60 02 00 00 00 00
 (1789608373.078977)  can0  601   [8]  40 6C 60 01 00 00 00 00
 (1789608373.079300)  can0  581   [8]  43 6C 60 01 00 00 00 00
 (1789608373.080975)  can0  601   [8]  40 6C 60 02 00 00 00 00
 (1789608373.081295)  can0  581   [8]  43 6C 60 02 00 00 00 00
 (1789608373.082974)  can0  601   [8]  40 6C 60 03 00 00 00 00
 (1789608373.083234)  can0  581   [8]  43 6C 60 03 00 00 00 00
 (1789608373.084977)  can0  601   [8]  40 0F 20 00 00 00 00 00
 (1789608373.085292)  can0  581   [8]  4B 0F 20 00 01 00 00 00
 (1789608373.086978)  can0  601   [8]  40 00 20 00 00 00 00 00
 (1789608373.087289)  can0  581   [8]  4B 00 20 00 00 00 00 00
 (1789608373.088059)  can0  601   [8]  40 17 10 00 00 00 00 00
 (1789608373.088351)  can0  581   [8]  4B 17 10 00 00 00 00 00
 (1789608373.089920)  can0  601   [8]  40 00 14 01 00 00 00 00
 (1789608373.090279)  can0  581   [8]  43 00 14 01 01 02 00 00
 (1789608373.091976)  can0  601   [8]  40 00 14 02 00 00 00 00
 (1789608373.092276)  can0  581   [8]  4F 00 14 02 FF 00 00 00
 (1789608373.093917)  can0  601   [8]  40 00 14 05 00 00 00 00
 (1789608373.094271)  can0  581   [8]  4B 00 14 05 E8 03 00 00
 (1789608373.095980)  can0  601   [8]  40 00 16 00 00 00 00 00
 (1789608373.096328)  can0  581   [8]  4F 00 16 00 02 00 00 00
 (1789608373.097976)  can0  601   [8]  40 00 16 01 00 00 00 00
 (1789608373.098317)  can0  581   [8]  43 00 16 01 10 00 40 60
 (1789608373.099976)  can0  601   [8]  40 00 16 02 00 00 00 00
 (1789608373.100314)  can0  581   [8]  43 00 16 02 08 00 60 60
 (1789608373.101980)  can0  601   [8]  40 00 18 01 00 00 00 00
 (1789608373.102311)  can0  581   [8]  43 00 18 01 81 01 00 00
 (1789608373.103975)  can0  601   [8]  40 00 18 02 00 00 00 00
 (1789608373.104250)  can0  581   [8]  4F 00 18 02 FF 00 00 00
 (1789608373.105976)  can0  601   [8]  40 00 18 05 00 00 00 00
 (1789608373.106303)  can0  581   [8]  4B 00 18 05 64 00 00 00
 (1789608373.107975)  can0  601   [8]  40 00 1A 00 00 00 00 00
 (1789608373.108300)  can0  581   [8]  4F 00 1A 00 02 00 00 00
 (1789608373.109980)  can0  601   [8]  40 00 1A 01 00 00 00 00
 (1789608373.110234)  can0  581   [8]  43 00 1A 01 20 00 41 60
 (1789608373.111980)  can0  601   [8]  40 00 1A 02 00 00 00 00
 (1789608373.112281)  can0  581   [8]  43 00 1A 02 20 03 6C 60
 (1789608373.113918)  can0  601   [8]  40 01 18 01 00 00 00 00
 (1789608373.114280)  can0  581   [8]  43 01 18 01 81 02 00 00
 (1789608373.115976)  can0  601   [8]  40 01 18 02 00 00 00 00
 (1789608373.116282)  can0  581   [8]  4F 01 18 02 FF 00 00 00
 (1789608373.117974)  can0  601   [8]  40 01 18 05 00 00 00 00
 (1789608373.118337)  can0  581   [8]  4B 01 18 05 00 00 00 00
 (1789608373.119977)  can0  601   [8]  40 01 1A 00 00 00 00 00
 (1789608373.120337)  can0  581   [8]  4F 01 1A 00 00 00 00 00
 (1789608373.121978)  can0  601   [8]  40 01 1A 01 00 00 00 00
 (1789608373.122326)  can0  581   [8]  43 01 1A 01 00 00 00 00
 (1789608373.123979)  can0  601   [8]  40 01 1A 02 00 00 00 00
 (1789608373.124326)  can0  581   [8]  43 01 1A 02 00 00 00 00
 (1789608373.125988)  can0  601   [8]  2B 17 10 00 F4 01 00 00
 (1789608373.126376)  can0  581   [8]  60 17 10 00 00 00 00 00
 (1789608373.127969)  can0  601   [8]  40 17 10 00 00 00 00 00
 (1789608373.128311)  can0  581   [8]  4B 17 10 00 F4 01 00 00
 (1789608373.375756)  can0  701   [1]  7F
 (1789608373.377893)  can0  000   [2]  80 01
 (1789608373.625305)  can0  701   [1]  7F
 (1789608373.627032)  can0  601   [8]  2B 00 20 00 E8 03 00 00
 (1789608373.627367)  can0  581   [8]  60 00 20 00 00 00 00 00
 (1789608373.628980)  can0  601   [8]  40 00 20 00 00 00 00 00
 (1789608373.629344)  can0  581   [8]  4B 00 20 00 E8 03 00 00
 (1789608373.630986)  can0  601   [8]  23 00 14 01 01 02 00 80
 (1789608373.631351)  can0  581   [8]  60 00 14 01 00 00 00 00
 (1789608373.632971)  can0  601   [8]  40 00 14 01 00 00 00 00
 (1789608373.633282)  can0  581   [8]  43 00 14 01 01 02 00 80
 (1789608373.634976)  can0  601   [8]  2F 00 16 00 00 00 00 00
 (1789608373.635341)  can0  581   [8]  60 00 16 00 00 00 00 00
 (1789608373.636972)  can0  601   [8]  40 00 16 00 00 00 00 00
 (1789608373.637279)  can0  581   [8]  4F 00 16 00 00 00 00 00
 (1789608373.638972)  can0  601   [8]  23 00 16 01 10 00 40 60
 (1789608373.639334)  can0  581   [8]  60 00 16 01 00 00 00 00
 (1789608373.640969)  can0  601   [8]  40 00 16 01 00 00 00 00
 (1789608373.641321)  can0  581   [8]  43 00 16 01 10 00 40 60
 (1789608373.642973)  can0  601   [8]  23 00 16 02 20 03 FF 60
 (1789608373.643324)  can0  581   [8]  60 00 16 02 00 00 00 00
 (1789608373.644969)  can0  601   [8]  40 00 16 02 00 00 00 00
 (1789608373.645316)  can0  581   [8]  43 00 16 02 20 03 FF 60
 (1789608373.646977)  can0  601   [8]  2F 00 16 00 02 00 00 00
 (1789608373.647316)  can0  581   [8]  60 00 16 00 00 00 00 00
 (1789608373.648972)  can0  601   [8]  40 00 16 00 00 00 00 00
 (1789608373.649308)  can0  581   [8]  4F 00 16 00 02 00 00 00
 (1789608373.650980)  can0  601   [8]  23 00 14 01 01 02 00 00
 (1789608373.651303)  can0  581   [8]  60 00 14 01 00 00 00 00
 (1789608373.652970)  can0  601   [8]  40 00 14 01 00 00 00 00
 (1789608373.653295)  can0  581   [8]  43 00 14 01 01 02 00 00
 (1789608373.654981)  can0  601   [8]  23 01 18 01 81 02 00 80
 (1789608373.655296)  can0  581   [8]  60 01 18 01 00 00 00 00
 (1789608373.656966)  can0  601   [8]  40 01 18 01 00 00 00 00
 (1789608373.657283)  can0  581   [8]  43 01 18 01 81 02 00 80
 (1789608373.658977)  can0  601   [8]  2F 01 1A 00 00 00 00 00
 (1789608373.659341)  can0  581   [8]  60 01 1A 00 00 00 00 00
 (1789608373.660970)  can0  601   [8]  40 01 1A 00 00 00 00 00
 (1789608373.661283)  can0  581   [8]  4F 01 1A 00 00 00 00 00
 (1789608373.662968)  can0  601   [8]  23 01 1A 01 08 00 61 60
 (1789608373.663331)  can0  581   [8]  60 01 1A 01 00 00 00 00
 (1789608373.664968)  can0  601   [8]  40 01 1A 01 00 00 00 00
 (1789608373.665324)  can0  581   [8]  43 01 1A 01 08 00 61 60
 (1789608373.666975)  can0  601   [8]  23 01 1A 02 20 00 3F 60
 (1789608373.667328)  can0  581   [8]  60 01 1A 02 00 00 00 00
 (1789608373.668968)  can0  601   [8]  40 01 1A 02 00 00 00 00
 (1789608373.669318)  can0  581   [8]  43 01 1A 02 20 00 3F 60
 (1789608373.670977)  can0  601   [8]  2F 01 1A 00 02 00 00 00
 (1789608373.671320)  can0  581   [8]  60 01 1A 00 00 00 00 00
 (1789608373.672970)  can0  601   [8]  40 01 1A 00 00 00 00 00
 (1789608373.673315)  can0  581   [8]  4F 01 1A 00 02 00 00 00
 (1789608373.674974)  can0  601   [8]  2B 01 18 05 64 00 00 00
 (1789608373.675310)  can0  581   [8]  60 01 18 05 00 00 00 00
 (1789608373.676967)  can0  601   [8]  40 01 18 05 00 00 00 00
 (1789608373.677244)  can0  581   [8]  4B 01 18 05 64 00 00 00
 (1789608373.678974)  can0  601   [8]  23 01 18 01 81 02 00 00
 (1789608373.679301)  can0  581   [8]  60 01 18 01 00 00 00 00
 (1789608373.680968)  can0  601   [8]  40 01 18 01 00 00 00 00
 (1789608373.681295)  can0  581   [8]  43 01 18 01 81 02 00 00
 (1789608373.682869)  can0  000   [2]  01 01
 (1789608373.683287)  can0  181   [8]  60 14 60 14 00 00 00 00
 (1789608373.683480)  can0  281   [5]  03 00 00 00 00
 (1789608373.683581)  can0  381   [0] 
 (1789608373.683676)  can0  481   [0] 
 (1789608373.733299)  can0  181   [8]  60 14 60 14 00 00 00 00
 (1789608373.733490)  can0  281   [5]  03 00 00 00 00
 (1789608373.783317)  can0  181   [8]  60 14 60 14 00 00 00 00
 (1789608373.783445)  can0  281   [5]  03 00 00 00 00
 (1789608373.833323)  can0  181   [8]  60 14 60 14 00 00 00 00
 (1789608373.833510)  can0  281   [5]  03 00 00 00 00
 (1789608373.874785)  can0  701   [1]  05
 (1789608373.876977)  can0  601   [8]  23 FF 60 01 00 00 00 00
 (1789608373.877286)  can0  581   [8]  60 FF 60 01 00 00 00 00
 (1789608373.878946)  can0  601   [8]  40 FF 60 01 00 00 00 00
 (1789608373.879280)  can0  581   [8]  43 FF 60 01 00 00 00 00
 (1789608373.880956)  can0  601   [8]  23 FF 60 02 00 00 00 00
 (1789608373.881275)  can0  581   [8]  60 FF 60 02 00 00 00 00
 (1789608373.882943)  can0  601   [8]  40 FF 60 02 00 00 00 00
 (1789608373.883273)  can0  581   [8]  43 FF 60 02 00 00 00 00
 (1789608373.883514)  can0  181   [8]  60 14 60 14 00 00 00 00
 (1789608373.883707)  can0  281   [5]  03 00 00 00 00
 (1789608373.884026)  can0  601   [8]  2B 40 60 00 06 00 00 00
 (1789608373.884397)  can0  581   [8]  60 40 60 00 00 00 00 00
 (1789608373.885945)  can0  601   [8]  40 40 60 00 00 00 00 00
 (1789608373.886263)  can0  581   [8]  4B 40 60 00 06 00 00 00
 (1789608373.933469)  can0  181   [8]  21 14 21 14 00 00 00 00
 (1789608373.933655)  can0  281   [5]  03 00 00 00 00
 (1789608373.934961)  can0  601   [8]  40 00 14 01 00 00 00 00
 (1789608373.935273)  can0  581   [8]  43 00 14 01 01 02 00 00
 (1789608373.936960)  can0  601   [8]  40 00 14 02 00 00 00 00
 (1789608373.937321)  can0  581   [8]  4F 00 14 02 FF 00 00 00
 (1789608373.938953)  can0  601   [8]  40 00 16 00 00 00 00 00
 (1789608373.939271)  can0  581   [8]  4F 00 16 00 02 00 00 00
 (1789608373.940953)  can0  601   [8]  40 00 16 01 00 00 00 00
 (1789608373.941260)  can0  581   [8]  43 00 16 01 10 00 40 60
 (1789608373.942945)  can0  601   [8]  40 00 16 02 00 00 00 00
 (1789608373.943261)  can0  581   [8]  43 00 16 02 20 03 FF 60
 (1789608373.944949)  can0  601   [8]  40 00 18 01 00 00 00 00
 (1789608373.945316)  can0  581   [8]  43 00 18 01 81 01 00 00
 (1789608373.946944)  can0  601   [8]  40 00 18 02 00 00 00 00
 (1789608373.947310)  can0  581   [8]  4F 00 18 02 FF 00 00 00
 (1789608373.948946)  can0  601   [8]  40 00 1A 00 00 00 00 00
 (1789608373.949308)  can0  581   [8]  4F 00 1A 00 02 00 00 00
 (1789608373.950946)  can0  601   [8]  40 00 1A 01 00 00 00 00
 (1789608373.951297)  can0  581   [8]  43 00 1A 01 20 00 41 60
 (1789608373.952951)  can0  601   [8]  40 00 1A 02 00 00 00 00
 (1789608373.953291)  can0  581   [8]  43 00 1A 02 20 03 6C 60
 (1789608373.954948)  can0  601   [8]  40 01 18 01 00 00 00 00
 (1789608373.955290)  can0  581   [8]  43 01 18 01 81 02 00 00
 (1789608373.956958)  can0  601   [8]  40 01 18 02 00 00 00 00
 (1789608373.957232)  can0  581   [8]  4F 01 18 02 FF 00 00 00
 (1789608373.958085)  can0  601   [8]  40 01 1A 00 00 00 00 00
 (1789608373.958410)  can0  581   [8]  4F 01 1A 00 02 00 00 00
 (1789608373.959983)  can0  601   [8]  40 01 1A 01 00 00 00 00
 (1789608373.960337)  can0  581   [8]  43 01 1A 01 08 00 61 60
 (1789608373.961990)  can0  601   [8]  40 01 1A 02 00 00 00 00
 (1789608373.962335)  can0  581   [8]  43 01 1A 02 20 00 3F 60
 (1789608373.963984)  can0  601   [8]  40 0F 20 00 00 00 00 00
 (1789608373.964333)  can0  581   [8]  4B 0F 20 00 01 00 00 00
 (1789608373.983489)  can0  181   [8]  21 14 21 14 00 00 00 00
 (1789608373.983608)  can0  281   [5]  03 00 00 00 00
 (1789608373.998994)  can0  201   [6]  02 00 00 00 00 00
 (1789608374.009975)  can0  201   [6]  02 00 00 00 00 00
 (1789608374.019944)  can0  201   [6]  02 00 00 00 00 00
 (1789608374.029936)  can0  201   [6]  02 00 00 00 00 00
 (1789608374.033496)  can0  181   [8]  60 14 60 14 00 00 00 00
 (1789608374.033679)  can0  281   [5]  03 00 00 00 00
 (1789608374.039952)  can0  201   [6]  02 00 00 00 00 00
 (1789608374.049941)  can0  201   [6]  02 00 00 00 00 00
 (1789608374.059938)  can0  201   [6]  02 00 00 00 00 00
 (1789608374.069939)  can0  201   [6]  02 00 00 00 00 00
 (1789608374.079944)  can0  201   [6]  02 00 00 00 00 00
 (1789608374.083551)  can0  181   [8]  60 14 60 14 00 00 00 00
 (1789608374.083686)  can0  281   [5]  03 00 00 00 00
 (1789608374.089938)  can0  201   [6]  02 00 00 00 00 00
 (1789608374.099925)  can0  201   [6]  02 00 00 00 00 00
 (1789608374.109932)  can0  201   [6]  02 00 00 00 00 00
 (1789608374.119925)  can0  201   [6]  02 00 00 00 00 00
 (1789608374.124340)  can0  701   [1]  05
 (1789608374.129926)  can0  201   [6]  02 00 00 00 00 00
 (1789608374.133507)  can0  181   [8]  60 14 60 14 00 00 00 00
 (1789608374.133699)  can0  281   [5]  03 00 00 00 00
 (1789608374.139930)  can0  201   [6]  02 00 00 00 00 00
 (1789608374.149926)  can0  201   [6]  02 00 00 00 00 00
 (1789608374.159925)  can0  201   [6]  02 00 00 00 00 00
 (1789608374.169926)  can0  201   [6]  02 00 00 00 00 00
 (1789608374.179927)  can0  201   [6]  02 00 00 00 00 00
 (1789608374.183516)  can0  181   [8]  60 14 60 14 00 00 00 00
 (1789608374.183652)  can0  281   [5]  03 00 00 00 00
 (1789608374.189926)  can0  201   [6]  02 00 00 00 00 00
 (1789608374.199925)  can0  201   [6]  02 00 00 00 00 00
 (1789608374.209927)  can0  201   [6]  02 00 00 00 00 00
 (1789608374.219927)  can0  201   [6]  02 00 00 00 00 00
 (1789608374.229951)  can0  201   [6]  02 00 00 00 00 00
 (1789608374.233529)  can0  181   [8]  60 14 60 14 00 00 00 00
 (1789608374.233717)  can0  281   [5]  03 00 00 00 00
 (1789608374.239927)  can0  201   [6]  02 00 00 00 00 00
 (1789608374.249928)  can0  201   [6]  02 00 00 00 00 00
 (1789608374.259925)  can0  201   [6]  02 00 00 00 00 00
 (1789608374.269923)  can0  201   [6]  02 00 00 00 00 00
 (1789608374.279930)  can0  201   [6]  02 00 00 00 00 00
 (1789608374.283537)  can0  181   [8]  60 14 60 14 00 00 00 00
 (1789608374.283730)  can0  281   [5]  03 00 00 00 00
 (1789608374.289927)  can0  201   [6]  02 00 00 00 00 00
 (1789608374.299927)  can0  201   [6]  02 00 00 00 00 00
 (1789608374.309925)  can0  201   [6]  02 00 00 00 00 00
 (1789608374.319926)  can0  201   [6]  02 00 00 00 00 00
 (1789608374.329926)  can0  201   [6]  02 00 00 00 00 00
 (1789608374.333549)  can0  181   [8]  60 14 60 14 00 00 00 00
 (1789608374.333740)  can0  281   [5]  03 00 00 00 00
 (1789608374.339926)  can0  201   [6]  02 00 00 00 00 00
 (1789608374.349928)  can0  201   [6]  02 00 00 00 00 00
 (1789608374.359924)  can0  201   [6]  02 00 00 00 00 00
 (1789608374.369933)  can0  201   [6]  02 00 00 00 00 00
 (1789608374.373894)  can0  701   [1]  05
 (1789608374.379926)  can0  201   [6]  02 00 00 00 00 00
 (1789608374.383621)  can0  181   [8]  60 14 60 14 00 00 00 00
 (1789608374.383754)  can0  281   [5]  03 00 00 00 00
 (1789608374.389955)  can0  201   [6]  02 00 00 00 00 00
 (1789608374.399940)  can0  201   [6]  02 00 00 00 00 00
 (1789608374.409932)  can0  201   [6]  02 00 00 00 00 00
 (1789608374.419933)  can0  201   [6]  02 00 00 00 00 00
 (1789608374.429940)  can0  201   [6]  02 00 00 00 00 00
 (1789608374.433632)  can0  181   [8]  60 14 60 14 00 00 00 00
 (1789608374.433821)  can0  281   [5]  03 00 00 00 00
 (1789608374.439936)  can0  201   [6]  02 00 00 00 00 00
 (1789608374.449926)  can0  201   [6]  02 00 00 00 00 00
 (1789608374.459928)  can0  201   [6]  02 00 00 00 00 00
 (1789608374.469926)  can0  201   [6]  02 00 00 00 00 00
 (1789608374.479926)  can0  201   [6]  02 00 00 00 00 00
 (1789608374.483639)  can0  181   [8]  60 14 60 14 00 00 00 00
 (1789608374.483831)  can0  281   [5]  03 00 00 00 00
 (1789608374.489930)  can0  201   [6]  02 00 00 00 00 00
 (1789608374.499927)  can0  201   [6]  02 00 00 00 00 00
 (1789608374.509927)  can0  201   [6]  02 00 00 00 00 00
 (1789608374.519926)  can0  201   [6]  02 00 00 00 00 00
 (1789608374.529927)  can0  201   [6]  02 00 00 00 00 00
 (1789608374.533650)  can0  181   [8]  60 14 60 14 00 00 00 00
 (1789608374.533842)  can0  281   [5]  03 00 00 00 00
 (1789608374.539928)  can0  201   [6]  02 00 00 00 00 00
 (1789608374.549924)  can0  201   [6]  02 00 00 00 00 00
 (1789608374.559927)  can0  201   [6]  02 00 00 00 00 00
 (1789608374.569927)  can0  201   [6]  02 00 00 00 00 00
 (1789608374.579950)  can0  201   [6]  02 00 00 00 00 00
 (1789608374.583661)  can0  181   [8]  60 14 60 14 00 00 00 00
 (1789608374.583795)  can0  281   [5]  03 00 00 00 00
 (1789608374.589930)  can0  201   [6]  02 00 00 00 00 00
 (1789608374.599927)  can0  201   [6]  02 00 00 00 00 00
 (1789608374.609926)  can0  201   [6]  02 00 00 00 00 00
 (1789608374.619926)  can0  201   [6]  02 00 00 00 00 00
 (1789608374.623443)  can0  701   [1]  05
 (1789608374.629927)  can0  201   [6]  02 00 00 00 00 00
 (1789608374.633676)  can0  181   [8]  60 14 60 14 00 00 00 00
 (1789608374.633866)  can0  281   [5]  03 00 00 00 00
 (1789608374.639928)  can0  201   [6]  02 00 00 00 00 00
 (1789608374.649928)  can0  201   [6]  02 00 00 00 00 00
 (1789608374.659925)  can0  201   [6]  02 00 00 00 00 00
 (1789608374.669926)  can0  201   [6]  02 00 00 00 00 00
 (1789608374.679925)  can0  201   [6]  02 00 00 00 00 00
 (1789608374.683682)  can0  181   [8]  60 14 60 14 00 00 00 00
 (1789608374.683872)  can0  281   [5]  03 00 00 00 00
 (1789608374.689925)  can0  201   [6]  02 00 00 00 00 00
 (1789608374.699931)  can0  201   [6]  02 00 00 00 00 00
 (1789608374.709925)  can0  201   [6]  02 00 00 00 00 00
 (1789608374.719931)  can0  201   [6]  02 00 00 00 00 00
 (1789608374.729925)  can0  201   [6]  02 00 00 00 00 00
 (1789608374.733698)  can0  181   [8]  60 14 60 14 00 00 00 00
 (1789608374.733883)  can0  281   [5]  03 00 00 00 00
 (1789608374.739945)  can0  201   [6]  02 00 00 00 00 00
 (1789608374.749939)  can0  201   [6]  02 00 00 00 00 00
 (1789608374.759943)  can0  201   [6]  02 00 00 00 00 00
 (1789608374.769937)  can0  201   [6]  02 00 00 00 00 00
 (1789608374.779951)  can0  201   [6]  02 00 00 00 00 00
 (1789608374.783768)  can0  181   [8]  60 14 60 14 00 00 00 00
 (1789608374.783899)  can0  281   [5]  03 00 00 00 00
 (1789608374.789936)  can0  201   [6]  02 00 00 00 00 00
 (1789608374.799953)  can0  201   [6]  02 00 00 00 00 00
 (1789608374.809942)  can0  201   [6]  02 00 00 00 00 00
 (1789608374.819954)  can0  201   [6]  02 00 00 00 00 00
 (1789608374.829941)  can0  201   [6]  02 00 00 00 00 00
 (1789608374.833842)  can0  181   [8]  60 14 60 14 00 00 00 00
 (1789608374.834024)  can0  281   [5]  03 00 00 00 00
 (1789608374.839951)  can0  201   [6]  02 00 00 00 00 00
 (1789608374.849944)  can0  201   [6]  02 00 00 00 00 00
 (1789608374.859938)  can0  201   [6]  02 00 00 00 00 00
 (1789608374.869958)  can0  201   [6]  02 00 00 00 00 00
 (1789608374.873061)  can0  701   [1]  05
 (1789608374.879941)  can0  201   [6]  02 00 00 00 00 00
 (1789608374.883785)  can0  181   [8]  60 14 60 14 00 00 00 00
 (1789608374.884044)  can0  281   [5]  03 00 00 00 00
 (1789608374.889934)  can0  201   [6]  02 00 00 00 00 00
 (1789608374.899934)  can0  201   [6]  02 00 00 00 00 00
 (1789608374.909937)  can0  201   [6]  02 00 00 00 00 00
 (1789608374.919954)  can0  201   [6]  02 00 00 00 00 00
 (1789608374.929930)  can0  201   [6]  02 00 00 00 00 00
 (1789608374.933795)  can0  181   [8]  60 14 60 14 00 00 00 00
 (1789608374.934118)  can0  281   [5]  03 00 00 00 00
 (1789608374.939927)  can0  201   [6]  02 00 00 00 00 00
 (1789608374.949927)  can0  201   [6]  02 00 00 00 00 00
 (1789608374.959927)  can0  201   [6]  02 00 00 00 00 00
 (1789608374.969927)  can0  201   [6]  02 00 00 00 00 00
 (1789608374.979930)  can0  201   [6]  02 00 00 00 00 00
 (1789608374.983867)  can0  181   [8]  60 14 60 14 00 00 00 00
 (1789608374.984136)  can0  281   [5]  03 00 00 00 00
 (1789608374.989927)  can0  201   [6]  02 00 00 00 00 00
 (1789608374.999927)  can0  201   [6]  02 00 00 00 00 00
 (1789608375.009927)  can0  201   [6]  02 00 00 00 00 00
 (1789608375.019928)  can0  201   [6]  02 00 00 00 00 00
 (1789608375.029925)  can0  201   [6]  02 00 00 00 00 00
 (1789608375.033881)  can0  181   [8]  60 14 60 14 00 00 00 00
 (1789608375.034264)  can0  281   [5]  03 00 00 00 00
 (1789608375.039926)  can0  201   [6]  02 00 00 00 00 00
 (1789608375.049927)  can0  201   [6]  02 00 00 00 00 00
 (1789608375.059987)  can0  201   [6]  02 00 00 00 00 00
 (1789608375.069938)  can0  201   [6]  02 00 00 00 00 00
 (1789608375.079928)  can0  201   [6]  02 00 00 00 00 00
 (1789608375.083892)  can0  181   [8]  60 14 60 14 00 00 00 00
 (1789608375.084334)  can0  281   [5]  03 00 00 00 00
 (1789608375.089929)  can0  201   [6]  02 00 00 00 00 00
 (1789608375.099926)  can0  201   [6]  02 00 00 00 00 00
 (1789608375.109926)  can0  201   [6]  02 00 00 00 00 00
 (1789608375.119927)  can0  201   [6]  02 00 00 00 00 00
 (1789608375.122611)  can0  701   [1]  05
 (1789608375.129926)  can0  201   [6]  02 00 00 00 00 00
 (1789608375.133899)  can0  181   [8]  60 14 60 14 00 00 00 00
 (1789608375.134283)  can0  281   [5]  03 00 00 00 00
 (1789608375.139928)  can0  201   [6]  02 00 00 00 00 00
 (1789608375.149926)  can0  201   [6]  02 00 00 00 00 00
 (1789608375.159928)  can0  201   [6]  02 00 00 00 00 00
 (1789608375.169926)  can0  201   [6]  02 00 00 00 00 00
 (1789608375.179928)  can0  201   [6]  02 00 00 00 00 00
 (1789608375.183907)  can0  181   [8]  60 14 60 14 00 00 00 00
 (1789608375.184237)  can0  281   [5]  03 00 00 00 00
 (1789608375.189930)  can0  201   [6]  02 00 00 00 00 00
 (1789608375.199926)  can0  201   [6]  02 00 00 00 00 00
 (1789608375.209930)  can0  201   [6]  02 00 00 00 00 00
 (1789608375.219933)  can0  201   [6]  02 00 00 00 00 00
 (1789608375.229948)  can0  201   [6]  02 00 00 00 00 00
 (1789608375.233922)  can0  181   [8]  60 14 60 14 00 00 00 00
 (1789608375.234247)  can0  281   [5]  03 00 00 00 00
 (1789608375.239935)  can0  201   [6]  02 00 00 00 00 00
 (1789608375.249951)  can0  201   [6]  02 00 00 00 00 00
 (1789608375.259938)  can0  201   [6]  02 00 00 00 00 00
 (1789608375.269942)  can0  201   [6]  02 00 00 00 00 00
 (1789608375.279970)  can0  201   [6]  02 00 00 00 00 00
 (1789608375.283937)  can0  181   [8]  60 14 60 14 00 00 00 00
 (1789608375.284317)  can0  281   [5]  03 00 00 00 00
 (1789608375.289940)  can0  201   [6]  02 00 00 00 00 00
 (1789608375.299985)  can0  201   [6]  02 00 00 00 00 00
 (1789608375.309943)  can0  201   [6]  02 00 00 00 00 00
 (1789608375.319953)  can0  201   [6]  02 00 00 00 00 00
 (1789608375.329959)  can0  201   [6]  02 00 00 00 00 00
 (1789608375.333940)  can0  181   [8]  60 14 60 14 00 00 00 00
 (1789608375.334268)  can0  281   [5]  03 00 00 00 00
 (1789608375.339939)  can0  201   [6]  02 00 00 00 00 00
 (1789608375.349935)  can0  201   [6]  02 00 00 00 00 00
 (1789608375.359952)  can0  201   [6]  02 00 00 00 00 00
 (1789608375.369942)  can0  201   [6]  02 00 00 00 00 00
 (1789608375.372162)  can0  701   [1]  05
 (1789608375.379940)  can0  201   [6]  02 00 00 00 00 00
 (1789608375.383951)  can0  181   [8]  60 14 60 14 00 00 00 00
 (1789608375.384336)  can0  281   [5]  03 00 00 00 00
 (1789608375.389941)  can0  201   [6]  02 00 00 00 00 00
 (1789608375.399931)  can0  201   [6]  02 00 00 00 00 00
 (1789608375.409936)  can0  201   [6]  02 00 00 00 00 00
 (1789608375.419929)  can0  201   [6]  02 00 00 00 00 00
 (1789608375.429927)  can0  201   [6]  02 00 00 00 00 00
 (1789608375.433961)  can0  181   [8]  60 14 60 14 00 00 00 00
 (1789608375.434349)  can0  281   [5]  03 00 00 00 00
 (1789608375.439928)  can0  201   [6]  02 00 00 00 00 00
 (1789608375.449926)  can0  201   [6]  02 00 00 00 00 00
 (1789608375.459925)  can0  201   [6]  02 00 00 00 00 00
 (1789608375.469927)  can0  201   [6]  02 00 00 00 00 00
 (1789608375.479925)  can0  201   [6]  02 00 00 00 00 00
 (1789608375.483968)  can0  181   [8]  60 14 60 14 00 00 00 00
 (1789608375.484366)  can0  281   [5]  03 00 00 00 00
 (1789608375.489929)  can0  201   [6]  02 00 00 00 00 00
 (1789608375.499926)  can0  201   [6]  02 00 00 00 00 00
 (1789608375.509927)  can0  201   [6]  02 00 00 00 00 00
 (1789608375.519925)  can0  201   [6]  02 00 00 00 00 00
 (1789608375.529926)  can0  201   [6]  02 00 00 00 00 00
 (1789608375.533979)  can0  181   [8]  60 14 60 14 00 00 00 00
 (1789608375.534366)  can0  281   [5]  03 00 00 00 00
 (1789608375.539928)  can0  201   [6]  02 00 00 00 00 00
 (1789608375.549952)  can0  201   [6]  02 00 00 00 00 00
 (1789608375.559927)  can0  201   [6]  02 00 00 00 00 00
 (1789608375.569925)  can0  201   [6]  02 00 00 00 00 00
 (1789608375.579926)  can0  201   [6]  02 00 00 00 00 00
 (1789608375.583994)  can0  181   [8]  60 14 60 14 00 00 00 00
 (1789608375.584376)  can0  281   [5]  03 00 00 00 00
 (1789608375.589930)  can0  201   [6]  02 00 00 00 00 00
 (1789608375.599927)  can0  201   [6]  02 00 00 00 00 00
 (1789608375.609928)  can0  201   [6]  02 00 00 00 00 00
 (1789608375.619926)  can0  201   [6]  02 00 00 00 00 00
 (1789608375.621713)  can0  701   [1]  05
 (1789608375.629929)  can0  201   [6]  02 00 00 00 00 00
 (1789608375.634001)  can0  181   [8]  60 14 60 14 00 00 00 00
 (1789608375.634388)  can0  281   [5]  03 00 00 00 00
 (1789608375.639928)  can0  201   [6]  02 00 00 00 00 00
 (1789608375.649928)  can0  201   [6]  02 00 00 00 00 00
 (1789608375.659926)  can0  201   [6]  02 00 00 00 00 00
 (1789608375.669924)  can0  201   [6]  02 00 00 00 00 00
 (1789608375.679926)  can0  201   [6]  02 00 00 00 00 00
 (1789608375.684011)  can0  181   [8]  60 14 60 14 00 00 00 00
 (1789608375.684396)  can0  281   [5]  03 00 00 00 00
 (1789608375.689931)  can0  201   [6]  02 00 00 00 00 00
 (1789608375.699931)  can0  201   [6]  02 00 00 00 00 00
 (1789608375.709948)  can0  201   [6]  02 00 00 00 00 00
 (1789608375.719937)  can0  201   [6]  02 00 00 00 00 00
 (1789608375.729941)  can0  201   [6]  02 00 00 00 00 00
 (1789608375.734023)  can0  181   [8]  60 14 60 14 00 00 00 00
 (1789608375.734409)  can0  281   [5]  03 00 00 00 00
 (1789608375.739939)  can0  201   [6]  02 00 00 00 00 00
 (1789608375.749947)  can0  201   [6]  02 00 00 00 00 00
 (1789608375.759934)  can0  201   [6]  02 00 00 00 00 00
 (1789608375.769954)  can0  201   [6]  02 00 00 00 00 00
 (1789608375.779933)  can0  201   [6]  02 00 00 00 00 00
 (1789608375.784033)  can0  181   [8]  60 14 60 14 00 00 00 00
 (1789608375.784418)  can0  281   [5]  03 00 00 00 00
 (1789608375.789972)  can0  201   [6]  02 00 00 00 00 00
 (1789608375.799952)  can0  201   [6]  02 00 00 00 00 00
 (1789608375.809949)  can0  201   [6]  02 00 00 00 00 00
 (1789608375.819951)  can0  201   [6]  02 00 00 00 00 00
 (1789608375.829935)  can0  201   [6]  02 00 00 00 00 00
 (1789608375.834043)  can0  181   [8]  60 14 60 14 00 00 00 00
 (1789608375.834427)  can0  281   [5]  03 00 00 00 00
 (1789608375.839944)  can0  201   [6]  02 00 00 00 00 00
 (1789608375.849966)  can0  201   [6]  02 00 00 00 00 00
 (1789608375.859952)  can0  201   [6]  02 00 00 00 00 00
 (1789608375.869941)  can0  201   [6]  02 00 00 00 00 00
 (1789608375.871206)  can0  701   [1]  05
 (1789608375.879940)  can0  201   [6]  02 00 00 00 00 00
 (1789608375.884052)  can0  181   [8]  60 14 60 14 00 00 00 00
 (1789608375.884436)  can0  281   [5]  03 00 00 00 00
 (1789608375.889941)  can0  201   [6]  02 00 00 00 00 00
 (1789608375.899939)  can0  201   [6]  02 00 00 00 00 00
 (1789608375.909936)  can0  201   [6]  02 00 00 00 00 00
 (1789608375.919926)  can0  201   [6]  02 00 00 00 00 00
 (1789608375.929927)  can0  201   [6]  02 00 00 00 00 00
 (1789608375.934061)  can0  181   [8]  60 14 60 14 00 00 00 00
 (1789608375.934448)  can0  281   [5]  03 00 00 00 00
 (1789608375.939926)  can0  201   [6]  02 00 00 00 00 00
 (1789608375.949928)  can0  201   [6]  02 00 00 00 00 00
 (1789608375.959928)  can0  201   [6]  02 00 00 00 00 00
 (1789608375.969926)  can0  201   [6]  02 00 00 00 00 00
 (1789608375.979928)  can0  201   [6]  02 00 00 00 00 00
 (1789608375.984071)  can0  181   [8]  60 14 60 14 00 00 00 00
 (1789608375.984458)  can0  281   [5]  03 00 00 00 00
 (1789608375.989927)  can0  201   [6]  02 00 00 00 00 00
 (1789608375.999929)  can0  201   [6]  02 00 00 00 00 00
 (1789608376.009926)  can0  201   [6]  02 00 00 00 00 00
 (1789608376.019927)  can0  201   [6]  02 00 00 00 00 00
 (1789608376.029928)  can0  201   [6]  02 00 00 00 00 00
 (1789608376.034121)  can0  181   [8]  60 14 60 14 00 00 00 00
 (1789608376.034507)  can0  281   [5]  03 00 00 00 00
 (1789608376.039944)  can0  201   [6]  02 00 00 00 00 00
 (1789608376.049931)  can0  201   [6]  02 00 00 00 00 00
 (1789608376.060038)  can0  201   [6]  02 00 00 00 00 00
 (1789608376.070015)  can0  201   [6]  02 00 00 00 00 00
 (1789608376.079994)  can0  201   [6]  02 00 00 00 00 00
 (1789608376.084094)  can0  181   [8]  60 14 60 14 00 00 00 00
 (1789608376.084478)  can0  281   [5]  03 00 00 00 00
 (1789608376.089994)  can0  201   [6]  02 00 00 00 00 00
 (1789608376.099997)  can0  201   [6]  02 00 00 00 00 00
 (1789608376.109992)  can0  201   [6]  02 00 00 00 00 00
 (1789608376.119997)  can0  201   [6]  02 00 00 00 00 00
 (1789608376.120758)  can0  701   [1]  05
 (1789608376.129990)  can0  201   [6]  02 00 00 00 00 00
 (1789608376.134102)  can0  181   [8]  60 14 60 14 00 00 00 00
 (1789608376.134489)  can0  281   [5]  03 00 00 00 00
 (1789608376.139998)  can0  201   [6]  02 00 00 00 00 00
 (1789608376.149988)  can0  201   [6]  02 00 00 00 00 00
 (1789608376.159991)  can0  201   [6]  02 00 00 00 00 00
 (1789608376.169996)  can0  201   [6]  02 00 00 00 00 00
 (1789608376.180017)  can0  201   [6]  02 00 00 00 00 00
 (1789608376.184110)  can0  181   [8]  60 14 60 14 00 00 00 00
 (1789608376.184496)  can0  281   [5]  03 00 00 00 00
 (1789608376.190017)  can0  201   [6]  02 00 00 00 00 00
 (1789608376.200087)  can0  201   [6]  02 00 00 00 00 00
 (1789608376.210075)  can0  201   [6]  02 00 00 00 00 00
 (1789608376.220119)  can0  201   [6]  02 00 00 00 00 00
 (1789608376.230096)  can0  201   [6]  02 00 00 00 00 00
 (1789608376.234127)  can0  181   [8]  60 14 60 14 00 00 00 00
 (1789608376.234506)  can0  281   [5]  03 00 00 00 00
 (1789608376.240129)  can0  201   [6]  02 00 00 00 00 00
 (1789608376.250061)  can0  201   [6]  02 00 00 00 00 00
 (1789608376.260026)  can0  201   [6]  02 00 00 00 00 00
 (1789608376.269953)  can0  201   [6]  02 00 00 00 00 00
 (1789608376.279961)  can0  201   [6]  02 00 00 00 00 00
 (1789608376.284137)  can0  181   [8]  60 14 60 14 00 00 00 00
 (1789608376.284519)  can0  281   [5]  03 00 00 00 00
 (1789608376.289944)  can0  201   [6]  02 00 00 00 00 00
 (1789608376.299954)  can0  201   [6]  02 00 00 00 00 00
 (1789608376.309942)  can0  201   [6]  02 00 00 00 00 00
 (1789608376.319941)  can0  201   [6]  02 00 00 00 00 00
 (1789608376.329977)  can0  201   [6]  02 00 00 00 00 00
 (1789608376.334144)  can0  181   [8]  60 14 60 14 00 00 00 00
 (1789608376.334528)  can0  281   [5]  03 00 00 00 00
 (1789608376.339950)  can0  201   [6]  02 00 00 00 00 00
 (1789608376.349939)  can0  201   [6]  02 00 00 00 00 00
 (1789608376.359933)  can0  201   [6]  02 00 00 00 00 00
 (1789608376.369938)  can0  201   [6]  02 00 00 00 00 00
 (1789608376.370254)  can0  701   [1]  05
 (1789608376.379944)  can0  201   [6]  02 00 00 00 00 00
 (1789608376.384156)  can0  181   [8]  60 14 60 14 00 00 00 00
 (1789608376.384540)  can0  281   [5]  03 00 00 00 00
 (1789608376.389931)  can0  201   [6]  02 00 00 00 00 00
 (1789608376.399929)  can0  201   [6]  02 00 00 00 00 00
 (1789608376.409926)  can0  201   [6]  02 00 00 00 00 00
 (1789608376.419927)  can0  201   [6]  02 00 00 00 00 00
 (1789608376.429925)  can0  201   [6]  02 00 00 00 00 00
 (1789608376.434162)  can0  181   [8]  60 14 60 14 00 00 00 00
 (1789608376.434548)  can0  281   [5]  03 00 00 00 00
 (1789608376.439928)  can0  201   [6]  02 00 00 00 00 00
 (1789608376.449926)  can0  201   [6]  02 00 00 00 00 00
 (1789608376.459924)  can0  201   [6]  02 00 00 00 00 00
 (1789608376.469928)  can0  201   [6]  02 00 00 00 00 00
 (1789608376.479924)  can0  201   [6]  02 00 00 00 00 00
 (1789608376.484173)  can0  181   [8]  60 14 60 14 00 00 00 00
 (1789608376.484560)  can0  281   [5]  03 00 00 00 00
 (1789608376.489930)  can0  201   [6]  02 00 00 00 00 00
 (1789608376.499923)  can0  201   [6]  02 00 00 00 00 00
 (1789608376.509925)  can0  201   [6]  02 00 00 00 00 00
 (1789608376.519925)  can0  201   [6]  02 00 00 00 00 00
 (1789608376.529948)  can0  201   [6]  02 00 00 00 00 00
 (1789608376.534188)  can0  181   [8]  60 14 60 14 00 00 00 00
 (1789608376.534570)  can0  281   [5]  03 00 00 00 00
 (1789608376.539937)  can0  201   [6]  02 00 00 00 00 00
 (1789608376.549925)  can0  201   [6]  02 00 00 00 00 00
 (1789608376.559928)  can0  201   [6]  02 00 00 00 00 00
 (1789608376.569924)  can0  201   [6]  02 00 00 00 00 00
 (1789608376.579928)  can0  201   [6]  02 00 00 00 00 00
 (1789608376.584194)  can0  181   [8]  60 14 60 14 00 00 00 00
 (1789608376.584582)  can0  281   [5]  03 00 00 00 00
 (1789608376.589928)  can0  201   [6]  02 00 00 00 00 00
 (1789608376.599925)  can0  201   [6]  02 00 00 00 00 00
 (1789608376.609930)  can0  201   [6]  02 00 00 00 00 00
 (1789608376.619799)  can0  701   [1]  05
 (1789608376.620003)  can0  201   [6]  02 00 00 00 00 00
 (1789608376.629926)  can0  201   [6]  02 00 00 00 00 00
 (1789608376.634204)  can0  181   [8]  60 14 60 14 00 00 00 00
 (1789608376.634589)  can0  281   [5]  03 00 00 00 00
 (1789608376.639925)  can0  201   [6]  02 00 00 00 00 00
 (1789608376.649927)  can0  201   [6]  02 00 00 00 00 00
 (1789608376.659927)  can0  201   [6]  02 00 00 00 00 00
 (1789608376.669929)  can0  201   [6]  02 00 00 00 00 00
 (1789608376.679934)  can0  201   [6]  02 00 00 00 00 00
 (1789608376.684225)  can0  181   [8]  60 14 60 14 00 00 00 00
 (1789608376.684600)  can0  281   [5]  03 00 00 00 00
 (1789608376.689944)  can0  201   [6]  02 00 00 00 00 00
 (1789608376.699936)  can0  201   [6]  02 00 00 00 00 00
 (1789608376.709947)  can0  201   [6]  02 00 00 00 00 00
 (1789608376.719937)  can0  201   [6]  02 00 00 00 00 00
 (1789608376.729947)  can0  201   [6]  02 00 00 00 00 00
 (1789608376.734227)  can0  181   [8]  60 14 60 14 00 00 00 00
 (1789608376.734613)  can0  281   [5]  03 00 00 00 00
 (1789608376.739948)  can0  201   [6]  02 00 00 00 00 00
 (1789608376.749967)  can0  201   [6]  02 00 00 00 00 00
 (1789608376.759970)  can0  201   [6]  02 00 00 00 00 00
 (1789608376.769955)  can0  201   [6]  02 00 00 00 00 00
 (1789608376.780040)  can0  201   [6]  02 00 00 00 00 00
 (1789608376.784247)  can0  181   [8]  60 14 60 14 00 00 00 00
 (1789608376.784625)  can0  281   [5]  03 00 00 00 00
 (1789608376.790097)  can0  201   [6]  02 00 00 00 00 00
 (1789608376.799968)  can0  201   [6]  02 00 00 00 00 00
 (1789608376.809947)  can0  201   [6]  02 00 00 00 00 00
 (1789608376.819965)  can0  201   [6]  02 00 00 00 00 00
 (1789608376.829943)  can0  201   [6]  02 00 00 00 00 00
 (1789608376.834246)  can0  181   [8]  60 14 60 14 00 00 00 00
 (1789608376.834631)  can0  281   [5]  03 00 00 00 00
 (1789608376.839947)  can0  201   [6]  02 00 00 00 00 00
 (1789608376.849949)  can0  201   [6]  02 00 00 00 00 00
 (1789608376.859934)  can0  201   [6]  02 00 00 00 00 00
 (1789608376.869353)  can0  701   [1]  05
 (1789608376.869676)  can0  201   [6]  02 00 00 00 00 00
 (1789608376.879927)  can0  201   [6]  02 00 00 00 00 00
 (1789608376.884256)  can0  181   [8]  60 14 60 14 00 00 00 00
 (1789608376.884642)  can0  281   [5]  03 00 00 00 00
 (1789608376.889933)  can0  201   [6]  02 00 00 00 00 00
 (1789608376.899927)  can0  201   [6]  02 00 00 00 00 00
 (1789608376.909928)  can0  201   [6]  02 00 00 00 00 00
 (1789608376.919924)  can0  201   [6]  02 00 00 00 00 00
 (1789608376.929923)  can0  201   [6]  02 00 00 00 00 00
 (1789608376.934265)  can0  181   [8]  60 14 60 14 00 00 00 00
 (1789608376.934651)  can0  281   [5]  03 00 00 00 00
 (1789608376.939929)  can0  201   [6]  02 00 00 00 00 00
 (1789608376.949925)  can0  201   [6]  02 00 00 00 00 00
 (1789608376.959928)  can0  201   [6]  02 00 00 00 00 00
 (1789608376.969924)  can0  201   [6]  02 00 00 00 00 00
 (1789608376.979927)  can0  201   [6]  02 00 00 00 00 00
 (1789608376.984274)  can0  181   [8]  60 14 60 14 00 00 00 00
 (1789608376.984663)  can0  281   [5]  03 00 00 00 00
 (1789608376.989927)  can0  201   [6]  02 00 00 00 00 00
 (1789608376.999923)  can0  201   [6]  02 00 00 00 00 00
 (1789608377.009995)  can0  201   [6]  02 00 00 00 00 00
 (1789608377.019932)  can0  201   [6]  02 00 00 00 00 00
 (1789608377.029927)  can0  201   [6]  02 00 00 00 00 00
 (1789608377.034285)  can0  181   [8]  60 14 60 14 00 00 00 00
 (1789608377.034671)  can0  281   [5]  03 00 00 00 00
 (1789608377.039926)  can0  201   [6]  02 00 00 00 00 00
 (1789608377.049926)  can0  201   [6]  02 00 00 00 00 00
 (1789608377.059929)  can0  201   [6]  02 00 00 00 00 00
 (1789608377.069926)  can0  201   [6]  02 00 00 00 00 00
 (1789608377.079926)  can0  201   [6]  02 00 00 00 00 00
 (1789608377.084295)  can0  181   [8]  60 14 60 14 00 00 00 00
 (1789608377.084660)  can0  281   [5]  03 00 00 00 00
 (1789608377.089938)  can0  201   [6]  02 00 00 00 00 00
 (1789608377.099936)  can0  201   [6]  02 00 00 00 00 00
 (1789608377.109933)  can0  201   [6]  02 00 00 00 00 00
 (1789608377.118902)  can0  701   [1]  05
 (1789608377.119338)  can0  201   [6]  02 00 00 00 00 00
 (1789608377.129993)  can0  201   [6]  02 00 00 00 00 00
 (1789608377.134308)  can0  181   [8]  60 14 60 14 00 00 00 00
 (1789608377.134690)  can0  281   [5]  03 00 00 00 00
 (1789608377.139988)  can0  201   [6]  02 00 00 00 00 00
 (1789608377.149995)  can0  201   [6]  02 00 00 00 00 00
 (1789608377.159994)  can0  201   [6]  02 00 00 00 00 00
 (1789608377.170089)  can0  201   [6]  02 00 00 00 00 00
 (1789608377.180049)  can0  201   [6]  02 00 00 00 00 00
 (1789608377.184326)  can0  181   [8]  60 14 60 14 00 00 00 00
 (1789608377.184704)  can0  281   [5]  03 00 00 00 00
 (1789608377.190039)  can0  201   [6]  02 00 00 00 00 00
 (1789608377.200133)  can0  201   [6]  02 00 00 00 00 00
 (1789608377.210104)  can0  201   [6]  02 00 00 00 00 00
 (1789608377.220077)  can0  201   [6]  02 00 00 00 00 00
 (1789608377.230194)  can0  201   [6]  02 00 00 00 00 00
 (1789608377.234329)  can0  181   [8]  60 14 60 14 00 00 00 00
 (1789608377.234715)  can0  281   [5]  03 00 00 00 00
 (1789608377.240058)  can0  201   [6]  02 00 00 00 00 00
 (1789608377.250148)  can0  201   [6]  02 00 00 00 00 00
 (1789608377.260099)  can0  201   [6]  02 00 00 00 00 00
 (1789608377.270114)  can0  201   [6]  02 00 00 00 00 00
 (1789608377.280089)  can0  201   [6]  02 00 00 00 00 00
 (1789608377.284340)  can0  181   [8]  60 14 60 14 00 00 00 00
 (1789608377.284724)  can0  281   [5]  03 00 00 00 00
 (1789608377.290041)  can0  201   [6]  02 00 00 00 00 00
 (1789608377.300026)  can0  201   [6]  02 00 00 00 00 00
 (1789608377.310136)  can0  201   [6]  02 00 00 00 00 00
 (1789608377.320073)  can0  201   [6]  02 00 00 00 00 00
 (1789608377.330054)  can0  201   [6]  02 00 00 00 00 00
 (1789608377.334352)  can0  181   [8]  60 14 60 14 00 00 00 00
 (1789608377.334732)  can0  281   [5]  03 00 00 00 00
 (1789608377.340062)  can0  201   [6]  02 00 00 00 00 00
 (1789608377.350037)  can0  201   [6]  02 00 00 00 00 00
 (1789608377.360046)  can0  201   [6]  02 00 00 00 00 00
 (1789608377.368393)  can0  701   [1]  05
 (1789608377.370004)  can0  201   [6]  02 00 00 00 00 00
 (1789608377.379996)  can0  201   [6]  02 00 00 00 00 00
 (1789608377.384358)  can0  181   [8]  60 14 60 14 00 00 00 00
 (1789608377.384744)  can0  281   [5]  03 00 00 00 00
 (1789608377.389988)  can0  201   [6]  02 00 00 00 00 00
 (1789608377.399995)  can0  201   [6]  02 00 00 00 00 00
 (1789608377.409986)  can0  201   [6]  02 00 00 00 00 00
 (1789608377.419989)  can0  201   [6]  02 00 00 00 00 00
 (1789608377.429992)  can0  201   [6]  02 00 00 00 00 00
 (1789608377.434369)  can0  181   [8]  60 14 60 14 00 00 00 00
 (1789608377.434706)  can0  281   [5]  03 00 00 00 00
 (1789608377.439879)  can0  201   [6]  02 00 00 00 00 00
 (1789608377.449875)  can0  201   [6]  02 00 00 00 00 00
 (1789608377.459871)  can0  201   [6]  02 00 00 00 00 00
 (1789608377.469873)  can0  201   [6]  02 00 00 00 00 00
 (1789608377.479871)  can0  201   [6]  02 00 00 00 00 00
 (1789608377.484320)  can0  181   [8]  60 14 60 14 00 00 00 00
 (1789608377.484708)  can0  281   [5]  03 00 00 00 00
 (1789608377.489872)  can0  201   [6]  02 00 00 00 00 00
 (1789608377.499903)  can0  201   [6]  02 00 00 00 00 00
 (1789608377.509877)  can0  201   [6]  02 00 00 00 00 00
 (1789608377.519872)  can0  201   [6]  02 00 00 00 00 00
 (1789608377.529872)  can0  201   [6]  02 00 00 00 00 00
 (1789608377.534331)  can0  181   [8]  60 14 60 14 00 00 00 00
 (1789608377.534718)  can0  281   [5]  03 00 00 00 00
 (1789608377.539873)  can0  201   [6]  02 00 00 00 00 00
 (1789608377.549871)  can0  201   [6]  02 00 00 00 00 00
 (1789608377.559868)  can0  201   [6]  02 00 00 00 00 00
 (1789608377.569877)  can0  201   [6]  02 00 00 00 00 00
 (1789608377.579875)  can0  201   [6]  02 00 00 00 00 00
 (1789608377.584342)  can0  181   [8]  60 14 60 14 00 00 00 00
 (1789608377.584727)  can0  281   [5]  03 00 00 00 00
 (1789608377.589874)  can0  201   [6]  02 00 00 00 00 00
 (1789608377.599870)  can0  201   [6]  02 00 00 00 00 00
 (1789608377.609871)  can0  201   [6]  02 00 00 00 00 00
 (1789608377.617888)  can0  701   [1]  05
 (1789608377.619872)  can0  201   [6]  02 00 00 00 00 00
 (1789608377.629870)  can0  201   [6]  02 00 00 00 00 00
 (1789608377.634351)  can0  181   [8]  60 14 60 14 00 00 00 00
 (1789608377.634738)  can0  281   [5]  03 00 00 00 00
 (1789608377.639877)  can0  201   [6]  02 00 00 00 00 00
 (1789608377.649873)  can0  201   [6]  02 00 00 00 00 00
 (1789608377.659889)  can0  201   [6]  02 00 00 00 00 00
 (1789608377.669879)  can0  201   [6]  02 00 00 00 00 00
 (1789608377.679899)  can0  201   [6]  02 00 00 00 00 00
 (1789608377.684362)  can0  181   [8]  60 14 60 14 00 00 00 00
 (1789608377.684805)  can0  281   [5]  03 00 00 00 00
 (1789608377.689885)  can0  201   [6]  02 00 00 00 00 00
 (1789608377.699888)  can0  201   [6]  02 00 00 00 00 00
 (1789608377.709879)  can0  201   [6]  02 00 00 00 00 00
 (1789608377.719899)  can0  201   [6]  02 00 00 00 00 00
 (1789608377.729877)  can0  201   [6]  02 00 00 00 00 00
 (1789608377.734374)  can0  181   [8]  60 14 60 14 00 00 00 00
 (1789608377.734758)  can0  281   [5]  03 00 00 00 00
 (1789608377.739904)  can0  201   [6]  02 00 00 00 00 00
 (1789608377.749888)  can0  201   [6]  02 00 00 00 00 00
 (1789608377.759893)  can0  201   [6]  02 00 00 00 00 00
 (1789608377.769888)  can0  201   [6]  02 00 00 00 00 00
 (1789608377.779888)  can0  201   [6]  02 00 00 00 00 00
 (1789608377.784383)  can0  181   [8]  60 14 60 14 00 00 00 00
 (1789608377.784768)  can0  281   [5]  03 00 00 00 00
 (1789608377.789887)  can0  201   [6]  02 00 00 00 00 00
 (1789608377.799899)  can0  201   [6]  02 00 00 00 00 00
 (1789608377.809885)  can0  201   [6]  02 00 00 00 00 00
 (1789608377.819888)  can0  201   [6]  02 00 00 00 00 00
 (1789608377.829879)  can0  201   [6]  02 00 00 00 00 00
 (1789608377.834393)  can0  181   [8]  60 14 60 14 00 00 00 00
 (1789608377.834779)  can0  281   [5]  03 00 00 00 00
 (1789608377.839884)  can0  201   [6]  02 00 00 00 00 00
 (1789608377.849882)  can0  201   [6]  02 00 00 00 00 00
 (1789608377.859872)  can0  201   [6]  02 00 00 00 00 00
 (1789608377.867442)  can0  701   [1]  05
 (1789608377.869875)  can0  201   [6]  02 00 00 00 00 00
 (1789608377.879871)  can0  201   [6]  02 00 00 00 00 00
 (1789608377.884404)  can0  181   [8]  60 14 60 14 00 00 00 00
 (1789608377.884789)  can0  281   [5]  03 00 00 00 00
 (1789608377.889875)  can0  201   [6]  02 00 00 00 00 00
 (1789608377.899869)  can0  201   [6]  02 00 00 00 00 00
 (1789608377.909871)  can0  201   [6]  02 00 00 00 00 00
 (1789608377.919874)  can0  201   [6]  02 00 00 00 00 00
 (1789608377.929871)  can0  201   [6]  02 00 00 00 00 00
 (1789608377.934413)  can0  181   [8]  60 14 60 14 00 00 00 00
 (1789608377.934799)  can0  281   [5]  03 00 00 00 00
 (1789608377.939872)  can0  201   [6]  02 00 00 00 00 00
 (1789608377.949870)  can0  201   [6]  02 00 00 00 00 00
 (1789608377.959941)  can0  201   [6]  02 00 00 00 00 00
 (1789608377.969931)  can0  201   [6]  02 00 00 00 00 00
 (1789608377.979930)  can0  201   [6]  02 00 00 00 00 00
 (1789608377.984488)  can0  181   [8]  60 14 60 14 00 00 00 00
 (1789608377.984812)  can0  281   [5]  03 00 00 00 00
 (1789608377.989911)  can0  201   [6]  02 00 00 00 00 00
 (1789608377.999873)  can0  201   [6]  02 00 00 00 00 00
 (1789608378.009875)  can0  201   [6]  02 00 00 00 00 00
 (1789608378.019871)  can0  201   [6]  02 00 00 00 00 00
 (1789608378.029873)  can0  201   [6]  02 00 00 00 00 00
 (1789608378.034434)  can0  181   [8]  60 14 60 14 00 00 00 00
 (1789608378.034819)  can0  281   [5]  03 00 00 00 00
 (1789608378.039871)  can0  201   [6]  02 00 00 00 00 00
 (1789608378.049869)  can0  201   [6]  02 00 00 00 00 00
 (1789608378.059871)  can0  201   [6]  02 00 00 00 00 00
 (1789608378.069869)  can0  201   [6]  02 00 00 00 00 00
 (1789608378.079872)  can0  201   [6]  02 00 00 00 00 00
 (1789608378.084442)  can0  181   [8]  60 14 60 14 00 00 00 00
 (1789608378.084829)  can0  281   [5]  03 00 00 00 00
 (1789608378.089872)  can0  201   [6]  02 00 00 00 00 00
 (1789608378.099872)  can0  201   [6]  02 00 00 00 00 00
 (1789608378.109870)  can0  201   [6]  02 00 00 00 00 00
 (1789608378.116932)  can0  701   [1]  05
 (1789608378.119872)  can0  201   [6]  02 00 00 00 00 00
 (1789608378.129877)  can0  201   [6]  02 00 00 00 00 00
 (1789608378.134454)  can0  181   [8]  60 14 60 14 00 00 00 00
 (1789608378.134841)  can0  281   [5]  03 00 00 00 00
 (1789608378.139874)  can0  201   [6]  02 00 00 00 00 00
 (1789608378.149895)  can0  201   [6]  02 00 00 00 00 00
 (1789608378.159881)  can0  201   [6]  02 00 00 00 00 00
 (1789608378.169889)  can0  201   [6]  02 00 00 00 00 00
 (1789608378.179883)  can0  201   [6]  02 00 00 00 00 00
 (1789608378.184465)  can0  181   [8]  60 14 60 14 00 00 00 00
 (1789608378.184851)  can0  281   [5]  03 00 00 00 00
 (1789608378.189895)  can0  201   [6]  02 00 00 00 00 00
 (1789608378.199885)  can0  201   [6]  02 00 00 00 00 00
 (1789608378.209898)  can0  201   [6]  02 00 00 00 00 00
 (1789608378.219883)  can0  201   [6]  02 00 00 00 00 00
 (1789608378.229899)  can0  201   [6]  02 00 00 00 00 00
 (1789608378.234476)  can0  181   [8]  60 14 60 14 00 00 00 00
 (1789608378.234860)  can0  281   [5]  03 00 00 00 00
 (1789608378.239886)  can0  201   [6]  02 00 00 00 00 00
 (1789608378.249900)  can0  201   [6]  02 00 00 00 00 00
 (1789608378.259880)  can0  201   [6]  02 00 00 00 00 00
 (1789608378.269884)  can0  201   [6]  02 00 00 00 00 00
 (1789608378.279895)  can0  201   [6]  02 00 00 00 00 00
 (1789608378.284486)  can0  181   [8]  60 14 60 14 00 00 00 00
 (1789608378.284870)  can0  281   [5]  03 00 00 00 00
 (1789608378.289887)  can0  201   [6]  02 00 00 00 00 00
 (1789608378.299884)  can0  201   [6]  02 00 00 00 00 00
 (1789608378.309887)  can0  201   [6]  02 00 00 00 00 00
 (1789608378.319879)  can0  201   [6]  02 00 00 00 00 00
 (1789608378.329883)  can0  201   [6]  02 00 00 00 00 00
 (1789608378.334497)  can0  181   [8]  60 14 60 14 00 00 00 00
 (1789608378.334880)  can0  281   [5]  03 00 00 00 00
 (1789608378.339879)  can0  201   [6]  02 00 00 00 00 00
 (1789608378.349869)  can0  201   [6]  02 00 00 00 00 00
 (1789608378.359871)  can0  201   [6]  02 00 00 00 00 00
 (1789608378.366483)  can0  701   [1]  05
 (1789608378.369870)  can0  201   [6]  02 00 00 00 00 00
 (1789608378.379871)  can0  201   [6]  02 00 00 00 00 00
 (1789608378.384505)  can0  181   [8]  60 14 60 14 00 00 00 00
 (1789608378.384891)  can0  281   [5]  03 00 00 00 00
 (1789608378.389871)  can0  201   [6]  02 00 00 00 00 00
 (1789608378.399871)  can0  201   [6]  02 00 00 00 00 00
 (1789608378.409873)  can0  201   [6]  02 00 00 00 00 00
 (1789608378.419871)  can0  201   [6]  02 00 00 00 00 00
 (1789608378.429873)  can0  201   [6]  02 00 00 00 00 00
 (1789608378.434514)  can0  181   [8]  60 14 60 14 00 00 00 00
 (1789608378.434959)  can0  281   [5]  03 00 00 00 00
 (1789608378.439999)  can0  201   [6]  02 00 00 00 00 00
 (1789608378.449995)  can0  201   [6]  02 00 00 00 00 00
 (1789608378.459988)  can0  201   [6]  02 00 00 00 00 00
 (1789608378.470596)  can0  201   [6]  02 00 00 00 00 00
 (1789608378.480019)  can0  201   [6]  02 00 00 00 00 00
 (1789608378.484584)  can0  181   [8]  60 14 60 14 00 00 00 00
 (1789608378.484969)  can0  281   [5]  03 00 00 00 00
 (1789608378.489993)  can0  201   [6]  02 00 00 00 00 00
 (1789608378.500005)  can0  201   [6]  02 00 00 00 00 00
 (1789608378.509986)  can0  201   [6]  02 00 00 00 00 00
 (1789608378.519993)  can0  201   [6]  02 00 00 00 00 00
 (1789608378.529988)  can0  201   [6]  02 00 00 00 00 00
 (1789608378.534593)  can0  181   [8]  60 14 60 14 00 00 00 00
 (1789608378.534979)  can0  281   [5]  03 00 00 00 00
 (1789608378.539988)  can0  201   [6]  02 00 00 00 00 00
 (1789608378.549992)  can0  201   [6]  02 00 00 00 00 00
 (1789608378.559988)  can0  201   [6]  02 00 00 00 00 00
 (1789608378.569992)  can0  201   [6]  02 00 00 00 00 00
 (1789608378.579986)  can0  201   [6]  02 00 00 00 00 00
 (1789608378.584603)  can0  181   [8]  60 14 60 14 00 00 00 00
 (1789608378.584990)  can0  281   [5]  03 00 00 00 00
 (1789608378.589995)  can0  201   [6]  02 00 00 00 00 00
 (1789608378.599882)  can0  201   [6]  02 00 00 00 00 00
 (1789608378.609875)  can0  201   [6]  02 00 00 00 00 00
 (1789608378.616034)  can0  701   [1]  05
 (1789608378.620014)  can0  201   [6]  02 00 00 00 00 00
 (1789608378.630088)  can0  201   [6]  02 00 00 00 00 00
 (1789608378.634615)  can0  181   [8]  60 14 60 14 00 00 00 00
 (1789608378.634997)  can0  281   [5]  03 00 00 00 00
 (1789608378.640059)  can0  201   [6]  02 00 00 00 00 00
 (1789608378.650032)  can0  201   [6]  02 00 00 00 00 00
 (1789608378.660040)  can0  201   [6]  02 00 00 00 00 00
 (1789608378.670018)  can0  201   [6]  02 00 00 00 00 00
 (1789608378.680038)  can0  201   [6]  02 00 00 00 00 00
 (1789608378.684625)  can0  181   [8]  60 14 60 14 00 00 00 00
 (1789608378.685009)  can0  281   [5]  03 00 00 00 00
 (1789608378.690007)  can0  201   [6]  02 00 00 00 00 00
 (1789608378.699987)  can0  201   [6]  02 00 00 00 00 00
 (1789608378.709995)  can0  201   [6]  02 00 00 00 00 00
 (1789608378.719989)  can0  201   [6]  02 00 00 00 00 00
 (1789608378.730005)  can0  201   [6]  02 00 00 00 00 00
 (1789608378.734633)  can0  181   [8]  60 14 60 14 00 00 00 00
 (1789608378.735019)  can0  281   [5]  03 00 00 00 00
 (1789608378.739991)  can0  201   [6]  02 00 00 00 00 00
 (1789608378.750004)  can0  201   [6]  02 00 00 00 00 00
 (1789608378.759994)  can0  201   [6]  02 00 00 00 00 00
 (1789608378.769993)  can0  201   [6]  02 00 00 00 00 00
 (1789608378.779993)  can0  201   [6]  02 00 00 00 00 00
 (1789608378.784697)  can0  181   [8]  60 14 60 14 00 00 00 00
 (1789608378.785031)  can0  281   [5]  03 00 00 00 00
 (1789608378.789987)  can0  201   [6]  02 00 00 00 00 00
 (1789608378.799995)  can0  201   [6]  02 00 00 00 00 00
 (1789608378.809985)  can0  201   [6]  02 00 00 00 00 00
 (1789608378.820410)  can0  201   [6]  02 00 00 00 00 00
 (1789608378.830012)  can0  201   [6]  02 00 00 00 00 00
 (1789608378.834655)  can0  181   [8]  60 14 60 14 00 00 00 00
 (1789608378.835040)  can0  281   [5]  03 00 00 00 00
 (1789608378.839991)  can0  201   [6]  02 00 00 00 00 00
 (1789608378.849996)  can0  201   [6]  02 00 00 00 00 00
 (1789608378.859986)  can0  201   [6]  02 00 00 00 00 00
 (1789608378.865581)  can0  701   [1]  05
 (1789608378.870005)  can0  201   [6]  02 00 00 00 00 00
 (1789608378.880003)  can0  201   [6]  02 00 00 00 00 00
 (1789608378.884661)  can0  181   [8]  60 14 60 14 00 00 00 00
 (1789608378.885051)  can0  281   [5]  03 00 00 00 00
 (1789608378.889987)  can0  201   [6]  02 00 00 00 00 00
 (1789608378.899991)  can0  201   [6]  02 00 00 00 00 00
 (1789608378.909986)  can0  201   [6]  02 00 00 00 00 00
 (1789608378.919993)  can0  201   [6]  02 00 00 00 00 00
 (1789608378.929986)  can0  201   [6]  02 00 00 00 00 00
 (1789608378.934674)  can0  181   [8]  60 14 60 14 00 00 00 00
 (1789608378.935061)  can0  281   [5]  03 00 00 00 00
 (1789608378.939995)  can0  201   [6]  02 00 00 00 00 00
 (1789608378.949987)  can0  201   [6]  02 00 00 00 00 00
 (1789608378.959990)  can0  201   [6]  02 00 00 00 00 00
 (1789608378.970002)  can0  201   [6]  02 00 00 00 00 00
 (1789608378.980034)  can0  201   [6]  02 00 00 00 00 00
 (1789608378.984687)  can0  181   [8]  60 14 60 14 00 00 00 00
 (1789608378.985070)  can0  281   [5]  03 00 00 00 00
 (1789608378.990084)  can0  201   [6]  02 00 00 00 00 00
 (1789608379.000036)  can0  201   [6]  02 00 00 00 00 00
 (1789608379.010113)  can0  201   [6]  02 00 00 00 00 00
 (1789608379.020044)  can0  201   [6]  02 00 00 00 00 00
 (1789608379.030062)  can0  201   [6]  02 00 00 00 00 00
 (1789608379.034696)  can0  181   [8]  60 14 60 14 00 00 00 00
 (1789608379.035082)  can0  281   [5]  03 00 00 00 00
 (1789608379.040208)  can0  201   [6]  02 00 00 00 00 00
 (1789608379.050033)  can0  201   [6]  02 00 00 00 00 00
 (1789608379.060152)  can0  201   [6]  02 00 00 00 00 00
 (1789608379.070102)  can0  201   [6]  02 00 00 00 00 00
 (1789608379.080134)  can0  201   [6]  02 00 00 00 00 00
 (1789608379.084710)  can0  181   [8]  60 14 60 14 00 00 00 00
 (1789608379.085091)  can0  281   [5]  03 00 00 00 00
 (1789608379.090085)  can0  201   [6]  02 00 00 00 00 00
 (1789608379.100046)  can0  201   [6]  02 00 00 00 00 00
 (1789608379.110041)  can0  201   [6]  02 00 00 00 00 00
 (1789608379.115137)  can0  701   [1]  05
 (1789608379.120184)  can0  201   [6]  02 00 00 00 00 00
 (1789608379.130101)  can0  201   [6]  02 00 00 00 00 00
 (1789608379.134714)  can0  181   [8]  60 14 60 14 00 00 00 00
 (1789608379.135100)  can0  281   [5]  03 00 00 00 00
 (1789608379.140046)  can0  201   [6]  02 00 00 00 00 00
 (1789608379.150045)  can0  201   [6]  02 00 00 00 00 00
 (1789608379.160029)  can0  201   [6]  02 00 00 00 00 00
 (1789608379.170037)  can0  201   [6]  02 00 00 00 00 00
 (1789608379.180007)  can0  201   [6]  02 00 00 00 00 00
 (1789608379.184726)  can0  181   [8]  60 14 60 14 00 00 00 00
 (1789608379.185112)  can0  281   [5]  03 00 00 00 00
 (1789608379.190006)  can0  201   [6]  02 00 00 00 00 00
 (1789608379.199994)  can0  201   [6]  02 00 00 00 00 00
 (1789608379.209986)  can0  201   [6]  02 00 00 00 00 00
 (1789608379.219994)  can0  201   [6]  02 00 00 00 00 00
 (1789608379.229986)  can0  201   [6]  02 00 00 00 00 00
 (1789608379.234733)  can0  181   [8]  60 14 60 14 00 00 00 00
 (1789608379.235121)  can0  281   [5]  03 00 00 00 00
 (1789608379.240000)  can0  201   [6]  02 00 00 00 00 00
 (1789608379.250008)  can0  201   [6]  02 00 00 00 00 00
 (1789608379.259988)  can0  201   [6]  02 00 00 00 00 00
 (1789608379.269995)  can0  201   [6]  02 00 00 00 00 00
 (1789608379.279985)  can0  201   [6]  02 00 00 00 00 00
 (1789608379.284746)  can0  181   [8]  60 14 60 14 00 00 00 00
 (1789608379.285133)  can0  281   [5]  03 00 00 00 00
 (1789608379.289994)  can0  201   [6]  02 00 00 00 00 00
 (1789608379.299986)  can0  201   [6]  02 00 00 00 00 00
 (1789608379.310091)  can0  201   [6]  02 00 00 00 00 00
 (1789608379.320013)  can0  201   [6]  02 00 00 00 00 00
 (1789608379.329991)  can0  201   [6]  02 00 00 00 00 00
 (1789608379.334755)  can0  181   [8]  60 14 60 14 00 00 00 00
 (1789608379.335142)  can0  281   [5]  03 00 00 00 00
 (1789608379.339993)  can0  201   [6]  02 00 00 00 00 00
 (1789608379.349986)  can0  201   [6]  02 00 00 00 00 00
 (1789608379.359993)  can0  201   [6]  02 00 00 00 00 00
 (1789608379.364684)  can0  701   [1]  05
 (1789608379.369990)  can0  201   [6]  02 00 00 00 00 00
 (1789608379.379986)  can0  201   [6]  02 00 00 00 00 00
 (1789608379.384767)  can0  181   [8]  60 14 60 14 00 00 00 00
 (1789608379.385151)  can0  281   [5]  03 00 00 00 00
 (1789608379.389991)  can0  201   [6]  02 00 00 00 00 00
 (1789608379.399986)  can0  201   [6]  02 00 00 00 00 00
 (1789608379.409991)  can0  201   [6]  02 00 00 00 00 00
 (1789608379.419987)  can0  201   [6]  02 00 00 00 00 00
 (1789608379.429994)  can0  201   [6]  02 00 00 00 00 00
 (1789608379.434776)  can0  181   [8]  60 14 60 14 00 00 00 00
 (1789608379.435163)  can0  281   [5]  03 00 00 00 00
 (1789608379.439987)  can0  201   [6]  02 00 00 00 00 00
 (1789608379.449999)  can0  201   [6]  02 00 00 00 00 00
 (1789608379.460000)  can0  201   [6]  02 00 00 00 00 00
 (1789608379.470077)  can0  201   [6]  02 00 00 00 00 00
 (1789608379.480062)  can0  201   [6]  02 00 00 00 00 00
 (1789608379.484788)  can0  181   [8]  60 14 60 14 00 00 00 00
 (1789608379.485174)  can0  281   [5]  03 00 00 00 00
 (1789608379.490172)  can0  201   [6]  02 00 00 00 00 00
 (1789608379.500069)  can0  201   [6]  02 00 00 00 00 00
 (1789608379.510105)  can0  201   [6]  02 00 00 00 00 00
 (1789608379.520023)  can0  201   [6]  02 00 00 00 00 00
 (1789608379.530136)  can0  201   [6]  02 00 00 00 00 00
 (1789608379.534799)  can0  181   [8]  60 14 60 14 00 00 00 00
 (1789608379.535183)  can0  281   [5]  03 00 00 00 00
 (1789608379.540025)  can0  201   [6]  02 00 00 00 00 00
 (1789608379.550142)  can0  201   [6]  02 00 00 00 00 00
 (1789608379.560083)  can0  201   [6]  02 00 00 00 00 00
 (1789608379.570107)  can0  201   [6]  02 00 00 00 00 00
 (1789608379.580075)  can0  201   [6]  02 00 00 00 00 00
 (1789608379.584808)  can0  181   [8]  60 14 60 14 00 00 00 00
 (1789608379.585194)  can0  281   [5]  03 00 00 00 00
 (1789608379.590037)  can0  201   [6]  02 00 00 00 00 00
 (1789608379.600056)  can0  201   [6]  02 00 00 00 00 00
 (1789608379.610129)  can0  201   [6]  02 00 00 00 00 00
 (1789608379.614177)  can0  701   [1]  05
 (1789608379.620067)  can0  201   [6]  02 00 00 00 00 00
 (1789608379.630057)  can0  201   [6]  02 00 00 00 00 00
 (1789608379.634817)  can0  181   [8]  60 14 60 14 00 00 00 00
 (1789608379.635203)  can0  281   [5]  03 00 00 00 00
 (1789608379.640047)  can0  201   [6]  02 00 00 00 00 00
 (1789608379.650032)  can0  201   [6]  02 00 00 00 00 00
 (1789608379.660025)  can0  201   [6]  02 00 00 00 00 00
 (1789608379.669999)  can0  201   [6]  02 00 00 00 00 00
 (1789608379.679989)  can0  201   [6]  02 00 00 00 00 00
 (1789608379.684829)  can0  181   [8]  60 14 60 14 00 00 00 00
 (1789608379.685213)  can0  281   [5]  03 00 00 00 00
 (1789608379.689993)  can0  201   [6]  02 00 00 00 00 00
 (1789608379.699989)  can0  201   [6]  02 00 00 00 00 00
 (1789608379.709996)  can0  201   [6]  02 00 00 00 00 00
 (1789608379.720007)  can0  201   [6]  02 00 00 00 00 00
 (1789608379.730005)  can0  201   [6]  02 00 00 00 00 00
 (1789608379.734836)  can0  181   [8]  60 14 60 14 00 00 00 00
 (1789608379.735223)  can0  281   [5]  03 00 00 00 00
 (1789608379.739992)  can0  201   [6]  02 00 00 00 00 00
 (1789608379.749988)  can0  201   [6]  02 00 00 00 00 00
 (1789608379.759990)  can0  201   [6]  02 00 00 00 00 00
 (1789608379.769985)  can0  201   [6]  02 00 00 00 00 00
 (1789608379.779994)  can0  201   [6]  02 00 00 00 00 00
 (1789608379.784848)  can0  181   [8]  60 14 60 14 00 00 00 00
 (1789608379.785234)  can0  281   [5]  03 00 00 00 00
 (1789608379.789988)  can0  201   [6]  02 00 00 00 00 00
 (1789608379.800085)  can0  201   [6]  02 00 00 00 00 00
 (1789608379.809999)  can0  201   [6]  02 00 00 00 00 00
 (1789608379.819988)  can0  201   [6]  02 00 00 00 00 00
 (1789608379.829995)  can0  201   [6]  02 00 00 00 00 00
 (1789608379.834861)  can0  181   [8]  60 14 60 14 00 00 00 00
 (1789608379.835245)  can0  281   [5]  03 00 00 00 00
 (1789608379.840006)  can0  201   [6]  02 00 00 00 00 00
 (1789608379.850016)  can0  201   [6]  02 00 00 00 00 00
 (1789608379.859988)  can0  201   [6]  02 00 00 00 00 00
 (1789608379.863726)  can0  701   [1]  05
 (1789608379.869985)  can0  201   [6]  02 00 00 00 00 00
 (1789608379.879993)  can0  201   [6]  02 00 00 00 00 00
 (1789608379.884867)  can0  181   [8]  60 14 60 14 00 00 00 00
 (1789608379.885256)  can0  281   [5]  03 00 00 00 00
 (1789608379.889986)  can0  201   [6]  02 00 00 00 00 00
 (1789608379.899993)  can0  201   [6]  02 00 00 00 00 00
 (1789608379.909987)  can0  201   [6]  02 00 00 00 00 00
 (1789608379.919995)  can0  201   [6]  02 00 00 00 00 00
 (1789608379.929989)  can0  201   [6]  02 00 00 00 00 00
 (1789608379.934877)  can0  181   [8]  60 14 60 14 00 00 00 00
 (1789608379.935267)  can0  281   [5]  03 00 00 00 00
 (1789608379.940000)  can0  201   [6]  02 00 00 00 00 00
 (1789608379.950002)  can0  201   [6]  02 00 00 00 00 00
 (1789608379.960074)  can0  201   [6]  02 00 00 00 00 00
 (1789608379.970058)  can0  201   [6]  02 00 00 00 00 00
 (1789608379.980116)  can0  201   [6]  02 00 00 00 00 00
 (1789608379.984890)  can0  181   [8]  60 14 60 14 00 00 00 00
 (1789608379.985274)  can0  281   [5]  03 00 00 00 00
 (1789608379.990057)  can0  201   [6]  02 00 00 00 00 00
 (1789608380.000075)  can0  201   [6]  02 00 00 00 00 00
 (1789608380.010036)  can0  201   [6]  02 00 00 00 00 00
 (1789608380.020146)  can0  201   [6]  02 00 00 00 00 00
 (1789608380.030082)  can0  201   [6]  02 00 00 00 00 00
 (1789608380.034906)  can0  181   [8]  60 14 60 14 00 00 00 00
 (1789608380.035286)  can0  281   [5]  03 00 00 00 00
 (1789608380.040124)  can0  201   [6]  02 00 00 00 00 00
 (1789608380.050075)  can0  201   [6]  02 00 00 00 00 00
 (1789608380.060099)  can0  201   [6]  02 00 00 00 00 00
 (1789608380.070080)  can0  201   [6]  02 00 00 00 00 00
 (1789608380.080056)  can0  201   [6]  02 00 00 00 00 00
 (1789608380.084908)  can0  181   [8]  60 14 60 14 00 00 00 00
 (1789608380.085295)  can0  281   [5]  03 00 00 00 00
 (1789608380.090149)  can0  201   [6]  02 00 00 00 00 00
 (1789608380.100100)  can0  201   [6]  02 00 00 00 00 00
 (1789608380.110070)  can0  201   [6]  02 00 00 00 00 00
 (1789608380.113279)  can0  701   [1]  05
 (1789608380.119917)  can0  201   [6]  02 00 00 00 00 00
 (1789608380.129897)  can0  201   [6]  02 00 00 00 00 00
 (1789608380.134864)  can0  181   [8]  60 14 60 14 00 00 00 00
 (1789608380.135249)  can0  281   [5]  03 00 00 00 00
 (1789608380.140036)  can0  201   [6]  02 00 00 00 00 00
 (1789608380.150010)  can0  201   [6]  02 00 00 00 00 00
 (1789608380.159996)  can0  201   [6]  02 00 00 00 00 00
 (1789608380.169987)  can0  201   [6]  02 00 00 00 00 00
 (1789608380.179994)  can0  201   [6]  02 00 00 00 00 00
 (1789608380.184930)  can0  181   [8]  60 14 60 14 00 00 00 00
 (1789608380.185314)  can0  281   [5]  03 00 00 00 00
 (1789608380.189987)  can0  201   [6]  02 00 00 00 00 00
 (1789608380.199987)  can0  201   [6]  02 00 00 00 00 00
 (1789608380.210014)  can0  201   [6]  02 00 00 00 00 00
 (1789608380.219989)  can0  201   [6]  02 00 00 00 00 00
 (1789608380.229992)  can0  201   [6]  02 00 00 00 00 00
 (1789608380.234940)  can0  181   [8]  60 14 60 14 00 00 00 00
 (1789608380.235327)  can0  281   [5]  03 00 00 00 00
 (1789608380.239986)  can0  201   [6]  02 00 00 00 00 00
 (1789608380.249993)  can0  201   [6]  02 00 00 00 00 00
 (1789608380.259986)  can0  201   [6]  02 00 00 00 00 00
 (1789608380.269986)  can0  201   [6]  02 00 00 00 00 00
 (1789608380.279993)  can0  201   [6]  02 00 00 00 00 00
 (1789608380.284953)  can0  181   [8]  60 14 60 14 00 00 00 00
 (1789608380.285338)  can0  281   [5]  03 00 00 00 00
 (1789608380.290050)  can0  201   [6]  02 00 00 00 00 00
 (1789608380.300004)  can0  201   [6]  02 00 00 00 00 00
 (1789608380.309989)  can0  201   [6]  02 00 00 00 00 00
 (1789608380.319993)  can0  201   [6]  02 00 00 00 00 00
 (1789608380.330006)  can0  201   [6]  02 00 00 00 00 00
 (1789608380.334958)  can0  181   [8]  60 14 60 14 00 00 00 00
 (1789608380.335344)  can0  281   [5]  03 00 00 00 00
 (1789608380.340020)  can0  201   [6]  02 00 00 00 00 00
 (1789608380.349985)  can0  201   [6]  02 00 00 00 00 00
 (1789608380.359987)  can0  201   [6]  02 00 00 00 00 00
 (1789608380.362769)  can0  701   [1]  05
 (1789608380.369991)  can0  201   [6]  02 00 00 00 00 00
 (1789608380.379988)  can0  201   [6]  02 00 00 00 00 00
 (1789608380.384970)  can0  181   [8]  60 14 60 14 00 00 00 00
 (1789608380.385356)  can0  281   [5]  03 00 00 00 00
 (1789608380.389993)  can0  201   [6]  02 00 00 00 00 00
 (1789608380.399987)  can0  201   [6]  02 00 00 00 00 00
 (1789608380.409989)  can0  201   [6]  02 00 00 00 00 00
 (1789608380.419992)  can0  201   [6]  02 00 00 00 00 00
 (1789608380.430003)  can0  201   [6]  02 00 00 00 00 00
 (1789608380.434981)  can0  181   [8]  60 14 60 14 00 00 00 00
 (1789608380.435366)  can0  281   [5]  03 00 00 00 00
 (1789608380.440016)  can0  201   [6]  02 00 00 00 00 00
 (1789608380.450095)  can0  201   [6]  02 00 00 00 00 00
 (1789608380.460057)  can0  201   [6]  02 00 00 00 00 00
 (1789608380.470089)  can0  201   [6]  02 00 00 00 00 00
 (1789608380.480067)  can0  201   [6]  02 00 00 00 00 00
 (1789608380.485000)  can0  181   [8]  60 14 60 14 00 00 00 00
 (1789608380.485378)  can0  281   [5]  03 00 00 00 00
 (1789608380.490069)  can0  201   [6]  02 00 00 00 00 00
 (1789608380.500090)  can0  201   [6]  02 00 00 00 00 00
 (1789608380.510098)  can0  201   [6]  02 00 00 00 00 00
 (1789608380.520166)  can0  201   [6]  02 00 00 00 00 00
 (1789608380.530118)  can0  201   [6]  02 00 00 00 00 00
 (1789608380.535003)  can0  181   [8]  60 14 60 14 00 00 00 00
 (1789608380.535388)  can0  281   [5]  03 00 00 00 00
 (1789608380.540089)  can0  201   [6]  02 00 00 00 00 00
 (1789608380.550122)  can0  201   [6]  02 00 00 00 00 00
 (1789608380.560099)  can0  201   [6]  02 00 00 00 00 00
 (1789608380.570134)  can0  201   [6]  02 00 00 00 00 00
 (1789608380.580154)  can0  201   [6]  02 00 00 00 00 00
 (1789608380.585015)  can0  181   [8]  60 14 60 14 00 00 00 00
 (1789608380.585397)  can0  281   [5]  03 00 00 00 00
 (1789608380.590075)  can0  201   [6]  02 00 00 00 00 00
 (1789608380.600055)  can0  201   [6]  02 00 00 00 00 00
 (1789608380.610046)  can0  201   [6]  02 00 00 00 00 00
 (1789608380.612321)  can0  701   [1]  05
 (1789608380.620050)  can0  201   [6]  02 00 00 00 00 00
 (1789608380.630068)  can0  201   [6]  02 00 00 00 00 00
 (1789608380.635079)  can0  181   [8]  60 14 60 14 00 00 00 00
 (1789608380.635408)  can0  281   [5]  03 00 00 00 00
 (1789608380.639997)  can0  201   [6]  02 00 00 00 00 00
 (1789608380.649995)  can0  201   [6]  02 00 00 00 00 00
 (1789608380.659987)  can0  201   [6]  02 00 00 00 00 00
 (1789608380.669993)  can0  201   [6]  02 00 00 00 00 00
 (1789608380.679986)  can0  201   [6]  02 00 00 00 00 00
 (1789608380.685032)  can0  181   [8]  60 14 60 14 00 00 00 00
 (1789608380.685419)  can0  281   [5]  03 00 00 00 00
 (1789608380.690018)  can0  201   [6]  02 00 00 00 00 00
 (1789608380.699993)  can0  201   [6]  02 00 00 00 00 00
 (1789608380.709986)  can0  201   [6]  02 00 00 00 00 00
 (1789608380.719993)  can0  201   [6]  02 00 00 00 00 00
 (1789608380.729985)  can0  201   [6]  02 00 00 00 00 00
 (1789608380.735042)  can0  181   [8]  60 14 60 14 00 00 00 00
 (1789608380.735428)  can0  281   [5]  03 00 00 00 00
 (1789608380.739993)  can0  201   [6]  02 00 00 00 00 00
 (1789608380.749987)  can0  201   [6]  02 00 00 00 00 00
 (1789608380.759986)  can0  201   [6]  02 00 00 00 00 00
 (1789608380.770209)  can0  201   [6]  02 00 00 00 00 00
 (1789608380.780004)  can0  201   [6]  02 00 00 00 00 00
 (1789608380.785052)  can0  181   [8]  60 14 60 14 00 00 00 00
 (1789608380.785441)  can0  281   [5]  03 00 00 00 00
 (1789608380.789996)  can0  201   [6]  02 00 00 00 00 00
 (1789608380.799988)  can0  201   [6]  02 00 00 00 00 00
 (1789608380.810013)  can0  201   [6]  02 00 00 00 00 00
 (1789608380.819988)  can0  201   [6]  02 00 00 00 00 00
 (1789608380.829987)  can0  201   [6]  02 00 00 00 00 00
 (1789608380.835063)  can0  181   [8]  60 14 60 14 00 00 00 00
 (1789608380.835449)  can0  281   [5]  03 00 00 00 00
 (1789608380.839993)  can0  201   [6]  02 00 00 00 00 00
 (1789608380.849987)  can0  201   [6]  02 00 00 00 00 00
 (1789608380.859994)  can0  201   [6]  02 00 00 00 00 00
 (1789608380.861874)  can0  701   [1]  05
 (1789608380.869988)  can0  201   [6]  02 00 00 00 00 00
 (1789608380.879992)  can0  201   [6]  02 00 00 00 00 00
 (1789608380.885073)  can0  181   [8]  60 14 60 14 00 00 00 00
 (1789608380.885460)  can0  281   [5]  03 00 00 00 00
 (1789608380.889985)  can0  201   [6]  02 00 00 00 00 00
 (1789608380.899984)  can0  201   [6]  02 00 00 00 00 00
 (1789608380.909993)  can0  201   [6]  02 00 00 00 00 00
 (1789608380.919996)  can0  201   [6]  02 00 00 00 00 00
 (1789608380.930094)  can0  201   [6]  02 00 00 00 00 00
 (1789608380.935085)  can0  181   [8]  60 14 60 14 00 00 00 00
 (1789608380.935469)  can0  281   [5]  03 00 00 00 00
 (1789608380.940083)  can0  201   [6]  02 00 00 00 00 00
 (1789608380.950050)  can0  201   [6]  02 00 00 00 00 00
 (1789608380.960075)  can0  201   [6]  02 00 00 00 00 00
 (1789608380.970082)  can0  201   [6]  02 00 00 00 00 00
 (1789608380.980068)  can0  201   [6]  02 00 00 00 00 00
 (1789608380.985095)  can0  181   [8]  60 14 60 14 00 00 00 00
 (1789608380.985481)  can0  281   [5]  03 00 00 00 00
 (1789608380.990164)  can0  201   [6]  02 00 00 00 00 00
 (1789608381.000059)  can0  201   [6]  02 00 00 00 00 00
 (1789608381.010157)  can0  201   [6]  02 00 00 00 00 00
 (1789608381.020106)  can0  201   [6]  02 00 00 00 00 00
 (1789608381.030106)  can0  201   [6]  02 00 00 00 00 00
 (1789608381.035111)  can0  181   [8]  60 14 60 14 00 00 00 00
 (1789608381.035494)  can0  281   [5]  03 00 00 00 00
 (1789608381.040112)  can0  201   [6]  02 00 00 00 00 00
 (1789608381.050075)  can0  201   [6]  02 00 00 00 00 00
 (1789608381.060065)  can0  201   [6]  02 00 00 00 00 00
 (1789608381.070132)  can0  201   [6]  02 00 00 00 00 00
 (1789608381.080097)  can0  201   [6]  02 00 00 00 00 00
 (1789608381.085113)  can0  181   [8]  60 14 60 14 00 00 00 00
 (1789608381.085496)  can0  281   [5]  03 00 00 00 00
 (1789608381.090095)  can0  201   [6]  02 00 00 00 00 00
 (1789608381.100083)  can0  201   [6]  02 00 00 00 00 00
 (1789608381.110079)  can0  201   [6]  02 00 00 00 00 00
 (1789608381.111364)  can0  701   [1]  05
 (1789608381.120086)  can0  201   [6]  02 00 00 00 00 00
 (1789608381.130026)  can0  201   [6]  02 00 00 00 00 00
 (1789608381.135122)  can0  181   [8]  60 14 60 14 00 00 00 00
 (1789608381.135509)  can0  281   [5]  03 00 00 00 00
 (1789608381.140017)  can0  201   [6]  02 00 00 00 00 00
 (1789608381.150005)  can0  201   [6]  02 00 00 00 00 00
 (1789608381.160001)  can0  201   [6]  02 00 00 00 00 00
 (1789608381.169991)  can0  201   [6]  02 00 00 00 00 00
 (1789608381.179991)  can0  201   [6]  02 00 00 00 00 00
 (1789608381.185133)  can0  181   [8]  60 14 60 14 00 00 00 00
 (1789608381.185518)  can0  281   [5]  03 00 00 00 00
 (1789608381.189992)  can0  201   [6]  02 00 00 00 00 00
 (1789608381.199986)  can0  201   [6]  02 00 00 00 00 00
 (1789608381.209992)  can0  201   [6]  02 00 00 00 00 00
 (1789608381.219986)  can0  201   [6]  02 00 00 00 00 00
 (1789608381.229991)  can0  201   [6]  02 00 00 00 00 00
 (1789608381.235144)  can0  181   [8]  60 14 60 14 00 00 00 00
 (1789608381.235588)  can0  281   [5]  03 00 00 00 00
 (1789608381.239986)  can0  201   [6]  02 00 00 00 00 00
 (1789608381.249984)  can0  201   [6]  02 00 00 00 00 00
 (1789608381.260084)  can0  201   [6]  02 00 00 00 00 00
 (1789608381.270012)  can0  201   [6]  02 00 00 00 00 00
 (1789608381.279996)  can0  201   [6]  02 00 00 00 00 00
 (1789608381.285153)  can0  181   [8]  60 14 60 14 00 00 00 00
 (1789608381.285542)  can0  281   [5]  03 00 00 00 00
 (1789608381.289988)  can0  201   [6]  02 00 00 00 00 00
 (1789608381.299996)  can0  201   [6]  02 00 00 00 00 00
 (1789608381.309985)  can0  201   [6]  02 00 00 00 00 00
 (1789608381.319989)  can0  201   [6]  02 00 00 00 00 00
 (1789608381.329997)  can0  201   [6]  02 00 00 00 00 00
 (1789608381.335165)  can0  181   [8]  60 14 60 14 00 00 00 00
 (1789608381.335550)  can0  281   [5]  03 00 00 00 00
 (1789608381.339990)  can0  201   [6]  02 00 00 00 00 00
 (1789608381.349994)  can0  201   [6]  02 00 00 00 00 00
 (1789608381.359987)  can0  201   [6]  02 00 00 00 00 00
 (1789608381.360861)  can0  701   [1]  05
 (1789608381.369992)  can0  201   [6]  02 00 00 00 00 00
 (1789608381.379985)  can0  201   [6]  02 00 00 00 00 00
 (1789608381.385175)  can0  181   [8]  60 14 60 14 00 00 00 00
 (1789608381.385563)  can0  281   [5]  03 00 00 00 00
 (1789608381.389987)  can0  201   [6]  02 00 00 00 00 00
 (1789608381.400003)  can0  201   [6]  02 00 00 00 00 00
 (1789608381.409994)  can0  201   [6]  02 00 00 00 00 00
 (1789608381.420076)  can0  201   [6]  06 00 00 00 00 00
 (1789608381.430044)  can0  201   [6]  06 00 00 00 00 00
 (1789608381.435182)  can0  181   [8]  21 14 21 14 00 00 00 00
 (1789608381.435570)  can0  281   [5]  03 00 00 00 00
 (1789608381.440091)  can0  201   [6]  07 00 00 00 00 00
 (1789608381.450077)  can0  201   [6]  07 00 00 00 00 00
 (1789608381.460101)  can0  201   [6]  07 00 00 00 00 00
 (1789608381.470135)  can0  201   [6]  07 00 00 00 00 00
 (1789608381.480158)  can0  201   [6]  07 00 00 00 00 00
 (1789608381.485190)  can0  181   [8]  23 14 23 14 00 00 00 00
 (1789608381.485573)  can0  281   [5]  03 00 00 00 00
 (1789608381.490060)  can0  201   [6]  0F 00 00 00 00 00
 (1789608381.500151)  can0  201   [6]  0F 00 00 00 00 00
 (1789608381.510105)  can0  201   [6]  0F 00 00 00 00 00
 (1789608381.520114)  can0  201   [6]  0F 00 00 00 00 00
 (1789608381.530096)  can0  201   [6]  0F 00 00 00 00 00
 (1789608381.535136)  can0  181   [8]  27 14 27 14 00 00 00 00
 (1789608381.535521)  can0  281   [5]  03 00 00 00 00
 (1789608381.540060)  can0  201   [6]  0F 00 00 00 00 00
 (1789608381.550092)  can0  201   [6]  0F 00 00 00 00 00
 (1789608381.560110)  can0  201   [6]  0F 00 00 00 00 00
 (1789608381.570066)  can0  201   [6]  0F 00 00 00 00 00
 (1789608381.580070)  can0  201   [6]  0F 00 00 00 00 00
 (1789608381.585083)  can0  181   [8]  27 14 27 14 00 00 00 00
 (1789608381.585468)  can0  281   [5]  03 00 00 00 00
 (1789608381.590046)  can0  201   [6]  0F 00 00 00 00 00
 (1789608381.600049)  can0  201   [6]  0F 00 00 00 00 00
 (1789608381.610029)  can0  201   [6]  0F 00 00 00 00 00
 (1789608381.610466)  can0  701   [1]  05
 (1789608381.620001)  can0  201   [6]  0F 00 00 00 00 00
 (1789608381.629999)  can0  201   [6]  0F 00 00 00 00 00
 (1789608381.635030)  can0  181   [8]  27 14 27 14 00 00 00 00
 (1789608381.635417)  can0  281   [5]  03 00 00 00 00
 (1789608381.639991)  can0  201   [6]  0F 00 00 00 00 00
 (1789608381.649996)  can0  201   [6]  0F 00 00 00 00 00
 (1789608381.659990)  can0  201   [6]  0F 00 00 00 00 00
 (1789608381.669991)  can0  201   [6]  0F 00 00 00 00 00
 (1789608381.679999)  can0  201   [6]  0F 00 00 00 00 00
 (1789608381.684977)  can0  181   [8]  27 14 27 14 00 00 00 00
 (1789608381.685365)  can0  281   [5]  03 00 00 00 00
 (1789608381.689992)  can0  201   [6]  0F 00 00 00 00 00
 (1789608381.699987)  can0  201   [6]  0F 00 00 00 00 00
 (1789608381.710006)  can0  201   [6]  0F 00 00 00 00 00
 (1789608381.720028)  can0  201   [6]  0F 00 00 00 00 00
 (1789608381.730061)  can0  201   [6]  0F 00 00 00 00 00
 (1789608381.734928)  can0  181   [8]  27 14 27 14 00 00 00 00
 (1789608381.735315)  can0  281   [5]  03 00 00 00 00
 (1789608381.740009)  can0  201   [6]  0F 00 00 00 00 00
 (1789608381.750124)  can0  201   [6]  0F 00 00 00 00 00
 (1789608381.760109)  can0  201   [6]  0F 00 00 00 00 00
 (1789608381.770066)  can0  201   [6]  0F 00 00 00 00 00
 (1789608381.780033)  can0  201   [6]  0F 00 00 00 00 00
 (1789608381.784873)  can0  181   [8]  27 14 27 14 00 00 00 00
 (1789608381.785261)  can0  281   [5]  03 00 00 00 00
 (1789608381.790000)  can0  201   [6]  0F 00 00 00 00 00
 (1789608381.799993)  can0  201   [6]  0F 00 00 00 00 00
 (1789608381.809992)  can0  201   [6]  0F 00 00 00 00 00
 (1789608381.819996)  can0  201   [6]  0F 00 00 00 00 00
 (1789608381.829992)  can0  201   [6]  0F 00 00 00 00 00
 (1789608381.834821)  can0  181   [8]  27 14 27 14 00 00 00 00
 (1789608381.835151)  can0  281   [5]  03 00 00 00 00
 (1789608381.839995)  can0  201   [6]  0F 00 00 00 00 00
 (1789608381.849992)  can0  201   [6]  0F 00 00 00 00 00
 (1789608381.859998)  can0  201   [6]  0F 00 00 00 00 00
 (1789608381.860064)  can0  701   [1]  05
 (1789608381.869995)  can0  201   [6]  0F 00 00 00 00 00
 (1789608381.879996)  can0  201   [6]  0F 00 00 00 00 00
 (1789608381.884768)  can0  181   [8]  27 14 27 14 00 00 00 00
 (1789608381.885155)  can0  281   [5]  03 00 00 00 00
 (1789608381.890011)  can0  201   [6]  0F 00 00 00 00 00
 (1789608381.899999)  can0  201   [6]  0F 00 00 00 00 00
 (1789608381.910073)  can0  201   [6]  0F 00 00 00 00 00
 (1789608381.920039)  can0  201   [6]  0F 00 00 00 00 00
 (1789608381.930086)  can0  201   [6]  0F 00 00 00 00 00
 (1789608381.934720)  can0  181   [8]  27 14 27 14 00 00 00 00
 (1789608381.935104)  can0  281   [5]  03 00 00 00 00
 (1789608381.940055)  can0  201   [6]  0F 00 00 00 00 00
 (1789608381.950126)  can0  201   [6]  0F 00 00 00 00 00
 (1789608381.960048)  can0  201   [6]  0F 00 00 00 00 00
 (1789608381.970134)  can0  201   [6]  0F 00 00 00 00 00
 (1789608381.980084)  can0  201   [6]  0F 00 00 00 00 00
 (1789608381.984675)  can0  181   [8]  27 14 27 14 00 00 00 00
 (1789608381.985052)  can0  281   [5]  03 00 00 00 00
 (1789608381.990117)  can0  201   [6]  0F 00 00 00 00 00
 (1789608382.000083)  can0  201   [6]  0F 00 00 00 00 00
 (1789608382.010111)  can0  201   [6]  0F 00 00 00 00 00
 (1789608382.020096)  can0  201   [6]  0F 00 00 00 00 00
 (1789608382.030057)  can0  201   [6]  0F 00 00 00 00 00
 (1789608382.034613)  can0  181   [8]  27 14 27 14 00 00 00 00
 (1789608382.035001)  can0  281   [5]  03 00 00 00 00
 (1789608382.040100)  can0  201   [6]  0F 00 00 00 00 00
 (1789608382.050076)  can0  201   [6]  0F 00 00 00 00 00
 (1789608382.059986)  can0  201   [6]  0F 00 00 00 00 00
 (1789608382.070038)  can0  201   [6]  0F 00 00 00 00 00
 (1789608382.079970)  can0  201   [6]  0F 00 00 00 00 00
 (1789608382.084559)  can0  181   [8]  27 14 27 14 00 00 00 00
 (1789608382.084952)  can0  281   [5]  03 00 00 00 00
 (1789608382.090223)  can0  201   [6]  0F 00 00 00 00 00
 (1789608382.100012)  can0  201   [6]  0F 00 00 00 00 00
 (1789608382.109507)  can0  701   [1]  05
 (1789608382.109870)  can0  201   [6]  0F 00 00 00 00 00
 (1789608382.119999)  can0  201   [6]  0F 00 00 00 00 00
 (1789608382.129993)  can0  201   [6]  0F 00 00 00 00 00
 (1789608382.134509)  can0  181   [8]  27 14 27 14 00 00 00 00
 (1789608382.134896)  can0  281   [5]  03 00 00 00 00
 (1789608382.139999)  can0  201   [6]  0F 00 00 00 00 00
 (1789608382.149991)  can0  201   [6]  0F 00 00 00 00 00
 (1789608382.159991)  can0  201   [6]  0F 00 00 00 00 00
 (1789608382.169997)  can0  201   [6]  0F 00 00 00 00 00
 (1789608382.179991)  can0  201   [6]  0F 00 00 00 00 00
 (1789608382.184453)  can0  181   [8]  27 14 27 14 00 00 00 00
 (1789608382.184845)  can0  281   [5]  03 00 00 00 00
 (1789608382.189997)  can0  201   [6]  0F 00 00 00 00 00
 (1789608382.199992)  can0  201   [6]  0F 00 00 00 00 00
 (1789608382.209998)  can0  201   [6]  0F 00 00 00 00 00
 (1789608382.219992)  can0  201   [6]  0F 00 00 00 00 00
 (1789608382.230021)  can0  201   [6]  0F 00 00 00 00 00
 (1789608382.234360)  can0  181   [8]  27 14 27 14 00 00 00 00
 (1789608382.234791)  can0  281   [5]  03 00 00 00 00
 (1789608382.240032)  can0  201   [6]  0F 00 00 00 00 00
 (1789608382.249999)  can0  201   [6]  0F 00 00 00 00 00
 (1789608382.259995)  can0  201   [6]  0F 00 00 00 00 00
 (1789608382.269991)  can0  201   [6]  0F 00 00 00 00 00
 (1789608382.279997)  can0  201   [6]  0F 00 00 00 00 00
 (1789608382.284351)  can0  181   [8]  27 14 27 14 00 00 00 00
 (1789608382.284741)  can0  281   [5]  03 00 00 00 00
 (1789608382.289993)  can0  201   [6]  0F 00 00 00 00 00
 (1789608382.299992)  can0  201   [6]  0F 00 00 00 00 00
 (1789608382.309994)  can0  201   [6]  0F 00 00 00 00 00
 (1789608382.319993)  can0  201   [6]  0F 00 00 00 00 00
 (1789608382.329996)  can0  201   [6]  0F 00 00 00 00 00
 (1789608382.334299)  can0  181   [8]  27 14 27 14 00 00 00 00
 (1789608382.334685)  can0  281   [5]  03 00 00 00 00
 (1789608382.339991)  can0  201   [6]  0F 00 00 00 00 00
 (1789608382.349999)  can0  201   [6]  0F 00 00 00 00 00
 (1789608382.359058)  can0  701   [1]  05
 (1789608382.359420)  can0  201   [6]  0F 00 00 00 00 00
 (1789608382.369991)  can0  201   [6]  0F 00 00 00 00 00
 (1789608382.380012)  can0  201   [6]  0F 00 00 00 00 00
 (1789608382.384309)  can0  181   [8]  27 14 27 14 00 00 00 00
 (1789608382.384696)  can0  281   [5]  03 00 00 00 00
 (1789608382.390038)  can0  201   [6]  0F 00 00 00 00 00
 (1789608382.400066)  can0  201   [6]  0F 00 00 00 00 00
 (1789608382.410028)  can0  201   [6]  0F 00 00 00 00 00
 (1789608382.420105)  can0  201   [6]  0F 00 00 00 00 00
 (1789608382.430058)  can0  201   [6]  0F 00 00 00 00 00
 (1789608382.434339)  can0  181   [8]  27 14 27 14 00 00 00 00
 (1789608382.434707)  can0  281   [5]  03 00 00 00 00
 (1789608382.440099)  can0  201   [6]  0F 00 00 00 00 00
 (1789608382.450166)  can0  201   [6]  0F 00 00 00 00 00
 (1789608382.460073)  can0  201   [6]  0F 00 00 00 00 00
 (1789608382.470200)  can0  201   [6]  0F 00 00 00 00 00
 (1789608382.480096)  can0  201   [6]  0F 00 00 00 00 00
 (1789608382.484277)  can0  181   [8]  27 14 27 14 00 00 00 00
 (1789608382.484656)  can0  281   [5]  03 00 00 00 00
 (1789608382.490106)  can0  201   [6]  0F 00 00 00 00 00
 (1789608382.500102)  can0  201   [6]  0F 00 00 00 00 00
 (1789608382.510082)  can0  201   [6]  0F 00 00 00 00 00
 (1789608382.520045)  can0  201   [6]  0F 00 00 00 00 00
 (1789608382.530103)  can0  201   [6]  0F 00 00 00 00 00
 (1789608382.534342)  can0  181   [8]  27 14 27 14 00 00 00 00
 (1789608382.534603)  can0  281   [5]  03 00 00 00 00
 (1789608382.540071)  can0  201   [6]  0F 00 00 00 00 00
 (1789608382.550046)  can0  201   [6]  0F 00 00 00 00 00
 (1789608382.560041)  can0  201   [6]  0F 00 00 00 00 00
 (1789608382.570026)  can0  201   [6]  0F 00 00 00 00 00
 (1789608382.580062)  can0  201   [6]  0F 00 00 00 00 00
 (1789608382.584352)  can0  181   [8]  27 14 27 14 00 00 00 00
 (1789608382.584551)  can0  281   [5]  03 00 00 00 00
 (1789608382.590007)  can0  201   [6]  0F 00 00 00 00 00
 (1789608382.599995)  can0  201   [6]  0F 00 00 00 00 00
 (1789608382.608673)  can0  701   [1]  05
 (1789608382.610002)  can0  201   [6]  0F 00 00 00 00 00
 (1789608382.619990)  can0  201   [6]  0F 00 00 00 00 00
 (1789608382.629998)  can0  201   [6]  0F 00 00 00 00 00
 (1789608382.634350)  can0  181   [8]  27 14 27 14 00 00 00 00
 (1789608382.634549)  can0  281   [5]  03 00 00 00 00
 (1789608382.639991)  can0  201   [6]  0F 00 00 00 00 00
 (1789608382.649991)  can0  201   [6]  0F 00 00 00 00 00
 (1789608382.659995)  can0  201   [6]  0F 00 00 00 00 00
 (1789608382.669991)  can0  201   [6]  0F 00 00 00 00 00
 (1789608382.679997)  can0  201   [6]  0F 00 00 00 00 00
 (1789608382.684370)  can0  181   [8]  27 14 27 14 00 00 00 00
 (1789608382.684560)  can0  281   [5]  03 00 00 00 00
 (1789608382.689992)  can0  201   [6]  0F 00 00 00 00 00
 (1789608382.699999)  can0  201   [6]  0F 00 00 00 00 00
 (1789608382.709991)  can0  201   [6]  0F 00 00 00 00 00
 (1789608382.720143)  can0  201   [6]  0F 00 00 00 00 00
 (1789608382.730010)  can0  201   [6]  0F 00 00 00 00 00
 (1789608382.734381)  can0  181   [8]  27 14 27 14 00 00 00 00
 (1789608382.734573)  can0  281   [5]  03 00 00 00 00
 (1789608382.739994)  can0  201   [6]  0F 00 00 00 00 00
 (1789608382.749998)  can0  201   [6]  0F 00 00 00 00 00
 (1789608382.759992)  can0  201   [6]  0F 00 00 00 00 00
 (1789608382.769998)  can0  201   [6]  0F 00 00 00 00 00
 (1789608382.779991)  can0  201   [6]  0F 00 00 00 00 00
 (1789608382.784391)  can0  181   [8]  27 14 27 14 00 00 00 00
 (1789608382.784581)  can0  281   [5]  03 00 00 00 00
 (1789608382.789991)  can0  201   [6]  0F 00 00 00 00 00
 (1789608382.799997)  can0  201   [6]  0F 00 00 00 00 00
 (1789608382.809992)  can0  201   [6]  0F 00 00 00 00 00
 (1789608382.819997)  can0  201   [6]  0F 00 00 00 00 00
 (1789608382.829992)  can0  201   [6]  0F 00 00 00 00 00
 (1789608382.834350)  can0  181   [8]  27 14 27 14 00 00 00 00
 (1789608382.834594)  can0  281   [5]  03 00 00 00 00
 (1789608382.839996)  can0  201   [6]  0F 00 00 00 00 00
 (1789608382.849992)  can0  201   [6]  0F 00 00 00 00 00
 (1789608382.858167)  can0  701   [1]  05
 (1789608382.860003)  can0  201   [6]  0F 00 00 00 00 00
 (1789608382.870004)  can0  201   [6]  0F 00 00 00 00 00
 (1789608382.880050)  can0  201   [6]  0F 00 00 00 00 00
 (1789608382.884414)  can0  181   [8]  27 14 27 14 00 00 00 00
 (1789608382.884601)  can0  281   [5]  03 00 00 00 00
 (1789608382.890059)  can0  201   [6]  0F 00 00 00 00 00
 (1789608382.900025)  can0  201   [6]  0F 00 00 00 00 00
 (1789608382.910041)  can0  201   [6]  0F 00 00 00 00 00
 (1789608382.920019)  can0  201   [6]  0F 00 00 00 00 00
 (1789608382.930060)  can0  201   [6]  0F 00 00 00 00 00
 (1789608382.934423)  can0  181   [8]  27 14 27 14 00 00 00 00
 (1789608382.934614)  can0  281   [5]  03 00 00 00 00
 (1789608382.940004)  can0  201   [6]  0F 00 00 00 00 00
 (1789608382.949993)  can0  201   [6]  0F 00 00 00 00 00
 (1789608382.959997)  can0  201   [6]  0F 00 00 00 00 00
 (1789608382.969990)  can0  201   [6]  0F 00 00 00 00 00
 (1789608382.979999)  can0  201   [6]  0F 00 00 00 00 00
 (1789608382.984431)  can0  181   [8]  27 14 27 14 00 00 00 00
 (1789608382.984624)  can0  281   [5]  03 00 00 00 00
 (1789608382.989936)  can0  201   [6]  0F 00 00 00 00 00
 (1789608382.999992)  can0  201   [6]  0F 00 00 00 00 00
 (1789608383.009997)  can0  201   [6]  0F 00 00 00 00 00
 (1789608383.019991)  can0  201   [6]  0F 00 00 00 00 00
 (1789608383.029999)  can0  201   [6]  0F 00 00 00 00 00
 (1789608383.034440)  can0  181   [8]  27 14 27 14 00 00 00 00
 (1789608383.034632)  can0  281   [5]  03 00 00 00 00
 (1789608383.039991)  can0  201   [6]  0F 00 00 00 00 00
 (1789608383.049999)  can0  201   [6]  0F 00 00 00 00 00
 (1789608383.059992)  can0  201   [6]  0F 00 00 00 00 00
 (1789608383.070130)  can0  201   [6]  0F 00 00 00 00 00
 (1789608383.080013)  can0  201   [6]  0F 00 00 00 00 00
 (1789608383.084453)  can0  181   [8]  27 14 27 14 00 00 00 00
 (1789608383.084644)  can0  281   [5]  03 00 00 00 00
 (1789608383.089994)  can0  201   [6]  0F 00 00 00 00 00
 (1789608383.099999)  can0  201   [6]  0F 00 00 00 00 00
 (1789608383.107713)  can0  701   [1]  05
 (1789608383.109993)  can0  201   [6]  0F 00 00 00 00 00
 (1789608383.119999)  can0  201   [6]  0F 00 00 00 00 00
 (1789608383.129993)  can0  201   [6]  0F 00 00 00 00 00
 (1789608383.134462)  can0  181   [8]  27 14 27 14 00 00 00 00
 (1789608383.134654)  can0  281   [5]  03 00 00 00 00
 (1789608383.139992)  can0  201   [6]  0F 00 00 00 00 00
 (1789608383.149997)  can0  201   [6]  0F 00 00 00 00 00
 (1789608383.159994)  can0  201   [6]  0F 00 00 00 00 00
 (1789608383.169993)  can0  201   [6]  0F 00 00 00 00 00
 (1789608383.179995)  can0  201   [6]  0F 00 00 00 00 00
 (1789608383.184471)  can0  181   [8]  27 14 27 14 00 00 00 00
 (1789608383.184663)  can0  281   [5]  03 00 00 00 00
 (1789608383.189997)  can0  201   [6]  0F 00 00 00 00 00
 (1789608383.199992)  can0  201   [6]  0F 00 00 00 00 00
 (1789608383.210000)  can0  201   [6]  0F 00 00 00 00 00
 (1789608383.220008)  can0  201   [6]  0F 00 00 00 00 00
 (1789608383.230051)  can0  201   [6]  0F 00 00 00 00 00
 (1789608383.234485)  can0  181   [8]  27 14 27 14 00 00 00 00
 (1789608383.234673)  can0  281   [5]  03 00 00 00 00
 (1789608383.240050)  can0  201   [6]  0F 00 00 00 00 00
 (1789608383.250022)  can0  201   [6]  0F 00 00 00 00 00
 (1789608383.260029)  can0  201   [6]  0F 00 00 00 00 00
 (1789608383.270014)  can0  201   [6]  0F 00 00 00 00 00
 (1789608383.280028)  can0  201   [6]  0F 00 00 00 00 00
 (1789608383.284494)  can0  181   [8]  27 14 27 14 00 00 00 00
 (1789608383.284683)  can0  281   [5]  03 00 00 00 00
 (1789608383.290002)  can0  201   [6]  0F 00 00 00 00 00
 (1789608383.299994)  can0  201   [6]  0F 00 00 00 00 00
 (1789608383.309998)  can0  201   [6]  0F 00 00 00 00 00
 (1789608383.319991)  can0  201   [6]  0F 00 00 00 00 00
 (1789608383.329995)  can0  201   [6]  0F 00 00 00 00 00
 (1789608383.334503)  can0  181   [8]  27 14 27 14 00 00 00 00
 (1789608383.334694)  can0  281   [5]  03 00 00 00 00
 (1789608383.339991)  can0  201   [6]  0F 00 00 00 00 00
 (1789608383.349990)  can0  201   [6]  0F 00 00 00 00 00
 (1789608383.357267)  can0  701   [1]  05
 (1789608383.359996)  can0  201   [6]  0F 00 00 00 00 00
 (1789608383.369991)  can0  201   [6]  0F 00 00 00 00 00
 (1789608383.379997)  can0  201   [6]  0F 00 00 00 00 00
 (1789608383.384511)  can0  181   [8]  27 14 27 14 00 00 00 00
 (1789608383.384702)  can0  281   [5]  03 00 00 00 00
 (1789608383.389991)  can0  201   [6]  0F 00 00 00 00 00
 (1789608383.399996)  can0  201   [6]  0F 00 00 00 00 00
 (1789608383.409992)  can0  201   [6]  0F 00 00 00 00 00
 (1789608383.420103)  can0  201   [6]  0F 00 00 00 00 00
 (1789608383.430003)  can0  201   [6]  0F 00 00 00 00 00
 (1789608383.434524)  can0  181   [8]  27 14 27 14 00 00 00 00
 (1789608383.434713)  can0  281   [5]  03 00 00 00 00
 (1789608383.439993)  can0  201   [6]  0F 00 00 00 00 00
 (1789608383.449997)  can0  201   [6]  0F 00 00 00 00 00
 (1789608383.459992)  can0  201   [6]  0F 00 00 00 00 00
 (1789608383.469997)  can0  201   [6]  0F 00 00 00 00 00
 (1789608383.479992)  can0  201   [6]  0F 00 00 00 00 00
 (1789608383.484533)  can0  181   [8]  27 14 27 14 00 00 00 00
 (1789608383.484726)  can0  281   [5]  03 00 00 00 00
 (1789608383.489991)  can0  201   [6]  0F 00 00 00 00 00
 (1789608383.499996)  can0  201   [6]  0F 00 00 00 00 00
 (1789608383.509994)  can0  201   [6]  0F 00 00 00 00 00
 (1789608383.520001)  can0  201   [6]  0F 00 00 00 00 00
 (1789608383.529992)  can0  201   [6]  0F 00 00 00 00 00
 (1789608383.534487)  can0  181   [8]  27 14 27 14 00 00 00 00
 (1789608383.534734)  can0  281   [5]  03 00 00 00 00
 (1789608383.539996)  can0  201   [6]  0F 00 00 00 00 00
 (1789608383.549990)  can0  201   [6]  0F 00 00 00 00 00
 (1789608383.560005)  can0  201   [6]  0F 00 00 00 00 00
 (1789608383.570001)  can0  201   [6]  0F 00 00 00 00 00
 (1789608383.580063)  can0  201   [6]  0F 00 00 00 00 00
 (1789608383.584558)  can0  181   [8]  27 14 27 14 00 00 00 00
 (1789608383.584752)  can0  281   [5]  03 00 00 00 00
 (1789608383.590049)  can0  201   [6]  0F 00 00 00 00 00
 (1789608383.600083)  can0  201   [6]  0F 00 00 00 00 00
 (1789608383.606763)  can0  701   [1]  05
 (1789608383.610064)  can0  201   [6]  0F 00 00 00 00 00
 (1789608383.620107)  can0  201   [6]  0F 00 00 00 00 00
 (1789608383.630045)  can0  201   [6]  0F 00 00 00 00 00
 (1789608383.634511)  can0  181   [8]  27 14 27 14 00 00 00 00
 (1789608383.634698)  can0  281   [5]  03 00 00 00 00
 (1789608383.640151)  can0  201   [6]  0F 00 00 00 00 00
 (1789608383.650026)  can0  201   [6]  0F 00 00 00 00 00
 (1789608383.660150)  can0  201   [6]  0F 00 00 00 00 00
 (1789608383.670090)  can0  201   [6]  0F 00 00 00 00 00
 (1789608383.680112)  can0  201   [6]  0F 00 00 00 00 00
 (1789608383.684582)  can0  181   [8]  27 14 27 14 00 00 00 00
 (1789608383.684771)  can0  281   [5]  03 00 00 00 00
 (1789608383.690079)  can0  201   [6]  0F 00 00 00 00 00
 (1789608383.700039)  can0  201   [6]  0F 00 00 00 00 00
 (1789608383.710042)  can0  201   [6]  0F 00 00 00 00 00
 (1789608383.720126)  can0  201   [6]  0F 00 00 00 00 00
 (1789608383.730077)  can0  201   [6]  0F 00 00 00 00 00
 (1789608383.734584)  can0  181   [8]  27 14 27 14 00 00 00 00
 (1789608383.734774)  can0  281   [5]  03 00 00 00 00
 (1789608383.740061)  can0  201   [6]  0F 00 00 00 00 00
 (1789608383.750041)  can0  201   [6]  0F 00 00 00 00 00
 (1789608383.760033)  can0  201   [6]  0F 00 00 00 00 00
 (1789608383.770025)  can0  201   [6]  0F 00 00 00 00 00
 (1789608383.780002)  can0  201   [6]  0F 00 00 00 00 00
 (1789608383.784596)  can0  181   [8]  27 14 27 14 00 00 00 00
 (1789608383.784786)  can0  281   [5]  03 00 00 00 00
 (1789608383.789993)  can0  201   [6]  0F 00 00 00 00 00
 (1789608383.799997)  can0  201   [6]  0F 00 00 00 00 00
 (1789608383.809990)  can0  201   [6]  0F 00 00 00 00 00
 (1789608383.819997)  can0  201   [6]  0F 00 00 00 00 00
 (1789608383.829991)  can0  201   [6]  0F 00 00 00 00 00
 (1789608383.834604)  can0  181   [8]  27 14 27 14 00 00 00 00
 (1789608383.834797)  can0  281   [5]  03 00 00 00 00
 (1789608383.839990)  can0  201   [6]  0F 00 00 00 00 00
 (1789608383.849996)  can0  201   [6]  0F 00 00 00 00 00
 (1789608383.856310)  can0  701   [1]  05
 (1789608383.859989)  can0  201   [6]  0F 00 00 00 00 00
 (1789608383.869996)  can0  201   [6]  0F 00 00 00 00 00
 (1789608383.879990)  can0  201   [6]  0F 00 00 00 00 00
 (1789608383.884615)  can0  181   [8]  27 14 27 14 00 00 00 00
 (1789608383.884806)  can0  281   [5]  03 00 00 00 00
 (1789608383.889996)  can0  201   [6]  0F 00 00 00 00 00
 (1789608383.899991)  can0  201   [6]  0F 00 00 00 00 00
 (1789608383.910094)  can0  201   [6]  0F 00 00 00 00 00
 (1789608383.920005)  can0  201   [6]  0F 00 00 00 00 00
 (1789608383.930005)  can0  201   [6]  0F 00 00 00 00 00
 (1789608383.934626)  can0  181   [8]  27 14 27 14 00 00 00 00
 (1789608383.934816)  can0  281   [5]  03 00 00 00 00
 (1789608383.939952)  can0  201   [6]  0F 00 00 00 00 00
 (1789608383.949992)  can0  201   [6]  0F 00 00 00 00 00
 (1789608383.959996)  can0  201   [6]  0F 00 00 00 00 00
 (1789608383.969992)  can0  201   [6]  0F 00 00 00 00 00
 (1789608383.979990)  can0  201   [6]  0F 00 00 00 00 00
 (1789608383.984635)  can0  181   [8]  27 14 27 14 00 00 00 00
 (1789608383.984827)  can0  281   [5]  03 00 00 00 00
 (1789608383.989996)  can0  201   [6]  0F 00 00 00 00 00
 (1789608383.999990)  can0  201   [6]  0F 00 00 00 00 00
 (1789608384.009994)  can0  201   [6]  0F 00 00 00 00 00
 (1789608384.019991)  can0  201   [6]  0F 00 00 00 00 00
 (1789608384.029997)  can0  201   [6]  0F 00 00 00 00 00
 (1789608384.034648)  can0  181   [8]  27 14 27 14 00 00 00 00
 (1789608384.034837)  can0  281   [5]  03 00 00 00 00
 (1789608384.039990)  can0  201   [6]  0F 00 00 00 00 00
 (1789608384.050003)  can0  201   [6]  0F 00 00 00 00 00
 (1789608384.060006)  can0  201   [6]  0F 00 00 00 00 00
 (1789608384.070090)  can0  201   [6]  0F 00 00 00 00 00
 (1789608384.080050)  can0  201   [6]  0F 00 00 00 00 00
 (1789608384.084657)  can0  181   [8]  27 14 27 14 00 00 00 00
 (1789608384.084847)  can0  281   [5]  03 00 00 00 00
 (1789608384.090036)  can0  201   [6]  0F 00 00 00 00 00
 (1789608384.100028)  can0  201   [6]  0F 00 00 00 00 00
 (1789608384.105861)  can0  701   [1]  05
 (1789608384.110023)  can0  201   [6]  0F 00 00 00 00 00
 (1789608384.120017)  can0  201   [6]  0F 00 00 00 00 00
 (1789608384.130002)  can0  201   [6]  0F 00 00 00 00 00
 (1789608384.134667)  can0  181   [8]  27 14 27 14 00 00 00 00
 (1789608384.134858)  can0  281   [5]  03 00 00 00 00
 (1789608384.139994)  can0  201   [6]  0F 00 00 00 00 00
 (1789608384.149996)  can0  201   [6]  0F 00 00 00 00 00
 (1789608384.159991)  can0  201   [6]  0F 00 00 00 00 00
 (1789608384.169995)  can0  201   [6]  0F 00 00 00 00 00
 (1789608384.179990)  can0  201   [6]  0F 00 00 00 00 00
 (1789608384.184674)  can0  181   [8]  27 14 27 14 00 00 00 00
 (1789608384.184866)  can0  281   [5]  03 00 00 00 00
 (1789608384.189990)  can0  201   [6]  0F 00 00 00 00 00
 (1789608384.199996)  can0  201   [6]  0F 00 00 00 00 00
 (1789608384.209990)  can0  201   [6]  0F 00 00 00 00 00
 (1789608384.219996)  can0  201   [6]  0F 00 00 00 00 00
 (1789608384.229991)  can0  201   [6]  0F 00 00 00 00 00
 (1789608384.234685)  can0  181   [8]  27 14 27 14 00 00 00 00
 (1789608384.234876)  can0  281   [5]  03 00 00 00 00
 (1789608384.239995)  can0  201   [6]  0F 00 00 00 00 00
 (1789608384.249992)  can0  201   [6]  0F 00 00 00 00 00
 (1789608384.260082)  can0  201   [6]  0F 00 00 00 00 00
 (1789608384.270008)  can0  201   [6]  0F 00 00 00 00 00
 (1789608384.279993)  can0  201   [6]  0F 00 00 00 00 00
 (1789608384.284697)  can0  181   [8]  27 14 27 14 00 00 00 00
 (1789608384.284888)  can0  281   [5]  03 00 00 00 00
 (1789608384.289996)  can0  201   [6]  0F 00 00 00 00 00
 (1789608384.299991)  can0  201   [6]  0F 00 00 00 00 00
 (1789608384.309997)  can0  201   [6]  0F 00 00 00 00 00
 (1789608384.319991)  can0  201   [6]  0F 00 00 00 00 00
 (1789608384.329991)  can0  201   [6]  0F 00 00 00 00 00
 (1789608384.334704)  can0  181   [8]  27 14 27 14 00 00 00 00
 (1789608384.334897)  can0  281   [5]  03 00 00 00 00
 (1789608384.339995)  can0  201   [6]  0F 00 00 00 00 00
 (1789608384.349990)  can0  201   [6]  0F 00 00 00 00 00
 (1789608384.355351)  can0  701   [1]  05
 (1789608384.359996)  can0  201   [6]  0F 00 00 00 00 00
 (1789608384.369990)  can0  201   [6]  0F 00 00 00 00 00
 (1789608384.379995)  can0  201   [6]  0F 00 00 00 00 00
 (1789608384.384717)  can0  181   [8]  27 14 27 14 00 00 00 00
 (1789608384.384908)  can0  281   [5]  03 00 00 00 00
 (1789608384.389990)  can0  201   [6]  0F 00 00 00 00 00
 (1789608384.400002)  can0  201   [6]  0F 00 00 00 00 00
 (1789608384.410007)  can0  201   [6]  0F 00 00 00 00 00
 (1789608384.420071)  can0  201   [6]  0F 00 00 00 00 00
 (1789608384.430042)  can0  201   [6]  0F 00 00 00 00 00
 (1789608384.434738)  can0  181   [8]  27 14 27 14 00 00 00 00
 (1789608384.434918)  can0  281   [5]  03 00 00 00 00
 (1789608384.440171)  can0  201   [6]  0F 00 00 00 00 00
 (1789608384.450069)  can0  201   [6]  0F 00 00 00 00 00
 (1789608384.460082)  can0  201   [6]  0F 00 00 00 00 00
 (1789608384.470079)  can0  201   [6]  0F 00 00 00 00 00
 (1789608384.480127)  can0  201   [6]  0F 00 00 00 00 00
 (1789608384.484685)  can0  181   [8]  27 14 27 14 00 00 00 00
 (1789608384.484873)  can0  281   [5]  03 00 00 00 00
 (1789608384.490093)  can0  201   [6]  0F 00 00 00 00 00
 (1789608384.500140)  can0  201   [6]  0F 00 00 00 00 00
 (1789608384.510084)  can0  201   [6]  0F 00 00 00 00 00
 (1789608384.520122)  can0  201   [6]  0F 00 00 00 00 00
 (1789608384.530056)  can0  201   [6]  0F 00 00 00 00 00
 (1789608384.534753)  can0  181   [8]  27 14 27 14 00 00 00 00
 (1789608384.534938)  can0  281   [5]  03 00 00 00 00
 (1789608384.540038)  can0  201   [6]  0F 00 00 00 00 00
 (1789608384.550131)  can0  201   [6]  0F 00 00 00 00 00
 (1789608384.560082)  can0  201   [6]  0F 00 00 00 00 00
 (1789608384.570069)  can0  201   [6]  0F 00 00 00 00 00
 (1789608384.580045)  can0  201   [6]  0F 00 00 00 00 00
 (1789608384.584760)  can0  181   [8]  27 14 27 14 00 00 00 00
 (1789608384.584950)  can0  281   [5]  03 00 00 00 00
 (1789608384.590038)  can0  201   [6]  0F 00 00 00 00 00
 (1789608384.600046)  can0  201   [6]  0F 00 00 00 00 00
 (1789608384.604903)  can0  701   [1]  05
 (1789608384.610005)  can0  201   [6]  0F 00 00 00 00 00
 (1789608384.620000)  can0  201   [6]  0F 00 00 00 00 00
 (1789608384.629992)  can0  201   [6]  0F 00 00 00 00 00
 (1789608384.634766)  can0  181   [8]  27 14 27 14 00 00 00 00
 (1789608384.634957)  can0  281   [5]  03 00 00 00 00
 (1789608384.639996)  can0  201   [6]  0F 00 00 00 00 00
 (1789608384.649993)  can0  201   [6]  0F 00 00 00 00 00
 (1789608384.659995)  can0  201   [6]  0F 00 00 00 00 00
 (1789608384.669991)  can0  201   [6]  0F 00 00 00 00 00
 (1789608384.679990)  can0  201   [6]  0F 00 00 00 00 00
 (1789608384.684777)  can0  181   [8]  27 14 27 14 00 00 00 00
 (1789608384.684968)  can0  281   [5]  03 00 00 00 00
 (1789608384.689994)  can0  201   [6]  0F 00 00 00 00 00
 (1789608384.699991)  can0  201   [6]  0F 00 00 00 00 00
 (1789608384.709996)  can0  201   [6]  0F 00 00 00 00 00
 (1789608384.719991)  can0  201   [6]  0F 00 00 00 00 00
 (1789608384.729995)  can0  201   [6]  0F 00 00 00 00 00
 (1789608384.734788)  can0  181   [8]  27 14 27 14 00 00 00 00
 (1789608384.734979)  can0  281   [5]  03 00 00 00 00
 (1789608384.740274)  can0  201   [6]  0F 00 00 00 00 00
 (1789608384.750020)  can0  201   [6]  0F 00 00 00 00 00
 (1789608384.759999)  can0  201   [6]  0F 00 00 00 00 00
 (1789608384.769994)  can0  201   [6]  0F 00 00 00 00 00
 (1789608384.779995)  can0  201   [6]  0F 00 00 00 00 00
 (1789608384.784800)  can0  181   [8]  27 14 27 14 00 00 00 00
 (1789608384.784989)  can0  281   [5]  03 00 00 00 00
 (1789608384.789990)  can0  201   [6]  0F 00 00 00 00 00
 (1789608384.799996)  can0  201   [6]  0F 00 00 00 00 00
 (1789608384.809992)  can0  201   [6]  0F 00 00 00 00 00
 (1789608384.819992)  can0  201   [6]  0F 00 00 00 00 00
 (1789608384.829996)  can0  201   [6]  0F 00 00 00 00 00
 (1789608384.834810)  can0  181   [8]  27 14 27 14 00 00 00 00
 (1789608384.835001)  can0  281   [5]  03 00 00 00 00
 (1789608384.839991)  can0  201   [6]  0F 00 00 00 00 00
 (1789608384.850005)  can0  201   [6]  0F 00 00 00 00 00
 (1789608384.854454)  can0  701   [1]  05
 (1789608384.859991)  can0  201   [6]  0F 00 00 00 00 00
 (1789608384.869942)  can0  201   [6]  0F 00 00 00 00 00
 (1789608384.879991)  can0  201   [6]  0F 00 00 00 00 00
 (1789608384.884818)  can0  181   [8]  27 14 27 14 00 00 00 00
 (1789608384.885009)  can0  281   [5]  03 00 00 00 00
 (1789608384.889948)  can0  201   [6]  0F 00 00 00 00 00
 (1789608384.900045)  can0  201   [6]  0F 00 00 00 00 00
 (1789608384.909990)  can0  201   [6]  0F 00 00 00 00 00
 (1789608384.920038)  can0  201   [6]  0F 00 00 00 00 00
 (1789608384.930027)  can0  201   [6]  0F 00 00 00 00 00
 (1789608384.934832)  can0  181   [8]  27 14 27 14 00 00 00 00
 (1789608384.935022)  can0  281   [5]  03 00 00 00 00
 (1789608384.940052)  can0  201   [6]  0F 00 00 00 00 00
 (1789608384.950067)  can0  201   [6]  0F 00 00 00 00 00
 (1789608384.960195)  can0  201   [6]  0F 00 00 00 00 00
 (1789608384.970062)  can0  201   [6]  0F 00 00 00 00 00
 (1789608384.980150)  can0  201   [6]  0F 00 00 00 00 00
 (1789608384.984843)  can0  181   [8]  27 14 27 14 00 00 00 00
 (1789608384.985034)  can0  281   [5]  03 00 00 00 00
 (1789608384.990097)  can0  201   [6]  0F 00 00 00 00 00
 (1789608385.000127)  can0  201   [6]  0F 00 00 00 00 00
 (1789608385.010092)  can0  201   [6]  0F 00 00 00 00 00
 (1789608385.020043)  can0  201   [6]  0F 00 00 00 00 00
 (1789608385.030034)  can0  201   [6]  0F 00 00 00 00 00
 (1789608385.034872)  can0  181   [8]  27 14 27 14 00 00 00 00
 (1789608385.035041)  can0  281   [5]  03 00 00 00 00
 (1789608385.040122)  can0  201   [6]  0F 00 00 00 00 00
 (1789608385.050066)  can0  201   [6]  0F 00 00 00 00 00
 (1789608385.060051)  can0  201   [6]  0F 00 00 00 00 00
 (1789608385.070041)  can0  201   [6]  0F 00 00 00 00 00
 (1789608385.080035)  can0  201   [6]  0F 00 00 00 00 00
 (1789608385.084861)  can0  181   [8]  27 14 27 14 00 00 00 00
 (1789608385.085051)  can0  281   [5]  03 00 00 00 00
 (1789608385.090031)  can0  201   [6]  0F 00 00 00 00 00
 (1789608385.100000)  can0  201   [6]  0F 00 00 00 00 00
 (1789608385.103945)  can0  701   [1]  05
 (1789608385.110000)  can0  201   [6]  0F 00 00 00 00 00
 (1789608385.119992)  can0  201   [6]  0F 00 00 00 00 00
 (1789608385.129997)  can0  201   [6]  0F 00 00 00 00 00
 (1789608385.134869)  can0  181   [8]  27 14 27 14 00 00 00 00
 (1789608385.135064)  can0  281   [5]  03 00 00 00 00
 (1789608385.139992)  can0  201   [6]  0F 00 00 00 00 00
 (1789608385.149998)  can0  201   [6]  0F 00 00 00 00 00
 (1789608385.159995)  can0  201   [6]  0F 00 00 00 00 00
 (1789608385.169991)  can0  201   [6]  0F 00 00 00 00 00
 (1789608385.179995)  can0  201   [6]  0F 00 00 00 00 00
 (1789608385.184880)  can0  181   [8]  27 14 27 14 00 00 00 00
 (1789608385.185070)  can0  281   [5]  03 00 00 00 00
 (1789608385.189993)  can0  201   [6]  0F 00 00 00 00 00
 (1789608385.199999)  can0  201   [6]  0F 00 00 00 00 00
 (1789608385.209992)  can0  201   [6]  0F 00 00 00 00 00
 (1789608385.219998)  can0  201   [6]  0F 00 00 00 00 00
 (1789608385.230089)  can0  201   [6]  0F 00 00 00 00 00
 (1789608385.234891)  can0  181   [8]  27 14 27 14 00 00 00 00
 (1789608385.235082)  can0  281   [5]  03 00 00 00 00
 (1789608385.240008)  can0  201   [6]  0F 00 00 00 00 00
 (1789608385.250000)  can0  201   [6]  0F 00 00 00 00 00
 (1789608385.259993)  can0  201   [6]  0F 00 00 00 00 00
 (1789608385.269996)  can0  201   [6]  0F 00 00 00 00 00
 (1789608385.279992)  can0  201   [6]  0F 00 00 00 00 00
 (1789608385.284900)  can0  181   [8]  27 14 27 14 00 00 00 00
 (1789608385.285091)  can0  281   [5]  03 00 00 00 00
 (1789608385.289996)  can0  201   [6]  0F 00 00 00 00 00
 (1789608385.299993)  can0  201   [6]  0F 00 00 00 00 00
 (1789608385.309992)  can0  201   [6]  0F 00 00 00 00 00
 (1789608385.319997)  can0  201   [6]  0F 00 00 00 00 00
 (1789608385.329992)  can0  201   [6]  0F 00 00 00 00 00
 (1789608385.334911)  can0  181   [8]  27 14 27 14 00 00 00 00
 (1789608385.335044)  can0  281   [5]  03 00 00 00 00
 (1789608385.339997)  can0  201   [6]  0F 00 00 00 00 00
 (1789608385.349992)  can0  201   [6]  0F 00 00 00 00 00
 (1789608385.353560)  can0  701   [1]  05
 (1789608385.359997)  can0  201   [6]  0F 00 00 00 00 00
 (1789608385.370006)  can0  201   [6]  0F 00 00 00 00 00
 (1789608385.380000)  can0  201   [6]  0F 00 00 00 00 00
 (1789608385.384925)  can0  181   [8]  27 14 27 14 00 00 00 00
 (1789608385.385110)  can0  281   [5]  03 00 00 00 00
 (1789608385.390067)  can0  201   [6]  0F 00 00 00 00 00
 (1789608385.400043)  can0  201   [6]  0F 00 00 00 00 00
 (1789608385.410084)  can0  201   [6]  0F 00 00 00 00 00
 (1789608385.420073)  can0  201   [6]  0F 00 00 00 00 00
 (1789608385.430105)  can0  201   [6]  0F 00 00 00 00 00
 (1789608385.434933)  can0  181   [8]  27 14 27 14 00 00 00 00
 (1789608385.435122)  can0  281   [5]  03 00 00 00 00
 (1789608385.440038)  can0  201   [6]  0F 00 00 00 00 00
 (1789608385.450156)  can0  201   [6]  0F 00 00 00 00 00
 (1789608385.460054)  can0  201   [6]  0F 00 00 00 00 00
 (1789608385.470142)  can0  201   [6]  0F 00 00 00 00 00
 (1789608385.480105)  can0  201   [6]  0F 00 00 00 00 00
 (1789608385.484944)  can0  181   [8]  27 14 27 14 00 00 00 00
 (1789608385.485131)  can0  281   [5]  03 00 00 00 00
 (1789608385.490112)  can0  201   [6]  0F 00 00 00 00 00
 (1789608385.500091)  can0  201   [6]  0F 00 00 00 00 00
 (1789608385.510029)  can0  201   [6]  0F 00 00 00 00 00
 (1789608385.520029)  can0  201   [6]  0F 00 00 00 00 00
 (1789608385.530123)  can0  201   [6]  0F 00 00 00 00 00
 (1789608385.534955)  can0  181   [8]  27 14 27 14 00 00 00 00
 (1789608385.535144)  can0  281   [5]  03 00 00 00 00
 (1789608385.540072)  can0  201   [6]  0F 00 00 00 00 00
 (1789608385.550065)  can0  201   [6]  0F 00 00 00 00 00
 (1789608385.560038)  can0  201   [6]  0F 00 00 00 00 00
 (1789608385.570047)  can0  201   [6]  0F 00 00 00 00 00
 (1789608385.580036)  can0  201   [6]  0F 00 00 00 00 00
 (1789608385.584963)  can0  181   [8]  27 14 27 14 00 00 00 00
 (1789608385.585153)  can0  281   [5]  03 00 00 00 00
 (1789608385.589999)  can0  201   [6]  0F 00 00 00 00 00
 (1789608385.600000)  can0  201   [6]  0F 00 00 00 00 00
 (1789608385.603050)  can0  701   [1]  05
 (1789608385.609992)  can0  201   [6]  0F 00 00 00 00 00
 (1789608385.619998)  can0  201   [6]  0F 00 00 00 00 00
 (1789608385.629992)  can0  201   [6]  0F 00 00 00 00 00
 (1789608385.634972)  can0  181   [8]  27 14 27 14 00 00 00 00
 (1789608385.635165)  can0  281   [5]  03 00 00 00 00
 (1789608385.640003)  can0  201   [6]  0F 00 00 00 00 00
 (1789608385.649992)  can0  201   [6]  0F 00 00 00 00 00
 (1789608385.659991)  can0  201   [6]  0F 00 00 00 00 00
 (1789608385.669995)  can0  201   [6]  0F 00 00 00 00 00
 (1789608385.679961)  can0  201   [6]  0F 00 00 00 00 00
 (1789608385.684983)  can0  181   [8]  27 14 27 14 00 00 00 00
 (1789608385.685173)  can0  281   [5]  03 00 00 00 00
 (1789608385.689997)  can0  201   [6]  0F 00 00 00 00 00
 (1789608385.699991)  can0  201   [6]  0F 00 00 00 00 00
 (1789608385.709996)  can0  201   [6]  0F 00 00 00 00 00
 (1789608385.720089)  can0  201   [6]  0F 00 00 00 00 00
 (1789608385.730004)  can0  201   [6]  0F 00 00 00 00 00
 (1789608385.734994)  can0  181   [8]  27 14 27 14 00 00 00 00
 (1789608385.735184)  can0  281   [5]  03 00 00 00 00
 (1789608385.740000)  can0  201   [6]  0F 00 00 00 00 00
 (1789608385.749993)  can0  201   [6]  0F 00 00 00 00 00
 (1789608385.759996)  can0  201   [6]  0F 00 00 00 00 00
 (1789608385.769991)  can0  201   [6]  0F 00 00 00 00 00
 (1789608385.779996)  can0  201   [6]  0F 00 00 00 00 00
 (1789608385.785004)  can0  181   [8]  27 14 27 14 00 00 00 00
 (1789608385.785194)  can0  281   [5]  03 00 00 00 00
 (1789608385.789990)  can0  201   [6]  0F 00 00 00 00 00
 (1789608385.799992)  can0  201   [6]  0F 00 00 00 00 00
 (1789608385.809997)  can0  201   [6]  0F 00 00 00 00 00
 (1789608385.819991)  can0  201   [6]  0F 00 00 00 00 00
 (1789608385.829997)  can0  201   [6]  0F 00 00 00 00 00
 (1789608385.835015)  can0  181   [8]  27 14 27 14 00 00 00 00
 (1789608385.835205)  can0  281   [5]  03 00 00 00 00
 (1789608385.839991)  can0  201   [6]  0F 00 00 00 00 00
 (1789608385.849996)  can0  201   [6]  0F 00 00 00 00 00
 (1789608385.852603)  can0  701   [1]  05
 (1789608385.860004)  can0  201   [6]  0F 00 00 00 00 00
 (1789608385.869999)  can0  201   [6]  0F 00 00 00 00 00
 (1789608385.880071)  can0  201   [6]  0F 00 00 00 00 00
 (1789608385.885025)  can0  181   [8]  27 14 27 14 00 00 00 00
 (1789608385.885213)  can0  281   [5]  03 00 00 00 00
 (1789608385.890041)  can0  201   [6]  0F 00 00 00 00 00
 (1789608385.900085)  can0  201   [6]  0F 00 00 00 00 00
 (1789608385.910060)  can0  201   [6]  0F 00 00 00 00 00
 (1789608385.920083)  can0  201   [6]  0F 00 00 00 00 00
 (1789608385.930036)  can0  201   [6]  0F 00 00 00 00 00
 (1789608385.935054)  can0  181   [8]  27 14 27 14 00 00 00 00
 (1789608385.935227)  can0  281   [5]  03 00 00 00 00
 (1789608385.940108)  can0  201   [6]  0F 00 00 00 00 00
 (1789608385.950075)  can0  201   [6]  0F 00 00 00 00 00
 (1789608385.960147)  can0  201   [6]  0F 00 00 00 00 00
 (1789608385.970096)  can0  201   [6]  0F 00 00 00 00 00
 (1789608385.980114)  can0  201   [6]  0F 00 00 00 00 00
 (1789608385.985046)  can0  181   [8]  27 14 27 14 00 00 00 00
 (1789608385.985233)  can0  281   [5]  03 00 00 00 00
 (1789608385.990088)  can0  201   [6]  0F 00 00 00 00 00
 (1789608386.000063)  can0  201   [6]  0F 00 00 00 00 00
 (1789608386.010138)  can0  201   [6]  0F 00 00 00 00 00
 (1789608386.020084)  can0  201   [6]  0F 00 00 00 00 00
 (1789608386.030051)  can0  201   [6]  0F 00 00 00 00 00
 (1789608386.035054)  can0  181   [8]  27 14 27 14 00 00 00 00
 (1789608386.035242)  can0  281   [5]  03 00 00 00 00
 (1789608386.040037)  can0  201   [6]  0F 00 00 00 00 00
 (1789608386.050032)  can0  201   [6]  0F 00 00 00 00 00
 (1789608386.060206)  can0  201   [6]  0F 00 00 00 00 00
 (1789608386.070009)  can0  201   [6]  0F 00 00 00 00 00
 (1789608386.079996)  can0  201   [6]  0F 00 00 00 00 00
 (1789608386.085064)  can0  181   [8]  27 14 27 14 00 00 00 00
 (1789608386.085254)  can0  281   [5]  03 00 00 00 00
 (1789608386.089998)  can0  201   [6]  0F 00 00 00 00 00
 (1789608386.099989)  can0  201   [6]  0F 00 00 00 00 00
 (1789608386.102152)  can0  701   [1]  05
 (1789608386.109996)  can0  201   [6]  0F 00 00 00 00 00
 (1789608386.119991)  can0  201   [6]  0F 00 00 00 00 00
 (1789608386.129997)  can0  201   [6]  0F 00 00 00 00 00
 (1789608386.135073)  can0  181   [8]  27 14 27 14 00 00 00 00
 (1789608386.135263)  can0  281   [5]  03 00 00 00 00
 (1789608386.139989)  can0  201   [6]  0F 00 00 00 00 00
 (1789608386.149991)  can0  201   [6]  0F 00 00 00 00 00
 (1789608386.159998)  can0  201   [6]  0F 00 00 00 00 00
 (1789608386.169990)  can0  201   [6]  0F 00 00 00 00 00
 (1789608386.179997)  can0  201   [6]  0F 00 00 00 00 00
 (1789608386.185084)  can0  181   [8]  27 14 27 14 00 00 00 00
 (1789608386.185218)  can0  281   [5]  03 00 00 00 00
 (1789608386.189988)  can0  201   [6]  0F 00 00 00 00 00
 (1789608386.200033)  can0  201   [6]  0F 00 00 00 00 00
 (1789608386.210036)  can0  201   [6]  0F 00 00 00 00 00
 (1789608386.219998)  can0  201   [6]  0F 00 00 00 00 00
 (1789608386.229996)  can0  201   [6]  0F 00 00 00 00 00
 (1789608386.235094)  can0  181   [8]  27 14 27 14 00 00 00 00
 (1789608386.235286)  can0  281   [5]  03 00 00 00 00
 (1789608386.239992)  can0  201   [6]  0F 00 00 00 00 00
 (1789608386.249998)  can0  201   [6]  0F 00 00 00 00 00
 (1789608386.259993)  can0  201   [6]  0F 00 00 00 00 00
 (1789608386.269998)  can0  201   [6]  0F 00 00 00 00 00
 (1789608386.279990)  can0  201   [6]  0F 00 00 00 00 00
 (1789608386.285104)  can0  181   [8]  27 14 27 14 00 00 00 00
 (1789608386.285296)  can0  281   [5]  03 00 00 00 00
 (1789608386.289993)  can0  201   [6]  0F 00 00 00 00 00
 (1789608386.299997)  can0  201   [6]  0F 00 00 00 00 00
 (1789608386.309990)  can0  201   [6]  0F 00 00 00 00 00
 (1789608386.319998)  can0  201   [6]  0F 00 00 00 00 00
 (1789608386.329993)  can0  201   [6]  0F 00 00 00 00 00
 (1789608386.335112)  can0  181   [8]  27 14 27 14 00 00 00 00
 (1789608386.335304)  can0  281   [5]  03 00 00 00 00
 (1789608386.339998)  can0  201   [6]  0F 00 00 00 00 00
 (1789608386.350010)  can0  201   [6]  0F 00 00 00 00 00
 (1789608386.351641)  can0  701   [1]  05
 (1789608386.360027)  can0  201   [6]  0F 00 00 00 00 00
 (1789608386.370071)  can0  201   [6]  0F 00 00 00 00 00
 (1789608386.380024)  can0  201   [6]  0F 00 00 00 00 00
 (1789608386.385131)  can0  181   [8]  27 14 27 14 00 00 00 00
 (1789608386.385315)  can0  281   [5]  03 00 00 00 00
 (1789608386.390091)  can0  201   [6]  0F 00 00 00 00 00
 (1789608386.400046)  can0  201   [6]  0F 00 00 00 00 00
 (1789608386.410086)  can0  201   [6]  0F 00 00 00 00 00
 (1789608386.420191)  can0  201   [6]  0F 00 00 00 00 00
 (1789608386.430076)  can0  201   [6]  0F 00 00 00 00 00
 (1789608386.435149)  can0  181   [8]  27 14 27 14 00 00 00 00
 (1789608386.435323)  can0  281   [5]  03 00 00 00 00
 (1789608386.440193)  can0  201   [6]  0F 00 00 00 00 00
 (1789608386.450101)  can0  201   [6]  0F 00 00 00 00 00
 (1789608386.460086)  can0  201   [6]  0F 00 00 00 00 00
 (1789608386.470098)  can0  201   [6]  0F 00 00 00 00 00
 (1789608386.480038)  can0  201   [6]  0F 00 00 00 00 00
 (1789608386.485156)  can0  181   [8]  27 14 27 14 00 00 00 00
 (1789608386.485340)  can0  281   [5]  03 00 00 00 00
 (1789608386.489972)  can0  201   [6]  0F 00 00 00 00 00
 (1789608386.500115)  can0  201   [6]  0F 00 00 00 00 00
 (1789608386.510026)  can0  201   [6]  0F 00 00 00 00 00
 (1789608386.520050)  can0  201   [6]  0F 00 00 00 00 00
 (1789608386.530058)  can0  201   [6]  0F 00 00 00 00 00
 (1789608386.535155)  can0  181   [8]  27 14 27 14 00 00 00 00
 (1789608386.535345)  can0  281   [5]  03 00 00 00 00
 (1789608386.540022)  can0  201   [6]  0F 00 00 00 00 00
 (1789608386.550042)  can0  201   [6]  0F 00 00 00 00 00
 (1789608386.560003)  can0  201   [6]  0F 00 00 00 00 00
 (1789608386.569995)  can0  201   [6]  0F 00 00 00 00 00
 (1789608386.579998)  can0  201   [6]  0F 00 00 00 00 00
 (1789608386.585168)  can0  181   [8]  27 14 27 14 00 00 00 00
 (1789608386.585358)  can0  281   [5]  03 00 00 00 00
 (1789608386.589993)  can0  201   [6]  0F 00 00 00 00 00
 (1789608386.599998)  can0  201   [6]  0F 00 00 00 00 00
 (1789608386.601258)  can0  701   [1]  05
 (1789608386.609991)  can0  201   [6]  0F 00 00 00 00 00
 (1789608386.620000)  can0  201   [6]  0F 00 00 00 00 00
 (1789608386.629991)  can0  201   [6]  0F 00 00 00 00 00
 (1789608386.635175)  can0  181   [8]  27 14 27 14 00 00 00 00
 (1789608386.635367)  can0  281   [5]  03 00 00 00 00
 (1789608386.639991)  can0  201   [6]  0F 00 00 00 00 00
 (1789608386.649997)  can0  201   [6]  0F 00 00 00 00 00
 (1789608386.659989)  can0  201   [6]  0F 00 00 00 00 00
 (1789608386.669995)  can0  201   [6]  0F 00 00 00 00 00
 (1789608386.679991)  can0  201   [6]  0F 00 00 00 00 00
 (1789608386.685186)  can0  181   [8]  27 14 27 14 00 00 00 00
 (1789608386.685376)  can0  281   [5]  03 00 00 00 00
 (1789608386.690101)  can0  201   [6]  0F 00 00 00 00 00
 (1789608386.700010)  can0  201   [6]  0F 00 00 00 00 00
 (1789608386.709992)  can0  201   [6]  0F 00 00 00 00 00
 (1789608386.719995)  can0  201   [6]  0F 00 00 00 00 00
 (1789608386.729991)  can0  201   [6]  0F 00 00 00 00 00
 (1789608386.735196)  can0  181   [8]  27 14 27 14 00 00 00 00
 (1789608386.735385)  can0  281   [5]  03 00 00 00 00
 (1789608386.739996)  can0  201   [6]  0F 00 00 00 00 00
 (1789608386.749990)  can0  201   [6]  0F 00 00 00 00 00
 (1789608386.760000)  can0  201   [6]  0F 00 00 00 00 00
 (1789608386.769991)  can0  201   [6]  0F 00 00 00 00 00
 (1789608386.779991)  can0  201   [6]  0F 00 00 00 00 00
 (1789608386.785204)  can0  181   [8]  27 14 27 14 00 00 00 00
 (1789608386.785395)  can0  281   [5]  03 00 00 00 00
 (1789608386.789997)  can0  201   [6]  0F 00 00 00 00 00
 (1789608386.799992)  can0  201   [6]  0F 00 00 00 00 00
 (1789608386.809996)  can0  201   [6]  0F 00 00 00 00 00
 (1789608386.819990)  can0  201   [6]  0F 00 00 00 00 00
 (1789608386.830009)  can0  201   [6]  0F 00 00 00 00 00
 (1789608386.835216)  can0  181   [8]  27 14 27 14 00 00 00 00
 (1789608386.835407)  can0  281   [5]  03 00 00 00 00
 (1789608386.840001)  can0  201   [6]  0F 00 00 00 00 00
 (1789608386.850051)  can0  201   [6]  0F 00 00 00 00 00
 (1789608386.850754)  can0  701   [1]  05
 (1789608386.860061)  can0  201   [6]  0F 00 00 00 00 00
 (1789608386.870025)  can0  201   [6]  0F 00 00 00 00 00
 (1789608386.880034)  can0  201   [6]  0F 00 00 00 00 00
 (1789608386.885226)  can0  181   [8]  27 14 27 14 00 00 00 00
 (1789608386.885416)  can0  281   [5]  03 00 00 00 00
 (1789608386.890016)  can0  201   [6]  0F 00 00 00 00 00
 (1789608386.900040)  can0  201   [6]  0F 00 00 00 00 00
 (1789608386.909998)  can0  201   [6]  0F 00 00 00 00 00
 (1789608386.919994)  can0  201   [6]  0F 00 00 00 00 00
 (1789608386.929997)  can0  201   [6]  0F 00 00 00 00 00
 (1789608386.935238)  can0  181   [8]  27 14 27 14 00 00 00 00
 (1789608386.935428)  can0  281   [5]  03 00 00 00 00
 (1789608386.939991)  can0  201   [6]  0F 00 00 00 00 00
 (1789608386.949997)  can0  201   [6]  0F 00 00 00 00 00
 (1789608386.959990)  can0  201   [6]  0F 00 00 00 00 00
 (1789608386.969997)  can0  201   [6]  0F 00 00 00 00 00
 (1789608386.979991)  can0  201   [6]  0F 00 00 00 00 00
 (1789608386.985247)  can0  181   [8]  27 14 27 14 00 00 00 00
 (1789608386.985438)  can0  281   [5]  03 00 00 00 00
 (1789608386.989993)  can0  201   [6]  0F 00 00 00 00 00
 (1789608386.999999)  can0  201   [6]  0F 00 00 00 00 00
 (1789608387.009992)  can0  201   [6]  0F 00 00 00 00 00
 (1789608387.019997)  can0  201   [6]  0F 00 00 00 00 00
 (1789608387.029991)  can0  201   [6]  0F 00 00 00 00 00
 (1789608387.035256)  can0  181   [8]  27 14 27 14 00 00 00 00
 (1789608387.035447)  can0  281   [5]  03 00 00 00 00
 (1789608387.040113)  can0  201   [6]  0F 00 00 00 00 00
 (1789608387.049999)  can0  201   [6]  0F 00 00 00 00 00
 (1789608387.059994)  can0  201   [6]  0F 00 00 00 00 00
 (1789608387.069997)  can0  201   [6]  0F 00 00 00 00 00
 (1789608387.079991)  can0  201   [6]  0F 00 00 00 00 00
 (1789608387.085267)  can0  181   [8]  27 14 27 14 00 00 00 00
 (1789608387.085457)  can0  281   [5]  03 00 00 00 00
 (1789608387.089998)  can0  201   [6]  0F 00 00 00 00 00
 (1789608387.099992)  can0  201   [6]  0F 00 00 00 00 00
 (1789608387.100299)  can0  701   [1]  05
 (1789608387.109997)  can0  201   [6]  0F 00 00 00 00 00
 (1789608387.119992)  can0  201   [6]  0F 00 00 00 00 00
 (1789608387.129991)  can0  201   [6]  0F 00 00 00 00 00
 (1789608387.135278)  can0  181   [8]  27 14 27 14 00 00 00 00
 (1789608387.135412)  can0  281   [5]  03 00 00 00 00
 (1789608387.139998)  can0  201   [6]  0F 00 00 00 00 00
 (1789608387.149991)  can0  201   [6]  0F 00 00 00 00 00
 (1789608387.159997)  can0  201   [6]  0F 00 00 00 00 00
 (1789608387.169991)  can0  201   [6]  0F 00 00 00 00 00
 (1789608387.180006)  can0  201   [6]  0F 00 00 00 00 00
 (1789608387.185286)  can0  181   [8]  27 14 27 14 00 00 00 00
 (1789608387.185477)  can0  281   [5]  03 00 00 00 00
 (1789608387.189997)  can0  201   [6]  0F 00 00 00 00 00
 (1789608387.200063)  can0  201   [6]  0F 00 00 00 00 00
 (1789608387.210048)  can0  201   [6]  0F 00 00 00 00 00
 (1789608387.220082)  can0  201   [6]  0F 00 00 00 00 00
 (1789608387.230063)  can0  201   [6]  0F 00 00 00 00 00
 (1789608387.235301)  can0  181   [8]  27 14 27 14 00 00 00 00
 (1789608387.235488)  can0  281   [5]  03 00 00 00 00
 (1789608387.240071)  can0  201   [6]  0F 00 00 00 00 00
 (1789608387.250048)  can0  201   [6]  0F 00 00 00 00 00
 (1789608387.260156)  can0  201   [6]  0F 00 00 00 00 00
 (1789608387.270028)  can0  201   [6]  0F 00 00 00 00 00
 (1789608387.280151)  can0  201   [6]  0F 00 00 00 00 00
 (1789608387.285310)  can0  181   [8]  27 14 27 14 00 00 00 00
 (1789608387.285501)  can0  281   [5]  03 00 00 00 00
 (1789608387.290082)  can0  201   [6]  0F 00 00 00 00 00
 (1789608387.300109)  can0  201   [6]  0F 00 00 00 00 00
 (1789608387.310086)  can0  201   [6]  0F 00 00 00 00 00
 (1789608387.320053)  can0  201   [6]  0F 00 00 00 00 00
 (1789608387.330033)  can0  201   [6]  0F 00 00 00 00 00
 (1789608387.335329)  can0  181   [8]  27 14 27 14 00 00 00 00
 (1789608387.335513)  can0  281   [5]  03 00 00 00 00
 (1789608387.340108)  can0  201   [6]  0F 00 00 00 00 00
 (1789608387.349852)  can0  701   [1]  05
 (1789608387.350006)  can0  201   [6]  0F 00 00 00 00 00
 (1789608387.360053)  can0  201   [6]  0F 00 00 00 00 00
 (1789608387.370041)  can0  201   [6]  0F 00 00 00 00 00
 (1789608387.380037)  can0  201   [6]  0F 00 00 00 00 00
 (1789608387.385333)  can0  181   [8]  27 14 27 14 00 00 00 00
 (1789608387.385520)  can0  281   [5]  03 00 00 00 00
 (1789608387.390030)  can0  201   [6]  0F 00 00 00 00 00
 (1789608387.399942)  can0  201   [6]  0F 00 00 00 00 00
 (1789608387.409994)  can0  201   [6]  0F 00 00 00 00 00
 (1789608387.419996)  can0  201   [6]  0F 00 00 00 00 00
 (1789608387.429989)  can0  201   [6]  0F 00 00 00 00 00
 (1789608387.435339)  can0  181   [8]  27 14 27 14 00 00 00 00
 (1789608387.435530)  can0  281   [5]  03 00 00 00 00
 (1789608387.439997)  can0  201   [6]  0F 00 00 00 00 00
 (1789608387.449991)  can0  201   [6]  0F 00 00 00 00 00
 (1789608387.459997)  can0  201   [6]  0F 00 00 00 00 00
 (1789608387.469992)  can0  201   [6]  0F 00 00 00 00 00
 (1789608387.479990)  can0  201   [6]  0F 00 00 00 00 00
 (1789608387.485348)  can0  181   [8]  27 14 27 14 00 00 00 00
 (1789608387.485540)  can0  281   [5]  03 00 00 00 00
 (1789608387.489996)  can0  201   [6]  0F 00 00 00 00 00
 (1789608387.499991)  can0  201   [6]  0F 00 00 00 00 00
 (1789608387.509996)  can0  201   [6]  0F 00 00 00 00 00
 (1789608387.519992)  can0  201   [6]  0F 00 00 00 00 00
 (1789608387.530114)  can0  201   [6]  0F 00 00 00 00 00
 (1789608387.535362)  can0  181   [8]  27 14 27 14 00 00 00 00
 (1789608387.535551)  can0  281   [5]  03 00 00 00 00
 (1789608387.540001)  can0  201   [6]  0F 00 00 00 00 00
 (1789608387.549994)  can0  201   [6]  0F 00 00 00 00 00
 (1789608387.560005)  can0  201   [6]  0F 00 00 00 00 00
 (1789608387.569992)  can0  201   [6]  0F 00 00 00 00 00
 (1789608387.579996)  can0  201   [6]  0F 00 00 00 00 00
 (1789608387.585369)  can0  181   [8]  27 14 27 14 00 00 00 00
 (1789608387.585560)  can0  281   [5]  03 00 00 00 00
 (1789608387.589989)  can0  201   [6]  0F 00 00 00 00 00
 (1789608387.599350)  can0  701   [1]  05
 (1789608387.599714)  can0  201   [6]  0F 00 00 00 00 00
 (1789608387.609992)  can0  201   [6]  0F 00 00 00 00 00
 (1789608387.619989)  can0  201   [6]  0F 00 00 00 00 00
 (1789608387.629994)  can0  201   [6]  0F 00 00 00 00 00
 (1789608387.635380)  can0  181   [8]  27 14 27 14 00 00 00 00
 (1789608387.635572)  can0  281   [5]  03 00 00 00 00
 (1789608387.639989)  can0  201   [6]  0F 00 00 00 00 00
 (1789608387.649997)  can0  201   [6]  0F 00 00 00 00 00
 (1789608387.659991)  can0  201   [6]  0F 00 00 00 00 00
 (1789608387.670008)  can0  201   [6]  0F 00 00 00 00 00
 (1789608387.679996)  can0  201   [6]  0F 00 00 00 00 00
 (1789608387.685392)  can0  181   [8]  27 14 27 14 00 00 00 00
 (1789608387.685580)  can0  281   [5]  03 00 00 00 00
 (1789608387.690063)  can0  201   [6]  0F 00 00 00 00 00
 (1789608387.700041)  can0  201   [6]  0F 00 00 00 00 00
 (1789608387.710091)  can0  201   [6]  0F 00 00 00 00 00
 (1789608387.720059)  can0  201   [6]  0F 00 00 00 00 00
 (1789608387.730089)  can0  201   [6]  0F 00 00 00 00 00
 (1789608387.735404)  can0  181   [8]  27 14 27 14 00 00 00 00
 (1789608387.735590)  can0  281   [5]  03 00 00 00 00
 (1789608387.740035)  can0  201   [6]  0F 00 00 00 00 00
 (1789608387.750152)  can0  201   [6]  0F 00 00 00 00 00
 (1789608387.760067)  can0  201   [6]  0F 00 00 00 00 00
 (1789608387.770144)  can0  201   [6]  0F 00 00 00 00 00
 (1789608387.780069)  can0  201   [6]  0F 00 00 00 00 00
 (1789608387.785417)  can0  181   [8]  27 14 27 14 00 00 00 00
 (1789608387.785607)  can0  281   [5]  03 00 00 00 00
 (1789608387.790079)  can0  201   [6]  0F 00 00 00 00 00
 (1789608387.800068)  can0  201   [6]  0F 00 00 00 00 00
 (1789608387.810064)  can0  201   [6]  0F 00 00 00 00 00
 (1789608387.819189)  can0  201   [6]  0F 00 00 00 00 00
 (1789608387.830107)  can0  201   [6]  0F 00 00 00 00 00
 (1789608387.835426)  can0  181   [8]  27 14 27 14 00 00 00 00
 (1789608387.835616)  can0  281   [5]  03 00 00 00 00
 (1789608387.840061)  can0  201   [6]  0F 00 00 00 00 00
 (1789608387.848894)  can0  701   [1]  05
 (1789608387.849312)  can0  201   [6]  0F 00 00 00 00 00
 (1789608387.860040)  can0  201   [6]  0F 00 00 00 00 00
 (1789608387.870032)  can0  201   [6]  0F 00 00 00 00 00
 (1789608387.880027)  can0  201   [6]  0F 00 00 00 00 00
 (1789608387.885441)  can0  181   [8]  27 14 27 14 00 00 00 00
 (1789608387.885574)  can0  281   [5]  03 00 00 00 00
 (1789608387.889997)  can0  201   [6]  0F 00 00 00 00 00
 (1789608387.899993)  can0  201   [6]  0F 00 00 00 00 00
 (1789608387.909997)  can0  201   [6]  0F 00 00 00 00 00
 (1789608387.919992)  can0  201   [6]  0F 00 00 00 00 00
 (1789608387.929996)  can0  201   [6]  0F 00 00 00 00 00
 (1789608387.935441)  can0  181   [8]  27 14 27 14 00 00 00 00
 (1789608387.935634)  can0  281   [5]  03 00 00 00 00
 (1789608387.939992)  can0  201   [6]  0F 00 00 00 00 00
 (1789608387.949996)  can0  201   [6]  0F 00 00 00 00 00
 (1789608387.959991)  can0  201   [6]  0F 00 00 00 00 00
 (1789608387.969991)  can0  201   [6]  0F 00 00 00 00 00
 (1789608387.979996)  can0  201   [6]  0F 00 00 00 00 00
 (1789608387.985394)  can0  181   [8]  27 14 27 14 00 00 00 00
 (1789608387.985586)  can0  281   [5]  03 00 00 00 00
 (1789608387.989991)  can0  201   [6]  0F 00 00 00 00 00
 (1789608387.999994)  can0  201   [6]  0F 00 00 00 00 00
 (1789608388.009990)  can0  201   [6]  0F 00 00 00 00 00
 (1789608388.020105)  can0  201   [6]  0F 00 00 00 00 00
 (1789608388.030016)  can0  201   [6]  0F 00 00 00 00 00
 (1789608388.035399)  can0  181   [8]  27 14 27 14 00 00 00 00
 (1789608388.035590)  can0  281   [5]  03 00 00 00 00
 (1789608388.039995)  can0  201   [6]  0F 00 00 00 00 00
 (1789608388.049997)  can0  201   [6]  0F 00 00 00 00 00
 (1789608388.059991)  can0  201   [6]  0F 00 00 00 00 00
 (1789608388.069998)  can0  201   [6]  0F 00 00 00 00 00
 (1789608388.079990)  can0  201   [6]  0F 00 00 00 00 00
 (1789608388.085355)  can0  181   [8]  27 14 27 14 00 00 00 00
 (1789608388.085548)  can0  281   [5]  03 00 00 00 00
 (1789608388.089995)  can0  201   [6]  0F 00 00 00 00 00
 (1789608388.098444)  can0  701   [1]  05
 (1789608388.099992)  can0  201   [6]  0F 00 00 00 00 00
 (1789608388.109989)  can0  201   [6]  0F 00 00 00 00 00
 (1789608388.119996)  can0  201   [6]  0F 00 00 00 00 00
 (1789608388.129989)  can0  201   [6]  0F 00 00 00 00 00
 (1789608388.135355)  can0  181   [8]  27 14 27 14 00 00 00 00
 (1789608388.135557)  can0  281   [5]  03 00 00 00 00
 (1789608388.139995)  can0  201   [6]  0F 00 00 00 00 00
 (1789608388.149991)  can0  201   [6]  0F 00 00 00 00 00
 (1789608388.160011)  can0  201   [6]  0F 00 00 00 00 00
 (1789608388.170009)  can0  201   [6]  0F 00 00 00 00 00
 (1789608388.180076)  can0  201   [6]  0F 00 00 00 00 00
 (1789608388.185310)  can0  181   [8]  27 14 27 14 00 00 00 00
 (1789608388.185567)  can0  281   [5]  03 00 00 00 00
 (1789608388.190040)  can0  201   [6]  0F 00 00 00 00 00
 (1789608388.200098)  can0  201   [6]  0F 00 00 00 00 00
 (1789608388.210065)  can0  201   [6]  0F 00 00 00 00 00
 (1789608388.220078)  can0  201   [6]  0F 00 00 00 00 00
 (1789608388.230095)  can0  201   [6]  0F 00 00 00 00 00
 (1789608388.235319)  can0  181   [8]  27 14 27 14 00 00 00 00
 (1789608388.235579)  can0  281   [5]  03 00 00 00 00
 (1789608388.240092)  can0  201   [6]  0F 00 00 00 00 00
 (1789608388.250166)  can0  201   [6]  0F 00 00 00 00 00
 (1789608388.260114)  can0  201   [6]  0F 00 00 00 00 00
 (1789608388.270065)  can0  201   [6]  0F 00 00 00 00 00
 (1789608388.280122)  can0  201   [6]  0F 00 00 00 00 00
 (1789608388.285327)  can0  181   [8]  27 14 27 14 00 00 00 00
 (1789608388.285590)  can0  281   [5]  03 00 00 00 00
 (1789608388.290044)  can0  201   [6]  0F 00 00 00 00 00
 (1789608388.300049)  can0  201   [6]  0F 00 00 00 00 00
 (1789608388.310096)  can0  201   [6]  0F 00 00 00 00 00
 (1789608388.320077)  can0  201   [6]  0F 00 00 00 00 00
 (1789608388.330050)  can0  201   [6]  0F 00 00 00 00 00
 (1789608388.335338)  can0  181   [8]  27 14 27 14 00 00 00 00
 (1789608388.335536)  can0  281   [5]  03 00 00 00 00
 (1789608388.340037)  can0  201   [6]  0F 00 00 00 00 00
 (1789608388.347997)  can0  701   [1]  05
 (1789608388.350029)  can0  201   [6]  0F 00 00 00 00 00
 (1789608388.360048)  can0  201   [6]  0F 00 00 00 00 00
 (1789608388.370003)  can0  201   [6]  0F 00 00 00 00 00
 (1789608388.379993)  can0  201   [6]  0F 00 00 00 00 00
 (1789608388.385346)  can0  181   [8]  27 14 27 14 00 00 00 00
 (1789608388.385536)  can0  281   [5]  03 00 00 00 00
 (1789608388.389991)  can0  201   [6]  0F 00 00 00 00 00
 (1789608388.399995)  can0  201   [6]  0F 00 00 00 00 00
 (1789608388.409992)  can0  201   [6]  0F 00 00 00 00 00
 (1789608388.419996)  can0  201   [6]  0F 00 00 00 00 00
 (1789608388.429990)  can0  201   [6]  0F 00 00 00 00 00
 (1789608388.435356)  can0  181   [8]  27 14 27 14 00 00 00 00
 (1789608388.435547)  can0  281   [5]  03 00 00 00 00
 (1789608388.439994)  can0  201   [6]  0F 00 00 00 00 00
 (1789608388.449989)  can0  201   [6]  0F 00 00 00 00 00
 (1789608388.459990)  can0  201   [6]  0F 00 00 00 00 00
 (1789608388.469995)  can0  201   [6]  0F 00 00 00 00 00
 (1789608388.479991)  can0  201   [6]  0F 00 00 00 00 00
 (1789608388.485365)  can0  181   [8]  27 14 27 14 00 00 00 00
 (1789608388.485557)  can0  281   [5]  03 00 00 00 00
 (1789608388.489997)  can0  201   [6]  0F 00 00 00 00 00
 (1789608388.500200)  can0  201   [6]  0F 00 00 00 00 00
 (1789608388.510000)  can0  201   [6]  0F 00 00 00 00 00
 (1789608388.519993)  can0  201   [6]  0F 00 00 00 00 00
 (1789608388.529991)  can0  201   [6]  0F 00 00 00 00 00
 (1789608388.535374)  can0  181   [8]  27 14 27 14 00 00 00 00
 (1789608388.535564)  can0  281   [5]  03 00 00 00 00
 (1789608388.539995)  can0  201   [6]  0F 00 00 00 00 00
 (1789608388.549989)  can0  201   [6]  0F 00 00 00 00 00
 (1789608388.559996)  can0  201   [6]  0F 00 00 00 00 00
 (1789608388.569991)  can0  201   [6]  0F 00 00 00 00 00
 (1789608388.579995)  can0  201   [6]  0F 00 00 00 00 00
 (1789608388.585385)  can0  181   [8]  27 14 27 14 00 00 00 00
 (1789608388.585578)  can0  281   [5]  03 00 00 00 00
 (1789608388.589989)  can0  201   [6]  0F 00 00 00 00 00
 (1789608388.597550)  can0  701   [1]  05
 (1789608388.599990)  can0  201   [6]  0F 00 00 00 00 00
 (1789608388.609995)  can0  201   [6]  0F 00 00 00 00 00
 (1789608388.619991)  can0  201   [6]  0F 00 00 00 00 00
 (1789608388.629996)  can0  201   [6]  0F 00 00 00 00 00
 (1789608388.635396)  can0  181   [8]  27 14 27 14 00 00 00 00
 (1789608388.635587)  can0  281   [5]  03 00 00 00 00
 (1789608388.639994)  can0  201   [6]  0F 00 00 00 00 00
 (1789608388.650005)  can0  201   [6]  0F 00 00 00 00 00
 (1789608388.660038)  can0  201   [6]  0F 00 00 00 00 00
 (1789608388.670046)  can0  201   [6]  0F 00 00 00 00 00
 (1789608388.680038)  can0  201   [6]  0F 00 00 00 00 00
 (1789608388.685412)  can0  181   [8]  27 14 27 14 00 00 00 00
 (1789608388.685602)  can0  281   [5]  03 00 00 00 00
 (1789608388.690072)  can0  201   [6]  0F 00 00 00 00 00
 (1789608388.700062)  can0  201   [6]  0F 00 00 00 00 00
 (1789608388.710064)  can0  201   [6]  0F 00 00 00 00 00
 (1789608388.720178)  can0  201   [6]  0F 00 00 00 00 00
 (1789608388.730045)  can0  201   [6]  0F 00 00 00 00 00
 (1789608388.735362)  can0  181   [8]  27 14 27 14 00 00 00 00
 (1789608388.735550)  can0  281   [5]  03 00 00 00 00
 (1789608388.740146)  can0  201   [6]  0F 00 00 00 00 00
 (1789608388.750104)  can0  201   [6]  0F 00 00 00 00 00
 (1789608388.760111)  can0  201   [6]  0F 00 00 00 00 00
 (1789608388.770085)  can0  201   [6]  0F 00 00 00 00 00
 (1789608388.780041)  can0  201   [6]  0F 00 00 00 00 00
 (1789608388.785430)  can0  181   [8]  27 14 27 14 00 00 00 00
 (1789608388.785618)  can0  281   [5]  03 00 00 00 00
 (1789608388.790036)  can0  201   [6]  0F 00 00 00 00 00
 (1789608388.800130)  can0  201   [6]  0F 00 00 00 00 00
 (1789608388.810063)  can0  201   [6]  0F 00 00 00 00 00
 (1789608388.820056)  can0  201   [6]  0F 00 00 00 00 00
 (1789608388.830035)  can0  201   [6]  0F 00 00 00 00 00
 (1789608388.835440)  can0  181   [8]  27 14 27 14 00 00 00 00
 (1789608388.835627)  can0  281   [5]  03 00 00 00 00
 (1789608388.840032)  can0  201   [6]  0F 00 00 00 00 00
 (1789608388.847108)  can0  701   [1]  05
 (1789608388.850035)  can0  201   [6]  0F 00 00 00 00 00
 (1789608388.860006)  can0  201   [6]  0F 00 00 00 00 00
 (1789608388.869994)  can0  201   [6]  0F 00 00 00 00 00
 (1789608388.879992)  can0  201   [6]  0F 00 00 00 00 00
 (1789608388.885449)  can0  181   [8]  27 14 27 14 00 00 00 00
 (1789608388.885639)  can0  281   [5]  03 00 00 00 00
 (1789608388.889999)  can0  201   [6]  0F 00 00 00 00 00
 (1789608388.899993)  can0  201   [6]  0F 00 00 00 00 00
 (1789608388.909997)  can0  201   [6]  0F 00 00 00 00 00
 (1789608388.919991)  can0  201   [6]  0F 00 00 00 00 00
 (1789608388.930000)  can0  201   [6]  0F 00 00 00 00 00
 (1789608388.935459)  can0  181   [8]  27 14 27 14 00 00 00 00
 (1789608388.935648)  can0  281   [5]  03 00 00 00 00
 (1789608388.939993)  can0  201   [6]  0F 00 00 00 00 00
 (1789608388.949991)  can0  201   [6]  0F 00 00 00 00 00
 (1789608388.959996)  can0  201   [6]  0F 00 00 00 00 00
 (1789608388.969991)  can0  201   [6]  0F 00 00 00 00 00
 (1789608388.979996)  can0  201   [6]  0F 00 00 00 00 00
 (1789608388.985492)  can0  181   [8]  27 14 27 14 00 00 00 00
 (1789608388.985699)  can0  281   [5]  03 00 00 00 00
 (1789608388.990082)  can0  201   [6]  0F 00 00 00 00 00
 (1789608389.000008)  can0  201   [6]  0F 00 00 00 00 00
 (1789608389.009993)  can0  201   [6]  0F 00 00 00 00 00
 (1789608389.019992)  can0  201   [6]  0F 00 00 00 00 00
 (1789608389.029995)  can0  201   [6]  0F 00 00 00 00 00
 (1789608389.035478)  can0  181   [8]  27 14 27 14 00 00 00 00
 (1789608389.035669)  can0  281   [5]  03 00 00 00 00
 (1789608389.039993)  can0  201   [6]  0F 00 00 00 00 00
 (1789608389.049998)  can0  201   [6]  0F 00 00 00 00 00
 (1789608389.059992)  can0  201   [6]  0F 00 00 00 00 00
 (1789608389.069998)  can0  201   [6]  0F 00 00 00 00 00
 (1789608389.079993)  can0  201   [6]  0F 00 00 00 00 00
 (1789608389.085487)  can0  181   [8]  27 14 27 14 00 00 00 00
 (1789608389.085678)  can0  281   [5]  03 00 00 00 00
 (1789608389.089993)  can0  201   [6]  0F 00 00 00 00 00
 (1789608389.096653)  can0  701   [1]  05
 (1789608389.099996)  can0  201   [6]  0F 00 00 00 00 00
 (1789608389.109993)  can0  201   [6]  0F 00 00 00 00 00
 (1789608389.119951)  can0  201   [6]  0F 00 00 00 00 00
 (1789608389.130002)  can0  201   [6]  0F 00 00 00 00 00
 (1789608389.135498)  can0  181   [8]  27 14 27 14 00 00 00 00
 (1789608389.135689)  can0  281   [5]  03 00 00 00 00
 (1789608389.140003)  can0  201   [6]  0F 00 00 00 00 00
 (1789608389.150067)  can0  201   [6]  0F 00 00 00 00 00
 (1789608389.160045)  can0  201   [6]  0F 00 00 00 00 00
 (1789608389.170081)  can0  201   [6]  0F 00 00 00 00 00
 (1789608389.180058)  can0  201   [6]  0F 00 00 00 00 00
 (1789608389.185509)  can0  181   [8]  27 14 27 14 00 00 00 00
 (1789608389.185699)  can0  281   [5]  03 00 00 00 00
 (1789608389.190096)  can0  201   [6]  0F 00 00 00 00 00
 (1789608389.200027)  can0  201   [6]  0F 00 00 00 00 00
 (1789608389.210167)  can0  201   [6]  0F 00 00 00 00 00
 (1789608389.220041)  can0  201   [6]  0F 00 00 00 00 00
 (1789608389.230161)  can0  201   [6]  0F 00 00 00 00 00
 (1789608389.235523)  can0  181   [8]  27 14 27 14 00 00 00 00
 (1789608389.235709)  can0  281   [5]  03 00 00 00 00
 (1789608389.240089)  can0  201   [6]  0F 00 00 00 00 00
 (1789608389.250104)  can0  201   [6]  0F 00 00 00 00 00
 (1789608389.260087)  can0  201   [6]  0F 00 00 00 00 00
 (1789608389.270046)  can0  201   [6]  0F 00 00 00 00 00
 (1789608389.280043)  can0  201   [6]  0F 00 00 00 00 00
 (1789608389.285530)  can0  181   [8]  27 14 27 14 00 00 00 00
 (1789608389.285718)  can0  281   [5]  03 00 00 00 00
 (1789608389.290098)  can0  201   [6]  0F 00 00 00 00 00
 (1789608389.300062)  can0  201   [6]  0F 00 00 00 00 00
 (1789608389.310064)  can0  201   [6]  0F 00 00 00 00 00
 (1789608389.320038)  can0  201   [6]  0F 00 00 00 00 00
 (1789608389.330047)  can0  201   [6]  0F 00 00 00 00 00
 (1789608389.335541)  can0  181   [8]  27 14 27 14 00 00 00 00
 (1789608389.335730)  can0  281   [5]  03 00 00 00 00
 (1789608389.340021)  can0  201   [6]  0F 00 00 00 00 00
 (1789608389.346206)  can0  701   [1]  05
 (1789608389.350008)  can0  201   [6]  0F 00 00 00 00 00
 (1789608389.359991)  can0  201   [6]  0F 00 00 00 00 00
 (1789608389.369992)  can0  201   [6]  0F 00 00 00 00 00
 (1789608389.379997)  can0  201   [6]  0F 00 00 00 00 00
 (1789608389.385549)  can0  181   [8]  27 14 27 14 00 00 00 00
 (1789608389.385741)  can0  281   [5]  03 00 00 00 00
 (1789608389.389991)  can0  201   [6]  0F 00 00 00 00 00
 (1789608389.399998)  can0  201   [6]  0F 00 00 00 00 00
 (1789608389.409991)  can0  201   [6]  0F 00 00 00 00 00
 (1789608389.419998)  can0  201   [6]  0F 00 00 00 00 00
 (1789608389.429993)  can0  201   [6]  0F 00 00 00 00 00
 (1789608389.435558)  can0  181   [8]  27 14 27 14 00 00 00 00
 (1789608389.435750)  can0  281   [5]  03 00 00 00 00
 (1789608389.439991)  can0  201   [6]  0F 00 00 00 00 00
 (1789608389.449996)  can0  201   [6]  0F 00 00 00 00 00
 (1789608389.459992)  can0  201   [6]  0F 00 00 00 00 00
 (1789608389.469995)  can0  201   [6]  0F 00 00 00 00 00
 (1789608389.480087)  can0  201   [6]  0F 00 00 00 00 00
 (1789608389.485571)  can0  181   [8]  27 14 27 14 00 00 00 00
 (1789608389.485760)  can0  281   [5]  03 00 00 00 00
 (1789608389.490005)  can0  201   [6]  0F 00 00 00 00 00
 (1789608389.499994)  can0  201   [6]  0F 00 00 00 00 00
 (1789608389.509991)  can0  201   [6]  0F 00 00 00 00 00
 (1789608389.519997)  can0  201   [6]  0F 00 00 00 00 00
 (1789608389.529991)  can0  201   [6]  0F 00 00 00 00 00
 (1789608389.535579)  can0  181   [8]  27 14 27 14 00 00 00 00
 (1789608389.535771)  can0  281   [5]  03 00 00 00 00
 (1789608389.539996)  can0  201   [6]  0F 00 00 00 00 00
 (1789608389.549991)  can0  201   [6]  0F 00 00 00 00 00
 (1789608389.559999)  can0  201   [6]  0F 00 00 00 00 00
 (1789608389.569992)  can0  201   [6]  0F 00 00 00 00 00
 (1789608389.579993)  can0  201   [6]  0F 00 00 00 00 00
 (1789608389.585589)  can0  181   [8]  27 14 27 14 00 00 00 00
 (1789608389.585781)  can0  281   [5]  03 00 00 00 00
 (1789608389.589997)  can0  201   [6]  0F 00 00 00 00 00
 (1789608389.595703)  can0  701   [1]  05
 (1789608389.599990)  can0  201   [6]  0F 00 00 00 00 00
 (1789608389.609996)  can0  201   [6]  0F 00 00 00 00 00
 (1789608389.620002)  can0  201   [6]  0F 00 00 00 00 00
 (1789608389.630004)  can0  201   [6]  0F 00 00 00 00 00
 (1789608389.635604)  can0  181   [8]  27 14 27 14 00 00 00 00
 (1789608389.635791)  can0  281   [5]  03 00 00 00 00
 (1789608389.640055)  can0  201   [6]  0F 00 00 00 00 00
 (1789608389.650036)  can0  201   [6]  0F 00 00 00 00 00
 (1789608389.660090)  can0  201   [6]  0F 00 00 00 00 00
 (1789608389.670065)  can0  201   [6]  0F 00 00 00 00 00
 (1789608389.680082)  can0  201   [6]  0F 00 00 00 00 00
 (1789608389.685612)  can0  181   [8]  27 14 27 14 00 00 00 00
 (1789608389.685745)  can0  281   [5]  03 00 00 00 00
 (1789608389.690033)  can0  201   [6]  0F 00 00 00 00 00
 (1789608389.700145)  can0  201   [6]  0F 00 00 00 00 00
 (1789608389.710082)  can0  201   [6]  0F 00 00 00 00 00
 (1789608389.720146)  can0  201   [6]  0F 00 00 00 00 00
 (1789608389.730084)  can0  201   [6]  0F 00 00 00 00 00
 (1789608389.735625)  can0  181   [8]  27 14 27 14 00 00 00 00
 (1789608389.735811)  can0  281   [5]  03 00 00 00 00
 (1789608389.740105)  can0  201   [6]  0F 00 00 00 00 00
 (1789608389.750072)  can0  201   [6]  0F 00 00 00 00 00
 (1789608389.760044)  can0  201   [6]  0F 00 00 00 00 00
 (1789608389.770103)  can0  201   [6]  0F 00 00 00 00 00
 (1789608389.780068)  can0  201   [6]  0F 00 00 00 00 00
 (1789608389.785632)  can0  181   [8]  27 14 27 14 00 00 00 00
 (1789608389.785820)  can0  281   [5]  03 00 00 00 00
 (1789608389.790053)  can0  201   [6]  0F 00 00 00 00 00
 (1789608389.800042)  can0  201   [6]  0F 00 00 00 00 00
 (1789608389.810032)  can0  201   [6]  0F 00 00 00 00 00
 (1789608389.820134)  can0  201   [6]  0F 00 00 00 00 00
 (1789608389.830006)  can0  201   [6]  0F 00 00 00 00 00
 (1789608389.835644)  can0  181   [8]  27 14 27 14 00 00 00 00
 (1789608389.835834)  can0  281   [5]  03 00 00 00 00
 (1789608389.839999)  can0  201   [6]  0F 00 00 00 00 00
 (1789608389.845247)  can0  701   [1]  05
 (1789608389.849992)  can0  201   [6]  0F 00 00 00 00 00
 (1789608389.859992)  can0  201   [6]  0F 00 00 00 00 00
 (1789608389.869996)  can0  201   [6]  0F 00 00 00 00 00
 (1789608389.879991)  can0  201   [6]  0F 00 00 00 00 00
 (1789608389.885650)  can0  181   [8]  27 14 27 14 00 00 00 00
 (1789608389.885840)  can0  281   [5]  03 00 00 00 00
 (1789608389.889996)  can0  201   [6]  0F 00 00 00 00 00
 (1789608389.899992)  can0  201   [6]  0F 00 00 00 00 00
 (1789608389.909996)  can0  201   [6]  0F 00 00 00 00 00
 (1789608389.919992)  can0  201   [6]  0F 00 00 00 00 00
 (1789608389.929992)  can0  201   [6]  0F 00 00 00 00 00
 (1789608389.935661)  can0  181   [8]  27 14 27 14 00 00 00 00
 (1789608389.935852)  can0  281   [5]  03 00 00 00 00
 (1789608389.939997)  can0  201   [6]  0F 00 00 00 00 00
 (1789608389.949993)  can0  201   [6]  0F 00 00 00 00 00
 (1789608389.960050)  can0  201   [6]  0F 00 00 00 00 00
 (1789608389.969955)  can0  201   [6]  0F 00 00 00 00 00
 (1789608389.979999)  can0  201   [6]  0F 00 00 00 00 00
 (1789608389.985671)  can0  181   [8]  27 14 27 14 00 00 00 00
 (1789608389.985863)  can0  281   [5]  03 00 00 00 00
 (1789608389.989993)  can0  201   [6]  0F 00 00 00 00 00
 (1789608389.999992)  can0  201   [6]  0F 00 00 00 00 00
 (1789608390.009996)  can0  201   [6]  0F 00 00 00 00 00
 (1789608390.019993)  can0  201   [6]  0F 00 00 00 00 00
 (1789608390.029996)  can0  201   [6]  0F 00 00 00 00 00
 (1789608390.035680)  can0  181   [8]  27 14 27 14 00 00 00 00
 (1789608390.035872)  can0  281   [5]  03 00 00 00 00
 (1789608390.039992)  can0  201   [6]  0F 00 00 00 00 00
 (1789608390.049998)  can0  201   [6]  0F 00 00 00 00 00
 (1789608390.060038)  can0  201   [6]  0F 00 00 00 00 00
 (1789608390.070030)  can0  201   [6]  0F 00 00 00 00 00
 (1789608390.080037)  can0  201   [6]  0F 00 00 00 00 00
 (1789608390.085694)  can0  181   [8]  27 14 27 14 00 00 00 00
 (1789608390.085882)  can0  281   [5]  03 00 00 00 00
 (1789608390.090020)  can0  201   [6]  0F 00 00 00 00 00
 (1789608390.094800)  can0  701   [1]  05
 (1789608390.100032)  can0  201   [6]  0F 00 00 00 00 00
 (1789608390.110049)  can0  201   [6]  0F 00 00 00 00 00
 (1789608390.120073)  can0  201   [6]  0F 00 00 00 00 00
 (1789608390.130067)  can0  201   [6]  0F 00 00 00 00 00
 (1789608390.135702)  can0  181   [8]  27 14 27 14 00 00 00 00
 (1789608390.135892)  can0  281   [5]  03 00 00 00 00
 (1789608390.139910)  can0  201   [6]  0F 00 00 00 00 00
 (1789608390.149904)  can0  201   [6]  0F 00 00 00 00 00
 (1789608390.160035)  can0  201   [6]  0F 00 00 00 00 00
 (1789608390.170059)  can0  201   [6]  0F 00 00 00 00 00
 (1789608390.179969)  can0  201   [6]  0F 00 00 00 00 00
 (1789608390.185656)  can0  181   [8]  27 14 27 14 00 00 00 00
 (1789608390.185846)  can0  281   [5]  03 00 00 00 00
 (1789608390.189899)  can0  201   [6]  0F 00 00 00 00 00
 (1789608390.199967)  can0  201   [6]  0F 00 00 00 00 00
 (1789608390.209906)  can0  201   [6]  0F 00 00 00 00 00
 (1789608390.220057)  can0  201   [6]  0F 00 00 00 00 00
 (1789608390.230112)  can0  201   [6]  0F 00 00 00 00 00
 (1789608390.235725)  can0  181   [8]  27 14 27 14 00 00 00 00
 (1789608390.235914)  can0  281   [5]  03 00 00 00 00
 (1789608390.240053)  can0  201   [6]  0F 00 00 00 00 00
 (1789608390.250035)  can0  201   [6]  0F 00 00 00 00 00
 (1789608390.260114)  can0  201   [6]  0F 00 00 00 00 00
 (1789608390.270071)  can0  201   [6]  0F 00 00 00 00 00
 (1789608390.280047)  can0  201   [6]  0F 00 00 00 00 00
 (1789608390.285733)  can0  181   [8]  27 14 27 14 00 00 00 00
 (1789608390.285924)  can0  281   [5]  03 00 00 00 00
 (1789608390.290033)  can0  201   [6]  0F 00 00 00 00 00
 (1789608390.300023)  can0  201   [6]  0F 00 00 00 00 00
 (1789608390.310051)  can0  201   [6]  0F 00 00 00 00 00
 (1789608390.320004)  can0  201   [6]  0F 00 00 00 00 00
 (1789608390.330004)  can0  201   [6]  0F 00 00 00 00 00
 (1789608390.335743)  can0  181   [8]  27 14 27 14 00 00 00 00
 (1789608390.335933)  can0  281   [5]  03 00 00 00 00
 (1789608390.339992)  can0  201   [6]  0F 00 00 00 00 00
 (1789608390.344351)  can0  701   [1]  05
 (1789608390.349994)  can0  201   [6]  0F 00 00 00 00 00
 (1789608390.359999)  can0  201   [6]  0F 00 00 00 00 00
 (1789608390.369991)  can0  201   [6]  0F 00 00 00 00 00
 (1789608390.380002)  can0  201   [6]  0F 00 00 00 00 00
 (1789608390.385753)  can0  181   [8]  27 14 27 14 00 00 00 00
 (1789608390.385944)  can0  281   [5]  03 00 00 00 00
 (1789608390.389992)  can0  201   [6]  0F 00 00 00 00 00
 (1789608390.399996)  can0  201   [6]  0F 00 00 00 00 00
 (1789608390.409991)  can0  201   [6]  0F 00 00 00 00 00
 (1789608390.419990)  can0  201   [6]  0F 00 00 00 00 00
 (1789608390.429996)  can0  201   [6]  0F 00 00 00 00 00
 (1789608390.435763)  can0  181   [8]  27 14 27 14 00 00 00 00
 (1789608390.435956)  can0  281   [5]  03 00 00 00 00
 (1789608390.439990)  can0  201   [6]  0F 00 00 00 00 00
 (1789608390.450097)  can0  201   [6]  0F 00 00 00 00 00
 (1789608390.460003)  can0  201   [6]  0F 00 00 00 00 00
 (1789608390.470000)  can0  201   [6]  0F 00 00 00 00 00
 (1789608390.479992)  can0  201   [6]  0F 00 00 00 00 00
 (1789608390.485775)  can0  181   [8]  27 14 27 14 00 00 00 00
 (1789608390.485964)  can0  281   [5]  03 00 00 00 00
 (1789608390.489991)  can0  201   [6]  0F 00 00 00 00 00
 (1789608390.499997)  can0  201   [6]  0F 00 00 00 00 00
 (1789608390.509991)  can0  201   [6]  0F 00 00 00 00 00
 (1789608390.519998)  can0  201   [6]  0F 00 00 00 00 00
 (1789608390.529991)  can0  201   [6]  0F 00 00 00 00 00
 (1789608390.535780)  can0  181   [8]  27 14 27 14 00 00 00 00
 (1789608390.535916)  can0  281   [5]  03 00 00 00 00
 (1789608390.539999)  can0  201   [6]  0F 00 00 00 00 00
 (1789608390.549992)  can0  201   [6]  0F 00 00 00 00 00
 (1789608390.559995)  can0  201   [6]  0F 00 00 00 00 00
 (1789608390.569996)  can0  201   [6]  0F 00 00 00 00 00
 (1789608390.579992)  can0  201   [6]  0F 00 00 00 00 00
 (1789608390.585794)  can0  181   [8]  27 14 27 14 00 00 00 00
 (1789608390.585985)  can0  281   [5]  03 00 00 00 00
 (1789608390.589986)  can0  201   [6]  0F 00 00 00 00 00
 (1789608390.593785)  can0  701   [1]  05
 (1789608390.599887)  can0  201   [6]  0F 00 00 00 00 00
 (1789608390.609889)  can0  201   [6]  0F 00 00 00 00 00
 (1789608390.619893)  can0  201   [6]  0F 00 00 00 00 00
 (1789608390.629885)  can0  201   [6]  0F 00 00 00 00 00
 (1789608390.635750)  can0  181   [8]  27 14 27 14 00 00 00 00
 (1789608390.635938)  can0  281   [5]  03 00 00 00 00
 (1789608390.639900)  can0  201   [6]  0F 00 00 00 00 00
 (1789608390.649885)  can0  201   [6]  0F 00 00 00 00 00
 (1789608390.660035)  can0  201   [6]  0F 00 00 00 00 00
 (1789608390.670163)  can0  201   [6]  0F 00 00 00 00 00
 (1789608390.680048)  can0  201   [6]  0F 00 00 00 00 00
 (1789608390.685829)  can0  181   [8]  27 14 27 14 00 00 00 00
 (1789608390.686029)  can0  281   [5]  03 00 00 00 00
 (1789608390.690132)  can0  201   [6]  0F 00 00 00 00 00
 (1789608390.700088)  can0  201   [6]  0F 00 00 00 00 00
 (1789608390.710108)  can0  201   [6]  0F 00 00 00 00 00
 (1789608390.720077)  can0  201   [6]  0F 00 00 00 00 00
 (1789608390.730030)  can0  201   [6]  0F 00 00 00 00 00
 (1789608390.735825)  can0  181   [8]  27 14 27 14 00 00 00 00
 (1789608390.736014)  can0  281   [5]  03 00 00 00 00
 (1789608390.740025)  can0  201   [6]  0F 00 00 00 00 00
 (1789608390.750127)  can0  201   [6]  0F 00 00 00 00 00
 (1789608390.760008)  can0  201   [6]  0F 00 00 00 00 00
 (1789608390.770042)  can0  201   [6]  0F 00 00 00 00 00
 (1789608390.780035)  can0  201   [6]  0F 00 00 00 00 00
 (1789608390.785834)  can0  181   [8]  27 14 27 14 00 00 00 00
 (1789608390.786023)  can0  281   [5]  03 00 00 00 00
 (1789608390.790026)  can0  201   [6]  0F 00 00 00 00 00
 (1789608390.800004)  can0  201   [6]  0F 00 00 00 00 00
 (1789608390.810002)  can0  201   [6]  0F 00 00 00 00 00
 (1789608390.819998)  can0  201   [6]  0F 00 00 00 00 00
 (1789608390.829993)  can0  201   [6]  0F 00 00 00 00 00
 (1789608390.835843)  can0  181   [8]  27 14 27 14 00 00 00 00
 (1789608390.836036)  can0  281   [5]  03 00 00 00 00
 (1789608390.839992)  can0  201   [6]  0F 00 00 00 00 00
 (1789608390.843392)  can0  701   [1]  05
 (1789608390.849994)  can0  201   [6]  0F 00 00 00 00 00
 (1789608390.859991)  can0  201   [6]  0F 00 00 00 00 00
 (1789608390.869997)  can0  201   [6]  0F 00 00 00 00 00
 (1789608390.879991)  can0  201   [6]  0F 00 00 00 00 00
 (1789608390.885854)  can0  181   [8]  27 14 27 14 00 00 00 00
 (1789608390.886045)  can0  281   [5]  03 00 00 00 00
 (1789608390.889997)  can0  201   [6]  0F 00 00 00 00 00
 (1789608390.899990)  can0  201   [6]  0F 00 00 00 00 00
 (1789608390.909989)  can0  201   [6]  0F 00 00 00 00 00
 (1789608390.919997)  can0  201   [6]  0F 00 00 00 00 00
 (1789608390.929989)  can0  201   [6]  0F 00 00 00 00 00
 (1789608390.935909)  can0  181   [8]  27 14 27 14 00 00 00 00
 (1789608390.936083)  can0  281   [5]  03 00 00 00 00
 (1789608390.939933)  can0  201   [6]  0F 00 00 00 00 00
 (1789608390.949886)  can0  201   [6]  0F 00 00 00 00 00
 (1789608390.959875)  can0  201   [6]  0F 00 00 00 00 00
 (1789608390.969880)  can0  201   [6]  0F 00 00 00 00 00
 (1789608390.979876)  can0  201   [6]  0F 00 00 00 00 00
 (1789608390.985818)  can0  181   [8]  27 14 27 14 00 00 00 00
 (1789608390.986010)  can0  281   [5]  03 00 00 00 00
 (1789608390.989880)  can0  201   [6]  0F 00 00 00 00 00
 (1789608390.999874)  can0  201   [6]  0F 00 00 00 00 00
 (1789608391.009880)  can0  201   [6]  0F 00 00 00 00 00
 (1789608391.019878)  can0  201   [6]  0F 00 00 00 00 00
 (1789608391.029880)  can0  201   [6]  0F 00 00 00 00 00
 (1789608391.035829)  can0  181   [8]  27 14 27 14 00 00 00 00
 (1789608391.036020)  can0  281   [5]  03 00 00 00 00
 (1789608391.039874)  can0  201   [6]  0F 00 00 00 00 00
 (1789608391.049998)  can0  201   [6]  0F 00 00 00 00 00
 (1789608391.059997)  can0  201   [6]  0F 00 00 00 00 00
 (1789608391.069990)  can0  201   [6]  0F 00 00 00 00 00
 (1789608391.079893)  can0  201   [6]  0F 00 00 00 00 00
 (1789608391.085840)  can0  181   [8]  27 14 27 14 00 00 00 00
 (1789608391.086030)  can0  281   [5]  03 00 00 00 00
 (1789608391.089883)  can0  201   [6]  0F 00 00 00 00 00
 (1789608391.092886)  can0  701   [1]  05
 (1789608391.099899)  can0  201   [6]  0F 00 00 00 00 00
 (1789608391.109898)  can0  201   [6]  0F 00 00 00 00 00
 (1789608391.119901)  can0  201   [6]  0F 00 00 00 00 00
 (1789608391.129906)  can0  201   [6]  0F 00 00 00 00 00
 (1789608391.135851)  can0  181   [8]  27 14 27 14 00 00 00 00
 (1789608391.136040)  can0  281   [5]  03 00 00 00 00
 (1789608391.139893)  can0  201   [6]  0F 00 00 00 00 00
 (1789608391.150036)  can0  201   [6]  0F 00 00 00 00 00
 (1789608391.160173)  can0  201   [6]  0F 00 00 00 00 00
 (1789608391.170067)  can0  201   [6]  0F 00 00 00 00 00
 (1789608391.180155)  can0  201   [6]  0F 00 00 00 00 00
 (1789608391.185919)  can0  181   [8]  27 14 27 14 00 00 00 00
 (1789608391.186106)  can0  281   [5]  03 00 00 00 00
 (1789608391.189936)  can0  201   [6]  0F 00 00 00 00 00
 (1789608391.199929)  can0  201   [6]  0F 00 00 00 00 00
 (1789608391.210091)  can0  201   [6]  0F 00 00 00 00 00
 (1789608391.220025)  can0  201   [6]  0F 00 00 00 00 00
 (1789608391.230037)  can0  201   [6]  0F 00 00 00 00 00
 (1789608391.235930)  can0  181   [8]  27 14 27 14 00 00 00 00
 (1789608391.236116)  can0  281   [5]  03 00 00 00 00
 (1789608391.240113)  can0  201   [6]  0F 00 00 00 00 00
 (1789608391.250067)  can0  201   [6]  0F 00 00 00 00 00
 (1789608391.260061)  can0  201   [6]  0F 00 00 00 00 00
 (1789608391.270045)  can0  201   [6]  0F 00 00 00 00 00
 (1789608391.280030)  can0  201   [6]  0F 00 00 00 00 00
 (1789608391.285937)  can0  181   [8]  27 14 27 14 00 00 00 00
 (1789608391.286128)  can0  281   [5]  03 00 00 00 00
 (1789608391.290029)  can0  201   [6]  0F 00 00 00 00 00
 (1789608391.299992)  can0  201   [6]  0F 00 00 00 00 00
 (1789608391.310000)  can0  201   [6]  0F 00 00 00 00 00
 (1789608391.319885)  can0  201   [6]  0F 00 00 00 00 00
 (1789608391.329879)  can0  201   [6]  0F 00 00 00 00 00
 (1789608391.335889)  can0  181   [8]  27 14 27 14 00 00 00 00
 (1789608391.336081)  can0  281   [5]  03 00 00 00 00
 (1789608391.340001)  can0  201   [6]  0F 00 00 00 00 00
 (1789608391.342435)  can0  701   [1]  05
 (1789608391.349993)  can0  201   [6]  0F 00 00 00 00 00
 (1789608391.359996)  can0  201   [6]  0F 00 00 00 00 00
 (1789608391.369990)  can0  201   [6]  0F 00 00 00 00 00
 (1789608391.379996)  can0  201   [6]  0F 00 00 00 00 00
 (1789608391.385962)  can0  181   [8]  27 14 27 14 00 00 00 00
 (1789608391.386150)  can0  281   [5]  03 00 00 00 00
 (1789608391.389990)  can0  201   [6]  0F 00 00 00 00 00
 (1789608391.399990)  can0  201   [6]  0F 00 00 00 00 00
 (1789608391.409997)  can0  201   [6]  0F 00 00 00 00 00
 (1789608391.419992)  can0  201   [6]  0F 00 00 00 00 00
 (1789608391.429461)  can0  201   [6]  0F 00 00 00 00 00
 (1789608391.435968)  can0  181   [8]  27 14 27 14 00 00 00 00
 (1789608391.436157)  can0  281   [5]  03 00 00 00 00
 (1789608391.440185)  can0  201   [6]  0F 00 00 00 00 00
 (1789608391.450190)  can0  201   [6]  0F 00 00 00 00 00
 (1789608391.460174)  can0  201   [6]  0F 00 00 00 00 00
 (1789608391.470168)  can0  201   [6]  0F 00 00 00 00 00
 (1789608391.480011)  can0  201   [6]  0F 00 00 00 00 00
 (1789608391.485977)  can0  181   [8]  27 14 27 14 00 00 00 00
 (1789608391.486112)  can0  281   [5]  03 00 00 00 00
 (1789608391.489993)  can0  201   [6]  0F 00 00 00 00 00
 (1789608391.499996)  can0  201   [6]  0F 00 00 00 00 00
 (1789608391.509992)  can0  201   [6]  0F 00 00 00 00 00
 (1789608391.520001)  can0  201   [6]  0F 00 00 00 00 00
 (1789608391.529992)  can0  201   [6]  0F 00 00 00 00 00
 (1789608391.535988)  can0  181   [8]  27 14 27 14 00 00 00 00
 (1789608391.536177)  can0  281   [5]  03 00 00 00 00
 (1789608391.539990)  can0  201   [6]  0F 00 00 00 00 00
 (1789608391.549997)  can0  201   [6]  0F 00 00 00 00 00
 (1789608391.559992)  can0  201   [6]  0F 00 00 00 00 00
 (1789608391.570008)  can0  201   [6]  0F 00 00 00 00 00
 (1789608391.579998)  can0  201   [6]  0F 00 00 00 00 00
 (1789608391.585999)  can0  181   [8]  27 14 27 14 00 00 00 00
 (1789608391.586187)  can0  281   [5]  03 00 00 00 00
 (1789608391.590078)  can0  201   [6]  0F 00 00 00 00 00
 (1789608391.591989)  can0  701   [1]  05
 (1789608391.600034)  can0  201   [6]  0F 00 00 00 00 00
 (1789608391.610041)  can0  201   [6]  0F 00 00 00 00 00
 (1789608391.620028)  can0  201   [6]  0F 00 00 00 00 00
 (1789608391.630026)  can0  201   [6]  0F 00 00 00 00 00
 (1789608391.636013)  can0  181   [8]  27 14 27 14 00 00 00 00
 (1789608391.636202)  can0  281   [5]  03 00 00 00 00
 (1789608391.640026)  can0  201   [6]  0F 00 00 00 00 00
 (1789608391.649998)  can0  201   [6]  0F 00 00 00 00 00
 (1789608391.660002)  can0  201   [6]  0F 00 00 00 00 00
 (1789608391.669990)  can0  201   [6]  0F 00 00 00 00 00
 (1789608391.679990)  can0  201   [6]  0F 00 00 00 00 00
 (1789608391.686017)  can0  181   [8]  27 14 27 14 00 00 00 00
 (1789608391.686209)  can0  281   [5]  03 00 00 00 00
 (1789608391.689996)  can0  201   [6]  0F 00 00 00 00 00
 (1789608391.699991)  can0  201   [6]  0F 00 00 00 00 00
 (1789608391.709997)  can0  201   [6]  0F 00 00 00 00 00
 (1789608391.719990)  can0  201   [6]  0F 00 00 00 00 00
 (1789608391.729998)  can0  201   [6]  0F 00 00 00 00 00
 (1789608391.736029)  can0  181   [8]  27 14 27 14 00 00 00 00
 (1789608391.736220)  can0  281   [5]  03 00 00 00 00
 (1789608391.739990)  can0  201   [6]  0F 00 00 00 00 00
 (1789608391.749991)  can0  201   [6]  0F 00 00 00 00 00
 (1789608391.759996)  can0  201   [6]  0F 00 00 00 00 00
 (1789608391.770004)  can0  201   [6]  0F 00 00 00 00 00
 (1789608391.780108)  can0  201   [6]  0F 00 00 00 00 00
 (1789608391.786038)  can0  181   [8]  27 14 27 14 00 00 00 00
 (1789608391.786231)  can0  281   [5]  03 00 00 00 00
 (1789608391.790004)  can0  201   [6]  0F 00 00 00 00 00
 (1789608391.800001)  can0  201   [6]  0F 00 00 00 00 00
 (1789608391.809991)  can0  201   [6]  0F 00 00 00 00 00
 (1789608391.819992)  can0  201   [6]  0F 00 00 00 00 00
 (1789608391.829997)  can0  201   [6]  0F 00 00 00 00 00
 (1789608391.836049)  can0  181   [8]  27 14 27 14 00 00 00 00
 (1789608391.836239)  can0  281   [5]  03 00 00 00 00
 (1789608391.839990)  can0  201   [6]  0F 00 00 00 00 00
 (1789608391.841536)  can0  701   [1]  05
 (1789608391.849996)  can0  201   [6]  0F 00 00 00 00 00
 (1789608391.859992)  can0  201   [6]  0F 00 00 00 00 00
 (1789608391.869995)  can0  201   [6]  0F 00 00 00 00 00
 (1789608391.879991)  can0  201   [6]  0F 00 00 00 00 00
 (1789608391.886058)  can0  181   [8]  27 14 27 14 00 00 00 00
 (1789608391.886250)  can0  281   [5]  03 00 00 00 00
 (1789608391.889990)  can0  201   [6]  0F 00 00 00 00 00
 (1789608391.899997)  can0  201   [6]  0F 00 00 00 00 00
 (1789608391.909991)  can0  201   [6]  0F 00 00 00 00 00
 (1789608391.920007)  can0  201   [6]  0F 00 00 00 00 00
 (1789608391.929994)  can0  201   [6]  0F 00 00 00 00 00
 (1789608391.936073)  can0  181   [8]  27 14 27 14 00 00 00 00
 (1789608391.936286)  can0  281   [5]  03 00 00 00 00
 (1789608391.940075)  can0  201   [6]  0F 00 00 00 00 00
 (1789608391.950043)  can0  201   [6]  0F 00 00 00 00 00
 (1789608391.960038)  can0  201   [6]  0F 00 00 00 00 00
 (1789608391.970026)  can0  201   [6]  0F 00 00 00 00 00
 (1789608391.980019)  can0  201   [6]  0F 00 00 00 00 00
 (1789608391.986080)  can0  181   [8]  27 14 27 14 00 00 00 00
 (1789608391.986268)  can0  281   [5]  03 00 00 00 00
 (1789608391.990017)  can0  201   [6]  0F 00 00 00 00 00
 (1789608391.999999)  can0  201   [6]  0F 00 00 00 00 00
 (1789608392.009998)  can0  201   [6]  0F 00 00 00 00 00
 (1789608392.019996)  can0  201   [6]  0F 00 00 00 00 00
 (1789608392.029992)  can0  201   [6]  0F 00 00 00 00 00
 (1789608392.036090)  can0  181   [8]  27 14 27 14 00 00 00 00
 (1789608392.036283)  can0  281   [5]  03 00 00 00 00
 (1789608392.039997)  can0  201   [6]  0F 00 00 00 00 00
 (1789608392.049991)  can0  201   [6]  0F 00 00 00 00 00
 (1789608392.059995)  can0  201   [6]  0F 00 00 00 00 00
 (1789608392.069991)  can0  201   [6]  0F 00 00 00 00 00
 (1789608392.079995)  can0  201   [6]  0F 00 00 00 00 00
 (1789608392.086100)  can0  181   [8]  27 14 27 14 00 00 00 00
 (1789608392.086291)  can0  281   [5]  03 00 00 00 00
 (1789608392.089989)  can0  201   [6]  0F 00 00 00 00 00
 (1789608392.091030)  can0  701   [1]  05
 (1789608392.099991)  can0  201   [6]  0F 00 00 00 00 00
 (1789608392.109995)  can0  201   [6]  0F 00 00 00 00 00
 (1789608392.119992)  can0  201   [6]  0F 00 00 00 00 00
 (1789608392.130102)  can0  201   [6]  0F 00 00 00 00 00
 (1789608392.136111)  can0  181   [8]  27 14 27 14 00 00 00 00
 (1789608392.136300)  can0  281   [5]  03 00 00 00 00
 (1789608392.140008)  can0  201   [6]  0F 00 00 00 00 00
 (1789608392.149996)  can0  201   [6]  0F 00 00 00 00 00
 (1789608392.159991)  can0  201   [6]  0F 00 00 00 00 00
 (1789608392.169992)  can0  201   [6]  0F 00 00 00 00 00
 (1789608392.179995)  can0  201   [6]  0F 00 00 00 00 00
 (1789608392.186120)  can0  181   [8]  27 14 27 14 00 00 00 00
 (1789608392.186311)  can0  281   [5]  03 00 00 00 00
 (1789608392.189991)  can0  201   [6]  0F 00 00 00 00 00
 (1789608392.199996)  can0  201   [6]  0F 00 00 00 00 00
 (1789608392.209992)  can0  201   [6]  0F 00 00 00 00 00
 (1789608392.219998)  can0  201   [6]  0F 00 00 00 00 00
 (1789608392.229991)  can0  201   [6]  0F 00 00 00 00 00
 (1789608392.236130)  can0  181   [8]  27 14 27 14 00 00 00 00
 (1789608392.236323)  can0  281   [5]  03 00 00 00 00
 (1789608392.239992)  can0  201   [6]  0F 00 00 00 00 00
 (1789608392.249995)  can0  201   [6]  0F 00 00 00 00 00
 (1789608392.259992)  can0  201   [6]  0F 00 00 00 00 00
 (1789608392.270008)  can0  201   [6]  0F 00 00 00 00 00
 (1789608392.279996)  can0  201   [6]  0F 00 00 00 00 00
 (1789608392.286145)  can0  181   [8]  27 14 27 14 00 00 00 00
 (1789608392.286331)  can0  281   [5]  03 00 00 00 00
 (1789608392.290069)  can0  201   [6]  0F 00 00 00 00 00
 (1789608392.300037)  can0  201   [6]  0F 00 00 00 00 00
 (1789608392.310079)  can0  201   [6]  0F 00 00 00 00 00
 (1789608392.320066)  can0  201   [6]  0F 00 00 00 00 00
 (1789608392.330086)  can0  201   [6]  0F 00 00 00 00 00
 (1789608392.336151)  can0  181   [8]  27 14 27 14 00 00 00 00
 (1789608392.336342)  can0  281   [5]  03 00 00 00 00
 (1789608392.340044)  can0  201   [6]  0F 00 00 00 00 00
 (1789608392.340580)  can0  701   [1]  05
 (1789608392.350142)  can0  201   [6]  0F 00 00 00 00 00
 (1789608392.360080)  can0  201   [6]  0F 00 00 00 00 00
 (1789608392.370147)  can0  201   [6]  0F 00 00 00 00 00
 (1789608392.380091)  can0  201   [6]  0F 00 00 00 00 00
 (1789608392.386168)  can0  181   [8]  27 14 27 14 00 00 00 00
 (1789608392.386360)  can0  281   [5]  03 00 00 00 00
 (1789608392.390095)  can0  201   [6]  0F 00 00 00 00 00
 (1789608392.400079)  can0  201   [6]  0F 00 00 00 00 00
 (1789608392.410052)  can0  201   [6]  0F 00 00 00 00 00
 (1789608392.420067)  can0  201   [6]  0F 00 00 00 00 00
 (1789608392.430089)  can0  201   [6]  0F 00 00 00 00 00
 (1789608392.436172)  can0  181   [8]  27 14 27 14 00 00 00 00
 (1789608392.436306)  can0  281   [5]  03 00 00 00 00
 (1789608392.440058)  can0  201   [6]  0F 00 00 00 00 00
 (1789608392.450051)  can0  201   [6]  0F 00 00 00 00 00
 (1789608392.460045)  can0  201   [6]  0F 00 00 00 00 00
 (1789608392.470028)  can0  201   [6]  0F 00 00 00 00 00
 (1789608392.480026)  can0  201   [6]  0F 00 00 00 00 00
 (1789608392.486183)  can0  181   [8]  27 14 27 14 00 00 00 00
 (1789608392.486315)  can0  281   [5]  03 00 00 00 00
 (1789608392.489996)  can0  201   [6]  0F 00 00 00 00 00
 (1789608392.499996)  can0  201   [6]  0F 00 00 00 00 00
 (1789608392.509991)  can0  201   [6]  0F 00 00 00 00 00
 (1789608392.519991)  can0  201   [6]  0F 00 00 00 00 00
 (1789608392.529996)  can0  201   [6]  0F 00 00 00 00 00
 (1789608392.536191)  can0  181   [8]  27 14 27 14 00 00 00 00
 (1789608392.536383)  can0  281   [5]  03 00 00 00 00
 (1789608392.539993)  can0  201   [6]  0F 00 00 00 00 00
 (1789608392.549996)  can0  201   [6]  0F 00 00 00 00 00
 (1789608392.559990)  can0  201   [6]  0F 00 00 00 00 00
 (1789608392.569996)  can0  201   [6]  0F 00 00 00 00 00
 (1789608392.579993)  can0  201   [6]  0F 00 00 00 00 00
 (1789608392.586200)  can0  181   [8]  27 14 27 14 00 00 00 00
 (1789608392.586392)  can0  281   [5]  03 00 00 00 00
 (1789608392.589993)  can0  201   [6]  0F 00 00 00 00 00
 (1789608392.590142)  can0  701   [1]  05
 (1789608392.599997)  can0  201   [6]  0F 00 00 00 00 00
 (1789608392.609992)  can0  201   [6]  0F 00 00 00 00 00
 (1789608392.620088)  can0  201   [6]  0F 00 00 00 00 00
 (1789608392.629942)  can0  201   [6]  0F 00 00 00 00 00
 (1789608392.636211)  can0  181   [8]  27 14 27 14 00 00 00 00
 (1789608392.636402)  can0  281   [5]  03 00 00 00 00
 (1789608392.640002)  can0  201   [6]  0F 00 03 00 00 00
 (1789608392.649995)  can0  201   [6]  0F 00 03 00 00 00
 (1789608392.659994)  can0  201   [6]  0F 00 03 00 00 00
 (1789608392.669999)  can0  201   [6]  0F 00 03 00 00 00
 (1789608392.679994)  can0  201   [6]  0F 00 03 00 00 00
 (1789608392.686215)  can0  181   [8]  27 44 27 14 09 00 00 00
 (1789608392.686350)  can0  281   [5]  03 00 00 00 00
 (1789608392.689996)  can0  201   [6]  0F 00 04 00 00 00
 (1789608392.699989)  can0  201   [6]  0F 00 04 00 00 00
 (1789608392.709995)  can0  201   [6]  0F 00 04 00 00 00
 (1789608392.719991)  can0  201   [6]  0F 00 04 00 00 00
 (1789608392.729991)  can0  201   [6]  0F 00 05 00 00 00
 (1789608392.736232)  can0  181   [8]  27 40 27 14 1F 00 00 00
 (1789608392.736425)  can0  281   [5]  03 00 00 00 00
 (1789608392.739941)  can0  201   [6]  0F 00 05 00 00 00
 (1789608392.749990)  can0  201   [6]  0F 00 05 00 00 00
 (1789608392.760008)  can0  201   [6]  0F 00 05 00 00 00
 (1789608392.769997)  can0  201   [6]  0F 00 05 00 00 00
 (1789608392.780011)  can0  201   [6]  0F 00 05 00 00 00
 (1789608392.786245)  can0  181   [8]  27 44 27 14 2D 00 00 00
 (1789608392.786430)  can0  281   [5]  03 00 00 00 00
 (1789608392.790030)  can0  201   [6]  0F 00 05 00 00 00
 (1789608392.800088)  can0  201   [6]  0F 00 05 00 00 00
 (1789608392.810061)  can0  201   [6]  0F 00 05 00 00 00
 (1789608392.820079)  can0  201   [6]  0F 00 05 00 00 00
 (1789608392.830027)  can0  201   [6]  0F 00 05 00 00 00
 (1789608392.836255)  can0  181   [8]  27 44 27 14 37 00 00 00
 (1789608392.836436)  can0  281   [5]  03 00 00 00 00
 (1789608392.839622)  can0  701   [1]  05
 (1789608392.840109)  can0  201   [6]  0F 00 05 00 00 00
 (1789608392.850080)  can0  201   [6]  0F 00 05 00 00 00
 (1789608392.860160)  can0  201   [6]  0F 00 05 00 00 00
 (1789608392.870089)  can0  201   [6]  0F 00 05 00 00 00
 (1789608392.880101)  can0  201   [6]  0F 00 05 00 00 00
 (1789608392.886260)  can0  181   [8]  27 44 27 14 33 00 00 00
 (1789608392.886446)  can0  281   [5]  03 00 00 00 00
 (1789608392.890077)  can0  201   [6]  0F 00 05 00 00 00
 (1789608392.900060)  can0  201   [6]  0F 00 05 00 00 00
 (1789608392.910114)  can0  201   [6]  0F 00 05 00 00 00
 (1789608392.920080)  can0  201   [6]  0F 00 05 00 00 00
 (1789608392.930051)  can0  201   [6]  0F 00 05 00 00 00
 (1789608392.936220)  can0  181   [8]  27 44 27 14 30 00 00 00
 (1789608392.936410)  can0  281   [5]  03 00 00 00 00
 (1789608392.940040)  can0  201   [6]  0F 00 05 00 00 00
 (1789608392.950036)  can0  201   [6]  0F 00 05 00 00 00
 (1789608392.960028)  can0  201   [6]  0F 00 05 00 00 00
 (1789608392.970014)  can0  201   [6]  0F 00 05 00 00 00
 (1789608392.979993)  can0  201   [6]  0F 00 05 00 00 00
 (1789608392.986229)  can0  181   [8]  27 44 27 14 31 00 00 00
 (1789608392.986417)  can0  281   [5]  03 00 00 00 00
 (1789608392.989994)  can0  201   [6]  0F 00 05 00 00 00
 (1789608392.999991)  can0  201   [6]  0F 00 05 00 00 00
 (1789608393.009990)  can0  201   [6]  0F 00 05 00 00 00
 (1789608393.019993)  can0  201   [6]  0F 00 05 00 00 00
 (1789608393.029990)  can0  201   [6]  0F 00 05 00 00 00
 (1789608393.036227)  can0  181   [8]  27 44 27 14 30 00 00 00
 (1789608393.036418)  can0  281   [5]  03 00 00 00 00
 (1789608393.039995)  can0  201   [6]  0F 00 05 00 00 00
 (1789608393.049992)  can0  201   [6]  0F 00 05 00 00 00
 (1789608393.059996)  can0  201   [6]  0F 00 05 00 00 00
 (1789608393.069990)  can0  201   [6]  0F 00 05 00 00 00
 (1789608393.079991)  can0  201   [6]  0F 00 05 00 00 00
 (1789608393.086173)  can0  181   [8]  27 44 27 14 34 00 00 00
 (1789608393.086365)  can0  281   [5]  03 00 00 00 00
 (1789608393.089236)  can0  701   [1]  05
 (1789608393.089600)  can0  201   [6]  0F 00 05 00 00 00
 (1789608393.099990)  can0  201   [6]  0F 00 05 00 00 00
 (1789608393.110079)  can0  201   [6]  0F 00 05 00 00 00
 (1789608393.119997)  can0  201   [6]  0F 00 05 00 00 00
 (1789608393.129998)  can0  201   [6]  0F 00 05 00 00 00
 (1789608393.136183)  can0  181   [8]  27 44 27 14 2E 00 00 00
 (1789608393.136373)  can0  281   [5]  03 00 00 00 00
 (1789608393.139992)  can0  201   [6]  0F 00 05 00 00 00
 (1789608393.149991)  can0  201   [6]  0F 00 05 00 00 00
 (1789608393.159995)  can0  201   [6]  0F 00 05 00 00 00
 (1789608393.169990)  can0  201   [6]  0F 00 05 00 00 00
 (1789608393.179996)  can0  201   [6]  0F 00 05 00 00 00
 (1789608393.186146)  can0  181   [8]  27 44 27 14 30 00 00 00
 (1789608393.186337)  can0  281   [5]  03 00 00 00 00
 (1789608393.189990)  can0  201   [6]  0F 00 05 00 00 00
 (1789608393.199995)  can0  201   [6]  0F 00 05 00 00 00
 (1789608393.209992)  can0  201   [6]  0F 00 05 00 00 00
 (1789608393.219990)  can0  201   [6]  0F 00 05 00 00 00
 (1789608393.229996)  can0  201   [6]  0F 00 05 00 00 00
 (1789608393.236141)  can0  181   [8]  27 44 27 14 34 00 00 00
 (1789608393.236332)  can0  281   [5]  03 00 00 00 00
 (1789608393.239990)  can0  201   [6]  0F 00 05 00 00 00
 (1789608393.250009)  can0  201   [6]  0F 00 05 00 00 00
 (1789608393.260003)  can0  201   [6]  0F 00 05 00 00 00
 (1789608393.270064)  can0  201   [6]  0F 00 05 00 00 00
 (1789608393.280025)  can0  201   [6]  0F 00 05 00 00 00
 (1789608393.286098)  can0  181   [8]  27 44 27 14 34 00 00 00
 (1789608393.286226)  can0  281   [5]  03 00 00 00 00
 (1789608393.290080)  can0  201   [6]  0F 00 05 00 00 00
 (1789608393.300045)  can0  201   [6]  0F 00 05 00 00 00
 (1789608393.310077)  can0  201   [6]  0F 00 05 00 00 00
 (1789608393.320066)  can0  201   [6]  0F 00 05 00 00 00
 (1789608393.330104)  can0  201   [6]  0F 00 05 00 00 00
 (1789608393.336108)  can0  181   [8]  27 44 27 14 31 00 00 00
 (1789608393.336287)  can0  281   [5]  03 00 00 00 00
 (1789608393.338732)  can0  701   [1]  05
 (1789608393.339161)  can0  201   [6]  0F 00 05 00 00 00
 (1789608393.350143)  can0  201   [6]  0F 00 05 00 00 00
 (1789608393.360062)  can0  201   [6]  0F 00 05 00 00 00
 (1789608393.370107)  can0  201   [6]  0F 00 05 00 00 00
 (1789608393.380037)  can0  201   [6]  0F 00 05 00 00 00
 (1789608393.386111)  can0  181   [8]  27 44 27 14 31 00 00 00
 (1789608393.386305)  can0  281   [5]  03 00 00 00 00
 (1789608393.390035)  can0  201   [6]  0F 00 05 00 00 00
 (1789608393.400082)  can0  201   [6]  0F 00 05 00 00 00
 (1789608393.410069)  can0  201   [6]  0F 00 05 00 00 00
 (1789608393.420033)  can0  201   [6]  0F 00 05 00 00 00
 (1789608393.430037)  can0  201   [6]  0F 00 05 00 00 00
 (1789608393.436119)  can0  181   [8]  27 44 27 14 2F 00 00 00
 (1789608393.436308)  can0  281   [5]  03 00 00 00 00
 (1789608393.440025)  can0  201   [6]  0F 00 05 00 00 00
 (1789608393.450038)  can0  201   [6]  0F 00 05 00 00 00
 (1789608393.460007)  can0  201   [6]  0F 00 05 00 00 00
 (1789608393.469995)  can0  201   [6]  0F 00 05 00 00 00
 (1789608393.479997)  can0  201   [6]  0F 00 05 00 00 00
 (1789608393.486128)  can0  181   [8]  27 44 27 14 33 00 00 00
 (1789608393.486318)  can0  281   [5]  03 00 00 00 00
 (1789608393.489993)  can0  201   [6]  0F 00 05 00 00 00
 (1789608393.499990)  can0  201   [6]  0F 00 05 00 00 00
 (1789608393.509995)  can0  201   [6]  0F 00 05 00 00 00
 (1789608393.519992)  can0  201   [6]  0F 00 05 00 00 00
 (1789608393.529978)  can0  201   [6]  0F 00 05 00 00 00
 (1789608393.536141)  can0  181   [8]  27 44 27 14 2E 00 00 00
 (1789608393.536333)  can0  281   [5]  03 00 00 00 00
 (1789608393.539990)  can0  201   [6]  0F 00 05 00 00 00
 (1789608393.549996)  can0  201   [6]  0F 00 05 00 00 00
 (1789608393.559991)  can0  201   [6]  0F 00 05 00 00 00
 (1789608393.569992)  can0  201   [6]  0F 00 05 00 00 00
 (1789608393.579995)  can0  201   [6]  0F 00 05 00 00 00
 (1789608393.586149)  can0  181   [8]  27 44 27 14 2F 00 00 00
 (1789608393.586339)  can0  281   [5]  03 00 00 00 00
 (1789608393.588340)  can0  701   [1]  05
 (1789608393.590162)  can0  201   [6]  0F 00 05 00 00 00
 (1789608393.600021)  can0  201   [6]  0F 00 05 00 00 00
 (1789608393.609995)  can0  201   [6]  0F 00 05 00 00 00
 (1789608393.619996)  can0  201   [6]  0F 00 05 00 00 00
 (1789608393.629991)  can0  201   [6]  0F 00 05 00 00 00
 (1789608393.636161)  can0  181   [8]  27 44 27 14 34 00 00 00
 (1789608393.636352)  can0  281   [5]  03 00 00 00 00
 (1789608393.639991)  can0  201   [6]  0F 00 05 00 00 00
 (1789608393.649996)  can0  201   [6]  0F 00 05 00 00 00
 (1789608393.659991)  can0  201   [6]  0F 00 05 00 00 00
 (1789608393.669994)  can0  201   [6]  0F 00 05 00 00 00
 (1789608393.679990)  can0  201   [6]  0F 00 05 00 00 00
 (1789608393.686169)  can0  181   [8]  27 44 27 14 34 00 00 00
 (1789608393.686359)  can0  281   [5]  03 00 00 00 00
 (1789608393.689995)  can0  201   [6]  0F 00 05 00 00 00
 (1789608393.699990)  can0  201   [6]  0F 00 05 00 00 00
 (1789608393.709991)  can0  201   [6]  0F 00 05 00 00 00
 (1789608393.719995)  can0  201   [6]  0F 00 05 00 00 00
 (1789608393.729991)  can0  201   [6]  0F 00 05 00 00 00
 (1789608393.736179)  can0  181   [8]  27 44 27 14 31 00 00 00
 (1789608393.736369)  can0  281   [5]  03 00 00 00 00
 (1789608393.740008)  can0  201   [6]  0F 00 05 00 00 00
 (1789608393.750023)  can0  201   [6]  0F 00 05 00 00 00
 (1789608393.760064)  can0  201   [6]  0F 00 05 00 00 00
 (1789608393.770025)  can0  201   [6]  0F 00 05 00 00 00
 (1789608393.780028)  can0  201   [6]  0F 00 05 00 00 00
 (1789608393.786191)  can0  181   [8]  27 44 27 14 33 00 00 00
 (1789608393.786380)  can0  281   [5]  03 00 00 00 00
 (1789608393.790021)  can0  201   [6]  0F 00 05 00 00 00
 (1789608393.800036)  can0  201   [6]  0F 00 05 00 00 00
 (1789608393.810003)  can0  201   [6]  0F 00 05 00 00 00
 (1789608393.819992)  can0  201   [6]  0F 00 05 00 00 00
 (1789608393.829996)  can0  201   [6]  0F 00 05 00 00 00
 (1789608393.836140)  can0  181   [8]  27 44 27 14 2E 00 00 00
 (1789608393.836331)  can0  281   [5]  03 00 00 00 00
 (1789608393.837893)  can0  701   [1]  05
 (1789608393.839991)  can0  201   [6]  0F 00 05 00 00 00
 (1789608393.849991)  can0  201   [6]  0F 00 05 00 00 00
 (1789608393.859995)  can0  201   [6]  0F 00 05 00 00 00
 (1789608393.869991)  can0  201   [6]  0F 00 05 00 00 00
 (1789608393.879996)  can0  201   [6]  0F 00 05 00 00 00
 (1789608393.886085)  can0  181   [8]  27 44 27 14 33 00 00 00
 (1789608393.886287)  can0  281   [5]  03 00 00 00 00
 (1789608393.889989)  can0  201   [6]  0F 00 05 00 00 00
 (1789608393.899995)  can0  201   [6]  0F 00 05 00 00 00
 (1789608393.909991)  can0  201   [6]  0F 00 05 00 00 00
 (1789608393.919991)  can0  201   [6]  0F 00 05 00 00 00
 (1789608393.929995)  can0  201   [6]  0F 00 05 00 00 00
 (1789608393.936031)  can0  181   [8]  27 44 27 14 2F 00 00 00
 (1789608393.936250)  can0  281   [5]  03 00 00 00 00
 (1789608393.940314)  can0  201   [6]  0F 00 05 00 00 00
 (1789608393.950014)  can0  201   [6]  0F 00 05 00 00 00
 (1789608393.959998)  can0  201   [6]  0F 00 05 00 00 00
 (1789608393.969997)  can0  201   [6]  0F 00 05 00 00 00
 (1789608393.979992)  can0  201   [6]  0F 00 05 00 00 00
 (1789608393.985980)  can0  181   [8]  27 44 27 14 2F 00 00 00
 (1789608393.986247)  can0  281   [5]  03 00 00 00 00
 (1789608393.989990)  can0  201   [6]  0F 00 05 00 00 00
 (1789608393.999994)  can0  201   [6]  0F 00 05 00 00 00
 (1789608394.009989)  can0  201   [6]  0F 00 05 00 00 00
 (1789608394.019995)  can0  201   [6]  0F 00 05 00 00 00
 (1789608394.029989)  can0  201   [6]  0F 00 05 00 00 00
 (1789608394.035927)  can0  181   [8]  27 44 27 14 33 00 00 00
 (1789608394.036201)  can0  281   [5]  03 00 00 00 00
 (1789608394.039995)  can0  201   [6]  0F 00 05 00 00 00
 (1789608394.049992)  can0  201   [6]  0F 00 05 00 00 00
 (1789608394.059988)  can0  201   [6]  0F 00 05 00 00 00
 (1789608394.069994)  can0  201   [6]  0F 00 05 00 00 00
 (1789608394.079988)  can0  201   [6]  0F 00 05 00 00 00
 (1789608394.085874)  can0  181   [8]  27 44 27 14 35 00 00 00
 (1789608394.086204)  can0  281   [5]  03 00 00 00 00
 (1789608394.087443)  can0  701   [1]  05
 (1789608394.090002)  can0  201   [6]  0F 00 05 00 00 00
 (1789608394.100042)  can0  201   [6]  0F 00 05 00 00 00
 (1789608394.110065)  can0  201   [6]  0F 00 05 00 00 00
 (1789608394.120038)  can0  201   [6]  0F 00 05 00 00 00
 (1789608394.130027)  can0  201   [6]  0F 00 05 00 00 00
 (1789608394.135770)  can0  181   [8]  27 44 27 14 2F 00 00 00
 (1789608394.136214)  can0  281   [5]  03 00 00 00 00
 (1789608394.140024)  can0  201   [6]  0F 00 05 00 00 00
 (1789608394.150033)  can0  201   [6]  0F 00 05 00 00 00
 (1789608394.160005)  can0  201   [6]  0F 00 05 00 00 00
 (1789608394.169993)  can0  201   [6]  0F 00 05 00 00 00
 (1789608394.179994)  can0  201   [6]  0F 00 05 00 00 00
 (1789608394.185834)  can0  181   [8]  27 44 27 14 34 00 00 00
 (1789608394.186224)  can0  281   [5]  03 00 00 00 00
 (1789608394.189990)  can0  201   [6]  0F 00 05 00 00 00
 (1789608394.199990)  can0  201   [6]  0F 00 05 00 00 00
 (1789608394.209995)  can0  201   [6]  0F 00 05 00 00 00
 (1789608394.219991)  can0  201   [6]  0F 00 05 00 00 00
 (1789608394.229994)  can0  201   [6]  0F 00 05 00 00 00
 (1789608394.235783)  can0  181   [8]  27 44 27 14 2D 00 00 00
 (1789608394.236180)  can0  281   [5]  03 00 00 00 00
 (1789608394.239989)  can0  201   [6]  0F 00 05 00 00 00
 (1789608394.249997)  can0  201   [6]  0F 00 05 00 00 00
 (1789608394.259989)  can0  201   [6]  0F 00 05 00 00 00
 (1789608394.269989)  can0  201   [6]  0F 00 05 00 00 00
 (1789608394.279995)  can0  201   [6]  0F 00 05 00 00 00
 (1789608394.285733)  can0  181   [8]  27 44 27 14 32 00 00 00
 (1789608394.286248)  can0  281   [5]  03 00 00 00 00
 (1789608394.290091)  can0  201   [6]  0F 00 05 00 00 00
 (1789608394.300014)  can0  201   [6]  0F 00 05 00 00 00
 (1789608394.309994)  can0  201   [6]  0F 00 05 00 00 00
 (1789608394.319994)  can0  201   [6]  0F 00 05 00 00 00
 (1789608394.329990)  can0  201   [6]  0F 00 05 00 00 00
 (1789608394.335678)  can0  181   [8]  27 44 27 14 31 00 00 00
 (1789608394.336258)  can0  281   [5]  03 00 00 00 00
 (1789608394.336946)  can0  701   [1]  05
 (1789608394.339989)  can0  201   [6]  0F 00 05 00 00 00
 (1789608394.349996)  can0  201   [6]  0F 00 05 00 00 00
 (1789608394.359990)  can0  201   [6]  0F 00 05 00 00 00
 (1789608394.369995)  can0  201   [6]  0F 00 05 00 00 00
 (1789608394.379996)  can0  201   [6]  0F 00 05 00 00 00
 (1789608394.385629)  can0  181   [8]  27 44 27 14 2E 00 00 00
 (1789608394.386267)  can0  281   [5]  03 00 00 00 00
 (1789608394.389996)  can0  201   [6]  0F 00 05 00 00 00
 (1789608394.399989)  can0  201   [6]  0F 00 05 00 00 00
 (1789608394.409988)  can0  201   [6]  0F 00 05 00 00 00
 (1789608394.419994)  can0  201   [6]  0F 00 05 00 00 00
 (1789608394.430001)  can0  201   [6]  0F 00 05 00 00 00
 (1789608394.435574)  can0  181   [8]  27 44 27 14 31 00 00 00
 (1789608394.436226)  can0  281   [5]  03 00 00 00 00
 (1789608394.440001)  can0  201   [6]  0F 00 05 00 00 00
 (1789608394.450043)  can0  201   [6]  0F 00 05 00 00 00
 (1789608394.460062)  can0  201   [6]  0F 00 05 00 00 00
 (1789608394.470027)  can0  201   [6]  0F 00 05 00 00 00
 (1789608394.480032)  can0  201   [6]  0F 00 05 00 00 00
 (1789608394.485523)  can0  181   [8]  27 44 27 14 34 00 00 00
 (1789608394.486223)  can0  281   [5]  03 00 00 00 00
 (1789608394.490023)  can0  201   [6]  0F 00 05 00 00 00
 (1789608394.500038)  can0  201   [6]  0F 00 05 00 00 00
 (1789608394.510004)  can0  201   [6]  0F 00 05 00 00 00
 (1789608394.519992)  can0  201   [6]  0F 00 05 00 00 00
 (1789608394.529996)  can0  201   [6]  0F 00 05 00 00 00
 (1789608394.535731)  can0  181   [8]  27 44 27 14 30 00 00 00
 (1789608394.536179)  can0  281   [5]  03 00 00 00 00
 (1789608394.539991)  can0  201   [6]  0F 00 05 00 00 00
 (1789608394.549989)  can0  201   [6]  0F 00 05 00 00 00
 (1789608394.559993)  can0  201   [6]  0F 00 05 00 00 00
 (1789608394.569990)  can0  201   [6]  0F 00 05 00 00 00
 (1789608394.579947)  can0  201   [6]  0F 00 05 00 00 00
 (1789608394.585415)  can0  181   [8]  27 44 27 14 33 00 00 00
 (1789608394.586182)  can0  281   [5]  03 00 00 00 00
 (1789608394.586548)  can0  701   [1]  05
 (1789608394.589990)  can0  201   [6]  0F 00 05 00 00 00
 (1789608394.599996)  can0  201   [6]  0F 00 05 00 00 00
 (1789608394.609989)  can0  201   [6]  0F 00 05 00 00 00
 (1789608394.619988)  can0  201   [6]  0F 00 05 00 00 00
 (1789608394.629994)  can0  201   [6]  0F 00 05 00 00 00
 (1789608394.635363)  can0  181   [8]  27 44 27 14 2F 00 00 00
 (1789608394.636143)  can0  281   [5]  03 00 00 00 00
 (1789608394.640087)  can0  201   [6]  0F 00 05 00 00 00
 (1789608394.650008)  can0  201   [6]  0F 00 05 00 00 00
 (1789608394.659992)  can0  201   [6]  0F 00 05 00 00 00
 (1789608394.669996)  can0  201   [6]  0F 00 05 00 00 00
 (1789608394.680001)  can0  201   [6]  0F 00 05 00 00 00
 (1789608394.685313)  can0  181   [8]  27 44 27 14 33 00 00 00
 (1789608394.686141)  can0  281   [5]  03 00 00 00 00
 (1789608394.689990)  can0  201   [6]  0F 00 05 00 00 00
 (1789608394.699996)  can0  201   [6]  0F 00 05 00 00 00
 (1789608394.709989)  can0  201   [6]  0F 00 05 00 00 00
 (1789608394.719995)  can0  201   [6]  0F 00 05 00 00 00
 (1789608394.729990)  can0  201   [6]  0F 00 05 00 00 00
 (1789608394.735261)  can0  181   [8]  27 44 27 14 31 00 00 00
 (1789608394.736089)  can0  281   [5]  03 00 00 00 00
 (1789608394.739997)  can0  201   [6]  0F 00 05 00 00 00
 (1789608394.749990)  can0  201   [6]  0F 00 05 00 00 00
 (1789608394.759990)  can0  201   [6]  0F 00 05 00 00 00
 (1789608394.769995)  can0  201   [6]  0F 00 05 00 00 00
 (1789608394.780000)  can0  201   [6]  0F 00 05 00 00 00
 (1789608394.785209)  can0  181   [8]  27 44 27 14 2E 00 00 00
 (1789608394.786035)  can0  281   [5]  03 00 00 00 00
 (1789608394.790001)  can0  201   [6]  0F 00 05 00 00 00
 (1789608394.800047)  can0  201   [6]  0F 00 05 00 00 00
 (1789608394.810045)  can0  201   [6]  0F 00 05 00 00 00
 (1789608394.820068)  can0  201   [6]  0F 00 05 00 00 00
 (1789608394.830062)  can0  201   [6]  0F 00 05 00 00 00
 (1789608394.835157)  can0  181   [8]  27 44 27 14 31 00 00 00
 (1789608394.835982)  can0  281   [5]  03 00 00 00 00
 (1789608394.836101)  can0  701   [1]  05
 (1789608394.840071)  can0  201   [6]  0F 00 05 00 00 00
 (1789608394.850043)  can0  201   [6]  0F 00 05 00 00 00
 (1789608394.860157)  can0  201   [6]  0F 00 05 00 00 00
 (1789608394.870039)  can0  201   [6]  0F 00 05 00 00 00
 (1789608394.880148)  can0  201   [6]  0F 00 05 00 00 00
 (1789608394.885108)  can0  181   [8]  27 44 27 14 34 00 00 00
 (1789608394.885934)  can0  281   [5]  03 00 00 00 00
 (1789608394.890088)  can0  201   [6]  0F 00 05 00 00 00
 (1789608394.900105)  can0  201   [6]  0F 00 05 00 00 00
 (1789608394.910092)  can0  201   [6]  0F 00 05 00 00 00
 (1789608394.920025)  can0  201   [6]  0F 00 05 00 00 00
 (1789608394.930038)  can0  201   [6]  0F 00 05 00 00 00
 (1789608394.935055)  can0  181   [8]  27 44 27 14 2F 00 00 00
 (1789608394.935878)  can0  281   [5]  03 00 00 00 00
 (1789608394.940092)  can0  201   [6]  0F 00 05 00 00 00
 (1789608394.950055)  can0  201   [6]  0F 00 05 00 00 00
 (1789608394.960044)  can0  201   [6]  0F 00 05 00 00 00
 (1789608394.970024)  can0  201   [6]  0F 00 05 00 00 00
 (1789608394.980027)  can0  201   [6]  0F 00 05 00 00 00
 (1789608394.984943)  can0  181   [8]  27 44 27 14 34 00 00 00
 (1789608394.985829)  can0  281   [5]  03 00 00 00 00
 (1789608394.990025)  can0  201   [6]  0F 00 05 00 00 00
 (1789608394.999997)  can0  201   [6]  0F 00 05 00 00 00
 (1789608395.009990)  can0  201   [6]  0F 00 05 00 00 00
 (1789608395.019994)  can0  201   [6]  0F 00 05 00 00 00
 (1789608395.029989)  can0  201   [6]  0F 00 05 00 00 00
 (1789608395.034946)  can0  181   [8]  27 44 27 14 2C 00 00 00
 (1789608395.035776)  can0  281   [5]  03 00 00 00 00
 (1789608395.039990)  can0  201   [6]  0F 00 05 00 00 00
 (1789608395.049996)  can0  201   [6]  0F 00 05 00 00 00
 (1789608395.059987)  can0  201   [6]  0F 00 05 00 00 00
 (1789608395.069995)  can0  201   [6]  0F 00 05 00 00 00
 (1789608395.079989)  can0  201   [6]  0F 00 05 00 00 00
 (1789608395.084896)  can0  181   [8]  27 44 27 14 33 00 00 00
 (1789608395.085722)  can0  281   [5]  03 00 00 00 00
 (1789608395.085837)  can0  701   [1]  05
 (1789608395.090056)  can0  201   [6]  0F 00 05 00 00 00
 (1789608395.099990)  can0  201   [6]  0F 00 05 00 00 00
 (1789608395.109989)  can0  201   [6]  0F 00 05 00 00 00
 (1789608395.119995)  can0  201   [6]  0F 00 05 00 00 00
 (1789608395.130083)  can0  201   [6]  0F 00 05 00 00 00
 (1789608395.134845)  can0  181   [8]  27 44 27 14 32 00 00 00
 (1789608395.135671)  can0  281   [5]  03 00 00 00 00
 (1789608395.140008)  can0  201   [6]  0F 00 05 00 00 00
 (1789608395.149992)  can0  201   [6]  0F 00 05 00 00 00
 (1789608395.159998)  can0  201   [6]  0F 00 05 00 00 00
 (1789608395.169988)  can0  201   [6]  0F 00 05 00 00 00
 (1789608395.179990)  can0  201   [6]  0F 00 05 00 00 00
 (1789608395.184793)  can0  181   [8]  27 44 27 14 2D 00 00 00
 (1789608395.185620)  can0  281   [5]  03 00 00 00 00
 (1789608395.189995)  can0  201   [6]  0F 00 05 00 00 00
 (1789608395.199989)  can0  201   [6]  0F 00 05 00 00 00
 (1789608395.209995)  can0  201   [6]  0F 00 05 00 00 00
 (1789608395.219989)  can0  201   [6]  0F 00 05 00 00 00
 (1789608395.229997)  can0  201   [6]  0F 00 05 00 00 00
 (1789608395.234741)  can0  181   [8]  27 44 27 14 31 00 00 00
 (1789608395.235568)  can0  281   [5]  03 00 00 00 00
 (1789608395.239989)  can0  201   [6]  0F 00 05 00 00 00
 (1789608395.249990)  can0  201   [6]  0F 00 05 00 00 00
 (1789608395.259997)  can0  201   [6]  0F 00 05 00 00 00
 (1789608395.270002)  can0  201   [6]  0F 00 05 00 00 00
 (1789608395.279999)  can0  201   [6]  0F 00 05 00 00 00
 (1789608395.284696)  can0  181   [8]  27 44 27 14 34 00 00 00
 (1789608395.285514)  can0  281   [5]  03 00 00 00 00
 (1789608395.290063)  can0  201   [6]  0F 00 05 00 00 00
 (1789608395.300042)  can0  201   [6]  0F 00 05 00 00 00
 (1789608395.310087)  can0  201   [6]  0F 00 05 00 00 00
 (1789608395.320059)  can0  201   [6]  0F 00 05 00 00 00
 (1789608395.330103)  can0  201   [6]  0F 00 05 00 00 00
 (1789608395.334635)  can0  181   [8]  27 44 27 14 2F 00 00 00
 (1789608395.335142)  can0  701   [1]  05
 (1789608395.335464)  can0  281   [5]  03 00 00 00 00
 (1789608395.340024)  can0  201   [6]  0F 00 05 00 00 00
 (1789608395.350152)  can0  201   [6]  0F 00 05 00 00 00
 (1789608395.360036)  can0  201   [6]  0F 00 05 00 00 00
 (1789608395.370156)  can0  201   [6]  0F 00 05 00 00 00
 (1789608395.380074)  can0  201   [6]  0F 00 05 00 00 00
 (1789608395.384583)  can0  181   [8]  27 44 27 14 34 00 00 00
 (1789608395.385410)  can0  281   [5]  03 00 00 00 00
 (1789608395.390090)  can0  201   [6]  0F 00 05 00 00 00
 (1789608395.400076)  can0  201   [6]  0F 00 05 00 00 00
 (1789608395.410023)  can0  201   [6]  0F 00 05 00 00 00
 (1789608395.420027)  can0  201   [6]  0F 00 05 00 00 00
 (1789608395.430107)  can0  201   [6]  0F 00 05 00 00 00
 (1789608395.434533)  can0  181   [8]  27 44 27 14 2D 00 00 00
 (1789608395.435356)  can0  281   [5]  03 00 00 00 00
 (1789608395.440062)  can0  201   [6]  0F 00 05 00 00 00
 (1789608395.450055)  can0  201   [6]  0F 00 05 00 00 00
 (1789608395.460033)  can0  201   [6]  0F 00 05 00 00 00
 (1789608395.470034)  can0  201   [6]  0F 00 05 00 00 00
 (1789608395.480023)  can0  201   [6]  0F 00 05 00 00 00
 (1789608395.484482)  can0  181   [8]  27 44 27 14 32 00 00 00
 (1789608395.485306)  can0  281   [5]  03 00 00 00 00
 (1789608395.490001)  can0  201   [6]  0F 00 05 00 00 00
 (1789608395.499118)  can0  201   [6]  0F 00 05 00 00 00
 (1789608395.509991)  can0  201   [6]  0F 00 05 00 00 00
 (1789608395.519995)  can0  201   [6]  0F 00 05 00 00 00
 (1789608395.529989)  can0  201   [6]  0F 00 05 00 00 00
 (1789608395.534426)  can0  181   [8]  27 44 27 14 33 00 00 00
 (1789608395.535254)  can0  281   [5]  03 00 00 00 00
 (1789608395.539995)  can0  201   [6]  0F 00 05 00 00 00
 (1789608395.549990)  can0  201   [6]  0F 00 05 00 00 00
 (1789608395.559994)  can0  201   [6]  0F 00 05 00 00 00
 (1789608395.569989)  can0  201   [6]  0F 00 05 00 00 00
 (1789608395.579990)  can0  201   [6]  0F 00 05 00 00 00
 (1789608395.584377)  can0  181   [8]  27 44 27 14 2D 00 00 00
 (1789608395.584694)  can0  701   [1]  05
 (1789608395.585203)  can0  281   [5]  03 00 00 00 00
 (1789608395.589994)  can0  201   [6]  0F 00 05 00 00 00
 (1789608395.590262)  can0  201   [6]  06 00 00 00 00 00
 (1789608395.634336)  can0  181   [8]  21 14 21 14 F6 FF 00 00
 (1789608395.635157)  can0  281   [5]  03 00 00 00 00
 (1789608395.684338)  can0  181   [8]  21 14 21 14 DC FF 00 00
 (1789608395.685167)  can0  281   [5]  03 00 00 00 00
 (1789608395.734348)  can0  181   [8]  21 14 21 14 09 00 00 00
 (1789608395.735179)  can0  281   [5]  03 00 00 00 00
 (1789608395.784314)  can0  181   [8]  21 14 21 14 FB FF 00 00
 (1789608395.785195)  can0  281   [5]  03 00 00 00 00
 (1789608395.834394)  can0  181   [8]  21 14 21 14 00 00 00 00
 (1789608395.834434)  can0  701   [1]  05
 (1789608395.835200)  can0  281   [5]  03 00 00 00 00
 (1789608395.884352)  can0  181   [8]  21 14 21 14 03 00 00 00
 (1789608395.885213)  can0  281   [5]  03 00 00 00 00
 (1789608395.934356)  can0  181   [8]  21 14 21 14 00 00 00 00
 (1789608395.935219)  can0  281   [5]  03 00 00 00 00
 (1789608395.984413)  can0  181   [8]  21 14 21 14 00 00 00 00
 (1789608395.985230)  can0  281   [5]  03 00 00 00 00
 (1789608396.034412)  can0  181   [8]  21 14 21 14 FA FF 00 00
 (1789608396.035240)  can0  281   [5]  03 00 00 00 00
 (1789608396.083742)  can0  701   [1]  05
 (1789608396.084422)  can0  181   [8]  21 14 21 14 FF FF 00 00
 (1789608396.085248)  can0  281   [5]  03 00 00 00 00
 (1789608396.134438)  can0  181   [8]  21 14 21 14 00 00 00 00
 (1789608396.135263)  can0  281   [5]  03 00 00 00 00
 (1789608396.184447)  can0  181   [8]  21 14 21 14 00 00 00 00
 (1789608396.185269)  can0  281   [5]  03 00 00 00 00
 (1789608396.234455)  can0  181   [8]  21 14 21 14 00 00 00 00
 (1789608396.235281)  can0  281   [5]  03 00 00 00 00
 (1789608396.284417)  can0  181   [8]  21 14 21 14 00 00 00 00
 (1789608396.285293)  can0  281   [5]  03 00 00 00 00
 (1789608396.286105)  can0  601   [8]  23 FF 60 01 00 00 00 00
 (1789608396.286467)  can0  581   [8]  60 FF 60 01 00 00 00 00
 (1789608396.287984)  can0  601   [8]  40 FF 60 01 00 00 00 00
 (1789608396.288335)  can0  581   [8]  43 FF 60 01 00 00 00 00
 (1789608396.290002)  can0  601   [8]  23 FF 60 02 00 00 00 00
 (1789608396.290275)  can0  581   [8]  60 FF 60 02 00 00 00 00
 (1789608396.291973)  can0  601   [8]  40 FF 60 02 00 00 00 00
 (1789608396.292330)  can0  581   [8]  43 FF 60 02 00 00 00 00
 (1789608396.293931)  can0  601   [8]  2B 40 60 00 00 00 00 00
 (1789608396.294268)  can0  581   [8]  60 40 60 00 00 00 00 00
 (1789608396.295972)  can0  601   [8]  40 40 60 00 00 00 00 00
 (1789608396.296263)  can0  581   [8]  4B 40 60 00 00 00 00 00
 (1789608396.297984)  can0  601   [8]  40 41 60 00 00 00 00 00
 (1789608396.298303)  can0  581   [8]  43 41 60 00 60 14 60 14
 (1789608396.299993)  can0  601   [8]  40 6C 60 01 00 00 00 00
 (1789608396.300248)  can0  581   [8]  43 6C 60 01 00 00 00 00
 (1789608396.301971)  can0  601   [8]  40 6C 60 02 00 00 00 00
 (1789608396.302307)  can0  581   [8]  43 6C 60 02 00 00 00 00
 (1789608396.303975)  can0  601   [8]  40 6C 60 03 00 00 00 00
 (1789608396.304240)  can0  581   [8]  43 6C 60 03 00 00 00 00
 (1789608396.305879)  can0  000   [2]  80 01
 (1789608396.333303)  can0  701   [1]  7F
 (1789608396.335029)  can0  601   [8]  23 00 14 01 01 02 00 80
 (1789608396.335354)  can0  581   [8]  60 00 14 01 00 00 00 00
 (1789608396.336933)  can0  601   [8]  40 00 14 01 00 00 00 00
 (1789608396.337288)  can0  581   [8]  43 00 14 01 01 02 00 80
 (1789608396.339016)  can0  601   [8]  2F 00 16 00 00 00 00 00
 (1789608396.339290)  can0  581   [8]  60 00 16 00 00 00 00 00
 (1789608396.340934)  can0  601   [8]  40 00 16 00 00 00 00 00
 (1789608396.341344)  can0  581   [8]  4F 00 16 00 00 00 00 00
 (1789608396.342992)  can0  601   [8]  23 00 16 01 10 00 40 60
 (1789608396.343338)  can0  581   [8]  60 00 16 01 00 00 00 00
 (1789608396.344973)  can0  601   [8]  40 00 16 01 00 00 00 00
 (1789608396.345325)  can0  581   [8]  43 00 16 01 10 00 40 60
 (1789608396.346983)  can0  601   [8]  23 00 16 02 08 00 60 60
 (1789608396.347273)  can0  581   [8]  60 00 16 02 00 00 00 00
 (1789608396.348971)  can0  601   [8]  40 00 16 02 00 00 00 00
 (1789608396.349316)  can0  581   [8]  43 00 16 02 08 00 60 60
 (1789608396.350982)  can0  601   [8]  2F 00 16 00 02 00 00 00
 (1789608396.351318)  can0  581   [8]  60 00 16 00 00 00 00 00
 (1789608396.352971)  can0  601   [8]  40 00 16 00 00 00 00 00
 (1789608396.353257)  can0  581   [8]  4F 00 16 00 02 00 00 00
 (1789608396.354975)  can0  601   [8]  23 00 14 01 01 02 00 00
 (1789608396.355307)  can0  581   [8]  60 00 14 01 00 00 00 00
 (1789608396.356972)  can0  601   [8]  40 00 14 01 00 00 00 00
 (1789608396.357243)  can0  581   [8]  43 00 14 01 01 02 00 00
 (1789608396.358990)  can0  601   [8]  23 01 18 01 81 02 00 80
 (1789608396.359302)  can0  581   [8]  60 01 18 01 00 00 00 00
 (1789608396.360979)  can0  601   [8]  40 01 18 01 00 00 00 00
 (1789608396.361289)  can0  581   [8]  43 01 18 01 81 02 00 80
 (1789608396.363001)  can0  601   [8]  2F 01 1A 00 00 00 00 00
 (1789608396.363349)  can0  581   [8]  60 01 1A 00 00 00 00 00
 (1789608396.364970)  can0  601   [8]  40 01 1A 00 00 00 00 00
 (1789608396.365229)  can0  581   [8]  4F 01 1A 00 00 00 00 00
 (1789608396.366927)  can0  601   [8]  23 01 1A 01 00 00 00 00
 (1789608396.367283)  can0  581   [8]  60 01 1A 01 00 00 00 00
 (1789608396.368977)  can0  601   [8]  40 01 1A 01 00 00 00 00
 (1789608396.369334)  can0  581   [8]  43 01 1A 01 00 00 00 00
 (1789608396.370981)  can0  601   [8]  23 01 1A 02 00 00 00 00
 (1789608396.371331)  can0  581   [8]  60 01 1A 02 00 00 00 00
 (1789608396.372969)  can0  601   [8]  40 01 1A 02 00 00 00 00
 (1789608396.373325)  can0  581   [8]  43 01 1A 02 00 00 00 00
 (1789608396.374979)  can0  601   [8]  2F 01 1A 00 00 00 00 00
 (1789608396.375325)  can0  581   [8]  60 01 1A 00 00 00 00 00
 (1789608396.376970)  can0  601   [8]  40 01 1A 00 00 00 00 00
 (1789608396.377262)  can0  581   [8]  4F 01 1A 00 00 00 00 00
 (1789608396.378978)  can0  601   [8]  2B 01 18 05 00 00 00 00
 (1789608396.379257)  can0  581   [8]  60 01 18 05 00 00 00 00
 (1789608396.380911)  can0  601   [8]  40 01 18 05 00 00 00 00
 (1789608396.381306)  can0  581   [8]  4B 01 18 05 00 00 00 00
 (1789608396.382982)  can0  601   [8]  23 01 18 01 81 02 00 00
 (1789608396.383309)  can0  581   [8]  60 01 18 01 00 00 00 00
 (1789608396.384968)  can0  601   [8]  40 01 18 01 00 00 00 00
 (1789608396.385298)  can0  581   [8]  43 01 18 01 81 02 00 00
 (1789608396.386988)  can0  601   [8]  2B 00 20 00 00 00 00 00
 (1789608396.387250)  can0  581   [8]  60 00 20 00 00 00 00 00
 (1789608396.388970)  can0  601   [8]  40 00 20 00 00 00 00 00
 (1789608396.389293)  can0  581   [8]  4B 00 20 00 00 00 00 00
 (1789608396.390977)  can0  601   [8]  2B 17 10 00 00 00 00 00
 (1789608396.391343)  can0  581   [8]  60 17 10 00 00 00 00 00
 (1789608396.392913)  can0  601   [8]  40 17 10 00 00 00 00 00
 (1789608396.393225)  can0  581   [8]  4B 17 10 00 00 00 00 00
