 (1789561112.119272)  can0  601   [8]  40 41 60 00 00 00 00 00
 (1789561112.119604)  can0  581   [8]  43 41 60 00 00 14 00 14
 (1789561112.120797)  can0  601   [8]  40 60 60 00 00 00 00 00
 (1789561112.121162)  can0  581   [8]  4F 60 60 00 03 00 00 00
 (1789561112.122698)  can0  601   [8]  40 61 60 00 00 00 00 00
 (1789561112.123032)  can0  581   [8]  4F 61 60 00 03 00 00 00
 (1789561112.124690)  can0  601   [8]  40 3F 60 00 00 00 00 00
 (1789561112.125032)  can0  581   [8]  43 3F 60 00 00 00 00 00
 (1789561112.126689)  can0  601   [8]  40 FF 60 01 00 00 00 00
 (1789561112.127028)  can0  581   [8]  43 FF 60 01 00 00 00 00
 (1789561112.128681)  can0  601   [8]  40 FF 60 02 00 00 00 00
 (1789561112.129027)  can0  581   [8]  43 FF 60 02 00 00 00 00
 (1789561112.130680)  can0  601   [8]  40 6C 60 01 00 00 00 00
 (1789561112.131015)  can0  581   [8]  43 6C 60 01 00 00 00 00
 (1789561112.132678)  can0  601   [8]  40 6C 60 02 00 00 00 00
 (1789561112.133012)  can0  581   [8]  43 6C 60 02 00 00 00 00
 (1789561112.134679)  can0  601   [8]  40 6C 60 03 00 00 00 00
 (1789561112.135005)  can0  581   [8]  43 6C 60 03 00 00 00 00
 (1789561112.136687)  can0  601   [8]  40 0F 20 00 00 00 00 00
 (1789561112.137003)  can0  581   [8]  4B 0F 20 00 01 00 00 00
 (1789561112.138686)  can0  601   [8]  40 00 20 00 00 00 00 00
 (1789561112.139006)  can0  581   [8]  4B 00 20 00 00 00 00 00
 (1789561112.140679)  can0  601   [8]  40 17 10 00 00 00 00 00
 (1789561112.140993)  can0  581   [8]  4B 17 10 00 00 00 00 00
 (1789561112.142682)  can0  601   [8]  40 00 14 01 00 00 00 00
 (1789561112.143044)  can0  581   [8]  43 00 14 01 01 02 00 00
 (1789561112.144682)  can0  601   [8]  40 00 14 02 00 00 00 00
 (1789561112.144987)  can0  581   [8]  4F 00 14 02 FF 00 00 00
 (1789561112.146679)  can0  601   [8]  40 00 14 05 00 00 00 00
 (1789561112.147042)  can0  581   [8]  4B 00 14 05 E8 03 00 00
 (1789561112.148681)  can0  601   [8]  40 00 16 00 00 00 00 00
 (1789561112.149043)  can0  581   [8]  4F 00 16 00 02 00 00 00
 (1789561112.150680)  can0  601   [8]  40 00 16 01 00 00 00 00
 (1789561112.151030)  can0  581   [8]  43 00 16 01 10 00 40 60
 (1789561112.152678)  can0  601   [8]  40 00 16 02 00 00 00 00
 (1789561112.153028)  can0  581   [8]  43 00 16 02 08 00 60 60
 (1789561112.154684)  can0  601   [8]  40 00 18 01 00 00 00 00
 (1789561112.154969)  can0  581   [8]  43 00 18 01 81 01 00 00
 (1789561112.156679)  can0  601   [8]  40 00 18 02 00 00 00 00
 (1789561112.156962)  can0  581   [8]  4F 00 18 02 FF 00 00 00
 (1789561112.158624)  can0  601   [8]  40 00 18 05 00 00 00 00
 (1789561112.158957)  can0  581   [8]  4B 00 18 05 64 00 00 00
 (1789561112.160679)  can0  601   [8]  40 00 1A 00 00 00 00 00
 (1789561112.160957)  can0  581   [8]  4F 00 1A 00 02 00 00 00
 (1789561112.162679)  can0  601   [8]  40 00 1A 01 00 00 00 00
 (1789561112.163000)  can0  581   [8]  43 00 1A 01 20 00 41 60
 (1789561112.164683)  can0  601   [8]  40 00 1A 02 00 00 00 00
 (1789561112.164939)  can0  581   [8]  43 00 1A 02 20 03 6C 60
 (1789561112.166678)  can0  601   [8]  40 01 18 01 00 00 00 00
 (1789561112.166995)  can0  581   [8]  43 01 18 01 81 02 00 00
 (1789561112.168685)  can0  601   [8]  40 01 18 02 00 00 00 00
 (1789561112.169050)  can0  581   [8]  4F 01 18 02 FF 00 00 00
 (1789561112.170676)  can0  601   [8]  40 01 18 05 00 00 00 00
 (1789561112.170990)  can0  581   [8]  4B 01 18 05 00 00 00 00
 (1789561112.172681)  can0  601   [8]  40 01 1A 00 00 00 00 00
 (1789561112.173047)  can0  581   [8]  4F 01 1A 00 00 00 00 00
 (1789561112.174683)  can0  601   [8]  40 01 1A 01 00 00 00 00
 (1789561112.174981)  can0  581   [8]  43 01 1A 01 00 00 00 00
 (1789561112.176678)  can0  601   [8]  40 01 1A 02 00 00 00 00
 (1789561112.177032)  can0  581   [8]  43 01 1A 02 00 00 00 00
 (1789561112.178691)  can0  601   [8]  2B 17 10 00 F4 01 00 00
 (1789561112.179089)  can0  581   [8]  60 17 10 00 00 00 00 00
 (1789561112.180671)  can0  601   [8]  40 17 10 00 00 00 00 00
 (1789561112.181023)  can0  581   [8]  4B 17 10 00 F4 01 00 00
 (1789561112.428465)  can0  701   [1]  7F
 (1789561112.429602)  can0  000   [2]  80 01
 (1789561112.678015)  can0  701   [1]  7F
 (1789561112.679735)  can0  601   [8]  2B 00 20 00 E8 03 00 00
 (1789561112.680075)  can0  581   [8]  60 00 20 00 00 00 00 00
 (1789561112.681684)  can0  601   [8]  40 00 20 00 00 00 00 00
 (1789561112.681942)  can0  581   [8]  4B 00 20 00 E8 03 00 00
 (1789561112.683693)  can0  601   [8]  23 00 14 01 01 02 00 80
 (1789561112.684059)  can0  581   [8]  60 00 14 01 00 00 00 00
 (1789561112.685677)  can0  601   [8]  40 00 14 01 00 00 00 00
 (1789561112.685989)  can0  581   [8]  43 00 14 01 01 02 00 80
 (1789561112.687681)  can0  601   [8]  2F 00 16 00 00 00 00 00
 (1789561112.688050)  can0  581   [8]  60 00 16 00 00 00 00 00
 (1789561112.689674)  can0  601   [8]  40 00 16 00 00 00 00 00
 (1789561112.690040)  can0  581   [8]  4F 00 16 00 00 00 00 00
 (1789561112.691671)  can0  601   [8]  23 00 16 01 10 00 40 60
 (1789561112.692041)  can0  581   [8]  60 00 16 01 00 00 00 00
 (1789561112.693673)  can0  601   [8]  40 00 16 01 00 00 00 00
 (1789561112.694028)  can0  581   [8]  43 00 16 01 10 00 40 60
 (1789561112.695677)  can0  601   [8]  23 00 16 02 20 03 FF 60
 (1789561112.696033)  can0  581   [8]  60 00 16 02 00 00 00 00
 (1789561112.697673)  can0  601   [8]  40 00 16 02 00 00 00 00
 (1789561112.698023)  can0  581   [8]  43 00 16 02 20 03 FF 60
 (1789561112.699677)  can0  601   [8]  2F 00 16 00 02 00 00 00
 (1789561112.700023)  can0  581   [8]  60 00 16 00 00 00 00 00
 (1789561112.701676)  can0  601   [8]  40 00 16 00 00 00 00 00
 (1789561112.702020)  can0  581   [8]  4F 00 16 00 02 00 00 00
 (1789561112.703678)  can0  601   [8]  23 00 14 01 01 02 00 00
 (1789561112.704014)  can0  581   [8]  60 00 14 01 00 00 00 00
 (1789561112.705673)  can0  601   [8]  40 00 14 01 00 00 00 00
 (1789561112.706005)  can0  581   [8]  43 00 14 01 01 02 00 00
 (1789561112.707685)  can0  601   [8]  23 01 18 01 81 02 00 80
 (1789561112.708007)  can0  581   [8]  60 01 18 01 00 00 00 00
 (1789561112.709672)  can0  601   [8]  40 01 18 01 00 00 00 00
 (1789561112.709993)  can0  581   [8]  43 01 18 01 81 02 00 80
 (1789561112.711682)  can0  601   [8]  2F 01 1A 00 00 00 00 00
 (1789561112.711997)  can0  581   [8]  60 01 1A 00 00 00 00 00
 (1789561112.713673)  can0  601   [8]  40 01 1A 00 00 00 00 00
 (1789561112.713990)  can0  581   [8]  4F 01 1A 00 00 00 00 00
 (1789561112.715674)  can0  601   [8]  23 01 1A 01 08 00 61 60
 (1789561112.716039)  can0  581   [8]  60 01 1A 01 00 00 00 00
 (1789561112.717674)  can0  601   [8]  40 01 1A 01 00 00 00 00
 (1789561112.718031)  can0  581   [8]  43 01 1A 01 08 00 61 60
 (1789561112.719782)  can0  601   [8]  23 01 1A 02 20 00 3F 60
 (1789561112.720107)  can0  581   [8]  60 01 1A 02 00 00 00 00
 (1789561112.721623)  can0  601   [8]  40 01 1A 02 00 00 00 00
 (1789561112.721971)  can0  581   [8]  43 01 1A 02 20 00 3F 60
 (1789561112.723625)  can0  601   [8]  2F 01 1A 00 02 00 00 00
 (1789561112.723972)  can0  581   [8]  60 01 1A 00 00 00 00 00
 (1789561112.725618)  can0  601   [8]  40 01 1A 00 00 00 00 00
 (1789561112.726023)  can0  581   [8]  4F 01 1A 00 02 00 00 00
 (1789561112.727679)  can0  601   [8]  2B 01 18 05 64 00 00 00
 (1789561112.728018)  can0  581   [8]  60 01 18 05 00 00 00 00
 (1789561112.729671)  can0  601   [8]  40 01 18 05 00 00 00 00
 (1789561112.730010)  can0  581   [8]  4B 01 18 05 64 00 00 00
 (1789561112.731679)  can0  601   [8]  23 01 18 01 81 02 00 00
 (1789561112.731956)  can0  581   [8]  60 01 18 01 00 00 00 00
 (1789561112.733672)  can0  601   [8]  40 01 18 01 00 00 00 00
 (1789561112.734003)  can0  581   [8]  43 01 18 01 81 02 00 00
 (1789561112.735572)  can0  000   [2]  01 01
 (1789561112.736000)  can0  181   [8]  00 14 00 14 00 00 00 00
 (1789561112.736133)  can0  281   [5]  03 00 00 00 00
 (1789561112.736233)  can0  381   [0] 
 (1789561112.736332)  can0  481   [0] 
 (1789561112.786007)  can0  181   [8]  00 14 00 14 00 00 00 00
 (1789561112.786199)  can0  281   [5]  03 00 00 00 00
 (1789561112.836015)  can0  181   [8]  00 14 00 14 00 00 00 00
 (1789561112.836206)  can0  281   [5]  03 00 00 00 00
 (1789561112.885978)  can0  181   [8]  00 14 00 14 00 00 00 00
 (1789561112.886162)  can0  281   [5]  03 00 00 00 00
 (1789561112.927495)  can0  701   [1]  05
 (1789561112.929732)  can0  601   [8]  23 FF 60 01 00 00 00 00
 (1789561112.930054)  can0  581   [8]  60 FF 60 01 00 00 00 00
 (1789561112.931682)  can0  601   [8]  40 FF 60 01 00 00 00 00
 (1789561112.932049)  can0  581   [8]  43 FF 60 01 00 00 00 00
 (1789561112.933698)  can0  601   [8]  23 FF 60 02 00 00 00 00
 (1789561112.934046)  can0  581   [8]  60 FF 60 02 00 00 00 00
 (1789561112.935676)  can0  601   [8]  40 FF 60 02 00 00 00 00
 (1789561112.936045)  can0  581   [8]  43 FF 60 02 00 00 00 00
 (1789561112.936287)  can0  181   [8]  00 14 00 14 00 00 00 00
 (1789561112.936478)  can0  281   [5]  03 00 00 00 00
 (1789561112.936827)  can0  601   [8]  2B 40 60 00 06 00 00 00
 (1789561112.937167)  can0  581   [8]  60 40 60 00 00 00 00 00
 (1789561112.938677)  can0  601   [8]  40 40 60 00 00 00 00 00
 (1789561112.938978)  can0  581   [8]  4B 40 60 00 06 00 00 00
 (1789561112.986172)  can0  181   [8]  21 14 21 14 00 00 00 00
 (1789561112.986364)  can0  281   [5]  03 00 00 00 00
 (1789561112.987703)  can0  601   [8]  40 00 14 01 00 00 00 00
 (1789561112.988043)  can0  581   [8]  43 00 14 01 01 02 00 00
 (1789561112.989703)  can0  601   [8]  40 00 14 02 00 00 00 00
 (1789561112.990038)  can0  581   [8]  4F 00 14 02 FF 00 00 00
 (1789561112.991688)  can0  601   [8]  40 00 16 00 00 00 00 00
 (1789561112.991984)  can0  581   [8]  4F 00 16 00 02 00 00 00
 (1789561112.993683)  can0  601   [8]  40 00 16 01 00 00 00 00
 (1789561112.994027)  can0  581   [8]  43 00 16 01 10 00 40 60
 (1789561112.995683)  can0  601   [8]  40 00 16 02 00 00 00 00
 (1789561112.996026)  can0  581   [8]  43 00 16 02 20 03 FF 60
 (1789561112.997690)  can0  601   [8]  40 00 18 01 00 00 00 00
 (1789561112.998023)  can0  581   [8]  43 00 18 01 81 01 00 00
 (1789561112.999685)  can0  601   [8]  40 00 18 02 00 00 00 00
 (1789561113.000019)  can0  581   [8]  4F 00 18 02 FF 00 00 00
 (1789561113.001860)  can0  601   [8]  40 00 1A 00 00 00 00 00
 (1789561113.002210)  can0  581   [8]  4F 00 1A 00 02 00 00 00
 (1789561113.003632)  can0  601   [8]  40 00 1A 01 00 00 00 00
 (1789561113.003947)  can0  581   [8]  43 00 1A 01 20 00 41 60
 (1789561113.005630)  can0  601   [8]  40 00 1A 02 00 00 00 00
 (1789561113.005996)  can0  581   [8]  43 00 1A 02 20 03 6C 60
 (1789561113.007685)  can0  601   [8]  40 01 18 01 00 00 00 00
 (1789561113.007996)  can0  581   [8]  43 01 18 01 81 02 00 00
 (1789561113.009681)  can0  601   [8]  40 01 18 02 00 00 00 00
 (1789561113.009994)  can0  581   [8]  4F 01 18 02 FF 00 00 00
 (1789561113.011687)  can0  601   [8]  40 01 1A 00 00 00 00 00
 (1789561113.012056)  can0  581   [8]  4F 01 1A 00 02 00 00 00
 (1789561113.013686)  can0  601   [8]  40 01 1A 01 00 00 00 00
 (1789561113.014039)  can0  581   [8]  43 01 1A 01 08 00 61 60
 (1789561113.015686)  can0  601   [8]  40 01 1A 02 00 00 00 00
 (1789561113.016037)  can0  581   [8]  43 01 1A 02 20 00 3F 60
 (1789561113.017688)  can0  601   [8]  40 0F 20 00 00 00 00 00
 (1789561113.018042)  can0  581   [8]  4B 0F 20 00 01 00 00 00
 (1789561113.036182)  can0  181   [8]  21 14 21 14 00 00 00 00
 (1789561113.036373)  can0  281   [5]  03 00 00 00 00
 (1789561113.049224)  can0  201   [6]  02 00 00 00 00 00
 (1789561113.059714)  can0  201   [6]  02 00 00 00 00 00
 (1789561113.069693)  can0  201   [6]  02 00 00 00 00 00
 (1789561113.079696)  can0  201   [6]  02 00 00 00 00 00
 (1789561113.086191)  can0  181   [8]  60 14 60 14 00 00 00 00
 (1789561113.086384)  can0  281   [5]  03 00 00 00 00
 (1789561113.089690)  can0  201   [6]  02 00 00 00 00 00
 (1789561113.099698)  can0  201   [6]  02 00 00 00 00 00
 (1789561113.109693)  can0  201   [6]  02 00 00 00 00 00
 (1789561113.119706)  can0  201   [6]  02 00 00 00 00 00
 (1789561113.129724)  can0  201   [6]  02 00 00 00 00 00
 (1789561113.136205)  can0  181   [8]  60 14 60 14 00 00 00 00
 (1789561113.136394)  can0  281   [5]  03 00 00 00 00
 (1789561113.139726)  can0  201   [6]  02 00 00 00 00 00
 (1789561113.149777)  can0  201   [6]  02 00 00 00 00 00
 (1789561113.159750)  can0  201   [6]  02 00 00 00 00 00
 (1789561113.169756)  can0  201   [6]  02 00 00 00 00 00
 (1789561113.177127)  can0  701   [1]  05
 (1789561113.179809)  can0  201   [6]  02 00 00 00 00 00
 (1789561113.186213)  can0  181   [8]  60 14 60 14 00 00 00 00
 (1789561113.186402)  can0  281   [5]  03 00 00 00 00
 (1789561113.189723)  can0  201   [6]  02 00 00 00 00 00
 (1789561113.199833)  can0  201   [6]  02 00 00 00 00 00
 (1789561113.209787)  can0  201   [6]  02 00 00 00 00 00
 (1789561113.219779)  can0  201   [6]  02 00 00 00 00 00
 (1789561113.229728)  can0  201   [6]  02 00 00 00 00 00
 (1789561113.236226)  can0  181   [8]  60 14 60 14 00 00 00 00
 (1789561113.236416)  can0  281   [5]  03 00 00 00 00
 (1789561113.239774)  can0  201   [6]  02 00 00 00 00 00
 (1789561113.249760)  can0  201   [6]  02 00 00 00 00 00
 (1789561113.259742)  can0  201   [6]  02 00 00 00 00 00
 (1789561113.269735)  can0  201   [6]  02 00 00 00 00 00
 (1789561113.279736)  can0  201   [6]  02 00 00 00 00 00
 (1789561113.286237)  can0  181   [8]  60 14 60 14 00 00 00 00
 (1789561113.286425)  can0  281   [5]  03 00 00 00 00
 (1789561113.289715)  can0  201   [6]  02 00 00 00 00 00
 (1789561113.299695)  can0  201   [6]  02 00 00 00 00 00
 (1789561113.309699)  can0  201   [6]  02 00 00 00 00 00
 (1789561113.319688)  can0  201   [6]  02 00 00 00 00 00
 (1789561113.329692)  can0  201   [6]  02 00 00 00 00 00
 (1789561113.336243)  can0  181   [8]  60 14 60 14 00 00 00 00
 (1789561113.336434)  can0  281   [5]  03 00 00 00 00
 (1789561113.339697)  can0  201   [6]  02 00 00 00 00 00
 (1789561113.349690)  can0  201   [6]  02 00 00 00 00 00
 (1789561113.359697)  can0  201   [6]  02 00 00 00 00 00
 (1789561113.369690)  can0  201   [6]  02 00 00 00 00 00
 (1789561113.379696)  can0  201   [6]  02 00 00 00 00 00
 (1789561113.386252)  can0  181   [8]  60 14 60 14 00 00 00 00
 (1789561113.386444)  can0  281   [5]  03 00 00 00 00
 (1789561113.389689)  can0  201   [6]  02 00 00 00 00 00
 (1789561113.399628)  can0  201   [6]  02 00 00 00 00 00
 (1789561113.409638)  can0  201   [6]  02 00 00 00 00 00
 (1789561113.419640)  can0  201   [6]  02 00 00 00 00 00
 (1789561113.426653)  can0  701   [1]  05
 (1789561113.429634)  can0  201   [6]  02 00 00 00 00 00
 (1789561113.436263)  can0  181   [8]  60 14 60 14 00 00 00 00
 (1789561113.436454)  can0  281   [5]  03 00 00 00 00
 (1789561113.439632)  can0  201   [6]  02 00 00 00 00 00
 (1789561113.449631)  can0  201   [6]  02 00 00 00 00 00
 (1789561113.459629)  can0  201   [6]  02 00 00 00 00 00
 (1789561113.469629)  can0  201   [6]  02 00 00 00 00 00
 (1789561113.479633)  can0  201   [6]  02 00 00 00 00 00
 (1789561113.486271)  can0  181   [8]  60 14 60 14 00 00 00 00
 (1789561113.486463)  can0  281   [5]  03 00 00 00 00
 (1789561113.489632)  can0  201   [6]  02 00 00 00 00 00
 (1789561113.499631)  can0  201   [6]  02 00 00 00 00 00
 (1789561113.509631)  can0  201   [6]  02 00 00 00 00 00
 (1789561113.519633)  can0  201   [6]  02 00 00 00 00 00
 (1789561113.529641)  can0  201   [6]  02 00 00 00 00 00
 (1789561113.536284)  can0  181   [8]  60 14 60 14 00 00 00 00
 (1789561113.536472)  can0  281   [5]  03 00 00 00 00
 (1789561113.539636)  can0  201   [6]  02 00 00 00 00 00
 (1789561113.549657)  can0  201   [6]  02 00 00 00 00 00
 (1789561113.559646)  can0  201   [6]  02 00 00 00 00 00
 (1789561113.569636)  can0  201   [6]  02 00 00 00 00 00
 (1789561113.579662)  can0  201   [6]  02 00 00 00 00 00
 (1789561113.586295)  can0  181   [8]  60 14 60 14 00 00 00 00
 (1789561113.586481)  can0  281   [5]  03 00 00 00 00
 (1789561113.589663)  can0  201   [6]  02 00 00 00 00 00
 (1789561113.599642)  can0  201   [6]  02 00 00 00 00 00
 (1789561113.609645)  can0  201   [6]  02 00 00 00 00 00
 (1789561113.619639)  can0  201   [6]  02 00 00 00 00 00
 (1789561113.629636)  can0  201   [6]  02 00 00 00 00 00
 (1789561113.636324)  can0  181   [8]  60 14 60 14 00 00 00 00
 (1789561113.636498)  can0  281   [5]  03 00 00 00 00
 (1789561113.639644)  can0  201   [6]  02 00 00 00 00 00
 (1789561113.649635)  can0  201   [6]  02 00 00 00 00 00
 (1789561113.659639)  can0  201   [6]  02 00 00 00 00 00
 (1789561113.669636)  can0  201   [6]  02 00 00 00 00 00
 (1789561113.676149)  can0  701   [1]  05
 (1789561113.679644)  can0  201   [6]  02 00 00 00 00 00
 (1789561113.686316)  can0  181   [8]  60 14 60 14 00 00 00 00
 (1789561113.686506)  can0  281   [5]  03 00 00 00 00
 (1789561113.689633)  can0  201   [6]  02 00 00 00 00 00
 (1789561113.699631)  can0  201   [6]  02 00 00 00 00 00
 (1789561113.709630)  can0  201   [6]  02 00 00 00 00 00
 (1789561113.719631)  can0  201   [6]  02 00 00 00 00 00
 (1789561113.729632)  can0  201   [6]  02 00 00 00 00 00
 (1789561113.736321)  can0  181   [8]  60 14 60 14 00 00 00 00
 (1789561113.736515)  can0  281   [5]  03 00 00 00 00
 (1789561113.739631)  can0  201   [6]  02 00 00 00 00 00
 (1789561113.749631)  can0  201   [6]  02 00 00 00 00 00
 (1789561113.759632)  can0  201   [6]  02 00 00 00 00 00
 (1789561113.769629)  can0  201   [6]  02 00 00 00 00 00
 (1789561113.779632)  can0  201   [6]  02 00 00 00 00 00
 (1789561113.786329)  can0  181   [8]  60 14 60 14 00 00 00 00
 (1789561113.786522)  can0  281   [5]  03 00 00 00 00
 (1789561113.789606)  can0  201   [6]  02 00 00 00 00 00
 (1789561113.799635)  can0  201   [6]  02 00 00 00 00 00
 (1789561113.809629)  can0  201   [6]  02 00 00 00 00 00
 (1789561113.819631)  can0  201   [6]  02 00 00 00 00 00
 (1789561113.829630)  can0  201   [6]  02 00 00 00 00 00
 (1789561113.836343)  can0  181   [8]  60 14 60 14 00 00 00 00
 (1789561113.836532)  can0  281   [5]  03 00 00 00 00
 (1789561113.839631)  can0  201   [6]  02 00 00 00 00 00
 (1789561113.849631)  can0  201   [6]  02 00 00 00 00 00
 (1789561113.859631)  can0  201   [6]  02 00 00 00 00 00
 (1789561113.869630)  can0  201   [6]  02 00 00 00 00 00
 (1789561113.879630)  can0  201   [6]  02 00 00 00 00 00
 (1789561113.886351)  can0  181   [8]  60 14 60 14 00 00 00 00
 (1789561113.886543)  can0  281   [5]  03 00 00 00 00
 (1789561113.889630)  can0  201   [6]  02 00 00 00 00 00
 (1789561113.899634)  can0  201   [6]  02 00 00 00 00 00
 (1789561113.909634)  can0  201   [6]  02 00 00 00 00 00
 (1789561113.919640)  can0  201   [6]  02 00 00 00 00 00
 (1789561113.925644)  can0  701   [1]  05
 (1789561113.929637)  can0  201   [6]  02 00 00 00 00 00
 (1789561113.936366)  can0  181   [8]  60 14 60 14 00 00 00 00
 (1789561113.936575)  can0  281   [5]  03 00 00 00 00
 (1789561113.939643)  can0  201   [6]  02 00 00 00 00 00
 (1789561113.949635)  can0  201   [6]  02 00 00 00 00 00
 (1789561113.959643)  can0  201   [6]  02 00 00 00 00 00
 (1789561113.969683)  can0  201   [6]  02 00 00 00 00 00
 (1789561113.979655)  can0  201   [6]  02 00 00 00 00 00
 (1789561113.986383)  can0  181   [8]  60 14 60 14 00 00 00 00
 (1789561113.986562)  can0  281   [5]  03 00 00 00 00
 (1789561113.989618)  can0  201   [6]  02 00 00 00 00 00
 (1789561113.999607)  can0  201   [6]  02 00 00 00 00 00
 (1789561114.009592)  can0  201   [6]  02 00 00 00 00 00
 (1789561114.019584)  can0  201   [6]  02 00 00 00 00 00
 (1789561114.029605)  can0  201   [6]  02 00 00 00 00 00
 (1789561114.036326)  can0  181   [8]  60 14 60 14 00 00 00 00
 (1789561114.036516)  can0  281   [5]  03 00 00 00 00
 (1789561114.039590)  can0  201   [6]  02 00 00 00 00 00
 (1789561114.049584)  can0  201   [6]  02 00 00 00 00 00
 (1789561114.059584)  can0  201   [6]  02 00 00 00 00 00
 (1789561114.069581)  can0  201   [6]  02 00 00 00 00 00
 (1789561114.079577)  can0  201   [6]  02 00 00 00 00 00
 (1789561114.086336)  can0  181   [8]  60 14 60 14 00 00 00 00
 (1789561114.086525)  can0  281   [5]  03 00 00 00 00
 (1789561114.089578)  can0  201   [6]  02 00 00 00 00 00
 (1789561114.099573)  can0  201   [6]  02 00 00 00 00 00
 (1789561114.109579)  can0  201   [6]  02 00 00 00 00 00
 (1789561114.119575)  can0  201   [6]  02 00 00 00 00 00
 (1789561114.129577)  can0  201   [6]  02 00 00 00 00 00
 (1789561114.136403)  can0  181   [8]  60 14 60 14 00 00 00 00
 (1789561114.136596)  can0  281   [5]  03 00 00 00 00
 (1789561114.139699)  can0  201   [6]  02 00 00 00 00 00
 (1789561114.149697)  can0  201   [6]  02 00 00 00 00 00
 (1789561114.159691)  can0  201   [6]  02 00 00 00 00 00
 (1789561114.169691)  can0  201   [6]  02 00 00 00 00 00
 (1789561114.175246)  can0  701   [1]  05
 (1789561114.179585)  can0  201   [6]  02 00 00 00 00 00
 (1789561114.186357)  can0  181   [8]  60 14 60 14 00 00 00 00
 (1789561114.186546)  can0  281   [5]  03 00 00 00 00
 (1789561114.189595)  can0  201   [6]  02 00 00 00 00 00
 (1789561114.199577)  can0  201   [6]  02 00 00 00 00 00
 (1789561114.209577)  can0  201   [6]  02 00 00 00 00 00
 (1789561114.219577)  can0  201   [6]  02 00 00 00 00 00
 (1789561114.229574)  can0  201   [6]  02 00 00 00 00 00
 (1789561114.236363)  can0  181   [8]  60 14 60 14 00 00 00 00
 (1789561114.236555)  can0  281   [5]  03 00 00 00 00
 (1789561114.239574)  can0  201   [6]  02 00 00 00 00 00
 (1789561114.249576)  can0  201   [6]  02 00 00 00 00 00
 (1789561114.259574)  can0  201   [6]  02 00 00 00 00 00
 (1789561114.269576)  can0  201   [6]  02 00 00 00 00 00
 (1789561114.279573)  can0  201   [6]  02 00 00 00 00 00
 (1789561114.286372)  can0  181   [8]  60 14 60 14 00 00 00 00
 (1789561114.286564)  can0  281   [5]  03 00 00 00 00
 (1789561114.289576)  can0  201   [6]  02 00 00 00 00 00
 (1789561114.299580)  can0  201   [6]  02 00 00 00 00 00
 (1789561114.309577)  can0  201   [6]  02 00 00 00 00 00
 (1789561114.319589)  can0  201   [6]  02 00 00 00 00 00
 (1789561114.329585)  can0  201   [6]  02 00 00 00 00 00
 (1789561114.336385)  can0  181   [8]  60 14 60 14 00 00 00 00
 (1789561114.336574)  can0  281   [5]  03 00 00 00 00
 (1789561114.339585)  can0  201   [6]  02 00 00 00 00 00
 (1789561114.349589)  can0  201   [6]  02 00 00 00 00 00
 (1789561114.359585)  can0  201   [6]  02 00 00 00 00 00
 (1789561114.369588)  can0  201   [6]  02 00 00 00 00 00
 (1789561114.379596)  can0  201   [6]  02 00 00 00 00 00
 (1789561114.386393)  can0  181   [8]  60 14 60 14 00 00 00 00
 (1789561114.386584)  can0  281   [5]  03 00 00 00 00
 (1789561114.389588)  can0  201   [6]  02 00 00 00 00 00
 (1789561114.399590)  can0  201   [6]  02 00 00 00 00 00
 (1789561114.409588)  can0  201   [6]  02 00 00 00 00 00
 (1789561114.419578)  can0  201   [6]  02 00 00 00 00 00
 (1789561114.424679)  can0  701   [1]  05
 (1789561114.429591)  can0  201   [6]  02 00 00 00 00 00
 (1789561114.436402)  can0  181   [8]  60 14 60 14 00 00 00 00
 (1789561114.436596)  can0  281   [5]  03 00 00 00 00
 (1789561114.439720)  can0  201   [6]  02 00 00 00 00 00
 (1789561114.449715)  can0  201   [6]  02 00 00 00 00 00
 (1789561114.459716)  can0  201   [6]  02 00 00 00 00 00
 (1789561114.469719)  can0  201   [6]  02 00 00 00 00 00
 (1789561114.479700)  can0  201   [6]  02 00 00 00 00 00
 (1789561114.486472)  can0  181   [8]  60 14 60 14 00 00 00 00
 (1789561114.486661)  can0  281   [5]  03 00 00 00 00
 (1789561114.489699)  can0  201   [6]  02 00 00 00 00 00
 (1789561114.499697)  can0  201   [6]  02 00 00 00 00 00
 (1789561114.509692)  can0  201   [6]  02 00 00 00 00 00
 (1789561114.519692)  can0  201   [6]  02 00 00 00 00 00
 (1789561114.529696)  can0  201   [6]  02 00 00 00 00 00
 (1789561114.536480)  can0  181   [8]  60 14 60 14 00 00 00 00
 (1789561114.536672)  can0  281   [5]  03 00 00 00 00
 (1789561114.539690)  can0  201   [6]  02 00 00 00 00 00
 (1789561114.549697)  can0  201   [6]  02 00 00 00 00 00
 (1789561114.559691)  can0  201   [6]  02 00 00 00 00 00
 (1789561114.569696)  can0  201   [6]  02 00 00 00 00 00
 (1789561114.579966)  can0  201   [6]  02 00 00 00 00 00
 (1789561114.586547)  can0  181   [8]  60 14 60 14 00 00 00 00
 (1789561114.586738)  can0  281   [5]  03 00 00 00 00
 (1789561114.589705)  can0  201   [6]  02 00 00 00 00 00
 (1789561114.599696)  can0  201   [6]  02 00 00 00 00 00
 (1789561114.609689)  can0  201   [6]  02 00 00 00 00 00
 (1789561114.619696)  can0  201   [6]  02 00 00 00 00 00
 (1789561114.629691)  can0  201   [6]  02 00 00 00 00 00
 (1789561114.636501)  can0  181   [8]  60 14 60 14 00 00 00 00
 (1789561114.636693)  can0  281   [5]  03 00 00 00 00
 (1789561114.639698)  can0  201   [6]  02 00 00 00 00 00
 (1789561114.649691)  can0  201   [6]  02 00 00 00 00 00
 (1789561114.659692)  can0  201   [6]  02 00 00 00 00 00
 (1789561114.669695)  can0  201   [6]  02 00 00 00 00 00
 (1789561114.674286)  can0  701   [1]  05
 (1789561114.679693)  can0  201   [6]  02 00 00 00 00 00
 (1789561114.686508)  can0  181   [8]  60 14 60 14 00 00 00 00
 (1789561114.686700)  can0  281   [5]  03 00 00 00 00
 (1789561114.689696)  can0  201   [6]  02 00 00 00 00 00
 (1789561114.699707)  can0  201   [6]  02 00 00 00 00 00
 (1789561114.709757)  can0  201   [6]  02 00 00 00 00 00
 (1789561114.719725)  can0  201   [6]  02 00 00 00 00 00
 (1789561114.729753)  can0  201   [6]  02 00 00 00 00 00
 (1789561114.736519)  can0  181   [8]  60 14 60 14 00 00 00 00
 (1789561114.736711)  can0  281   [5]  03 00 00 00 00
 (1789561114.739749)  can0  201   [6]  02 00 00 00 00 00
 (1789561114.749731)  can0  201   [6]  02 00 00 00 00 00
 (1789561114.759828)  can0  201   [6]  02 00 00 00 00 00
 (1789561114.769794)  can0  201   [6]  02 00 00 00 00 00
 (1789561114.779805)  can0  201   [6]  02 00 00 00 00 00
 (1789561114.786534)  can0  181   [8]  60 14 60 14 00 00 00 00
 (1789561114.786737)  can0  281   [5]  03 00 00 00 00
 (1789561114.789772)  can0  201   [6]  02 00 00 00 00 00
 (1789561114.799766)  can0  201   [6]  02 00 00 00 00 00
 (1789561114.809748)  can0  201   [6]  02 00 00 00 00 00
 (1789561114.819792)  can0  201   [6]  02 00 00 00 00 00
 (1789561114.829770)  can0  201   [6]  02 00 00 00 00 00
 (1789561114.836543)  can0  181   [8]  60 14 60 14 00 00 00 00
 (1789561114.836731)  can0  281   [5]  03 00 00 00 00
 (1789561114.839745)  can0  201   [6]  02 00 00 00 00 00
 (1789561114.849729)  can0  201   [6]  02 00 00 00 00 00
 (1789561114.859742)  can0  201   [6]  02 00 00 00 00 00
 (1789561114.869698)  can0  201   [6]  02 00 00 00 00 00
 (1789561114.879698)  can0  201   [6]  02 00 00 00 00 00
 (1789561114.886550)  can0  181   [8]  60 14 60 14 00 00 00 00
 (1789561114.886741)  can0  281   [5]  03 00 00 00 00
 (1789561114.889693)  can0  201   [6]  02 00 00 00 00 00
 (1789561114.899695)  can0  201   [6]  02 00 00 00 00 00
 (1789561114.909690)  can0  201   [6]  02 00 00 00 00 00
 (1789561114.919698)  can0  201   [6]  02 00 00 00 00 00
 (1789561114.923838)  can0  701   [1]  05
 (1789561114.929690)  can0  201   [6]  02 00 00 00 00 00
 (1789561114.936560)  can0  181   [8]  60 14 60 14 00 00 00 00
 (1789561114.936751)  can0  281   [5]  03 00 00 00 00
 (1789561114.939690)  can0  201   [6]  02 00 00 00 00 00
 (1789561114.949696)  can0  201   [6]  02 00 00 00 00 00
 (1789561114.959689)  can0  201   [6]  02 00 00 00 00 00
 (1789561114.969696)  can0  201   [6]  02 00 00 00 00 00
 (1789561114.979624)  can0  201   [6]  02 00 00 00 00 00
 (1789561114.986512)  can0  181   [8]  60 14 60 14 00 00 00 00
 (1789561114.986703)  can0  281   [5]  03 00 00 00 00
 (1789561114.989583)  can0  201   [6]  02 00 00 00 00 00
 (1789561114.999576)  can0  201   [6]  02 00 00 00 00 00
 (1789561115.009574)  can0  201   [6]  02 00 00 00 00 00
 (1789561115.019577)  can0  201   [6]  02 00 00 00 00 00
 (1789561115.029578)  can0  201   [6]  02 00 00 00 00 00
 (1789561115.036522)  can0  181   [8]  60 14 60 14 00 00 00 00
 (1789561115.036713)  can0  281   [5]  03 00 00 00 00
 (1789561115.039576)  can0  201   [6]  02 00 00 00 00 00
 (1789561115.049576)  can0  201   [6]  02 00 00 00 00 00
 (1789561115.059581)  can0  201   [6]  02 00 00 00 00 00
 (1789561115.069575)  can0  201   [6]  02 00 00 00 00 00
 (1789561115.079575)  can0  201   [6]  02 00 00 00 00 00
 (1789561115.086531)  can0  181   [8]  60 14 60 14 00 00 00 00
 (1789561115.086722)  can0  281   [5]  03 00 00 00 00
 (1789561115.089581)  can0  201   [6]  02 00 00 00 00 00
 (1789561115.099578)  can0  201   [6]  02 00 00 00 00 00
 (1789561115.109584)  can0  201   [6]  02 00 00 00 00 00
 (1789561115.119586)  can0  201   [6]  02 00 00 00 00 00
 (1789561115.129600)  can0  201   [6]  02 00 00 00 00 00
 (1789561115.136543)  can0  181   [8]  60 14 60 14 00 00 00 00
 (1789561115.136733)  can0  281   [5]  03 00 00 00 00
 (1789561115.139587)  can0  201   [6]  02 00 00 00 00 00
 (1789561115.149599)  can0  201   [6]  02 00 00 00 00 00
 (1789561115.159583)  can0  201   [6]  02 00 00 00 00 00
 (1789561115.169601)  can0  201   [6]  02 00 00 00 00 00
 (1789561115.173269)  can0  701   [1]  05
 (1789561115.179586)  can0  201   [6]  02 00 00 00 00 00
 (1789561115.186553)  can0  181   [8]  60 14 60 14 00 00 00 00
 (1789561115.186743)  can0  281   [5]  03 00 00 00 00
 (1789561115.189587)  can0  201   [6]  02 00 00 00 00 00
 (1789561115.199585)  can0  201   [6]  02 00 00 00 00 00
 (1789561115.209587)  can0  201   [6]  02 00 00 00 00 00
 (1789561115.219587)  can0  201   [6]  02 00 00 00 00 00
 (1789561115.229588)  can0  201   [6]  02 00 00 00 00 00
 (1789561115.236562)  can0  181   [8]  60 14 60 14 00 00 00 00
 (1789561115.236752)  can0  281   [5]  03 00 00 00 00
 (1789561115.239582)  can0  201   [6]  02 00 00 00 00 00
 (1789561115.249582)  can0  201   [6]  02 00 00 00 00 00
 (1789561115.259588)  can0  201   [6]  02 00 00 00 00 00
 (1789561115.269577)  can0  201   [6]  02 00 00 00 00 00
 (1789561115.279575)  can0  201   [6]  02 00 00 00 00 00
 (1789561115.286572)  can0  181   [8]  60 14 60 14 00 00 00 00
 (1789561115.286763)  can0  281   [5]  03 00 00 00 00
 (1789561115.289575)  can0  201   [6]  02 00 00 00 00 00
 (1789561115.299577)  can0  201   [6]  02 00 00 00 00 00
 (1789561115.309575)  can0  201   [6]  02 00 00 00 00 00
 (1789561115.319576)  can0  201   [6]  02 00 00 00 00 00
 (1789561115.329574)  can0  201   [6]  02 00 00 00 00 00
 (1789561115.336580)  can0  181   [8]  60 14 60 14 00 00 00 00
 (1789561115.336772)  can0  281   [5]  03 00 00 00 00
 (1789561115.339578)  can0  201   [6]  02 00 00 00 00 00
 (1789561115.349574)  can0  201   [6]  02 00 00 00 00 00
 (1789561115.359582)  can0  201   [6]  02 00 00 00 00 00
 (1789561115.369598)  can0  201   [6]  02 00 00 00 00 00
 (1789561115.379577)  can0  201   [6]  02 00 00 00 00 00
 (1789561115.386592)  can0  181   [8]  60 14 60 14 00 00 00 00
 (1789561115.386782)  can0  281   [5]  03 00 00 00 00
 (1789561115.389579)  can0  201   [6]  02 00 00 00 00 00
 (1789561115.399574)  can0  201   [6]  02 00 00 00 00 00
 (1789561115.409576)  can0  201   [6]  02 00 00 00 00 00
 (1789561115.419574)  can0  201   [6]  02 00 00 00 00 00
 (1789561115.422817)  can0  701   [1]  05
 (1789561115.429576)  can0  201   [6]  02 00 00 00 00 00
 (1789561115.436599)  can0  181   [8]  60 14 60 14 00 00 00 00
 (1789561115.436791)  can0  281   [5]  03 00 00 00 00
 (1789561115.439579)  can0  201   [6]  02 00 00 00 00 00
 (1789561115.449575)  can0  201   [6]  02 00 00 00 00 00
 (1789561115.459575)  can0  201   [6]  02 00 00 00 00 00
 (1789561115.469579)  can0  201   [6]  02 00 00 00 00 00
 (1789561115.479580)  can0  201   [6]  02 00 00 00 00 00
 (1789561115.486611)  can0  181   [8]  60 14 60 14 00 00 00 00
 (1789561115.486802)  can0  281   [5]  03 00 00 00 00
 (1789561115.489576)  can0  201   [6]  02 00 00 00 00 00
 (1789561115.499588)  can0  201   [6]  02 00 00 00 00 00
 (1789561115.509581)  can0  201   [6]  02 00 00 00 00 00
 (1789561115.519585)  can0  201   [6]  02 00 00 00 00 00
 (1789561115.529589)  can0  201   [6]  02 00 00 00 00 00
 (1789561115.536622)  can0  181   [8]  60 14 60 14 00 00 00 00
 (1789561115.536812)  can0  281   [5]  03 00 00 00 00
 (1789561115.539583)  can0  201   [6]  02 00 00 00 00 00
 (1789561115.549598)  can0  201   [6]  02 00 00 00 00 00
 (1789561115.559597)  can0  201   [6]  02 00 00 00 00 00
 (1789561115.569584)  can0  201   [6]  02 00 00 00 00 00
 (1789561115.579590)  can0  201   [6]  02 00 00 00 00 00
 (1789561115.586631)  can0  181   [8]  60 14 60 14 00 00 00 00
 (1789561115.586821)  can0  281   [5]  03 00 00 00 00
 (1789561115.589586)  can0  201   [6]  02 00 00 00 00 00
 (1789561115.599583)  can0  201   [6]  02 00 00 00 00 00
 (1789561115.609593)  can0  201   [6]  02 00 00 00 00 00
 (1789561115.619584)  can0  201   [6]  02 00 00 00 00 00
 (1789561115.629582)  can0  201   [6]  02 00 00 00 00 00
 (1789561115.636642)  can0  181   [8]  60 14 60 14 00 00 00 00
 (1789561115.636832)  can0  281   [5]  03 00 00 00 00
 (1789561115.639586)  can0  201   [6]  02 00 00 00 00 00
 (1789561115.649592)  can0  201   [6]  02 00 00 00 00 00
 (1789561115.659576)  can0  201   [6]  02 00 00 00 00 00
 (1789561115.669575)  can0  201   [6]  02 00 00 00 00 00
 (1789561115.672368)  can0  701   [1]  05
 (1789561115.679576)  can0  201   [6]  02 00 00 00 00 00
 (1789561115.686650)  can0  181   [8]  60 14 60 14 00 00 00 00
 (1789561115.686841)  can0  281   [5]  03 00 00 00 00
 (1789561115.689577)  can0  201   [6]  02 00 00 00 00 00
 (1789561115.699575)  can0  201   [6]  02 00 00 00 00 00
 (1789561115.709575)  can0  201   [6]  02 00 00 00 00 00
 (1789561115.719577)  can0  201   [6]  02 00 00 00 00 00
 (1789561115.729574)  can0  201   [6]  02 00 00 00 00 00
 (1789561115.736661)  can0  181   [8]  60 14 60 14 00 00 00 00
 (1789561115.736852)  can0  281   [5]  03 00 00 00 00
 (1789561115.739576)  can0  201   [6]  02 00 00 00 00 00
 (1789561115.749574)  can0  201   [6]  02 00 00 00 00 00
 (1789561115.759581)  can0  201   [6]  02 00 00 00 00 00
 (1789561115.769704)  can0  201   [6]  02 00 00 00 00 00
 (1789561115.779690)  can0  201   [6]  02 00 00 00 00 00
 (1789561115.786726)  can0  181   [8]  60 14 60 14 00 00 00 00
 (1789561115.786919)  can0  281   [5]  03 00 00 00 00
 (1789561115.789698)  can0  201   [6]  02 00 00 00 00 00
 (1789561115.799690)  can0  201   [6]  02 00 00 00 00 00
 (1789561115.809695)  can0  201   [6]  02 00 00 00 00 00
 (1789561115.819691)  can0  201   [6]  02 00 00 00 00 00
 (1789561115.829695)  can0  201   [6]  02 00 00 00 00 00
 (1789561115.836736)  can0  181   [8]  60 14 60 14 00 00 00 00
 (1789561115.836927)  can0  281   [5]  03 00 00 00 00
 (1789561115.839690)  can0  201   [6]  02 00 00 00 00 00
 (1789561115.849690)  can0  201   [6]  02 00 00 00 00 00
 (1789561115.859696)  can0  201   [6]  02 00 00 00 00 00
 (1789561115.869692)  can0  201   [6]  02 00 00 00 00 00
 (1789561115.879710)  can0  201   [6]  02 00 00 00 00 00
 (1789561115.886752)  can0  181   [8]  60 14 60 14 00 00 00 00
 (1789561115.886941)  can0  281   [5]  03 00 00 00 00
 (1789561115.889727)  can0  201   [6]  02 00 00 00 00 00
 (1789561115.899740)  can0  201   [6]  02 00 00 00 00 00
 (1789561115.909763)  can0  201   [6]  02 00 00 00 00 00
 (1789561115.919743)  can0  201   [6]  02 00 00 00 00 00
 (1789561115.921917)  can0  701   [1]  05
 (1789561115.929759)  can0  201   [6]  02 00 00 00 00 00
 (1789561115.936769)  can0  181   [8]  60 14 60 14 00 00 00 00
 (1789561115.936954)  can0  281   [5]  03 00 00 00 00
 (1789561115.939802)  can0  201   [6]  02 00 00 00 00 00
 (1789561115.949761)  can0  201   [6]  02 00 00 00 00 00
 (1789561115.959825)  can0  201   [6]  02 00 00 00 00 00
 (1789561115.969810)  can0  201   [6]  02 00 00 00 00 00
 (1789561115.979763)  can0  201   [6]  02 00 00 00 00 00
 (1789561115.986770)  can0  181   [8]  60 14 60 14 00 00 00 00
 (1789561115.986960)  can0  281   [5]  03 00 00 00 00
 (1789561115.989744)  can0  201   [6]  02 00 00 00 00 00
 (1789561115.999780)  can0  201   [6]  02 00 00 00 00 00
 (1789561116.009763)  can0  201   [6]  02 00 00 00 00 00
 (1789561116.019742)  can0  201   [6]  02 00 00 00 00 00
 (1789561116.029736)  can0  201   [6]  02 00 00 00 00 00
 (1789561116.036783)  can0  181   [8]  60 14 60 14 00 00 00 00
 (1789561116.036972)  can0  281   [5]  03 00 00 00 00
 (1789561116.039719)  can0  201   [6]  02 00 00 00 00 00
 (1789561116.049710)  can0  201   [6]  02 00 00 00 00 00
 (1789561116.059694)  can0  201   [6]  02 00 00 00 00 00
 (1789561116.069696)  can0  201   [6]  02 00 00 00 00 00
 (1789561116.079689)  can0  201   [6]  02 00 00 00 00 00
 (1789561116.086787)  can0  181   [8]  60 14 60 14 00 00 00 00
 (1789561116.086977)  can0  281   [5]  03 00 00 00 00
 (1789561116.089696)  can0  201   [6]  02 00 00 00 00 00
 (1789561116.099691)  can0  201   [6]  02 00 00 00 00 00
 (1789561116.109695)  can0  201   [6]  02 00 00 00 00 00
 (1789561116.119691)  can0  201   [6]  02 00 00 00 00 00
 (1789561116.129691)  can0  201   [6]  02 00 00 00 00 00
 (1789561116.136796)  can0  181   [8]  60 14 60 14 00 00 00 00
 (1789561116.136986)  can0  281   [5]  03 00 00 00 00
 (1789561116.139694)  can0  201   [6]  02 00 00 00 00 00
 (1789561116.149689)  can0  201   [6]  02 00 00 00 00 00
 (1789561116.159698)  can0  201   [6]  02 00 00 00 00 00
 (1789561116.169699)  can0  201   [6]  02 00 00 00 00 00
 (1789561116.171466)  can0  701   [1]  05
 (1789561116.179695)  can0  201   [6]  02 00 00 00 00 00
 (1789561116.186804)  can0  181   [8]  60 14 60 14 00 00 00 00
 (1789561116.186998)  can0  281   [5]  03 00 00 00 00
 (1789561116.189691)  can0  201   [6]  02 00 00 00 00 00
 (1789561116.199692)  can0  201   [6]  02 00 00 00 00 00
 (1789561116.209589)  can0  201   [6]  02 00 00 00 00 00
 (1789561116.219577)  can0  201   [6]  02 00 00 00 00 00
 (1789561116.229576)  can0  201   [6]  02 00 00 00 00 00
 (1789561116.236758)  can0  181   [8]  60 14 60 14 00 00 00 00
 (1789561116.236949)  can0  281   [5]  03 00 00 00 00
 (1789561116.239576)  can0  201   [6]  02 00 00 00 00 00
 (1789561116.249575)  can0  201   [6]  02 00 00 00 00 00
 (1789561116.259573)  can0  201   [6]  02 00 00 00 00 00
 (1789561116.269577)  can0  201   [6]  02 00 00 00 00 00
 (1789561116.279581)  can0  201   [6]  02 00 00 00 00 00
 (1789561116.286770)  can0  181   [8]  60 14 60 14 00 00 00 00
 (1789561116.286960)  can0  281   [5]  03 00 00 00 00
 (1789561116.289598)  can0  201   [6]  02 00 00 00 00 00
 (1789561116.299586)  can0  201   [6]  02 00 00 00 00 00
 (1789561116.309588)  can0  201   [6]  02 00 00 00 00 00
 (1789561116.319595)  can0  201   [6]  02 00 00 00 00 00
 (1789561116.329583)  can0  201   [6]  02 00 00 00 00 00
 (1789561116.336780)  can0  181   [8]  60 14 60 14 00 00 00 00
 (1789561116.336970)  can0  281   [5]  03 00 00 00 00
 (1789561116.339586)  can0  201   [6]  02 00 00 00 00 00
 (1789561116.349601)  can0  201   [6]  02 00 00 00 00 00
 (1789561116.359586)  can0  201   [6]  02 00 00 00 00 00
 (1789561116.369595)  can0  201   [6]  02 00 00 00 00 00
 (1789561116.379588)  can0  201   [6]  02 00 00 00 00 00
 (1789561116.386791)  can0  181   [8]  60 14 60 14 00 00 00 00
 (1789561116.386981)  can0  281   [5]  03 00 00 00 00
 (1789561116.389583)  can0  201   [6]  02 00 00 00 00 00
 (1789561116.399597)  can0  201   [6]  02 00 00 00 00 00
 (1789561116.409582)  can0  201   [6]  02 00 00 00 00 00
 (1789561116.419584)  can0  201   [6]  02 00 00 00 00 00
 (1789561116.420958)  can0  701   [1]  05
 (1789561116.429581)  can0  201   [6]  02 00 00 00 00 00
 (1789561116.436799)  can0  181   [8]  60 14 60 14 00 00 00 00
 (1789561116.436991)  can0  281   [5]  03 00 00 00 00
 (1789561116.439583)  can0  201   [6]  02 00 00 00 00 00
 (1789561116.449575)  can0  201   [6]  02 00 00 00 00 00
 (1789561116.459576)  can0  201   [6]  02 00 00 00 00 00
 (1789561116.469574)  can0  201   [6]  02 00 00 00 00 00
 (1789561116.479574)  can0  201   [6]  02 00 00 00 00 00
 (1789561116.486808)  can0  181   [8]  60 14 60 14 00 00 00 00
 (1789561116.486999)  can0  281   [5]  03 00 00 00 00
 (1789561116.489583)  can0  201   [6]  02 00 00 00 00 00
 (1789561116.499575)  can0  201   [6]  02 00 00 00 00 00
 (1789561116.509577)  can0  201   [6]  02 00 00 00 00 00
 (1789561116.519574)  can0  201   [6]  02 00 00 00 00 00
 (1789561116.529576)  can0  201   [6]  02 00 00 00 00 00
 (1789561116.536818)  can0  181   [8]  60 14 60 14 00 00 00 00
 (1789561116.537009)  can0  281   [5]  03 00 00 00 00
 (1789561116.539573)  can0  201   [6]  02 00 00 00 00 00
 (1789561116.549595)  can0  201   [6]  02 00 00 00 00 00
 (1789561116.559579)  can0  201   [6]  02 00 00 00 00 00
 (1789561116.569575)  can0  201   [6]  02 00 00 00 00 00
 (1789561116.579579)  can0  201   [6]  02 00 00 00 00 00
 (1789561116.586829)  can0  181   [8]  60 14 60 14 00 00 00 00
 (1789561116.587019)  can0  281   [5]  03 00 00 00 00
 (1789561116.589705)  can0  201   [6]  02 00 00 00 00 00
 (1789561116.599694)  can0  201   [6]  02 00 00 00 00 00
 (1789561116.609692)  can0  201   [6]  02 00 00 00 00 00
 (1789561116.619690)  can0  201   [6]  02 00 00 00 00 00
 (1789561116.629695)  can0  201   [6]  02 00 00 00 00 00
 (1789561116.636896)  can0  181   [8]  60 14 60 14 00 00 00 00
 (1789561116.637088)  can0  281   [5]  03 00 00 00 00
 (1789561116.639691)  can0  201   [6]  02 00 00 00 00 00
 (1789561116.649694)  can0  201   [6]  02 00 00 00 00 00
 (1789561116.659691)  can0  201   [6]  02 00 00 00 00 00
 (1789561116.669710)  can0  201   [6]  02 00 00 00 00 00
 (1789561116.670561)  can0  701   [1]  05
 (1789561116.679754)  can0  201   [6]  02 00 00 00 00 00
 (1789561116.686906)  can0  181   [8]  60 14 60 14 00 00 00 00
 (1789561116.687097)  can0  281   [5]  03 00 00 00 00
 (1789561116.689811)  can0  201   [6]  02 00 00 00 00 00
 (1789561116.699772)  can0  201   [6]  02 00 00 00 00 00
 (1789561116.709743)  can0  201   [6]  02 00 00 00 00 00
 (1789561116.719743)  can0  201   [6]  02 00 00 00 00 00
 (1789561116.729825)  can0  201   [6]  02 00 00 00 00 00
 (1789561116.736928)  can0  181   [8]  60 14 60 14 00 00 00 00
 (1789561116.737108)  can0  281   [5]  03 00 00 00 00
 (1789561116.739813)  can0  201   [6]  02 00 00 00 00 00
 (1789561116.749810)  can0  201   [6]  02 00 00 00 00 00
 (1789561116.759795)  can0  201   [6]  02 00 00 00 00 00
 (1789561116.769762)  can0  201   [6]  02 00 00 00 00 00
 (1789561116.779743)  can0  201   [6]  02 00 00 00 00 00
 (1789561116.786934)  can0  181   [8]  60 14 60 14 00 00 00 00
 (1789561116.787130)  can0  281   [5]  03 00 00 00 00
 (1789561116.789777)  can0  201   [6]  02 00 00 00 00 00
 (1789561116.799765)  can0  201   [6]  02 00 00 00 00 00
 (1789561116.809746)  can0  201   [6]  02 00 00 00 00 00
 (1789561116.819731)  can0  201   [6]  02 00 00 00 00 00
 (1789561116.829820)  can0  201   [6]  02 00 00 00 00 00
 (1789561116.836938)  can0  181   [8]  60 14 60 14 00 00 00 00
 (1789561116.837127)  can0  281   [5]  03 00 00 00 00
 (1789561116.839706)  can0  201   [6]  02 00 00 00 00 00
 (1789561116.849692)  can0  201   [6]  02 00 00 00 00 00
 (1789561116.859698)  can0  201   [6]  02 00 00 00 00 00
 (1789561116.869694)  can0  201   [6]  02 00 00 00 00 00
 (1789561116.879697)  can0  201   [6]  02 00 00 00 00 00
 (1789561116.886945)  can0  181   [8]  60 14 60 14 00 00 00 00
 (1789561116.887135)  can0  281   [5]  03 00 00 00 00
 (1789561116.889693)  can0  201   [6]  02 00 00 00 00 00
 (1789561116.899695)  can0  201   [6]  02 00 00 00 00 00
 (1789561116.909698)  can0  201   [6]  02 00 00 00 00 00
 (1789561116.919692)  can0  201   [6]  02 00 00 00 00 00
 (1789561116.920053)  can0  701   [1]  05
 (1789561116.929697)  can0  201   [6]  02 00 00 00 00 00
 (1789561116.936954)  can0  181   [8]  60 14 60 14 00 00 00 00
 (1789561116.937146)  can0  281   [5]  03 00 00 00 00
 (1789561116.939691)  can0  201   [6]  02 00 00 00 00 00
 (1789561116.949701)  can0  201   [6]  02 00 00 00 00 00
 (1789561116.959700)  can0  201   [6]  02 00 00 00 00 00
 (1789561116.969691)  can0  201   [6]  02 00 00 00 00 00
 (1789561116.979695)  can0  201   [6]  02 00 00 00 00 00
 (1789561116.986964)  can0  181   [8]  60 14 60 14 00 00 00 00
 (1789561116.987155)  can0  281   [5]  03 00 00 00 00
 (1789561116.989691)  can0  201   [6]  02 00 00 00 00 00
 (1789561116.999696)  can0  201   [6]  02 00 00 00 00 00
 (1789561117.009692)  can0  201   [6]  02 00 00 00 00 00
 (1789561117.019695)  can0  201   [6]  02 00 00 00 00 00
 (1789561117.029692)  can0  201   [6]  02 00 00 00 00 00
 (1789561117.036973)  can0  181   [8]  60 14 60 14 00 00 00 00
 (1789561117.037164)  can0  281   [5]  03 00 00 00 00
 (1789561117.039691)  can0  201   [6]  02 00 00 00 00 00
 (1789561117.049696)  can0  201   [6]  02 00 00 00 00 00
 (1789561117.059701)  can0  201   [6]  02 00 00 00 00 00
 (1789561117.069705)  can0  201   [6]  02 00 00 00 00 00
 (1789561117.079743)  can0  201   [6]  02 00 00 00 00 00
 (1789561117.086986)  can0  181   [8]  60 14 60 14 00 00 00 00
 (1789561117.087174)  can0  281   [5]  03 00 00 00 00
 (1789561117.089771)  can0  201   [6]  02 00 00 00 00 00
 (1789561117.099815)  can0  201   [6]  02 00 00 00 00 00
 (1789561117.109761)  can0  201   [6]  02 00 00 00 00 00
 (1789561117.119815)  can0  201   [6]  02 00 00 00 00 00
 (1789561117.129752)  can0  201   [6]  02 00 00 00 00 00
 (1789561117.137006)  can0  181   [8]  60 14 60 14 00 00 00 00
 (1789561117.137186)  can0  281   [5]  03 00 00 00 00
 (1789561117.139804)  can0  201   [6]  02 00 00 00 00 00
 (1789561117.149759)  can0  201   [6]  02 00 00 00 00 00
 (1789561117.159796)  can0  201   [6]  02 00 00 00 00 00
 (1789561117.169609)  can0  701   [1]  05
 (1789561117.169810)  can0  201   [6]  02 00 00 00 00 00
 (1789561117.179763)  can0  201   [6]  02 00 00 00 00 00
 (1789561117.187009)  can0  181   [8]  60 14 60 14 00 00 00 00
 (1789561117.187196)  can0  281   [5]  03 00 00 00 00
 (1789561117.189776)  can0  201   [6]  02 00 00 00 00 00
 (1789561117.199746)  can0  201   [6]  02 00 00 00 00 00
 (1789561117.209745)  can0  201   [6]  02 00 00 00 00 00
 (1789561117.219727)  can0  201   [6]  02 00 00 00 00 00
 (1789561117.229733)  can0  201   [6]  02 00 00 00 00 00
 (1789561117.237015)  can0  181   [8]  60 14 60 14 00 00 00 00
 (1789561117.237205)  can0  281   [5]  03 00 00 00 00
 (1789561117.239694)  can0  201   [6]  02 00 00 00 00 00
 (1789561117.249691)  can0  201   [6]  02 00 00 00 00 00
 (1789561117.259696)  can0  201   [6]  02 00 00 00 00 00
 (1789561117.269692)  can0  201   [6]  02 00 00 00 00 00
 (1789561117.279698)  can0  201   [6]  02 00 00 00 00 00
 (1789561117.287026)  can0  181   [8]  60 14 60 14 00 00 00 00
 (1789561117.287215)  can0  281   [5]  03 00 00 00 00
 (1789561117.289693)  can0  201   [6]  02 00 00 00 00 00
 (1789561117.299696)  can0  201   [6]  02 00 00 00 00 00
 (1789561117.309692)  can0  201   [6]  02 00 00 00 00 00
 (1789561117.319692)  can0  201   [6]  02 00 00 00 00 00
 (1789561117.329697)  can0  201   [6]  02 00 00 00 00 00
 (1789561117.336989)  can0  181   [8]  60 14 60 14 00 00 00 00
 (1789561117.337168)  can0  281   [5]  03 00 00 00 00
 (1789561117.339750)  can0  201   [6]  02 00 00 00 00 00
 (1789561117.349707)  can0  201   [6]  02 00 00 00 00 00
 (1789561117.359691)  can0  201   [6]  02 00 00 00 00 00
 (1789561117.369696)  can0  201   [6]  02 00 00 00 00 00
 (1789561117.379697)  can0  201   [6]  06 00 00 00 00 00
 (1789561117.387042)  can0  181   [8]  21 14 21 14 00 00 00 00
 (1789561117.387233)  can0  281   [5]  03 00 00 00 00
 (1789561117.389697)  can0  201   [6]  07 00 00 00 00 00
 (1789561117.399699)  can0  201   [6]  07 00 00 00 00 00
 (1789561117.409695)  can0  201   [6]  07 00 00 00 00 00
 (1789561117.419146)  can0  701   [1]  05
 (1789561117.419512)  can0  201   [6]  07 00 00 00 00 00
 (1789561117.429693)  can0  201   [6]  07 00 00 00 00 00
 (1789561117.437043)  can0  181   [8]  23 14 23 14 00 00 00 00
 (1789561117.437236)  can0  281   [5]  03 00 00 00 00
 (1789561117.439702)  can0  201   [6]  0F 00 00 00 00 00
 (1789561117.449698)  can0  201   [6]  0F 00 00 00 00 00
 (1789561117.459711)  can0  201   [6]  0F 00 00 00 00 00
 (1789561117.469767)  can0  201   [6]  0F 00 00 00 00 00
 (1789561117.479731)  can0  201   [6]  0F 00 00 00 00 00
 (1789561117.486998)  can0  181   [8]  27 14 27 14 00 00 00 00
 (1789561117.487189)  can0  281   [5]  03 00 00 00 00
 (1789561117.489772)  can0  201   [6]  0F 00 00 00 00 00
 (1789561117.499763)  can0  201   [6]  0F 00 00 00 00 00
 (1789561117.509741)  can0  201   [6]  0F 00 00 00 00 00
 (1789561117.519815)  can0  201   [6]  0F 00 00 00 00 00
 (1789561117.529861)  can0  201   [6]  0F 00 00 00 00 00
 (1789561117.536942)  can0  181   [8]  27 14 27 14 00 00 00 00
 (1789561117.537134)  can0  281   [5]  03 00 00 00 00
 (1789561117.539786)  can0  201   [6]  0F 00 00 00 00 00
 (1789561117.549786)  can0  201   [6]  0F 00 00 00 00 00
 (1789561117.559759)  can0  201   [6]  0F 00 00 00 00 00
 (1789561117.569746)  can0  201   [6]  0F 00 00 00 00 00
 (1789561117.579802)  can0  201   [6]  0F 00 00 00 00 00
 (1789561117.586895)  can0  181   [8]  27 14 27 14 00 00 00 00
 (1789561117.587084)  can0  281   [5]  03 00 00 00 00
 (1789561117.589763)  can0  201   [6]  0F 00 00 00 00 00
 (1789561117.599744)  can0  201   [6]  0F 00 00 00 00 00
 (1789561117.609735)  can0  201   [6]  0F 00 00 00 00 00
 (1789561117.619744)  can0  201   [6]  0F 00 00 00 00 00
 (1789561117.629711)  can0  201   [6]  0F 00 00 00 00 00
 (1789561117.636835)  can0  181   [8]  27 14 27 14 00 00 00 00
 (1789561117.637024)  can0  281   [5]  03 00 00 00 00
 (1789561117.639699)  can0  201   [6]  0F 00 00 00 00 00
 (1789561117.649700)  can0  201   [6]  0F 00 00 00 00 00
 (1789561117.659696)  can0  201   [6]  0F 00 00 00 00 00
 (1789561117.668640)  can0  701   [1]  05
 (1789561117.669697)  can0  201   [6]  0F 00 00 00 00 00
 (1789561117.679700)  can0  201   [6]  0F 00 00 00 00 00
 (1789561117.686780)  can0  181   [8]  27 14 27 14 00 00 00 00
 (1789561117.686972)  can0  281   [5]  03 00 00 00 00
 (1789561117.689696)  can0  201   [6]  0F 00 00 00 00 00
 (1789561117.699700)  can0  201   [6]  0F 00 00 00 00 00
 (1789561117.709695)  can0  201   [6]  0F 00 00 00 00 00
 (1789561117.719699)  can0  201   [6]  0F 00 00 00 00 00
 (1789561117.729695)  can0  201   [6]  0F 00 00 00 00 00
 (1789561117.736734)  can0  181   [8]  27 14 27 14 00 00 00 00
 (1789561117.736921)  can0  281   [5]  03 00 00 00 00
 (1789561117.739744)  can0  201   [6]  0F 00 00 00 00 00
 (1789561117.749709)  can0  201   [6]  0F 00 00 00 00 00
 (1789561117.759695)  can0  201   [6]  0F 00 00 00 00 00
 (1789561117.769699)  can0  201   [6]  0F 00 00 00 00 00
 (1789561117.779694)  can0  201   [6]  0F 00 00 00 00 00
 (1789561117.786677)  can0  181   [8]  27 14 27 14 00 00 00 00
 (1789561117.786868)  can0  281   [5]  03 00 00 00 00
 (1789561117.789699)  can0  201   [6]  0F 00 00 00 00 00
 (1789561117.799695)  can0  201   [6]  0F 00 00 00 00 00
 (1789561117.809695)  can0  201   [6]  0F 00 00 00 00 00
 (1789561117.819698)  can0  201   [6]  0F 00 00 00 00 00
 (1789561117.829694)  can0  201   [6]  0F 00 00 00 00 00
 (1789561117.836622)  can0  181   [8]  27 14 27 14 00 00 00 00
 (1789561117.836815)  can0  281   [5]  03 00 00 00 00
 (1789561117.839701)  can0  201   [6]  0F 00 00 00 00 00
 (1789561117.849710)  can0  201   [6]  0F 00 00 00 00 00
 (1789561117.859732)  can0  201   [6]  0F 00 00 00 00 00
 (1789561117.869739)  can0  201   [6]  0F 00 00 00 00 00
 (1789561117.879764)  can0  201   [6]  0F 00 00 00 00 00
 (1789561117.886576)  can0  181   [8]  27 14 27 14 00 00 00 00
 (1789561117.886762)  can0  281   [5]  03 00 00 00 00
 (1789561117.889747)  can0  201   [6]  0F 00 00 00 00 00
 (1789561117.899758)  can0  201   [6]  0F 00 00 00 00 00
 (1789561117.909838)  can0  201   [6]  0F 00 00 00 00 00
 (1789561117.918194)  can0  701   [1]  05
 (1789561117.919751)  can0  201   [6]  0F 00 00 00 00 00
 (1789561117.929838)  can0  201   [6]  0F 00 00 00 00 00
 (1789561117.936522)  can0  181   [8]  27 14 27 14 00 00 00 00
 (1789561117.936713)  can0  281   [5]  03 00 00 00 00
 (1789561117.939765)  can0  201   [6]  0F 00 00 00 00 00
 (1789561117.949787)  can0  201   [6]  0F 00 00 00 00 00
 (1789561117.959745)  can0  201   [6]  0F 00 00 00 00 00
 (1789561117.969766)  can0  201   [6]  0F 00 00 00 00 00
 (1789561117.979783)  can0  201   [6]  0F 00 00 00 00 00
 (1789561117.986468)  can0  181   [8]  27 14 27 14 00 00 00 00
 (1789561117.986657)  can0  281   [5]  03 00 00 00 00
 (1789561117.989743)  can0  201   [6]  0F 00 00 00 00 00
 (1789561117.999742)  can0  201   [6]  0F 00 00 00 00 00
 (1789561118.009733)  can0  201   [6]  0F 00 00 00 00 00
 (1789561118.019721)  can0  201   [6]  0F 00 00 00 00 00
 (1789561118.029705)  can0  201   [6]  0F 00 00 00 00 00
 (1789561118.036415)  can0  181   [8]  27 14 27 14 00 00 00 00
 (1789561118.036605)  can0  281   [5]  03 00 00 00 00
 (1789561118.039697)  can0  201   [6]  0F 00 00 00 00 00
 (1789561118.049702)  can0  201   [6]  0F 00 00 00 00 00
 (1789561118.059694)  can0  201   [6]  0F 00 00 00 00 00
 (1789561118.069702)  can0  201   [6]  0F 00 00 00 00 00
 (1789561118.079694)  can0  201   [6]  0F 00 00 00 00 00
 (1789561118.086361)  can0  181   [8]  27 14 27 14 00 00 00 00
 (1789561118.086561)  can0  281   [5]  03 00 00 00 00
 (1789561118.089696)  can0  201   [6]  0F 00 00 00 00 00
 (1789561118.099702)  can0  201   [6]  0F 00 00 00 00 00
 (1789561118.109695)  can0  201   [6]  0F 00 00 00 00 00
 (1789561118.119700)  can0  201   [6]  0F 00 00 00 00 00
 (1789561118.129704)  can0  201   [6]  0F 00 00 00 00 00
 (1789561118.136311)  can0  181   [8]  27 14 27 14 00 00 00 00
 (1789561118.136507)  can0  281   [5]  03 00 00 00 00
 (1789561118.139713)  can0  201   [6]  0F 00 00 00 00 00
 (1789561118.149694)  can0  201   [6]  0F 00 00 00 00 00
 (1789561118.159697)  can0  201   [6]  0F 00 00 00 00 00
 (1789561118.167687)  can0  701   [1]  05
 (1789561118.169702)  can0  201   [6]  0F 00 00 00 00 00
 (1789561118.179695)  can0  201   [6]  0F 00 00 00 00 00
 (1789561118.186255)  can0  181   [8]  27 14 27 14 00 00 00 00
 (1789561118.186458)  can0  281   [5]  03 00 00 00 00
 (1789561118.189702)  can0  201   [6]  0F 00 00 00 00 00
 (1789561118.199695)  can0  201   [6]  0F 00 00 00 00 00
 (1789561118.209700)  can0  201   [6]  0F 00 00 00 00 00
 (1789561118.219697)  can0  201   [6]  0F 00 00 00 00 00
 (1789561118.229698)  can0  201   [6]  0F 00 00 00 00 00
 (1789561118.236203)  can0  181   [8]  27 14 27 14 00 00 00 00
 (1789561118.236404)  can0  281   [5]  03 00 00 00 00
 (1789561118.239712)  can0  201   [6]  0F 00 00 00 00 00
 (1789561118.249702)  can0  201   [6]  0F 00 00 00 00 00
 (1789561118.259761)  can0  201   [6]  0F 00 00 00 00 00
 (1789561118.269724)  can0  201   [6]  0F 00 00 00 00 00
 (1789561118.279776)  can0  201   [6]  0F 00 00 00 00 00
 (1789561118.286154)  can0  181   [8]  27 14 27 14 00 00 00 00
 (1789561118.286353)  can0  281   [5]  03 00 00 00 00
 (1789561118.289779)  can0  201   [6]  0F 00 00 00 00 00
 (1789561118.299724)  can0  201   [6]  0F 00 00 00 00 00
 (1789561118.309815)  can0  201   [6]  0F 00 00 00 00 00
 (1789561118.319848)  can0  201   [6]  0F 00 00 00 00 00
 (1789561118.329788)  can0  201   [6]  0F 00 00 00 00 00
 (1789561118.336101)  can0  181   [8]  27 14 27 14 00 00 00 00
 (1789561118.336304)  can0  281   [5]  03 00 00 00 00
 (1789561118.339776)  can0  201   [6]  0F 00 00 00 00 00
 (1789561118.349749)  can0  201   [6]  0F 00 00 00 00 00
 (1789561118.359737)  can0  201   [6]  0F 00 00 00 00 00
 (1789561118.369816)  can0  201   [6]  0F 00 00 00 00 00
 (1789561118.379773)  can0  201   [6]  0F 00 00 00 00 00
 (1789561118.386053)  can0  181   [8]  27 14 27 14 00 00 00 00
 (1789561118.386252)  can0  281   [5]  03 00 00 00 00
 (1789561118.389742)  can0  201   [6]  0F 00 00 00 00 00
 (1789561118.399738)  can0  201   [6]  0F 00 00 00 00 00
 (1789561118.409732)  can0  201   [6]  0F 00 00 00 00 00
 (1789561118.417229)  can0  701   [1]  05
 (1789561118.419708)  can0  201   [6]  0F 00 00 00 00 00
 (1789561118.429696)  can0  201   [6]  0F 00 00 00 00 00
 (1789561118.435996)  can0  181   [8]  27 14 27 14 00 00 00 00
 (1789561118.436195)  can0  281   [5]  03 00 00 00 00
 (1789561118.439696)  can0  201   [6]  0F 00 00 00 00 00
 (1789561118.449700)  can0  201   [6]  0F 00 00 00 00 00
 (1789561118.459696)  can0  201   [6]  0F 00 00 00 00 00
 (1789561118.469700)  can0  201   [6]  0F 00 00 00 00 00
 (1789561118.479696)  can0  201   [6]  0F 00 00 00 00 00
 (1789561118.485940)  can0  181   [8]  27 14 27 14 00 00 00 00
 (1789561118.486141)  can0  281   [5]  03 00 00 00 00
 (1789561118.489701)  can0  201   [6]  0F 00 00 00 00 00
 (1789561118.499695)  can0  201   [6]  0F 00 00 00 00 00
 (1789561118.509695)  can0  201   [6]  0F 00 00 00 00 00
 (1789561118.519824)  can0  201   [6]  0F 00 00 00 00 00
 (1789561118.529711)  can0  201   [6]  0F 00 00 00 00 00
 (1789561118.535889)  can0  181   [8]  27 14 27 14 00 00 00 00
 (1789561118.536089)  can0  281   [5]  03 00 00 00 00
 (1789561118.539705)  can0  201   [6]  0F 00 00 00 00 00
 (1789561118.549697)  can0  201   [6]  0F 00 00 00 00 00
 (1789561118.559699)  can0  201   [6]  0F 00 00 00 00 00
 (1789561118.569695)  can0  201   [6]  0F 00 00 00 00 00
 (1789561118.579696)  can0  201   [6]  0F 00 00 00 00 00
 (1789561118.585835)  can0  181   [8]  27 14 27 14 00 00 00 00
 (1789561118.586037)  can0  281   [5]  03 00 00 00 00
 (1789561118.589700)  can0  201   [6]  0F 00 00 00 00 00
 (1789561118.599694)  can0  201   [6]  0F 00 00 00 00 00
 (1789561118.609699)  can0  201   [6]  0F 00 00 00 00 00
 (1789561118.619694)  can0  201   [6]  0F 00 00 00 00 00
 (1789561118.629699)  can0  201   [6]  0F 00 00 00 00 00
 (1789561118.635783)  can0  181   [8]  27 14 27 14 00 00 00 00
 (1789561118.635987)  can0  281   [5]  03 00 00 00 00
 (1789561118.639708)  can0  201   [6]  0F 00 00 00 00 00
 (1789561118.649737)  can0  201   [6]  0F 00 00 00 00 00
 (1789561118.659740)  can0  201   [6]  0F 00 00 00 00 00
 (1789561118.666786)  can0  701   [1]  05
 (1789561118.669756)  can0  201   [6]  0F 00 00 00 00 00
 (1789561118.679752)  can0  201   [6]  0F 00 00 00 00 00
 (1789561118.685732)  can0  181   [8]  27 14 27 14 00 00 00 00
 (1789561118.685932)  can0  281   [5]  03 00 00 00 00
 (1789561118.689743)  can0  201   [6]  0F 00 00 00 00 00
 (1789561118.699836)  can0  201   [6]  0F 00 00 00 00 00
 (1789561118.709769)  can0  201   [6]  0F 00 00 00 00 00
 (1789561118.719835)  can0  201   [6]  0F 00 00 00 00 00
 (1789561118.729817)  can0  201   [6]  0F 00 00 00 00 00
 (1789561118.735688)  can0  181   [8]  27 14 27 14 00 00 00 00
 (1789561118.735885)  can0  281   [5]  03 00 00 00 00
 (1789561118.739935)  can0  201   [6]  0F 00 00 00 00 00
 (1789561118.749758)  can0  201   [6]  0F 00 00 00 00 00
 (1789561118.759803)  can0  201   [6]  0F 00 00 00 00 00
 (1789561118.769771)  can0  201   [6]  0F 00 00 00 00 00
 (1789561118.779742)  can0  201   [6]  0F 00 00 00 00 00
 (1789561118.785628)  can0  181   [8]  27 14 27 14 00 00 00 00
 (1789561118.785827)  can0  281   [5]  03 00 00 00 00
 (1789561118.789729)  can0  201   [6]  0F 00 00 00 00 00
 (1789561118.799725)  can0  201   [6]  0F 00 00 00 00 00
 (1789561118.809715)  can0  201   [6]  0F 00 00 00 00 00
 (1789561118.819703)  can0  201   [6]  0F 00 00 00 00 00
 (1789561118.829697)  can0  201   [6]  0F 00 00 00 00 00
 (1789561118.835576)  can0  181   [8]  27 14 27 14 00 00 00 00
 (1789561118.835776)  can0  281   [5]  03 00 00 00 00
 (1789561118.839923)  can0  201   [6]  0F 00 00 00 00 00
 (1789561118.849695)  can0  201   [6]  0F 00 00 00 00 00
 (1789561118.859694)  can0  201   [6]  0F 00 00 00 00 00
 (1789561118.869700)  can0  201   [6]  0F 00 00 00 00 00
 (1789561118.879695)  can0  201   [6]  0F 00 00 00 00 00
 (1789561118.885522)  can0  181   [8]  27 14 27 14 00 00 00 00
 (1789561118.885722)  can0  281   [5]  03 00 00 00 00
 (1789561118.889700)  can0  201   [6]  0F 00 00 00 00 00
 (1789561118.899695)  can0  201   [6]  0F 00 00 00 00 00
 (1789561118.909698)  can0  201   [6]  0F 00 00 00 00 00
 (1789561118.916273)  can0  701   [1]  05
 (1789561118.919683)  can0  201   [6]  0F 00 00 00 00 00
 (1789561118.929709)  can0  201   [6]  0F 00 00 00 00 00
 (1789561118.935467)  can0  181   [8]  27 14 27 14 00 00 00 00
 (1789561118.935615)  can0  281   [5]  03 00 00 00 00
 (1789561118.939700)  can0  201   [6]  0F 00 00 00 00 00
 (1789561118.949694)  can0  201   [6]  0F 00 00 00 00 00
 (1789561118.959701)  can0  201   [6]  0F 00 00 00 00 00
 (1789561118.969696)  can0  201   [6]  0F 00 00 00 00 00
 (1789561118.979700)  can0  201   [6]  0F 00 00 00 00 00
 (1789561118.985413)  can0  181   [8]  27 14 27 14 00 00 00 00
 (1789561118.985681)  can0  281   [5]  03 00 00 00 00
 (1789561118.989696)  can0  201   [6]  0F 00 00 00 00 00
 (1789561118.999697)  can0  201   [6]  0F 00 00 00 00 00
 (1789561119.009704)  can0  201   [6]  0F 00 00 00 00 00
 (1789561119.019694)  can0  201   [6]  0F 00 00 00 00 00
 (1789561119.029708)  can0  201   [6]  0F 00 00 00 00 00
 (1789561119.035364)  can0  181   [8]  27 14 27 14 00 00 00 00
 (1789561119.035626)  can0  281   [5]  03 00 00 00 00
 (1789561119.039699)  can0  201   [6]  0F 00 00 00 00 00
 (1789561119.049769)  can0  201   [6]  0F 00 00 00 00 00
 (1789561119.059733)  can0  201   [6]  0F 00 00 00 00 00
 (1789561119.069726)  can0  201   [6]  0F 00 00 00 00 00
 (1789561119.079733)  can0  201   [6]  0F 00 00 00 00 00
 (1789561119.085315)  can0  181   [8]  27 14 27 14 00 00 00 00
 (1789561119.085576)  can0  281   [5]  03 00 00 00 00
 (1789561119.089720)  can0  201   [6]  0F 00 00 00 00 00
 (1789561119.099704)  can0  201   [6]  0F 00 00 00 00 00
 (1789561119.109696)  can0  201   [6]  0F 00 00 00 00 00
 (1789561119.119703)  can0  201   [6]  0F 00 00 00 00 00
 (1789561119.129695)  can0  201   [6]  0F 00 00 00 00 00
 (1789561119.135259)  can0  181   [8]  27 14 27 14 00 00 00 00
 (1789561119.135465)  can0  281   [5]  03 00 00 00 00
 (1789561119.139695)  can0  201   [6]  0F 00 00 00 00 00
 (1789561119.149699)  can0  201   [6]  0F 00 00 00 00 00
 (1789561119.159696)  can0  201   [6]  0F 00 00 00 00 00
 (1789561119.165816)  can0  701   [1]  05
 (1789561119.169702)  can0  201   [6]  0F 00 00 00 00 00
 (1789561119.179696)  can0  201   [6]  0F 00 00 00 00 00
 (1789561119.185208)  can0  181   [8]  27 14 27 14 00 00 00 00
 (1789561119.185470)  can0  281   [5]  03 00 00 00 00
 (1789561119.189702)  can0  201   [6]  0F 00 00 00 00 00
 (1789561119.199763)  can0  201   [6]  0F 00 00 00 00 00
 (1789561119.209703)  can0  201   [6]  0F 00 00 00 00 00
 (1789561119.219702)  can0  201   [6]  0F 00 00 00 00 00
 (1789561119.229697)  can0  201   [6]  0F 00 00 00 00 00
 (1789561119.235153)  can0  181   [8]  27 14 27 14 00 00 00 00
 (1789561119.235415)  can0  281   [5]  03 00 00 00 00
 (1789561119.239702)  can0  201   [6]  0F 00 00 00 00 00
 (1789561119.249703)  can0  201   [6]  0F 00 00 00 00 00
 (1789561119.259700)  can0  201   [6]  0F 00 00 00 00 00
 (1789561119.269696)  can0  201   [6]  0F 00 00 00 00 00
 (1789561119.279695)  can0  201   [6]  0F 00 00 00 00 00
 (1789561119.285100)  can0  181   [8]  27 14 27 14 00 00 00 00
 (1789561119.285363)  can0  281   [5]  03 00 00 00 00
 (1789561119.289702)  can0  201   [6]  0F 00 00 00 00 00
 (1789561119.299696)  can0  201   [6]  0F 00 00 00 00 00
 (1789561119.309709)  can0  201   [6]  0F 00 00 00 00 00
 (1789561119.319701)  can0  201   [6]  0F 00 00 00 00 00
 (1789561119.329762)  can0  201   [6]  0F 00 00 00 00 00
 (1789561119.335051)  can0  181   [8]  27 14 27 14 00 00 00 00
 (1789561119.335254)  can0  281   [5]  03 00 00 00 00
 (1789561119.339725)  can0  201   [6]  0F 00 00 00 00 00
 (1789561119.349780)  can0  201   [6]  0F 00 00 00 00 00
 (1789561119.359781)  can0  201   [6]  0F 00 00 00 00 00
 (1789561119.369728)  can0  201   [6]  0F 00 00 00 00 00
 (1789561119.379803)  can0  201   [6]  0F 00 00 00 00 00
 (1789561119.384998)  can0  181   [8]  27 14 27 14 00 00 00 00
 (1789561119.385260)  can0  281   [5]  03 00 00 00 00
 (1789561119.389829)  can0  201   [6]  0F 00 00 00 00 00
 (1789561119.399792)  can0  201   [6]  0F 00 00 00 00 00
 (1789561119.409798)  can0  201   [6]  0F 00 00 00 00 00
 (1789561119.415371)  can0  701   [1]  05
 (1789561119.419749)  can0  201   [6]  0F 00 00 00 00 00
 (1789561119.429732)  can0  201   [6]  0F 00 00 00 00 00
 (1789561119.434951)  can0  181   [8]  27 14 27 14 00 00 00 00
 (1789561119.435208)  can0  281   [5]  03 00 00 00 00
 (1789561119.439797)  can0  201   [6]  0F 00 00 00 00 00
 (1789561119.449762)  can0  201   [6]  0F 00 00 00 00 00
 (1789561119.459750)  can0  201   [6]  0F 00 00 00 00 00
 (1789561119.469730)  can0  201   [6]  0F 00 00 00 00 00
 (1789561119.479732)  can0  201   [6]  0F 00 00 00 00 00
 (1789561119.484893)  can0  181   [8]  27 14 27 14 00 00 00 00
 (1789561119.485097)  can0  281   [5]  03 00 00 00 00
 (1789561119.489702)  can0  201   [6]  0F 00 00 00 00 00
 (1789561119.499705)  can0  201   [6]  0F 00 00 00 00 00
 (1789561119.509697)  can0  201   [6]  0F 00 00 00 00 00
 (1789561119.519701)  can0  201   [6]  0F 00 00 00 00 00
 (1789561119.529697)  can0  201   [6]  0F 00 00 00 00 00
 (1789561119.534837)  can0  181   [8]  27 14 27 14 00 00 00 00
 (1789561119.535045)  can0  281   [5]  03 00 00 00 00
 (1789561119.539700)  can0  201   [6]  0F 00 00 00 00 00
 (1789561119.549696)  can0  201   [6]  0F 00 00 00 00 00
 (1789561119.559696)  can0  201   [6]  0F 00 00 00 00 00
 (1789561119.569701)  can0  201   [6]  0F 00 00 00 00 00
 (1789561119.579694)  can0  201   [6]  0F 00 00 00 00 00
 (1789561119.584786)  can0  181   [8]  27 14 27 14 00 00 00 00
 (1789561119.585048)  can0  281   [5]  03 00 00 00 00
 (1789561119.589794)  can0  201   [6]  0F 00 00 00 00 00
 (1789561119.599711)  can0  201   [6]  0F 00 00 00 00 00
 (1789561119.609701)  can0  201   [6]  0F 00 00 00 00 00
 (1789561119.619697)  can0  201   [6]  0F 00 00 00 00 00
 (1789561119.629695)  can0  201   [6]  0F 00 00 00 00 00
 (1789561119.634735)  can0  181   [8]  27 14 27 14 00 00 00 00
 (1789561119.634996)  can0  281   [5]  03 00 00 00 00
 (1789561119.639701)  can0  201   [6]  0F 00 00 00 00 00
 (1789561119.649694)  can0  201   [6]  0F 00 00 00 00 00
 (1789561119.659707)  can0  201   [6]  0F 00 00 00 00 00
 (1789561119.664863)  can0  701   [1]  05
 (1789561119.669697)  can0  201   [6]  0F 00 00 00 00 00
 (1789561119.679700)  can0  201   [6]  0F 00 00 00 00 00
 (1789561119.684681)  can0  181   [8]  27 14 27 14 00 00 00 00
 (1789561119.684887)  can0  281   [5]  03 00 00 00 00
 (1789561119.689694)  can0  201   [6]  0F 00 00 00 00 00
 (1789561119.699696)  can0  201   [6]  0F 00 00 00 00 00
 (1789561119.709712)  can0  201   [6]  0F 00 00 00 00 00
 (1789561119.719735)  can0  201   [6]  0F 00 00 00 00 00
 (1789561119.729741)  can0  201   [6]  0F 00 00 00 00 00
 (1789561119.734637)  can0  181   [8]  27 14 27 14 00 00 00 00
 (1789561119.734890)  can0  281   [5]  03 00 00 00 00
 (1789561119.739764)  can0  201   [6]  0F 00 00 00 00 00
 (1789561119.749751)  can0  201   [6]  0F 00 00 00 00 00
 (1789561119.759754)  can0  201   [6]  0F 00 00 00 00 00
 (1789561119.769839)  can0  201   [6]  0F 00 00 00 00 00
 (1789561119.779769)  can0  201   [6]  0F 00 00 00 00 00
 (1789561119.784579)  can0  181   [8]  27 14 27 14 00 00 00 00
 (1789561119.784839)  can0  281   [5]  03 00 00 00 00
 (1789561119.789806)  can0  201   [6]  0F 00 00 00 00 00
 (1789561119.799806)  can0  201   [6]  0F 00 00 00 00 00
 (1789561119.809773)  can0  201   [6]  0F 00 00 00 00 00
 (1789561119.819759)  can0  201   [6]  0F 00 00 00 00 00
 (1789561119.829785)  can0  201   [6]  0F 00 00 00 00 00
 (1789561119.834526)  can0  181   [8]  27 14 27 14 00 00 00 00
 (1789561119.834789)  can0  281   [5]  03 00 00 00 00
 (1789561119.839763)  can0  201   [6]  0F 00 00 00 00 00
 (1789561119.849744)  can0  201   [6]  0F 00 00 00 00 00
 (1789561119.859733)  can0  201   [6]  0F 00 00 00 00 00
 (1789561119.869726)  can0  201   [6]  0F 00 00 00 00 00
 (1789561119.879714)  can0  201   [6]  0F 00 00 00 00 00
 (1789561119.884471)  can0  181   [8]  27 14 27 14 00 00 00 00
 (1789561119.884677)  can0  281   [5]  03 00 00 00 00
 (1789561119.889703)  can0  201   [6]  0F 00 00 00 00 00
 (1789561119.899697)  can0  201   [6]  0F 00 00 00 00 00
 (1789561119.909695)  can0  201   [6]  0F 00 00 00 00 00
 (1789561119.914405)  can0  701   [1]  05
 (1789561119.919701)  can0  201   [6]  0F 00 00 00 00 00
 (1789561119.929697)  can0  201   [6]  0F 00 00 00 00 00
 (1789561119.934418)  can0  181   [8]  27 14 27 14 00 00 00 00
 (1789561119.934683)  can0  281   [5]  03 00 00 00 00
 (1789561119.939701)  can0  201   [6]  0F 00 00 00 00 00
 (1789561119.949696)  can0  201   [6]  0F 00 00 00 00 00
 (1789561119.959699)  can0  201   [6]  0F 00 00 00 00 00
 (1789561119.969695)  can0  201   [6]  0F 00 00 00 00 00
 (1789561119.979694)  can0  201   [6]  0F 00 00 00 00 00
 (1789561119.984325)  can0  181   [8]  27 14 27 14 00 00 00 00
 (1789561119.984633)  can0  281   [5]  03 00 00 00 00
 (1789561119.989750)  can0  201   [6]  0F 00 00 00 00 00
 (1789561119.999701)  can0  201   [6]  0F 00 00 00 00 00
 (1789561120.009701)  can0  201   [6]  0F 00 00 00 00 00
 (1789561120.019696)  can0  201   [6]  0F 00 00 00 00 00
 (1789561120.029701)  can0  201   [6]  0F 00 00 00 00 00
 (1789561120.034314)  can0  181   [8]  27 14 27 14 00 00 00 00
 (1789561120.034577)  can0  281   [5]  03 00 00 00 00
 (1789561120.039696)  can0  201   [6]  0F 00 00 00 00 00
 (1789561120.049696)  can0  201   [6]  0F 00 00 00 00 00
 (1789561120.059701)  can0  201   [6]  0F 00 00 00 00 00
 (1789561120.069646)  can0  201   [6]  0F 00 00 00 00 00
 (1789561120.079698)  can0  201   [6]  0F 00 00 00 00 00
 (1789561120.084260)  can0  181   [8]  27 14 27 14 00 00 00 00
 (1789561120.084525)  can0  281   [5]  03 00 00 00 00
 (1789561120.089697)  can0  201   [6]  0F 00 00 00 00 00
 (1789561120.099713)  can0  201   [6]  0F 00 00 00 00 00
 (1789561120.109703)  can0  201   [6]  0F 00 00 00 00 00
 (1789561120.119760)  can0  201   [6]  0F 00 00 00 00 00
 (1789561120.129742)  can0  201   [6]  0F 00 00 00 00 00
 (1789561120.134211)  can0  181   [8]  27 14 27 14 00 00 00 00
 (1789561120.134471)  can0  281   [5]  03 00 00 00 00
 (1789561120.139757)  can0  201   [6]  0F 00 00 00 00 00
 (1789561120.149775)  can0  201   [6]  0F 00 00 00 00 00
 (1789561120.159762)  can0  201   [6]  0F 00 00 00 00 00
 (1789561120.163960)  can0  701   [1]  05
 (1789561120.169771)  can0  201   [6]  0F 00 00 00 00 00
 (1789561120.179853)  can0  201   [6]  0F 00 00 00 00 00
 (1789561120.184159)  can0  181   [8]  27 14 27 14 00 00 00 00
 (1789561120.184417)  can0  281   [5]  03 00 00 00 00
 (1789561120.189770)  can0  201   [6]  0F 00 00 00 00 00
 (1789561120.199794)  can0  201   [6]  0F 00 00 00 00 00
 (1789561120.209728)  can0  201   [6]  0F 00 00 00 00 00
 (1789561120.219721)  can0  201   [6]  0F 00 00 00 00 00
 (1789561120.229813)  can0  201   [6]  0F 00 00 00 00 00
 (1789561120.234105)  can0  181   [8]  27 14 27 14 00 00 00 00
 (1789561120.234309)  can0  281   [5]  03 00 00 00 00
 (1789561120.239767)  can0  201   [6]  0F 00 00 00 00 00
 (1789561120.249746)  can0  201   [6]  0F 00 00 00 00 00
 (1789561120.259730)  can0  201   [6]  0F 00 00 00 00 00
 (1789561120.269736)  can0  201   [6]  0F 00 00 00 00 00
 (1789561120.279700)  can0  201   [6]  0F 00 00 00 00 00
 (1789561120.284051)  can0  181   [8]  27 14 27 14 00 00 00 00
 (1789561120.284315)  can0  281   [5]  03 00 00 00 00
 (1789561120.289701)  can0  201   [6]  0F 00 00 00 00 00
 (1789561120.299696)  can0  201   [6]  0F 00 00 00 00 00
 (1789561120.309699)  can0  201   [6]  0F 00 00 00 00 00
 (1789561120.319696)  can0  201   [6]  0F 00 00 00 00 00
 (1789561120.329696)  can0  201   [6]  0F 00 00 00 00 00
 (1789561120.333996)  can0  181   [8]  27 14 27 14 00 00 00 00
 (1789561120.334261)  can0  281   [5]  03 00 00 00 00
 (1789561120.339700)  can0  201   [6]  0F 00 00 00 00 00
 (1789561120.349694)  can0  201   [6]  0F 00 00 00 00 00
 (1789561120.359700)  can0  201   [6]  0F 00 00 00 00 00
 (1789561120.369697)  can0  201   [6]  0F 00 00 00 00 00
 (1789561120.379771)  can0  201   [6]  0F 00 00 00 00 00
 (1789561120.383947)  can0  181   [8]  27 14 27 14 00 00 00 00
 (1789561120.384208)  can0  281   [5]  03 00 00 00 00
 (1789561120.389707)  can0  201   [6]  0F 00 00 00 00 00
 (1789561120.399695)  can0  201   [6]  0F 00 00 00 00 00
 (1789561120.409701)  can0  201   [6]  0F 00 00 00 00 00
 (1789561120.413450)  can0  701   [1]  05
 (1789561120.419694)  can0  201   [6]  0F 00 00 00 00 00
 (1789561120.429701)  can0  201   [6]  0F 00 00 00 00 00
 (1789561120.433892)  can0  181   [8]  27 14 27 14 00 00 00 00
 (1789561120.434155)  can0  281   [5]  03 00 00 00 00
 (1789561120.439695)  can0  201   [6]  0F 00 00 00 00 00
 (1789561120.449700)  can0  201   [6]  0F 00 00 00 00 00
 (1789561120.459695)  can0  201   [6]  0F 00 00 00 00 00
 (1789561120.469695)  can0  201   [6]  0F 00 00 00 00 00
 (1789561120.479699)  can0  201   [6]  0F 00 00 00 00 00
 (1789561120.483838)  can0  181   [8]  27 14 27 14 00 00 00 00
 (1789561120.484104)  can0  281   [5]  03 00 00 00 00
 (1789561120.489693)  can0  201   [6]  0F 00 00 00 00 00
 (1789561120.499713)  can0  201   [6]  0F 00 00 00 00 00
 (1789561120.509758)  can0  201   [6]  0F 00 00 00 00 00
 (1789561120.519735)  can0  201   [6]  0F 00 00 00 00 00
 (1789561120.529762)  can0  201   [6]  0F 00 00 00 00 00
 (1789561120.533789)  can0  181   [8]  27 14 27 14 00 00 00 00
 (1789561120.534050)  can0  281   [5]  03 00 00 00 00
 (1789561120.539742)  can0  201   [6]  0F 00 00 00 00 00
 (1789561120.549746)  can0  201   [6]  0F 00 00 00 00 00
 (1789561120.559819)  can0  201   [6]  0F 00 00 00 00 00
 (1789561120.569804)  can0  201   [6]  0F 00 00 00 00 00
 (1789561120.579816)  can0  201   [6]  0F 00 00 00 00 00
 (1789561120.583736)  can0  181   [8]  27 14 27 14 00 00 00 00
 (1789561120.583997)  can0  281   [5]  03 00 00 00 00
 (1789561120.589799)  can0  201   [6]  0F 00 00 00 00 00
 (1789561120.599768)  can0  201   [6]  0F 00 00 00 00 00
 (1789561120.609757)  can0  201   [6]  0F 00 00 00 00 00
 (1789561120.619796)  can0  201   [6]  0F 00 00 00 00 00
 (1789561120.629711)  can0  201   [6]  0F 00 00 00 00 00
 (1789561120.633686)  can0  181   [8]  27 14 27 14 00 00 00 00
 (1789561120.633946)  can0  281   [5]  03 00 00 00 00
 (1789561120.639753)  can0  201   [6]  0F 00 00 00 00 00
 (1789561120.649734)  can0  201   [6]  0F 00 00 00 00 00
 (1789561120.659807)  can0  201   [6]  0F 00 00 00 00 00
 (1789561120.662997)  can0  701   [1]  05
 (1789561120.669706)  can0  201   [6]  0F 00 00 00 00 00
 (1789561120.679696)  can0  201   [6]  0F 00 00 00 00 00
 (1789561120.683631)  can0  181   [8]  27 14 27 14 00 00 00 00
 (1789561120.683892)  can0  281   [5]  03 00 00 00 00
 (1789561120.689702)  can0  201   [6]  0F 00 00 00 00 00
 (1789561120.699698)  can0  201   [6]  0F 00 00 00 00 00
 (1789561120.709702)  can0  201   [6]  0F 00 00 00 00 00
 (1789561120.719697)  can0  201   [6]  0F 00 00 00 00 00
 (1789561120.729701)  can0  201   [6]  0F 00 00 00 00 00
 (1789561120.733578)  can0  181   [8]  27 14 27 14 00 00 00 00
 (1789561120.733840)  can0  281   [5]  03 00 00 00 00
 (1789561120.739695)  can0  201   [6]  0F 00 00 00 00 00
 (1789561120.749696)  can0  201   [6]  0F 00 00 00 00 00
 (1789561120.759700)  can0  201   [6]  0F 00 00 00 00 00
 (1789561120.769696)  can0  201   [6]  0F 00 00 00 00 00
 (1789561120.779769)  can0  201   [6]  0F 00 00 00 00 00
 (1789561120.783526)  can0  181   [8]  27 14 27 14 00 00 00 00
 (1789561120.783793)  can0  281   [5]  03 00 00 00 00
 (1789561120.789703)  can0  201   [6]  0F 00 00 00 00 00
 (1789561120.799702)  can0  201   [6]  0F 00 00 00 00 00
 (1789561120.809694)  can0  201   [6]  0F 00 00 00 00 00
 (1789561120.819697)  can0  201   [6]  0F 00 00 00 00 00
 (1789561120.829700)  can0  201   [6]  0F 00 00 00 00 00
 (1789561120.833474)  can0  181   [8]  27 14 27 14 00 00 00 00
 (1789561120.833798)  can0  281   [5]  03 00 00 00 00
 (1789561120.839697)  can0  201   [6]  0F 00 00 00 00 00
 (1789561120.849699)  can0  201   [6]  0F 00 00 00 00 00
 (1789561120.859696)  can0  201   [6]  0F 00 00 00 00 00
 (1789561120.869699)  can0  201   [6]  0F 00 00 00 00 00
 (1789561120.879696)  can0  201   [6]  0F 00 00 00 00 00
 (1789561120.883420)  can0  181   [8]  27 14 27 14 00 00 00 00
 (1789561120.883745)  can0  281   [5]  03 00 00 00 00
 (1789561120.889708)  can0  201   [6]  0F 00 00 00 00 00
 (1789561120.899718)  can0  201   [6]  0F 00 00 00 00 00
 (1789561120.909756)  can0  201   [6]  0F 00 00 00 00 00
 (1789561120.912547)  can0  701   [1]  05
 (1789561120.919770)  can0  201   [6]  0F 00 00 00 00 00
 (1789561120.929762)  can0  201   [6]  0F 00 00 00 00 00
 (1789561120.933369)  can0  181   [8]  27 14 27 14 00 00 00 00
 (1789561120.933692)  can0  281   [5]  03 00 00 00 00
 (1789561120.939773)  can0  201   [6]  0F 00 00 00 00 00
 (1789561120.949827)  can0  201   [6]  0F 00 00 00 00 00
 (1789561120.959748)  can0  201   [6]  0F 00 00 00 00 00
 (1789561120.969833)  can0  201   [6]  0F 00 00 00 00 00
 (1789561120.979776)  can0  201   [6]  0F 00 00 00 00 00
 (1789561120.983320)  can0  181   [8]  27 14 27 14 00 00 00 00
 (1789561120.983639)  can0  281   [5]  03 00 00 00 00
 (1789561120.989791)  can0  201   [6]  0F 00 00 00 00 00
 (1789561120.999744)  can0  201   [6]  0F 00 00 00 00 00
 (1789561121.009757)  can0  201   [6]  0F 00 00 00 00 00
 (1789561121.019783)  can0  201   [6]  0F 00 00 00 00 00
 (1789561121.029750)  can0  201   [6]  0F 00 00 00 00 00
 (1789561121.033272)  can0  181   [8]  27 14 27 14 00 00 00 00
 (1789561121.033588)  can0  281   [5]  03 00 00 00 00
 (1789561121.039744)  can0  201   [6]  0F 00 00 00 00 00
 (1789561121.049735)  can0  201   [6]  0F 00 00 00 00 00
 (1789561121.059730)  can0  201   [6]  0F 00 00 00 00 00
 (1789561121.069698)  can0  201   [6]  0F 00 00 00 00 00
 (1789561121.079704)  can0  201   [6]  0F 00 00 00 00 00
 (1789561121.083210)  can0  181   [8]  27 14 27 14 00 00 00 00
 (1789561121.083536)  can0  281   [5]  03 00 00 00 00
 (1789561121.089696)  can0  201   [6]  0F 00 00 00 00 00
 (1789561121.099696)  can0  201   [6]  0F 00 00 00 00 00
 (1789561121.109701)  can0  201   [6]  0F 00 00 00 00 00
 (1789561121.119695)  can0  201   [6]  0F 00 00 00 00 00
 (1789561121.129702)  can0  201   [6]  0F 00 00 00 00 00
 (1789561121.133158)  can0  181   [8]  27 14 27 14 00 00 00 00
 (1789561121.133484)  can0  281   [5]  03 00 00 00 00
 (1789561121.139695)  can0  201   [6]  0F 00 00 00 00 00
 (1789561121.149698)  can0  201   [6]  0F 00 00 00 00 00
 (1789561121.159695)  can0  201   [6]  0F 00 00 00 00 00
 (1789561121.162036)  can0  701   [1]  05
 (1789561121.169769)  can0  201   [6]  0F 00 00 00 00 00
 (1789561121.179711)  can0  201   [6]  0F 00 00 00 00 00
 (1789561121.183107)  can0  181   [8]  27 14 27 14 00 00 00 00
 (1789561121.183430)  can0  281   [5]  03 00 00 00 00
 (1789561121.189697)  can0  201   [6]  0F 00 00 00 00 00
 (1789561121.199698)  can0  201   [6]  0F 00 00 00 00 00
 (1789561121.209695)  can0  201   [6]  0F 00 00 00 00 00
 (1789561121.219702)  can0  201   [6]  0F 00 00 00 00 00
 (1789561121.229694)  can0  201   [6]  0F 00 00 00 00 00
 (1789561121.233053)  can0  181   [8]  27 14 27 14 00 00 00 00
 (1789561121.233377)  can0  281   [5]  03 00 00 00 00
 (1789561121.239694)  can0  201   [6]  0F 00 00 00 00 00
 (1789561121.249699)  can0  201   [6]  0F 00 00 00 00 00
 (1789561121.259694)  can0  201   [6]  0F 00 00 00 00 00
 (1789561121.269729)  can0  201   [6]  0F 00 00 00 00 00
 (1789561121.279710)  can0  201   [6]  0F 00 00 00 00 00
 (1789561121.283001)  can0  181   [8]  27 14 27 14 00 00 00 00
 (1789561121.283323)  can0  281   [5]  03 00 00 00 00
 (1789561121.289709)  can0  201   [6]  0F 00 00 00 00 00
 (1789561121.299755)  can0  201   [6]  0F 00 00 00 00 00
 (1789561121.309730)  can0  201   [6]  0F 00 00 00 00 00
 (1789561121.319779)  can0  201   [6]  0F 00 00 00 00 00
 (1789561121.329769)  can0  201   [6]  0F 00 00 00 00 00
 (1789561121.332952)  can0  181   [8]  27 14 27 14 00 00 00 00
 (1789561121.333274)  can0  281   [5]  03 00 00 00 00
 (1789561121.339737)  can0  201   [6]  0F 00 00 00 00 00
 (1789561121.349818)  can0  201   [6]  0F 00 00 00 00 00
 (1789561121.359838)  can0  201   [6]  0F 00 00 00 00 00
 (1789561121.369779)  can0  201   [6]  0F 00 00 00 00 00
 (1789561121.379780)  can0  201   [6]  0F 00 00 00 00 00
 (1789561121.382899)  can0  181   [8]  27 14 27 14 00 00 00 00
 (1789561121.383226)  can0  281   [5]  03 00 00 00 00
 (1789561121.389755)  can0  201   [6]  0F 00 00 00 00 00
 (1789561121.399975)  can0  201   [6]  0F 00 00 00 00 00
 (1789561121.409804)  can0  201   [6]  0F 00 00 00 00 00
 (1789561121.411589)  can0  701   [1]  05
 (1789561121.419763)  can0  201   [6]  0F 00 00 00 00 00
 (1789561121.429753)  can0  201   [6]  0F 00 00 00 00 00
 (1789561121.432843)  can0  181   [8]  27 14 27 14 00 00 00 00
 (1789561121.433168)  can0  281   [5]  03 00 00 00 00
 (1789561121.439732)  can0  201   [6]  0F 00 00 00 00 00
 (1789561121.449735)  can0  201   [6]  0F 00 00 00 00 00
 (1789561121.459708)  can0  201   [6]  0F 00 00 00 00 00
 (1789561121.469696)  can0  201   [6]  0F 00 00 00 00 00
 (1789561121.479703)  can0  201   [6]  0F 00 00 00 00 00
 (1789561121.482792)  can0  181   [8]  27 14 27 14 00 00 00 00
 (1789561121.483115)  can0  281   [5]  03 00 00 00 00
 (1789561121.489697)  can0  201   [6]  0F 00 00 00 00 00
 (1789561121.499702)  can0  201   [6]  0F 00 00 00 00 00
 (1789561121.509695)  can0  201   [6]  0F 00 00 00 00 00
 (1789561121.519697)  can0  201   [6]  0F 00 00 00 00 00
 (1789561121.529701)  can0  201   [6]  0F 00 00 00 00 00
 (1789561121.532739)  can0  181   [8]  27 14 27 14 00 00 00 00
 (1789561121.533064)  can0  281   [5]  03 00 00 00 00
 (1789561121.539696)  can0  201   [6]  0F 00 00 00 00 00
 (1789561121.549700)  can0  201   [6]  0F 00 00 00 00 00
 (1789561121.559696)  can0  201   [6]  0F 00 00 00 00 00
 (1789561121.569749)  can0  201   [6]  0F 00 00 00 00 00
 (1789561121.579702)  can0  201   [6]  0F 00 00 00 00 00
 (1789561121.582686)  can0  181   [8]  27 14 27 14 00 00 00 00
 (1789561121.583007)  can0  281   [5]  03 00 00 00 00
 (1789561121.589696)  can0  201   [6]  0F 00 00 00 00 00
 (1789561121.599700)  can0  201   [6]  0F 00 00 00 00 00
 (1789561121.609694)  can0  201   [6]  0F 00 00 00 00 00
 (1789561121.619701)  can0  201   [6]  0F 00 00 00 00 00
 (1789561121.629640)  can0  201   [6]  0F 00 00 00 00 00
 (1789561121.632631)  can0  181   [8]  27 14 27 14 00 00 00 00
 (1789561121.632960)  can0  281   [5]  03 00 00 00 00
 (1789561121.639701)  can0  201   [6]  0F 00 00 00 00 00
 (1789561121.649697)  can0  201   [6]  0F 00 00 00 00 00
 (1789561121.659697)  can0  201   [6]  0F 00 00 00 00 00
 (1789561121.661134)  can0  701   [1]  05
 (1789561121.669699)  can0  201   [6]  0F 00 00 00 00 00
 (1789561121.679708)  can0  201   [6]  0F 00 00 00 00 00
 (1789561121.682579)  can0  181   [8]  27 14 27 14 00 00 00 00
 (1789561121.682904)  can0  281   [5]  03 00 00 00 00
 (1789561121.689770)  can0  201   [6]  0F 00 00 00 00 00
 (1789561121.699741)  can0  201   [6]  0F 00 00 00 00 00
 (1789561121.709772)  can0  201   [6]  0F 00 00 00 00 00
 (1789561121.719750)  can0  201   [6]  0F 00 00 00 00 00
 (1789561121.729762)  can0  201   [6]  0F 00 00 00 00 00
 (1789561121.732528)  can0  181   [8]  27 14 27 14 00 00 00 00
 (1789561121.732855)  can0  281   [5]  03 00 00 00 00
 (1789561121.739831)  can0  201   [6]  0F 00 00 00 00 00
 (1789561121.749760)  can0  201   [6]  0F 00 00 00 00 00
 (1789561121.759824)  can0  201   [6]  0F 00 00 00 00 00
 (1789561121.769803)  can0  201   [6]  0F 00 00 00 00 00
 (1789561121.779778)  can0  201   [6]  0F 00 00 00 00 00
 (1789561121.782421)  can0  181   [8]  27 14 27 14 00 00 00 00
 (1789561121.782801)  can0  281   [5]  03 00 00 00 00
 (1789561121.789756)  can0  201   [6]  0F 00 00 00 00 00
 (1789561121.799790)  can0  201   [6]  0F 00 00 00 00 00
 (1789561121.809784)  can0  201   [6]  0F 00 00 00 00 00
 (1789561121.819738)  can0  201   [6]  0F 00 00 00 00 00
 (1789561121.829738)  can0  201   [6]  0F 00 00 00 00 00
 (1789561121.832426)  can0  181   [8]  27 14 27 14 00 00 00 00
 (1789561121.832747)  can0  281   [5]  03 00 00 00 00
 (1789561121.839729)  can0  201   [6]  0F 00 00 00 00 00
 (1789561121.849729)  can0  201   [6]  0F 00 00 00 00 00
 (1789561121.859700)  can0  201   [6]  0F 00 00 00 00 00
 (1789561121.869698)  can0  201   [6]  0F 00 00 00 00 00
 (1789561121.879698)  can0  201   [6]  0F 00 00 00 00 00
 (1789561121.882372)  can0  181   [8]  27 14 27 14 00 00 00 00
 (1789561121.882695)  can0  281   [5]  03 00 00 00 00
 (1789561121.889697)  can0  201   [6]  0F 00 00 00 00 00
 (1789561121.899701)  can0  201   [6]  0F 00 00 00 00 00
 (1789561121.909696)  can0  201   [6]  0F 00 00 00 00 00
 (1789561121.910624)  can0  701   [1]  05
 (1789561121.919701)  can0  201   [6]  0F 00 00 00 00 00
 (1789561121.929695)  can0  201   [6]  0F 00 00 00 00 00
 (1789561121.932318)  can0  181   [8]  27 14 27 14 00 00 00 00
 (1789561121.932643)  can0  281   [5]  03 00 00 00 00
 (1789561121.939695)  can0  201   [6]  0F 00 00 00 00 00
 (1789561121.949701)  can0  201   [6]  0F 00 00 00 00 00
 (1789561121.959761)  can0  201   [6]  0F 00 00 00 00 00
 (1789561121.969707)  can0  201   [6]  0F 00 00 00 00 00
 (1789561121.979696)  can0  201   [6]  0F 00 00 00 00 00
 (1789561121.982217)  can0  181   [8]  27 14 27 14 00 00 00 00
 (1789561121.982591)  can0  281   [5]  03 00 00 00 00
 (1789561121.989700)  can0  201   [6]  0F 00 00 00 00 00
 (1789561121.999696)  can0  201   [6]  0F 00 00 00 00 00
 (1789561122.009695)  can0  201   [6]  0F 00 00 00 00 00
 (1789561122.019700)  can0  201   [6]  0F 00 00 00 00 00
 (1789561122.029698)  can0  201   [6]  0F 00 00 00 00 00
 (1789561122.032213)  can0  181   [8]  27 14 27 14 00 00 00 00
 (1789561122.032538)  can0  281   [5]  03 00 00 00 00
 (1789561122.039699)  can0  201   [6]  0F 00 00 00 00 00
 (1789561122.049639)  can0  201   [6]  0F 00 00 00 00 00
 (1789561122.059699)  can0  201   [6]  0F 00 00 00 00 00
 (1789561122.069649)  can0  201   [6]  0F 00 00 00 00 00
 (1789561122.079703)  can0  201   [6]  0F 00 00 00 00 00
 (1789561122.082160)  can0  181   [8]  27 14 27 14 00 00 00 00
 (1789561122.082489)  can0  281   [5]  03 00 00 00 00
 (1789561122.089756)  can0  201   [6]  0F 00 00 00 00 00
 (1789561122.099726)  can0  201   [6]  0F 00 00 00 00 00
 (1789561122.109774)  can0  201   [6]  0F 00 00 00 00 00
 (1789561122.119781)  can0  201   [6]  0F 00 00 00 00 00
 (1789561122.129730)  can0  201   [6]  0F 00 00 00 00 00
 (1789561122.132141)  can0  181   [8]  27 14 27 14 00 00 00 00
 (1789561122.132440)  can0  281   [5]  03 00 00 00 00
 (1789561122.139798)  can0  201   [6]  0F 00 00 00 00 00
 (1789561122.149848)  can0  201   [6]  0F 00 00 00 00 00
 (1789561122.159778)  can0  201   [6]  0F 00 00 00 00 00
 (1789561122.160174)  can0  701   [1]  05
 (1789561122.169789)  can0  201   [6]  0F 00 00 00 00 00
 (1789561122.179755)  can0  201   [6]  0F 00 00 00 00 00
 (1789561122.182055)  can0  181   [8]  27 14 27 14 00 00 00 00
 (1789561122.182382)  can0  281   [5]  03 00 00 00 00
 (1789561122.189749)  can0  201   [6]  0F 00 00 00 00 00
 (1789561122.199810)  can0  201   [6]  0F 00 00 00 00 00
 (1789561122.209765)  can0  201   [6]  0F 00 00 00 00 00
 (1789561122.219753)  can0  201   [6]  0F 00 00 00 00 00
 (1789561122.229738)  can0  201   [6]  0F 00 00 00 00 00
 (1789561122.232005)  can0  181   [8]  27 14 27 14 00 00 00 00
 (1789561122.232331)  can0  281   [5]  03 00 00 00 00
 (1789561122.239728)  can0  201   [6]  0F 00 00 00 00 00
 (1789561122.249706)  can0  201   [6]  0F 00 00 00 00 00
 (1789561122.259700)  can0  201   [6]  0F 00 00 00 00 00
 (1789561122.269703)  can0  201   [6]  0F 00 00 00 00 00
 (1789561122.279696)  can0  201   [6]  0F 00 00 00 00 00
 (1789561122.281949)  can0  181   [8]  27 14 27 14 00 00 00 00
 (1789561122.282218)  can0  281   [5]  03 00 00 00 00
 (1789561122.289697)  can0  201   [6]  0F 00 00 00 00 00
 (1789561122.299701)  can0  201   [6]  0F 00 00 00 00 00
 (1789561122.309696)  can0  201   [6]  0F 00 00 00 00 00
 (1789561122.319701)  can0  201   [6]  0F 00 00 00 00 00
 (1789561122.329696)  can0  201   [6]  0F 00 00 00 00 00
 (1789561122.331899)  can0  181   [8]  27 14 27 14 00 00 00 00
 (1789561122.332204)  can0  281   [5]  03 00 00 00 00
 (1789561122.339702)  can0  201   [6]  0F 00 00 00 00 00
 (1789561122.349767)  can0  201   [6]  0F 00 00 00 00 00
 (1789561122.359714)  can0  201   [6]  0F 00 00 00 00 00
 (1789561122.369705)  can0  201   [6]  0F 00 00 00 00 00
 (1789561122.379697)  can0  201   [6]  0F 00 00 00 00 00
 (1789561122.381848)  can0  181   [8]  27 14 27 14 00 00 00 00
 (1789561122.382171)  can0  281   [5]  03 00 00 00 00
 (1789561122.389701)  can0  201   [6]  0F 00 00 00 00 00
 (1789561122.399697)  can0  201   [6]  0F 00 00 00 00 00
 (1789561122.409700)  can0  201   [6]  0F 00 00 00 00 00
 (1789561122.409824)  can0  701   [1]  05
 (1789561122.419693)  can0  201   [6]  0F 00 00 00 00 00
 (1789561122.429695)  can0  201   [6]  0F 00 00 00 00 00
 (1789561122.431792)  can0  181   [8]  27 14 27 14 00 00 00 00
 (1789561122.432122)  can0  281   [5]  03 00 00 00 00
 (1789561122.439702)  can0  201   [6]  0F 00 00 00 00 00
 (1789561122.449694)  can0  201   [6]  0F 00 00 00 00 00
 (1789561122.459702)  can0  201   [6]  0F 00 00 00 00 00
 (1789561122.469699)  can0  201   [6]  0F 00 00 00 00 00
 (1789561122.479734)  can0  201   [6]  0F 00 00 00 00 00
 (1789561122.481742)  can0  181   [8]  27 14 27 14 00 00 00 00
 (1789561122.482009)  can0  281   [5]  03 00 00 00 00
 (1789561122.489741)  can0  201   [6]  0F 00 00 00 00 00
 (1789561122.499771)  can0  201   [6]  0F 00 00 00 00 00
 (1789561122.509749)  can0  201   [6]  0F 00 00 00 00 00
 (1789561122.519757)  can0  201   [6]  0F 00 00 00 00 00
 (1789561122.529827)  can0  201   [6]  0F 00 00 00 00 00
 (1789561122.531690)  can0  181   [8]  27 14 27 14 00 00 00 00
 (1789561122.532017)  can0  281   [5]  03 00 00 00 00
 (1789561122.539764)  can0  201   [6]  0F 00 00 00 00 00
 (1789561122.549836)  can0  201   [6]  0F 00 00 00 00 00
 (1789561122.559808)  can0  201   [6]  0F 00 00 00 00 00
 (1789561122.569769)  can0  201   [6]  0F 00 00 00 00 00
 (1789561122.579757)  can0  201   [6]  0F 00 00 00 00 00
 (1789561122.581637)  can0  181   [8]  27 14 27 14 00 00 00 00
 (1789561122.581959)  can0  281   [5]  03 00 00 00 00
 (1789561122.589792)  can0  201   [6]  0F 00 00 00 00 00
 (1789561122.599769)  can0  201   [6]  0F 00 00 00 00 00
 (1789561122.609737)  can0  201   [6]  0F 00 00 00 00 00
 (1789561122.619740)  can0  201   [6]  0F 00 00 00 00 00
 (1789561122.629676)  can0  201   [6]  0F 00 00 00 00 00
 (1789561122.631586)  can0  181   [8]  27 14 27 14 00 00 00 00
 (1789561122.631910)  can0  281   [5]  03 00 00 00 00
 (1789561122.639719)  can0  201   [6]  0F 00 00 00 00 00
 (1789561122.649705)  can0  201   [6]  0F 00 00 00 00 00
 (1789561122.659209)  can0  701   [1]  05
 (1789561122.659573)  can0  201   [6]  0F 00 00 00 00 00
 (1789561122.669701)  can0  201   [6]  0F 00 00 00 00 00
 (1789561122.679696)  can0  201   [6]  0F 00 00 00 00 00
 (1789561122.681530)  can0  181   [8]  27 14 27 14 00 00 00 00
 (1789561122.681800)  can0  281   [5]  03 00 00 00 00
 (1789561122.689702)  can0  201   [6]  0F 00 00 00 00 00
 (1789561122.699694)  can0  201   [6]  0F 00 00 00 00 00
 (1789561122.709696)  can0  201   [6]  0F 00 00 00 00 00
 (1789561122.719698)  can0  201   [6]  0F 00 00 00 00 00
 (1789561122.729694)  can0  201   [6]  0F 00 00 00 00 00
 (1789561122.731476)  can0  181   [8]  27 14 27 14 00 00 00 00
 (1789561122.731806)  can0  281   [5]  03 00 00 00 00
 (1789561122.739704)  can0  201   [6]  0F 00 00 00 00 00
 (1789561122.749749)  can0  201   [6]  0F 00 00 00 00 00
 (1789561122.759708)  can0  201   [6]  0F 00 00 00 00 00
 (1789561122.769696)  can0  201   [6]  0F 00 00 00 00 00
 (1789561122.779694)  can0  201   [6]  0F 00 00 00 00 00
 (1789561122.781423)  can0  181   [8]  27 14 27 14 00 00 00 00
 (1789561122.781751)  can0  281   [5]  03 00 00 00 00
 (1789561122.789701)  can0  201   [6]  0F 00 00 00 00 00
 (1789561122.799696)  can0  201   [6]  0F 00 00 00 00 00
 (1789561122.809700)  can0  201   [6]  0F 00 00 00 00 00
 (1789561122.819696)  can0  201   [6]  0F 00 00 00 00 00
 (1789561122.829702)  can0  201   [6]  0F 00 00 00 00 00
 (1789561122.831371)  can0  181   [8]  27 14 27 14 00 00 00 00
 (1789561122.831703)  can0  281   [5]  03 00 00 00 00
 (1789561122.839695)  can0  201   [6]  0F 00 00 00 00 00
 (1789561122.849696)  can0  201   [6]  0F 00 00 00 00 00
 (1789561122.859702)  can0  201   [6]  0F 00 00 00 00 00
 (1789561122.869696)  can0  201   [6]  0F 00 00 00 00 00
 (1789561122.879768)  can0  201   [6]  0F 00 00 00 00 00
 (1789561122.881323)  can0  181   [8]  27 14 27 14 00 00 00 00
 (1789561122.881645)  can0  281   [5]  03 00 00 00 00
 (1789561122.889733)  can0  201   [6]  0F 00 00 00 00 00
 (1789561122.899736)  can0  201   [6]  0F 00 00 00 00 00
 (1789561122.908765)  can0  701   [1]  05
 (1789561122.909729)  can0  201   [6]  0F 00 00 00 00 00
 (1789561122.919723)  can0  201   [6]  0F 00 00 00 00 00
 (1789561122.929703)  can0  201   [6]  0F 00 00 00 00 00
 (1789561122.931267)  can0  181   [8]  27 14 27 14 00 00 00 00
 (1789561122.931597)  can0  281   [5]  03 00 00 00 00
 (1789561122.939697)  can0  201   [6]  0F 00 00 00 00 00
 (1789561122.949704)  can0  201   [6]  0F 00 00 00 00 00
 (1789561122.959696)  can0  201   [6]  0F 00 00 00 00 00
 (1789561122.969701)  can0  201   [6]  0F 00 00 00 00 00
 (1789561122.979696)  can0  201   [6]  0F 00 00 00 00 00
 (1789561122.981214)  can0  181   [8]  27 14 27 14 00 00 00 00
 (1789561122.981540)  can0  281   [5]  03 00 00 00 00
 (1789561122.989695)  can0  201   [6]  0F 00 00 00 00 00
 (1789561122.999701)  can0  201   [6]  0F 00 00 00 00 00
 (1789561123.009696)  can0  201   [6]  0F 00 00 00 00 00
 (1789561123.019700)  can0  201   [6]  0F 00 00 00 00 00
 (1789561123.029758)  can0  201   [6]  0F 00 00 00 00 00
 (1789561123.031162)  can0  181   [8]  27 14 27 14 00 00 00 00
 (1789561123.031489)  can0  281   [5]  03 00 00 00 00
 (1789561123.039712)  can0  201   [6]  0F 00 00 00 00 00
 (1789561123.049695)  can0  201   [6]  0F 00 00 00 00 00
 (1789561123.059696)  can0  201   [6]  0F 00 00 00 00 00
 (1789561123.069700)  can0  201   [6]  0F 00 00 00 00 00
 (1789561123.079694)  can0  201   [6]  0F 00 00 00 00 00
 (1789561123.081110)  can0  181   [8]  27 14 27 14 00 00 00 00
 (1789561123.081435)  can0  281   [5]  03 00 00 00 00
 (1789561123.089705)  can0  201   [6]  0F 00 00 00 00 00
 (1789561123.099696)  can0  201   [6]  0F 00 00 00 00 00
 (1789561123.109702)  can0  201   [6]  0F 00 00 00 00 00
 (1789561123.119695)  can0  201   [6]  0F 00 00 00 00 00
 (1789561123.129694)  can0  201   [6]  0F 00 00 00 00 00
 (1789561123.131058)  can0  181   [8]  27 14 27 14 00 00 00 00
 (1789561123.131381)  can0  281   [5]  03 00 00 00 00
 (1789561123.139701)  can0  201   [6]  0F 00 00 00 00 00
 (1789561123.149694)  can0  201   [6]  0F 00 00 00 00 00
 (1789561123.158316)  can0  701   [1]  05
 (1789561123.159749)  can0  201   [6]  0F 00 00 00 00 00
 (1789561123.169725)  can0  201   [6]  0F 00 00 00 00 00
 (1789561123.179781)  can0  201   [6]  0F 00 00 00 00 00
 (1789561123.181004)  can0  181   [8]  27 14 27 14 00 00 00 00
 (1789561123.181329)  can0  281   [5]  03 00 00 00 00
 (1789561123.189786)  can0  201   [6]  0F 00 00 00 00 00
 (1789561123.199724)  can0  201   [6]  0F 00 00 00 00 00
 (1789561123.209824)  can0  201   [6]  0F 00 00 00 00 00
 (1789561123.219841)  can0  201   [6]  0F 00 00 00 00 00
 (1789561123.229767)  can0  201   [6]  0F 00 00 00 00 00
 (1789561123.230954)  can0  181   [8]  27 14 27 14 00 00 00 00
 (1789561123.231276)  can0  281   [5]  03 00 00 00 00
 (1789561123.239776)  can0  201   [6]  0F 00 00 00 00 00
 (1789561123.249754)  can0  201   [6]  0F 00 00 00 00 00
 (1789561123.259749)  can0  201   [6]  0F 00 00 00 00 00
 (1789561123.269809)  can0  201   [6]  0F 00 00 00 00 00
 (1789561123.279763)  can0  201   [6]  0F 00 00 00 00 00
 (1789561123.280902)  can0  181   [8]  27 14 27 14 00 00 00 00
 (1789561123.281225)  can0  281   [5]  03 00 00 00 00
 (1789561123.289741)  can0  201   [6]  0F 00 00 00 00 00
 (1789561123.299730)  can0  201   [6]  0F 00 00 00 00 00
 (1789561123.309737)  can0  201   [6]  0F 00 00 00 00 00
 (1789561123.319705)  can0  201   [6]  0F 00 00 00 00 00
 (1789561123.329697)  can0  201   [6]  0F 00 00 00 00 00
 (1789561123.330849)  can0  181   [8]  27 14 27 14 00 00 00 00
 (1789561123.331171)  can0  281   [5]  03 00 00 00 00
 (1789561123.339697)  can0  201   [6]  0F 00 00 00 00 00
 (1789561123.349701)  can0  201   [6]  0F 00 00 00 00 00
 (1789561123.359697)  can0  201   [6]  0F 00 00 00 00 00
 (1789561123.369701)  can0  201   [6]  0F 00 00 00 00 00
 (1789561123.379696)  can0  201   [6]  0F 00 00 00 00 00
 (1789561123.380795)  can0  181   [8]  27 14 27 14 00 00 00 00
 (1789561123.381120)  can0  281   [5]  03 00 00 00 00
 (1789561123.389700)  can0  201   [6]  0F 00 00 00 00 00
 (1789561123.399696)  can0  201   [6]  0F 00 00 00 00 00
 (1789561123.407799)  can0  701   [1]  05
 (1789561123.409695)  can0  201   [6]  0F 00 00 00 00 00
 (1789561123.419754)  can0  201   [6]  0F 00 00 00 00 00
 (1789561123.429701)  can0  201   [6]  0F 00 00 00 00 00
 (1789561123.430743)  can0  181   [8]  27 14 27 14 00 00 00 00
 (1789561123.431068)  can0  281   [5]  03 00 00 00 00
 (1789561123.439702)  can0  201   [6]  0F 00 00 00 00 00
 (1789561123.449696)  can0  201   [6]  0F 00 00 00 00 00
 (1789561123.459697)  can0  201   [6]  0F 00 00 00 00 00
 (1789561123.469696)  can0  201   [6]  0F 00 00 00 00 00
 (1789561123.479697)  can0  201   [6]  0F 00 00 00 00 00
 (1789561123.480692)  can0  181   [8]  27 14 27 14 00 00 00 00
 (1789561123.481015)  can0  281   [5]  03 00 00 00 00
 (1789561123.489701)  can0  201   [6]  0F 00 00 00 00 00
 (1789561123.499695)  can0  201   [6]  0F 00 00 00 00 00
 (1789561123.509700)  can0  201   [6]  0F 00 00 00 00 00
 (1789561123.519694)  can0  201   [6]  0F 00 00 00 00 00
 (1789561123.529701)  can0  201   [6]  0F 00 00 00 00 00
 (1789561123.530636)  can0  181   [8]  27 14 27 14 00 00 00 00
 (1789561123.530961)  can0  281   [5]  03 00 00 00 00
 (1789561123.539710)  can0  201   [6]  0F 00 00 00 00 00
 (1789561123.549729)  can0  201   [6]  0F 00 00 00 00 00
 (1789561123.559745)  can0  201   [6]  0F 00 00 00 00 00
 (1789561123.569767)  can0  201   [6]  0F 00 00 00 00 00
 (1789561123.579751)  can0  201   [6]  0F 00 00 00 00 00
 (1789561123.580586)  can0  181   [8]  27 14 27 14 00 00 00 00
 (1789561123.580909)  can0  281   [5]  03 00 00 00 00
 (1789561123.589756)  can0  201   [6]  0F 00 00 00 00 00
 (1789561123.599841)  can0  201   [6]  0F 00 00 00 00 00
 (1789561123.609763)  can0  201   [6]  0F 00 00 00 00 00
 (1789561123.619835)  can0  201   [6]  0F 00 00 00 00 00
 (1789561123.629821)  can0  201   [6]  0F 00 00 00 00 00
 (1789561123.630476)  can0  181   [8]  27 14 27 14 00 00 00 00
 (1789561123.630857)  can0  281   [5]  03 00 00 00 00
 (1789561123.639771)  can0  201   [6]  0F 00 00 00 00 00
 (1789561123.649759)  can0  201   [6]  0F 00 00 00 00 00
 (1789561123.657353)  can0  701   [1]  05
 (1789561123.659778)  can0  201   [6]  0F 00 00 00 00 00
 (1789561123.669774)  can0  201   [6]  0F 00 00 00 00 00
 (1789561123.679744)  can0  201   [6]  0F 00 00 00 00 00
 (1789561123.680479)  can0  181   [8]  27 14 27 14 00 00 00 00
 (1789561123.680808)  can0  281   [5]  03 00 00 00 00
 (1789561123.689733)  can0  201   [6]  0F 00 00 00 00 00
 (1789561123.699725)  can0  201   [6]  0F 00 00 00 00 00
 (1789561123.709717)  can0  201   [6]  0F 00 00 00 00 00
 (1789561123.719703)  can0  201   [6]  0F 00 00 00 00 00
 (1789561123.729697)  can0  201   [6]  0F 00 00 00 00 00
 (1789561123.730427)  can0  181   [8]  27 14 27 14 00 00 00 00
 (1789561123.730754)  can0  281   [5]  03 00 00 00 00
 (1789561123.739701)  can0  201   [6]  0F 00 00 00 00 00
 (1789561123.749695)  can0  201   [6]  0F 00 00 00 00 00
 (1789561123.759695)  can0  201   [6]  0F 00 00 00 00 00
 (1789561123.769700)  can0  201   [6]  0F 00 00 00 00 00
 (1789561123.779693)  can0  201   [6]  0F 00 00 00 00 00
 (1789561123.780374)  can0  181   [8]  27 14 27 14 00 00 00 00
 (1789561123.780700)  can0  281   [5]  03 00 00 00 00
 (1789561123.789700)  can0  201   [6]  0F 00 00 00 00 00
 (1789561123.799695)  can0  201   [6]  0F 00 00 00 00 00
 (1789561123.809700)  can0  201   [6]  0F 00 00 00 00 00
 (1789561123.819746)  can0  201   [6]  0F 00 00 00 00 00
 (1789561123.829700)  can0  201   [6]  0F 00 00 00 00 00
 (1789561123.830322)  can0  181   [8]  27 14 27 14 00 00 00 00
 (1789561123.830648)  can0  281   [5]  03 00 00 00 00
 (1789561123.839700)  can0  201   [6]  0F 00 00 00 00 00
 (1789561123.849695)  can0  201   [6]  0F 00 00 00 00 00
 (1789561123.859701)  can0  201   [6]  0F 00 00 00 00 00
 (1789561123.869694)  can0  201   [6]  0F 00 00 00 00 00
 (1789561123.879701)  can0  201   [6]  0F 00 00 00 00 00
 (1789561123.880269)  can0  181   [8]  27 14 27 14 00 00 00 00
 (1789561123.880595)  can0  281   [5]  03 00 00 00 00
 (1789561123.889695)  can0  201   [6]  0F 00 00 00 00 00
 (1789561123.899695)  can0  201   [6]  0F 00 00 00 00 00
 (1789561123.906898)  can0  701   [1]  05
 (1789561123.909700)  can0  201   [6]  0F 00 00 00 00 00
 (1789561123.919696)  can0  201   [6]  0F 00 00 00 00 00
 (1789561123.929700)  can0  201   [6]  0F 00 00 00 00 00
 (1789561123.930473)  can0  181   [8]  27 14 27 14 00 00 00 00
 (1789561123.930666)  can0  281   [5]  03 00 00 00 00
 (1789561123.939697)  can0  201   [6]  0F 00 00 00 00 00
 (1789561123.949769)  can0  201   [6]  0F 00 00 00 00 00
 (1789561123.959732)  can0  201   [6]  0F 00 00 00 00 00
 (1789561123.969729)  can0  201   [6]  0F 00 00 00 00 00
 (1789561123.979731)  can0  201   [6]  0F 00 00 00 00 00
 (1789561123.980166)  can0  181   [8]  27 14 27 14 00 00 00 00
 (1789561123.980493)  can0  281   [5]  03 00 00 00 00
 (1789561123.989718)  can0  201   [6]  0F 00 00 00 00 00
 (1789561123.999705)  can0  201   [6]  0F 00 00 00 00 00
 (1789561124.009698)  can0  201   [6]  0F 00 00 00 00 00
 (1789561124.019701)  can0  201   [6]  0F 00 00 00 00 00
 (1789561124.029695)  can0  201   [6]  0F 00 00 00 00 00
 (1789561124.030115)  can0  181   [8]  27 14 27 14 00 00 00 00
 (1789561124.030501)  can0  281   [5]  03 00 00 00 00
 (1789561124.039696)  can0  201   [6]  0F 00 00 00 00 00
 (1789561124.049702)  can0  201   [6]  0F 00 00 00 00 00
 (1789561124.059695)  can0  201   [6]  0F 00 00 00 00 00
 (1789561124.069701)  can0  201   [6]  0F 00 00 00 00 00
 (1789561124.079695)  can0  201   [6]  0F 00 00 00 00 00
 (1789561124.080122)  can0  181   [8]  27 14 27 14 00 00 00 00
 (1789561124.080507)  can0  281   [5]  03 00 00 00 00
 (1789561124.089701)  can0  201   [6]  0F 00 00 00 00 00
 (1789561124.099753)  can0  201   [6]  0F 00 00 00 00 00
 (1789561124.109699)  can0  201   [6]  0F 00 00 00 00 00
 (1789561124.119703)  can0  201   [6]  0F 00 00 00 00 00
 (1789561124.129703)  can0  201   [6]  0F 00 00 00 00 00
 (1789561124.130073)  can0  181   [8]  27 14 27 14 00 00 00 00
 (1789561124.130458)  can0  281   [5]  03 00 00 00 00
 (1789561124.139702)  can0  201   [6]  0F 00 00 00 00 00
 (1789561124.149704)  can0  201   [6]  0F 00 00 00 00 00
 (1789561124.156387)  can0  701   [1]  05
 (1789561124.159700)  can0  201   [6]  0F 00 00 00 00 00
 (1789561124.169638)  can0  201   [6]  0F 00 00 00 00 00
 (1789561124.179697)  can0  201   [6]  0F 00 00 00 00 00
 (1789561124.180083)  can0  181   [8]  27 14 27 14 00 00 00 00
 (1789561124.180408)  can0  281   [5]  03 00 00 00 00
 (1789561124.189702)  can0  201   [6]  0F 00 00 00 00 00
 (1789561124.199696)  can0  201   [6]  0F 00 00 00 00 00
 (1789561124.209701)  can0  201   [6]  0F 00 00 00 00 00
 (1789561124.219699)  can0  201   [6]  0F 00 00 00 00 00
 (1789561124.229760)  can0  201   [6]  0F 00 00 00 00 00
 (1789561124.230099)  can0  181   [8]  27 14 27 14 00 00 00 00
 (1789561124.230359)  can0  281   [5]  03 00 00 00 00
 (1789561124.239733)  can0  201   [6]  0F 00 00 00 00 00
 (1789561124.249724)  can0  201   [6]  0F 00 00 00 00 00
 (1789561124.259723)  can0  201   [6]  0F 00 00 00 00 00
 (1789561124.269722)  can0  201   [6]  0F 00 00 00 00 00
 (1789561124.279703)  can0  201   [6]  0F 00 00 00 00 00
 (1789561124.280224)  can0  181   [8]  27 14 27 14 00 00 00 00
 (1789561124.280416)  can0  281   [5]  03 00 00 00 00
 (1789561124.289697)  can0  201   [6]  0F 00 00 00 00 00
 (1789561124.299700)  can0  201   [6]  0F 00 00 00 00 00
 (1789561124.309697)  can0  201   [6]  0F 00 00 00 00 00
 (1789561124.319696)  can0  201   [6]  0F 00 00 00 00 00
 (1789561124.329701)  can0  201   [6]  0F 00 00 00 00 00
 (1789561124.330171)  can0  181   [8]  27 14 27 14 00 00 00 00
 (1789561124.330371)  can0  281   [5]  03 00 00 00 00
 (1789561124.339694)  can0  201   [6]  0F 00 00 00 00 00
 (1789561124.349699)  can0  201   [6]  0F 00 00 00 00 00
 (1789561124.359698)  can0  201   [6]  0F 00 00 00 00 00
 (1789561124.369703)  can0  201   [6]  0F 00 00 00 00 00
 (1789561124.379756)  can0  201   [6]  0F 00 00 00 00 00
 (1789561124.380129)  can0  181   [8]  27 14 27 14 00 00 00 00
 (1789561124.380324)  can0  281   [5]  03 00 00 00 00
 (1789561124.389698)  can0  201   [6]  0F 00 00 00 00 00
 (1789561124.399703)  can0  201   [6]  0F 00 00 00 00 00
 (1789561124.405939)  can0  701   [1]  05
 (1789561124.409696)  can0  201   [6]  0F 00 00 00 00 00
 (1789561124.419700)  can0  201   [6]  0F 00 00 00 00 00
 (1789561124.429696)  can0  201   [6]  0F 00 00 00 00 00
 (1789561124.430128)  can0  181   [8]  27 14 27 14 00 00 00 00
 (1789561124.430329)  can0  281   [5]  03 00 00 00 00
 (1789561124.439700)  can0  201   [6]  0F 00 00 00 00 00
 (1789561124.449695)  can0  201   [6]  0F 00 00 00 00 00
 (1789561124.459695)  can0  201   [6]  0F 00 00 00 00 00
 (1789561124.469701)  can0  201   [6]  0F 00 00 00 00 00
 (1789561124.479694)  can0  201   [6]  0F 00 00 00 00 00
 (1789561124.480080)  can0  181   [8]  27 14 27 14 00 00 00 00
 (1789561124.480287)  can0  281   [5]  03 00 00 00 00
 (1789561124.489700)  can0  201   [6]  0F 00 00 00 00 00
 (1789561124.499701)  can0  201   [6]  0F 00 00 00 00 00
 (1789561124.509752)  can0  201   [6]  0F 00 00 00 00 00
 (1789561124.519731)  can0  201   [6]  0F 00 00 00 00 00
 (1789561124.529763)  can0  201   [6]  0F 00 00 00 00 00
 (1789561124.530153)  can0  181   [8]  27 14 27 14 00 00 00 00
 (1789561124.530342)  can0  281   [5]  03 00 00 00 00
 (1789561124.539768)  can0  201   [6]  0F 00 00 00 00 00
 (1789561124.549730)  can0  201   [6]  0F 00 00 00 00 00
 (1789561124.559833)  can0  201   [6]  0F 00 00 00 00 00
 (1789561124.569850)  can0  201   [6]  0F 00 00 00 00 00
 (1789561124.579797)  can0  201   [6]  0F 00 00 00 00 00
 (1789561124.580223)  can0  181   [8]  27 14 27 14 00 00 00 00
 (1789561124.580411)  can0  281   [5]  03 00 00 00 00
 (1789561124.589785)  can0  201   [6]  0F 00 00 00 00 00
 (1789561124.599779)  can0  201   [6]  0F 00 00 00 00 00
 (1789561124.609761)  can0  201   [6]  0F 00 00 00 00 00
 (1789561124.619804)  can0  201   [6]  0F 00 00 00 00 00
 (1789561124.629776)  can0  201   [6]  0F 00 00 00 00 00
 (1789561124.630115)  can0  181   [8]  27 14 27 14 00 00 00 00
 (1789561124.630305)  can0  281   [5]  03 00 00 00 00
 (1789561124.639762)  can0  201   [6]  0F 00 00 00 00 00
 (1789561124.649732)  can0  201   [6]  0F 00 00 00 00 00
 (1789561124.655432)  can0  701   [1]  05
 (1789561124.659740)  can0  201   [6]  0F 00 00 00 00 00
 (1789561124.669699)  can0  201   [6]  0F 00 00 00 00 00
 (1789561124.679701)  can0  201   [6]  0F 00 00 00 00 00
 (1789561124.680241)  can0  181   [8]  27 14 27 14 00 00 00 00
 (1789561124.680430)  can0  281   [5]  03 00 00 00 00
 (1789561124.689691)  can0  201   [6]  0F 00 00 00 00 00
 (1789561124.699701)  can0  201   [6]  0F 00 00 00 00 00
 (1789561124.709694)  can0  201   [6]  0F 00 00 00 00 00
 (1789561124.719701)  can0  201   [6]  0F 00 00 00 00 00
 (1789561124.729696)  can0  201   [6]  0F 00 00 00 00 00
 (1789561124.730249)  can0  181   [8]  27 14 27 14 00 00 00 00
 (1789561124.730442)  can0  281   [5]  03 00 00 00 00
 (1789561124.739697)  can0  201   [6]  0F 00 00 00 00 00
 (1789561124.749700)  can0  201   [6]  0F 00 00 00 00 00
 (1789561124.759696)  can0  201   [6]  0F 00 00 00 00 00
 (1789561124.769700)  can0  201   [6]  0F 00 00 00 00 00
 (1789561124.779756)  can0  201   [6]  0F 00 00 00 00 00
 (1789561124.780259)  can0  181   [8]  27 14 27 14 00 00 00 00
 (1789561124.780451)  can0  281   [5]  03 00 00 00 00
 (1789561124.789705)  can0  201   [6]  0F 00 00 00 00 00
 (1789561124.799697)  can0  201   [6]  0F 00 00 00 00 00
 (1789561124.809696)  can0  201   [6]  0F 00 00 00 00 00
 (1789561124.819700)  can0  201   [6]  0F 00 00 00 00 00
 (1789561124.829696)  can0  201   [6]  0F 00 00 00 00 00
 (1789561124.830270)  can0  181   [8]  27 14 27 14 00 00 00 00
 (1789561124.830459)  can0  281   [5]  03 00 00 00 00
 (1789561124.839699)  can0  201   [6]  0F 00 00 00 00 00
 (1789561124.849694)  can0  201   [6]  0F 00 00 00 00 00
 (1789561124.859701)  can0  201   [6]  0F 00 00 00 00 00
 (1789561124.869694)  can0  201   [6]  0F 00 00 00 00 00
 (1789561124.879695)  can0  201   [6]  0F 00 00 00 00 00
 (1789561124.880278)  can0  181   [8]  27 14 27 14 00 00 00 00
 (1789561124.880470)  can0  281   [5]  03 00 00 00 00
 (1789561124.889711)  can0  201   [6]  0F 00 00 00 00 00
 (1789561124.899725)  can0  201   [6]  0F 00 00 00 00 00
 (1789561124.905043)  can0  701   [1]  05
 (1789561124.909739)  can0  201   [6]  0F 00 00 00 00 00
 (1789561124.919774)  can0  201   [6]  0F 00 00 00 00 00
 (1789561124.929756)  can0  201   [6]  0F 00 00 00 00 00
 (1789561124.930288)  can0  181   [8]  27 14 27 14 00 00 00 00
 (1789561124.930480)  can0  281   [5]  03 00 00 00 00
 (1789561124.939768)  can0  201   [6]  0F 00 00 00 00 00
 (1789561124.949836)  can0  201   [6]  0F 00 00 00 00 00
 (1789561124.959744)  can0  201   [6]  0F 00 00 00 00 00
 (1789561124.969835)  can0  201   [6]  0F 00 00 00 00 00
 (1789561124.979789)  can0  201   [6]  0F 00 00 00 00 00
 (1789561124.980303)  can0  181   [8]  27 14 27 14 00 00 00 00
 (1789561124.980495)  can0  281   [5]  03 00 00 00 00
 (1789561124.989786)  can0  201   [6]  0F 00 00 00 00 00
 (1789561124.999677)  can0  201   [6]  0F 00 00 00 00 00
 (1789561125.009765)  can0  201   [6]  0F 00 00 00 00 00
 (1789561125.019712)  can0  201   [6]  0F 00 00 00 00 00
 (1789561125.029747)  can0  201   [6]  0F 00 00 00 00 00
 (1789561125.030309)  can0  181   [8]  27 14 27 14 00 00 00 00
 (1789561125.030497)  can0  281   [5]  03 00 00 00 00
 (1789561125.039731)  can0  201   [6]  0F 00 00 00 00 00
 (1789561125.049731)  can0  201   [6]  0F 00 00 00 00 00
 (1789561125.059716)  can0  201   [6]  0F 00 00 00 00 00
 (1789561125.069704)  can0  201   [6]  0F 00 00 00 00 00
 (1789561125.079696)  can0  201   [6]  0F 00 00 00 00 00
 (1789561125.080322)  can0  181   [8]  27 14 27 14 00 00 00 00
 (1789561125.080453)  can0  281   [5]  03 00 00 00 00
 (1789561125.089695)  can0  201   [6]  0F 00 00 00 00 00
 (1789561125.099699)  can0  201   [6]  0F 00 00 00 00 00
 (1789561125.109696)  can0  201   [6]  0F 00 00 00 00 00
 (1789561125.119700)  can0  201   [6]  0F 00 00 00 00 00
 (1789561125.129696)  can0  201   [6]  0F 00 00 00 00 00
 (1789561125.130328)  can0  181   [8]  27 14 27 14 00 00 00 00
 (1789561125.130520)  can0  281   [5]  03 00 00 00 00
 (1789561125.139701)  can0  201   [6]  0F 00 00 00 00 00
 (1789561125.149695)  can0  201   [6]  0F 00 00 00 00 00
 (1789561125.154587)  can0  701   [1]  05
 (1789561125.159694)  can0  201   [6]  0F 00 00 00 00 00
 (1789561125.169760)  can0  201   [6]  0F 00 00 00 00 00
 (1789561125.179698)  can0  201   [6]  0F 00 00 00 00 00
 (1789561125.180339)  can0  181   [8]  27 14 27 14 00 00 00 00
 (1789561125.180530)  can0  281   [5]  03 00 00 00 00
 (1789561125.189702)  can0  201   [6]  0F 00 00 00 00 00
 (1789561125.199695)  can0  201   [6]  0F 00 00 00 00 00
 (1789561125.209699)  can0  201   [6]  0F 00 00 00 00 00
 (1789561125.219694)  can0  201   [6]  0F 00 00 00 00 00
 (1789561125.229694)  can0  201   [6]  0F 00 00 00 00 00
 (1789561125.230347)  can0  181   [8]  27 14 27 14 00 00 00 00
 (1789561125.230538)  can0  281   [5]  03 00 00 00 00
 (1789561125.239699)  can0  201   [6]  0F 00 00 00 00 00
 (1789561125.249695)  can0  201   [6]  0F 00 00 00 00 00
 (1789561125.259698)  can0  201   [6]  0F 00 00 00 00 00
 (1789561125.269695)  can0  201   [6]  0F 00 00 00 00 00
 (1789561125.279710)  can0  201   [6]  0F 00 00 00 00 00
 (1789561125.280357)  can0  181   [8]  27 14 27 14 00 00 00 00
 (1789561125.280547)  can0  281   [5]  03 00 00 00 00
 (1789561125.289704)  can0  201   [6]  0F 00 00 00 00 00
 (1789561125.299753)  can0  201   [6]  0F 00 00 00 00 00
 (1789561125.309738)  can0  201   [6]  0F 00 00 00 00 00
 (1789561125.319772)  can0  201   [6]  0F 00 00 00 00 00
 (1789561125.329798)  can0  201   [6]  0F 00 00 00 00 00
 (1789561125.330369)  can0  181   [8]  27 14 27 14 00 00 00 00
 (1789561125.330558)  can0  281   [5]  03 00 00 00 00
 (1789561125.339720)  can0  201   [6]  0F 00 00 00 00 00
 (1789561125.349821)  can0  201   [6]  0F 00 00 00 00 00
 (1789561125.359838)  can0  201   [6]  0F 00 00 00 00 00
 (1789561125.369777)  can0  201   [6]  0F 00 00 00 00 00
 (1789561125.379780)  can0  201   [6]  0F 00 00 00 00 00
 (1789561125.380382)  can0  181   [8]  27 14 27 14 00 00 00 00
 (1789561125.380568)  can0  281   [5]  03 00 00 00 00
 (1789561125.389751)  can0  201   [6]  0F 00 00 00 00 00
 (1789561125.399738)  can0  201   [6]  0F 00 00 00 00 00
 (1789561125.404084)  can0  701   [1]  05
 (1789561125.409800)  can0  201   [6]  0F 00 00 00 00 00
 (1789561125.419762)  can0  201   [6]  0F 00 00 00 00 00
 (1789561125.429743)  can0  201   [6]  0F 00 00 00 00 00
 (1789561125.430389)  can0  181   [8]  27 14 27 14 00 00 00 00
 (1789561125.430577)  can0  281   [5]  03 00 00 00 00
 (1789561125.439724)  can0  201   [6]  0F 00 00 00 00 00
 (1789561125.449737)  can0  201   [6]  0F 00 00 00 00 00
 (1789561125.459700)  can0  201   [6]  0F 00 00 00 00 00
 (1789561125.469703)  can0  201   [6]  0F 00 00 00 00 00
 (1789561125.479696)  can0  201   [6]  0F 00 00 00 00 00
 (1789561125.480398)  can0  181   [8]  27 14 27 14 00 00 00 00
 (1789561125.480588)  can0  281   [5]  03 00 00 00 00
 (1789561125.489702)  can0  201   [6]  0F 00 00 00 00 00
 (1789561125.499697)  can0  201   [6]  0F 00 00 00 00 00
 (1789561125.509695)  can0  201   [6]  0F 00 00 00 00 00
 (1789561125.519699)  can0  201   [6]  0F 00 00 00 00 00
 (1789561125.529698)  can0  201   [6]  0F 00 00 00 00 00
 (1789561125.530405)  can0  181   [8]  27 14 27 14 00 00 00 00
 (1789561125.530599)  can0  281   [5]  03 00 00 00 00
 (1789561125.539702)  can0  201   [6]  0F 00 00 00 00 00
 (1789561125.549695)  can0  201   [6]  0F 00 00 00 00 00
 (1789561125.559854)  can0  201   [6]  0F 00 00 00 00 00
 (1789561125.569710)  can0  201   [6]  0F 00 00 00 00 00
 (1789561125.579698)  can0  201   [6]  0F 00 00 00 00 00
 (1789561125.580416)  can0  181   [8]  27 14 27 14 00 00 00 00
 (1789561125.580607)  can0  281   [5]  03 00 00 00 00
 (1789561125.589703)  can0  201   [6]  0F 00 00 00 00 00
 (1789561125.599697)  can0  201   [6]  0F 00 00 00 00 00
 (1789561125.609700)  can0  201   [6]  0F 00 00 00 00 00
 (1789561125.619696)  can0  201   [6]  0F 00 00 00 00 00
 (1789561125.629702)  can0  201   [6]  0F 00 00 00 00 00
 (1789561125.630368)  can0  181   [8]  27 14 27 14 00 00 00 00
 (1789561125.630560)  can0  281   [5]  03 00 00 00 00
 (1789561125.639696)  can0  201   [6]  0F 00 00 00 00 00
 (1789561125.649696)  can0  201   [6]  0F 00 00 00 00 00
 (1789561125.653689)  can0  701   [1]  05
 (1789561125.659700)  can0  201   [6]  0F 00 00 00 00 00
 (1789561125.669696)  can0  201   [6]  0F 00 00 00 00 00
 (1789561125.679714)  can0  201   [6]  0F 00 00 00 00 00
 (1789561125.680435)  can0  181   [8]  27 14 27 14 00 00 00 00
 (1789561125.680626)  can0  281   [5]  03 00 00 00 00
 (1789561125.689734)  can0  201   [6]  0F 00 00 00 00 00
 (1789561125.699745)  can0  201   [6]  0F 00 00 00 00 00
 (1789561125.709770)  can0  201   [6]  0F 00 00 00 00 00
 (1789561125.719743)  can0  201   [6]  0F 00 00 00 00 00
 (1789561125.729762)  can0  201   [6]  0F 00 00 00 00 00
 (1789561125.730448)  can0  181   [8]  27 14 27 14 00 00 00 00
 (1789561125.730638)  can0  281   [5]  03 00 00 00 00
 (1789561125.739836)  can0  201   [6]  0F 00 00 00 00 00
 (1789561125.749774)  can0  201   [6]  0F 00 00 00 00 00
 (1789561125.759828)  can0  201   [6]  0F 00 00 00 00 00
 (1789561125.769815)  can0  201   [6]  0F 00 00 00 00 00
 (1789561125.779762)  can0  201   [6]  0F 00 00 00 00 00
 (1789561125.780459)  can0  181   [8]  27 14 27 14 00 00 00 00
 (1789561125.780645)  can0  281   [5]  03 00 00 00 00
 (1789561125.789692)  can0  201   [6]  0F 00 00 00 00 00
 (1789561125.799797)  can0  201   [6]  0F 00 00 00 00 00
 (1789561125.809762)  can0  201   [6]  0F 00 00 00 00 00
 (1789561125.819746)  can0  201   [6]  0F 00 00 00 00 00
 (1789561125.829732)  can0  201   [6]  0F 00 00 00 00 00
 (1789561125.830466)  can0  181   [8]  27 14 27 14 00 00 00 00
 (1789561125.830655)  can0  281   [5]  03 00 00 00 00
 (1789561125.839727)  can0  201   [6]  0F 00 00 00 00 00
 (1789561125.849713)  can0  201   [6]  0F 00 00 00 00 00
 (1789561125.859700)  can0  201   [6]  0F 00 00 00 00 00
 (1789561125.869701)  can0  201   [6]  0F 00 00 00 00 00
 (1789561125.879695)  can0  201   [6]  0F 00 00 00 00 00
 (1789561125.880475)  can0  181   [8]  27 14 27 14 00 00 00 00
 (1789561125.880666)  can0  281   [5]  03 00 00 00 00
 (1789561125.889701)  can0  201   [6]  0F 00 00 00 00 00
 (1789561125.899694)  can0  201   [6]  0F 00 00 00 00 00
 (1789561125.903179)  can0  701   [1]  05
 (1789561125.909700)  can0  201   [6]  0F 00 00 00 00 00
 (1789561125.919695)  can0  201   [6]  0F 00 00 00 00 00
 (1789561125.929695)  can0  201   [6]  0F 00 00 00 00 00
 (1789561125.930484)  can0  181   [8]  27 14 27 14 00 00 00 00
 (1789561125.930619)  can0  281   [5]  03 00 00 00 00
 (1789561125.939698)  can0  201   [6]  0F 00 00 00 00 00
 (1789561125.949696)  can0  201   [6]  0F 00 00 00 00 00
 (1789561125.959764)  can0  201   [6]  0F 00 00 00 00 00
 (1789561125.969699)  can0  201   [6]  0F 00 00 00 00 00
 (1789561125.979703)  can0  201   [6]  0F 00 00 00 00 00
 (1789561125.980493)  can0  181   [8]  27 14 27 14 00 00 00 00
 (1789561125.980686)  can0  281   [5]  03 00 00 00 00
 (1789561125.989696)  can0  201   [6]  0F 00 00 00 00 00
 (1789561125.999695)  can0  201   [6]  0F 00 00 00 00 00
 (1789561126.009702)  can0  201   [6]  0F 00 00 00 00 00
 (1789561126.019694)  can0  201   [6]  0F 00 00 00 00 00
 (1789561126.029698)  can0  201   [6]  0F 00 00 00 00 00
 (1789561126.030507)  can0  181   [8]  27 14 27 14 00 00 00 00
 (1789561126.030697)  can0  281   [5]  03 00 00 00 00
 (1789561126.039694)  can0  201   [6]  0F 00 00 00 00 00
 (1789561126.049700)  can0  201   [6]  0F 00 00 00 00 00
 (1789561126.059696)  can0  201   [6]  0F 00 00 00 00 00
 (1789561126.069710)  can0  201   [6]  0F 00 00 00 00 00
 (1789561126.079712)  can0  201   [6]  0F 00 00 00 00 00
 (1789561126.080518)  can0  181   [8]  27 14 27 14 00 00 00 00
 (1789561126.080707)  can0  281   [5]  03 00 00 00 00
 (1789561126.089754)  can0  201   [6]  0F 00 00 00 00 00
 (1789561126.099764)  can0  201   [6]  0F 00 00 00 00 00
 (1789561126.109758)  can0  201   [6]  0F 00 00 00 00 00
 (1789561126.119782)  can0  201   [6]  0F 00 00 00 00 00
 (1789561126.129758)  can0  201   [6]  0F 00 00 00 00 00
 (1789561126.130527)  can0  181   [8]  27 14 27 14 00 00 00 00
 (1789561126.130721)  can0  281   [5]  03 00 00 00 00
 (1789561126.139779)  can0  201   [6]  0F 00 00 00 00 00
 (1789561126.149839)  can0  201   [6]  0F 00 00 00 00 00
 (1789561126.152729)  can0  701   [1]  05
 (1789561126.159778)  can0  201   [6]  0F 00 00 00 00 00
 (1789561126.169806)  can0  201   [6]  0F 00 00 00 00 00
 (1789561126.179741)  can0  201   [6]  0F 00 00 00 00 00
 (1789561126.180535)  can0  181   [8]  27 14 27 14 00 00 00 00
 (1789561126.180724)  can0  281   [5]  03 00 00 00 00
 (1789561126.189733)  can0  201   [6]  0F 00 00 00 00 00
 (1789561126.199811)  can0  201   [6]  0F 00 00 00 00 00
 (1789561126.209766)  can0  201   [6]  0F 00 00 00 00 00
 (1789561126.219757)  can0  201   [6]  0F 00 00 00 00 00
 (1789561126.229742)  can0  201   [6]  0F 00 00 00 00 00
 (1789561126.230547)  can0  181   [8]  27 14 27 14 00 00 00 00
 (1789561126.230740)  can0  281   [5]  03 00 00 00 00
 (1789561126.239741)  can0  201   [6]  0F 00 00 00 00 00
 (1789561126.249698)  can0  201   [6]  0F 00 00 00 00 00
 (1789561126.259701)  can0  201   [6]  0F 00 00 00 00 00
 (1789561126.269696)  can0  201   [6]  0F 00 00 00 00 00
 (1789561126.279696)  can0  201   [6]  0F 00 00 00 00 00
 (1789561126.280553)  can0  181   [8]  27 14 27 14 00 00 00 00
 (1789561126.280745)  can0  281   [5]  03 00 00 00 00
 (1789561126.289702)  can0  201   [6]  0F 00 00 00 00 00
 (1789561126.299695)  can0  201   [6]  0F 00 00 00 00 00
 (1789561126.309701)  can0  201   [6]  0F 00 00 00 00 00
 (1789561126.319696)  can0  201   [6]  0F 00 00 00 00 00
 (1789561126.329699)  can0  201   [6]  0F 00 00 00 00 00
 (1789561126.330563)  can0  181   [8]  27 14 27 14 00 00 00 00
 (1789561126.330757)  can0  281   [5]  03 00 00 00 00
 (1789561126.339695)  can0  201   [6]  0F 00 00 00 00 00
 (1789561126.349775)  can0  201   [6]  0F 00 00 00 00 00
 (1789561126.359709)  can0  201   [6]  0F 00 00 00 00 00
 (1789561126.369697)  can0  201   [6]  0F 00 00 00 00 00
 (1789561126.379702)  can0  201   [6]  0F 00 00 00 00 00
 (1789561126.380575)  can0  181   [8]  27 14 27 14 00 00 00 00
 (1789561126.380765)  can0  281   [5]  03 00 00 00 00
 (1789561126.389698)  can0  201   [6]  0F 00 00 00 00 00
 (1789561126.399701)  can0  201   [6]  0F 00 00 00 00 00
 (1789561126.402277)  can0  701   [1]  05
 (1789561126.409694)  can0  201   [6]  0F 00 00 00 00 00
 (1789561126.419695)  can0  201   [6]  0F 00 00 00 00 00
 (1789561126.429699)  can0  201   [6]  0F 00 00 00 00 00
 (1789561126.430583)  can0  181   [8]  27 14 27 14 00 00 00 00
 (1789561126.430776)  can0  281   [5]  03 00 00 00 00
 (1789561126.439695)  can0  201   [6]  0F 00 00 00 00 00
 (1789561126.449702)  can0  201   [6]  0F 00 00 00 00 00
 (1789561126.459697)  can0  201   [6]  0F 00 00 00 00 00
 (1789561126.469719)  can0  201   [6]  0F 00 00 00 00 00
 (1789561126.479752)  can0  201   [6]  0F 00 00 00 00 00
 (1789561126.480595)  can0  181   [8]  27 14 27 14 00 00 00 00
 (1789561126.480784)  can0  281   [5]  03 00 00 00 00
 (1789561126.489729)  can0  201   [6]  0F 00 00 00 00 00
 (1789561126.499784)  can0  201   [6]  0F 00 00 00 00 00
 (1789561126.509755)  can0  201   [6]  0F 00 00 00 00 00
 (1789561126.519816)  can0  201   [6]  0F 00 00 00 00 00
 (1789561126.529826)  can0  201   [6]  0F 00 00 00 00 00
 (1789561126.530604)  can0  181   [8]  27 14 27 14 00 00 00 00
 (1789561126.530793)  can0  281   [5]  03 00 00 00 00
 (1789561126.539801)  can0  201   [6]  0F 00 00 00 00 00
 (1789561126.549803)  can0  201   [6]  0F 00 00 00 00 00
 (1789561126.559789)  can0  201   [6]  0F 00 00 00 00 00
 (1789561126.569764)  can0  201   [6]  0F 00 00 00 00 00
 (1789561126.579740)  can0  201   [6]  0F 00 00 00 00 00
 (1789561126.580614)  can0  181   [8]  27 14 27 14 00 00 00 00
 (1789561126.580805)  can0  281   [5]  03 00 00 00 00
 (1789561126.589790)  can0  201   [6]  0F 00 00 00 00 00
 (1789561126.599703)  can0  201   [6]  0F 00 00 00 00 00
 (1789561126.609758)  can0  201   [6]  0F 00 00 00 00 00
 (1789561126.619730)  can0  201   [6]  0F 00 00 00 00 00
 (1789561126.629830)  can0  201   [6]  0F 00 00 00 00 00
 (1789561126.630567)  can0  181   [8]  27 14 27 14 00 00 00 00
 (1789561126.630757)  can0  281   [5]  03 00 00 00 00
 (1789561126.639707)  can0  201   [6]  0F 00 00 00 00 00
 (1789561126.649698)  can0  201   [6]  0F 00 00 00 00 00
 (1789561126.651768)  can0  701   [1]  05
 (1789561126.659701)  can0  201   [6]  0F 00 00 00 00 00
 (1789561126.669695)  can0  201   [6]  0F 00 00 00 00 00
 (1789561126.679701)  can0  201   [6]  0F 00 00 00 00 00
 (1789561126.680632)  can0  181   [8]  27 14 27 14 00 00 00 00
 (1789561126.680766)  can0  281   [5]  03 00 00 00 00
 (1789561126.689698)  can0  201   [6]  0F 00 00 00 00 00
 (1789561126.699695)  can0  201   [6]  0F 00 00 00 00 00
 (1789561126.709700)  can0  201   [6]  0F 00 00 00 00 00
 (1789561126.719696)  can0  201   [6]  0F 00 00 00 00 00
 (1789561126.729698)  can0  201   [6]  0F 00 00 00 00 00
 (1789561126.730642)  can0  181   [8]  27 14 27 14 00 00 00 00
 (1789561126.730833)  can0  281   [5]  03 00 00 00 00
 (1789561126.739698)  can0  201   [6]  0F 00 00 00 00 00
 (1789561126.749763)  can0  201   [6]  0F 00 00 00 00 00
 (1789561126.759699)  can0  201   [6]  0F 00 00 00 00 00
 (1789561126.769696)  can0  201   [6]  0F 00 00 00 00 00
 (1789561126.779701)  can0  201   [6]  0F 00 00 00 00 00
 (1789561126.780653)  can0  181   [8]  27 14 27 14 00 00 00 00
 (1789561126.780786)  can0  281   [5]  03 00 00 00 00
 (1789561126.789696)  can0  201   [6]  0F 00 00 00 00 00
 (1789561126.799702)  can0  201   [6]  0F 00 00 00 00 00
 (1789561126.809694)  can0  201   [6]  0F 00 00 00 00 00
 (1789561126.819700)  can0  201   [6]  0F 00 00 00 00 00
 (1789561126.829696)  can0  201   [6]  0F 00 00 00 00 00
 (1789561126.830662)  can0  181   [8]  27 14 27 14 00 00 00 00
 (1789561126.830853)  can0  281   [5]  03 00 00 00 00
 (1789561126.839694)  can0  201   [6]  0F 00 00 00 00 00
 (1789561126.849701)  can0  201   [6]  0F 00 00 00 00 00
 (1789561126.859696)  can0  201   [6]  0F 00 00 00 00 00
 (1789561126.869709)  can0  201   [6]  0F 00 00 00 00 00
 (1789561126.879750)  can0  201   [6]  0F 00 00 00 00 00
 (1789561126.880673)  can0  181   [8]  27 14 27 14 00 00 00 00
 (1789561126.880863)  can0  281   [5]  03 00 00 00 00
 (1789561126.889786)  can0  201   [6]  0F 00 00 00 00 00
 (1789561126.899758)  can0  201   [6]  0F 00 00 00 00 00
 (1789561126.901317)  can0  701   [1]  05
 (1789561126.909769)  can0  201   [6]  0F 00 00 00 00 00
 (1789561126.919832)  can0  201   [6]  0F 00 00 00 00 00
 (1789561126.929819)  can0  201   [6]  0F 00 00 00 00 00
 (1789561126.930683)  can0  181   [8]  27 14 27 14 00 00 00 00
 (1789561126.930873)  can0  281   [5]  03 00 00 00 00
 (1789561126.939842)  can0  201   [6]  0F 00 00 00 00 00
 (1789561126.949780)  can0  201   [6]  0F 00 00 00 00 00
 (1789561126.959804)  can0  201   [6]  0F 00 00 00 00 00
 (1789561126.969745)  can0  201   [6]  0F 00 00 00 00 00
 (1789561126.979759)  can0  201   [6]  0F 00 00 00 00 00
 (1789561126.980694)  can0  181   [8]  27 14 27 14 00 00 00 00
 (1789561126.980883)  can0  281   [5]  03 00 00 00 00
 (1789561126.989787)  can0  201   [6]  0F 00 00 00 00 00
 (1789561126.999743)  can0  201   [6]  0F 00 00 00 00 00
 (1789561127.009748)  can0  201   [6]  0F 00 00 00 00 00
 (1789561127.019726)  can0  201   [6]  0F 00 00 00 00 00
 (1789561127.029730)  can0  201   [6]  0F 00 00 00 00 00
 (1789561127.030704)  can0  181   [8]  27 14 27 14 00 00 00 00
 (1789561127.030893)  can0  281   [5]  03 00 00 00 00
 (1789561127.039698)  can0  201   [6]  0F 00 00 00 00 00
 (1789561127.049696)  can0  201   [6]  0F 00 00 00 00 00
 (1789561127.059710)  can0  201   [6]  0F 00 00 00 00 00
 (1789561127.069696)  can0  201   [6]  0F 00 00 00 00 00
 (1789561127.079700)  can0  201   [6]  0F 00 00 00 00 00
 (1789561127.080712)  can0  181   [8]  27 14 27 14 00 00 00 00
 (1789561127.080901)  can0  281   [5]  03 00 00 00 00
 (1789561127.089695)  can0  201   [6]  0F 00 00 00 00 00
 (1789561127.099700)  can0  201   [6]  0F 00 00 00 00 00
 (1789561127.109695)  can0  201   [6]  0F 00 00 00 00 00
 (1789561127.119693)  can0  201   [6]  0F 00 00 00 00 00
 (1789561127.129700)  can0  201   [6]  0F 00 00 00 00 00
 (1789561127.130720)  can0  181   [8]  27 14 27 14 00 00 00 00
 (1789561127.130910)  can0  281   [5]  03 00 00 00 00
 (1789561127.139638)  can0  201   [6]  0F 00 00 00 00 00
 (1789561127.149659)  can0  201   [6]  0F 00 00 00 00 00
 (1789561127.150810)  can0  701   [1]  05
 (1789561127.159698)  can0  201   [6]  0F 00 00 00 00 00
 (1789561127.169702)  can0  201   [6]  0F 00 00 00 00 00
 (1789561127.179696)  can0  201   [6]  0F 00 00 00 00 00
 (1789561127.180730)  can0  181   [8]  27 14 27 14 00 00 00 00
 (1789561127.180921)  can0  281   [5]  03 00 00 00 00
 (1789561127.189697)  can0  201   [6]  0F 00 00 00 00 00
 (1789561127.199701)  can0  201   [6]  0F 00 00 00 00 00
 (1789561127.209693)  can0  201   [6]  0F 00 00 00 00 00
 (1789561127.219701)  can0  201   [6]  0F 00 00 00 00 00
 (1789561127.229696)  can0  201   [6]  0F 00 00 00 00 00
 (1789561127.230740)  can0  181   [8]  27 14 27 14 00 00 00 00
 (1789561127.230932)  can0  281   [5]  03 00 00 00 00
 (1789561127.239700)  can0  201   [6]  0F 00 00 00 00 00
 (1789561127.249665)  can0  201   [6]  0F 00 00 00 00 00
 (1789561127.259584)  can0  201   [6]  0F 00 00 00 00 00
 (1789561127.269672)  can0  201   [6]  0F 00 00 00 00 00
 (1789561127.279718)  can0  201   [6]  0F 00 00 00 00 00
 (1789561127.280749)  can0  181   [8]  27 14 27 14 00 00 00 00
 (1789561127.280939)  can0  281   [5]  03 00 00 00 00
 (1789561127.289782)  can0  201   [6]  0F 00 00 00 00 00
 (1789561127.299784)  can0  201   [6]  0F 00 00 00 00 00
 (1789561127.309740)  can0  201   [6]  0F 00 00 00 00 00
 (1789561127.319828)  can0  201   [6]  0F 00 00 00 00 00
 (1789561127.329845)  can0  201   [6]  0F 00 00 00 00 00
 (1789561127.330763)  can0  181   [8]  27 14 27 14 00 00 00 00
 (1789561127.330951)  can0  281   [5]  03 00 00 00 00
 (1789561127.339786)  can0  201   [6]  0F 00 00 00 00 00
 (1789561127.349796)  can0  201   [6]  0F 00 00 00 00 00
 (1789561127.359760)  can0  201   [6]  0F 00 00 00 00 00
 (1789561127.369752)  can0  201   [6]  0F 00 00 00 00 00
 (1789561127.379820)  can0  201   [6]  0F 00 00 00 00 00
 (1789561127.380770)  can0  181   [8]  27 14 27 14 00 00 00 00
 (1789561127.380958)  can0  281   [5]  03 00 00 00 00
 (1789561127.389696)  can0  201   [6]  0F 00 00 00 00 00
 (1789561127.399749)  can0  201   [6]  0F 00 00 00 00 00
 (1789561127.400355)  can0  701   [1]  05
 (1789561127.409679)  can0  201   [6]  0F 00 00 00 00 00
 (1789561127.419741)  can0  201   [6]  0F 00 00 00 00 00
 (1789561127.429706)  can0  201   [6]  0F 00 00 00 00 00
 (1789561127.430781)  can0  181   [8]  27 14 27 14 00 00 00 00
 (1789561127.430913)  can0  281   [5]  03 00 00 00 00
 (1789561127.439699)  can0  201   [6]  0F 00 00 00 00 00
 (1789561127.449647)  can0  201   [6]  0F 00 00 00 00 00
 (1789561127.459696)  can0  201   [6]  0F 00 00 00 00 00
 (1789561127.469695)  can0  201   [6]  0F 00 00 00 00 00
 (1789561127.479701)  can0  201   [6]  0F 00 00 00 00 00
 (1789561127.480789)  can0  181   [8]  27 14 27 14 00 00 00 00
 (1789561127.480981)  can0  281   [5]  03 00 00 00 00
 (1789561127.489697)  can0  201   [6]  0F 00 00 00 00 00
 (1789561127.499701)  can0  201   [6]  0F 00 00 00 00 00
 (1789561127.509697)  can0  201   [6]  0F 00 00 00 00 00
 (1789561127.519703)  can0  201   [6]  0F 00 00 00 00 00
 (1789561127.529700)  can0  201   [6]  0F 00 00 00 00 00
 (1789561127.530748)  can0  181   [8]  27 14 27 14 00 00 00 00
 (1789561127.530934)  can0  281   [5]  03 00 00 00 00
 (1789561127.539741)  can0  201   [6]  0F 00 00 00 00 00
 (1789561127.549709)  can0  201   [6]  0F 00 00 00 00 00
 (1789561127.559697)  can0  201   [6]  0F 00 00 00 00 00
 (1789561127.569701)  can0  201   [6]  0F 00 00 00 00 00
 (1789561127.579696)  can0  201   [6]  0F 00 00 00 00 00
 (1789561127.580810)  can0  181   [8]  27 14 27 14 00 00 00 00
 (1789561127.580999)  can0  281   [5]  03 00 00 00 00
 (1789561127.589701)  can0  201   [6]  0F 00 00 00 00 00
 (1789561127.599701)  can0  201   [6]  0F 00 00 00 00 00
 (1789561127.609696)  can0  201   [6]  0F 00 00 00 00 00
 (1789561127.619701)  can0  201   [6]  0F 00 00 00 00 00
 (1789561127.629695)  can0  201   [6]  0F 00 00 00 00 00
 (1789561127.630820)  can0  181   [8]  27 14 27 14 00 00 00 00
 (1789561127.630954)  can0  281   [5]  03 00 00 00 00
 (1789561127.639702)  can0  201   [6]  0F 00 00 00 00 00
 (1789561127.649705)  can0  201   [6]  0F 00 00 00 00 00
 (1789561127.649907)  can0  701   [1]  05
 (1789561127.659759)  can0  201   [6]  0F 00 00 00 00 00
 (1789561127.669742)  can0  201   [6]  0F 00 00 00 00 00
 (1789561127.679770)  can0  201   [6]  0F 00 00 00 00 00
 (1789561127.680831)  can0  181   [8]  27 14 27 14 00 00 00 00
 (1789561127.681019)  can0  281   [5]  03 00 00 00 00
 (1789561127.689758)  can0  201   [6]  0F 00 00 00 00 00
 (1789561127.699756)  can0  201   [6]  0F 00 00 00 00 00
 (1789561127.709848)  can0  201   [6]  0F 00 00 00 00 00
 (1789561127.719773)  can0  201   [6]  0F 00 00 00 00 00
 (1789561127.729845)  can0  201   [6]  0F 00 00 00 00 00
 (1789561127.730842)  can0  181   [8]  27 14 27 14 00 00 00 00
 (1789561127.731030)  can0  281   [5]  03 00 00 00 00
 (1789561127.739794)  can0  201   [6]  0F 00 00 00 00 00
 (1789561127.749778)  can0  201   [6]  0F 00 00 00 00 00
 (1789561127.759747)  can0  201   [6]  0F 00 00 00 00 00
 (1789561127.769781)  can0  201   [6]  0F 00 00 00 00 00
 (1789561127.779777)  can0  201   [6]  0F 00 00 00 00 00
 (1789561127.780850)  can0  181   [8]  27 14 27 14 00 00 00 00
 (1789561127.781039)  can0  281   [5]  03 00 00 00 00
 (1789561127.789745)  can0  201   [6]  0F 00 00 00 00 00
 (1789561127.799749)  can0  201   [6]  0F 00 00 00 00 00
 (1789561127.809733)  can0  201   [6]  0F 00 00 00 00 00
 (1789561127.819720)  can0  201   [6]  0F 00 00 00 00 00
 (1789561127.829706)  can0  201   [6]  0F 00 00 00 00 00
 (1789561127.830860)  can0  181   [8]  27 14 27 14 00 00 00 00
 (1789561127.830992)  can0  281   [5]  03 00 00 00 00
 (1789561127.839696)  can0  201   [6]  0F 00 00 00 00 00
 (1789561127.849701)  can0  201   [6]  0F 00 00 00 00 00
 (1789561127.859697)  can0  201   [6]  0F 00 00 00 00 00
 (1789561127.869695)  can0  201   [6]  0F 00 00 00 00 00
 (1789561127.879700)  can0  201   [6]  0F 00 00 00 00 00
 (1789561127.880867)  can0  181   [8]  27 14 27 14 00 00 00 00
 (1789561127.881058)  can0  281   [5]  03 00 00 00 00
 (1789561127.889695)  can0  201   [6]  0F 00 00 00 00 00
 (1789561127.899454)  can0  701   [1]  05
 (1789561127.899700)  can0  201   [6]  0F 00 00 00 00 00
 (1789561127.909694)  can0  201   [6]  0F 00 00 00 00 00
 (1789561127.919702)  can0  201   [6]  0F 00 00 00 00 00
 (1789561127.929757)  can0  201   [6]  0F 00 00 00 00 00
 (1789561127.930879)  can0  181   [8]  27 14 27 14 00 00 00 00
 (1789561127.931069)  can0  281   [5]  03 00 00 00 00
 (1789561127.939727)  can0  201   [6]  0F 00 00 00 00 00
 (1789561127.949696)  can0  201   [6]  0F 00 00 00 00 00
 (1789561127.959696)  can0  201   [6]  0F 00 00 00 00 00
 (1789561127.969702)  can0  201   [6]  0F 00 00 00 00 00
 (1789561127.979695)  can0  201   [6]  0F 00 00 00 00 00
 (1789561127.980889)  can0  181   [8]  27 14 27 14 00 00 00 00
 (1789561127.981080)  can0  281   [5]  03 00 00 00 00
 (1789561127.989702)  can0  201   [6]  0F 00 00 00 00 00
 (1789561127.999693)  can0  201   [6]  0F 00 00 00 00 00
 (1789561128.009718)  can0  201   [6]  0F 00 00 00 00 00
 (1789561128.019697)  can0  201   [6]  0F 00 00 00 00 00
 (1789561128.029693)  can0  201   [6]  0F 00 00 00 00 00
 (1789561128.030895)  can0  181   [8]  27 14 27 14 00 00 00 00
 (1789561128.031087)  can0  281   [5]  03 00 00 00 00
 (1789561128.039708)  can0  201   [6]  0F 00 00 00 00 00
 (1789561128.049704)  can0  201   [6]  0F 00 00 00 00 00
 (1789561128.059761)  can0  201   [6]  0F 00 00 00 00 00
 (1789561128.069724)  can0  201   [6]  0F 00 00 00 00 00
 (1789561128.079778)  can0  201   [6]  0F 00 00 00 00 00
 (1789561128.080908)  can0  181   [8]  27 14 27 14 00 00 00 00
 (1789561128.081098)  can0  281   [5]  03 00 00 00 00
 (1789561128.089782)  can0  201   [6]  0F 00 00 00 00 00
 (1789561128.099726)  can0  201   [6]  0F 00 00 00 00 00
 (1789561128.109819)  can0  201   [6]  0F 00 00 00 00 00
 (1789561128.119857)  can0  201   [6]  0F 00 00 00 00 00
 (1789561128.129781)  can0  201   [6]  0F 00 00 00 00 00
 (1789561128.130919)  can0  181   [8]  27 14 27 14 00 00 00 00
 (1789561128.131108)  can0  281   [5]  03 00 00 00 00
 (1789561128.139788)  can0  201   [6]  0F 00 00 00 00 00
 (1789561128.148944)  can0  701   [1]  05
 (1789561128.149432)  can0  201   [6]  0F 00 00 00 00 00
 (1789561128.159741)  can0  201   [6]  0F 00 00 00 00 00
 (1789561128.169808)  can0  201   [6]  0F 00 00 00 00 00
 (1789561128.179766)  can0  201   [6]  0F 00 00 00 00 00
 (1789561128.180926)  can0  181   [8]  27 14 27 14 00 00 00 00
 (1789561128.181060)  can0  281   [5]  03 00 00 00 00
 (1789561128.189740)  can0  201   [6]  0F 00 00 00 00 00
 (1789561128.199675)  can0  201   [6]  0F 00 00 00 00 00
 (1789561128.209730)  can0  201   [6]  0F 00 00 00 00 00
 (1789561128.219705)  can0  201   [6]  0F 00 00 00 00 00
 (1789561128.229697)  can0  201   [6]  0F 00 00 00 00 00
 (1789561128.230938)  can0  181   [8]  27 14 27 14 00 00 00 00
 (1789561128.231127)  can0  281   [5]  03 00 00 00 00
 (1789561128.239696)  can0  201   [6]  0F 00 00 00 00 00
 (1789561128.249702)  can0  201   [6]  0F 00 00 00 00 00
 (1789561128.259698)  can0  201   [6]  0F 00 00 00 00 00
 (1789561128.269701)  can0  201   [6]  0F 00 00 00 00 00
 (1789561128.279697)  can0  201   [6]  0F 00 00 00 00 00
 (1789561128.280947)  can0  181   [8]  27 14 27 14 00 00 00 00
 (1789561128.281137)  can0  281   [5]  03 00 00 00 00
 (1789561128.289702)  can0  201   [6]  0F 00 00 00 00 00
 (1789561128.299695)  can0  201   [6]  0F 00 00 00 00 00
 (1789561128.309696)  can0  201   [6]  0F 00 00 00 00 00
 (1789561128.319889)  can0  201   [6]  0F 00 00 00 00 00
 (1789561128.329709)  can0  201   [6]  0F 00 00 00 00 00
 (1789561128.330956)  can0  181   [8]  27 14 27 14 00 00 00 00
 (1789561128.331144)  can0  281   [5]  03 00 00 00 00
 (1789561128.339703)  can0  201   [6]  0F 00 00 00 00 00
 (1789561128.349696)  can0  201   [6]  0F 00 00 00 00 00
 (1789561128.359702)  can0  201   [6]  0F 00 00 00 00 00
 (1789561128.369696)  can0  201   [6]  0F 00 00 00 00 00
 (1789561128.379696)  can0  201   [6]  0F 00 00 00 00 00
 (1789561128.380903)  can0  181   [8]  27 14 27 14 00 00 00 00
 (1789561128.381037)  can0  281   [5]  03 00 00 00 00
 (1789561128.389700)  can0  201   [6]  0F 00 00 00 00 00
 (1789561128.398491)  can0  701   [1]  05
 (1789561128.399697)  can0  201   [6]  0F 00 00 00 00 00
 (1789561128.409700)  can0  201   [6]  0F 00 00 00 00 00
 (1789561128.419694)  can0  201   [6]  0F 00 00 00 00 00
 (1789561128.429703)  can0  201   [6]  0F 00 00 00 00 00
 (1789561128.430851)  can0  181   [8]  27 14 27 14 00 00 00 00
 (1789561128.431042)  can0  281   [5]  03 00 00 00 00
 (1789561128.439706)  can0  201   [6]  0F 00 00 00 00 00
 (1789561128.449733)  can0  201   [6]  0F 00 00 00 00 00
 (1789561128.459736)  can0  201   [6]  0F 00 00 00 00 00
 (1789561128.469770)  can0  201   [6]  0F 00 00 00 00 00
 (1789561128.479754)  can0  201   [6]  0F 00 00 00 00 00
 (1789561128.480807)  can0  181   [8]  27 14 27 14 00 00 00 00
 (1789561128.480996)  can0  281   [5]  03 00 00 00 00
 (1789561128.489759)  can0  201   [6]  0F 00 00 00 00 00
 (1789561128.499846)  can0  201   [6]  0F 00 00 00 00 00
 (1789561128.509770)  can0  201   [6]  0F 00 00 00 00 00
 (1789561128.519830)  can0  201   [6]  0F 00 00 00 00 00
 (1789561128.529816)  can0  201   [6]  0F 00 00 00 00 00
 (1789561128.530746)  can0  181   [8]  27 14 27 14 00 00 00 00
 (1789561128.530937)  can0  281   [5]  03 00 00 00 00
 (1789561128.539768)  can0  201   [6]  0F 00 00 00 00 00
 (1789561128.549767)  can0  201   [6]  0F 00 00 00 00 00
 (1789561128.559795)  can0  201   [6]  0F 00 00 00 00 00
 (1789561128.569782)  can0  201   [6]  0F 00 00 00 00 00
 (1789561128.579747)  can0  201   [6]  0F 00 00 00 00 00
 (1789561128.580696)  can0  181   [8]  27 14 27 14 00 00 00 00
 (1789561128.580884)  can0  281   [5]  03 00 00 00 00
 (1789561128.589740)  can0  201   [6]  0F 00 00 00 00 00
 (1789561128.599731)  can0  201   [6]  0F 00 00 00 00 00
 (1789561128.609714)  can0  201   [6]  0F 00 00 00 00 00
 (1789561128.619703)  can0  201   [6]  0F 00 00 00 00 00
 (1789561128.629695)  can0  201   [6]  0F 00 00 00 00 00
 (1789561128.630641)  can0  181   [8]  27 14 27 14 00 00 00 00
 (1789561128.630776)  can0  281   [5]  03 00 00 00 00
 (1789561128.639703)  can0  201   [6]  0F 00 00 00 00 00
 (1789561128.648040)  can0  701   [1]  05
 (1789561128.649696)  can0  201   [6]  0F 00 00 00 00 00
 (1789561128.659694)  can0  201   [6]  0F 00 00 00 00 00
 (1789561128.669701)  can0  201   [6]  0F 00 00 00 00 00
 (1789561128.679695)  can0  201   [6]  0F 00 00 00 00 00
 (1789561128.680651)  can0  181   [8]  27 14 27 14 00 00 00 00
 (1789561128.680842)  can0  281   [5]  03 00 00 00 00
 (1789561128.689701)  can0  201   [6]  0F 00 00 00 00 00
 (1789561128.699695)  can0  201   [6]  0F 00 00 00 00 00
 (1789561128.709700)  can0  201   [6]  0F 00 00 00 00 00
 (1789561128.719757)  can0  201   [6]  0F 00 00 00 00 00
 (1789561128.729705)  can0  201   [6]  0F 00 00 00 00 00
 (1789561128.730659)  can0  181   [8]  27 14 27 14 00 00 00 00
 (1789561128.730850)  can0  281   [5]  03 00 00 00 00
 (1789561128.739703)  can0  201   [6]  0F 00 00 00 00 00
 (1789561128.749693)  can0  201   [6]  0F 00 00 00 00 00
 (1789561128.759699)  can0  201   [6]  0F 00 00 00 00 00
 (1789561128.769695)  can0  201   [6]  0F 00 00 00 00 00
 (1789561128.779705)  can0  201   [6]  0F 00 00 00 00 00
 (1789561128.780670)  can0  181   [8]  27 14 27 14 00 00 00 00
 (1789561128.780862)  can0  281   [5]  03 00 00 00 00
 (1789561128.789694)  can0  201   [6]  0F 00 00 00 00 00
 (1789561128.799693)  can0  201   [6]  0F 00 00 00 00 00
 (1789561128.809702)  can0  201   [6]  0F 00 00 00 00 00
 (1789561128.819694)  can0  201   [6]  0F 00 00 00 00 00
 (1789561128.829712)  can0  201   [6]  0F 00 00 00 00 00
 (1789561128.830681)  can0  181   [8]  27 14 27 14 00 00 00 00
 (1789561128.830871)  can0  281   [5]  03 00 00 00 00
 (1789561128.839701)  can0  201   [6]  0F 00 00 00 00 00
 (1789561128.849770)  can0  201   [6]  0F 00 00 00 00 00
 (1789561128.859734)  can0  201   [6]  0F 00 00 00 00 00
 (1789561128.869729)  can0  201   [6]  0F 00 00 00 00 00
 (1789561128.879731)  can0  201   [6]  0F 00 00 00 00 00
 (1789561128.880690)  can0  181   [8]  27 14 27 14 00 00 00 00
 (1789561128.880880)  can0  281   [5]  03 00 00 00 00
 (1789561128.889720)  can0  201   [6]  0F 00 00 00 00 00
 (1789561128.897657)  can0  701   [1]  05
 (1789561128.899705)  can0  201   [6]  0F 00 00 00 00 00
 (1789561128.909695)  can0  201   [6]  0F 00 00 00 00 00
 (1789561128.919703)  can0  201   [6]  0F 00 00 00 00 00
 (1789561128.929694)  can0  201   [6]  0F 00 00 00 00 00
 (1789561128.930699)  can0  181   [8]  27 14 27 14 00 00 00 00
 (1789561128.930891)  can0  281   [5]  03 00 00 00 00
 (1789561128.939697)  can0  201   [6]  0F 00 00 00 00 00
 (1789561128.949700)  can0  201   [6]  0F 00 00 00 00 00
 (1789561128.959696)  can0  201   [6]  0F 00 00 00 00 00
 (1789561128.969699)  can0  201   [6]  0F 00 00 00 00 00
 (1789561128.979695)  can0  201   [6]  0F 00 00 00 00 00
 (1789561128.980711)  can0  181   [8]  27 14 27 14 00 00 00 00
 (1789561128.980901)  can0  281   [5]  03 00 00 00 00
 (1789561128.989704)  can0  201   [6]  0F 00 00 00 00 00
 (1789561128.999760)  can0  201   [6]  0F 00 00 00 00 00
 (1789561129.009706)  can0  201   [6]  0F 00 00 00 00 00
 (1789561129.019703)  can0  201   [6]  0F 00 00 00 00 00
 (1789561129.029697)  can0  201   [6]  0F 00 00 00 00 00
 (1789561129.030721)  can0  181   [8]  27 14 27 14 00 00 00 00
 (1789561129.030909)  can0  281   [5]  03 00 00 00 00
 (1789561129.039699)  can0  201   [6]  0F 00 00 00 00 00
 (1789561129.049696)  can0  201   [6]  0F 00 00 00 00 00
 (1789561129.059704)  can0  201   [6]  0F 00 00 00 00 00
 (1789561129.069695)  can0  201   [6]  0F 00 00 00 00 00
 (1789561129.079641)  can0  201   [6]  0F 00 00 00 00 00
 (1789561129.080730)  can0  181   [8]  27 14 27 14 00 00 00 00
 (1789561129.080920)  can0  281   [5]  03 00 00 00 00
 (1789561129.089700)  can0  201   [6]  0F 00 00 00 00 00
 (1789561129.099697)  can0  201   [6]  0F 00 00 00 00 00
 (1789561129.109655)  can0  201   [6]  0F 00 00 00 00 00
 (1789561129.119701)  can0  201   [6]  0F 00 00 00 00 00
 (1789561129.129764)  can0  201   [6]  0F 00 00 00 00 00
 (1789561129.130739)  can0  181   [8]  27 14 27 14 00 00 00 00
 (1789561129.130929)  can0  281   [5]  03 00 00 00 00
 (1789561129.139727)  can0  201   [6]  0F 00 00 00 00 00
 (1789561129.147151)  can0  701   [1]  05
 (1789561129.149760)  can0  201   [6]  0F 00 00 00 00 00
 (1789561129.159798)  can0  201   [6]  0F 00 00 00 00 00
 (1789561129.169715)  can0  201   [6]  0F 00 00 00 00 00
 (1789561129.179818)  can0  201   [6]  0F 00 00 00 00 00
 (1789561129.180750)  can0  181   [8]  27 14 27 14 00 00 00 00
 (1789561129.180940)  can0  281   [5]  03 00 00 00 00
 (1789561129.189847)  can0  201   [6]  0F 00 00 00 00 00
 (1789561129.199799)  can0  201   [6]  0F 00 00 00 00 00
 (1789561129.209779)  can0  201   [6]  0F 00 00 00 00 00
 (1789561129.219756)  can0  201   [6]  0F 00 00 00 00 00
 (1789561129.229734)  can0  201   [6]  0F 00 00 00 00 00
 (1789561129.230762)  can0  181   [8]  27 14 27 14 00 00 00 00
 (1789561129.230892)  can0  281   [5]  03 00 00 00 00
 (1789561129.239813)  can0  201   [6]  0F 00 00 00 00 00
 (1789561129.249760)  can0  201   [6]  0F 00 00 00 00 00
 (1789561129.259742)  can0  201   [6]  0F 00 00 00 00 00
 (1789561129.269738)  can0  201   [6]  0F 00 00 00 00 00
 (1789561129.279736)  can0  201   [6]  0F 00 00 00 00 00
 (1789561129.280770)  can0  181   [8]  27 14 27 14 00 00 00 00
 (1789561129.280959)  can0  281   [5]  03 00 00 00 00
 (1789561129.289698)  can0  201   [6]  0F 00 00 00 00 00
 (1789561129.299700)  can0  201   [6]  0F 00 00 00 00 00
 (1789561129.309697)  can0  201   [6]  0F 00 00 00 00 00
 (1789561129.319702)  can0  201   [6]  0F 00 00 00 00 00
 (1789561129.329694)  can0  201   [6]  0F 00 00 00 00 00
 (1789561129.330779)  can0  181   [8]  27 14 27 14 00 00 00 00
 (1789561129.330969)  can0  281   [5]  03 00 00 00 00
 (1789561129.339701)  can0  201   [6]  0F 00 00 00 00 00
 (1789561129.349694)  can0  201   [6]  0F 00 00 00 00 00
 (1789561129.359696)  can0  201   [6]  0F 00 00 00 00 00
 (1789561129.369701)  can0  201   [6]  0F 00 00 00 00 00
 (1789561129.379694)  can0  201   [6]  0F 00 00 00 00 00
 (1789561129.380787)  can0  181   [8]  27 14 27 14 00 00 00 00
 (1789561129.380977)  can0  281   [5]  03 00 00 00 00
 (1789561129.390086)  can0  201   [6]  0F 00 00 00 00 00
 (1789561129.396757)  can0  701   [1]  05
 (1789561129.399705)  can0  201   [6]  0F 00 00 00 00 00
 (1789561129.409701)  can0  201   [6]  0F 00 00 00 00 00
 (1789561129.419695)  can0  201   [6]  0F 00 00 00 00 00
 (1789561129.429695)  can0  201   [6]  0F 00 00 00 00 00
 (1789561129.430797)  can0  181   [8]  27 14 27 14 00 00 00 00
 (1789561129.430989)  can0  281   [5]  03 00 00 00 00
 (1789561129.439704)  can0  201   [6]  0F 00 00 00 00 00
 (1789561129.449696)  can0  201   [6]  0F 00 00 00 00 00
 (1789561129.459700)  can0  201   [6]  0F 00 00 00 00 00
 (1789561129.469695)  can0  201   [6]  0F 00 00 00 00 00
 (1789561129.479704)  can0  201   [6]  0F 00 00 00 00 00
 (1789561129.480805)  can0  181   [8]  27 14 27 14 00 00 00 00
 (1789561129.480998)  can0  281   [5]  03 00 00 00 00
 (1789561129.489697)  can0  201   [6]  0F 00 00 00 00 00
 (1789561129.499693)  can0  201   [6]  0F 00 00 00 00 00
 (1789561129.509713)  can0  201   [6]  0F 00 00 00 00 00
 (1789561129.519741)  can0  201   [6]  0F 00 00 00 00 00
 (1789561129.529748)  can0  201   [6]  0F 00 00 00 00 00
 (1789561129.530819)  can0  181   [8]  27 14 27 14 00 00 00 00
 (1789561129.531009)  can0  281   [5]  03 00 00 00 00
 (1789561129.539734)  can0  201   [6]  0F 00 00 00 00 00
 (1789561129.549730)  can0  201   [6]  0F 00 00 00 00 00
 (1789561129.559732)  can0  201   [6]  0F 00 00 00 00 00
 (1789561129.569699)  can0  201   [6]  0F 00 00 00 00 00
 (1789561129.579704)  can0  201   [6]  0F 00 00 00 00 00
 (1789561129.580828)  can0  181   [8]  27 14 27 14 00 00 00 00
 (1789561129.581018)  can0  281   [5]  03 00 00 00 00
 (1789561129.589695)  can0  201   [6]  0F 00 00 00 00 00
 (1789561129.599701)  can0  201   [6]  0F 00 00 00 00 00
 (1789561129.609694)  can0  201   [6]  0F 00 00 00 00 00
 (1789561129.619703)  can0  201   [6]  0F 00 00 00 00 00
 (1789561129.629695)  can0  201   [6]  0F 00 00 00 00 00
 (1789561129.630838)  can0  181   [8]  27 14 27 14 00 00 00 00
 (1789561129.630972)  can0  281   [5]  03 00 00 00 00
 (1789561129.639696)  can0  201   [6]  0F 00 00 00 00 00
 (1789561129.646303)  can0  701   [1]  05
 (1789561129.649701)  can0  201   [6]  0F 00 00 00 00 00
 (1789561129.659695)  can0  201   [6]  0F 00 00 00 00 00
 (1789561129.669704)  can0  201   [6]  0F 00 00 00 00 00
 (1789561129.679750)  can0  201   [6]  0F 00 00 00 00 00
 (1789561129.680856)  can0  181   [8]  27 14 27 14 00 00 00 00
 (1789561129.681047)  can0  281   [5]  03 00 00 00 00
 (1789561129.689724)  can0  201   [6]  0F 00 00 00 00 00
 (1789561129.699702)  can0  201   [6]  0F 00 00 00 00 00
 (1789561129.709695)  can0  201   [6]  0F 00 00 00 00 00
 (1789561129.719702)  can0  201   [6]  0F 00 00 00 00 00
 (1789561129.729695)  can0  201   [6]  0F 00 00 00 00 00
 (1789561129.730857)  can0  181   [8]  27 14 27 14 00 00 00 00
 (1789561129.731048)  can0  281   [5]  03 00 00 00 00
 (1789561129.739703)  can0  201   [6]  0F 00 00 00 00 00
 (1789561129.749696)  can0  201   [6]  0F 00 00 00 00 00
 (1789561129.759720)  can0  201   [6]  0F 00 00 00 00 00
 (1789561129.769699)  can0  201   [6]  0F 00 00 00 00 00
 (1789561129.779696)  can0  201   [6]  0F 00 00 00 00 00
 (1789561129.780809)  can0  181   [8]  27 14 27 14 00 00 00 00
 (1789561129.781000)  can0  281   [5]  03 00 00 00 00
 (1789561129.789715)  can0  201   [6]  0F 00 00 00 00 00
 (1789561129.799731)  can0  201   [6]  0F 00 00 00 00 00
 (1789561129.809748)  can0  201   [6]  0F 00 00 00 00 00
 (1789561129.819765)  can0  201   [6]  0F 00 00 00 00 00
 (1789561129.829774)  can0  201   [6]  0F 00 00 00 00 00
 (1789561129.830815)  can0  181   [8]  27 14 27 14 00 00 00 00
 (1789561129.831004)  can0  281   [5]  03 00 00 00 00
 (1789561129.839770)  can0  201   [6]  0F 00 00 00 00 00
 (1789561129.849843)  can0  201   [6]  0F 00 00 00 00 00
 (1789561129.859767)  can0  201   [6]  0F 00 00 00 00 00
 (1789561129.869828)  can0  201   [6]  0F 00 00 00 00 00
 (1789561129.879815)  can0  201   [6]  0F 00 00 00 00 00
 (1789561129.880777)  can0  181   [8]  27 14 27 14 00 00 00 00
 (1789561129.880964)  can0  281   [5]  03 00 00 00 00
 (1789561129.889774)  can0  201   [6]  0F 00 00 00 00 00
 (1789561129.895856)  can0  701   [1]  05
 (1789561129.899777)  can0  201   [6]  0F 00 00 00 00 00
 (1789561129.909776)  can0  201   [6]  0F 00 00 00 00 00
 (1789561129.919712)  can0  201   [6]  0F 00 00 00 00 00
 (1789561129.929752)  can0  201   [6]  0F 00 00 00 00 00
 (1789561129.930772)  can0  181   [8]  27 14 27 14 00 00 00 00
 (1789561129.930962)  can0  281   [5]  03 00 00 00 00
 (1789561129.939732)  can0  201   [6]  0F 00 00 00 00 00
 (1789561129.949742)  can0  201   [6]  0F 00 00 00 00 00
 (1789561129.959722)  can0  201   [6]  0F 00 00 00 00 00
 (1789561129.969725)  can0  201   [6]  0F 00 00 00 00 00
 (1789561129.979704)  can0  201   [6]  0F 00 00 00 00 00
 (1789561129.980722)  can0  181   [8]  27 14 27 14 00 00 00 00
 (1789561129.980909)  can0  281   [5]  03 00 00 00 00
 (1789561129.989697)  can0  201   [6]  0F 00 00 00 00 00
 (1789561129.999700)  can0  201   [6]  0F 00 00 00 00 00
 (1789561130.009695)  can0  201   [6]  0F 00 00 00 00 00
 (1789561130.019702)  can0  201   [6]  0F 00 00 00 00 00
 (1789561130.029696)  can0  201   [6]  0F 00 00 00 00 00
 (1789561130.030666)  can0  181   [8]  27 14 27 14 00 00 00 00
 (1789561130.030858)  can0  281   [5]  03 00 00 00 00
 (1789561130.039718)  can0  201   [6]  0F 00 00 00 00 00
 (1789561130.049701)  can0  201   [6]  0F 00 00 00 00 00
 (1789561130.059697)  can0  201   [6]  0F 00 00 00 00 00
 (1789561130.069766)  can0  201   [6]  0F 00 00 00 00 00
 (1789561130.079699)  can0  201   [6]  0F 00 00 00 00 00
 (1789561130.080614)  can0  181   [8]  27 14 27 14 00 00 00 00
 (1789561130.080747)  can0  281   [5]  03 00 00 00 00
 (1789561130.089704)  can0  201   [6]  0F 00 00 00 00 00
 (1789561130.099697)  can0  201   [6]  0F 00 00 00 00 00
 (1789561130.109718)  can0  201   [6]  0F 00 00 00 00 00
 (1789561130.119701)  can0  201   [6]  0F 00 00 00 00 00
 (1789561130.129696)  can0  201   [6]  0F 00 00 00 00 00
 (1789561130.130560)  can0  181   [8]  27 14 27 14 00 00 00 00
 (1789561130.130752)  can0  281   [5]  03 00 00 00 00
 (1789561130.139707)  can0  201   [6]  0F 00 00 00 00 00
 (1789561130.145407)  can0  701   [1]  05
 (1789561130.149696)  can0  201   [6]  0F 00 00 00 00 00
 (1789561130.159702)  can0  201   [6]  0F 00 00 00 00 00
 (1789561130.169696)  can0  201   [6]  0F 00 00 00 00 00
 (1789561130.179732)  can0  201   [6]  0F 00 00 00 00 00
 (1789561130.180508)  can0  181   [8]  27 14 27 14 00 00 00 00
 (1789561130.180713)  can0  281   [5]  03 00 00 00 00
 (1789561130.189711)  can0  201   [6]  0F 00 00 00 00 00
 (1789561130.199763)  can0  201   [6]  0F 00 00 00 00 00
 (1789561130.209740)  can0  201   [6]  0F 00 00 00 00 00
 (1789561130.219727)  can0  201   [6]  0F 00 00 00 00 00
 (1789561130.229732)  can0  201   [6]  0F 00 00 00 00 00
 (1789561130.230457)  can0  181   [8]  27 14 27 14 00 00 00 00
 (1789561130.230665)  can0  281   [5]  03 00 00 00 00
 (1789561130.239722)  can0  201   [6]  0F 00 00 00 00 00
 (1789561130.249728)  can0  201   [6]  0F 00 00 00 00 00
 (1789561130.259701)  can0  201   [6]  0F 00 00 00 00 00
 (1789561130.269695)  can0  201   [6]  0F 00 00 00 00 00
 (1789561130.279704)  can0  201   [6]  0F 00 00 00 00 00
 (1789561130.280403)  can0  181   [8]  27 14 27 14 00 00 00 00
 (1789561130.280666)  can0  281   [5]  03 00 00 00 00
 (1789561130.289696)  can0  201   [6]  0F 00 00 00 00 00
 (1789561130.299702)  can0  201   [6]  0F 00 00 00 00 00
 (1789561130.309696)  can0  201   [6]  0F 00 00 00 00 00
 (1789561130.319719)  can0  201   [6]  0F 00 00 00 00 00
 (1789561130.329702)  can0  201   [6]  0F 00 00 00 00 00
 (1789561130.330350)  can0  181   [8]  27 14 27 14 00 00 00 00
 (1789561130.330617)  can0  281   [5]  03 00 00 00 00
 (1789561130.339695)  can0  201   [6]  0F 00 00 00 00 00
 (1789561130.349770)  can0  201   [6]  0F 00 00 00 00 00
 (1789561130.359701)  can0  201   [6]  0F 00 00 00 00 00
 (1789561130.369701)  can0  201   [6]  0F 00 00 00 00 00
 (1789561130.379696)  can0  201   [6]  0F 00 00 00 00 00
 (1789561130.380300)  can0  181   [8]  27 14 27 14 00 00 00 00
 (1789561130.380624)  can0  281   [5]  03 00 00 00 00
 (1789561130.389720)  can0  201   [6]  0F 00 00 00 00 00
 (1789561130.394896)  can0  701   [1]  05
 (1789561130.399700)  can0  201   [6]  0F 00 00 00 00 00
 (1789561130.409697)  can0  201   [6]  0F 00 00 00 00 00
 (1789561130.419699)  can0  201   [6]  0F 00 00 00 00 00
 (1789561130.429696)  can0  201   [6]  0F 00 00 00 00 00
 (1789561130.430245)  can0  181   [8]  27 14 27 14 00 00 00 00
 (1789561130.430632)  can0  281   [5]  03 00 00 00 00
 (1789561130.439701)  can0  201   [6]  0F 00 00 00 00 00
 (1789561130.449696)  can0  201   [6]  0F 00 00 00 00 00
 (1789561130.459733)  can0  201   [6]  0F 00 00 00 00 00
 (1789561130.469707)  can0  201   [6]  0F 00 00 00 00 00
 (1789561130.479769)  can0  201   [6]  0F 00 00 00 00 00
 (1789561130.480256)  can0  181   [8]  27 14 27 14 00 00 00 00
 (1789561130.480582)  can0  281   [5]  03 00 00 00 00
 (1789561130.489743)  can0  201   [6]  0F 00 00 00 00 00
 (1789561130.499723)  can0  201   [6]  0F 00 00 00 00 00
 (1789561130.509724)  can0  201   [6]  0F 00 00 00 00 00
 (1789561130.519729)  can0  201   [6]  0F 00 00 00 00 00
 (1789561130.529725)  can0  201   [6]  0F 00 00 00 00 00
 (1789561130.530204)  can0  181   [8]  27 14 27 14 00 00 00 00
 (1789561130.530532)  can0  281   [5]  03 00 00 00 00
 (1789561130.539704)  can0  201   [6]  0F 00 00 00 00 00
 (1789561130.549697)  can0  201   [6]  0F 00 00 00 00 00
 (1789561130.559700)  can0  201   [6]  0F 00 00 00 00 00
 (1789561130.569696)  can0  201   [6]  0F 00 00 00 00 00
 (1789561130.579703)  can0  201   [6]  0F 00 00 00 00 00
 (1789561130.580149)  can0  181   [8]  27 14 27 14 00 00 00 00
 (1789561130.580539)  can0  281   [5]  03 00 00 00 00
 (1789561130.589696)  can0  201   [6]  0F 00 00 00 00 00
 (1789561130.599719)  can0  201   [6]  0F 00 00 00 00 00
 (1789561130.609700)  can0  201   [6]  0F 00 00 00 00 00
 (1789561130.619694)  can0  201   [6]  0F 00 00 00 00 00
 (1789561130.629781)  can0  201   [6]  0F 00 00 00 00 00
 (1789561130.630108)  can0  181   [8]  27 14 27 14 00 00 00 00
 (1789561130.630489)  can0  281   [5]  03 00 00 00 00
 (1789561130.639700)  can0  201   [6]  0F 00 00 00 00 00
 (1789561130.644570)  can0  701   [1]  05
 (1789561130.649703)  can0  201   [6]  0F 00 00 00 00 00
 (1789561130.659695)  can0  201   [6]  0F 00 00 00 00 00
 (1789561130.669719)  can0  201   [6]  0F 00 00 00 00 00
 (1789561130.679702)  can0  201   [6]  0F 00 00 00 00 00
 (1789561130.680293)  can0  181   [8]  27 14 27 14 00 00 00 00
 (1789561130.680558)  can0  281   [5]  03 00 00 00 00
 (1789561130.689697)  can0  201   [6]  0F 00 00 00 00 00
 (1789561130.699700)  can0  201   [6]  0F 00 00 00 00 00
 (1789561130.709693)  can0  201   [6]  0F 00 00 00 00 00
 (1789561130.719702)  can0  201   [6]  0F 00 00 00 00 00
 (1789561130.729694)  can0  201   [6]  0F 00 00 00 00 00
 (1789561130.730253)  can0  181   [8]  27 14 27 14 00 00 00 00
 (1789561130.730565)  can0  281   [5]  03 00 00 00 00
 (1789561130.739720)  can0  201   [6]  0F 00 00 00 00 00
 (1789561130.749717)  can0  201   [6]  0F 00 00 00 00 00
 (1789561130.759759)  can0  201   [6]  0F 00 00 00 00 00
 (1789561130.769742)  can0  201   [6]  0F 00 00 00 00 00
 (1789561130.779765)  can0  201   [6]  0F 00 00 00 00 00
 (1789561130.780315)  can0  181   [8]  27 14 27 14 00 00 00 00
 (1789561130.780577)  can0  281   [5]  03 00 00 00 00
 (1789561130.789762)  can0  201   [6]  0F 00 00 00 00 00
 (1789561130.799735)  can0  201   [6]  0F 00 00 00 00 00
 (1789561130.809903)  can0  201   [6]  0F 00 00 00 00 00
 (1789561130.819812)  can0  201   [6]  0F 00 00 00 00 00
 (1789561130.829799)  can0  201   [6]  0F 00 00 00 00 00
 (1789561130.830326)  can0  181   [8]  27 14 27 14 00 00 00 00
 (1789561130.830586)  can0  281   [5]  03 00 00 00 00
 (1789561130.839789)  can0  201   [6]  0F 00 00 00 00 00
 (1789561130.849760)  can0  201   [6]  0F 00 00 00 00 00
 (1789561130.859748)  can0  201   [6]  0F 00 00 00 00 00
 (1789561130.869786)  can0  201   [6]  0F 00 00 00 00 00
 (1789561130.879785)  can0  201   [6]  0F 00 00 00 00 00
 (1789561130.880333)  can0  181   [8]  27 14 27 14 00 00 00 00
 (1789561130.880598)  can0  281   [5]  03 00 00 00 00
 (1789561130.889753)  can0  201   [6]  0F 00 00 00 00 00
 (1789561130.894120)  can0  701   [1]  05
 (1789561130.899725)  can0  201   [6]  0F 00 00 00 00 00
 (1789561130.909748)  can0  201   [6]  0F 00 00 00 00 00
 (1789561130.919700)  can0  201   [6]  0F 00 00 00 00 00
 (1789561130.929703)  can0  201   [6]  0F 00 00 00 00 00
 (1789561130.930345)  can0  181   [8]  27 14 27 14 00 00 00 00
 (1789561130.930608)  can0  281   [5]  03 00 00 00 00
 (1789561130.939695)  can0  201   [6]  0F 00 00 00 00 00
 (1789561130.949717)  can0  201   [6]  0F 00 00 00 00 00
 (1789561130.959700)  can0  201   [6]  0F 00 00 00 00 00
 (1789561130.969695)  can0  201   [6]  0F 00 00 00 00 00
 (1789561130.979700)  can0  201   [6]  0F 00 00 00 00 00
 (1789561130.980353)  can0  181   [8]  27 14 27 14 00 00 00 00
 (1789561130.980618)  can0  281   [5]  03 00 00 00 00
 (1789561130.989697)  can0  201   [6]  0F 00 00 00 00 00
 (1789561130.999703)  can0  201   [6]  0F 00 00 00 00 00
 (1789561131.009695)  can0  201   [6]  0F 00 00 00 00 00
 (1789561131.019716)  can0  201   [6]  0F 00 00 00 00 00
 (1789561131.029762)  can0  201   [6]  0F 00 00 00 00 00
 (1789561131.030366)  can0  181   [8]  27 14 27 14 00 00 00 00
 (1789561131.030625)  can0  281   [5]  03 00 00 00 00
 (1789561131.039700)  can0  201   [6]  0F 00 00 00 00 00
 (1789561131.049702)  can0  201   [6]  0F 00 00 00 00 00
 (1789561131.059695)  can0  201   [6]  0F 00 00 00 00 00
 (1789561131.069702)  can0  201   [6]  0F 00 00 00 00 00
 (1789561131.079694)  can0  201   [6]  0F 00 00 00 00 00
 (1789561131.080376)  can0  181   [8]  27 14 27 14 00 00 00 00
 (1789561131.080635)  can0  281   [5]  03 00 00 00 00
 (1789561131.089718)  can0  201   [6]  0F 00 00 00 00 00
 (1789561131.099702)  can0  201   [6]  0F 00 00 00 00 00
 (1789561131.109696)  can0  201   [6]  0F 00 00 00 00 00
 (1789561131.119701)  can0  201   [6]  0F 00 00 00 00 00
 (1789561131.129697)  can0  201   [6]  0F 00 00 00 00 00
 (1789561131.130381)  can0  181   [8]  27 14 27 14 00 00 00 00
 (1789561131.130648)  can0  281   [5]  03 00 00 00 00
 (1789561131.139713)  can0  201   [6]  0F 00 00 00 00 00
 (1789561131.143668)  can0  701   [1]  05
 (1789561131.149712)  can0  201   [6]  0F 00 00 00 00 00
 (1789561131.159780)  can0  201   [6]  0F 00 00 00 00 00
 (1789561131.169729)  can0  201   [6]  0F 00 00 00 00 00
 (1789561131.179719)  can0  201   [6]  0F 00 00 00 00 00
 (1789561131.180392)  can0  181   [8]  27 14 27 14 00 00 00 00
 (1789561131.180655)  can0  281   [5]  03 00 00 00 00
 (1789561131.189723)  can0  201   [6]  0F 00 00 00 00 00
 (1789561131.199714)  can0  201   [6]  0F 00 00 00 00 00
 (1789561131.209704)  can0  201   [6]  0F 00 00 00 00 00
 (1789561131.219696)  can0  201   [6]  0F 00 00 00 00 00
 (1789561131.229718)  can0  201   [6]  0F 00 00 00 00 00
 (1789561131.230402)  can0  181   [8]  27 14 27 14 00 00 00 00
 (1789561131.230666)  can0  281   [5]  03 00 00 00 00
 (1789561131.239702)  can0  201   [6]  0F 00 00 00 00 00
 (1789561131.249695)  can0  201   [6]  0F 00 00 00 00 00
 (1789561131.259701)  can0  201   [6]  0F 00 00 00 00 00
 (1789561131.269694)  can0  201   [6]  0F 00 00 00 00 00
 (1789561131.279702)  can0  201   [6]  0F 00 00 00 00 00
 (1789561131.280413)  can0  181   [8]  27 14 27 14 00 00 00 00
 (1789561131.280675)  can0  281   [5]  03 00 00 00 00
 (1789561131.289695)  can0  201   [6]  0F 00 00 00 00 00
 (1789561131.299715)  can0  201   [6]  0F 00 00 00 00 00
 (1789561131.309755)  can0  201   [6]  0F 00 00 00 00 00
 (1789561131.319705)  can0  201   [6]  0F 00 00 00 00 00
 (1789561131.329701)  can0  201   [6]  0F 00 00 00 00 00
 (1789561131.330422)  can0  181   [8]  27 14 27 14 00 00 00 00
 (1789561131.330686)  can0  281   [5]  03 00 00 00 00
 (1789561131.339695)  can0  201   [6]  0F 00 00 00 00 00
 (1789561131.349703)  can0  201   [6]  0F 00 00 00 00 00
 (1789561131.359695)  can0  201   [6]  0F 00 00 00 00 00
 (1789561131.369720)  can0  201   [6]  0F 00 00 00 00 00
 (1789561131.379701)  can0  201   [6]  0F 00 00 00 00 00
 (1789561131.380435)  can0  181   [8]  27 14 27 14 00 00 00 00
 (1789561131.380695)  can0  281   [5]  03 00 00 00 00
 (1789561131.389696)  can0  201   [6]  0F 00 00 00 00 00
 (1789561131.393164)  can0  701   [1]  05
 (1789561131.399699)  can0  201   [6]  0F 00 00 00 00 00
 (1789561131.409695)  can0  201   [6]  0F 00 00 00 00 00
 (1789561131.419713)  can0  201   [6]  0F 00 00 00 00 00
 (1789561131.429701)  can0  201   [6]  0F 00 00 00 00 00
 (1789561131.430503)  can0  181   [8]  27 14 27 14 00 00 00 00
 (1789561131.430714)  can0  281   [5]  03 00 00 00 00
 (1789561131.439822)  can0  201   [6]  0F 00 00 00 00 00
 (1789561131.449738)  can0  201   [6]  0F 00 00 00 00 00
 (1789561131.459728)  can0  201   [6]  0F 00 00 00 00 00
 (1789561131.469734)  can0  201   [6]  0F 00 00 00 00 00
 (1789561131.479722)  can0  201   [6]  0F 00 00 00 00 00
 (1789561131.480517)  can0  181   [8]  27 14 27 14 00 00 00 00
 (1789561131.480715)  can0  281   [5]  03 00 00 00 00
 (1789561131.489704)  can0  201   [6]  0F 00 00 00 00 00
 (1789561131.499698)  can0  201   [6]  0F 00 00 00 00 00
 (1789561131.509720)  can0  201   [6]  0F 00 00 00 00 00
 (1789561131.519701)  can0  201   [6]  0F 00 00 00 00 00
 (1789561131.529695)  can0  201   [6]  0F 00 00 00 00 00
 (1789561131.530522)  can0  181   [8]  27 14 27 14 00 00 00 00
 (1789561131.530726)  can0  281   [5]  03 00 00 00 00
 (1789561131.539700)  can0  201   [6]  0F 00 00 00 00 00
 (1789561131.549696)  can0  201   [6]  0F 00 00 00 00 00
 (1789561131.559702)  can0  201   [6]  0F 00 00 00 00 00
 (1789561131.569695)  can0  201   [6]  0F 00 00 00 00 00
 (1789561131.579719)  can0  201   [6]  0F 00 00 00 00 00
 (1789561131.580533)  can0  181   [8]  27 14 27 14 00 00 00 00
 (1789561131.580724)  can0  281   [5]  03 00 00 00 00
 (1789561131.589771)  can0  201   [6]  0F 00 00 00 00 00
 (1789561131.599704)  can0  201   [6]  0F 00 00 00 00 00
 (1789561131.609700)  can0  201   [6]  0F 00 00 00 00 00
 (1789561131.619698)  can0  201   [6]  0F 00 00 00 00 00
 (1789561131.629700)  can0  201   [6]  0F 00 00 00 00 00
 (1789561131.630545)  can0  181   [8]  27 14 27 14 00 00 00 00
 (1789561131.630678)  can0  281   [5]  03 00 00 00 00
 (1789561131.639697)  can0  201   [6]  0F 00 00 00 00 00
 (1789561131.642830)  can0  701   [1]  05
 (1789561131.649719)  can0  201   [6]  0F 00 00 00 00 00
 (1789561131.659700)  can0  201   [6]  0F 00 00 00 00 00
 (1789561131.669699)  can0  201   [6]  0F 00 00 00 00 00
 (1789561131.679701)  can0  201   [6]  0F 00 00 00 00 00
 (1789561131.680553)  can0  181   [8]  27 14 27 14 00 00 00 00
 (1789561131.680744)  can0  281   [5]  03 00 00 00 00
 (1789561131.689696)  can0  201   [6]  0F 00 00 00 00 00
 (1789561131.699711)  can0  201   [6]  0F 00 00 00 00 00
 (1789561131.709701)  can0  201   [6]  0F 00 00 00 00 00
 (1789561131.719772)  can0  201   [6]  0F 00 00 00 00 00
 (1789561131.729729)  can0  201   [6]  0F 00 00 00 00 00
 (1789561131.730563)  can0  181   [8]  27 14 27 14 00 00 00 00
 (1789561131.730755)  can0  281   [5]  03 00 00 00 00
 (1789561131.739714)  can0  201   [6]  0F 00 00 00 00 00
 (1789561131.749805)  can0  201   [6]  0F 00 00 00 00 00
 (1789561131.759724)  can0  201   [6]  0F 00 00 00 00 00
 (1789561131.769827)  can0  201   [6]  0F 00 00 00 00 00
 (1789561131.779837)  can0  201   [6]  0F 00 00 00 00 00
 (1789561131.780580)  can0  181   [8]  27 14 27 14 00 00 00 00
 (1789561131.780763)  can0  281   [5]  03 00 00 00 00
 (1789561131.789826)  can0  201   [6]  0F 00 00 00 00 00
 (1789561131.799773)  can0  201   [6]  0F 00 00 00 00 00
 (1789561131.809762)  can0  201   [6]  0F 00 00 00 00 00
 (1789561131.819739)  can0  201   [6]  0F 00 00 00 00 00
 (1789561131.829825)  can0  201   [6]  0F 00 00 00 00 00
 (1789561131.830584)  can0  181   [8]  27 14 27 14 00 00 00 00
 (1789561131.830774)  can0  281   [5]  03 00 00 00 00
 (1789561131.839760)  can0  201   [6]  0F 00 00 00 00 00
 (1789561131.849748)  can0  201   [6]  0F 00 00 00 00 00
 (1789561131.859753)  can0  201   [6]  0F 00 00 00 00 00
 (1789561131.869742)  can0  201   [6]  0F 00 00 00 00 00
 (1789561131.879701)  can0  201   [6]  0F 00 00 00 00 00
 (1789561131.880593)  can0  181   [8]  27 14 27 14 00 00 00 00
 (1789561131.880784)  can0  281   [5]  03 00 00 00 00
 (1789561131.889703)  can0  201   [6]  0F 00 00 00 00 00
 (1789561131.892383)  can0  701   [1]  05
 (1789561131.899696)  can0  201   [6]  0F 00 00 00 00 00
 (1789561131.909701)  can0  201   [6]  0F 00 00 00 00 00
 (1789561131.919695)  can0  201   [6]  0F 00 00 00 00 00
 (1789561131.929695)  can0  201   [6]  0F 00 00 00 00 00
 (1789561131.930601)  can0  181   [8]  27 14 27 14 00 00 00 00
 (1789561131.930794)  can0  281   [5]  03 00 00 00 00
 (1789561131.939702)  can0  201   [6]  0F 00 00 00 00 00
 (1789561131.949694)  can0  201   [6]  0F 00 00 00 00 00
 (1789561131.959700)  can0  201   [6]  0F 00 00 00 00 00
 (1789561131.969695)  can0  201   [6]  0F 00 00 00 00 00
 (1789561131.979657)  can0  201   [6]  0F 00 00 00 00 00
 (1789561131.980670)  can0  181   [8]  27 14 27 14 00 00 00 00
 (1789561131.980804)  can0  281   [5]  03 00 00 00 00
 (1789561131.989712)  can0  201   [6]  0F 00 00 00 00 00
 (1789561131.999696)  can0  201   [6]  0F 00 00 00 00 00
 (1789561132.009702)  can0  201   [6]  0F 00 00 00 00 00
 (1789561132.019695)  can0  201   [6]  0F 00 00 00 00 00
 (1789561132.029701)  can0  201   [6]  0F 00 00 00 00 00
 (1789561132.030622)  can0  181   [8]  27 14 27 14 00 00 00 00
 (1789561132.030814)  can0  281   [5]  03 00 00 00 00
 (1789561132.039694)  can0  201   [6]  0F 00 00 00 00 00
 (1789561132.049700)  can0  201   [6]  0F 00 00 00 00 00
 (1789561132.059695)  can0  201   [6]  0F 00 00 00 00 00
 (1789561132.069695)  can0  201   [6]  0F 00 00 00 00 00
 (1789561132.079702)  can0  201   [6]  0F 00 00 00 00 00
 (1789561132.080632)  can0  181   [8]  27 14 27 14 00 00 00 00
 (1789561132.080821)  can0  281   [5]  03 00 00 00 00
 (1789561132.089695)  can0  201   [6]  0F 00 00 00 00 00
 (1789561132.099719)  can0  201   [6]  0F 00 00 00 00 00
 (1789561132.109733)  can0  201   [6]  0F 00 00 00 00 00
 (1789561132.119742)  can0  201   [6]  0F 00 00 00 00 00
 (1789561132.129765)  can0  201   [6]  0F 00 00 00 00 00
 (1789561132.130644)  can0  181   [8]  27 14 27 14 00 00 00 00
 (1789561132.130832)  can0  281   [5]  03 00 00 00 00
 (1789561132.139776)  can0  201   [6]  0F 00 00 00 00 00
 (1789561132.141936)  can0  701   [1]  05
 (1789561132.149768)  can0  201   [6]  0F 00 00 00 00 00
 (1789561132.159852)  can0  201   [6]  0F 00 00 00 00 00
 (1789561132.169775)  can0  201   [6]  0F 00 00 00 00 00
 (1789561132.179828)  can0  201   [6]  0F 00 00 00 00 00
 (1789561132.180652)  can0  181   [8]  27 14 27 14 00 00 00 00
 (1789561132.180843)  can0  281   [5]  03 00 00 00 00
 (1789561132.189832)  can0  201   [6]  0F 00 00 00 00 00
 (1789561132.199759)  can0  201   [6]  0F 00 00 00 00 00
 (1789561132.209779)  can0  201   [6]  0F 00 00 00 00 00
 (1789561132.219785)  can0  201   [6]  0F 00 00 00 00 00
 (1789561132.229764)  can0  201   [6]  0F 00 00 00 00 00
 (1789561132.230659)  can0  181   [8]  27 14 27 14 00 00 00 00
 (1789561132.230851)  can0  281   [5]  03 00 00 00 00
 (1789561132.239744)  can0  201   [6]  0F 00 00 00 00 00
 (1789561132.249738)  can0  201   [6]  0F 00 00 00 00 00
 (1789561132.259727)  can0  201   [6]  0F 00 00 00 00 00
 (1789561132.269723)  can0  201   [6]  0F 00 00 00 00 00
 (1789561132.279698)  can0  201   [6]  0F 00 00 00 00 00
 (1789561132.280671)  can0  181   [8]  27 14 27 14 00 00 00 00
 (1789561132.280862)  can0  281   [5]  03 00 00 00 00
 (1789561132.289702)  can0  201   [6]  0F 00 00 00 00 00
 (1789561132.299694)  can0  201   [6]  0F 00 00 00 00 00
 (1789561132.309702)  can0  201   [6]  0F 00 00 00 00 00
 (1789561132.319695)  can0  201   [6]  0F 00 00 00 00 00
 (1789561132.329703)  can0  201   [6]  0F 00 00 00 00 00
 (1789561132.330682)  can0  181   [8]  27 14 27 14 00 00 00 00
 (1789561132.330874)  can0  281   [5]  03 00 00 00 00
 (1789561132.339694)  can0  201   [6]  0F 00 00 00 00 00
 (1789561132.349694)  can0  201   [6]  0F 00 00 00 00 00
 (1789561132.359702)  can0  201   [6]  0F 00 00 00 00 00
 (1789561132.369697)  can0  201   [6]  0F 00 00 00 00 00
 (1789561132.379773)  can0  201   [6]  0F 00 00 00 00 00
 (1789561132.380690)  can0  181   [8]  27 14 27 14 00 00 00 00
 (1789561132.380881)  can0  281   [5]  03 00 00 00 00
 (1789561132.389703)  can0  201   [6]  0F 00 00 00 00 00
 (1789561132.391428)  can0  701   [1]  05
 (1789561132.399703)  can0  201   [6]  0F 00 00 00 00 00
 (1789561132.409697)  can0  201   [6]  0F 00 00 00 00 00
 (1789561132.419696)  can0  201   [6]  0F 00 00 00 00 00
 (1789561132.429701)  can0  201   [6]  0F 00 00 00 00 00
 (1789561132.430701)  can0  181   [8]  27 14 27 14 00 00 00 00
 (1789561132.430834)  can0  281   [5]  03 00 00 00 00
 (1789561132.439697)  can0  201   [6]  0F 00 00 00 00 00
 (1789561132.449700)  can0  201   [6]  0F 00 00 00 00 00
 (1789561132.459695)  can0  201   [6]  0F 00 00 00 00 00
 (1789561132.469702)  can0  201   [6]  0F 00 00 00 00 00
 (1789561132.479697)  can0  201   [6]  0F 00 00 00 00 00
 (1789561132.480709)  can0  181   [8]  27 14 27 14 00 00 00 00
 (1789561132.480901)  can0  281   [5]  03 00 00 00 00
 (1789561132.489705)  can0  201   [6]  0F 00 00 00 00 00
 (1789561132.499706)  can0  201   [6]  0F 00 00 00 00 00
 (1789561132.509770)  can0  201   [6]  0F 00 00 00 00 00
 (1789561132.519741)  can0  201   [6]  0F 00 00 00 00 00
 (1789561132.529670)  can0  201   [6]  0F 00 00 00 00 00
 (1789561132.530721)  can0  181   [8]  27 14 27 14 00 00 00 00
 (1789561132.530910)  can0  281   [5]  03 00 00 00 00
 (1789561132.539729)  can0  201   [6]  0F 00 00 00 00 00
 (1789561132.549718)  can0  201   [6]  0F 00 00 00 00 00
 (1789561132.559700)  can0  201   [6]  0F 00 00 00 00 00
 (1789561132.569702)  can0  201   [6]  0F 00 00 00 00 00
 (1789561132.579696)  can0  201   [6]  0F 00 00 00 00 00
 (1789561132.580729)  can0  181   [8]  27 14 27 14 00 00 00 00
 (1789561132.580920)  can0  281   [5]  03 00 00 00 00
 (1789561132.589703)  can0  201   [6]  0F 00 00 00 00 00
 (1789561132.599695)  can0  201   [6]  0F 00 00 00 00 00
 (1789561132.609703)  can0  201   [6]  0F 00 00 00 00 00
 (1789561132.619695)  can0  201   [6]  0F 00 00 00 00 00
 (1789561132.629694)  can0  201   [6]  0F 00 00 00 00 00
 (1789561132.630683)  can0  181   [8]  27 14 27 14 00 00 00 00
 (1789561132.630874)  can0  281   [5]  03 00 00 00 00
 (1789561132.639699)  can0  201   [6]  0F 00 00 00 00 00
 (1789561132.640969)  can0  701   [1]  05
 (1789561132.649694)  can0  201   [6]  0F 00 00 00 00 00
 (1789561132.659771)  can0  201   [6]  0F 00 00 00 00 00
 (1789561132.669699)  can0  201   [6]  0F 00 00 00 00 00
 (1789561132.679703)  can0  201   [6]  0F 00 00 00 00 00
 (1789561132.680749)  can0  181   [8]  27 14 27 14 00 00 00 00
 (1789561132.680940)  can0  281   [5]  03 00 00 00 00
 (1789561132.689696)  can0  201   [6]  0F 00 00 00 00 00
 (1789561132.699696)  can0  201   [6]  0F 00 00 00 00 00
 (1789561132.709699)  can0  201   [6]  0F 00 00 00 00 00
 (1789561132.719695)  can0  201   [6]  0F 00 00 00 00 00
 (1789561132.729702)  can0  201   [6]  0F 00 00 00 00 00
 (1789561132.730758)  can0  181   [8]  27 14 27 14 00 00 00 00
 (1789561132.730892)  can0  281   [5]  03 00 00 00 00
 (1789561132.739695)  can0  201   [6]  0F 00 00 00 00 00
 (1789561132.749702)  can0  201   [6]  0F 00 00 00 00 00
 (1789561132.759695)  can0  201   [6]  0F 00 00 00 00 00
 (1789561132.769716)  can0  201   [6]  0F 00 00 00 00 00
 (1789561132.779709)  can0  201   [6]  0F 00 00 00 00 00
 (1789561132.780769)  can0  181   [8]  27 14 27 14 00 00 00 00
 (1789561132.780959)  can0  281   [5]  03 00 00 00 00
 (1789561132.789758)  can0  201   [6]  0F 00 00 00 00 00
 (1789561132.799739)  can0  201   [6]  0F 00 00 00 00 00
 (1789561132.809723)  can0  201   [6]  0F 00 00 00 00 00
 (1789561132.819725)  can0  201   [6]  0F 00 00 00 00 00
 (1789561132.829724)  can0  201   [6]  0F 00 00 00 00 00
 (1789561132.830779)  can0  181   [8]  27 14 27 14 00 00 00 00
 (1789561132.830970)  can0  281   [5]  03 00 00 00 00
 (1789561132.839712)  can0  201   [6]  0F 00 00 00 00 00
 (1789561132.849701)  can0  201   [6]  0F 00 00 00 00 00
 (1789561132.859696)  can0  201   [6]  0F 00 00 00 00 00
 (1789561132.869701)  can0  201   [6]  0F 00 00 00 00 00
 (1789561132.879695)  can0  201   [6]  0F 00 00 00 00 00
 (1789561132.880789)  can0  181   [8]  27 14 27 14 00 00 00 00
 (1789561132.880981)  can0  281   [5]  03 00 00 00 00
 (1789561132.889704)  can0  201   [6]  0F 00 00 00 00 00
 (1789561132.890519)  can0  701   [1]  05
 (1789561132.899695)  can0  201   [6]  0F 00 00 00 00 00
 (1789561132.909694)  can0  201   [6]  0F 00 00 00 00 00
 (1789561132.919698)  can0  201   [6]  0F 00 00 00 00 00
 (1789561132.929695)  can0  201   [6]  0F 00 00 00 00 00
 (1789561132.930797)  can0  181   [8]  27 14 27 14 00 00 00 00
 (1789561132.930988)  can0  281   [5]  03 00 00 00 00
 (1789561132.939767)  can0  201   [6]  0F 00 00 00 00 00
 (1789561132.949699)  can0  201   [6]  0F 00 00 00 00 00
 (1789561132.959703)  can0  201   [6]  0F 00 00 00 00 00
 (1789561132.969695)  can0  201   [6]  0F 00 00 00 00 00
 (1789561132.979707)  can0  201   [6]  0F 00 00 00 00 00
 (1789561132.980808)  can0  181   [8]  27 14 27 14 00 00 00 00
 (1789561132.981001)  can0  281   [5]  03 00 00 00 00
 (1789561132.989701)  can0  201   [6]  0F 00 00 00 00 00
 (1789561132.999696)  can0  201   [6]  0F 00 00 00 00 00
 (1789561133.009704)  can0  201   [6]  0F 00 00 00 00 00
 (1789561133.019695)  can0  201   [6]  0F 00 00 00 00 00
 (1789561133.029703)  can0  201   [6]  0F 00 00 00 00 00
 (1789561133.030817)  can0  181   [8]  27 14 27 14 00 00 00 00
 (1789561133.031008)  can0  281   [5]  03 00 00 00 00
 (1789561133.039695)  can0  201   [6]  0F 00 00 00 00 00
 (1789561133.049704)  can0  201   [6]  0F 00 00 00 00 00
 (1789561133.049976)  can0  201   [6]  06 00 00 00 00 00
 (1789561133.050283)  can0  601   [8]  23 FF 60 01 00 00 00 00
 (1789561133.050592)  can0  581   [8]  60 FF 60 01 00 00 00 00
 (1789561133.051681)  can0  601   [8]  40 FF 60 01 00 00 00 00
 (1789561133.052029)  can0  581   [8]  43 FF 60 01 00 00 00 00
 (1789561133.053701)  can0  601   [8]  23 FF 60 02 00 00 00 00
 (1789561133.053970)  can0  581   [8]  60 FF 60 02 00 00 00 00
 (1789561133.055676)  can0  601   [8]  40 FF 60 02 00 00 00 00
 (1789561133.056023)  can0  581   [8]  43 FF 60 02 00 00 00 00
 (1789561133.057690)  can0  601   [8]  2B 40 60 00 00 00 00 00
 (1789561133.058020)  can0  581   [8]  60 40 60 00 00 00 00 00
 (1789561133.059676)  can0  601   [8]  40 40 60 00 00 00 00 00
 (1789561133.059957)  can0  581   [8]  4B 40 60 00 00 00 00 00
 (1789561133.061626)  can0  601   [8]  40 41 60 00 00 00 00 00
 (1789561133.061942)  can0  581   [8]  43 41 60 00 60 14 60 14
 (1789561133.063694)  can0  601   [8]  40 6C 60 01 00 00 00 00
 (1789561133.064056)  can0  581   [8]  43 6C 60 01 00 00 00 00
 (1789561133.065680)  can0  601   [8]  40 6C 60 02 00 00 00 00
 (1789561133.065995)  can0  581   [8]  43 6C 60 02 00 00 00 00
 (1789561133.067677)  can0  601   [8]  40 6C 60 03 00 00 00 00
 (1789561133.067992)  can0  581   [8]  43 6C 60 03 00 00 00 00
 (1789561133.069577)  can0  000   [2]  80 01
 (1789561133.140021)  can0  701   [1]  7F
 (1789561133.141731)  can0  601   [8]  23 00 14 01 01 02 00 80
 (1789561133.142074)  can0  581   [8]  60 00 14 01 00 00 00 00
 (1789561133.143684)  can0  601   [8]  40 00 14 01 00 00 00 00
 (1789561133.144000)  can0  581   [8]  43 00 14 01 01 02 00 80
 (1789561133.145690)  can0  601   [8]  2F 00 16 00 00 00 00 00
 (1789561133.146068)  can0  581   [8]  60 00 16 00 00 00 00 00
 (1789561133.147685)  can0  601   [8]  40 00 16 00 00 00 00 00
 (1789561133.148057)  can0  581   [8]  4F 00 16 00 00 00 00 00
 (1789561133.149684)  can0  601   [8]  23 00 16 01 10 00 40 60
 (1789561133.150056)  can0  581   [8]  60 00 16 01 00 00 00 00
 (1789561133.151673)  can0  601   [8]  40 00 16 01 00 00 00 00
 (1789561133.151990)  can0  581   [8]  43 00 16 01 10 00 40 60
 (1789561133.153685)  can0  601   [8]  23 00 16 02 08 00 60 60
 (1789561133.154048)  can0  581   [8]  60 00 16 02 00 00 00 00
 (1789561133.155674)  can0  601   [8]  40 00 16 02 00 00 00 00
 (1789561133.155980)  can0  581   [8]  43 00 16 02 08 00 60 60
 (1789561133.157626)  can0  601   [8]  2F 00 16 00 02 00 00 00
 (1789561133.157982)  can0  581   [8]  60 00 16 00 00 00 00 00
 (1789561133.159677)  can0  601   [8]  40 00 16 00 00 00 00 00
 (1789561133.160035)  can0  581   [8]  4F 00 16 00 02 00 00 00
 (1789561133.161678)  can0  601   [8]  23 00 14 01 01 02 00 00
 (1789561133.162030)  can0  581   [8]  60 00 14 01 00 00 00 00
 (1789561133.163675)  can0  601   [8]  40 00 14 01 00 00 00 00
 (1789561133.164019)  can0  581   [8]  43 00 14 01 01 02 00 00
 (1789561133.165692)  can0  601   [8]  23 01 18 01 81 02 00 80
 (1789561133.166019)  can0  581   [8]  60 01 18 01 00 00 00 00
 (1789561133.167671)  can0  601   [8]  40 01 18 01 00 00 00 00
 (1789561133.168009)  can0  581   [8]  43 01 18 01 81 02 00 80
 (1789561133.169693)  can0  601   [8]  2F 01 1A 00 00 00 00 00
 (1789561133.170008)  can0  581   [8]  60 01 1A 00 00 00 00 00
 (1789561133.171675)  can0  601   [8]  40 01 1A 00 00 00 00 00
 (1789561133.171947)  can0  581   [8]  4F 01 1A 00 00 00 00 00
 (1789561133.173682)  can0  601   [8]  23 01 1A 01 00 00 00 00
 (1789561133.174001)  can0  581   [8]  60 01 1A 01 00 00 00 00
 (1789561133.175679)  can0  601   [8]  40 01 1A 01 00 00 00 00
 (1789561133.175935)  can0  581   [8]  43 01 1A 01 00 00 00 00
 (1789561133.177697)  can0  601   [8]  23 01 1A 02 00 00 00 00
 (1789561133.178050)  can0  581   [8]  60 01 1A 02 00 00 00 00
 (1789561133.179674)  can0  601   [8]  40 01 1A 02 00 00 00 00
 (1789561133.180037)  can0  581   [8]  43 01 1A 02 00 00 00 00
 (1789561133.181688)  can0  601   [8]  2F 01 1A 00 00 00 00 00
 (1789561133.181987)  can0  581   [8]  60 01 1A 00 00 00 00 00
 (1789561133.183676)  can0  601   [8]  40 01 1A 00 00 00 00 00
 (1789561133.183981)  can0  581   [8]  4F 01 1A 00 00 00 00 00
 (1789561133.185626)  can0  601   [8]  2B 01 18 05 00 00 00 00
 (1789561133.186034)  can0  581   [8]  60 01 18 05 00 00 00 00
 (1789561133.187670)  can0  601   [8]  40 01 18 05 00 00 00 00
 (1789561133.187970)  can0  581   [8]  4B 01 18 05 00 00 00 00
 (1789561133.189677)  can0  601   [8]  23 01 18 01 81 02 00 00
 (1789561133.190025)  can0  581   [8]  60 01 18 01 00 00 00 00
 (1789561133.191671)  can0  601   [8]  40 01 18 01 00 00 00 00
 (1789561133.191960)  can0  581   [8]  43 01 18 01 81 02 00 00
 (1789561133.193689)  can0  601   [8]  2B 00 20 00 00 00 00 00
 (1789561133.194020)  can0  581   [8]  60 00 20 00 00 00 00 00
 (1789561133.195621)  can0  601   [8]  40 00 20 00 00 00 00 00
 (1789561133.195957)  can0  581   [8]  4B 00 20 00 00 00 00 00
 (1789561133.197682)  can0  601   [8]  2B 17 10 00 00 00 00 00
 (1789561133.198062)  can0  581   [8]  60 17 10 00 00 00 00 00
 (1789561133.199673)  can0  601   [8]  40 17 10 00 00 00 00 00
 (1789561133.199944)  can0  581   [8]  4B 17 10 00 00 00 00 00
