CAN Interface "can0" RX buffer set to 477 messages (212992 Bytes)
hil_read index=24641 sub=0 raw=335549440
hil_read index=24672 sub=0 raw=3
hil_read index=24673 sub=0 raw=3
hil_read index=24639 sub=0 raw=0
hil_read index=24831 sub=1 raw=0
hil_read index=24831 sub=2 raw=0
hil_read index=24684 sub=1 raw=0
hil_read index=24684 sub=2 raw=0
hil_read index=24684 sub=3 raw=0
hil_read index=8207 sub=0 raw=1
hil_read index=8192 sub=0 raw=0
hil_read index=4119 sub=0 raw=0
hil_read index=5120 sub=1 raw=513
hil_read index=5120 sub=2 raw=255
hil_read index=5120 sub=5 raw=1000
hil_read index=5632 sub=0 raw=2
hil_read index=5632 sub=1 raw=1614807056
hil_read index=5632 sub=2 raw=1616904200
hil_read index=6144 sub=1 raw=385
hil_read index=6144 sub=2 raw=255
hil_read index=6144 sub=5 raw=100
hil_read index=6656 sub=0 raw=2
hil_read index=6656 sub=1 raw=1614872608
hil_read index=6656 sub=2 raw=1617691424
hil_read index=6145 sub=1 raw=641
hil_read index=6145 sub=2 raw=255
hil_read index=6145 sub=5 raw=0
hil_read index=6657 sub=0 raw=0
hil_read index=6657 sub=1 raw=0
hil_read index=6657 sub=2 raw=0
hil_read index=5120 sub=1 raw=513
hil_read index=5120 sub=2 raw=255
hil_read index=5632 sub=0 raw=2
hil_read index=5632 sub=1 raw=1614807056
hil_read index=5632 sub=2 raw=1627325216
hil_read index=6144 sub=1 raw=385
hil_read index=6144 sub=2 raw=255
hil_read index=6656 sub=0 raw=2
hil_read index=6656 sub=1 raw=1614872608
hil_read index=6656 sub=2 raw=1617691424
hil_read index=6145 sub=1 raw=641
hil_read index=6145 sub=2 raw=255
hil_read index=6657 sub=0 raw=2
hil_read index=6657 sub=1 raw=1616969736
hil_read index=6657 sub=2 raw=1614741536
hil_read index=8207 sub=0 raw=1
event=control_start duration_ms=60000 targets=right_positive operator=neutral_release_then_press
event=control elapsed_ms=0 source_health=4 authorization=0 armed=0 status=337712161 word=2 left_tenths_rpm=0 right_tenths_rpm=0 enabled_samples=0
event=control elapsed_ms=101 source_health=2 authorization=0 armed=0 status=341840992 word=2 left_tenths_rpm=0 right_tenths_rpm=0 enabled_samples=0
event=control elapsed_ms=201 source_health=2 authorization=0 armed=0 status=341840992 word=2 left_tenths_rpm=0 right_tenths_rpm=0 enabled_samples=0
event=control elapsed_ms=301 source_health=2 authorization=0 armed=0 status=341840992 word=2 left_tenths_rpm=0 right_tenths_rpm=0 enabled_samples=0
event=control elapsed_ms=411 source_health=2 authorization=0 armed=0 status=341840992 word=2 left_tenths_rpm=0 right_tenths_rpm=0 enabled_samples=0
event=control elapsed_ms=521 source_health=2 authorization=0 armed=0 status=341840992 word=2 left_tenths_rpm=0 right_tenths_rpm=0 enabled_samples=0
event=control elapsed_ms=621 source_health=2 authorization=0 armed=0 status=341840992 word=2 left_tenths_rpm=0 right_tenths_rpm=0 enabled_samples=0
event=control elapsed_ms=721 source_health=2 authorization=0 armed=0 status=341840992 word=2 left_tenths_rpm=0 right_tenths_rpm=0 enabled_samples=0
event=control elapsed_ms=821 source_health=2 authorization=0 armed=0 status=341840992 word=2 left_tenths_rpm=0 right_tenths_rpm=0 enabled_samples=0
event=control elapsed_ms=931 source_health=2 authorization=0 armed=0 status=341840992 word=2 left_tenths_rpm=0 right_tenths_rpm=0 enabled_samples=0
event=control elapsed_ms=1041 source_health=2 authorization=0 armed=0 status=341840992 word=2 left_tenths_rpm=0 right_tenths_rpm=0 enabled_samples=0
event=control elapsed_ms=1151 source_health=2 authorization=0 armed=0 status=341840992 word=2 left_tenths_rpm=0 right_tenths_rpm=0 enabled_samples=0
event=control elapsed_ms=1251 source_health=2 authorization=0 armed=0 status=341840992 word=2 left_tenths_rpm=0 right_tenths_rpm=0 enabled_samples=0
event=control elapsed_ms=1361 source_health=2 authorization=0 armed=0 status=341840992 word=2 left_tenths_rpm=0 right_tenths_rpm=0 enabled_samples=0
event=control elapsed_ms=1471 source_health=2 authorization=0 armed=0 status=341840992 word=2 left_tenths_rpm=0 right_tenths_rpm=0 enabled_samples=0
event=control elapsed_ms=1571 source_health=2 authorization=0 armed=0 status=341840992 word=2 left_tenths_rpm=0 right_tenths_rpm=0 enabled_samples=0
event=control elapsed_ms=1671 source_health=2 authorization=0 armed=0 status=341840992 word=2 left_tenths_rpm=0 right_tenths_rpm=0 enabled_samples=0
event=control elapsed_ms=1771 source_health=2 authorization=0 armed=0 status=341840992 word=2 left_tenths_rpm=0 right_tenths_rpm=0 enabled_samples=0
event=control elapsed_ms=1881 source_health=2 authorization=0 armed=0 status=341840992 word=2 left_tenths_rpm=0 right_tenths_rpm=0 enabled_samples=0
event=control elapsed_ms=1991 source_health=2 authorization=0 armed=0 status=341840992 word=2 left_tenths_rpm=0 right_tenths_rpm=0 enabled_samples=0
event=control elapsed_ms=2091 source_health=2 authorization=0 armed=0 status=341840992 word=2 left_tenths_rpm=0 right_tenths_rpm=0 enabled_samples=0
event=control elapsed_ms=2191 source_health=2 authorization=0 armed=0 status=341840992 word=2 left_tenths_rpm=0 right_tenths_rpm=0 enabled_samples=0
event=control elapsed_ms=2291 source_health=2 authorization=0 armed=0 status=341840992 word=2 left_tenths_rpm=0 right_tenths_rpm=0 enabled_samples=0
event=control elapsed_ms=2401 source_health=2 authorization=0 armed=0 status=341840992 word=2 left_tenths_rpm=0 right_tenths_rpm=0 enabled_samples=0
event=control elapsed_ms=2511 source_health=2 authorization=0 armed=0 status=341840992 word=2 left_tenths_rpm=0 right_tenths_rpm=0 enabled_samples=0
event=control elapsed_ms=2621 source_health=2 authorization=0 armed=0 status=341840992 word=2 left_tenths_rpm=0 right_tenths_rpm=0 enabled_samples=0
event=control elapsed_ms=2721 source_health=2 authorization=0 armed=0 status=341840992 word=2 left_tenths_rpm=0 right_tenths_rpm=0 enabled_samples=0
event=control elapsed_ms=2821 source_health=2 authorization=0 armed=0 status=341840992 word=2 left_tenths_rpm=0 right_tenths_rpm=0 enabled_samples=0
event=control elapsed_ms=2931 source_health=2 authorization=0 armed=0 status=341840992 word=2 left_tenths_rpm=0 right_tenths_rpm=0 enabled_samples=0
event=control elapsed_ms=3041 source_health=2 authorization=0 armed=0 status=341840992 word=2 left_tenths_rpm=0 right_tenths_rpm=0 enabled_samples=0
event=control elapsed_ms=3151 source_health=2 authorization=0 armed=0 status=341840992 word=2 left_tenths_rpm=0 right_tenths_rpm=0 enabled_samples=0
event=control elapsed_ms=3251 source_health=2 authorization=0 armed=0 status=341840992 word=2 left_tenths_rpm=0 right_tenths_rpm=0 enabled_samples=0
event=control elapsed_ms=3351 source_health=2 authorization=0 armed=0 status=341840992 word=2 left_tenths_rpm=0 right_tenths_rpm=0 enabled_samples=0
event=control elapsed_ms=3461 source_health=2 authorization=0 armed=0 status=341840992 word=2 left_tenths_rpm=0 right_tenths_rpm=0 enabled_samples=0
event=control elapsed_ms=3561 source_health=2 authorization=0 armed=0 status=341840992 word=2 left_tenths_rpm=0 right_tenths_rpm=0 enabled_samples=0
event=control elapsed_ms=3671 source_health=2 authorization=0 armed=0 status=341840992 word=2 left_tenths_rpm=0 right_tenths_rpm=0 enabled_samples=0
event=control elapsed_ms=3771 source_health=2 authorization=0 armed=0 status=341840992 word=2 left_tenths_rpm=0 right_tenths_rpm=0 enabled_samples=0
event=control elapsed_ms=3881 source_health=2 authorization=0 armed=0 status=341840992 word=2 left_tenths_rpm=0 right_tenths_rpm=0 enabled_samples=0
event=control elapsed_ms=3991 source_health=2 authorization=0 armed=0 status=341840992 word=2 left_tenths_rpm=0 right_tenths_rpm=0 enabled_samples=0
event=control elapsed_ms=4091 source_health=3 authorization=1 armed=0 status=341840992 word=2 left_tenths_rpm=0 right_tenths_rpm=0 enabled_samples=0
event=control elapsed_ms=4191 source_health=3 authorization=1 armed=1 status=341840992 word=6 left_tenths_rpm=0 right_tenths_rpm=0 enabled_samples=0
event=control elapsed_ms=4291 source_health=3 authorization=1 armed=1 status=337843235 word=15 left_tenths_rpm=0 right_tenths_rpm=0 enabled_samples=0
event=control elapsed_ms=4391 source_health=3 authorization=1 armed=1 status=338105383 word=15 left_tenths_rpm=0 right_tenths_rpm=0 enabled_samples=6
event=control elapsed_ms=4501 source_health=3 authorization=1 armed=1 status=338105383 word=15 left_tenths_rpm=0 right_tenths_rpm=0 enabled_samples=17
event=motion_ready wheel=right max_rpm=5 maximum_nonzero_ms=3000
event=control elapsed_ms=4611 source_health=3 authorization=1 armed=1 status=338105383 word=15 left_tenths_rpm=0 right_tenths_rpm=0 enabled_samples=28
event=control elapsed_ms=4711 source_health=3 authorization=1 armed=1 status=338105383 word=15 left_tenths_rpm=0 right_tenths_rpm=0 enabled_samples=38
event=control elapsed_ms=4811 source_health=3 authorization=1 armed=1 status=338105383 word=15 left_tenths_rpm=0 right_tenths_rpm=0 enabled_samples=48
event=control elapsed_ms=4921 source_health=3 authorization=1 armed=1 status=338105383 word=15 left_tenths_rpm=0 right_tenths_rpm=0 enabled_samples=59
event=control elapsed_ms=5031 source_health=3 authorization=1 armed=1 status=338105383 word=15 left_tenths_rpm=0 right_tenths_rpm=0 enabled_samples=70
event=control elapsed_ms=5141 source_health=3 authorization=1 armed=1 status=338105383 word=15 left_tenths_rpm=0 right_tenths_rpm=0 enabled_samples=81
event=control elapsed_ms=5241 source_health=3 authorization=1 armed=1 status=338105383 word=15 left_tenths_rpm=0 right_tenths_rpm=0 enabled_samples=91
event=control elapsed_ms=5351 source_health=3 authorization=1 armed=1 status=338105383 word=15 left_tenths_rpm=0 right_tenths_rpm=0 enabled_samples=102
event=control elapsed_ms=5461 source_health=3 authorization=1 armed=1 status=338105383 word=15 left_tenths_rpm=0 right_tenths_rpm=0 enabled_samples=113
event=control elapsed_ms=5561 source_health=3 authorization=1 armed=1 status=338105383 word=15 left_tenths_rpm=0 right_tenths_rpm=0 enabled_samples=123
event=control elapsed_ms=5671 source_health=3 authorization=1 armed=1 status=338105383 word=15 left_tenths_rpm=0 right_tenths_rpm=0 enabled_samples=134
event=control elapsed_ms=5771 source_health=3 authorization=1 armed=1 status=338105383 word=15 left_tenths_rpm=0 right_tenths_rpm=0 enabled_samples=144
event=control elapsed_ms=5881 source_health=3 authorization=1 armed=1 status=338105383 word=15 left_tenths_rpm=0 right_tenths_rpm=0 enabled_samples=155
event=control elapsed_ms=5991 source_health=3 authorization=1 armed=1 status=338105383 word=15 left_tenths_rpm=0 right_tenths_rpm=0 enabled_samples=166
event=control elapsed_ms=6101 source_health=3 authorization=1 armed=1 status=338105383 word=15 left_tenths_rpm=0 right_tenths_rpm=0 enabled_samples=177
event=control elapsed_ms=6211 source_health=3 authorization=1 armed=1 status=338105383 word=15 left_tenths_rpm=0 right_tenths_rpm=0 enabled_samples=188
event=control elapsed_ms=6311 source_health=3 authorization=1 armed=1 status=338105383 word=15 left_tenths_rpm=0 right_tenths_rpm=0 enabled_samples=198
event=control elapsed_ms=6421 source_health=3 authorization=1 armed=1 status=338105383 word=15 left_tenths_rpm=0 right_tenths_rpm=0 enabled_samples=209
event=control elapsed_ms=6531 source_health=3 authorization=1 armed=1 status=338105383 word=15 left_tenths_rpm=0 right_tenths_rpm=0 enabled_samples=220
event=control elapsed_ms=6631 source_health=3 authorization=1 armed=1 status=338105383 word=15 left_tenths_rpm=0 right_tenths_rpm=0 enabled_samples=230
event=control elapsed_ms=6731 source_health=3 authorization=1 armed=1 status=338105383 word=15 left_tenths_rpm=0 right_tenths_rpm=0 enabled_samples=240
event=control elapsed_ms=6831 source_health=3 authorization=1 armed=1 status=338105383 word=15 left_tenths_rpm=0 right_tenths_rpm=0 enabled_samples=250
event=control elapsed_ms=6941 source_health=3 authorization=1 armed=1 status=338105383 word=15 left_tenths_rpm=0 right_tenths_rpm=0 enabled_samples=261
event=control elapsed_ms=7041 source_health=3 authorization=1 armed=1 status=338105383 word=15 left_tenths_rpm=0 right_tenths_rpm=0 enabled_samples=271
event=control elapsed_ms=7151 source_health=3 authorization=1 armed=1 status=338105383 word=15 left_tenths_rpm=0 right_tenths_rpm=0 enabled_samples=282
event=control elapsed_ms=7251 source_health=3 authorization=1 armed=1 status=338105383 word=15 left_tenths_rpm=0 right_tenths_rpm=0 enabled_samples=292
event=control elapsed_ms=7361 source_health=3 authorization=1 armed=1 status=338105383 word=15 left_tenths_rpm=0 right_tenths_rpm=0 enabled_samples=303
event=control elapsed_ms=7471 source_health=3 authorization=1 armed=1 status=338105383 word=15 left_tenths_rpm=0 right_tenths_rpm=0 enabled_samples=314
event=control elapsed_ms=7571 source_health=3 authorization=1 armed=1 status=338105383 word=15 left_tenths_rpm=0 right_tenths_rpm=0 enabled_samples=324
event=control elapsed_ms=7681 source_health=3 authorization=1 armed=1 status=338105383 word=15 left_tenths_rpm=0 right_tenths_rpm=0 enabled_samples=335
event=control elapsed_ms=7781 source_health=3 authorization=1 armed=1 status=338105383 word=15 left_tenths_rpm=0 right_tenths_rpm=0 enabled_samples=345
event=control elapsed_ms=7891 source_health=3 authorization=1 armed=1 status=338105383 word=15 left_tenths_rpm=0 right_tenths_rpm=0 enabled_samples=356
event=control elapsed_ms=7991 source_health=3 authorization=1 armed=1 status=338105383 word=15 left_tenths_rpm=0 right_tenths_rpm=0 enabled_samples=366
event=control elapsed_ms=8091 source_health=3 authorization=1 armed=1 status=338105383 word=15 left_tenths_rpm=0 right_tenths_rpm=0 enabled_samples=376
event=control elapsed_ms=8201 source_health=3 authorization=1 armed=1 status=338105383 word=15 left_tenths_rpm=0 right_tenths_rpm=0 enabled_samples=387
event=control elapsed_ms=8311 source_health=3 authorization=1 armed=1 status=338105383 word=15 left_tenths_rpm=0 right_tenths_rpm=0 enabled_samples=398
event=control elapsed_ms=8411 source_health=3 authorization=1 armed=1 status=338105383 word=15 left_tenths_rpm=0 right_tenths_rpm=0 enabled_samples=408
event=control elapsed_ms=8511 source_health=3 authorization=1 armed=1 status=338105383 word=15 left_tenths_rpm=0 right_tenths_rpm=0 enabled_samples=418
event=control elapsed_ms=8621 source_health=3 authorization=1 armed=1 status=338105383 word=15 left_tenths_rpm=0 right_tenths_rpm=0 enabled_samples=429
event=control elapsed_ms=8731 source_health=3 authorization=1 armed=1 status=338105383 word=15 left_tenths_rpm=0 right_tenths_rpm=0 enabled_samples=440
event=control elapsed_ms=8831 source_health=3 authorization=1 armed=1 status=338105383 word=15 left_tenths_rpm=0 right_tenths_rpm=0 enabled_samples=450
event=control elapsed_ms=8941 source_health=3 authorization=1 armed=1 status=338105383 word=15 left_tenths_rpm=0 right_tenths_rpm=0 enabled_samples=461
event=control elapsed_ms=9041 source_health=3 authorization=1 armed=1 status=338105383 word=15 left_tenths_rpm=0 right_tenths_rpm=0 enabled_samples=471
event=control elapsed_ms=9151 source_health=3 authorization=1 armed=1 status=338105383 word=15 left_tenths_rpm=0 right_tenths_rpm=0 enabled_samples=482
event=control elapsed_ms=9261 source_health=3 authorization=1 armed=1 status=338105383 word=15 left_tenths_rpm=0 right_tenths_rpm=0 enabled_samples=493
event=control elapsed_ms=9361 source_health=3 authorization=1 armed=1 status=338105383 word=15 left_tenths_rpm=0 right_tenths_rpm=0 enabled_samples=503
event=control elapsed_ms=9461 source_health=3 authorization=1 armed=1 status=338105383 word=15 left_tenths_rpm=0 right_tenths_rpm=0 enabled_samples=513
event=control elapsed_ms=9561 source_health=3 authorization=1 armed=1 status=338105383 word=15 left_tenths_rpm=0 right_tenths_rpm=0 enabled_samples=523
event=control elapsed_ms=9671 source_health=3 authorization=1 armed=1 status=338105383 word=15 left_tenths_rpm=0 right_tenths_rpm=0 enabled_samples=534
event=control elapsed_ms=9781 source_health=3 authorization=1 armed=1 status=338105383 word=15 left_tenths_rpm=0 right_tenths_rpm=0 enabled_samples=545
event=control elapsed_ms=9881 source_health=3 authorization=1 armed=1 status=338105383 word=15 left_tenths_rpm=0 right_tenths_rpm=0 enabled_samples=555
event=control elapsed_ms=9981 source_health=3 authorization=1 armed=1 status=338105383 word=15 left_tenths_rpm=0 right_tenths_rpm=0 enabled_samples=565
event=control elapsed_ms=10091 source_health=3 authorization=1 armed=1 status=338105383 word=15 left_tenths_rpm=0 right_tenths_rpm=0 enabled_samples=576
event=control elapsed_ms=10201 source_health=3 authorization=1 armed=1 status=338105383 word=15 left_tenths_rpm=0 right_tenths_rpm=0 enabled_samples=587
event=control elapsed_ms=10301 source_health=3 authorization=1 armed=1 status=338105383 word=15 left_tenths_rpm=0 right_tenths_rpm=0 enabled_samples=597
event=control elapsed_ms=10411 source_health=3 authorization=1 armed=1 status=338105383 word=15 left_tenths_rpm=0 right_tenths_rpm=0 enabled_samples=608
event=control elapsed_ms=10511 source_health=3 authorization=1 armed=1 status=338105383 word=15 left_tenths_rpm=0 right_tenths_rpm=0 enabled_samples=618
event=control elapsed_ms=10611 source_health=3 authorization=1 armed=1 status=338105383 word=15 left_tenths_rpm=0 right_tenths_rpm=0 enabled_samples=628
event=control elapsed_ms=10721 source_health=3 authorization=1 armed=1 status=338105383 word=15 left_tenths_rpm=0 right_tenths_rpm=0 enabled_samples=639
event=control elapsed_ms=10821 source_health=3 authorization=1 armed=1 status=338105383 word=15 left_tenths_rpm=0 right_tenths_rpm=0 enabled_samples=649
event=control elapsed_ms=10931 source_health=3 authorization=1 armed=1 status=338105383 word=15 left_tenths_rpm=0 right_tenths_rpm=0 enabled_samples=660
event=control elapsed_ms=11031 source_health=3 authorization=1 armed=1 status=338105383 word=15 left_tenths_rpm=0 right_tenths_rpm=0 enabled_samples=670
event=control elapsed_ms=11141 source_health=3 authorization=1 armed=1 status=1143411751 word=15 left_tenths_rpm=0 right_tenths_rpm=11 enabled_samples=681
event=control elapsed_ms=11251 source_health=3 authorization=1 armed=1 status=1076302887 word=15 left_tenths_rpm=0 right_tenths_rpm=37 enabled_samples=692
event=control elapsed_ms=11361 source_health=3 authorization=1 armed=1 status=1143411751 word=15 left_tenths_rpm=0 right_tenths_rpm=52 enabled_samples=703
event=control elapsed_ms=11461 source_health=3 authorization=1 armed=1 status=1143411751 word=15 left_tenths_rpm=0 right_tenths_rpm=48 enabled_samples=713
event=control elapsed_ms=11561 source_health=3 authorization=1 armed=1 status=1143411751 word=15 left_tenths_rpm=0 right_tenths_rpm=53 enabled_samples=723
event=control elapsed_ms=11671 source_health=3 authorization=1 armed=1 status=1143411751 word=15 left_tenths_rpm=0 right_tenths_rpm=50 enabled_samples=734
event=control elapsed_ms=11781 source_health=3 authorization=1 armed=1 status=1143411751 word=15 left_tenths_rpm=0 right_tenths_rpm=52 enabled_samples=745
event=control elapsed_ms=11891 source_health=3 authorization=1 armed=1 status=1143411751 word=15 left_tenths_rpm=0 right_tenths_rpm=51 enabled_samples=756
event=control elapsed_ms=11991 source_health=3 authorization=1 armed=1 status=1143411751 word=15 left_tenths_rpm=0 right_tenths_rpm=47 enabled_samples=766
event=control elapsed_ms=12101 source_health=3 authorization=1 armed=1 status=1143411751 word=15 left_tenths_rpm=0 right_tenths_rpm=45 enabled_samples=777
event=control elapsed_ms=12211 source_health=3 authorization=1 armed=1 status=1143411751 word=15 left_tenths_rpm=0 right_tenths_rpm=49 enabled_samples=788
event=control elapsed_ms=12321 source_health=3 authorization=1 armed=1 status=1143411751 word=15 left_tenths_rpm=0 right_tenths_rpm=50 enabled_samples=799
event=control elapsed_ms=12431 source_health=3 authorization=1 armed=1 status=1143411751 word=15 left_tenths_rpm=0 right_tenths_rpm=48 enabled_samples=810
event=control elapsed_ms=12531 source_health=3 authorization=1 armed=1 status=1143411751 word=15 left_tenths_rpm=0 right_tenths_rpm=46 enabled_samples=820
event=control elapsed_ms=12641 source_health=3 authorization=1 armed=1 status=1143411751 word=15 left_tenths_rpm=0 right_tenths_rpm=46 enabled_samples=831
event=control elapsed_ms=12751 source_health=3 authorization=1 armed=1 status=1143411751 word=15 left_tenths_rpm=0 right_tenths_rpm=54 enabled_samples=842
event=control elapsed_ms=12851 source_health=3 authorization=1 armed=1 status=1143411751 word=15 left_tenths_rpm=0 right_tenths_rpm=53 enabled_samples=852
event=control elapsed_ms=12951 source_health=3 authorization=1 armed=1 status=1143411751 word=15 left_tenths_rpm=0 right_tenths_rpm=50 enabled_samples=862
event=control elapsed_ms=13051 source_health=3 authorization=1 armed=1 status=1143411751 word=15 left_tenths_rpm=0 right_tenths_rpm=46 enabled_samples=872
event=control elapsed_ms=13161 source_health=3 authorization=1 armed=1 status=1143411751 word=15 left_tenths_rpm=0 right_tenths_rpm=55 enabled_samples=883
event=control elapsed_ms=13271 source_health=3 authorization=1 armed=1 status=1143411751 word=15 left_tenths_rpm=0 right_tenths_rpm=52 enabled_samples=894
event=control elapsed_ms=13381 source_health=3 authorization=1 armed=1 status=1143411751 word=15 left_tenths_rpm=0 right_tenths_rpm=50 enabled_samples=905
event=control elapsed_ms=13481 source_health=3 authorization=1 armed=1 status=1143411751 word=15 left_tenths_rpm=0 right_tenths_rpm=45 enabled_samples=915
event=control elapsed_ms=13581 source_health=3 authorization=1 armed=1 status=1143411751 word=15 left_tenths_rpm=0 right_tenths_rpm=53 enabled_samples=925
event=control elapsed_ms=13691 source_health=3 authorization=1 armed=1 status=1143411751 word=15 left_tenths_rpm=0 right_tenths_rpm=45 enabled_samples=936
event=control elapsed_ms=13801 source_health=3 authorization=1 armed=1 status=1143411751 word=15 left_tenths_rpm=0 right_tenths_rpm=51 enabled_samples=947
event=control elapsed_ms=13901 source_health=3 authorization=1 armed=1 status=1143411751 word=15 left_tenths_rpm=0 right_tenths_rpm=48 enabled_samples=957
event=control elapsed_ms=14001 source_health=3 authorization=1 armed=1 status=1143411751 word=15 left_tenths_rpm=0 right_tenths_rpm=50 enabled_samples=967
event=stop_cause code=2 signal_exit=4 at_ns=268159288714366
phase=runtime_stop ok=1 operation= context= errno=0
event=motion_stop verified=1 elapsed_us=551972 moving_feedback=58
hil_read index=24641 sub=0 raw=341840992
phase=control ok=0 operation=control_hil_trace_failure context=stopping feedback or evidence errno=71
phase=restore ok=1 operation= context= errno=0
event=summary cycles=1404 enabled_samples=970 missed_periods=3 maximum_lateness_us=31763 maximum_cycle_us=267 shutdown_us=9 primary_ok=0 restore_ok=1
event=trace_header version=1 count=7484 overflow=0 feedback_bad=1 capacity=65536 timestamp=steady_receive_ns storage_bytes=9437184
event=trace_row ordinal=0 kind=5 ns=268144325341117 fields=1537,8,64,65,96,0,0,0,0,0,16,0,0,0,0,0
event=trace_row ordinal=1 kind=4 ns=268144326022751 fields=1409,8,67,65,96,0,0,20,0,20,16,0,0,0,0,0
event=trace_row ordinal=2 kind=5 ns=268144326824262 fields=1537,8,64,96,96,0,0,0,0,0,16,0,0,0,0,0
event=trace_row ordinal=3 kind=4 ns=268144327523980 fields=1409,8,79,96,96,0,3,0,0,0,16,0,0,0,0,0
event=trace_row ordinal=4 kind=5 ns=268144328709329 fields=1537,8,64,97,96,0,0,0,0,0,16,0,0,0,0,0
event=trace_row ordinal=5 kind=4 ns=268144329388630 fields=1409,8,79,97,96,0,3,0,0,0,16,0,0,0,0,0
event=trace_row ordinal=6 kind=5 ns=268144330711065 fields=1537,8,64,63,96,0,0,0,0,0,16,0,0,0,0,0
event=trace_row ordinal=7 kind=4 ns=268144331387449 fields=1409,8,67,63,96,0,0,0,0,0,16,0,0,0,0,0
event=trace_row ordinal=8 kind=5 ns=268144332708425 fields=1537,8,64,255,96,1,0,0,0,0,16,0,0,0,0,0
event=trace_row ordinal=9 kind=4 ns=268144333384226 fields=1409,8,67,255,96,1,0,0,0,0,16,0,0,0,0,0
event=trace_row ordinal=10 kind=5 ns=268144334707244 fields=1537,8,64,255,96,2,0,0,0,0,16,0,0,0,0,0
event=trace_row ordinal=11 kind=4 ns=268144335327919 fields=1409,8,67,255,96,2,0,0,0,0,16,0,0,0,0,0
event=trace_row ordinal=12 kind=5 ns=268144336709854 fields=1537,8,64,108,96,1,0,0,0,0,16,0,0,0,0,0
event=trace_row ordinal=13 kind=4 ns=268144337370488 fields=1409,8,67,108,96,1,0,0,0,0,16,0,0,0,0,0
event=trace_row ordinal=14 kind=5 ns=268144338707215 fields=1537,8,64,108,96,2,0,0,0,0,16,0,0,0,0,0
event=trace_row ordinal=15 kind=4 ns=268144339305431 fields=1409,8,67,108,96,2,0,0,0,0,16,0,0,0,0,0
event=trace_row ordinal=16 kind=5 ns=268144340707783 fields=1537,8,64,108,96,3,0,0,0,0,16,0,0,0,0,0
event=trace_row ordinal=17 kind=4 ns=268144341361417 fields=1409,8,67,108,96,3,0,0,0,0,16,0,0,0,0,0
event=trace_row ordinal=18 kind=5 ns=268144342706894 fields=1537,8,64,15,32,0,0,0,0,0,16,0,0,0,0,0
event=trace_row ordinal=19 kind=4 ns=268144343361694 fields=1409,8,75,15,32,0,1,0,0,0,16,0,0,0,0,0
event=trace_row ordinal=20 kind=5 ns=268144344707462 fields=1537,8,64,0,32,0,0,0,0,0,16,0,0,0,0,0
event=trace_row ordinal=21 kind=4 ns=268144345362846 fields=1409,8,75,0,32,0,0,0,0,0,16,0,0,0,0,0
event=trace_row ordinal=22 kind=5 ns=268144346707740 fields=1537,8,64,23,16,0,0,0,0,0,16,0,0,0,0,0
event=trace_row ordinal=23 kind=4 ns=268144347290789 fields=1409,8,75,23,16,0,0,0,0,0,16,0,0,0,0,0
event=trace_row ordinal=24 kind=5 ns=268144348708892 fields=1537,8,64,0,20,1,0,0,0,0,16,0,0,0,0,0
event=trace_row ordinal=25 kind=4 ns=268144349285233 fields=1409,8,67,0,20,1,1,2,0,0,16,0,0,0,0,0
event=trace_row ordinal=26 kind=5 ns=268144350708002 fields=1537,8,64,0,20,2,0,0,0,0,16,0,0,0,0,0
event=trace_row ordinal=27 kind=4 ns=268144351399261 fields=1409,8,79,0,20,2,255,0,0,0,16,0,0,0,0,0
event=trace_row ordinal=28 kind=5 ns=268144352708279 fields=1537,8,64,0,20,5,0,0,0,0,16,0,0,0,0,0
event=trace_row ordinal=29 kind=4 ns=268144353396622 fields=1409,8,75,0,20,5,232,3,0,0,16,0,0,0,0,0
event=trace_row ordinal=30 kind=5 ns=268144354707681 fields=1537,8,64,0,22,0,0,0,0,0,16,0,0,0,0,0
event=trace_row ordinal=31 kind=4 ns=268144355402149 fields=1409,8,79,0,22,0,2,0,0,0,16,0,0,0,0,0
event=trace_row ordinal=32 kind=5 ns=268144356710000 fields=1537,8,64,0,22,1,0,0,0,0,16,0,0,0,0,0
event=trace_row ordinal=33 kind=4 ns=268144357386967 fields=1409,8,67,0,22,1,16,0,64,96,16,0,0,0,0,0
event=trace_row ordinal=34 kind=5 ns=268144358707944 fields=1537,8,64,0,22,2,0,0,0,0,16,0,0,0,0,0
event=trace_row ordinal=35 kind=4 ns=268144359325119 fields=1409,8,67,0,22,2,8,0,96,96,16,0,0,0,0,0
event=trace_row ordinal=36 kind=5 ns=268144360708804 fields=1537,8,64,0,24,1,0,0,0,0,16,0,0,0,0,0
event=trace_row ordinal=37 kind=4 ns=268144361321604 fields=1409,8,67,0,24,1,129,1,0,0,16,0,0,0,0,0
event=trace_row ordinal=38 kind=5 ns=268144362709664 fields=1537,8,64,0,24,2,0,0,0,0,16,0,0,0,0,0
event=trace_row ordinal=39 kind=4 ns=268144363376715 fields=1409,8,79,0,24,2,255,0,0,0,16,0,0,0,0,0
event=trace_row ordinal=40 kind=5 ns=268144364708775 fields=1537,8,64,0,24,5,0,0,0,0,16,0,0,0,0,0
event=trace_row ordinal=41 kind=4 ns=268144365372617 fields=1409,8,75,0,24,5,100,0,0,0,16,0,0,0,0,0
event=trace_row ordinal=42 kind=5 ns=268144366709635 fields=1537,8,64,0,26,0,0,0,0,0,16,0,0,0,0,0
event=trace_row ordinal=43 kind=4 ns=268144367373769 fields=1409,8,79,0,26,0,2,0,0,0,16,0,0,0,0,0
event=trace_row ordinal=44 kind=5 ns=268144368708745 fields=1537,8,64,0,26,1,0,0,0,0,16,0,0,0,0,0
event=trace_row ordinal=45 kind=4 ns=268144369300837 fields=1409,8,67,0,26,1,32,0,65,96,16,0,0,0,0,0
event=trace_row ordinal=46 kind=5 ns=268144370708731 fields=1537,8,64,0,26,2,0,0,0,0,16,0,0,0,0,0
event=trace_row ordinal=47 kind=4 ns=268144371355948 fields=1409,8,67,0,26,2,32,3,108,96,16,0,0,0,0,0
event=trace_row ordinal=48 kind=5 ns=268144372708425 fields=1537,8,64,1,24,1,0,0,0,0,16,0,0,0,0,0
event=trace_row ordinal=49 kind=4 ns=268144373354767 fields=1409,8,67,1,24,1,129,2,0,0,16,0,0,0,0,0
event=trace_row ordinal=50 kind=5 ns=268144374709577 fields=1537,8,64,1,24,2,0,0,0,0,16,0,0,0,0,0
event=trace_row ordinal=51 kind=4 ns=268144375287376 fields=1409,8,79,1,24,2,255,0,0,0,16,0,0,0,0,0
event=trace_row ordinal=52 kind=5 ns=268144376709270 fields=1537,8,64,1,24,5,0,0,0,0,16,0,0,0,0,0
event=trace_row ordinal=53 kind=4 ns=268144377343654 fields=1409,8,75,1,24,5,0,0,0,0,16,0,0,0,0,0
event=trace_row ordinal=54 kind=5 ns=268144378709547 fields=1537,8,64,1,26,0,0,0,0,0,16,0,0,0,0,0
event=trace_row ordinal=55 kind=4 ns=268144379343348 fields=1409,8,79,1,26,0,0,0,0,0,16,0,0,0,0,0
event=trace_row ordinal=56 kind=5 ns=268144380708949 fields=1537,8,64,1,26,1,0,0,0,0,16,0,0,0,0,0
event=trace_row ordinal=57 kind=4 ns=268144381397875 fields=1409,8,67,1,26,1,0,0,0,0,16,0,0,0,0,0
event=trace_row ordinal=58 kind=5 ns=268144382708351 fields=1537,8,64,1,26,2,0,0,0,0,16,0,0,0,0,0
event=trace_row ordinal=59 kind=4 ns=268144383393194 fields=1409,8,67,1,26,2,0,0,0,0,16,0,0,0,0,0
event=trace_row ordinal=60 kind=5 ns=268144384724379 fields=1537,8,43,23,16,0,244,1,0,0,16,0,0,0,0,0
event=trace_row ordinal=61 kind=4 ns=268144385444805 fields=1409,8,96,23,16,0,0,0,0,0,16,0,0,0,0,0
event=trace_row ordinal=62 kind=5 ns=268144386703364 fields=1537,8,64,23,16,0,0,0,0,0,16,0,0,0,0,0
event=trace_row ordinal=63 kind=4 ns=268144387326081 fields=1409,8,75,23,16,0,244,1,0,0,16,0,0,0,0,0
event=trace_row ordinal=64 kind=4 ns=268144634880929 fields=1793,1,127,0,0,0,0,0,0,0,16,0,0,0,0,0
event=trace_row ordinal=65 kind=5 ns=268144636737121 fields=0,2,128,1,0,0,0,0,0,0,16,0,0,0,0,0
event=trace_row ordinal=66 kind=4 ns=268144884429638 fields=1793,1,127,0,0,0,0,0,0,0,16,0,0,0,0,0
event=trace_row ordinal=67 kind=5 ns=268144885758781 fields=1537,8,43,0,32,0,232,3,0,0,16,0,0,0,0,0
event=trace_row ordinal=68 kind=4 ns=268144886454999 fields=1409,8,96,0,32,0,0,0,0,0,16,0,0,0,0,0
event=trace_row ordinal=69 kind=5 ns=268144887710349 fields=1537,8,64,0,32,0,0,0,0,0,16,0,0,0,0,0
event=trace_row ordinal=70 kind=4 ns=268144888378858 fields=1409,8,75,0,32,0,232,3,0,0,16,0,0,0,0,0
event=trace_row ordinal=71 kind=5 ns=268144889724626 fields=1537,8,35,0,20,1,1,2,0,128,16,0,0,0,0,0
event=trace_row ordinal=72 kind=4 ns=268144890376219 fields=1409,8,96,0,20,1,0,0,0,0,16,0,0,0,0,0
event=trace_row ordinal=73 kind=5 ns=268144891703028 fields=1537,8,64,0,20,1,0,0,0,0,16,0,0,0,0,0
event=trace_row ordinal=74 kind=4 ns=268144892370662 fields=1409,8,67,0,20,1,1,2,0,128,16,0,0,0,0,0
event=trace_row ordinal=75 kind=5 ns=268144893708264 fields=1537,8,47,0,22,0,0,0,0,0,16,0,0,0,0,0
event=trace_row ordinal=76 kind=4 ns=268144894368314 fields=1409,8,96,0,22,0,0,0,0,0,16,0,0,0,0,0
event=trace_row ordinal=77 kind=5 ns=268144895702124 fields=1537,8,64,0,22,0,0,0,0,0,16,0,0,0,0,0
event=trace_row ordinal=78 kind=4 ns=268144896303257 fields=1409,8,79,0,22,0,0,0,0,0,16,0,0,0,0,0
event=trace_row ordinal=79 kind=5 ns=268144897707359 fields=1537,8,35,0,22,1,16,0,64,96,16,0,0,0,0,0
event=trace_row ordinal=80 kind=4 ns=268144898362160 fields=1409,8,96,0,22,1,0,0,0,0,16,0,0,0,0,0
event=trace_row ordinal=81 kind=5 ns=268144899703261 fields=1537,8,64,0,22,1,0,0,0,0,16,0,0,0,0,0
event=trace_row ordinal=82 kind=4 ns=268144900344937 fields=1409,8,67,0,22,1,16,0,64,96,16,0,0,0,0,0
event=trace_row ordinal=83 kind=5 ns=268144901707038 fields=1537,8,35,0,22,2,32,3,255,96,16,0,0,0,0,0
event=trace_row ordinal=84 kind=4 ns=268144902351339 fields=1409,8,96,0,22,2,0,0,0,0,16,0,0,0,0,0
event=trace_row ordinal=85 kind=5 ns=268144903701774 fields=1537,8,64,0,22,2,0,0,0,0,16,0,0,0,0,0
event=trace_row ordinal=86 kind=4 ns=268144904344032 fields=1409,8,67,0,22,2,32,3,255,96,16,0,0,0,0,0
event=trace_row ordinal=87 kind=5 ns=268144905707884 fields=1537,8,47,0,22,0,2,0,0,0,16,0,0,0,0,0
event=trace_row ordinal=88 kind=4 ns=268144906341976 fields=1409,8,96,0,22,0,0,0,0,0,16,0,0,0,0,0
event=trace_row ordinal=89 kind=5 ns=268144907701745 fields=1537,8,64,0,22,0,0,0,0,0,16,0,0,0,0,0
event=trace_row ordinal=90 kind=4 ns=268144908338753 fields=1409,8,79,0,22,0,2,0,0,0,16,0,0,0,0,0
event=trace_row ordinal=91 kind=5 ns=268144909707563 fields=1537,8,35,0,20,1,1,2,0,0,16,0,0,0,0,0
event=trace_row ordinal=92 kind=4 ns=268144910389781 fields=1409,8,96,0,20,1,0,0,0,0,16,0,0,0,0,0
event=trace_row ordinal=93 kind=5 ns=268144911702882 fields=1537,8,64,0,20,1,0,0,0,0,16,0,0,0,0,0
event=trace_row ordinal=94 kind=4 ns=268144912383933 fields=1409,8,67,0,20,1,1,2,0,0,16,0,0,0,0,0
event=trace_row ordinal=95 kind=5 ns=268144913851619 fields=1537,8,35,1,24,1,129,2,0,128,16,0,0,0,0,0
event=trace_row ordinal=96 kind=4 ns=268144914514587 fields=1409,8,96,1,24,1,0,0,0,0,16,0,0,0,0,0
event=trace_row ordinal=97 kind=5 ns=268144915701394 fields=1537,8,64,1,24,1,0,0,0,0,16,0,0,0,0,0
event=trace_row ordinal=98 kind=4 ns=268144916369320 fields=1409,8,67,1,24,1,129,2,0,128,16,0,0,0,0,0
event=trace_row ordinal=99 kind=5 ns=268144917713922 fields=1537,8,47,1,26,0,0,0,0,0,16,0,0,0,0,0
event=trace_row ordinal=100 kind=4 ns=268144918375722 fields=1409,8,96,1,26,0,0,0,0,0,16,0,0,0,0,0
event=trace_row ordinal=101 kind=5 ns=268144919700198 fields=1537,8,64,1,26,0,0,0,0,0,16,0,0,0,0,0
event=trace_row ordinal=102 kind=4 ns=268144920306873 fields=1409,8,79,1,26,0,0,0,0,0,16,0,0,0,0,0
event=trace_row ordinal=103 kind=5 ns=268144921710101 fields=1537,8,35,1,26,1,8,0,97,96,16,0,0,0,0,0
event=trace_row ordinal=104 kind=4 ns=268144922300734 fields=1409,8,96,1,26,1,0,0,0,0,16,0,0,0,0,0
event=trace_row ordinal=105 kind=5 ns=268144923700753 fields=1537,8,64,1,26,1,0,0,0,0,16,0,0,0,0,0
event=trace_row ordinal=106 kind=4 ns=268144924353511 fields=1409,8,67,1,26,1,8,0,97,96,16,0,0,0,0,0
event=trace_row ordinal=107 kind=5 ns=268144925709196 fields=1537,8,35,1,26,2,32,0,63,96,16,0,0,0,0,0
event=trace_row ordinal=108 kind=4 ns=268144926298954 fields=1409,8,96,1,26,2,0,0,0,0,16,0,0,0,0,0
event=trace_row ordinal=109 kind=5 ns=268144927701015 fields=1537,8,64,1,26,2,0,0,0,0,16,0,0,0,0,0
event=trace_row ordinal=110 kind=4 ns=268144928344732 fields=1409,8,67,1,26,2,32,0,63,96,16,0,0,0,0,0
event=trace_row ordinal=111 kind=5 ns=268144929707126 fields=1537,8,47,1,26,0,2,0,0,0,16,0,0,0,0,0
event=trace_row ordinal=112 kind=4 ns=268144930348509 fields=1409,8,96,1,26,0,0,0,0,0,16,0,0,0,0,0
event=trace_row ordinal=113 kind=5 ns=268144931702153 fields=1537,8,64,1,26,0,0,0,0,0,16,0,0,0,0,0
event=trace_row ordinal=114 kind=4 ns=268144932343828 fields=1409,8,79,1,26,0,2,0,0,0,16,0,0,0,0,0
event=trace_row ordinal=115 kind=5 ns=268144933717305 fields=1537,8,43,1,24,5,100,0,0,0,16,0,0,0,0,0
event=trace_row ordinal=116 kind=4 ns=268144934343230 fields=1409,8,96,1,24,5,0,0,0,0,16,0,0,0,0,0
event=trace_row ordinal=117 kind=5 ns=268144935703290 fields=1537,8,64,1,24,5,0,0,0,0,16,0,0,0,0,0
event=trace_row ordinal=118 kind=4 ns=268144936328632 fields=1409,8,75,1,24,5,100,0,0,0,16,0,0,0,0,0
event=trace_row ordinal=119 kind=5 ns=268144937709692 fields=1537,8,35,1,24,1,129,2,0,0,16,0,0,0,0,0
event=trace_row ordinal=120 kind=4 ns=268144938394535 fields=1409,8,96,1,24,1,0,0,0,0,16,0,0,0,0,0
event=trace_row ordinal=121 kind=5 ns=268144939702386 fields=1537,8,64,1,24,1,0,0,0,0,16,0,0,0,0,0
event=trace_row ordinal=122 kind=4 ns=268144940384603 fields=1409,8,67,1,24,1,129,2,0,0,16,0,0,0,0,0
event=trace_row ordinal=123 kind=5 ns=268144941706455 fields=0,2,1,1,0,0,0,0,0,0,16,0,0,0,0,0
event=trace_row ordinal=124 kind=4 ns=268144942318671 fields=385,8,0,20,0,20,0,0,0,0,16,0,0,0,0,0
event=trace_row ordinal=125 kind=4 ns=268144942449631 fields=641,5,3,0,0,0,0,0,0,0,16,0,0,0,0,0
event=trace_row ordinal=126 kind=4 ns=268144942547341 fields=897,0,0,0,0,0,0,0,0,0,16,0,0,0,0,0
event=trace_row ordinal=127 kind=4 ns=268144942645051 fields=1153,0,0,0,0,0,0,0,0,0,16,0,0,0,0,0
event=trace_row ordinal=128 kind=4 ns=268144992331430 fields=385,8,0,20,0,20,0,0,0,0,16,0,0,0,0,0
event=trace_row ordinal=129 kind=4 ns=268144992402306 fields=641,5,3,0,0,0,0,0,0,0,16,0,0,0,0,0
event=trace_row ordinal=130 kind=4 ns=268145042347106 fields=385,8,0,20,0,20,0,0,0,0,16,0,0,0,0,0
event=trace_row ordinal=131 kind=4 ns=268145042417399 fields=641,5,3,0,0,0,0,0,0,0,16,0,0,0,0,0
event=trace_row ordinal=132 kind=4 ns=268145092382907 fields=385,8,0,20,0,20,0,0,0,0,16,0,0,0,0,0
event=trace_row ordinal=133 kind=4 ns=268145092431033 fields=641,5,3,0,0,0,0,0,0,0,16,0,0,0,0,0
event=trace_row ordinal=134 kind=4 ns=268145133925552 fields=1793,1,5,0,0,0,0,0,0,0,16,0,0,0,0,0
event=trace_row ordinal=135 kind=5 ns=268145135763660 fields=1537,8,35,255,96,1,0,0,0,0,16,0,0,0,0,0
event=trace_row ordinal=136 kind=4 ns=268145136399794 fields=1409,8,96,255,96,1,0,0,0,0,16,0,0,0,0,0
event=trace_row ordinal=137 kind=5 ns=268145137714062 fields=1537,8,64,255,96,1,0,0,0,0,16,0,0,0,0,0
event=trace_row ordinal=138 kind=4 ns=268145138378779 fields=1409,8,67,255,96,1,0,0,0,0,16,0,0,0,0,0
event=trace_row ordinal=139 kind=5 ns=268145139728631 fields=1537,8,35,255,96,2,0,0,0,0,16,0,0,0,0,0
event=trace_row ordinal=140 kind=4 ns=268145140432723 fields=1409,8,96,255,96,2,0,0,0,0,16,0,0,0,0,0
event=trace_row ordinal=141 kind=5 ns=268145141706741 fields=1537,8,64,255,96,2,0,0,0,0,16,0,0,0,0,0
event=trace_row ordinal=142 kind=4 ns=268145142369708 fields=1409,8,67,255,96,2,0,0,0,0,16,0,0,0,0,0
event=trace_row ordinal=143 kind=4 ns=268145142550544 fields=385,8,0,20,0,20,0,0,0,0,16,0,0,0,0,0
event=trace_row ordinal=144 kind=5 ns=268145142770755 fields=1537,8,43,64,96,0,6,0,0,0,16,0,0,0,0,0
event=trace_row ordinal=145 kind=4 ns=268145142787380 fields=641,5,3,0,0,0,0,0,0,0,16,0,0,0,0,0
event=trace_row ordinal=146 kind=4 ns=268145143429639 fields=1409,8,96,64,96,0,0,0,0,0,16,0,0,0,0,0
event=trace_row ordinal=147 kind=5 ns=268145144710656 fields=1537,8,64,64,96,0,0,0,0,0,16,0,0,0,0,0
event=trace_row ordinal=148 kind=4 ns=268145145361082 fields=1409,8,75,64,96,0,6,0,0,0,16,0,0,0,0,0
event=trace_row ordinal=149 kind=4 ns=268145192442551 fields=385,8,33,20,33,20,0,0,0,0,16,0,0,0,0,0
event=trace_row ordinal=150 kind=4 ns=268145192567678 fields=641,5,3,0,0,0,0,0,0,0,16,0,0,0,0,0
event=trace_row ordinal=151 kind=5 ns=268145193731444 fields=1537,8,64,0,20,1,0,0,0,0,16,0,0,0,0,0
event=trace_row ordinal=152 kind=4 ns=268145194369619 fields=1409,8,67,0,20,1,1,2,0,0,16,0,0,0,0,0
event=trace_row ordinal=153 kind=5 ns=268145195732596 fields=1537,8,64,0,20,2,0,0,0,0,16,0,0,0,0,0
event=trace_row ordinal=154 kind=4 ns=268145196369313 fields=1409,8,79,0,20,2,255,0,0,0,16,0,0,0,0,0
event=trace_row ordinal=155 kind=5 ns=268145197715081 fields=1537,8,64,0,22,0,0,0,0,0,16,0,0,0,0,0
event=trace_row ordinal=156 kind=4 ns=268145198366965 fields=1409,8,79,0,22,0,2,0,0,0,16,0,0,0,0,0
event=trace_row ordinal=157 kind=5 ns=268145199714775 fields=1537,8,64,0,22,1,0,0,0,0,16,0,0,0,0,0
event=trace_row ordinal=158 kind=4 ns=268145200354117 fields=1409,8,67,0,22,1,16,0,64,96,16,0,0,0,0,0
event=trace_row ordinal=159 kind=5 ns=268145201713593 fields=1537,8,64,0,22,2,0,0,0,0,16,0,0,0,0,0
event=trace_row ordinal=160 kind=4 ns=268145202354394 fields=1409,8,67,0,22,2,32,3,255,96,16,0,0,0,0,0
event=trace_row ordinal=161 kind=5 ns=268145203714745 fields=1537,8,64,0,24,1,0,0,0,0,16,0,0,0,0,0
event=trace_row ordinal=162 kind=4 ns=268145204354671 fields=1409,8,67,0,24,1,129,1,0,0,16,0,0,0,0,0
event=trace_row ordinal=163 kind=5 ns=268145205714147 fields=1537,8,64,0,24,2,0,0,0,0,16,0,0,0,0,0
event=trace_row ordinal=164 kind=4 ns=268145206291072 fields=1409,8,79,0,24,2,255,0,0,0,16,0,0,0,0,0
event=trace_row ordinal=165 kind=5 ns=268145207713549 fields=1537,8,64,0,26,0,0,0,0,0,16,0,0,0,0,0
event=trace_row ordinal=166 kind=4 ns=268145208410350 fields=1409,8,79,0,26,0,2,0,0,0,16,0,0,0,0,0
event=trace_row ordinal=167 kind=5 ns=268145209712951 fields=1537,8,64,0,26,1,0,0,0,0,16,0,0,0,0,0
event=trace_row ordinal=168 kind=4 ns=268145210393711 fields=1409,8,67,0,26,1,32,0,65,96,16,0,0,0,0,0
event=trace_row ordinal=169 kind=5 ns=268145211714103 fields=1537,8,64,0,26,2,0,0,0,0,16,0,0,0,0,0
event=trace_row ordinal=170 kind=4 ns=268145212389612 fields=1409,8,67,0,26,2,32,3,108,96,16,0,0,0,0,0
event=trace_row ordinal=171 kind=5 ns=268145213714964 fields=1537,8,64,1,24,1,0,0,0,0,16,0,0,0,0,0
event=trace_row ordinal=172 kind=4 ns=268145214388723 fields=1409,8,67,1,24,1,129,2,0,0,16,0,0,0,0,0
event=trace_row ordinal=173 kind=5 ns=268145215712616 fields=1537,8,64,1,24,2,0,0,0,0,16,0,0,0,0,0
event=trace_row ordinal=174 kind=4 ns=268145216327166 fields=1409,8,79,1,24,2,255,0,0,0,16,0,0,0,0,0
event=trace_row ordinal=175 kind=5 ns=268145217714059 fields=1537,8,64,1,26,0,0,0,0,0,16,0,0,0,0,0
event=trace_row ordinal=176 kind=4 ns=268145218322193 fields=1409,8,79,1,26,0,2,0,0,0,16,0,0,0,0,0
event=trace_row ordinal=177 kind=5 ns=268145219714628 fields=1537,8,64,1,26,1,0,0,0,0,16,0,0,0,0,0
event=trace_row ordinal=178 kind=4 ns=268145220370012 fields=1409,8,67,1,26,1,8,0,97,96,16,0,0,0,0,0
event=trace_row ordinal=179 kind=5 ns=268145221722489 fields=1537,8,64,1,26,2,0,0,0,0,16,0,0,0,0,0
event=trace_row ordinal=180 kind=4 ns=268145222369414 fields=1409,8,67,1,26,2,32,0,63,96,16,0,0,0,0,0
event=trace_row ordinal=181 kind=5 ns=268145223713724 fields=1537,8,64,15,32,0,0,0,0,0,16,0,0,0,0,0
event=trace_row ordinal=182 kind=4 ns=268145224369691 fields=1409,8,75,15,32,0,1,0,0,0,16,0,0,0,0,0
event=trace_row ordinal=183 kind=5 ns=268145257738267 fields=513,6,2,0,0,0,0,0,0,0,16,0,0,0,0,0
event=trace_row ordinal=184 kind=0 ns=268145257633557 fields=1,2,0,0,0,0,0,0,0,0,0,0,0,0,0,0
event=trace_row ordinal=185 kind=3 ns=268145257756642 fields=1,2,0,2,0,0,0,0,0,0,0,0,0,6,0,4
event=trace_row ordinal=186 kind=4 ns=268145257833060 fields=385,8,33,20,33,20,0,0,0,0,16,0,0,0,0,0
event=trace_row ordinal=187 kind=4 ns=268145257864852 fields=641,5,3,0,0,0,0,0,0,0,16,0,0,0,0,0
event=trace_row ordinal=188 kind=5 ns=268145268785875 fields=513,6,2,0,0,0,0,0,0,0,16,0,0,0,0,0
event=trace_row ordinal=189 kind=0 ns=268145268713832 fields=2,2,0,50,2,0,0,0,0,0,0,0,0,0,0,0
event=trace_row ordinal=190 kind=1 ns=268145268713832 fields=2,2,0,1010,996,200,1000,0,1,0,0,0,0,0,0,0
event=trace_row ordinal=191 kind=1 ns=268145268713832 fields=2,2,1,1010,996,200,1000,0,1,0,0,0,0,0,0,0
event=trace_row ordinal=192 kind=3 ns=268145268795500 fields=2,3,0,2,268145268713832,0,0,0,0,0,0,0,0,6,0,1
event=trace_row ordinal=193 kind=5 ns=268145278762468 fields=513,6,2,0,0,0,0,0,0,0,16,0,0,0,0,0
event=trace_row ordinal=194 kind=0 ns=268145278708217 fields=3,2,0,25,1,0,0,0,0,0,0,0,0,0,0,0
event=trace_row ordinal=195 kind=1 ns=268145278708217 fields=3,2,0,1010,996,200,1000,0,1,0,0,0,0,0,0,0
event=trace_row ordinal=196 kind=3 ns=268145278771801 fields=3,4,0,2,268145278708217,0,0,0,0,0,0,0,0,6,0,1
event=trace_row ordinal=197 kind=5 ns=268145288759186 fields=513,6,2,0,0,0,0,0,0,0,16,0,0,0,0,0
event=trace_row ordinal=198 kind=0 ns=268145288706977 fields=4,2,0,25,1,0,0,0,0,0,0,0,0,0,0,0
event=trace_row ordinal=199 kind=1 ns=268145288706977 fields=4,2,0,1010,996,200,1000,0,1,0,0,0,0,0,0,0
event=trace_row ordinal=200 kind=3 ns=268145288768811 fields=4,5,0,2,268145288706977,0,0,0,0,0,0,0,0,6,0,2
event=trace_row ordinal=201 kind=4 ns=268145292489070 fields=385,8,96,20,96,20,0,0,0,0,16,0,0,0,0,0
event=trace_row ordinal=202 kind=4 ns=268145292656489 fields=641,5,3,0,0,0,0,0,0,0,16,0,0,0,0,0
event=trace_row ordinal=203 kind=5 ns=268145298838447 fields=513,6,2,0,0,0,0,0,0,0,16,0,0,0,0,0
event=trace_row ordinal=204 kind=0 ns=268145298738404 fields=5,2,0,50,2,0,0,0,0,0,0,0,0,0,0,0
event=trace_row ordinal=205 kind=1 ns=268145298738404 fields=5,2,0,1010,996,200,1000,0,1,0,0,0,0,0,0,0
event=trace_row ordinal=206 kind=1 ns=268145298738404 fields=5,2,1,1010,996,200,1000,0,1,0,0,0,0,0,0,0
event=trace_row ordinal=207 kind=3 ns=268145298852156 fields=5,6,0,2,268145298738404,0,0,0,0,0,0,0,0,6,0,2
event=trace_row ordinal=208 kind=5 ns=268145308767498 fields=513,6,2,0,0,0,0,0,0,0,16,0,0,0,0,0
event=trace_row ordinal=209 kind=0 ns=268145308711789 fields=6,2,0,25,1,0,0,0,0,0,0,0,0,0,0,0
event=trace_row ordinal=210 kind=1 ns=268145308711789 fields=6,2,0,1010,996,200,1000,0,1,0,0,0,0,0,0,0
event=trace_row ordinal=211 kind=3 ns=268145308776540 fields=6,7,0,2,268145308711789,0,0,0,0,0,0,0,0,6,0,2
event=trace_row ordinal=212 kind=5 ns=268145318765383 fields=513,6,2,0,0,0,0,0,0,0,16,0,0,0,0,0
event=trace_row ordinal=213 kind=0 ns=268145318707924 fields=7,2,0,50,2,0,0,0,0,0,0,0,0,0,0,0
event=trace_row ordinal=214 kind=1 ns=268145318707924 fields=7,2,0,1010,996,200,1000,0,1,0,0,0,0,0,0,0
event=trace_row ordinal=215 kind=1 ns=268145318707924 fields=7,2,1,1010,996,200,1000,0,1,0,0,0,0,0,0,0
event=trace_row ordinal=216 kind=3 ns=268145318774717 fields=7,8,0,2,268145318707924,0,0,0,0,0,0,0,0,6,0,2
event=trace_row ordinal=217 kind=5 ns=268145328758018 fields=513,6,2,0,0,0,0,0,0,0,16,0,0,0,0,0
event=trace_row ordinal=218 kind=0 ns=268145328706976 fields=8,2,0,25,1,0,0,0,0,0,0,0,0,0,0,0
event=trace_row ordinal=219 kind=1 ns=268145328706976 fields=8,2,0,1010,996,200,1000,0,1,0,0,0,0,0,0,0
event=trace_row ordinal=220 kind=3 ns=268145328767352 fields=8,9,0,2,268145328706976,0,0,0,0,0,0,0,0,6,0,2
event=trace_row ordinal=221 kind=5 ns=268145338761154 fields=513,6,2,0,0,0,0,0,0,0,16,0,0,0,0,0
event=trace_row ordinal=222 kind=0 ns=268145338704569 fields=9,2,0,50,2,0,0,0,0,0,0,0,0,0,0,0
event=trace_row ordinal=223 kind=1 ns=268145338704569 fields=9,2,0,1010,996,200,1000,0,1,0,0,0,0,0,0,0
event=trace_row ordinal=224 kind=1 ns=268145338704569 fields=9,2,1,1010,996,200,1000,0,1,0,0,0,0,0,0,0
event=trace_row ordinal=225 kind=3 ns=268145338770487 fields=9,10,0,2,268145338704569,0,0,0,0,0,0,0,0,6,0,2
event=trace_row ordinal=226 kind=4 ns=268145342477329 fields=385,8,96,20,96,20,0,0,0,0,16,0,0,0,0,0
event=trace_row ordinal=227 kind=4 ns=268145342668665 fields=641,5,3,0,0,0,0,0,0,0,16,0,0,0,0,0
event=trace_row ordinal=228 kind=5 ns=268145348757289 fields=513,6,2,0,0,0,0,0,0,0,16,0,0,0,0,0
event=trace_row ordinal=229 kind=0 ns=268145348706538 fields=10,2,0,25,1,0,0,0,0,0,0,0,0,0,0,0
event=trace_row ordinal=230 kind=1 ns=268145348706538 fields=10,2,0,1010,996,200,1000,0,1,0,0,0,0,0,0,0
event=trace_row ordinal=231 kind=3 ns=268145348766622 fields=10,11,0,2,268145348706538,0,0,0,0,0,0,0,0,6,0,2
event=trace_row ordinal=232 kind=5 ns=268145358757215 fields=513,6,2,0,0,0,0,0,0,0,16,0,0,0,0,0
event=trace_row ordinal=233 kind=0 ns=268145358706173 fields=11,2,0,25,1,0,0,0,0,0,0,0,0,0,0,0
event=trace_row ordinal=234 kind=1 ns=268145358706173 fields=11,2,0,1010,996,200,1000,0,1,0,0,0,0,0,0,0
event=trace_row ordinal=235 kind=3 ns=268145358766257 fields=11,12,0,2,268145358706173,0,0,0,0,0,0,0,0,6,0,2
event=trace_row ordinal=236 kind=5 ns=268145368762101 fields=513,6,2,0,0,0,0,0,0,0,16,0,0,0,0,0
event=trace_row ordinal=237 kind=0 ns=268145368706100 fields=12,2,0,50,2,0,0,0,0,0,0,0,0,0,0,0
event=trace_row ordinal=238 kind=1 ns=268145368706100 fields=12,2,0,1010,996,200,1000,0,1,0,0,0,0,0,0,0
event=trace_row ordinal=239 kind=1 ns=268145368706100 fields=12,2,1,1010,996,200,1000,0,1,0,0,0,0,0,0,0
event=trace_row ordinal=240 kind=3 ns=268145368771726 fields=12,13,0,2,268145368706100,0,0,0,0,0,0,0,0,6,0,2
event=trace_row ordinal=241 kind=5 ns=268145378757069 fields=513,6,2,0,0,0,0,0,0,0,16,0,0,0,0,0
event=trace_row ordinal=242 kind=0 ns=268145378706027 fields=13,2,0,25,1,0,0,0,0,0,0,0,0,0,0,0
event=trace_row ordinal=243 kind=1 ns=268145378706027 fields=13,2,0,1010,996,200,1000,0,1,0,0,0,0,0,0,0
event=trace_row ordinal=244 kind=3 ns=268145378766111 fields=13,14,0,2,268145378706027,0,0,0,0,0,0,0,0,6,0,2
event=trace_row ordinal=245 kind=4 ns=268145383447716 fields=1793,1,5,0,0,0,0,0,0,0,16,0,0,0,0,0
event=trace_row ordinal=246 kind=5 ns=268145388763121 fields=513,6,2,0,0,0,0,0,0,0,16,0,0,0,0,0
event=trace_row ordinal=247 kind=0 ns=268145388706828 fields=14,2,0,50,2,0,0,0,0,0,0,0,0,0,0,0
event=trace_row ordinal=248 kind=1 ns=268145388706828 fields=14,2,0,1010,996,200,1000,0,1,0,0,0,0,0,0,0
event=trace_row ordinal=249 kind=1 ns=268145388706828 fields=14,2,1,1010,996,200,1000,0,1,0,0,0,0,0,0,0
event=trace_row ordinal=250 kind=3 ns=268145388772454 fields=14,15,0,2,268145388706828,0,0,0,0,0,0,0,0,6,0,2
event=trace_row ordinal=251 kind=4 ns=268145392488921 fields=385,8,96,20,96,20,0,0,0,0,16,0,0,0,0,0
event=trace_row ordinal=252 kind=4 ns=268145392616965 fields=641,5,3,0,0,0,0,0,0,0,16,0,0,0,0,0
event=trace_row ordinal=253 kind=5 ns=268145398758964 fields=513,6,2,0,0,0,0,0,0,0,16,0,0,0,0,0
event=trace_row ordinal=254 kind=0 ns=268145398706172 fields=15,2,0,25,1,0,0,0,0,0,0,0,0,0,0,0
event=trace_row ordinal=255 kind=1 ns=268145398706172 fields=15,2,0,1010,996,200,1000,0,1,0,0,0,0,0,0,0
event=trace_row ordinal=256 kind=3 ns=268145398768298 fields=15,16,0,2,268145398706172,0,0,0,0,0,0,0,0,6,0,2
event=trace_row ordinal=257 kind=5 ns=268145408762099 fields=513,6,2,0,0,0,0,0,0,0,16,0,0,0,0,0
event=trace_row ordinal=258 kind=0 ns=268145408706390 fields=16,2,0,50,2,0,0,0,0,0,0,0,0,0,0,0
event=trace_row ordinal=259 kind=1 ns=268145408706390 fields=16,2,0,1010,996,200,1000,0,1,0,0,0,0,0,0,0
event=trace_row ordinal=260 kind=1 ns=268145408706390 fields=16,2,1,1010,996,200,1000,0,1,0,0,0,0,0,0,0
event=trace_row ordinal=261 kind=3 ns=268145408771433 fields=16,17,0,2,268145408706390,0,0,0,0,0,0,0,0,6,0,2
event=trace_row ordinal=262 kind=5 ns=268145418757651 fields=513,6,2,0,0,0,0,0,0,0,16,0,0,0,0,0
event=trace_row ordinal=263 kind=0 ns=268145418706609 fields=17,2,0,25,1,0,0,0,0,0,0,0,0,0,0,0
event=trace_row ordinal=264 kind=1 ns=268145418706609 fields=17,2,0,1010,996,200,1000,0,1,0,0,0,0,0,0,0
event=trace_row ordinal=265 kind=3 ns=268145418766693 fields=17,18,0,2,268145418706609,0,0,0,0,0,0,0,0,6,0,2
event=trace_row ordinal=266 kind=5 ns=268145428756995 fields=513,6,2,0,0,0,0,0,0,0,16,0,0,0,0,0
event=trace_row ordinal=267 kind=0 ns=268145428705952 fields=18,2,0,25,1,0,0,0,0,0,0,0,0,0,0,0
event=trace_row ordinal=268 kind=1 ns=268145428705952 fields=18,2,0,1010,996,200,1000,0,1,0,0,0,0,0,0,0
event=trace_row ordinal=269 kind=3 ns=268145428766036 fields=18,19,0,2,268145428705952,0,0,0,0,0,0,0,0,6,0,2
event=trace_row ordinal=270 kind=5 ns=268145438778213 fields=513,6,2,0,0,0,0,0,0,0,16,0,0,0,0,0
event=trace_row ordinal=271 kind=0 ns=268145438710254 fields=19,2,0,50,2,0,0,0,0,0,0,0,0,0,0,0
event=trace_row ordinal=272 kind=1 ns=268145438710254 fields=19,2,0,1010,996,200,1000,0,1,0,0,0,0,0,0,0
event=trace_row ordinal=273 kind=1 ns=268145438710254 fields=19,2,1,1010,996,200,1000,0,1,0,0,0,0,0,0,0
event=trace_row ordinal=274 kind=3 ns=268145438789297 fields=19,20,0,2,268145438710254,0,0,0,0,0,0,0,0,6,0,2
event=trace_row ordinal=275 kind=4 ns=268145442503430 fields=385,8,96,20,96,20,0,0,0,0,16,0,0,0,0,0
event=trace_row ordinal=276 kind=4 ns=268145442702350 fields=641,5,3,0,0,0,0,0,0,0,16,0,0,0,0,0
event=trace_row ordinal=277 kind=5 ns=268145448768515 fields=513,6,2,0,0,0,0,0,0,0,16,0,0,0,0,0
event=trace_row ordinal=278 kind=0 ns=268145448710473 fields=20,2,0,25,1,0,0,0,0,0,0,0,0,0,0,0
event=trace_row ordinal=279 kind=1 ns=268145448710473 fields=20,2,0,1010,996,200,1000,0,1,0,0,0,0,0,0,0
event=trace_row ordinal=280 kind=3 ns=268145448778140 fields=20,21,0,2,268145448710473,0,0,0,0,0,0,0,0,6,0,2
event=trace_row ordinal=281 kind=5 ns=268145458827359 fields=513,6,2,0,0,0,0,0,0,0,16,0,0,0,0,0
event=trace_row ordinal=282 kind=0 ns=268145458731983 fields=21,2,0,50,2,0,0,0,0,0,0,0,0,0,0,0
event=trace_row ordinal=283 kind=1 ns=268145458731983 fields=21,2,0,1010,996,200,1000,0,1,0,0,0,0,0,0,0
event=trace_row ordinal=284 kind=1 ns=268145458731983 fields=21,2,1,1010,996,200,1000,0,1,0,0,0,0,0,0,0
event=trace_row ordinal=285 kind=3 ns=268145458845735 fields=21,22,0,2,268145458731983,0,0,0,0,0,0,0,0,6,0,2
event=trace_row ordinal=286 kind=5 ns=268145468807453 fields=513,6,2,0,0,0,0,0,0,0,16,0,0,0,0,0
event=trace_row ordinal=287 kind=0 ns=268145468727535 fields=22,2,0,25,1,0,0,0,0,0,0,0,0,0,0,0
event=trace_row ordinal=288 kind=1 ns=268145468727535 fields=22,2,0,1010,996,200,1000,0,1,0,0,0,0,0,0,0
event=trace_row ordinal=289 kind=3 ns=268145468822911 fields=22,23,0,2,268145468727535,0,0,0,0,0,0,0,0,6,0,2
event=trace_row ordinal=290 kind=5 ns=268145478847047 fields=513,6,2,0,0,0,0,0,0,0,16,0,0,0,0,0
event=trace_row ordinal=291 kind=0 ns=268145478738837 fields=23,2,0,50,2,0,0,0,0,0,0,0,0,0,0,0
event=trace_row ordinal=292 kind=1 ns=268145478738837 fields=23,2,0,1010,996,200,1000,0,1,0,0,0,0,0,0,0
event=trace_row ordinal=293 kind=1 ns=268145478738837 fields=23,2,1,1010,996,200,1000,0,1,0,0,0,0,0,0,0
event=trace_row ordinal=294 kind=3 ns=268145478866005 fields=23,24,0,2,268145478738837,0,0,0,0,0,0,0,0,6,0,2
event=trace_row ordinal=295 kind=5 ns=268145488837057 fields=513,6,2,0,0,0,0,0,0,0,16,0,0,0,0,0
event=trace_row ordinal=296 kind=0 ns=268145488742847 fields=24,2,0,25,1,0,0,0,0,0,0,0,0,0,0,0
event=trace_row ordinal=297 kind=1 ns=268145488742847 fields=24,2,0,1010,996,200,1000,0,1,0,0,0,0,0,0,0
event=trace_row ordinal=298 kind=3 ns=268145488854848 fields=24,25,0,2,268145488742847,0,0,0,0,0,0,0,0,6,0,2
event=trace_row ordinal=299 kind=4 ns=268145492535148 fields=385,8,96,20,96,20,0,0,0,0,16,0,0,0,0,0
event=trace_row ordinal=300 kind=4 ns=268145492700525 fields=641,5,3,0,0,0,0,0,0,0,16,0,0,0,0,0
event=trace_row ordinal=301 kind=5 ns=268145498822691 fields=513,6,2,0,0,0,0,0,0,0,16,0,0,0,0,0
event=trace_row ordinal=302 kind=0 ns=268145498738107 fields=25,2,0,25,1,0,0,0,0,0,0,0,0,0,0,0
event=trace_row ordinal=303 kind=1 ns=268145498738107 fields=25,2,0,1010,996,200,1000,0,1,0,0,0,0,0,0,0
event=trace_row ordinal=304 kind=3 ns=268145498839317 fields=25,26,0,2,268145498738107,0,0,0,0,0,0,0,0,6,0,2
event=trace_row ordinal=305 kind=5 ns=268145508827285 fields=513,6,2,0,0,0,0,0,0,0,16,0,0,0,0,0
event=trace_row ordinal=306 kind=0 ns=268145508731034 fields=26,2,0,50,2,0,0,0,0,0,0,0,0,0,0,0
event=trace_row ordinal=307 kind=1 ns=268145508731034 fields=26,2,0,1010,996,200,1000,0,1,0,0,0,0,0,0,0
event=trace_row ordinal=308 kind=1 ns=268145508731034 fields=26,2,1,1010,996,200,1000,0,1,0,0,0,0,0,0,0
event=trace_row ordinal=309 kind=3 ns=268145508841577 fields=26,27,0,2,268145508731034,0,0,0,0,0,0,0,0,6,0,2
event=trace_row ordinal=310 kind=5 ns=268145518917046 fields=513,6,2,0,0,0,0,0,0,0,16,0,0,0,0,0
event=trace_row ordinal=311 kind=0 ns=268145518767711 fields=27,2,0,25,1,0,0,0,0,0,0,0,0,0,0,0
event=trace_row ordinal=312 kind=1 ns=268145518767711 fields=27,2,0,1010,996,200,1000,0,1,0,0,0,0,0,0,0
event=trace_row ordinal=313 kind=3 ns=268145518943005 fields=27,28,0,2,268145518767711,0,0,0,0,0,0,0,0,6,0,2
event=trace_row ordinal=314 kind=5 ns=268145528803222 fields=513,6,2,0,0,0,0,0,0,0,16,0,0,0,0,0
event=trace_row ordinal=315 kind=0 ns=268145528725054 fields=28,2,0,50,2,0,0,0,0,0,0,0,0,0,0,0
event=trace_row ordinal=316 kind=1 ns=268145528725054 fields=28,2,0,1010,996,200,1000,0,1,0,0,0,0,0,0,0
event=trace_row ordinal=317 kind=1 ns=268145528725054 fields=28,2,1,1010,996,200,1000,0,1,0,0,0,0,0,0,0
event=trace_row ordinal=318 kind=3 ns=268145528817222 fields=28,29,0,2,268145528725054,0,0,0,0,0,0,0,0,6,0,2
event=trace_row ordinal=319 kind=5 ns=268145538918358 fields=513,6,2,0,0,0,0,0,0,0,16,0,0,0,0,0
event=trace_row ordinal=320 kind=0 ns=268145538762023 fields=29,2,0,25,1,0,0,0,0,0,0,0,0,0,0,0
event=trace_row ordinal=321 kind=1 ns=268145538762023 fields=29,2,0,1010,996,200,1000,0,1,0,0,0,0,0,0,0
event=trace_row ordinal=322 kind=3 ns=268145538943442 fields=29,30,0,2,268145538762023,0,0,0,0,0,0,0,0,6,0,2
event=trace_row ordinal=323 kind=4 ns=268145542551116 fields=385,8,96,20,96,20,0,0,0,0,16,0,0,0,0,0
event=trace_row ordinal=324 kind=4 ns=268145542652034 fields=641,5,3,0,0,0,0,0,0,0,16,0,0,0,0,0
event=trace_row ordinal=325 kind=5 ns=268145548861993 fields=513,6,2,0,0,0,0,0,0,0,16,0,0,0,0,0
event=trace_row ordinal=326 kind=0 ns=268145548743283 fields=30,2,0,50,2,0,0,0,0,0,0,0,0,0,0,0
event=trace_row ordinal=327 kind=1 ns=268145548743283 fields=30,2,0,1010,996,200,1000,0,1,0,0,0,0,0,0,0
event=trace_row ordinal=328 kind=1 ns=268145548743283 fields=30,2,1,1010,996,200,1000,0,1,0,0,0,0,0,0,0
event=trace_row ordinal=329 kind=3 ns=268145548880660 fields=30,31,0,2,268145548743283,0,0,0,0,0,0,0,0,6,0,2
event=trace_row ordinal=330 kind=5 ns=268145558887878 fields=513,6,2,0,0,0,0,0,0,0,16,0,0,0,0,0
event=trace_row ordinal=331 kind=0 ns=268145558750501 fields=31,2,0,25,1,0,0,0,0,0,0,0,0,0,0,0
event=trace_row ordinal=332 kind=1 ns=268145558750501 fields=31,2,0,1010,996,200,1000,0,1,0,0,0,0,0,0,0
event=trace_row ordinal=333 kind=3 ns=268145558910045 fields=31,32,0,2,268145558750501,0,0,0,0,0,0,0,0,6,0,2
event=trace_row ordinal=334 kind=5 ns=268145568847554 fields=513,6,2,0,0,0,0,0,0,0,16,0,0,0,0,0
event=trace_row ordinal=335 kind=0 ns=268145568739345 fields=32,2,0,25,1,0,0,0,0,0,0,0,0,0,0,0
event=trace_row ordinal=336 kind=1 ns=268145568739345 fields=32,2,0,1010,996,200,1000,0,1,0,0,0,0,0,0,0
event=trace_row ordinal=337 kind=3 ns=268145568865055 fields=32,33,0,2,268145568739345,0,0,0,0,0,0,0,0,6,0,2
event=trace_row ordinal=338 kind=5 ns=268145578813939 fields=513,6,2,0,0,0,0,0,0,0,16,0,0,0,0,0
event=trace_row ordinal=339 kind=0 ns=268145578723521 fields=33,2,0,50,2,0,0,0,0,0,0,0,0,0,0,0
event=trace_row ordinal=340 kind=1 ns=268145578723521 fields=33,2,0,1010,996,200,1000,0,1,0,0,0,0,0,0,0
event=trace_row ordinal=341 kind=1 ns=268145578723521 fields=33,2,1,1010,996,200,1000,0,1,0,0,0,0,0,0,0
event=trace_row ordinal=342 kind=3 ns=268145578828523 fields=33,34,0,2,268145578723521,0,0,0,0,0,0,0,0,6,0,2
event=trace_row ordinal=343 kind=5 ns=268145588801907 fields=513,6,2,0,0,0,0,0,0,0,16,0,0,0,0,0
event=trace_row ordinal=344 kind=0 ns=268145588721406 fields=34,2,0,25,1,0,0,0,0,0,0,0,0,0,0,0
event=trace_row ordinal=345 kind=1 ns=268145588721406 fields=34,2,0,1010,996,200,1000,0,1,0,0,0,0,0,0,0
event=trace_row ordinal=346 kind=3 ns=268145588814741 fields=34,35,0,2,268145588721406,0,0,0,0,0,0,0,0,6,0,2
event=trace_row ordinal=347 kind=4 ns=268145592556291 fields=385,8,96,20,96,20,0,0,0,0,16,0,0,0,0,0
event=trace_row ordinal=348 kind=4 ns=268145592727794 fields=641,5,3,0,0,0,0,0,0,0,16,0,0,0,0,0
event=trace_row ordinal=349 kind=5 ns=268145598882919 fields=513,6,2,0,0,0,0,0,0,0,16,0,0,0,0,0
event=trace_row ordinal=350 kind=0 ns=268145598752834 fields=35,2,0,50,2,0,0,0,0,0,0,0,0,0,0,0
event=trace_row ordinal=351 kind=1 ns=268145598752834 fields=35,2,0,1010,996,200,1000,0,1,0,0,0,0,0,0,0
event=trace_row ordinal=352 kind=1 ns=268145598752834 fields=35,2,1,1010,996,200,1000,0,1,0,0,0,0,0,0,0
event=trace_row ordinal=353 kind=3 ns=268145598901294 fields=35,36,0,2,268145598752834,0,0,0,0,0,0,0,0,6,0,2
event=trace_row ordinal=354 kind=5 ns=268145608852220 fields=513,6,2,0,0,0,0,0,0,0,16,0,0,0,0,0
event=trace_row ordinal=355 kind=0 ns=268145608741094 fields=36,2,0,25,1,0,0,0,0,0,0,0,0,0,0,0
event=trace_row ordinal=356 kind=1 ns=268145608741094 fields=36,2,0,1010,996,200,1000,0,1,0,0,0,0,0,0,0
event=trace_row ordinal=357 kind=3 ns=268145608867387 fields=36,37,0,2,268145608741094,0,0,0,0,0,0,0,0,6,0,2
event=trace_row ordinal=358 kind=5 ns=268145618829397 fields=513,6,2,0,0,0,0,0,0,0,16,0,0,0,0,0
event=trace_row ordinal=359 kind=0 ns=268145618731395 fields=37,2,0,50,2,0,0,0,0,0,0,0,0,0,0,0
event=trace_row ordinal=360 kind=1 ns=268145618731395 fields=37,2,0,1010,996,200,1000,0,1,0,0,0,0,0,0,0
event=trace_row ordinal=361 kind=1 ns=268145618731395 fields=37,2,1,1010,996,200,1000,0,1,0,0,0,0,0,0,0
event=trace_row ordinal=362 kind=3 ns=268145618844272 fields=37,38,0,2,268145618731395,0,0,0,0,0,0,0,0,6,0,2
event=trace_row ordinal=363 kind=5 ns=268145628818240 fields=513,6,2,0,0,0,0,0,0,0,16,0,0,0,0,0
event=trace_row ordinal=364 kind=0 ns=268145628728405 fields=38,2,0,25,1,0,0,0,0,0,0,0,0,0,0,0
event=trace_row ordinal=365 kind=1 ns=268145628728405 fields=38,2,0,1010,996,200,1000,0,1,0,0,0,0,0,0,0
event=trace_row ordinal=366 kind=3 ns=268145628832240 fields=38,39,0,2,268145628728405,0,0,0,0,0,0,0,0,6,0,2
event=trace_row ordinal=367 kind=4 ns=268145633024130 fields=1793,1,5,0,0,0,0,0,0,0,16,0,0,0,0,0
event=trace_row ordinal=368 kind=5 ns=268145638803875 fields=513,6,2,0,0,0,0,0,0,0,16,0,0,0,0,0
event=trace_row ordinal=369 kind=0 ns=268145638724832 fields=39,2,0,25,1,0,0,0,0,0,0,0,0,0,0,0
event=trace_row ordinal=370 kind=1 ns=268145638724832 fields=39,2,0,1010,996,200,1000,0,1,0,0,0,0,0,0,0
event=trace_row ordinal=371 kind=3 ns=268145638816708 fields=39,40,0,2,268145638724832,0,0,0,0,0,0,0,0,6,0,2
event=trace_row ordinal=372 kind=4 ns=268145642560592 fields=385,8,96,20,96,20,0,0,0,0,16,0,0,0,0,0
event=trace_row ordinal=373 kind=4 ns=268145642744345 fields=641,5,3,0,0,0,0,0,0,0,16,0,0,0,0,0
event=trace_row ordinal=374 kind=5 ns=268145648821302 fields=513,6,2,0,0,0,0,0,0,0,16,0,0,0,0,0
event=trace_row ordinal=375 kind=0 ns=268145648728842 fields=40,2,0,50,2,0,0,0,0,0,0,0,0,0,0,0
event=trace_row ordinal=376 kind=1 ns=268145648728842 fields=40,2,0,1010,996,200,1000,0,1,0,0,0,0,0,0,0
event=trace_row ordinal=377 kind=1 ns=268145648728842 fields=40,2,1,1010,996,200,1000,0,1,0,0,0,0,0,0,0
event=trace_row ordinal=378 kind=3 ns=268145648833844 fields=40,41,0,2,268145648728842,0,0,0,0,0,0,0,0,6,0,2
event=trace_row ordinal=379 kind=5 ns=268145658765811 fields=513,6,2,0,0,0,0,0,0,0,16,0,0,0,0,0
event=trace_row ordinal=380 kind=0 ns=268145658710977 fields=41,2,0,25,1,0,0,0,0,0,0,0,0,0,0,0
event=trace_row ordinal=381 kind=1 ns=268145658710977 fields=41,2,0,1010,996,200,1000,0,1,0,0,0,0,0,0,0
event=trace_row ordinal=382 kind=3 ns=268145658775145 fields=41,42,0,2,268145658710977,0,0,0,0,0,0,0,0,6,0,2
event=trace_row ordinal=383 kind=5 ns=268145668765446 fields=513,6,2,0,0,0,0,0,0,0,16,0,0,0,0,0
event=trace_row ordinal=384 kind=0 ns=268145668706821 fields=42,2,0,50,2,0,0,0,0,0,0,0,0,0,0,0
event=trace_row ordinal=385 kind=1 ns=268145668706821 fields=42,2,0,1010,996,200,1000,0,1,0,0,0,0,0,0,0
event=trace_row ordinal=386 kind=1 ns=268145668706821 fields=42,2,1,1010,996,200,1000,0,1,0,0,0,0,0,0,0
event=trace_row ordinal=387 kind=3 ns=268145668774780 fields=42,43,0,2,268145668706821,0,0,0,0,0,0,0,0,6,0,2
event=trace_row ordinal=388 kind=5 ns=268145678760123 fields=513,6,2,0,0,0,0,0,0,0,16,0,0,0,0,0
event=trace_row ordinal=389 kind=0 ns=268145678707622 fields=43,2,0,25,1,0,0,0,0,0,0,0,0,0,0,0
event=trace_row ordinal=390 kind=1 ns=268145678707622 fields=43,2,0,1010,996,200,1000,0,1,0,0,0,0,0,0,0
event=trace_row ordinal=391 kind=3 ns=268145678769165 fields=43,44,0,2,268145678707622,0,0,0,0,0,0,0,0,6,0,2
event=trace_row ordinal=392 kind=5 ns=268145688762675 fields=513,6,2,0,0,0,0,0,0,0,16,0,0,0,0,0
event=trace_row ordinal=393 kind=0 ns=268145688706382 fields=44,2,0,50,2,0,0,0,0,0,0,0,0,0,0,0
event=trace_row ordinal=394 kind=1 ns=268145688706382 fields=44,2,0,1010,996,200,1000,0,1,0,0,0,0,0,0,0
event=trace_row ordinal=395 kind=1 ns=268145688706382 fields=44,2,1,1010,996,200,1000,0,1,0,0,0,0,0,0,0
event=trace_row ordinal=396 kind=3 ns=268145688772008 fields=44,45,0,2,268145688706382,0,0,0,0,0,0,0,0,6,0,2
event=trace_row ordinal=397 kind=4 ns=268145692568685 fields=385,8,96,20,96,20,0,0,0,0,16,0,0,0,0,0
event=trace_row ordinal=398 kind=4 ns=268145692701978 fields=641,5,3,0,0,0,0,0,0,0,16,0,0,0,0,0
event=trace_row ordinal=399 kind=5 ns=268145698758810 fields=513,6,2,0,0,0,0,0,0,0,16,0,0,0,0,0
event=trace_row ordinal=400 kind=0 ns=268145698707184 fields=45,2,0,25,1,0,0,0,0,0,0,0,0,0,0,0
event=trace_row ordinal=401 kind=1 ns=268145698707184 fields=45,2,0,1010,996,200,1000,0,1,0,0,0,0,0,0,0
event=trace_row ordinal=402 kind=3 ns=268145698768143 fields=45,46,0,2,268145698707184,0,0,0,0,0,0,0,0,6,0,2
event=trace_row ordinal=403 kind=5 ns=268145708757278 fields=513,6,2,0,0,0,0,0,0,0,16,0,0,0,0,0
event=trace_row ordinal=404 kind=0 ns=268145708706236 fields=46,2,0,25,1,0,0,0,0,0,0,0,0,0,0,0
event=trace_row ordinal=405 kind=1 ns=268145708706236 fields=46,2,0,1010,996,200,1000,0,1,0,0,0,0,0,0,0
event=trace_row ordinal=406 kind=3 ns=268145708766029 fields=46,47,0,2,268145708706236,0,0,0,0,0,0,0,0,6,0,2
event=trace_row ordinal=407 kind=5 ns=268145718762164 fields=513,6,2,0,0,0,0,0,0,0,16,0,0,0,0,0
event=trace_row ordinal=408 kind=0 ns=268145718706455 fields=47,2,0,50,2,0,0,0,0,0,0,0,0,0,0,0
event=trace_row ordinal=409 kind=1 ns=268145718706455 fields=47,2,0,1010,996,200,1000,0,1,0,0,0,0,0,0,0
event=trace_row ordinal=410 kind=1 ns=268145718706455 fields=47,2,1,1010,996,200,1000,0,1,0,0,0,0,0,0,0
event=trace_row ordinal=411 kind=3 ns=268145718771497 fields=47,48,0,2,268145718706455,0,0,0,0,0,0,0,0,6,0,2
event=trace_row ordinal=412 kind=5 ns=268145728757132 fields=513,6,2,0,0,0,0,0,0,0,16,0,0,0,0,0
event=trace_row ordinal=413 kind=0 ns=268145728706090 fields=48,2,0,25,1,0,0,0,0,0,0,0,0,0,0,0
event=trace_row ordinal=414 kind=1 ns=268145728706090 fields=48,2,0,1010,996,200,1000,0,1,0,0,0,0,0,0,0
event=trace_row ordinal=415 kind=3 ns=268145728766174 fields=48,49,0,2,268145728706090,0,0,0,0,0,0,0,0,6,0,2
event=trace_row ordinal=416 kind=5 ns=268145738762892 fields=513,6,2,0,0,0,0,0,0,0,16,0,0,0,0,0
event=trace_row ordinal=417 kind=0 ns=268145738706891 fields=49,2,0,50,2,0,0,0,0,0,0,0,0,0,0,0
event=trace_row ordinal=418 kind=1 ns=268145738706891 fields=49,2,0,1010,996,200,1000,0,1,0,0,0,0,0,0,0
event=trace_row ordinal=419 kind=1 ns=268145738706891 fields=49,2,1,1010,996,200,1000,0,1,0,0,0,0,0,0,0
event=trace_row ordinal=420 kind=3 ns=268145738772517 fields=49,50,0,2,268145738706891,0,0,0,0,0,0,0,0,6,0,2
event=trace_row ordinal=421 kind=4 ns=268145742576194 fields=385,8,96,20,96,20,0,0,0,0,16,0,0,0,0,0
event=trace_row ordinal=422 kind=4 ns=268145742761696 fields=641,5,3,0,0,0,0,0,0,0,16,0,0,0,0,0
event=trace_row ordinal=423 kind=5 ns=268145748754944 fields=513,6,2,0,0,0,0,0,0,0,16,0,0,0,0,0
event=trace_row ordinal=424 kind=0 ns=268145748703902 fields=50,2,0,25,1,0,0,0,0,0,0,0,0,0,0,0
event=trace_row ordinal=425 kind=1 ns=268145748703902 fields=50,2,0,1010,996,200,1000,0,1,0,0,0,0,0,0,0
event=trace_row ordinal=426 kind=3 ns=268145748763986 fields=50,51,0,2,268145748703902,0,0,0,0,0,0,0,0,6,0,2
event=trace_row ordinal=427 kind=5 ns=268145758763037 fields=513,6,2,0,0,0,0,0,0,0,16,0,0,0,0,0
event=trace_row ordinal=428 kind=0 ns=268145758706162 fields=51,2,0,50,2,0,0,0,0,0,0,0,0,0,0,0
event=trace_row ordinal=429 kind=1 ns=268145758706162 fields=51,2,0,1010,996,200,1000,0,1,0,0,0,0,0,0,0
event=trace_row ordinal=430 kind=1 ns=268145758706162 fields=51,2,1,1010,996,200,1000,0,1,0,0,0,0,0,0,0
event=trace_row ordinal=431 kind=3 ns=268145758772371 fields=51,52,0,2,268145758706162,0,0,0,0,0,0,0,0,6,0,2
event=trace_row ordinal=432 kind=5 ns=268145768758298 fields=513,6,2,0,0,0,0,0,0,0,16,0,0,0,0,0
event=trace_row ordinal=433 kind=0 ns=268145768706089 fields=52,2,0,25,1,0,0,0,0,0,0,0,0,0,0,0
event=trace_row ordinal=434 kind=1 ns=268145768706089 fields=52,2,0,1010,996,200,1000,0,1,0,0,0,0,0,0,0
event=trace_row ordinal=435 kind=3 ns=268145768767048 fields=52,53,0,2,268145768706089,0,0,0,0,0,0,0,0,6,0,2
event=trace_row ordinal=436 kind=5 ns=268145778757058 fields=513,6,2,0,0,0,0,0,0,0,16,0,0,0,0,0
event=trace_row ordinal=437 kind=0 ns=268145778706307 fields=53,2,0,25,1,0,0,0,0,0,0,0,0,0,0,0
event=trace_row ordinal=438 kind=1 ns=268145778706307 fields=53,2,0,1010,996,200,1000,0,1,0,0,0,0,0,0,0
event=trace_row ordinal=439 kind=3 ns=268145778766391 fields=53,54,0,2,268145778706307,0,0,0,0,0,0,0,0,6,0,2
event=trace_row ordinal=440 kind=5 ns=268145788762526 fields=513,6,2,0,0,0,0,0,0,0,16,0,0,0,0,0
event=trace_row ordinal=441 kind=0 ns=268145788706234 fields=54,2,0,50,2,0,0,0,0,0,0,0,0,0,0,0
event=trace_row ordinal=442 kind=1 ns=268145788706234 fields=54,2,0,1010,996,200,1000,0,1,0,0,0,0,0,0,0
event=trace_row ordinal=443 kind=1 ns=268145788706234 fields=54,2,1,1010,996,200,1000,0,1,0,0,0,0,0,0,0
event=trace_row ordinal=444 kind=3 ns=268145788772151 fields=54,55,0,2,268145788706234,0,0,0,0,0,0,0,0,6,0,2
event=trace_row ordinal=445 kind=4 ns=268145792653704 fields=385,8,96,20,96,20,0,0,0,0,16,0,0,0,0,0
event=trace_row ordinal=446 kind=4 ns=268145792823456 fields=641,5,3,0,0,0,0,0,0,0,16,0,0,0,0,0
event=trace_row ordinal=447 kind=5 ns=268145798851413 fields=513,6,2,0,0,0,0,0,0,0,16,0,0,0,0,0
event=trace_row ordinal=448 kind=0 ns=268145798745536 fields=55,2,0,25,1,0,0,0,0,0,0,0,0,0,0,0
event=trace_row ordinal=449 kind=1 ns=268145798745536 fields=55,2,0,1010,996,200,1000,0,1,0,0,0,0,0,0,0
event=trace_row ordinal=450 kind=3 ns=268145798868038 fields=55,56,0,2,268145798745536,0,0,0,0,0,0,0,0,6,0,2
event=trace_row ordinal=451 kind=5 ns=268145808778422 fields=513,6,2,0,0,0,0,0,0,0,16,0,0,0,0,0
event=trace_row ordinal=452 kind=0 ns=268145808713087 fields=56,2,0,50,2,0,0,0,0,0,0,0,0,0,0,0
event=trace_row ordinal=453 kind=1 ns=268145808713087 fields=56,2,0,1010,996,200,1000,0,1,0,0,0,0,0,0,0
event=trace_row ordinal=454 kind=1 ns=268145808713087 fields=56,2,1,1010,996,200,1000,0,1,0,0,0,0,0,0,0
event=trace_row ordinal=455 kind=3 ns=268145808790089 fields=56,57,0,2,268145808713087,0,0,0,0,0,0,0,0,6,0,2
event=trace_row ordinal=456 kind=5 ns=268145818759973 fields=513,6,2,0,0,0,0,0,0,0,16,0,0,0,0,0
event=trace_row ordinal=457 kind=0 ns=268145818707473 fields=57,2,0,25,1,0,0,0,0,0,0,0,0,0,0,0
event=trace_row ordinal=458 kind=1 ns=268145818707473 fields=57,2,0,1010,996,200,1000,0,1,0,0,0,0,0,0,0
event=trace_row ordinal=459 kind=3 ns=268145818769307 fields=57,58,0,2,268145818707473,0,0,0,0,0,0,0,0,6,0,2
event=trace_row ordinal=460 kind=5 ns=268145828762525 fields=513,6,2,0,0,0,0,0,0,0,16,0,0,0,0,0
event=trace_row ordinal=461 kind=0 ns=268145828705941 fields=58,2,0,50,2,0,0,0,0,0,0,0,0,0,0,0
event=trace_row ordinal=462 kind=1 ns=268145828705941 fields=58,2,0,1010,996,200,1000,0,1,0,0,0,0,0,0,0
event=trace_row ordinal=463 kind=1 ns=268145828705941 fields=58,2,1,1010,996,200,1000,0,1,0,0,0,0,0,0,0
event=trace_row ordinal=464 kind=3 ns=268145828771859 fields=58,59,0,2,268145828705941,0,0,0,0,0,0,0,0,6,0,2
event=trace_row ordinal=465 kind=5 ns=268145838757493 fields=513,6,2,0,0,0,0,0,0,0,16,0,0,0,0,0
event=trace_row ordinal=466 kind=0 ns=268145838706159 fields=59,2,0,25,1,0,0,0,0,0,0,0,0,0,0,0
event=trace_row ordinal=467 kind=1 ns=268145838706159 fields=59,2,0,1010,996,200,1000,0,1,0,0,0,0,0,0,0
event=trace_row ordinal=468 kind=3 ns=268145838766535 fields=59,60,0,2,268145838706159,0,0,0,0,0,0,0,0,6,0,2
event=trace_row ordinal=469 kind=4 ns=268145842601712 fields=385,8,96,20,96,20,0,0,0,0,16,0,0,0,0,0
event=trace_row ordinal=470 kind=4 ns=268145842728005 fields=641,5,3,0,0,0,0,0,0,0,16,0,0,0,0,0
event=trace_row ordinal=471 kind=5 ns=268145848757129 fields=513,6,2,0,0,0,0,0,0,0,16,0,0,0,0,0
event=trace_row ordinal=472 kind=0 ns=268145848706086 fields=60,2,0,25,1,0,0,0,0,0,0,0,0,0,0,0
event=trace_row ordinal=473 kind=1 ns=268145848706086 fields=60,2,0,1010,996,200,1000,0,1,0,0,0,0,0,0,0
event=trace_row ordinal=474 kind=3 ns=268145848765879 fields=60,61,0,2,268145848706086,0,0,0,0,0,0,0,0,6,0,2
event=trace_row ordinal=475 kind=5 ns=268145858762597 fields=513,6,2,0,0,0,0,0,0,0,16,0,0,0,0,0
event=trace_row ordinal=476 kind=0 ns=268145858706013 fields=61,2,0,50,2,0,0,0,0,0,0,0,0,0,0,0
event=trace_row ordinal=477 kind=1 ns=268145858706013 fields=61,2,0,1010,996,200,1000,0,1,0,0,0,0,0,0,0
event=trace_row ordinal=478 kind=1 ns=268145858706013 fields=61,2,1,1010,996,200,1000,0,1,0,0,0,0,0,0,0
event=trace_row ordinal=479 kind=3 ns=268145858771639 fields=61,62,0,2,268145858706013,0,0,0,0,0,0,0,0,6,0,2
event=trace_row ordinal=480 kind=5 ns=268145868757274 fields=513,6,2,0,0,0,0,0,0,0,16,0,0,0,0,0
event=trace_row ordinal=481 kind=0 ns=268145868705940 fields=62,2,0,25,1,0,0,0,0,0,0,0,0,0,0,0
event=trace_row ordinal=482 kind=1 ns=268145868705940 fields=62,2,0,1010,996,200,1000,0,1,0,0,0,0,0,0,0
event=trace_row ordinal=483 kind=3 ns=268145868766024 fields=62,63,0,2,268145868705940,0,0,0,0,0,0,0,0,6,0,2
event=trace_row ordinal=484 kind=5 ns=268145878763034 fields=513,6,2,0,0,0,0,0,0,0,16,0,0,0,0,0
event=trace_row ordinal=485 kind=0 ns=268145878706158 fields=63,2,0,50,2,0,0,0,0,0,0,0,0,0,0,0
event=trace_row ordinal=486 kind=1 ns=268145878706158 fields=63,2,0,1010,996,200,1000,0,1,0,0,0,0,0,0,0
event=trace_row ordinal=487 kind=1 ns=268145878706158 fields=63,2,1,1010,996,200,1000,0,1,0,0,0,0,0,0,0
event=trace_row ordinal=488 kind=3 ns=268145878772368 fields=63,64,0,2,268145878706158,0,0,0,0,0,0,0,0,6,0,2
event=trace_row ordinal=489 kind=4 ns=268145882506626 fields=1793,1,5,0,0,0,0,0,0,0,16,0,0,0,0,0
event=trace_row ordinal=490 kind=5 ns=268145888760044 fields=513,6,2,0,0,0,0,0,0,0,16,0,0,0,0,0
event=trace_row ordinal=491 kind=0 ns=268145888708710 fields=64,2,0,25,1,0,0,0,0,0,0,0,0,0,0,0
event=trace_row ordinal=492 kind=1 ns=268145888708710 fields=64,2,0,1010,996,200,1000,0,1,0,0,0,0,0,0,0
event=trace_row ordinal=493 kind=3 ns=268145888769086 fields=64,65,0,2,268145888708710,0,0,0,0,0,0,0,0,6,0,2
event=trace_row ordinal=494 kind=4 ns=268145892608930 fields=385,8,96,20,96,20,0,0,0,0,16,0,0,0,0,0
event=trace_row ordinal=495 kind=4 ns=268145892740181 fields=641,5,3,0,0,0,0,0,0,0,16,0,0,0,0,0
event=trace_row ordinal=496 kind=5 ns=268145898762304 fields=513,6,2,0,0,0,0,0,0,0,16,0,0,0,0,0
event=trace_row ordinal=497 kind=0 ns=268145898705720 fields=65,2,0,50,2,0,0,0,0,0,0,0,0,0,0,0
event=trace_row ordinal=498 kind=1 ns=268145898705720 fields=65,2,0,1010,996,200,1000,0,1,0,0,0,0,0,0,0
event=trace_row ordinal=499 kind=1 ns=268145898705720 fields=65,2,1,1010,996,200,1000,0,1,0,0,0,0,0,0,0
event=trace_row ordinal=500 kind=3 ns=268145898772513 fields=65,66,0,2,268145898705720,0,0,0,0,0,0,0,0,6,0,2
event=trace_row ordinal=501 kind=5 ns=268145908756689 fields=513,6,2,0,0,0,0,0,0,0,16,0,0,0,0,0
event=trace_row ordinal=502 kind=0 ns=268145908705939 fields=66,2,0,25,1,0,0,0,0,0,0,0,0,0,0,0
event=trace_row ordinal=503 kind=1 ns=268145908705939 fields=66,2,0,1010,996,200,1000,0,1,0,0,0,0,0,0,0
event=trace_row ordinal=504 kind=3 ns=268145908765731 fields=66,67,0,2,268145908705939,0,0,0,0,0,0,0,0,6,0,2
event=trace_row ordinal=505 kind=5 ns=268145918758075 fields=513,6,2,0,0,0,0,0,0,0,16,0,0,0,0,0
event=trace_row ordinal=506 kind=0 ns=268145918706449 fields=67,2,0,25,1,0,0,0,0,0,0,0,0,0,0,0
event=trace_row ordinal=507 kind=1 ns=268145918706449 fields=67,2,0,1010,996,200,1000,0,1,0,0,0,0,0,0,0
event=trace_row ordinal=508 kind=3 ns=268145918767116 fields=67,68,0,2,268145918706449,0,0,0,0,0,0,0,0,6,0,2
event=trace_row ordinal=509 kind=5 ns=268145928762960 fields=513,6,2,0,0,0,0,0,0,0,16,0,0,0,0,0
event=trace_row ordinal=510 kind=0 ns=268145928706667 fields=68,2,0,50,2,0,0,0,0,0,0,0,0,0,0,0
event=trace_row ordinal=511 kind=1 ns=268145928706667 fields=68,2,0,1010,996,200,1000,0,1,0,0,0,0,0,0,0
event=trace_row ordinal=512 kind=1 ns=268145928706667 fields=68,2,1,1010,996,200,1000,0,1,0,0,0,0,0,0,0
event=trace_row ordinal=513 kind=3 ns=268145928772293 fields=68,69,0,2,268145928706667,0,0,0,0,0,0,0,0,6,0,2
event=trace_row ordinal=514 kind=5 ns=268145938776303 fields=513,6,2,0,0,0,0,0,0,0,16,0,0,0,0,0
event=trace_row ordinal=515 kind=0 ns=268145938717969 fields=69,2,0,25,1,0,0,0,0,0,0,0,0,0,0,0
event=trace_row ordinal=516 kind=1 ns=268145938717969 fields=69,2,0,1010,996,200,1000,0,1,0,0,0,0,0,0,0
event=trace_row ordinal=517 kind=3 ns=268145938786220 fields=69,70,0,2,268145938717969,0,0,0,0,0,0,0,0,6,0,2
event=trace_row ordinal=518 kind=4 ns=268145942622272 fields=385,8,96,20,96,20,0,0,0,0,16,0,0,0,0,0
event=trace_row ordinal=519 kind=4 ns=268145942749732 fields=641,5,3,0,0,0,0,0,0,0,16,0,0,0,0,0
event=trace_row ordinal=520 kind=5 ns=268145948776230 fields=513,6,2,0,0,0,0,0,0,0,16,0,0,0,0,0
event=trace_row ordinal=521 kind=0 ns=268145948710604 fields=70,2,0,50,2,0,0,0,0,0,0,0,0,0,0,0
event=trace_row ordinal=522 kind=1 ns=268145948710604 fields=70,2,0,1010,996,200,1000,0,1,0,0,0,0,0,0,0
event=trace_row ordinal=523 kind=1 ns=268145948710604 fields=70,2,1,1010,996,200,1000,0,1,0,0,0,0,0,0,0
event=trace_row ordinal=524 kind=3 ns=268145948786730 fields=70,71,0,2,268145948710604,0,0,0,0,0,0,0,0,6,0,2
event=trace_row ordinal=525 kind=5 ns=268145958794824 fields=513,6,2,0,0,0,0,0,0,0,16,0,0,0,0,0
event=trace_row ordinal=526 kind=0 ns=268145958721615 fields=71,2,0,25,1,0,0,0,0,0,0,0,0,0,0,0
event=trace_row ordinal=527 kind=1 ns=268145958721615 fields=71,2,0,1010,996,200,1000,0,1,0,0,0,0,0,0,0
event=trace_row ordinal=528 kind=3 ns=268145958806199 fields=71,72,0,2,268145958721615,0,0,0,0,0,0,0,0,6,0,2
event=trace_row ordinal=529 kind=5 ns=268145968825376 fields=513,6,2,0,0,0,0,0,0,0,16,0,0,0,0,0
event=trace_row ordinal=530 kind=0 ns=268145968729416 fields=72,2,0,50,2,0,0,0,0,0,0,0,0,0,0,0
event=trace_row ordinal=531 kind=1 ns=268145968729416 fields=72,2,0,1010,996,200,1000,0,1,0,0,0,0,0,0,0
event=trace_row ordinal=532 kind=1 ns=268145968729416 fields=72,2,1,1010,996,200,1000,0,1,0,0,0,0,0,0,0
event=trace_row ordinal=533 kind=3 ns=268145968841709 fields=72,73,0,2,268145968729416,0,0,0,0,0,0,0,0,6,0,2
event=trace_row ordinal=534 kind=5 ns=268145978790010 fields=513,6,2,0,0,0,0,0,0,0,16,0,0,0,0,0
event=trace_row ordinal=535 kind=0 ns=268145978719426 fields=73,2,0,25,1,0,0,0,0,0,0,0,0,0,0,0
event=trace_row ordinal=536 kind=1 ns=268145978719426 fields=73,2,0,1010,996,200,1000,0,1,0,0,0,0,0,0,0
event=trace_row ordinal=537 kind=3 ns=268145978801677 fields=73,74,0,2,268145978719426,0,0,0,0,0,0,0,0,6,0,2
event=trace_row ordinal=538 kind=5 ns=268145988885897 fields=513,6,2,0,0,0,0,0,0,0,16,0,0,0,0,0
event=trace_row ordinal=539 kind=0 ns=268145988746187 fields=74,2,0,25,1,0,0,0,0,0,0,0,0,0,0,0
event=trace_row ordinal=540 kind=1 ns=268145988746187 fields=74,2,0,1010,996,200,1000,0,1,0,0,0,0,0,0,0
event=trace_row ordinal=541 kind=3 ns=268145988908064 fields=74,75,0,2,268145988746187,0,0,0,0,0,0,0,0,6,0,2
event=trace_row ordinal=542 kind=4 ns=268145992657781 fields=385,8,96,20,96,20,0,0,0,0,16,0,0,0,0,0
event=trace_row ordinal=543 kind=4 ns=268145992823158 fields=641,5,3,0,0,0,0,0,0,0,16,0,0,0,0,0
event=trace_row ordinal=544 kind=5 ns=268145998822531 fields=513,6,2,0,0,0,0,0,0,0,16,0,0,0,0,0
event=trace_row ordinal=545 kind=0 ns=268145998728030 fields=75,2,0,50,2,0,0,0,0,0,0,0,0,0,0,0
event=trace_row ordinal=546 kind=1 ns=268145998728030 fields=75,2,0,1010,996,200,1000,0,1,0,0,0,0,0,0,0
event=trace_row ordinal=547 kind=1 ns=268145998728030 fields=75,2,1,1010,996,200,1000,0,1,0,0,0,0,0,0,0
event=trace_row ordinal=548 kind=3 ns=268145998837114 fields=75,76,0,2,268145998728030,0,0,0,0,0,0,0,0,6,0,2
event=trace_row ordinal=549 kind=5 ns=268146008854250 fields=513,6,2,0,0,0,0,0,0,0,16,0,0,0,0,0
event=trace_row ordinal=550 kind=0 ns=268146008746623 fields=76,2,0,25,1,0,0,0,0,0,0,0,0,0,0,0
event=trace_row ordinal=551 kind=1 ns=268146008746623 fields=76,2,0,1010,996,200,1000,0,1,0,0,0,0,0,0,0
event=trace_row ordinal=552 kind=3 ns=268146008874375 fields=76,77,0,2,268146008746623,0,0,0,0,0,0,0,0,6,0,2
event=trace_row ordinal=553 kind=5 ns=268146018865551 fields=513,6,2,0,0,0,0,0,0,0,16,0,0,0,0,0
event=trace_row ordinal=554 kind=0 ns=268146018741300 fields=77,2,0,50,2,0,0,0,0,0,0,0,0,0,0,0
event=trace_row ordinal=555 kind=1 ns=268146018741300 fields=77,2,0,1010,996,200,1000,0,1,0,0,0,0,0,0,0
event=trace_row ordinal=556 kind=1 ns=268146018741300 fields=77,2,1,1010,996,200,1000,0,1,0,0,0,0,0,0,0
event=trace_row ordinal=557 kind=3 ns=268146018898510 fields=77,78,0,2,268146018741300,0,0,0,0,0,0,0,0,6,0,2
event=trace_row ordinal=558 kind=5 ns=268146028865770 fields=513,6,2,0,0,0,0,0,0,0,16,0,0,0,0,0
event=trace_row ordinal=559 kind=0 ns=268146028747643 fields=78,2,0,25,1,0,0,0,0,0,0,0,0,0,0,0
event=trace_row ordinal=560 kind=1 ns=268146028747643 fields=78,2,0,1010,996,200,1000,0,1,0,0,0,0,0,0,0
event=trace_row ordinal=561 kind=3 ns=268146028885020 fields=78,79,0,2,268146028747643,0,0,0,0,0,0,0,0,6,0,2
event=trace_row ordinal=562 kind=5 ns=268146038902447 fields=513,6,2,0,0,0,0,0,0,0,16,0,0,0,0,0
event=trace_row ordinal=563 kind=0 ns=268146038755153 fields=79,2,0,50,2,0,0,0,0,0,0,0,0,0,0,0
event=trace_row ordinal=564 kind=1 ns=268146038755153 fields=79,2,0,1010,996,200,1000,0,1,0,0,0,0,0,0,0
event=trace_row ordinal=565 kind=1 ns=268146038755153 fields=79,2,1,1010,996,200,1000,0,1,0,0,0,0,0,0,0
event=trace_row ordinal=566 kind=3 ns=268146038927531 fields=79,80,0,2,268146038755153,0,0,0,0,0,0,0,0,6,0,2
event=trace_row ordinal=567 kind=4 ns=268146042679290 fields=385,8,96,20,96,20,0,0,0,0,16,0,0,0,0,0
event=trace_row ordinal=568 kind=4 ns=268146042835625 fields=641,5,3,0,0,0,0,0,0,0,16,0,0,0,0,0
event=trace_row ordinal=569 kind=5 ns=268146048874082 fields=513,6,2,0,0,0,0,0,0,0,16,0,0,0,0,0
event=trace_row ordinal=570 kind=0 ns=268146048751580 fields=80,2,0,25,1,0,0,0,0,0,0,0,0,0,0,0
event=trace_row ordinal=571 kind=1 ns=268146048751580 fields=80,2,0,1010,996,200,1000,0,1,0,0,0,0,0,0,0
event=trace_row ordinal=572 kind=3 ns=268146048893915 fields=80,81,0,2,268146048751580,0,0,0,0,0,0,0,0,6,0,2
event=trace_row ordinal=573 kind=5 ns=268146058817424 fields=513,6,2,0,0,0,0,0,0,0,16,0,0,0,0,0
event=trace_row ordinal=574 kind=0 ns=268146058733423 fields=81,2,0,25,1,0,0,0,0,0,0,0,0,0,0,0
event=trace_row ordinal=575 kind=1 ns=268146058733423 fields=81,2,0,1010,996,200,1000,0,1,0,0,0,0,0,0,0
event=trace_row ordinal=576 kind=3 ns=268146058831133 fields=81,82,0,2,268146058733423,0,0,0,0,0,0,0,0,6,0,2
event=trace_row ordinal=577 kind=5 ns=268146068899602 fields=513,6,2,0,0,0,0,0,0,0,16,0,0,0,0,0
event=trace_row ordinal=578 kind=0 ns=268146068756100 fields=82,2,0,50,2,0,0,0,0,0,0,0,0,0,0,0
event=trace_row ordinal=579 kind=1 ns=268146068756100 fields=82,2,0,1010,996,200,1000,0,1,0,0,0,0,0,0,0
event=trace_row ordinal=580 kind=1 ns=268146068756100 fields=82,2,1,1010,996,200,1000,0,1,0,0,0,0,0,0,0
event=trace_row ordinal=581 kind=3 ns=268146068921769 fields=82,83,0,2,268146068756100,0,0,0,0,0,0,0,0,6,0,2
event=trace_row ordinal=582 kind=5 ns=268146078807069 fields=513,6,2,0,0,0,0,0,0,0,16,0,0,0,0,0
event=trace_row ordinal=583 kind=0 ns=268146078725693 fields=83,2,0,25,1,0,0,0,0,0,0,0,0,0,0,0
event=trace_row ordinal=584 kind=1 ns=268146078725693 fields=83,2,0,1010,996,200,1000,0,1,0,0,0,0,0,0,0
event=trace_row ordinal=585 kind=3 ns=268146078820486 fields=83,84,0,2,268146078725693,0,0,0,0,0,0,0,0,6,0,2
event=trace_row ordinal=586 kind=5 ns=268146088802037 fields=513,6,2,0,0,0,0,0,0,0,16,0,0,0,0,0
event=trace_row ordinal=587 kind=0 ns=268146088721245 fields=84,2,0,50,2,0,0,0,0,0,0,0,0,0,0,0
event=trace_row ordinal=588 kind=1 ns=268146088721245 fields=84,2,0,1010,996,200,1000,0,1,0,0,0,0,0,0,0
event=trace_row ordinal=589 kind=1 ns=268146088721245 fields=84,2,1,1010,996,200,1000,0,1,0,0,0,0,0,0,0
event=trace_row ordinal=590 kind=3 ns=268146088816037 fields=84,85,0,2,268146088721245,0,0,0,0,0,0,0,0,6,0,2
event=trace_row ordinal=591 kind=4 ns=268146092682423 fields=385,8,96,20,96,20,0,0,0,0,16,0,0,0,0,0
event=trace_row ordinal=592 kind=4 ns=268146092786258 fields=641,5,3,0,0,0,0,0,0,0,16,0,0,0,0,0
event=trace_row ordinal=593 kind=5 ns=268146098875757 fields=513,6,2,0,0,0,0,0,0,0,16,0,0,0,0,0
event=trace_row ordinal=594 kind=0 ns=268146098758505 fields=85,2,0,25,1,0,0,0,0,0,0,0,0,0,0,0
event=trace_row ordinal=595 kind=1 ns=268146098758505 fields=85,2,0,1010,996,200,1000,0,1,0,0,0,0,0,0,0
event=trace_row ordinal=596 kind=3 ns=268146098892382 fields=85,86,0,2,268146098758505,0,0,0,0,0,0,0,0,6,0,2
event=trace_row ordinal=597 kind=5 ns=268146108843600 fields=513,6,2,0,0,0,0,0,0,0,16,0,0,0,0,0
event=trace_row ordinal=598 kind=0 ns=268146108734223 fields=86,2,0,50,2,0,0,0,0,0,0,0,0,0,0,0
event=trace_row ordinal=599 kind=1 ns=268146108734223 fields=86,2,0,1010,996,200,1000,0,1,0,0,0,0,0,0,0
event=trace_row ordinal=600 kind=1 ns=268146108734223 fields=86,2,1,1010,996,200,1000,0,1,0,0,0,0,0,0,0
event=trace_row ordinal=601 kind=3 ns=268146108859641 fields=86,87,0,2,268146108734223,0,0,0,0,0,0,0,0,6,0,2
event=trace_row ordinal=602 kind=5 ns=268146118831276 fields=513,6,2,0,0,0,0,0,0,0,16,0,0,0,0,0
event=trace_row ordinal=603 kind=0 ns=268146118732691 fields=87,2,0,25,1,0,0,0,0,0,0,0,0,0,0,0
event=trace_row ordinal=604 kind=1 ns=268146118732691 fields=87,2,0,1010,996,200,1000,0,1,0,0,0,0,0,0,0
event=trace_row ordinal=605 kind=3 ns=268146118846151 fields=87,88,0,2,268146118732691,0,0,0,0,0,0,0,0,6,0,2
event=trace_row ordinal=606 kind=5 ns=268146128802911 fields=513,6,2,0,0,0,0,0,0,0,16,0,0,0,0,0
event=trace_row ordinal=607 kind=0 ns=268146128724160 fields=88,2,0,25,1,0,0,0,0,0,0,0,0,0,0,0
event=trace_row ordinal=608 kind=1 ns=268146128724160 fields=88,2,0,1010,996,200,1000,0,1,0,0,0,0,0,0,0
event=trace_row ordinal=609 kind=3 ns=268146128815452 fields=88,89,0,2,268146128724160,0,0,0,0,0,0,0,0,6,0,2
event=trace_row ordinal=610 kind=4 ns=268146132089455 fields=1793,1,5,0,0,0,0,0,0,0,16,0,0,0,0,0
event=trace_row ordinal=611 kind=5 ns=268146138804296 fields=513,6,2,0,0,0,0,0,0,0,16,0,0,0,0,0
event=trace_row ordinal=612 kind=0 ns=268146138724086 fields=89,2,0,50,2,0,0,0,0,0,0,0,0,0,0,0
event=trace_row ordinal=613 kind=1 ns=268146138724086 fields=89,2,0,1009,996,200,1000,0,1,0,0,0,0,0,0,0
event=trace_row ordinal=614 kind=1 ns=268146138724086 fields=89,2,1,1009,996,200,1000,0,1,0,0,0,0,0,0,0
event=trace_row ordinal=615 kind=3 ns=268146138816254 fields=89,90,0,2,268146138724086,0,0,0,0,0,0,0,0,6,0,2
event=trace_row ordinal=616 kind=4 ns=268146142686723 fields=385,8,96,20,96,20,0,0,0,0,16,0,0,0,0,0
event=trace_row ordinal=617 kind=4 ns=268146142860267 fields=641,5,3,0,0,0,0,0,0,0,16,0,0,0,0,0
event=trace_row ordinal=618 kind=5 ns=268146148792556 fields=513,6,2,0,0,0,0,0,0,0,16,0,0,0,0,0
event=trace_row ordinal=619 kind=0 ns=268146148723138 fields=90,2,0,25,1,0,0,0,0,0,0,0,0,0,0,0
event=trace_row ordinal=620 kind=1 ns=268146148723138 fields=90,2,0,1009,996,200,1000,0,1,0,0,0,0,0,0,0
event=trace_row ordinal=621 kind=3 ns=268146148804514 fields=90,91,0,2,268146148723138,0,0,0,0,0,0,0,0,6,0,2
event=trace_row ordinal=622 kind=5 ns=268146158794524 fields=513,6,2,0,0,0,0,0,0,0,16,0,0,0,0,0
event=trace_row ordinal=623 kind=0 ns=268146158719565 fields=91,2,0,50,2,0,0,0,0,0,0,0,0,0,0,0
event=trace_row ordinal=624 kind=1 ns=268146158719565 fields=91,2,0,1010,996,200,1000,0,1,0,0,0,0,0,0,0
event=trace_row ordinal=625 kind=1 ns=268146158719565 fields=91,2,1,1010,996,200,1000,0,1,0,0,0,0,0,0,0
event=trace_row ordinal=626 kind=3 ns=268146158806482 fields=91,92,0,2,268146158719565,0,0,0,0,0,0,0,0,6,0,2
event=trace_row ordinal=627 kind=5 ns=268146168760617 fields=513,6,2,0,0,0,0,0,0,0,16,0,0,0,0,0
event=trace_row ordinal=628 kind=0 ns=268146168707533 fields=92,2,0,25,1,0,0,0,0,0,0,0,0,0,0,0
event=trace_row ordinal=629 kind=1 ns=268146168707533 fields=92,2,0,1010,996,200,1000,0,1,0,0,0,0,0,0,0
event=trace_row ordinal=630 kind=3 ns=268146168769950 fields=92,93,0,2,268146168707533,0,0,0,0,0,0,0,0,6,0,2
event=trace_row ordinal=631 kind=5 ns=268146178764335 fields=513,6,2,0,0,0,0,0,0,0,16,0,0,0,0,0
event=trace_row ordinal=632 kind=0 ns=268146178706584 fields=93,2,0,50,2,0,0,0,0,0,0,0,0,0,0,0
event=trace_row ordinal=633 kind=1 ns=268146178706584 fields=93,2,0,1010,996,200,1000,0,1,0,0,0,0,0,0,0
event=trace_row ordinal=634 kind=1 ns=268146178706584 fields=93,2,1,1010,996,200,1000,0,1,0,0,0,0,0,0,0
event=trace_row ordinal=635 kind=3 ns=268146178773960 fields=93,94,0,2,268146178706584,0,0,0,0,0,0,0,0,6,0,2
event=trace_row ordinal=636 kind=5 ns=268146188757845 fields=513,6,2,0,0,0,0,0,0,0,16,0,0,0,0,0
event=trace_row ordinal=637 kind=0 ns=268146188705928 fields=94,2,0,25,1,0,0,0,0,0,0,0,0,0,0,0
event=trace_row ordinal=638 kind=1 ns=268146188705928 fields=94,2,0,1010,996,200,1000,0,1,0,0,0,0,0,0,0
event=trace_row ordinal=639 kind=3 ns=268146188766887 fields=94,95,0,2,268146188705928,0,0,0,0,0,0,0,0,6,0,2
event=trace_row ordinal=640 kind=4 ns=268146192692773 fields=385,8,96,20,96,20,0,0,0,0,16,0,0,0,0,0
event=trace_row ordinal=641 kind=4 ns=268146192872734 fields=641,5,3,0,0,0,0,0,0,0,16,0,0,0,0,0
event=trace_row ordinal=642 kind=5 ns=268146198757480 fields=513,6,2,0,0,0,0,0,0,0,16,0,0,0,0,0
event=trace_row ordinal=643 kind=0 ns=268146198706146 fields=95,2,0,25,1,0,0,0,0,0,0,0,0,0,0,0
event=trace_row ordinal=644 kind=1 ns=268146198706146 fields=95,2,0,1010,996,200,1000,0,1,0,0,0,0,0,0,0
event=trace_row ordinal=645 kind=3 ns=268146198766813 fields=95,96,0,2,268146198706146,0,0,0,0,0,0,0,0,6,0,2
event=trace_row ordinal=646 kind=5 ns=268146208761782 fields=513,6,2,0,0,0,0,0,0,0,16,0,0,0,0,0
event=trace_row ordinal=647 kind=0 ns=268146208706073 fields=96,2,0,50,2,0,0,0,0,0,0,0,0,0,0,0
event=trace_row ordinal=648 kind=1 ns=268146208706073 fields=96,2,0,1010,996,200,1000,0,1,0,0,0,0,0,0,0
event=trace_row ordinal=649 kind=1 ns=268146208706073 fields=96,2,1,1010,996,200,1000,0,1,0,0,0,0,0,0,0
event=trace_row ordinal=650 kind=3 ns=268146208771115 fields=96,97,0,2,268146208706073,0,0,0,0,0,0,0,0,6,0,2
event=trace_row ordinal=651 kind=5 ns=268146218757917 fields=513,6,2,0,0,0,0,0,0,0,16,0,0,0,0,0
event=trace_row ordinal=652 kind=0 ns=268146218707166 fields=97,2,0,25,1,0,0,0,0,0,0,0,0,0,0,0
event=trace_row ordinal=653 kind=1 ns=268146218707166 fields=97,2,0,1010,996,200,1000,0,1,0,0,0,0,0,0,0
event=trace_row ordinal=654 kind=3 ns=268146218766958 fields=97,98,0,2,268146218707166,0,0,0,0,0,0,0,0,6,0,2
event=trace_row ordinal=655 kind=5 ns=268146228762510 fields=513,6,2,0,0,0,0,0,0,0,16,0,0,0,0,0
event=trace_row ordinal=656 kind=0 ns=268146228705926 fields=98,2,0,50,2,0,0,0,0,0,0,0,0,0,0,0
event=trace_row ordinal=657 kind=1 ns=268146228705926 fields=98,2,0,1010,996,200,1000,0,1,0,0,0,0,0,0,0
event=trace_row ordinal=658 kind=1 ns=268146228705926 fields=98,2,1,1010,996,200,1000,0,1,0,0,0,0,0,0,0
event=trace_row ordinal=659 kind=3 ns=268146228771844 fields=98,99,0,2,268146228705926,0,0,0,0,0,0,0,0,6,0,2
event=trace_row ordinal=660 kind=5 ns=268146238756895 fields=513,6,2,0,0,0,0,0,0,0,16,0,0,0,0,0
event=trace_row ordinal=661 kind=0 ns=268146238705561 fields=99,2,0,25,1,0,0,0,0,0,0,0,0,0,0,0
event=trace_row ordinal=662 kind=1 ns=268146238705561 fields=99,2,0,1010,996,200,1000,0,1,0,0,0,0,0,0,0
event=trace_row ordinal=663 kind=3 ns=268146238766228 fields=99,100,0,2,268146238705561,0,0,0,0,0,0,0,0,6,0,2
event=trace_row ordinal=664 kind=4 ns=268146242701157 fields=385,8,96,20,96,20,0,0,0,0,16,0,0,0,0,0
event=trace_row ordinal=665 kind=4 ns=268146242822492 fields=641,5,3,0,0,0,0,0,0,0,16,0,0,0,0,0
event=trace_row ordinal=666 kind=5 ns=268146248761780 fields=513,6,2,0,0,0,0,0,0,0,16,0,0,0,0,0
event=trace_row ordinal=667 kind=0 ns=268146248705196 fields=100,2,0,50,2,0,0,0,0,0,0,0,0,0,0,0
event=trace_row ordinal=668 kind=1 ns=268146248705196 fields=100,2,0,1010,996,200,1000,0,1,0,0,0,0,0,0,0
event=trace_row ordinal=669 kind=1 ns=268146248705196 fields=100,2,1,1010,996,200,1000,0,1,0,0,0,0,0,0,0
event=trace_row ordinal=670 kind=3 ns=268146248771114 fields=100,101,0,2,268146248705196,0,0,0,0,0,0,0,0,6,0,2
event=trace_row ordinal=671 kind=5 ns=268146258757040 fields=513,6,2,0,0,0,0,0,0,0,16,0,0,0,0,0
event=trace_row ordinal=672 kind=0 ns=268146258705123 fields=101,2,0,25,1,0,0,0,0,0,0,0,0,0,0,0
event=trace_row ordinal=673 kind=1 ns=268146258705123 fields=101,2,0,1010,996,200,1000,0,1,0,0,0,0,0,0,0
event=trace_row ordinal=674 kind=3 ns=268146258766082 fields=101,102,0,2,268146258705123,0,0,0,0,0,0,0,0,6,0,2
event=trace_row ordinal=675 kind=5 ns=268146268757842 fields=513,6,2,0,0,0,0,0,0,0,16,0,0,0,0,0
event=trace_row ordinal=676 kind=0 ns=268146268706216 fields=102,2,0,25,1,0,0,0,0,0,0,0,0,0,0,0
event=trace_row ordinal=677 kind=1 ns=268146268706216 fields=102,2,0,1010,996,200,1000,0,1,0,0,0,0,0,0,0
event=trace_row ordinal=678 kind=3 ns=268146268766884 fields=102,103,0,2,268146268706216,0,0,0,0,0,0,0,0,6,0,2
event=trace_row ordinal=679 kind=5 ns=268146278763018 fields=513,6,2,0,0,0,0,0,0,0,16,0,0,0,0,0
event=trace_row ordinal=680 kind=0 ns=268146278706726 fields=103,2,0,50,2,0,0,0,0,0,0,0,0,0,0,0
event=trace_row ordinal=681 kind=1 ns=268146278706726 fields=103,2,0,1010,996,200,1000,0,1,0,0,0,0,0,0,0
event=trace_row ordinal=682 kind=1 ns=268146278706726 fields=103,2,1,1010,996,200,1000,0,1,0,0,0,0,0,0,0
event=trace_row ordinal=683 kind=3 ns=268146278772644 fields=103,104,0,2,268146278706726,0,0,0,0,0,0,0,0,6,0,2
event=trace_row ordinal=684 kind=5 ns=268146288757112 fields=513,6,2,0,0,0,0,0,0,0,16,0,0,0,0,0
event=trace_row ordinal=685 kind=0 ns=268146288705778 fields=104,2,0,25,1,0,0,0,0,0,0,0,0,0,0,0
event=trace_row ordinal=686 kind=1 ns=268146288705778 fields=104,2,0,1010,996,200,1000,0,1,0,0,0,0,0,0,0
event=trace_row ordinal=687 kind=3 ns=268146288766153 fields=104,105,0,2,268146288705778,0,0,0,0,0,0,0,0,6,0,2
event=trace_row ordinal=688 kind=4 ns=268146292702540 fields=385,8,96,20,96,20,0,0,0,0,16,0,0,0,0,0
event=trace_row ordinal=689 kind=4 ns=268146292834375 fields=641,5,3,0,0,0,0,0,0,0,16,0,0,0,0,0
event=trace_row ordinal=690 kind=5 ns=268146298876915 fields=513,6,2,0,0,0,0,0,0,0,16,0,0,0,0,0
event=trace_row ordinal=691 kind=0 ns=268146298749747 fields=105,2,0,50,2,0,0,0,0,0,0,0,0,0,0,0
event=trace_row ordinal=692 kind=1 ns=268146298749747 fields=105,2,0,1010,996,200,1000,0,1,0,0,0,0,0,0,0
event=trace_row ordinal=693 kind=1 ns=268146298749747 fields=105,2,1,1010,996,200,1000,0,1,0,0,0,0,0,0,0
event=trace_row ordinal=694 kind=3 ns=268146298894707 fields=105,106,0,2,268146298749747,0,0,0,0,0,0,0,0,6,0,2
event=trace_row ordinal=695 kind=5 ns=268146308767174 fields=513,6,2,0,0,0,0,0,0,0,16,0,0,0,0,0
event=trace_row ordinal=696 kind=0 ns=268146308709714 fields=106,2,0,25,1,0,0,0,0,0,0,0,0,0,0,0
event=trace_row ordinal=697 kind=1 ns=268146308709714 fields=106,2,0,1010,996,200,1000,0,1,0,0,0,0,0,0,0
event=trace_row ordinal=698 kind=3 ns=268146308776799 fields=106,107,0,2,268146308709714,0,0,0,0,0,0,0,0,6,0,2
event=trace_row ordinal=699 kind=5 ns=268146318766225 fields=513,6,2,0,0,0,0,0,0,0,16,0,0,0,0,0
event=trace_row ordinal=700 kind=0 ns=268146318708183 fields=107,2,0,50,2,0,0,0,0,0,0,0,0,0,0,0
event=trace_row ordinal=701 kind=1 ns=268146318708183 fields=107,2,0,1010,996,200,1000,0,1,0,0,0,0,0,0,0
event=trace_row ordinal=702 kind=1 ns=268146318708183 fields=107,2,1,1010,996,200,1000,0,1,0,0,0,0,0,0,0
event=trace_row ordinal=703 kind=3 ns=268146318775850 fields=107,108,0,2,268146318708183,0,0,0,0,0,0,0,0,6,0,2
event=trace_row ordinal=704 kind=5 ns=268146328758277 fields=513,6,2,0,0,0,0,0,0,0,16,0,0,0,0,0
event=trace_row ordinal=705 kind=0 ns=268146328706359 fields=108,2,0,25,1,0,0,0,0,0,0,0,0,0,0,0
event=trace_row ordinal=706 kind=1 ns=268146328706359 fields=108,2,0,1010,996,200,1000,0,1,0,0,0,0,0,0,0
event=trace_row ordinal=707 kind=3 ns=268146328767027 fields=108,109,0,2,268146328706359,0,0,0,0,0,0,0,0,6,0,2
event=trace_row ordinal=708 kind=5 ns=268146338758203 fields=513,6,2,0,0,0,0,0,0,0,16,0,0,0,0,0
event=trace_row ordinal=709 kind=0 ns=268146338706286 fields=109,2,0,25,1,0,0,0,0,0,0,0,0,0,0,0
event=trace_row ordinal=710 kind=1 ns=268146338706286 fields=109,2,0,1010,996,200,1000,0,1,0,0,0,0,0,0,0
event=trace_row ordinal=711 kind=3 ns=268146338767245 fields=109,110,0,2,268146338706286,0,0,0,0,0,0,0,0,6,0,2
event=trace_row ordinal=712 kind=4 ns=268146342726674 fields=385,8,96,20,96,20,0,0,0,0,16,0,0,0,0,0
event=trace_row ordinal=713 kind=4 ns=268146342906634 fields=641,5,3,0,0,0,0,0,0,0,16,0,0,0,0,0
event=trace_row ordinal=714 kind=5 ns=268146348815297 fields=513,6,2,0,0,0,0,0,0,0,16,0,0,0,0,0
event=trace_row ordinal=715 kind=0 ns=268146348758130 fields=110,2,0,50,2,0,0,0,0,0,0,0,0,0,0,0
event=trace_row ordinal=716 kind=1 ns=268146348758130 fields=110,2,0,1010,996,200,1000,0,1,0,0,0,0,0,0,0
event=trace_row ordinal=717 kind=1 ns=268146348758130 fields=110,2,1,1010,996,200,1000,0,1,0,0,0,0,0,0,0
event=trace_row ordinal=718 kind=3 ns=268146348824631 fields=110,111,0,2,268146348758130,0,0,0,0,0,0,0,0,6,0,2
event=trace_row ordinal=719 kind=5 ns=268146358756015 fields=513,6,2,0,0,0,0,0,0,0,16,0,0,0,0,0
event=trace_row ordinal=720 kind=0 ns=268146358704681 fields=111,2,0,25,1,0,0,0,0,0,0,0,0,0,0,0
event=trace_row ordinal=721 kind=1 ns=268146358704681 fields=111,2,0,1010,996,200,1000,0,1,0,0,0,0,0,0,0
event=trace_row ordinal=722 kind=3 ns=268146358765057 fields=111,112,0,2,268146358704681,0,0,0,0,0,0,0,0,6,0,2
event=trace_row ordinal=723 kind=5 ns=268146368761192 fields=513,6,2,0,0,0,0,0,0,0,16,0,0,0,0,0
event=trace_row ordinal=724 kind=0 ns=268146368704608 fields=112,2,0,50,2,0,0,0,0,0,0,0,0,0,0,0
event=trace_row ordinal=725 kind=1 ns=268146368704608 fields=112,2,0,1010,996,200,1000,0,1,0,0,0,0,0,0,0
event=trace_row ordinal=726 kind=1 ns=268146368704608 fields=112,2,1,1010,996,200,1000,0,1,0,0,0,0,0,0,0
event=trace_row ordinal=727 kind=3 ns=268146368770234 fields=112,113,0,2,268146368704608,0,0,0,0,0,0,0,0,6,0,2
event=trace_row ordinal=728 kind=5 ns=268146378756743 fields=513,6,2,0,0,0,0,0,0,0,16,0,0,0,0,0
event=trace_row ordinal=729 kind=0 ns=268146378705701 fields=113,2,0,25,1,0,0,0,0,0,0,0,0,0,0,0
event=trace_row ordinal=730 kind=1 ns=268146378705701 fields=113,2,0,1010,996,200,1000,0,1,0,0,0,0,0,0,0
event=trace_row ordinal=731 kind=3 ns=268146378766077 fields=113,114,0,2,268146378705701,0,0,0,0,0,0,0,0,6,0,2
event=trace_row ordinal=732 kind=4 ns=268146381630574 fields=1793,1,5,0,0,0,0,0,0,0,16,0,0,0,0,0
event=trace_row ordinal=733 kind=5 ns=268146388761628 fields=513,6,2,0,0,0,0,0,0,0,16,0,0,0,0,0
event=trace_row ordinal=734 kind=0 ns=268146388705628 fields=114,2,0,50,2,0,0,0,0,0,0,0,0,0,0,0
event=trace_row ordinal=735 kind=1 ns=268146388705628 fields=114,2,0,1010,996,200,1000,0,1,0,0,0,0,0,0,0
event=trace_row ordinal=736 kind=1 ns=268146388705628 fields=114,2,1,1010,996,200,1000,0,1,0,0,0,0,0,0,0
event=trace_row ordinal=737 kind=3 ns=268146388770962 fields=114,115,0,2,268146388705628,0,0,0,0,0,0,0,0,6,0,2
event=trace_row ordinal=738 kind=4 ns=268146392726890 fields=385,8,96,20,96,20,0,0,0,0,16,0,0,0,0,0
event=trace_row ordinal=739 kind=4 ns=268146392918810 fields=641,5,3,0,0,0,0,0,0,0,16,0,0,0,0,0
event=trace_row ordinal=740 kind=5 ns=268146398757472 fields=513,6,2,0,0,0,0,0,0,0,16,0,0,0,0,0
event=trace_row ordinal=741 kind=0 ns=268146398706138 fields=115,2,0,25,1,0,0,0,0,0,0,0,0,0,0,0
event=trace_row ordinal=742 kind=1 ns=268146398706138 fields=115,2,0,1010,996,200,1000,0,1,0,0,0,0,0,0,0
event=trace_row ordinal=743 kind=3 ns=268146398766514 fields=115,116,0,2,268146398706138,0,0,0,0,0,0,0,0,6,0,2
event=trace_row ordinal=744 kind=5 ns=268146408757398 fields=513,6,2,0,0,0,0,0,0,0,16,0,0,0,0,0
event=trace_row ordinal=745 kind=0 ns=268146408706939 fields=116,2,0,25,1,0,0,0,0,0,0,0,0,0,0,0
event=trace_row ordinal=746 kind=1 ns=268146408706939 fields=116,2,0,1010,996,200,1000,0,1,0,0,0,0,0,0,0
event=trace_row ordinal=747 kind=3 ns=268146408766732 fields=116,117,0,2,268146408706939,0,0,0,0,0,0,0,0,6,0,2
event=trace_row ordinal=748 kind=5 ns=268146418761992 fields=513,6,2,0,0,0,0,0,0,0,16,0,0,0,0,0
event=trace_row ordinal=749 kind=0 ns=268146418705991 fields=117,2,0,50,2,0,0,0,0,0,0,0,0,0,0,0
event=trace_row ordinal=750 kind=1 ns=268146418705991 fields=117,2,0,1010,996,200,1000,0,1,0,0,0,0,0,0,0
event=trace_row ordinal=751 kind=1 ns=268146418705991 fields=117,2,1,1010,996,200,1000,0,1,0,0,0,0,0,0,0
event=trace_row ordinal=752 kind=3 ns=268146418771617 fields=117,118,0,2,268146418705991,0,0,0,0,0,0,0,0,6,0,2
event=trace_row ordinal=753 kind=5 ns=268146428756668 fields=513,6,2,0,0,0,0,0,0,0,16,0,0,0,0,0
event=trace_row ordinal=754 kind=0 ns=268146428706209 fields=118,2,0,25,1,0,0,0,0,0,0,0,0,0,0,0
event=trace_row ordinal=755 kind=1 ns=268146428706209 fields=118,2,0,1010,996,200,1000,0,1,0,0,0,0,0,0,0
event=trace_row ordinal=756 kind=3 ns=268146428766585 fields=118,119,0,2,268146428706209,0,0,0,0,0,0,0,0,6,0,2
event=trace_row ordinal=757 kind=5 ns=268146438762137 fields=513,6,2,0,0,0,0,0,0,0,16,0,0,0,0,0
event=trace_row ordinal=758 kind=0 ns=268146438706136 fields=119,2,0,50,2,0,0,0,0,0,0,0,0,0,0,0
event=trace_row ordinal=759 kind=1 ns=268146438706136 fields=119,2,0,1010,996,200,1000,0,1,0,0,0,0,0,0,0
event=trace_row ordinal=760 kind=1 ns=268146438706136 fields=119,2,1,1010,996,200,1000,0,1,0,0,0,0,0,0,0
event=trace_row ordinal=761 kind=3 ns=268146438771470 fields=119,120,0,2,268146438706136,0,0,0,0,0,0,0,0,6,0,2
event=trace_row ordinal=762 kind=4 ns=268146442747232 fields=385,8,96,20,96,20,0,0,0,0,16,0,0,0,0,0
event=trace_row ordinal=763 kind=4 ns=268146442870026 fields=641,5,3,0,0,0,0,0,0,0,16,0,0,0,0,0
event=trace_row ordinal=764 kind=5 ns=268146448772855 fields=513,6,2,0,0,0,0,0,0,0,16,0,0,0,0,0
event=trace_row ordinal=765 kind=0 ns=268146448711896 fields=120,2,0,25,1,0,0,0,0,0,0,0,0,0,0,0
event=trace_row ordinal=766 kind=1 ns=268146448711896 fields=120,2,0,1010,996,200,1000,0,1,0,0,0,0,0,0,0
event=trace_row ordinal=767 kind=3 ns=268146448782480 fields=120,121,0,2,268146448711896,0,0,0,0,0,0,0,0,6,0,2
event=trace_row ordinal=768 kind=5 ns=268146458796407 fields=513,6,2,0,0,0,0,0,0,0,16,0,0,0,0,0
event=trace_row ordinal=769 kind=0 ns=268146458719990 fields=121,2,0,50,2,0,0,0,0,0,0,0,0,0,0,0
event=trace_row ordinal=770 kind=1 ns=268146458719990 fields=121,2,0,1010,996,200,1000,0,1,0,0,0,0,0,0,0
event=trace_row ordinal=771 kind=1 ns=268146458719990 fields=121,2,1,1010,996,200,1000,0,1,0,0,0,0,0,0,0
event=trace_row ordinal=772 kind=3 ns=268146458809241 fields=121,122,0,2,268146458719990,0,0,0,0,0,0,0,0,6,0,2
event=trace_row ordinal=773 kind=5 ns=268146468840668 fields=513,6,2,0,0,0,0,0,0,0,16,0,0,0,0,0
event=trace_row ordinal=774 kind=0 ns=268146468737416 fields=122,2,0,25,1,0,0,0,0,0,0,0,0,0,0,0
event=trace_row ordinal=775 kind=1 ns=268146468737416 fields=122,2,0,1010,996,200,1000,0,1,0,0,0,0,0,0,0
event=trace_row ordinal=776 kind=3 ns=268146468856418 fields=122,123,0,2,268146468737416,0,0,0,0,0,0,0,0,6,0,2
event=trace_row ordinal=777 kind=5 ns=268146478809386 fields=513,6,2,0,0,0,0,0,0,0,16,0,0,0,0,0
event=trace_row ordinal=778 kind=0 ns=268146478726260 fields=123,2,0,25,1,0,0,0,0,0,0,0,0,0,0,0
event=trace_row ordinal=779 kind=1 ns=268146478726260 fields=123,2,0,1010,996,200,1000,0,1,0,0,0,0,0,0,0
event=trace_row ordinal=780 kind=3 ns=268146478822803 fields=123,124,0,2,268146478726260,0,0,0,0,0,0,0,0,6,0,2
event=trace_row ordinal=781 kind=5 ns=268146488867063 fields=513,6,2,0,0,0,0,0,0,0,16,0,0,0,0,0
event=trace_row ordinal=782 kind=0 ns=268146488749520 fields=124,2,0,50,2,0,0,0,0,0,0,0,0,0,0,0
event=trace_row ordinal=783 kind=1 ns=268146488749520 fields=124,2,0,1010,996,200,1000,0,1,0,0,0,0,0,0,0
event=trace_row ordinal=784 kind=1 ns=268146488749520 fields=124,2,1,1010,996,200,1000,0,1,0,0,0,0,0,0,0
event=trace_row ordinal=785 kind=3 ns=268146488887772 fields=124,125,0,2,268146488749520,0,0,0,0,0,0,0,0,6,0,2
event=trace_row ordinal=786 kind=4 ns=268146492778658 fields=385,8,96,20,96,20,0,0,0,0,16,0,0,0,0,0
event=trace_row ordinal=787 kind=4 ns=268146492883076 fields=641,5,3,0,0,0,0,0,0,0,16,0,0,0,0,0
event=trace_row ordinal=788 kind=5 ns=268146498827614 fields=513,6,2,0,0,0,0,0,0,0,16,0,0,0,0,0
event=trace_row ordinal=789 kind=0 ns=268146498739238 fields=125,2,0,25,1,0,0,0,0,0,0,0,0,0,0,0
event=trace_row ordinal=790 kind=1 ns=268146498739238 fields=125,2,0,1010,996,200,1000,0,1,0,0,0,0,0,0,0
event=trace_row ordinal=791 kind=3 ns=268146498843365 fields=125,126,0,2,268146498739238,0,0,0,0,0,0,0,0,6,0,2
event=trace_row ordinal=792 kind=5 ns=268146508862250 fields=513,6,2,0,0,0,0,0,0,0,16,0,0,0,0,0
event=trace_row ordinal=793 kind=0 ns=268146508741790 fields=126,2,0,50,2,0,0,0,0,0,0,0,0,0,0,0
event=trace_row ordinal=794 kind=1 ns=268146508741790 fields=126,2,0,1010,996,200,1000,0,1,0,0,0,0,0,0,0
event=trace_row ordinal=795 kind=1 ns=268146508741790 fields=126,2,1,1010,996,200,1000,0,1,0,0,0,0,0,0,0
event=trace_row ordinal=796 kind=3 ns=268146508878583 fields=126,127,0,2,268146508741790,0,0,0,0,0,0,0,0,6,0,2
event=trace_row ordinal=797 kind=5 ns=268146518856051 fields=513,6,2,0,0,0,0,0,0,0,16,0,0,0,0,0
event=trace_row ordinal=798 kind=0 ns=268146518739383 fields=127,2,0,25,1,0,0,0,0,0,0,0,0,0,0,0
event=trace_row ordinal=799 kind=1 ns=268146518739383 fields=127,2,0,1010,996,200,1000,0,1,0,0,0,0,0,0,0
event=trace_row ordinal=800 kind=3 ns=268146518874718 fields=127,128,0,2,268146518739383,0,0,0,0,0,0,0,0,6,0,2
event=trace_row ordinal=801 kind=5 ns=268146528897687 fields=513,6,2,0,0,0,0,0,0,0,16,0,0,0,0,0
event=trace_row ordinal=802 kind=0 ns=268146528758852 fields=128,2,0,50,2,0,0,0,0,0,0,0,0,0,0,0
event=trace_row ordinal=803 kind=1 ns=268146528758852 fields=128,2,0,1010,996,200,1000,0,1,0,0,0,0,0,0,0
event=trace_row ordinal=804 kind=1 ns=268146528758852 fields=128,2,1,1010,996,200,1000,0,1,0,0,0,0,0,0,0
event=trace_row ordinal=805 kind=3 ns=268146528919854 fields=128,129,0,2,268146528758852,0,0,0,0,0,0,0,0,6,0,2
event=trace_row ordinal=806 kind=5 ns=268146538850071 fields=513,6,2,0,0,0,0,0,0,0,16,0,0,0,0,0
event=trace_row ordinal=807 kind=0 ns=268146538738653 fields=129,2,0,25,1,0,0,0,0,0,0,0,0,0,0,0
event=trace_row ordinal=808 kind=1 ns=268146538738653 fields=129,2,0,1010,996,200,1000,0,1,0,0,0,0,0,0,0
event=trace_row ordinal=809 kind=3 ns=268146538868447 fields=129,130,0,2,268146538738653,0,0,0,0,0,0,0,0,6,0,2
event=trace_row ordinal=810 kind=4 ns=268146542810958 fields=385,8,96,20,96,20,0,0,0,0,16,0,0,0,0,0
event=trace_row ordinal=811 kind=4 ns=268146542898459 fields=641,5,3,0,0,0,0,0,0,0,16,0,0,0,0,0
event=trace_row ordinal=812 kind=5 ns=268146548895207 fields=513,6,2,0,0,0,0,0,0,0,16,0,0,0,0,0
event=trace_row ordinal=813 kind=0 ns=268146548759288 fields=130,2,0,25,1,0,0,0,0,0,0,0,0,0,0,0
event=trace_row ordinal=814 kind=1 ns=268146548759288 fields=130,2,0,1010,996,200,1000,0,1,0,0,0,0,0,0,0
event=trace_row ordinal=815 kind=3 ns=268146548915916 fields=130,131,0,2,268146548759288,0,0,0,0,0,0,0,0,6,0,2
event=trace_row ordinal=816 kind=5 ns=268146558858091 fields=513,6,2,0,0,0,0,0,0,0,16,0,0,0,0,0
event=trace_row ordinal=817 kind=0 ns=268146558741715 fields=131,2,0,50,2,0,0,0,0,0,0,0,0,0,0,0
event=trace_row ordinal=818 kind=1 ns=268146558741715 fields=131,2,0,1010,996,200,1000,0,1,0,0,0,0,0,0,0
event=trace_row ordinal=819 kind=1 ns=268146558741715 fields=131,2,1,1010,996,200,1000,0,1,0,0,0,0,0,0,0
event=trace_row ordinal=820 kind=3 ns=268146558877633 fields=131,132,0,2,268146558741715,0,0,0,0,0,0,0,0,6,0,2
event=trace_row ordinal=821 kind=5 ns=268146568863268 fields=513,6,2,0,0,0,0,0,0,0,16,0,0,0,0,0
event=trace_row ordinal=822 kind=0 ns=268146568744267 fields=132,2,0,25,1,0,0,0,0,0,0,0,0,0,0,0
event=trace_row ordinal=823 kind=1 ns=268146568744267 fields=132,2,0,1010,996,200,1000,0,1,0,0,0,0,0,0,0
event=trace_row ordinal=824 kind=3 ns=268146568881935 fields=132,133,0,2,268146568744267,0,0,0,0,0,0,0,0,6,0,2
event=trace_row ordinal=825 kind=5 ns=268146578864945 fields=513,6,2,0,0,0,0,0,0,0,16,0,0,0,0,0
event=trace_row ordinal=826 kind=0 ns=268146578742443 fields=133,2,0,50,2,0,0,0,0,0,0,0,0,0,0,0
event=trace_row ordinal=827 kind=1 ns=268146578742443 fields=133,2,0,1010,996,200,1000,0,1,0,0,0,0,0,0,0
event=trace_row ordinal=828 kind=1 ns=268146578742443 fields=133,2,1,1010,996,200,1000,0,1,0,0,0,0,0,0,0
event=trace_row ordinal=829 kind=3 ns=268146578882737 fields=133,134,0,2,268146578742443,0,0,0,0,0,0,0,0,6,0,2
event=trace_row ordinal=830 kind=5 ns=268146588838330 fields=513,6,2,0,0,0,0,0,0,0,16,0,0,0,0,0
event=trace_row ordinal=831 kind=0 ns=268146588732453 fields=134,2,0,25,1,0,0,0,0,0,0,0,0,0,0,0
event=trace_row ordinal=832 kind=1 ns=268146588732453 fields=134,2,0,1010,996,200,1000,0,1,0,0,0,0,0,0,0
event=trace_row ordinal=833 kind=3 ns=268146588854955 fields=134,135,0,2,268146588732453,0,0,0,0,0,0,0,0,6,0,2
event=trace_row ordinal=834 kind=4 ns=268146592795133 fields=385,8,96,20,96,20,0,0,0,0,16,0,0,0,0,0
event=trace_row ordinal=835 kind=4 ns=268146592967510 fields=641,5,3,0,0,0,0,0,0,0,16,0,0,0,0,0
event=trace_row ordinal=836 kind=5 ns=268146598842631 fields=513,6,2,0,0,0,0,0,0,0,16,0,0,0,0,0
event=trace_row ordinal=837 kind=0 ns=268146598736463 fields=135,2,0,50,2,0,0,0,0,0,0,0,0,0,0,0
event=trace_row ordinal=838 kind=1 ns=268146598736463 fields=135,2,0,1010,996,200,1000,0,1,0,0,0,0,0,0,0
event=trace_row ordinal=839 kind=1 ns=268146598736463 fields=135,2,1,1010,996,200,1000,0,1,0,0,0,0,0,0,0
event=trace_row ordinal=840 kind=3 ns=268146598858381 fields=135,136,0,2,268146598736463,0,0,0,0,0,0,0,0,6,0,2
event=trace_row ordinal=841 kind=5 ns=268146608859183 fields=513,6,2,0,0,0,0,0,0,0,16,0,0,0,0,0
event=trace_row ordinal=842 kind=0 ns=268146608741057 fields=136,2,0,25,1,0,0,0,0,0,0,0,0,0,0,0
event=trace_row ordinal=843 kind=1 ns=268146608741057 fields=136,2,0,1009,996,200,1000,0,1,0,0,0,0,0,0,0
event=trace_row ordinal=844 kind=3 ns=268146608876100 fields=136,137,0,2,268146608741057,0,0,0,0,0,0,0,0,6,0,2
event=trace_row ordinal=845 kind=5 ns=268146618832276 fields=513,6,2,0,0,0,0,0,0,0,16,0,0,0,0,0
event=trace_row ordinal=846 kind=0 ns=268146618732816 fields=137,2,0,25,1,0,0,0,0,0,0,0,0,0,0,0
event=trace_row ordinal=847 kind=1 ns=268146618732816 fields=137,2,0,1009,996,200,1000,0,1,0,0,0,0,0,0,0
event=trace_row ordinal=848 kind=3 ns=268146618847151 fields=137,138,0,2,268146618732816,0,0,0,0,0,0,0,0,6,0,2
event=trace_row ordinal=849 kind=5 ns=268146628834828 fields=513,6,2,0,0,0,0,0,0,0,16,0,0,0,0,0
event=trace_row ordinal=850 kind=0 ns=268146628732451 fields=138,2,0,50,2,0,0,0,0,0,0,0,0,0,0,0
event=trace_row ordinal=851 kind=1 ns=268146628732451 fields=138,2,0,1009,996,200,1000,0,1,0,0,0,0,0,0,0
event=trace_row ordinal=852 kind=1 ns=268146628732451 fields=138,2,1,1010,996,200,1000,0,1,0,0,0,0,0,0,0
event=trace_row ordinal=853 kind=3 ns=268146628849411 fields=138,139,0,2,268146628732451,0,0,0,0,0,0,0,0,6,0,2
event=trace_row ordinal=854 kind=4 ns=268146631145734 fields=1793,1,5,0,0,0,0,0,0,0,16,0,0,0,0,0
event=trace_row ordinal=855 kind=5 ns=268146638805296 fields=513,6,2,0,0,0,0,0,0,0,16,0,0,0,0,0
event=trace_row ordinal=856 kind=0 ns=268146638725086 fields=139,2,0,25,1,0,0,0,0,0,0,0,0,0,0,0
event=trace_row ordinal=857 kind=1 ns=268146638725086 fields=139,2,0,1010,996,200,1000,0,1,0,0,0,0,0,0,0
event=trace_row ordinal=858 kind=3 ns=268146638818713 fields=139,140,0,2,268146638725086,0,0,0,0,0,0,0,0,6,0,2
event=trace_row ordinal=859 kind=4 ns=268146642797975 fields=385,8,96,20,96,20,0,0,0,0,16,0,0,0,0,0
event=trace_row ordinal=860 kind=4 ns=268146642918726 fields=641,5,3,0,0,0,0,0,0,0,16,0,0,0,0,0
event=trace_row ordinal=861 kind=5 ns=268146648810181 fields=513,6,2,0,0,0,0,0,0,0,16,0,0,0,0,0
event=trace_row ordinal=862 kind=0 ns=268146648725013 fields=140,2,0,50,2,0,0,0,0,0,0,0,0,0,0,0
event=trace_row ordinal=863 kind=1 ns=268146648725013 fields=140,2,0,1010,996,200,1000,0,1,0,0,0,0,0,0,0
event=trace_row ordinal=864 kind=1 ns=268146648725013 fields=140,2,1,1010,996,200,1000,0,1,0,0,0,0,0,0,0
event=trace_row ordinal=865 kind=3 ns=268146648824764 fields=140,141,0,2,268146648725013,0,0,0,0,0,0,0,0,6,0,2
event=trace_row ordinal=866 kind=5 ns=268146658789691 fields=513,6,2,0,0,0,0,0,0,0,16,0,0,0,0,0
event=trace_row ordinal=867 kind=0 ns=268146658717940 fields=141,2,0,25,1,0,0,0,0,0,0,0,0,0,0,0
event=trace_row ordinal=868 kind=1 ns=268146658717940 fields=141,2,0,1010,996,200,1000,0,1,0,0,0,0,0,0,0
event=trace_row ordinal=869 kind=3 ns=268146658801649 fields=141,142,0,2,268146658717940,0,0,0,0,0,0,0,0,6,0,2
event=trace_row ordinal=870 kind=5 ns=268146668773284 fields=513,6,2,0,0,0,0,0,0,0,16,0,0,0,0,0
event=trace_row ordinal=871 kind=0 ns=268146668709699 fields=142,2,0,50,2,0,0,0,0,0,0,0,0,0,0,0
event=trace_row ordinal=872 kind=1 ns=268146668709699 fields=142,2,0,1010,996,200,1000,0,1,0,0,0,0,0,0,0
event=trace_row ordinal=873 kind=1 ns=268146668709699 fields=142,2,1,1010,996,200,1000,0,1,0,0,0,0,0,0,0
event=trace_row ordinal=874 kind=3 ns=268146668783492 fields=142,143,0,2,268146668709699,0,0,0,0,0,0,0,0,6,0,2
event=trace_row ordinal=875 kind=5 ns=268146678763002 fields=513,6,2,0,0,0,0,0,0,0,16,0,0,0,0,0
event=trace_row ordinal=876 kind=0 ns=268146678707584 fields=143,2,0,25,1,0,0,0,0,0,0,0,0,0,0,0
event=trace_row ordinal=877 kind=1 ns=268146678707584 fields=143,2,0,1010,996,200,1000,0,1,0,0,0,0,0,0,0
event=trace_row ordinal=878 kind=3 ns=268146678772044 fields=143,144,0,2,268146678707584,0,0,0,0,0,0,0,0,6,0,2
event=trace_row ordinal=879 kind=5 ns=268146688759428 fields=513,6,2,0,0,0,0,0,0,0,16,0,0,0,0,0
event=trace_row ordinal=880 kind=0 ns=268146688708094 fields=144,2,0,25,1,0,0,0,0,0,0,0,0,0,0,0
event=trace_row ordinal=881 kind=1 ns=268146688708094 fields=144,2,0,1010,996,200,1000,0,1,0,0,0,0,0,0,0
event=trace_row ordinal=882 kind=3 ns=268146688770512 fields=144,145,0,2,268146688708094,0,0,0,0,0,0,0,0,6,0,2
event=trace_row ordinal=883 kind=4 ns=268146692815692 fields=385,8,96,20,96,20,0,0,0,0,16,0,0,0,0,0
event=trace_row ordinal=884 kind=4 ns=268146692989527 fields=641,5,3,0,0,0,0,0,0,0,16,0,0,0,0,0
event=trace_row ordinal=885 kind=5 ns=268146698762563 fields=513,6,2,0,0,0,0,0,0,0,16,0,0,0,0,0
event=trace_row ordinal=886 kind=0 ns=268146698706271 fields=145,2,0,50,2,0,0,0,0,0,0,0,0,0,0,0
event=trace_row ordinal=887 kind=1 ns=268146698706271 fields=145,2,0,1010,996,200,1000,0,1,0,0,0,0,0,0,0
event=trace_row ordinal=888 kind=1 ns=268146698706271 fields=145,2,1,1010,996,200,1000,0,1,0,0,0,0,0,0,0
event=trace_row ordinal=889 kind=3 ns=268146698772189 fields=145,146,0,2,268146698706271,0,0,0,0,0,0,0,0,6,0,2
event=trace_row ordinal=890 kind=5 ns=268146708757532 fields=513,6,2,0,0,0,0,0,0,0,16,0,0,0,0,0
event=trace_row ordinal=891 kind=0 ns=268146708706198 fields=146,2,0,25,1,0,0,0,0,0,0,0,0,0,0,0
event=trace_row ordinal=892 kind=1 ns=268146708706198 fields=146,2,0,1010,996,200,1000,0,1,0,0,0,0,0,0,0
event=trace_row ordinal=893 kind=3 ns=268146708766574 fields=146,147,0,2,268146708706198,0,0,0,0,0,0,0,0,6,0,2
event=trace_row ordinal=894 kind=5 ns=268146718762417 fields=513,6,2,0,0,0,0,0,0,0,16,0,0,0,0,0
event=trace_row ordinal=895 kind=0 ns=268146718705541 fields=147,2,0,50,2,0,0,0,0,0,0,0,0,0,0,0
event=trace_row ordinal=896 kind=1 ns=268146718705541 fields=147,2,0,1010,996,200,1000,0,1,0,0,0,0,0,0,0
event=trace_row ordinal=897 kind=1 ns=268146718705541 fields=147,2,1,1010,996,200,1000,0,1,0,0,0,0,0,0,0
event=trace_row ordinal=898 kind=3 ns=268146718771750 fields=147,148,0,2,268146718705541,0,0,0,0,0,0,0,0,6,0,2
event=trace_row ordinal=899 kind=5 ns=268146728757093 fields=513,6,2,0,0,0,0,0,0,0,16,0,0,0,0,0
event=trace_row ordinal=900 kind=0 ns=268146728706051 fields=148,2,0,25,1,0,0,0,0,0,0,0,0,0,0,0
event=trace_row ordinal=901 kind=1 ns=268146728706051 fields=148,2,0,1010,996,200,1000,0,1,0,0,0,0,0,0,0
event=trace_row ordinal=902 kind=3 ns=268146728765844 fields=148,149,0,2,268146728706051,0,0,0,0,0,0,0,0,6,0,2
event=trace_row ordinal=903 kind=5 ns=268146738762270 fields=513,6,2,0,0,0,0,0,0,0,16,0,0,0,0,0
event=trace_row ordinal=904 kind=0 ns=268146738706269 fields=149,2,0,50,2,0,0,0,0,0,0,0,0,0,0,0
event=trace_row ordinal=905 kind=1 ns=268146738706269 fields=149,2,0,1010,996,200,1000,0,1,0,0,0,0,0,0,0
event=trace_row ordinal=906 kind=1 ns=268146738706269 fields=149,2,1,1010,996,200,1000,0,1,0,0,0,0,0,0,0
event=trace_row ordinal=907 kind=3 ns=268146738771604 fields=149,150,0,2,268146738706269,0,0,0,0,0,0,0,0,6,0,2
event=trace_row ordinal=908 kind=4 ns=268146742813575 fields=385,8,96,20,96,20,0,0,0,0,16,0,0,0,0,0
event=trace_row ordinal=909 kind=4 ns=268146743004327 fields=641,5,3,0,0,0,0,0,0,0,16,0,0,0,0,0
event=trace_row ordinal=910 kind=5 ns=268146748758113 fields=513,6,2,0,0,0,0,0,0,0,16,0,0,0,0,0
event=trace_row ordinal=911 kind=0 ns=268146748707363 fields=150,2,0,25,1,0,0,0,0,0,0,0,0,0,0,0
event=trace_row ordinal=912 kind=1 ns=268146748707363 fields=150,2,0,1010,996,200,1000,0,1,0,0,0,0,0,0,0
event=trace_row ordinal=913 kind=3 ns=268146748767447 fields=150,151,0,2,268146748707363,0,0,0,0,0,0,0,0,6,0,2
event=trace_row ordinal=914 kind=5 ns=268146758763290 fields=513,6,2,0,0,0,0,0,0,0,16,0,0,0,0,0
event=trace_row ordinal=915 kind=0 ns=268146758711956 fields=151,2,0,25,1,0,0,0,0,0,0,0,0,0,0,0
event=trace_row ordinal=916 kind=1 ns=268146758711956 fields=151,2,0,1010,996,200,1000,0,1,0,0,0,0,0,0,0
event=trace_row ordinal=917 kind=3 ns=268146758772332 fields=151,152,0,2,268146758711956,0,0,0,0,0,0,0,0,6,0,2
event=trace_row ordinal=918 kind=5 ns=268146768761175 fields=513,6,2,0,0,0,0,0,0,0,16,0,0,0,0,0
event=trace_row ordinal=919 kind=0 ns=268146768704883 fields=152,2,0,50,2,0,0,0,0,0,0,0,0,0,0,0
event=trace_row ordinal=920 kind=1 ns=268146768704883 fields=152,2,0,1010,996,200,1000,0,1,0,0,0,0,0,0,0
event=trace_row ordinal=921 kind=1 ns=268146768704883 fields=152,2,1,1010,996,200,1000,0,1,0,0,0,0,0,0,0
event=trace_row ordinal=922 kind=3 ns=268146768771092 fields=152,153,0,2,268146768704883,0,0,0,0,0,0,0,0,6,0,2
event=trace_row ordinal=923 kind=5 ns=268146778755852 fields=513,6,2,0,0,0,0,0,0,0,16,0,0,0,0,0
event=trace_row ordinal=924 kind=0 ns=268146778704809 fields=153,2,0,25,1,0,0,0,0,0,0,0,0,0,0,0
event=trace_row ordinal=925 kind=1 ns=268146778704809 fields=153,2,0,1010,996,200,1000,0,1,0,0,0,0,0,0,0
event=trace_row ordinal=926 kind=3 ns=268146778764894 fields=153,154,0,2,268146778704809,0,0,0,0,0,0,0,0,6,0,2
event=trace_row ordinal=927 kind=5 ns=268146788763654 fields=513,6,2,0,0,0,0,0,0,0,16,0,0,0,0,0
event=trace_row ordinal=928 kind=0 ns=268146788706778 fields=154,2,0,50,2,0,0,0,0,0,0,0,0,0,0,0
event=trace_row ordinal=929 kind=1 ns=268146788706778 fields=154,2,0,1010,996,200,1000,0,1,0,0,0,0,0,0,0
event=trace_row ordinal=930 kind=1 ns=268146788706778 fields=154,2,1,1010,996,200,1000,0,1,0,0,0,0,0,0,0
event=trace_row ordinal=931 kind=3 ns=268146788773279 fields=154,155,0,2,268146788706778,0,0,0,0,0,0,0,0,6,0,2
event=trace_row ordinal=932 kind=4 ns=268146792824583 fields=385,8,96,20,96,20,0,0,0,0,16,0,0,0,0,0
event=trace_row ordinal=933 kind=4 ns=268146793014753 fields=641,5,3,0,0,0,0,0,0,0,16,0,0,0,0,0
event=trace_row ordinal=934 kind=5 ns=268146798879373 fields=513,6,2,0,0,0,0,0,0,0,16,0,0,0,0,0
event=trace_row ordinal=935 kind=0 ns=268146798753663 fields=155,2,0,25,1,0,0,0,0,0,0,0,0,0,0,0
event=trace_row ordinal=936 kind=1 ns=268146798753663 fields=155,2,0,1010,996,200,1000,0,1,0,0,0,0,0,0,0
event=trace_row ordinal=937 kind=3 ns=268146798899790 fields=155,156,0,2,268146798753663,0,0,0,0,0,0,0,0,6,0,2
event=trace_row ordinal=938 kind=5 ns=268146808785090 fields=513,6,2,0,0,0,0,0,0,0,16,0,0,0,0,0
event=trace_row ordinal=939 kind=0 ns=268146808715381 fields=156,2,0,50,2,0,0,0,0,0,0,0,0,0,0,0
event=trace_row ordinal=940 kind=1 ns=268146808715381 fields=156,2,0,1010,996,200,1000,0,1,0,0,0,0,0,0,0
event=trace_row ordinal=941 kind=1 ns=268146808715381 fields=156,2,1,1010,996,200,1000,0,1,0,0,0,0,0,0,0
event=trace_row ordinal=942 kind=3 ns=268146808796174 fields=156,157,0,2,268146808715381,0,0,0,0,0,0,0,0,6,0,2
event=trace_row ordinal=943 kind=5 ns=268146818759350 fields=513,6,2,0,0,0,0,0,0,0,16,0,0,0,0,0
event=trace_row ordinal=944 kind=0 ns=268146818707141 fields=157,2,0,25,1,0,0,0,0,0,0,0,0,0,0,0
event=trace_row ordinal=945 kind=1 ns=268146818707141 fields=157,2,0,1010,996,200,1000,0,1,0,0,0,0,0,0,0
event=trace_row ordinal=946 kind=3 ns=268146818768684 fields=157,158,0,2,268146818707141,0,0,0,0,0,0,0,0,6,0,2
event=trace_row ordinal=947 kind=5 ns=268146828758402 fields=513,6,2,0,0,0,0,0,0,0,16,0,0,0,0,0
event=trace_row ordinal=948 kind=0 ns=268146828706484 fields=158,2,0,25,1,0,0,0,0,0,0,0,0,0,0,0
event=trace_row ordinal=949 kind=1 ns=268146828706484 fields=158,2,0,1010,996,200,1000,0,1,0,0,0,0,0,0,0
event=trace_row ordinal=950 kind=3 ns=268146828767735 fields=158,159,0,2,268146828706484,0,0,0,0,0,0,0,0,6,0,2
event=trace_row ordinal=951 kind=5 ns=268146838763870 fields=513,6,2,0,0,0,0,0,0,0,16,0,0,0,0,0
event=trace_row ordinal=952 kind=0 ns=268146838707286 fields=159,2,0,50,2,0,0,0,0,0,0,0,0,0,0,0
event=trace_row ordinal=953 kind=1 ns=268146838707286 fields=159,2,0,1010,996,200,1000,0,1,0,0,0,0,0,0,0
event=trace_row ordinal=954 kind=1 ns=268146838707286 fields=159,2,1,1010,996,200,1000,0,1,0,0,0,0,0,0,0
event=trace_row ordinal=955 kind=3 ns=268146838773204 fields=159,160,0,2,268146838707286,0,0,0,0,0,0,0,0,6,0,2
event=trace_row ordinal=956 kind=4 ns=268146842850759 fields=385,8,96,20,96,20,0,0,0,0,16,0,0,0,0,0
event=trace_row ordinal=957 kind=4 ns=268146842967427 fields=641,5,3,0,0,0,0,0,0,0,16,0,0,0,0,0
event=trace_row ordinal=958 kind=5 ns=268146848757672 fields=513,6,2,0,0,0,0,0,0,0,16,0,0,0,0,0
event=trace_row ordinal=959 kind=0 ns=268146848706338 fields=160,2,0,25,1,0,0,0,0,0,0,0,0,0,0,0
event=trace_row ordinal=960 kind=1 ns=268146848706338 fields=160,2,0,1010,996,200,1000,0,1,0,0,0,0,0,0,0
event=trace_row ordinal=961 kind=3 ns=268146848766714 fields=160,161,0,2,268146848706338,0,0,0,0,0,0,0,0,6,0,2
event=trace_row ordinal=962 kind=5 ns=268146858762849 fields=513,6,2,0,0,0,0,0,0,0,16,0,0,0,0,0
event=trace_row ordinal=963 kind=0 ns=268146858706848 fields=161,2,0,50,2,0,0,0,0,0,0,0,0,0,0,0
event=trace_row ordinal=964 kind=1 ns=268146858706848 fields=161,2,0,1009,996,200,1000,0,1,0,0,0,0,0,0,0
event=trace_row ordinal=965 kind=1 ns=268146858706848 fields=161,2,1,1009,996,200,1000,0,1,0,0,0,0,0,0,0
event=trace_row ordinal=966 kind=3 ns=268146858772474 fields=161,162,0,2,268146858706848,0,0,0,0,0,0,0,0,6,0,2
event=trace_row ordinal=967 kind=5 ns=268146868755775 fields=513,6,2,0,0,0,0,0,0,0,16,0,0,0,0,0
event=trace_row ordinal=968 kind=0 ns=268146868704733 fields=162,2,0,25,1,0,0,0,0,0,0,0,0,0,0,0
event=trace_row ordinal=969 kind=1 ns=268146868704733 fields=162,2,0,1010,996,200,1000,0,1,0,0,0,0,0,0,0
event=trace_row ordinal=970 kind=3 ns=268146868765400 fields=162,163,0,2,268146868704733,0,0,0,0,0,0,0,0,6,0,2
event=trace_row ordinal=971 kind=5 ns=268146878762410 fields=513,6,2,0,0,0,0,0,0,0,16,0,0,0,0,0
event=trace_row ordinal=972 kind=0 ns=268146878706409 fields=163,2,0,50,2,0,0,0,0,0,0,0,0,0,0,0
event=trace_row ordinal=973 kind=1 ns=268146878706409 fields=163,2,0,1010,996,200,1000,0,1,0,0,0,0,0,0,0
event=trace_row ordinal=974 kind=1 ns=268146878706409 fields=163,2,1,1010,996,200,1000,0,1,0,0,0,0,0,0,0
event=trace_row ordinal=975 kind=3 ns=268146878772035 fields=163,164,0,2,268146878706409,0,0,0,0,0,0,0,0,6,0,2
event=trace_row ordinal=976 kind=4 ns=268146880703770 fields=1793,1,5,0,0,0,0,0,0,0,16,0,0,0,0,0
event=trace_row ordinal=977 kind=5 ns=268146888757962 fields=513,6,2,0,0,0,0,0,0,0,16,0,0,0,0,0
event=trace_row ordinal=978 kind=0 ns=268146888706628 fields=164,2,0,25,1,0,0,0,0,0,0,0,0,0,0,0
event=trace_row ordinal=979 kind=1 ns=268146888706628 fields=164,2,0,1010,996,200,1000,0,1,0,0,0,0,0,0,0
event=trace_row ordinal=980 kind=3 ns=268146888767004 fields=164,165,0,2,268146888706628,0,0,0,0,0,0,0,0,6,0,2
event=trace_row ordinal=981 kind=4 ns=268146892850684 fields=385,8,96,20,96,20,0,0,0,0,16,0,0,0,0,0
event=trace_row ordinal=982 kind=4 ns=268146893038520 fields=641,5,3,0,0,0,0,0,0,0,16,0,0,0,0,0
event=trace_row ordinal=983 kind=5 ns=268146898756722 fields=513,6,2,0,0,0,0,0,0,0,16,0,0,0,0,0
event=trace_row ordinal=984 kind=0 ns=268146898705971 fields=165,2,0,25,1,0,0,0,0,0,0,0,0,0,0,0
event=trace_row ordinal=985 kind=1 ns=268146898705971 fields=165,2,0,1010,996,200,1000,0,1,0,0,0,0,0,0,0
event=trace_row ordinal=986 kind=3 ns=268146898765764 fields=165,166,0,2,268146898705971,0,0,0,0,0,0,0,0,6,0,2
event=trace_row ordinal=987 kind=5 ns=268146908762774 fields=513,6,2,0,0,0,0,0,0,0,16,0,0,0,0,0
event=trace_row ordinal=988 kind=0 ns=268146908706481 fields=166,2,0,50,2,0,0,0,0,0,0,0,0,0,0,0
event=trace_row ordinal=989 kind=1 ns=268146908706481 fields=166,2,0,1010,996,200,1000,0,1,0,0,0,0,0,0,0
event=trace_row ordinal=990 kind=1 ns=268146908706481 fields=166,2,1,1010,996,200,1000,0,1,0,0,0,0,0,0,0
event=trace_row ordinal=991 kind=3 ns=268146908772107 fields=166,167,0,2,268146908706481,0,0,0,0,0,0,0,0,6,0,2
event=trace_row ordinal=992 kind=5 ns=268146918758617 fields=513,6,2,0,0,0,0,0,0,0,16,0,0,0,0,0
event=trace_row ordinal=993 kind=0 ns=268146918706991 fields=167,2,0,25,1,0,0,0,0,0,0,0,0,0,0,0
event=trace_row ordinal=994 kind=1 ns=268146918706991 fields=167,2,0,1010,996,200,1000,0,1,0,0,0,0,0,0,0
event=trace_row ordinal=995 kind=3 ns=268146918767659 fields=167,168,0,2,268146918706991,0,0,0,0,0,0,0,0,6,0,2
event=trace_row ordinal=996 kind=5 ns=268146928763210 fields=513,6,2,0,0,0,0,0,0,0,16,0,0,0,0,0
event=trace_row ordinal=997 kind=0 ns=268146928706918 fields=168,2,0,50,2,0,0,0,0,0,0,0,0,0,0,0
event=trace_row ordinal=998 kind=1 ns=268146928706918 fields=168,2,0,1010,996,200,1000,0,1,0,0,0,0,0,0,0
event=trace_row ordinal=999 kind=1 ns=268146928706918 fields=168,2,1,1010,996,200,1000,0,1,0,0,0,0,0,0,0
event=trace_row ordinal=1000 kind=3 ns=268146928772544 fields=168,169,0,2,268146928706918,0,0,0,0,0,0,0,0,6,0,2
event=trace_row ordinal=1001 kind=5 ns=268146938757303 fields=513,6,2,0,0,0,0,0,0,0,16,0,0,0,0,0
event=trace_row ordinal=1002 kind=0 ns=268146938706261 fields=169,2,0,25,1,0,0,0,0,0,0,0,0,0,0,0
event=trace_row ordinal=1003 kind=1 ns=268146938706261 fields=169,2,0,1010,996,200,1000,0,1,0,0,0,0,0,0,0
event=trace_row ordinal=1004 kind=3 ns=268146938766345 fields=169,170,0,2,268146938706261,0,0,0,0,0,0,0,0,6,0,2
event=trace_row ordinal=1005 kind=4 ns=268146942870442 fields=385,8,96,20,96,20,0,0,0,0,16,0,0,0,0,0
event=trace_row ordinal=1006 kind=4 ns=268146943055361 fields=641,5,3,0,0,0,0,0,0,0,16,0,0,0,0,0
event=trace_row ordinal=1007 kind=5 ns=268146948777064 fields=513,6,2,0,0,0,0,0,0,0,16,0,0,0,0,0
event=trace_row ordinal=1008 kind=0 ns=268146948710563 fields=170,2,0,50,2,0,0,0,0,0,0,0,0,0,0,0
event=trace_row ordinal=1009 kind=1 ns=268146948710563 fields=170,2,0,1010,996,200,1000,0,1,0,0,0,0,0,0,0
event=trace_row ordinal=1010 kind=1 ns=268146948710563 fields=170,2,1,1010,996,200,1000,0,1,0,0,0,0,0,0,0
event=trace_row ordinal=1011 kind=3 ns=268146948787564 fields=170,171,0,2,268146948710563,0,0,0,0,0,0,0,0,6,0,2
event=trace_row ordinal=1012 kind=5 ns=268146958767657 fields=513,6,2,0,0,0,0,0,0,0,16,0,0,0,0,0
event=trace_row ordinal=1013 kind=0 ns=268146958710198 fields=171,2,0,25,1,0,0,0,0,0,0,0,0,0,0,0
event=trace_row ordinal=1014 kind=1 ns=268146958710198 fields=171,2,0,1010,996,200,1000,0,1,0,0,0,0,0,0,0
event=trace_row ordinal=1015 kind=3 ns=268146958777574 fields=171,172,0,2,268146958710198,0,0,0,0,0,0,0,0,6,0,2
event=trace_row ordinal=1016 kind=5 ns=268146968851585 fields=513,6,2,0,0,0,0,0,0,0,16,0,0,0,0,0
event=trace_row ordinal=1017 kind=0 ns=268146968739291 fields=172,2,0,25,1,0,0,0,0,0,0,0,0,0,0,0
event=trace_row ordinal=1018 kind=1 ns=268146968739291 fields=172,2,0,1010,996,200,1000,0,1,0,0,0,0,0,0,0
event=trace_row ordinal=1019 kind=3 ns=268146968872293 fields=172,173,0,2,268146968739291,0,0,0,0,0,0,0,0,6,0,2
event=trace_row ordinal=1020 kind=5 ns=268146978813886 fields=513,6,2,0,0,0,0,0,0,0,16,0,0,0,0,0
event=trace_row ordinal=1021 kind=0 ns=268146978729593 fields=173,2,0,50,2,0,0,0,0,0,0,0,0,0,0,0
event=trace_row ordinal=1022 kind=1 ns=268146978729593 fields=173,2,0,1010,996,200,1000,0,1,0,0,0,0,0,0,0
event=trace_row ordinal=1023 kind=1 ns=268146978729593 fields=173,2,1,1010,996,200,1000,0,1,0,0,0,0,0,0,0
event=trace_row ordinal=1024 kind=3 ns=268146978830219 fields=173,174,0,2,268146978729593,0,0,0,0,0,0,0,0,6,0,2
event=trace_row ordinal=1025 kind=5 ns=268146988872146 fields=513,6,2,0,0,0,0,0,0,0,16,0,0,0,0,0
event=trace_row ordinal=1026 kind=0 ns=268146988745269 fields=174,2,0,25,1,0,0,0,0,0,0,0,0,0,0,0
event=trace_row ordinal=1027 kind=1 ns=268146988745269 fields=174,2,0,1010,996,200,1000,0,1,0,0,0,0,0,0,0
event=trace_row ordinal=1028 kind=3 ns=268146988894605 fields=174,175,0,2,268146988745269,0,0,0,0,0,0,0,0,6,0,2
event=trace_row ordinal=1029 kind=4 ns=268146992905951 fields=385,8,96,20,96,20,0,0,0,0,16,0,0,0,0,0
event=trace_row ordinal=1030 kind=4 ns=268146993069286 fields=641,5,3,0,0,0,0,0,0,0,16,0,0,0,0,0
event=trace_row ordinal=1031 kind=5 ns=268146998836489 fields=513,6,2,0,0,0,0,0,0,0,16,0,0,0,0,0
event=trace_row ordinal=1032 kind=0 ns=268146998738196 fields=175,2,0,50,2,0,0,0,0,0,0,0,0,0,0,0
event=trace_row ordinal=1033 kind=1 ns=268146998738196 fields=175,2,0,1010,996,200,1000,0,1,0,0,0,0,0,0,0
event=trace_row ordinal=1034 kind=1 ns=268146998738196 fields=175,2,1,1010,996,200,1000,0,1,0,0,0,0,0,0,0
event=trace_row ordinal=1035 kind=3 ns=268146998853406 fields=175,176,0,2,268146998738196,0,0,0,0,0,0,0,0,6,0,2
event=trace_row ordinal=1036 kind=5 ns=268147008870249 fields=513,6,2,0,0,0,0,0,0,0,16,0,0,0,0,0
event=trace_row ordinal=1037 kind=0 ns=268147008746289 fields=176,2,0,25,1,0,0,0,0,0,0,0,0,0,0,0
event=trace_row ordinal=1038 kind=1 ns=268147008746289 fields=176,2,0,1010,996,200,1000,0,1,0,0,0,0,0,0,0
event=trace_row ordinal=1039 kind=3 ns=268147008891250 fields=176,177,0,2,268147008746289,0,0,0,0,0,0,0,0,6,0,2
event=trace_row ordinal=1040 kind=5 ns=268147018803675 fields=513,6,2,0,0,0,0,0,0,0,16,0,0,0,0,0
event=trace_row ordinal=1041 kind=0 ns=268147018725507 fields=177,2,0,50,2,0,0,0,0,0,0,0,0,0,0,0
event=trace_row ordinal=1042 kind=1 ns=268147018725507 fields=177,2,0,1010,996,200,1000,0,1,0,0,0,0,0,0,0
event=trace_row ordinal=1043 kind=1 ns=268147018725507 fields=177,2,1,1010,996,200,1000,0,1,0,0,0,0,0,0,0
event=trace_row ordinal=1044 kind=3 ns=268147018817092 fields=177,178,0,2,268147018725507,0,0,0,0,0,0,0,0,6,0,2
event=trace_row ordinal=1045 kind=5 ns=268147028917061 fields=513,6,2,0,0,0,0,0,0,0,16,0,0,0,0,0
event=trace_row ordinal=1046 kind=0 ns=268147028762476 fields=178,2,0,25,1,0,0,0,0,0,0,0,0,0,0,0
event=trace_row ordinal=1047 kind=1 ns=268147028762476 fields=178,2,0,1010,996,200,1000,0,1,0,0,0,0,0,0,0
event=trace_row ordinal=1048 kind=3 ns=268147028942437 fields=178,179,0,2,268147028762476,0,0,0,0,0,0,0,0,6,0,2
event=trace_row ordinal=1049 kind=5 ns=268147038835903 fields=513,6,2,0,0,0,0,0,0,0,16,0,0,0,0,0
event=trace_row ordinal=1050 kind=0 ns=268147038729444 fields=179,2,0,25,1,0,0,0,0,0,0,0,0,0,0,0
event=trace_row ordinal=1051 kind=1 ns=268147038729444 fields=179,2,0,1010,996,200,1000,0,1,0,0,0,0,0,0,0
event=trace_row ordinal=1052 kind=3 ns=268147038852529 fields=179,180,0,2,268147038729444,0,0,0,0,0,0,0,0,6,0,2
event=trace_row ordinal=1053 kind=4 ns=268147042947292 fields=385,8,96,20,96,20,0,0,0,0,16,0,0,0,0,0
event=trace_row ordinal=1054 kind=4 ns=268147043019918 fields=641,5,3,0,0,0,0,0,0,0,16,0,0,0,0,0
event=trace_row ordinal=1055 kind=5 ns=268147048913998 fields=513,6,2,0,0,0,0,0,0,0,16,0,0,0,0,0
event=trace_row ordinal=1056 kind=0 ns=268147048763787 fields=180,2,0,50,2,0,0,0,0,0,0,0,0,0,0,0
event=trace_row ordinal=1057 kind=1 ns=268147048763787 fields=180,2,0,1010,996,200,1000,0,1,0,0,0,0,0,0,0
event=trace_row ordinal=1058 kind=1 ns=268147048763787 fields=180,2,1,1010,996,200,1000,0,1,0,0,0,0,0,0,0
event=trace_row ordinal=1059 kind=3 ns=268147048938498 fields=180,181,0,2,268147048763787,0,0,0,0,0,0,0,0,6,0,2
event=trace_row ordinal=1060 kind=5 ns=268147058843340 fields=513,6,2,0,0,0,0,0,0,0,16,0,0,0,0,0
event=trace_row ordinal=1061 kind=0 ns=268147058745339 fields=181,2,0,25,1,0,0,0,0,0,0,0,0,0,0,0
event=trace_row ordinal=1062 kind=1 ns=268147058745339 fields=181,2,0,1010,996,200,1000,0,1,0,0,0,0,0,0,0
event=trace_row ordinal=1063 kind=3 ns=268147058860548 fields=181,182,0,2,268147058745339,0,0,0,0,0,0,0,0,6,0,2
event=trace_row ordinal=1064 kind=5 ns=268147068880309 fields=513,6,2,0,0,0,0,0,0,0,16,0,0,0,0,0
event=trace_row ordinal=1065 kind=0 ns=268147068751682 fields=182,2,0,50,2,0,0,0,0,0,0,0,0,0,0,0
event=trace_row ordinal=1066 kind=1 ns=268147068751682 fields=182,2,0,1010,996,200,1000,0,1,0,0,0,0,0,0,0
event=trace_row ordinal=1067 kind=1 ns=268147068751682 fields=182,2,1,1010,996,200,1000,0,1,0,0,0,0,0,0,0
event=trace_row ordinal=1068 kind=3 ns=268147068901892 fields=182,183,0,2,268147068751682,0,0,0,0,0,0,0,0,6,0,2
event=trace_row ordinal=1069 kind=5 ns=268147078850485 fields=513,6,2,0,0,0,0,0,0,0,16,0,0,0,0,0
event=trace_row ordinal=1070 kind=0 ns=268147078742567 fields=183,2,0,25,1,0,0,0,0,0,0,0,0,0,0,0
event=trace_row ordinal=1071 kind=1 ns=268147078742567 fields=183,2,0,1010,996,200,1000,0,1,0,0,0,0,0,0,0
event=trace_row ordinal=1072 kind=3 ns=268147078869443 fields=183,184,0,2,268147078742567,0,0,0,0,0,0,0,0,6,0,2
event=trace_row ordinal=1073 kind=5 ns=268147088807827 fields=513,6,2,0,0,0,0,0,0,0,16,0,0,0,0,0
event=trace_row ordinal=1074 kind=0 ns=268147088722368 fields=184,2,0,50,2,0,0,0,0,0,0,0,0,0,0,0
event=trace_row ordinal=1075 kind=1 ns=268147088722368 fields=184,2,0,1010,996,200,1000,0,1,0,0,0,0,0,0,0
event=trace_row ordinal=1076 kind=1 ns=268147088722368 fields=184,2,1,1010,996,200,1000,0,1,0,0,0,0,0,0,0
event=trace_row ordinal=1077 kind=3 ns=268147088822411 fields=184,185,0,2,268147088722368,0,0,0,0,0,0,0,0,6,0,2
event=trace_row ordinal=1078 kind=4 ns=268147092923300 fields=385,8,96,20,96,20,0,0,0,0,16,0,0,0,0,0
event=trace_row ordinal=1079 kind=4 ns=268147093030926 fields=641,5,3,0,0,0,0,0,0,0,16,0,0,0,0,0
event=trace_row ordinal=1080 kind=5 ns=268147098794920 fields=513,6,2,0,0,0,0,0,0,0,16,0,0,0,0,0
event=trace_row ordinal=1081 kind=0 ns=268147098721711 fields=185,2,0,25,1,0,0,0,0,0,0,0,0,0,0,0
event=trace_row ordinal=1082 kind=1 ns=268147098721711 fields=185,2,0,1010,996,200,1000,0,1,0,0,0,0,0,0,0
event=trace_row ordinal=1083 kind=3 ns=268147098808921 fields=185,186,0,2,268147098721711,0,0,0,0,0,0,0,0,6,0,2
event=trace_row ordinal=1084 kind=5 ns=268147108894015 fields=513,6,2,0,0,0,0,0,0,0,16,0,0,0,0,0
event=trace_row ordinal=1085 kind=0 ns=268147108753721 fields=186,2,0,25,1,0,0,0,0,0,0,0,0,0,0,0
event=trace_row ordinal=1086 kind=1 ns=268147108753721 fields=186,2,0,1010,996,200,1000,0,1,0,0,0,0,0,0,0
event=trace_row ordinal=1087 kind=3 ns=268147108914432 fields=186,187,0,2,268147108753721,0,0,0,0,0,0,0,0,6,0,2
event=trace_row ordinal=1088 kind=5 ns=268147118855441 fields=513,6,2,0,0,0,0,0,0,0,16,0,0,0,0,0
event=trace_row ordinal=1089 kind=0 ns=268147118739939 fields=187,2,0,50,2,0,0,0,0,0,0,0,0,0,0,0
event=trace_row ordinal=1090 kind=1 ns=268147118739939 fields=187,2,0,1010,996,200,1000,0,1,0,0,0,0,0,0,0
event=trace_row ordinal=1091 kind=1 ns=268147118739939 fields=187,2,1,1010,996,200,1000,0,1,0,0,0,0,0,0,0
event=trace_row ordinal=1092 kind=3 ns=268147118874691 fields=187,188,0,2,268147118739939,0,0,0,0,0,0,0,0,6,0,2
event=trace_row ordinal=1093 kind=5 ns=268147128829700 fields=513,6,2,0,0,0,0,0,0,0,16,0,0,0,0,0
event=trace_row ordinal=1094 kind=0 ns=268147128734032 fields=188,2,0,25,1,0,0,0,0,0,0,0,0,0,0,0
event=trace_row ordinal=1095 kind=1 ns=268147128734032 fields=188,2,0,1010,996,200,1000,0,1,0,0,0,0,0,0,0
event=trace_row ordinal=1096 kind=3 ns=268147128845742 fields=188,189,0,2,268147128734032,0,0,0,0,0,0,0,0,6,0,2
event=trace_row ordinal=1097 kind=4 ns=268147130280470 fields=1793,1,5,0,0,0,0,0,0,0,16,0,0,0,0,0
event=trace_row ordinal=1098 kind=5 ns=268147138815918 fields=513,6,2,0,0,0,0,0,0,0,16,0,0,0,0,0
event=trace_row ordinal=1099 kind=0 ns=268147138728417 fields=189,2,0,50,2,0,0,0,0,0,0,0,0,0,0,0
event=trace_row ordinal=1100 kind=1 ns=268147138728417 fields=189,2,0,1010,996,200,1000,0,1,0,0,0,0,0,0,0
event=trace_row ordinal=1101 kind=1 ns=268147138728417 fields=189,2,1,1010,996,200,1000,0,1,0,0,0,0,0,0,0
event=trace_row ordinal=1102 kind=3 ns=268147138829919 fields=189,190,0,2,268147138728417,0,0,0,0,0,0,0,0,6,0,2
event=trace_row ordinal=1103 kind=4 ns=268147142923224 fields=385,8,96,20,96,20,0,0,0,0,16,0,0,0,0,0
event=trace_row ordinal=1104 kind=4 ns=268147143103768 fields=641,5,3,0,0,0,0,0,0,0,16,0,0,0,0,0
event=trace_row ordinal=1105 kind=5 ns=268147148801845 fields=513,6,2,0,0,0,0,0,0,0,16,0,0,0,0,0
event=trace_row ordinal=1106 kind=0 ns=268147148726885 fields=190,2,0,25,1,0,0,0,0,0,0,0,0,0,0,0
event=trace_row ordinal=1107 kind=1 ns=268147148726885 fields=190,2,0,1010,996,200,1000,0,1,0,0,0,0,0,0,0
event=trace_row ordinal=1108 kind=3 ns=268147148814678 fields=190,191,0,2,268147148726885,0,0,0,0,0,0,0,0,6,0,2
event=trace_row ordinal=1109 kind=5 ns=268147158815480 fields=513,6,2,0,0,0,0,0,0,0,16,0,0,0,0,0
event=trace_row ordinal=1110 kind=0 ns=268147158728270 fields=191,2,0,50,2,0,0,0,0,0,0,0,0,0,0,0
event=trace_row ordinal=1111 kind=1 ns=268147158728270 fields=191,2,0,1010,996,200,1000,0,1,0,0,0,0,0,0,0
event=trace_row ordinal=1112 kind=1 ns=268147158728270 fields=191,2,1,1010,996,200,1000,0,1,0,0,0,0,0,0,0
event=trace_row ordinal=1113 kind=3 ns=268147158827730 fields=191,192,0,2,268147158728270,0,0,0,0,0,0,0,0,6,0,2
event=trace_row ordinal=1114 kind=5 ns=268147168769906 fields=513,6,2,0,0,0,0,0,0,0,16,0,0,0,0,0
event=trace_row ordinal=1115 kind=0 ns=268147168713322 fields=192,2,0,25,1,0,0,0,0,0,0,0,0,0,0,0
event=trace_row ordinal=1116 kind=1 ns=268147168713322 fields=192,2,0,1010,996,200,1000,0,1,0,0,0,0,0,0,0
event=trace_row ordinal=1117 kind=3 ns=268147168779531 fields=192,193,0,2,268147168713322,0,0,0,0,0,0,0,0,6,0,2
event=trace_row ordinal=1118 kind=5 ns=268147178759332 fields=513,6,2,0,0,0,0,0,0,0,16,0,0,0,0,0
event=trace_row ordinal=1119 kind=0 ns=268147178706831 fields=193,2,0,25,1,0,0,0,0,0,0,0,0,0,0,0
event=trace_row ordinal=1120 kind=1 ns=268147178706831 fields=193,2,0,1010,996,200,1000,0,1,0,0,0,0,0,0,0
event=trace_row ordinal=1121 kind=3 ns=268147178768666 fields=193,194,0,2,268147178706831,0,0,0,0,0,0,0,0,6,0,2
event=trace_row ordinal=1122 kind=5 ns=268147188762467 fields=513,6,2,0,0,0,0,0,0,0,16,0,0,0,0,0
event=trace_row ordinal=1123 kind=0 ns=268147188706466 fields=194,2,0,50,2,0,0,0,0,0,0,0,0,0,0,0
event=trace_row ordinal=1124 kind=1 ns=268147188706466 fields=194,2,0,1010,996,200,1000,0,1,0,0,0,0,0,0,0
event=trace_row ordinal=1125 kind=1 ns=268147188706466 fields=194,2,1,1010,996,200,1000,0,1,0,0,0,0,0,0,0
event=trace_row ordinal=1126 kind=3 ns=268147188771801 fields=194,195,0,2,268147188706466,0,0,0,0,0,0,0,0,6,0,2
event=trace_row ordinal=1127 kind=4 ns=268147192934523 fields=385,8,96,20,96,20,0,0,0,0,16,0,0,0,0,0
event=trace_row ordinal=1128 kind=4 ns=268147193053233 fields=641,5,3,0,0,0,0,0,0,0,16,0,0,0,0,0
event=trace_row ordinal=1129 kind=5 ns=268147198757727 fields=513,6,2,0,0,0,0,0,0,0,16,0,0,0,0,0
event=trace_row ordinal=1130 kind=0 ns=268147198706685 fields=195,2,0,25,1,0,0,0,0,0,0,0,0,0,0,0
event=trace_row ordinal=1131 kind=1 ns=268147198706685 fields=195,2,0,1010,996,200,1000,0,1,0,0,0,0,0,0,0
event=trace_row ordinal=1132 kind=3 ns=268147198767060 fields=195,196,0,2,268147198706685,0,0,0,0,0,0,0,0,6,0,2
event=trace_row ordinal=1133 kind=5 ns=268147208762028 fields=513,6,2,0,0,0,0,0,0,0,16,0,0,0,0,0
event=trace_row ordinal=1134 kind=0 ns=268147208706319 fields=196,2,0,50,2,0,0,0,0,0,0,0,0,0,0,0
event=trace_row ordinal=1135 kind=1 ns=268147208706319 fields=196,2,0,1010,996,200,1000,0,1,0,0,0,0,0,0,0
event=trace_row ordinal=1136 kind=1 ns=268147208706319 fields=196,2,1,1010,996,200,1000,0,1,0,0,0,0,0,0,0
event=trace_row ordinal=1137 kind=3 ns=268147208771654 fields=196,197,0,2,268147208706319,0,0,0,0,0,0,0,0,6,0,2
event=trace_row ordinal=1138 kind=5 ns=268147218758163 fields=513,6,2,0,0,0,0,0,0,0,16,0,0,0,0,0
event=trace_row ordinal=1139 kind=0 ns=268147218707121 fields=197,2,0,25,1,0,0,0,0,0,0,0,0,0,0,0
event=trace_row ordinal=1140 kind=1 ns=268147218707121 fields=197,2,0,1010,996,200,1000,0,1,0,0,0,0,0,0,0
event=trace_row ordinal=1141 kind=3 ns=268147218767205 fields=197,198,0,2,268147218707121,0,0,0,0,0,0,0,0,6,0,2
event=trace_row ordinal=1142 kind=5 ns=268147228762757 fields=513,6,2,0,0,0,0,0,0,0,16,0,0,0,0,0
event=trace_row ordinal=1143 kind=0 ns=268147228705881 fields=198,2,0,50,2,0,0,0,0,0,0,0,0,0,0,0
event=trace_row ordinal=1144 kind=1 ns=268147228705881 fields=198,2,0,1010,996,200,1000,0,1,0,0,0,0,0,0,0
event=trace_row ordinal=1145 kind=1 ns=268147228705881 fields=198,2,1,1010,996,200,1000,0,1,0,0,0,0,0,0,0
event=trace_row ordinal=1146 kind=3 ns=268147228772090 fields=198,199,0,2,268147228705881,0,0,0,0,0,0,0,0,6,0,2
event=trace_row ordinal=1147 kind=5 ns=268147238757725 fields=513,6,2,0,0,0,0,0,0,0,16,0,0,0,0,0
event=trace_row ordinal=1148 kind=0 ns=268147238705807 fields=199,2,0,25,1,0,0,0,0,0,0,0,0,0,0,0
event=trace_row ordinal=1149 kind=1 ns=268147238705807 fields=199,2,0,1010,996,200,1000,0,1,0,0,0,0,0,0,0
event=trace_row ordinal=1150 kind=3 ns=268147238767058 fields=199,200,0,2,268147238705807,0,0,0,0,0,0,0,0,6,0,2
event=trace_row ordinal=1151 kind=4 ns=268147242938239 fields=385,8,96,20,96,20,0,0,0,0,16,0,0,0,0,0
event=trace_row ordinal=1152 kind=4 ns=268147243064241 fields=641,5,3,0,0,0,0,0,0,0,16,0,0,0,0,0
event=trace_row ordinal=1153 kind=5 ns=268147248758526 fields=513,6,2,0,0,0,0,0,0,0,16,0,0,0,0,0
event=trace_row ordinal=1154 kind=0 ns=268147248706317 fields=200,2,0,25,1,0,0,0,0,0,0,0,0,0,0,0
event=trace_row ordinal=1155 kind=1 ns=268147248706317 fields=200,2,0,1010,996,200,1000,0,1,0,0,0,0,0,0,0
event=trace_row ordinal=1156 kind=3 ns=268147248767568 fields=200,201,0,2,268147248706317,0,0,0,0,0,0,0,0,6,0,2
event=trace_row ordinal=1157 kind=5 ns=268147258763411 fields=513,6,2,0,0,0,0,0,0,0,16,0,0,0,0,0
event=trace_row ordinal=1158 kind=0 ns=268147258706827 fields=201,2,0,50,2,0,0,0,0,0,0,0,0,0,0,0
event=trace_row ordinal=1159 kind=1 ns=268147258706827 fields=201,2,0,1010,996,200,1000,0,1,0,0,0,0,0,0,0
event=trace_row ordinal=1160 kind=1 ns=268147258706827 fields=201,2,1,1010,996,200,1000,0,1,0,0,0,0,0,0,0
event=trace_row ordinal=1161 kind=3 ns=268147258772745 fields=201,202,0,2,268147258706827,0,0,0,0,0,0,0,0,6,0,2
event=trace_row ordinal=1162 kind=5 ns=268147268757213 fields=513,6,2,0,0,0,0,0,0,0,16,0,0,0,0,0
event=trace_row ordinal=1163 kind=0 ns=268147268705879 fields=202,2,0,25,1,0,0,0,0,0,0,0,0,0,0,0
event=trace_row ordinal=1164 kind=1 ns=268147268705879 fields=202,2,0,1010,996,200,1000,0,1,0,0,0,0,0,0,0
event=trace_row ordinal=1165 kind=3 ns=268147268766546 fields=202,203,0,2,268147268705879,0,0,0,0,0,0,0,0,6,0,2
event=trace_row ordinal=1166 kind=5 ns=268147278761223 fields=513,6,2,0,0,0,0,0,0,0,16,0,0,0,0,0
event=trace_row ordinal=1167 kind=0 ns=268147278704930 fields=203,2,0,50,2,0,0,0,0,0,0,0,0,0,0,0
event=trace_row ordinal=1168 kind=1 ns=268147278704930 fields=203,2,0,1010,996,200,1000,0,1,0,0,0,0,0,0,0
event=trace_row ordinal=1169 kind=1 ns=268147278704930 fields=203,2,1,1010,996,200,1000,0,1,0,0,0,0,0,0,0
event=trace_row ordinal=1170 kind=3 ns=268147278771139 fields=203,204,0,2,268147278704930,0,0,0,0,0,0,0,0,6,0,2
event=trace_row ordinal=1171 kind=5 ns=268147288755607 fields=513,6,2,0,0,0,0,0,0,0,16,0,0,0,0,0
event=trace_row ordinal=1172 kind=0 ns=268147288704857 fields=204,2,0,25,1,0,0,0,0,0,0,0,0,0,0,0
event=trace_row ordinal=1173 kind=1 ns=268147288704857 fields=204,2,0,1010,996,200,1000,0,1,0,0,0,0,0,0,0
event=trace_row ordinal=1174 kind=3 ns=268147288764649 fields=204,205,0,2,268147288704857,0,0,0,0,0,0,0,0,6,0,2
event=trace_row ordinal=1175 kind=4 ns=268147292951289 fields=385,8,96,20,96,20,0,0,0,0,16,0,0,0,0,0
event=trace_row ordinal=1176 kind=4 ns=268147293140291 fields=641,5,3,0,0,0,0,0,0,0,16,0,0,0,0,0
event=trace_row ordinal=1177 kind=5 ns=268147298796076 fields=513,6,2,0,0,0,0,0,0,0,16,0,0,0,0,0
event=trace_row ordinal=1178 kind=0 ns=268147298718200 fields=205,2,0,50,2,0,0,0,0,0,0,0,0,0,0,0
event=trace_row ordinal=1179 kind=1 ns=268147298718200 fields=205,2,0,1010,996,200,1000,0,1,0,0,0,0,0,0,0
event=trace_row ordinal=1180 kind=1 ns=268147298718200 fields=205,2,1,1010,996,200,1000,0,1,0,0,0,0,0,0,0
event=trace_row ordinal=1181 kind=3 ns=268147298807160 fields=205,206,0,2,268147298718200,0,0,0,0,0,0,0,0,6,0,2
event=trace_row ordinal=1182 kind=5 ns=268147308778502 fields=513,6,2,0,0,0,0,0,0,0,16,0,0,0,0,0
event=trace_row ordinal=1183 kind=0 ns=268147308715210 fields=206,2,0,25,1,0,0,0,0,0,0,0,0,0,0,0
event=trace_row ordinal=1184 kind=1 ns=268147308715210 fields=206,2,0,1010,996,200,1000,0,1,0,0,0,0,0,0,0
event=trace_row ordinal=1185 kind=3 ns=268147308789003 fields=206,207,0,2,268147308715210,0,0,0,0,0,0,0,0,6,0,2
event=trace_row ordinal=1186 kind=5 ns=268147318764137 fields=513,6,2,0,0,0,0,0,0,0,16,0,0,0,0,0
event=trace_row ordinal=1187 kind=0 ns=268147318708720 fields=207,2,0,25,1,0,0,0,0,0,0,0,0,0,0,0
event=trace_row ordinal=1188 kind=1 ns=268147318708720 fields=207,2,0,1010,996,200,1000,0,1,0,0,0,0,0,0,0
event=trace_row ordinal=1189 kind=3 ns=268147318774054 fields=207,208,0,2,268147318708720,0,0,0,0,0,0,0,0,6,0,2
event=trace_row ordinal=1190 kind=5 ns=268147328763772 fields=513,6,2,0,0,0,0,0,0,0,16,0,0,0,0,0
event=trace_row ordinal=1191 kind=0 ns=268147328706896 fields=208,2,0,50,2,0,0,0,0,0,0,0,0,0,0,0
event=trace_row ordinal=1192 kind=1 ns=268147328706896 fields=208,2,0,1010,996,200,1000,0,1,0,0,0,0,0,0,0
event=trace_row ordinal=1193 kind=1 ns=268147328706896 fields=208,2,1,1010,996,200,1000,0,1,0,0,0,0,0,0,0
event=trace_row ordinal=1194 kind=3 ns=268147328773689 fields=208,209,0,2,268147328706896,0,0,0,0,0,0,0,0,6,0,2
event=trace_row ordinal=1195 kind=5 ns=268147338757573 fields=513,6,2,0,0,0,0,0,0,0,16,0,0,0,0,0
event=trace_row ordinal=1196 kind=0 ns=268147338705948 fields=209,2,0,25,1,0,0,0,0,0,0,0,0,0,0,0
event=trace_row ordinal=1197 kind=1 ns=268147338705948 fields=209,2,0,1010,996,200,1000,0,1,0,0,0,0,0,0,0
event=trace_row ordinal=1198 kind=3 ns=268147338766615 fields=209,210,0,2,268147338705948,0,0,0,0,0,0,0,0,6,0,2
event=trace_row ordinal=1199 kind=4 ns=268147342974839 fields=385,8,96,20,96,20,0,0,0,0,16,0,0,0,0,0
event=trace_row ordinal=1200 kind=4 ns=268147343089757 fields=641,5,3,0,0,0,0,0,0,0,16,0,0,0,0,0
event=trace_row ordinal=1201 kind=5 ns=268147348762458 fields=513,6,2,0,0,0,0,0,0,0,16,0,0,0,0,0
event=trace_row ordinal=1202 kind=0 ns=268147348706166 fields=210,2,0,50,2,0,0,0,0,0,0,0,0,0,0,0
event=trace_row ordinal=1203 kind=1 ns=268147348706166 fields=210,2,0,1010,996,200,1000,0,1,0,0,0,0,0,0,0
event=trace_row ordinal=1204 kind=1 ns=268147348706166 fields=210,2,1,1010,996,200,1000,0,1,0,0,0,0,0,0,0
event=trace_row ordinal=1205 kind=3 ns=268147348772083 fields=210,211,0,2,268147348706166,0,0,0,0,0,0,0,0,6,0,2
event=trace_row ordinal=1206 kind=5 ns=268147358759468 fields=513,6,2,0,0,0,0,0,0,0,16,0,0,0,0,0
event=trace_row ordinal=1207 kind=0 ns=268147358706967 fields=211,2,0,25,1,0,0,0,0,0,0,0,0,0,0,0
event=trace_row ordinal=1208 kind=1 ns=268147358706967 fields=211,2,0,1010,996,200,1000,0,1,0,0,0,0,0,0,0
event=trace_row ordinal=1209 kind=3 ns=268147358768802 fields=211,212,0,2,268147358706967,0,0,0,0,0,0,0,0,6,0,2
event=trace_row ordinal=1210 kind=5 ns=268147368764061 fields=513,6,2,0,0,0,0,0,0,0,16,0,0,0,0,0
event=trace_row ordinal=1211 kind=0 ns=268147368706602 fields=212,2,0,50,2,0,0,0,0,0,0,0,0,0,0,0
event=trace_row ordinal=1212 kind=1 ns=268147368706602 fields=212,2,0,1010,996,200,1000,0,1,0,0,0,0,0,0,0
event=trace_row ordinal=1213 kind=1 ns=268147368706602 fields=212,2,1,1010,996,200,1000,0,1,0,0,0,0,0,0,0
event=trace_row ordinal=1214 kind=3 ns=268147368773395 fields=212,213,0,2,268147368706602,0,0,0,0,0,0,0,0,6,0,2
event=trace_row ordinal=1215 kind=5 ns=268147378758155 fields=513,6,2,0,0,0,0,0,0,0,16,0,0,0,0,0
event=trace_row ordinal=1216 kind=0 ns=268147378705362 fields=213,2,0,25,1,0,0,0,0,0,0,0,0,0,0,0
event=trace_row ordinal=1217 kind=1 ns=268147378705362 fields=213,2,0,1010,996,200,1000,0,1,0,0,0,0,0,0,0
event=trace_row ordinal=1218 kind=3 ns=268147378768071 fields=213,214,0,2,268147378705362,0,0,0,0,0,0,0,0,6,0,2
event=trace_row ordinal=1219 kind=4 ns=268147379758293 fields=1793,1,5,0,0,0,0,0,0,0,16,0,0,0,0,0
event=trace_row ordinal=1220 kind=5 ns=268147388758373 fields=513,6,2,0,0,0,0,0,0,0,16,0,0,0,0,0
event=trace_row ordinal=1221 kind=0 ns=268147388706164 fields=214,2,0,25,1,0,0,0,0,0,0,0,0,0,0,0
event=trace_row ordinal=1222 kind=1 ns=268147388706164 fields=214,2,0,1010,996,200,1000,0,1,0,0,0,0,0,0,0
event=trace_row ordinal=1223 kind=3 ns=268147388767415 fields=214,215,0,2,268147388706164,0,0,0,0,0,0,0,0,6,0,2
event=trace_row ordinal=1224 kind=4 ns=268147392975346 fields=385,8,96,20,96,20,0,0,0,0,16,0,0,0,0,0
event=trace_row ordinal=1225 kind=4 ns=268147393101640 fields=641,5,3,0,0,0,0,0,0,0,16,0,0,0,0,0
event=trace_row ordinal=1226 kind=5 ns=268147398763258 fields=513,6,2,0,0,0,0,0,0,0,16,0,0,0,0,0
event=trace_row ordinal=1227 kind=0 ns=268147398706965 fields=215,2,0,50,2,0,0,0,0,0,0,0,0,0,0,0
event=trace_row ordinal=1228 kind=1 ns=268147398706965 fields=215,2,0,1010,996,200,1000,0,1,0,0,0,0,0,0,0
event=trace_row ordinal=1229 kind=1 ns=268147398706965 fields=215,2,1,1010,996,200,1000,0,1,0,0,0,0,0,0,0
event=trace_row ordinal=1230 kind=3 ns=268147398772591 fields=215,216,0,2,268147398706965,0,0,0,0,0,0,0,0,6,0,2
event=trace_row ordinal=1231 kind=5 ns=268147408757934 fields=513,6,2,0,0,0,0,0,0,0,16,0,0,0,0,0
event=trace_row ordinal=1232 kind=0 ns=268147408706600 fields=216,2,0,25,1,0,0,0,0,0,0,0,0,0,0,0
event=trace_row ordinal=1233 kind=1 ns=268147408706600 fields=216,2,0,1010,996,200,1000,0,1,0,0,0,0,0,0,0
event=trace_row ordinal=1234 kind=3 ns=268147408767268 fields=216,217,0,2,268147408706600,0,0,0,0,0,0,0,0,6,0,2
event=trace_row ordinal=1235 kind=5 ns=268147418763402 fields=513,6,2,0,0,0,0,0,0,0,16,0,0,0,0,0
event=trace_row ordinal=1236 kind=0 ns=268147418706235 fields=217,2,0,50,2,0,0,0,0,0,0,0,0,0,0,0
event=trace_row ordinal=1237 kind=1 ns=268147418706235 fields=217,2,0,1010,996,200,1000,0,1,0,0,0,0,0,0,0
event=trace_row ordinal=1238 kind=1 ns=268147418706235 fields=217,2,1,1010,996,200,1000,0,1,0,0,0,0,0,0,0
event=trace_row ordinal=1239 kind=3 ns=268147418773028 fields=217,218,0,2,268147418706235,0,0,0,0,0,0,0,0,6,0,2
event=trace_row ordinal=1240 kind=5 ns=268147428756621 fields=513,6,2,0,0,0,0,0,0,0,16,0,0,0,0,0
event=trace_row ordinal=1241 kind=0 ns=268147428705870 fields=218,2,0,25,1,0,0,0,0,0,0,0,0,0,0,0
event=trace_row ordinal=1242 kind=1 ns=268147428705870 fields=218,2,0,1010,996,200,1000,0,1,0,0,0,0,0,0,0
event=trace_row ordinal=1243 kind=3 ns=268147428765662 fields=218,219,0,2,268147428705870,0,0,0,0,0,0,0,0,6,0,2
event=trace_row ordinal=1244 kind=5 ns=268147438762380 fields=513,6,2,0,0,0,0,0,0,0,16,0,0,0,0,0
event=trace_row ordinal=1245 kind=0 ns=268147438706380 fields=219,2,0,50,2,0,0,0,0,0,0,0,0,0,0,0
event=trace_row ordinal=1246 kind=1 ns=268147438706380 fields=219,2,0,1010,996,200,1000,0,1,0,0,0,0,0,0,0
event=trace_row ordinal=1247 kind=1 ns=268147438706380 fields=219,2,1,1010,996,200,1000,0,1,0,0,0,0,0,0,0
event=trace_row ordinal=1248 kind=3 ns=268147438771714 fields=219,220,0,2,268147438706380,0,0,0,0,0,0,0,0,6,0,2
event=trace_row ordinal=1249 kind=4 ns=268147442985771 fields=385,8,96,20,96,20,0,0,0,0,16,0,0,0,0,0
event=trace_row ordinal=1250 kind=4 ns=268147443175648 fields=641,5,3,0,0,0,0,0,0,0,16,0,0,0,0,0
event=trace_row ordinal=1251 kind=5 ns=268147448772807 fields=513,6,2,0,0,0,0,0,0,0,16,0,0,0,0,0
event=trace_row ordinal=1252 kind=0 ns=268147448712723 fields=220,2,0,25,1,0,0,0,0,0,0,0,0,0,0,0
event=trace_row ordinal=1253 kind=1 ns=268147448712723 fields=220,2,0,1010,996,200,1000,0,1,0,0,0,0,0,0,0
event=trace_row ordinal=1254 kind=3 ns=268147448783891 fields=220,221,0,2,268147448712723,0,0,0,0,0,0,0,0,6,0,2
event=trace_row ordinal=1255 kind=5 ns=268147458770984 fields=513,6,2,0,0,0,0,0,0,0,16,0,0,0,0,0
event=trace_row ordinal=1256 kind=0 ns=268147458710025 fields=221,2,0,25,1,0,0,0,0,0,0,0,0,0,0,0
event=trace_row ordinal=1257 kind=1 ns=268147458710025 fields=221,2,0,1010,996,200,1000,0,1,0,0,0,0,0,0,0
event=trace_row ordinal=1258 kind=3 ns=268147458782650 fields=221,222,0,2,268147458710025,0,0,0,0,0,0,0,0,6,0,2
event=trace_row ordinal=1259 kind=5 ns=268147468844703 fields=513,6,2,0,0,0,0,0,0,0,16,0,0,0,0,0
event=trace_row ordinal=1260 kind=0 ns=268147468732410 fields=222,2,0,50,2,0,0,0,0,0,0,0,0,0,0,0
event=trace_row ordinal=1261 kind=1 ns=268147468732410 fields=222,2,0,1010,996,200,1000,0,1,0,0,0,0,0,0,0
event=trace_row ordinal=1262 kind=1 ns=268147468732410 fields=222,2,1,1010,996,200,1000,0,1,0,0,0,0,0,0,0
event=trace_row ordinal=1263 kind=3 ns=268147468860745 fields=222,223,0,2,268147468732410,0,0,0,0,0,0,0,0,6,0,2
event=trace_row ordinal=1264 kind=5 ns=268147478822754 fields=513,6,2,0,0,0,0,0,0,0,16,0,0,0,0,0
event=trace_row ordinal=1265 kind=0 ns=268147478726794 fields=223,2,0,25,1,0,0,0,0,0,0,0,0,0,0,0
event=trace_row ordinal=1266 kind=1 ns=268147478726794 fields=223,2,0,1010,996,200,1000,0,1,0,0,0,0,0,0,0
event=trace_row ordinal=1267 kind=3 ns=268147478836754 fields=223,224,0,2,268147478726794,0,0,0,0,0,0,0,0,6,0,2
event=trace_row ordinal=1268 kind=5 ns=268147488850389 fields=513,6,2,0,0,0,0,0,0,0,16,0,0,0,0,0
event=trace_row ordinal=1269 kind=0 ns=268147488742763 fields=224,2,0,51,2,0,0,0,0,0,0,0,0,0,0,0
event=trace_row ordinal=1270 kind=1 ns=268147488742763 fields=224,2,0,1010,996,200,1000,0,1,0,0,0,0,0,0,0
event=trace_row ordinal=1271 kind=1 ns=268147488742763 fields=224,2,1,1010,996,200,1000,0,1,0,0,0,0,0,0,0
event=trace_row ordinal=1272 kind=3 ns=268147488869056 fields=224,225,0,2,268147488742763,0,0,0,0,0,0,0,0,6,0,2
event=trace_row ordinal=1273 kind=4 ns=268147493027987 fields=385,8,96,20,96,20,0,0,0,0,16,0,0,0,0,0
event=trace_row ordinal=1274 kind=4 ns=268147493199490 fields=641,5,3,0,0,0,0,0,0,0,16,0,0,0,0,0
event=trace_row ordinal=1275 kind=5 ns=268147498849441 fields=513,6,2,0,0,0,0,0,0,0,16,0,0,0,0,0
event=trace_row ordinal=1276 kind=0 ns=268147498744731 fields=225,2,0,26,1,0,0,0,0,0,0,0,0,0,0,0
event=trace_row ordinal=1277 kind=1 ns=268147498744731 fields=225,2,0,1010,996,200,1000,0,1,0,0,0,0,0,0,0
event=trace_row ordinal=1278 kind=3 ns=268147498866941 fields=225,226,0,2,268147498744731,0,0,0,0,0,0,0,0,6,0,2
event=trace_row ordinal=1279 kind=5 ns=268147508863951 fields=513,6,2,0,0,0,0,0,0,0,16,0,0,0,0,0
event=trace_row ordinal=1280 kind=0 ns=268147508745533 fields=226,2,0,52,2,0,0,0,0,0,0,0,0,0,0,0
event=trace_row ordinal=1281 kind=1 ns=268147508745533 fields=226,2,0,1010,996,200,1000,0,1,0,0,0,0,0,0,0
event=trace_row ordinal=1282 kind=1 ns=268147508745533 fields=226,2,1,1010,996,200,1000,0,1,0,0,0,0,0,0,0
event=trace_row ordinal=1283 kind=3 ns=268147508884076 fields=226,227,0,2,268147508745533,0,0,0,0,0,0,0,0,6,0,2
event=trace_row ordinal=1284 kind=5 ns=268147518828002 fields=513,6,2,0,0,0,0,0,0,0,16,0,0,0,0,0
event=trace_row ordinal=1285 kind=0 ns=268147518736126 fields=227,2,0,26,1,0,0,0,0,0,0,0,0,0,0,0
event=trace_row ordinal=1286 kind=1 ns=268147518736126 fields=227,2,0,1010,996,200,1000,0,1,0,0,0,0,0,0,0
event=trace_row ordinal=1287 kind=3 ns=268147518841710 fields=227,228,0,2,268147518736126,0,0,0,0,0,0,0,0,6,0,2
event=trace_row ordinal=1288 kind=5 ns=268147528923888 fields=513,6,2,0,0,0,0,0,0,0,16,0,0,0,0,0
event=trace_row ordinal=1289 kind=0 ns=268147528771053 fields=228,2,0,26,1,0,0,0,0,0,0,0,0,0,0,0
event=trace_row ordinal=1290 kind=1 ns=268147528771053 fields=228,2,0,1010,996,200,1000,0,1,0,0,0,0,0,0,0
event=trace_row ordinal=1291 kind=3 ns=268147528949263 fields=228,229,0,2,268147528771053,0,0,0,0,0,0,0,0,6,0,2
event=trace_row ordinal=1292 kind=5 ns=268147538831355 fields=513,6,2,0,0,0,0,0,0,0,16,0,0,0,0,0
event=trace_row ordinal=1293 kind=0 ns=268147538732187 fields=229,2,0,52,2,0,0,0,0,0,0,0,0,0,0,0
event=trace_row ordinal=1294 kind=1 ns=268147538732187 fields=229,2,0,1010,996,200,1000,0,1,0,0,0,0,0,0,0
event=trace_row ordinal=1295 kind=1 ns=268147538732187 fields=229,2,1,1010,996,200,1000,0,1,0,0,0,0,0,0,0
event=trace_row ordinal=1296 kind=3 ns=268147538846814 fields=229,230,0,2,268147538732187,0,0,0,0,0,0,0,0,6,0,2
event=trace_row ordinal=1297 kind=4 ns=268147543034912 fields=385,8,96,20,96,20,0,0,0,0,16,0,0,0,0,0
event=trace_row ordinal=1298 kind=4 ns=268147543137872 fields=641,5,3,0,0,0,0,0,0,0,16,0,0,0,0,0
event=trace_row ordinal=1299 kind=5 ns=268147548920241 fields=513,6,2,0,0,0,0,0,0,0,16,0,0,0,0,0
event=trace_row ordinal=1300 kind=0 ns=268147548766822 fields=230,2,0,26,1,0,0,0,0,0,0,0,0,0,0,0
event=trace_row ordinal=1301 kind=1 ns=268147548766822 fields=230,2,0,1010,996,200,1000,0,1,0,0,0,0,0,0,0
event=trace_row ordinal=1302 kind=3 ns=268147548946200 fields=230,231,0,2,268147548766822,0,0,0,0,0,0,0,0,6,0,2
event=trace_row ordinal=1303 kind=5 ns=268147558884584 fields=513,6,2,0,0,0,0,0,0,0,16,0,0,0,0,0
event=trace_row ordinal=1304 kind=0 ns=268147558748665 fields=231,2,0,52,2,0,0,0,0,0,0,0,0,0,0,0
event=trace_row ordinal=1305 kind=1 ns=268147558748665 fields=231,2,0,1010,996,200,1000,0,1,0,0,0,0,0,0,0
event=trace_row ordinal=1306 kind=1 ns=268147558748665 fields=231,2,1,1010,996,200,1000,0,1,0,0,0,0,0,0,0
event=trace_row ordinal=1307 kind=3 ns=268147558908793 fields=231,232,0,2,268147558748665,0,0,0,0,0,0,0,0,6,0,2
event=trace_row ordinal=1308 kind=5 ns=268147568880427 fields=513,6,2,0,0,0,0,0,0,0,16,0,0,0,0,0
event=trace_row ordinal=1309 kind=0 ns=268147568748009 fields=232,2,0,25,1,0,0,0,0,0,0,0,0,0,0,0
event=trace_row ordinal=1310 kind=1 ns=268147568748009 fields=232,2,0,1010,996,200,1000,0,1,0,0,0,0,0,0,0
event=trace_row ordinal=1311 kind=3 ns=268147568904636 fields=232,233,0,2,268147568748009,0,0,0,0,0,0,0,0,6,0,2
event=trace_row ordinal=1312 kind=5 ns=268147578878604 fields=513,6,2,0,0,0,0,0,0,0,16,0,0,0,0,0
event=trace_row ordinal=1313 kind=0 ns=268147578751435 fields=233,2,0,50,2,0,0,0,0,0,0,0,0,0,0,0
event=trace_row ordinal=1314 kind=1 ns=268147578751435 fields=233,2,0,1010,996,200,1000,0,1,0,0,0,0,0,0,0
event=trace_row ordinal=1315 kind=1 ns=268147578751435 fields=233,2,1,1010,996,200,1000,0,1,0,0,0,0,0,0,0
event=trace_row ordinal=1316 kind=3 ns=268147578901354 fields=233,234,0,2,268147578751435,0,0,0,0,0,0,0,0,6,0,2
event=trace_row ordinal=1317 kind=5 ns=268147588821654 fields=513,6,2,0,0,0,0,0,0,0,16,0,0,0,0,0
event=trace_row ordinal=1318 kind=0 ns=268147588729778 fields=234,2,0,25,1,0,0,0,0,0,0,0,0,0,0,0
event=trace_row ordinal=1319 kind=1 ns=268147588729778 fields=234,2,0,1010,996,200,1000,0,1,0,0,0,0,0,0,0
event=trace_row ordinal=1320 kind=3 ns=268147588836530 fields=234,235,0,2,268147588729778,0,0,0,0,0,0,0,0,6,0,2
event=trace_row ordinal=1321 kind=4 ns=268147593045920 fields=385,8,96,20,96,20,0,0,0,0,16,0,0,0,0,0
event=trace_row ordinal=1322 kind=4 ns=268147593151504 fields=641,5,3,0,0,0,0,0,0,0,16,0,0,0,0,0
event=trace_row ordinal=1323 kind=5 ns=268147598805831 fields=513,6,2,0,0,0,0,0,0,0,16,0,0,0,0,0
event=trace_row ordinal=1324 kind=0 ns=268147598725038 fields=235,2,0,25,1,0,0,0,0,0,0,0,0,0,0,0
event=trace_row ordinal=1325 kind=1 ns=268147598725038 fields=235,2,0,1010,996,200,1000,0,1,0,0,0,0,0,0,0
event=trace_row ordinal=1326 kind=3 ns=268147598817789 fields=235,236,0,2,268147598725038,0,0,0,0,0,0,0,0,6,0,2
event=trace_row ordinal=1327 kind=5 ns=268147608913675 fields=513,6,2,0,0,0,0,0,0,0,16,0,0,0,0,0
event=trace_row ordinal=1328 kind=0 ns=268147608766382 fields=236,2,0,50,2,0,0,0,0,0,0,0,0,0,0,0
event=trace_row ordinal=1329 kind=1 ns=268147608766382 fields=236,2,0,1010,996,200,1000,0,1,0,0,0,0,0,0,0
event=trace_row ordinal=1330 kind=1 ns=268147608766382 fields=236,2,1,1010,996,200,1000,0,1,0,0,0,0,0,0,0
event=trace_row ordinal=1331 kind=3 ns=268147608933801 fields=236,237,0,2,268147608766382,0,0,0,0,0,0,0,0,6,0,2
event=trace_row ordinal=1332 kind=5 ns=268147618848851 fields=513,6,2,0,0,0,0,0,0,0,16,0,0,0,0,0
event=trace_row ordinal=1333 kind=0 ns=268147618741808 fields=237,2,0,25,1,0,0,0,0,0,0,0,0,0,0,0
event=trace_row ordinal=1334 kind=1 ns=268147618741808 fields=237,2,0,1010,996,200,1000,0,1,0,0,0,0,0,0,0
event=trace_row ordinal=1335 kind=3 ns=268147618864601 fields=237,238,0,2,268147618741808,0,0,0,0,0,0,0,0,6,0,2
event=trace_row ordinal=1336 kind=5 ns=268147628835069 fields=513,6,2,0,0,0,0,0,0,0,16,0,0,0,0,0
event=trace_row ordinal=1337 kind=0 ns=268147628731818 fields=238,2,0,50,2,0,0,0,0,0,0,0,0,0,0,0
event=trace_row ordinal=1338 kind=1 ns=268147628731818 fields=238,2,0,1010,996,200,1000,0,1,0,0,0,0,0,0,0
event=trace_row ordinal=1339 kind=1 ns=268147628731818 fields=238,2,1,1010,996,200,1000,0,1,0,0,0,0,0,0,0
event=trace_row ordinal=1340 kind=3 ns=268147628851403 fields=238,239,0,2,268147628731818,0,0,0,0,0,0,0,0,6,0,2
event=trace_row ordinal=1341 kind=4 ns=268147629389243 fields=1793,1,5,0,0,0,0,0,0,0,16,0,0,0,0,0
event=trace_row ordinal=1342 kind=5 ns=268147638815454 fields=513,6,2,0,0,0,0,0,0,0,16,0,0,0,0,0
event=trace_row ordinal=1343 kind=0 ns=268147638727369 fields=239,2,0,25,1,0,0,0,0,0,0,0,0,0,0,0
event=trace_row ordinal=1344 kind=1 ns=268147638727369 fields=239,2,0,1010,996,200,1000,0,1,0,0,0,0,0,0,0
event=trace_row ordinal=1345 kind=3 ns=268147638827995 fields=239,240,0,2,268147638727369,0,0,0,0,0,0,0,0,6,0,2
event=trace_row ordinal=1346 kind=4 ns=268147643050219 fields=385,8,96,20,96,20,0,0,0,0,16,0,0,0,0,0
event=trace_row ordinal=1347 kind=4 ns=268147643222888 fields=641,5,3,0,0,0,0,0,0,0,16,0,0,0,0,0
event=trace_row ordinal=1348 kind=5 ns=268147648809838 fields=513,6,2,0,0,0,0,0,0,0,16,0,0,0,0,0
event=trace_row ordinal=1349 kind=0 ns=268147648724671 fields=240,2,0,50,2,0,0,0,0,0,0,0,0,0,0,0
event=trace_row ordinal=1350 kind=1 ns=268147648724671 fields=240,2,0,1010,996,200,1000,0,1,0,0,0,0,0,0,0
event=trace_row ordinal=1351 kind=1 ns=268147648724671 fields=240,2,1,1010,996,200,1000,0,1,0,0,0,0,0,0,0
event=trace_row ordinal=1352 kind=3 ns=268147648822089 fields=240,241,0,2,268147648724671,0,0,0,0,0,0,0,0,6,0,2
event=trace_row ordinal=1353 kind=5 ns=268147658813265 fields=513,6,2,0,0,0,0,0,0,0,16,0,0,0,0,0
event=trace_row ordinal=1354 kind=0 ns=268147658726639 fields=241,2,0,25,1,0,0,0,0,0,0,0,0,0,0,0
event=trace_row ordinal=1355 kind=1 ns=268147658726639 fields=241,2,0,1010,996,200,1000,0,1,0,0,0,0,0,0,0
event=trace_row ordinal=1356 kind=3 ns=268147658826973 fields=241,242,0,2,268147658726639,0,0,0,0,0,0,0,0,6,0,2
event=trace_row ordinal=1357 kind=5 ns=268147668778774 fields=513,6,2,0,0,0,0,0,0,0,16,0,0,0,0,0
event=trace_row ordinal=1358 kind=0 ns=268147668713440 fields=242,2,0,25,1,0,0,0,0,0,0,0,0,0,0,0
event=trace_row ordinal=1359 kind=1 ns=268147668713440 fields=242,2,0,1010,996,200,1000,0,1,0,0,0,0,0,0,0
event=trace_row ordinal=1360 kind=3 ns=268147668788691 fields=242,243,0,2,268147668713440,0,0,0,0,0,0,0,0,6,0,2
event=trace_row ordinal=1361 kind=5 ns=268147678953120 fields=513,6,2,0,0,0,0,0,0,0,16,0,0,0,0,0
event=trace_row ordinal=1362 kind=0 ns=268147678711033 fields=243,2,0,50,2,0,0,0,0,0,0,0,0,0,0,0
event=trace_row ordinal=1363 kind=1 ns=268147678711033 fields=243,2,0,1010,996,200,1000,0,1,0,0,0,0,0,0,0
event=trace_row ordinal=1364 kind=1 ns=268147678711033 fields=243,2,1,1010,996,200,1000,0,1,0,0,0,0,0,0,0
event=trace_row ordinal=1365 kind=3 ns=268147678963037 fields=243,244,0,2,268147678711033,0,0,0,0,0,0,0,0,6,0,2
event=trace_row ordinal=1366 kind=5 ns=268147688760252 fields=513,6,2,0,0,0,0,0,0,0,16,0,0,0,0,0
event=trace_row ordinal=1367 kind=0 ns=268147688706293 fields=244,2,0,25,1,0,0,0,0,0,0,0,0,0,0,0
event=trace_row ordinal=1368 kind=1 ns=268147688706293 fields=244,2,0,1010,996,200,1000,0,1,0,0,0,0,0,0,0
event=trace_row ordinal=1369 kind=3 ns=268147688769586 fields=244,245,0,2,268147688706293,0,0,0,0,0,0,0,0,6,0,2
event=trace_row ordinal=1370 kind=4 ns=268147693055102 fields=385,8,96,20,96,20,0,0,0,0,16,0,0,0,0,0
event=trace_row ordinal=1371 kind=4 ns=268147693173812 fields=641,5,3,0,0,0,0,0,0,0,16,0,0,0,0,0
event=trace_row ordinal=1372 kind=5 ns=268147698762220 fields=513,6,2,0,0,0,0,0,0,0,16,0,0,0,0,0
event=trace_row ordinal=1373 kind=0 ns=268147698705053 fields=245,2,0,52,2,0,0,0,0,0,0,0,0,0,0,0
event=trace_row ordinal=1374 kind=1 ns=268147698705053 fields=245,2,0,1010,996,200,1000,0,1,0,0,0,0,0,0,0
event=trace_row ordinal=1375 kind=1 ns=268147698705053 fields=245,2,1,1010,996,200,1000,0,1,0,0,0,0,0,0,0
event=trace_row ordinal=1376 kind=3 ns=268147698771846 fields=245,246,0,2,268147698705053,0,0,0,0,0,0,0,0,6,0,2
event=trace_row ordinal=1377 kind=5 ns=268147708758939 fields=513,6,2,0,0,0,0,0,0,0,16,0,0,0,0,0
event=trace_row ordinal=1378 kind=0 ns=268147708706730 fields=246,2,0,26,1,0,0,0,0,0,0,0,0,0,0,0
event=trace_row ordinal=1379 kind=1 ns=268147708706730 fields=246,2,0,1010,996,200,1000,0,1,0,0,0,0,0,0,0
event=trace_row ordinal=1380 kind=3 ns=268147708767980 fields=246,247,0,2,268147708706730,0,0,0,0,0,0,0,0,6,0,2
event=trace_row ordinal=1381 kind=5 ns=268147718764115 fields=513,6,2,0,0,0,0,0,0,0,16,0,0,0,0,0
event=trace_row ordinal=1382 kind=0 ns=268147718706364 fields=247,2,0,52,2,0,0,0,0,0,0,0,0,0,0,0
event=trace_row ordinal=1383 kind=1 ns=268147718706364 fields=247,2,0,1010,996,200,1000,0,1,0,0,0,0,0,0,0
event=trace_row ordinal=1384 kind=1 ns=268147718706364 fields=247,2,1,1010,996,200,1000,0,1,0,0,0,0,0,0,0
event=trace_row ordinal=1385 kind=3 ns=268147718773740 fields=247,248,0,2,268147718706364,0,0,0,0,0,0,0,0,6,0,2
event=trace_row ordinal=1386 kind=5 ns=268147728757917 fields=513,6,2,0,0,0,0,0,0,0,16,0,0,0,0,0
event=trace_row ordinal=1387 kind=0 ns=268147728706291 fields=248,2,0,25,1,0,0,0,0,0,0,0,0,0,0,0
event=trace_row ordinal=1388 kind=1 ns=268147728706291 fields=248,2,0,1010,996,200,1000,0,1,0,0,0,0,0,0,0
event=trace_row ordinal=1389 kind=3 ns=268147728766958 fields=248,249,0,2,268147728706291,0,0,0,0,0,0,0,0,6,0,2
event=trace_row ordinal=1390 kind=5 ns=268147738757551 fields=513,6,2,0,0,0,0,0,0,0,16,0,0,0,0,0
event=trace_row ordinal=1391 kind=0 ns=268147738706509 fields=249,2,0,25,1,0,0,0,0,0,0,0,0,0,0,0
event=trace_row ordinal=1392 kind=1 ns=268147738706509 fields=249,2,0,1010,996,200,1000,0,1,0,0,0,0,0,0,0
event=trace_row ordinal=1393 kind=3 ns=268147738766593 fields=249,250,0,2,268147738706509,0,0,0,0,0,0,0,0,6,0,2
event=trace_row ordinal=1394 kind=4 ns=268147743059401 fields=385,8,96,20,96,20,0,0,0,0,16,0,0,0,0,0
event=trace_row ordinal=1395 kind=4 ns=268147743196486 fields=641,5,3,0,0,0,0,0,0,0,16,0,0,0,0,0
event=trace_row ordinal=1396 kind=5 ns=268147748763895 fields=513,6,2,0,0,0,0,0,0,0,16,0,0,0,0,0
event=trace_row ordinal=1397 kind=0 ns=268147748707019 fields=250,2,0,50,2,0,0,0,0,0,0,0,0,0,0,0
event=trace_row ordinal=1398 kind=1 ns=268147748707019 fields=250,2,0,1010,996,200,1000,0,1,0,0,0,0,0,0,0
event=trace_row ordinal=1399 kind=1 ns=268147748707019 fields=250,2,1,1010,996,200,1000,0,1,0,0,0,0,0,0,0
event=trace_row ordinal=1400 kind=3 ns=268147748773228 fields=250,251,0,2,268147748707019,0,0,0,0,0,0,0,0,6,0,2
event=trace_row ordinal=1401 kind=5 ns=268147758756821 fields=513,6,2,0,0,0,0,0,0,0,16,0,0,0,0,0
event=trace_row ordinal=1402 kind=0 ns=268147758705487 fields=251,2,0,25,1,0,0,0,0,0,0,0,0,0,0,0
event=trace_row ordinal=1403 kind=1 ns=268147758705487 fields=251,2,0,1010,996,200,1000,0,1,0,0,0,0,0,0,0
event=trace_row ordinal=1404 kind=3 ns=268147758765863 fields=251,252,0,2,268147758705487,0,0,0,0,0,0,0,0,6,0,2
event=trace_row ordinal=1405 kind=5 ns=268147768761706 fields=513,6,2,0,0,0,0,0,0,0,16,0,0,0,0,0
event=trace_row ordinal=1406 kind=0 ns=268147768706580 fields=252,2,0,50,2,0,0,0,0,0,0,0,0,0,0,0
event=trace_row ordinal=1407 kind=1 ns=268147768706580 fields=252,2,0,1010,996,200,1000,0,1,0,0,0,0,0,0,0
event=trace_row ordinal=1408 kind=1 ns=268147768706580 fields=252,2,1,1010,996,200,1000,0,1,0,0,0,0,0,0,0
event=trace_row ordinal=1409 kind=3 ns=268147768771040 fields=252,253,0,2,268147768706580,0,0,0,0,0,0,0,0,6,0,2
event=trace_row ordinal=1410 kind=5 ns=268147778757258 fields=513,6,2,0,0,0,0,0,0,0,16,0,0,0,0,0
event=trace_row ordinal=1411 kind=0 ns=268147778706215 fields=253,2,0,25,1,0,0,0,0,0,0,0,0,0,0,0
event=trace_row ordinal=1412 kind=1 ns=268147778706215 fields=253,2,0,1010,996,200,1000,0,1,0,0,0,0,0,0,0
event=trace_row ordinal=1413 kind=3 ns=268147778766299 fields=253,254,0,2,268147778706215,0,0,0,0,0,0,0,0,6,0,2
event=trace_row ordinal=1414 kind=5 ns=268147788761851 fields=513,6,2,0,0,0,0,0,0,0,16,0,0,0,0,0
event=trace_row ordinal=1415 kind=0 ns=268147788706142 fields=254,2,0,50,2,0,0,0,0,0,0,0,0,0,0,0
event=trace_row ordinal=1416 kind=1 ns=268147788706142 fields=254,2,0,1010,996,200,1000,0,1,0,0,0,0,0,0,0
event=trace_row ordinal=1417 kind=1 ns=268147788706142 fields=254,2,1,1010,996,200,1000,0,1,0,0,0,0,0,0,0
event=trace_row ordinal=1418 kind=3 ns=268147788771476 fields=254,255,0,2,268147788706142,0,0,0,0,0,0,0,0,6,0,2
event=trace_row ordinal=1419 kind=4 ns=268147793071284 fields=385,8,96,20,96,20,0,0,0,0,16,0,0,0,0,0
event=trace_row ordinal=1420 kind=4 ns=268147793259995 fields=641,5,3,0,0,0,0,0,0,0,16,0,0,0,0,0
event=trace_row ordinal=1421 kind=5 ns=268147798757986 fields=513,6,2,0,0,0,0,0,0,0,16,0,0,0,0,0
event=trace_row ordinal=1422 kind=0 ns=268147798706943 fields=255,2,0,25,1,0,0,0,0,0,0,0,0,0,0,0
event=trace_row ordinal=1423 kind=1 ns=268147798706943 fields=255,2,0,1010,996,200,1000,0,1,0,0,0,0,0,0,0
event=trace_row ordinal=1424 kind=3 ns=268147798767903 fields=255,256,0,2,268147798706943,0,0,0,0,0,0,0,0,6,0,2
event=trace_row ordinal=1425 kind=5 ns=268147808865247 fields=513,6,2,0,0,0,0,0,0,0,16,0,0,0,0,0
event=trace_row ordinal=1426 kind=0 ns=268147808746245 fields=256,2,0,25,1,0,0,0,0,0,0,0,0,0,0,0
event=trace_row ordinal=1427 kind=1 ns=268147808746245 fields=256,2,0,1010,996,200,1000,0,1,0,0,0,0,0,0,0
event=trace_row ordinal=1428 kind=3 ns=268147808884789 fields=256,257,0,2,268147808746245,0,0,0,0,0,0,0,0,6,0,2
event=trace_row ordinal=1429 kind=5 ns=268147818773006 fields=513,6,2,0,0,0,0,0,0,0,16,0,0,0,0,0
event=trace_row ordinal=1430 kind=0 ns=268147818710296 fields=257,2,0,50,2,0,0,0,0,0,0,0,0,0,0,0
event=trace_row ordinal=1431 kind=1 ns=268147818710296 fields=257,2,0,1010,996,200,1000,0,1,0,0,0,0,0,0,0
event=trace_row ordinal=1432 kind=1 ns=268147818710296 fields=257,2,1,1010,996,200,1000,0,1,0,0,0,0,0,0,0
event=trace_row ordinal=1433 kind=3 ns=268147818783506 fields=257,258,0,2,268147818710296,0,0,0,0,0,0,0,0,6,0,2
event=trace_row ordinal=1434 kind=5 ns=268147828762432 fields=513,6,2,0,0,0,0,0,0,0,16,0,0,0,0,0
event=trace_row ordinal=1435 kind=0 ns=268147828709056 fields=258,2,0,25,1,0,0,0,0,0,0,0,0,0,0,0
event=trace_row ordinal=1436 kind=1 ns=268147828709056 fields=258,2,0,1010,996,200,1000,0,1,0,0,0,0,0,0,0
event=trace_row ordinal=1437 kind=3 ns=268147828771765 fields=258,259,0,2,268147828709056,0,0,0,0,0,0,0,0,6,0,2
event=trace_row ordinal=1438 kind=5 ns=268147838765859 fields=513,6,2,0,0,0,0,0,0,0,16,0,0,0,0,0
event=trace_row ordinal=1439 kind=0 ns=268147838707233 fields=259,2,0,50,2,0,0,0,0,0,0,0,0,0,0,0
event=trace_row ordinal=1440 kind=1 ns=268147838707233 fields=259,2,0,1010,996,200,1000,0,1,0,0,0,0,0,0,0
event=trace_row ordinal=1441 kind=1 ns=268147838707233 fields=259,2,1,1010,996,200,1000,0,1,0,0,0,0,0,0,0
event=trace_row ordinal=1442 kind=3 ns=268147838775192 fields=259,260,0,2,268147838707233,0,0,0,0,0,0,0,0,6,0,2
event=trace_row ordinal=1443 kind=4 ns=268147843100084 fields=385,8,96,20,96,20,0,0,0,0,16,0,0,0,0,0
event=trace_row ordinal=1444 kind=4 ns=268147843272169 fields=641,5,3,0,0,0,0,0,0,0,16,0,0,0,0,0
event=trace_row ordinal=1445 kind=5 ns=268147848757618 fields=513,6,2,0,0,0,0,0,0,0,16,0,0,0,0,0
event=trace_row ordinal=1446 kind=0 ns=268147848706576 fields=260,2,0,25,1,0,0,0,0,0,0,0,0,0,0,0
event=trace_row ordinal=1447 kind=1 ns=268147848706576 fields=260,2,0,1010,996,200,1000,0,1,0,0,0,0,0,0,0
event=trace_row ordinal=1448 kind=3 ns=268147848766952 fields=260,261,0,2,268147848706576,0,0,0,0,0,0,0,0,6,0,2
event=trace_row ordinal=1449 kind=5 ns=268147858762795 fields=513,6,2,0,0,0,0,0,0,0,16,0,0,0,0,0
event=trace_row ordinal=1450 kind=0 ns=268147858706503 fields=261,2,0,50,2,0,0,0,0,0,0,0,0,0,0,0
event=trace_row ordinal=1451 kind=1 ns=268147858706503 fields=261,2,0,1010,996,200,1000,0,1,0,0,0,0,0,0,0
event=trace_row ordinal=1452 kind=1 ns=268147858706503 fields=261,2,1,1010,996,200,1000,0,1,0,0,0,0,0,0,0
event=trace_row ordinal=1453 kind=3 ns=268147858772420 fields=261,262,0,2,268147858706503,0,0,0,0,0,0,0,0,6,0,2
event=trace_row ordinal=1454 kind=5 ns=268147868756013 fields=513,6,2,0,0,0,0,0,0,0,16,0,0,0,0,0
event=trace_row ordinal=1455 kind=0 ns=268147868704679 fields=262,2,0,25,1,0,0,0,0,0,0,0,0,0,0,0
event=trace_row ordinal=1456 kind=1 ns=268147868704679 fields=262,2,0,1010,996,200,1000,0,1,0,0,0,0,0,0,0
event=trace_row ordinal=1457 kind=3 ns=268147868765055 fields=262,263,0,2,268147868704679,0,0,0,0,0,0,0,0,6,0,2
event=trace_row ordinal=1458 kind=5 ns=268147878756523 fields=513,6,2,0,0,0,0,0,0,0,16,0,0,0,0,0
event=trace_row ordinal=1459 kind=0 ns=268147878705189 fields=263,2,0,25,1,0,0,0,0,0,0,0,0,0,0,0
event=trace_row ordinal=1460 kind=1 ns=268147878705189 fields=263,2,0,1010,996,200,1000,0,1,0,0,0,0,0,0,0
event=trace_row ordinal=1461 kind=3 ns=268147878765565 fields=263,264,0,2,268147878705189,0,0,0,0,0,0,0,0,6,0,2
event=trace_row ordinal=1462 kind=4 ns=268147878875233 fields=1793,1,5,0,0,0,0,0,0,0,16,0,0,0,0,0
event=trace_row ordinal=1463 kind=5 ns=268147888761116 fields=513,6,2,0,0,0,0,0,0,0,16,0,0,0,0,0
event=trace_row ordinal=1464 kind=0 ns=268147888704824 fields=264,2,0,50,2,0,0,0,0,0,0,0,0,0,0,0
event=trace_row ordinal=1465 kind=1 ns=268147888704824 fields=264,2,0,1010,996,200,1000,0,1,0,0,0,0,0,0,0
event=trace_row ordinal=1466 kind=1 ns=268147888704824 fields=264,2,1,1010,996,200,1000,0,1,0,0,0,0,0,0,0
event=trace_row ordinal=1467 kind=3 ns=268147888770741 fields=264,265,0,2,268147888704824,0,0,0,0,0,0,0,0,6,0,2
event=trace_row ordinal=1468 kind=4 ns=268147893095050 fields=385,8,96,20,96,20,0,0,0,0,16,0,0,0,0,0
event=trace_row ordinal=1469 kind=4 ns=268147893230385 fields=641,5,3,0,0,0,0,0,0,0,16,0,0,0,0,0
event=trace_row ordinal=1470 kind=5 ns=268147898757834 fields=513,6,2,0,0,0,0,0,0,0,16,0,0,0,0,0
event=trace_row ordinal=1471 kind=0 ns=268147898706792 fields=265,2,0,25,1,0,0,0,0,0,0,0,0,0,0,0
event=trace_row ordinal=1472 kind=1 ns=268147898706792 fields=265,2,0,1010,996,200,1000,0,1,0,0,0,0,0,0,0
event=trace_row ordinal=1473 kind=3 ns=268147898766876 fields=265,266,0,2,268147898706792,0,0,0,0,0,0,0,0,6,0,2
event=trace_row ordinal=1474 kind=5 ns=268147908761553 fields=513,6,2,0,0,0,0,0,0,0,16,0,0,0,0,0
event=trace_row ordinal=1475 kind=0 ns=268147908706135 fields=266,2,0,50,2,0,0,0,0,0,0,0,0,0,0,0
event=trace_row ordinal=1476 kind=1 ns=268147908706135 fields=266,2,0,1010,996,200,1000,0,1,0,0,0,0,0,0,0
event=trace_row ordinal=1477 kind=1 ns=268147908706135 fields=266,2,1,1010,996,200,1000,0,1,0,0,0,0,0,0,0
event=trace_row ordinal=1478 kind=3 ns=268147908771178 fields=266,267,0,2,268147908706135,0,0,0,0,0,0,0,0,6,0,2
event=trace_row ordinal=1479 kind=5 ns=268147918757687 fields=513,6,2,0,0,0,0,0,0,0,16,0,0,0,0,0
event=trace_row ordinal=1480 kind=0 ns=268147918706353 fields=267,2,0,25,1,0,0,0,0,0,0,0,0,0,0,0
event=trace_row ordinal=1481 kind=1 ns=268147918706353 fields=267,2,0,1010,996,200,1000,0,1,0,0,0,0,0,0,0
event=trace_row ordinal=1482 kind=3 ns=268147918767604 fields=267,268,0,2,268147918706353,0,0,0,0,0,0,0,0,6,0,2
event=trace_row ordinal=1483 kind=5 ns=268147928761697 fields=513,6,2,0,0,0,0,0,0,0,16,0,0,0,0,0
event=trace_row ordinal=1484 kind=0 ns=268147928705988 fields=268,2,0,50,2,0,0,0,0,0,0,0,0,0,0,0
event=trace_row ordinal=1485 kind=1 ns=268147928705988 fields=268,2,0,1010,996,200,1000,0,1,0,0,0,0,0,0,0
event=trace_row ordinal=1486 kind=1 ns=268147928705988 fields=268,2,1,1009,996,200,1000,0,1,0,0,0,0,0,0,0
event=trace_row ordinal=1487 kind=3 ns=268147928771031 fields=268,269,0,2,268147928705988,0,0,0,0,0,0,0,0,6,0,2
event=trace_row ordinal=1488 kind=5 ns=268147938757832 fields=513,6,2,0,0,0,0,0,0,0,16,0,0,0,0,0
event=trace_row ordinal=1489 kind=0 ns=268147938706790 fields=269,2,0,25,1,0,0,0,0,0,0,0,0,0,0,0
event=trace_row ordinal=1490 kind=1 ns=268147938706790 fields=269,2,0,1009,996,200,1000,0,1,0,0,0,0,0,0,0
event=trace_row ordinal=1491 kind=3 ns=268147938766874 fields=269,270,0,2,268147938706790,0,0,0,0,0,0,0,0,6,0,2
event=trace_row ordinal=1492 kind=4 ns=268147943107224 fields=385,8,96,20,96,20,0,0,0,0,16,0,0,0,0,0
event=trace_row ordinal=1493 kind=4 ns=268147943304102 fields=641,5,3,0,0,0,0,0,0,0,16,0,0,0,0,0
event=trace_row ordinal=1494 kind=5 ns=268147948769717 fields=513,6,2,0,0,0,0,0,0,0,16,0,0,0,0,0
event=trace_row ordinal=1495 kind=0 ns=268147948711383 fields=270,2,0,25,1,0,0,0,0,0,0,0,0,0,0,0
event=trace_row ordinal=1496 kind=1 ns=268147948711383 fields=270,2,0,1009,996,200,1000,0,1,0,0,0,0,0,0,0
event=trace_row ordinal=1497 kind=3 ns=268147948780217 fields=270,271,0,2,268147948711383,0,0,0,0,0,0,0,0,6,0,2
event=trace_row ordinal=1498 kind=5 ns=268147958771977 fields=513,6,2,0,0,0,0,0,0,0,16,0,0,0,0,0
event=trace_row ordinal=1499 kind=0 ns=268147958709268 fields=271,2,0,50,2,0,0,0,0,0,0,0,0,0,0,0
event=trace_row ordinal=1500 kind=1 ns=268147958709268 fields=271,2,0,1010,996,200,1000,0,1,0,0,0,0,0,0,0
event=trace_row ordinal=1501 kind=1 ns=268147958709268 fields=271,2,1,1010,996,200,1000,0,1,0,0,0,0,0,0,0
event=trace_row ordinal=1502 kind=3 ns=268147958782186 fields=271,272,0,2,268147958709268,0,0,0,0,0,0,0,0,6,0,2
event=trace_row ordinal=1503 kind=5 ns=268147968807487 fields=513,6,2,0,0,0,0,0,0,0,16,0,0,0,0,0
event=trace_row ordinal=1504 kind=0 ns=268147968723486 fields=272,2,0,25,1,0,0,0,0,0,0,0,0,0,0,0
event=trace_row ordinal=1505 kind=1 ns=268147968723486 fields=272,2,0,1010,996,200,1000,0,1,0,0,0,0,0,0,0
event=trace_row ordinal=1506 kind=3 ns=268147968821487 fields=272,273,0,2,268147968723486,0,0,0,0,0,0,0,0,6,0,2
event=trace_row ordinal=1507 kind=5 ns=268147978823456 fields=513,6,2,0,0,0,0,0,0,0,16,0,0,0,0,0
event=trace_row ordinal=1508 kind=0 ns=268147978729246 fields=273,2,0,50,2,0,0,0,0,0,0,0,0,0,0,0
event=trace_row ordinal=1509 kind=1 ns=268147978729246 fields=273,2,0,1010,996,200,1000,0,1,0,0,0,0,0,0,0
event=trace_row ordinal=1510 kind=1 ns=268147978729246 fields=273,2,1,1010,996,200,1000,0,1,0,0,0,0,0,0,0
event=trace_row ordinal=1511 kind=3 ns=268147978840372 fields=273,274,0,2,268147978729246,0,0,0,0,0,0,0,0,6,0,2
event=trace_row ordinal=1512 kind=5 ns=268147988739672 fields=513,6,2,0,0,0,0,0,0,0,16,0,0,0,0,0
event=trace_row ordinal=1513 kind=0 ns=268147988692130 fields=274,2,0,25,1,0,0,0,0,0,0,0,0,0,0,0
event=trace_row ordinal=1514 kind=1 ns=268147988692130 fields=274,2,0,1010,995,200,1000,0,1,0,0,0,0,0,0,0
event=trace_row ordinal=1515 kind=3 ns=268147988748131 fields=274,275,0,2,268147988692130,0,0,0,0,0,0,0,0,6,0,2
event=trace_row ordinal=1516 kind=4 ns=268147993117648 fields=385,8,96,20,96,20,0,0,0,0,16,0,0,0,0,0
event=trace_row ordinal=1517 kind=4 ns=268147993294401 fields=641,5,3,0,0,0,0,0,0,0,16,0,0,0,0,0
event=trace_row ordinal=1518 kind=5 ns=268147998728224 fields=513,6,2,0,0,0,0,0,0,0,16,0,0,0,0,0
event=trace_row ordinal=1519 kind=0 ns=268147998689140 fields=275,2,0,50,2,0,0,0,0,0,0,0,0,0,0,0
event=trace_row ordinal=1520 kind=1 ns=268147998689140 fields=275,2,0,1010,995,200,1000,0,1,0,0,0,0,0,0,0
event=trace_row ordinal=1521 kind=1 ns=268147998689140 fields=275,2,1,1010,995,200,1000,0,1,0,0,0,0,0,0,0
event=trace_row ordinal=1522 kind=3 ns=268147998733182 fields=275,276,0,2,268147998689140,0,0,0,0,0,0,0,0,6,0,2
event=trace_row ordinal=1523 kind=5 ns=268148008733692 fields=513,6,2,0,0,0,0,0,0,0,16,0,0,0,0,0
event=trace_row ordinal=1524 kind=0 ns=268148008692566 fields=276,2,0,25,1,0,0,0,0,0,0,0,0,0,0,0
event=trace_row ordinal=1525 kind=1 ns=268148008692566 fields=276,2,0,1010,996,200,1000,0,1,0,0,0,0,0,0,0
event=trace_row ordinal=1526 kind=3 ns=268148008740692 fields=276,277,0,2,268148008692566,0,0,0,0,0,0,0,0,6,0,2
event=trace_row ordinal=1527 kind=5 ns=268148018720493 fields=513,6,2,0,0,0,0,0,0,0,16,0,0,0,0,0
event=trace_row ordinal=1528 kind=0 ns=268148018688701 fields=277,2,0,25,1,0,0,0,0,0,0,0,0,0,0,0
event=trace_row ordinal=1529 kind=1 ns=268148018688701 fields=277,2,0,1010,996,200,1000,0,1,0,0,0,0,0,0,0
event=trace_row ordinal=1530 kind=3 ns=268148018724868 fields=277,278,0,2,268148018688701,0,0,0,0,0,0,0,0,6,0,2
event=trace_row ordinal=1531 kind=5 ns=268148028904464 fields=513,6,2,0,0,0,0,0,0,0,16,0,0,0,0,0
event=trace_row ordinal=1532 kind=0 ns=268148028756003 fields=278,2,0,50,2,0,0,0,0,0,0,0,0,0,0,0
event=trace_row ordinal=1533 kind=1 ns=268148028756003 fields=278,2,0,1010,996,200,1000,0,1,0,0,0,0,0,0,0
event=trace_row ordinal=1534 kind=1 ns=268148028756003 fields=278,2,1,1010,995,200,1000,0,1,0,0,0,0,0,0,0
event=trace_row ordinal=1535 kind=3 ns=268148028926922 fields=278,279,0,2,268148028756003,0,0,0,0,0,0,0,0,6,0,2
event=trace_row ordinal=1536 kind=5 ns=268148038809014 fields=513,6,2,0,0,0,0,0,0,0,16,0,0,0,0,0
event=trace_row ordinal=1537 kind=0 ns=268148038732596 fields=279,2,0,25,1,0,0,0,0,0,0,0,0,0,0,0
event=trace_row ordinal=1538 kind=1 ns=268148038732596 fields=279,2,0,1010,995,200,1000,0,1,0,0,0,0,0,0,0
event=trace_row ordinal=1539 kind=3 ns=268148038821264 fields=279,280,0,2,268148038732596,0,0,0,0,0,0,0,0,6,0,2
event=trace_row ordinal=1540 kind=4 ns=268148043170364 fields=385,8,96,20,96,20,0,0,0,0,16,0,0,0,0,0
event=trace_row ordinal=1541 kind=4 ns=268148043330491 fields=641,5,3,0,0,0,0,0,0,0,16,0,0,0,0,0
event=trace_row ordinal=1542 kind=5 ns=268148048928233 fields=513,6,2,0,0,0,0,0,0,0,16,0,0,0,0,0
event=trace_row ordinal=1543 kind=0 ns=268148048765773 fields=280,2,0,50,2,0,0,0,0,0,0,0,0,0,0,0
event=trace_row ordinal=1544 kind=1 ns=268148048765773 fields=280,2,0,1010,995,200,1000,0,1,0,0,0,0,0,0,0
event=trace_row ordinal=1545 kind=1 ns=268148048765773 fields=280,2,1,1010,995,200,1000,0,1,0,0,0,0,0,0,0
event=trace_row ordinal=1546 kind=3 ns=268148048954775 fields=280,281,0,2,268148048765773,0,0,0,0,0,0,0,0,6,0,2
event=trace_row ordinal=1547 kind=5 ns=268148058870992 fields=513,6,2,0,0,0,0,0,0,0,16,0,0,0,0,0
event=trace_row ordinal=1548 kind=0 ns=268148058747324 fields=281,2,0,25,1,0,0,0,0,0,0,0,0,0,0,0
event=trace_row ordinal=1549 kind=1 ns=268148058747324 fields=281,2,0,1010,995,200,1000,0,1,0,0,0,0,0,0,0
event=trace_row ordinal=1550 kind=3 ns=268148058893159 fields=281,282,0,2,268148058747324,0,0,0,0,0,0,0,0,6,0,2
event=trace_row ordinal=1551 kind=5 ns=268148068874419 fields=513,6,2,0,0,0,0,0,0,0,16,0,0,0,0,0
event=trace_row ordinal=1552 kind=0 ns=268148068749001 fields=282,2,0,50,2,0,0,0,0,0,0,0,0,0,0,0
event=trace_row ordinal=1553 kind=1 ns=268148068749001 fields=282,2,0,1010,995,200,1000,0,1,0,0,0,0,0,0,0
event=trace_row ordinal=1554 kind=1 ns=268148068749001 fields=282,2,1,1010,995,200,1000,0,1,0,0,0,0,0,0,0
event=trace_row ordinal=1555 kind=3 ns=268148068896586 fields=282,283,0,2,268148068749001,0,0,0,0,0,0,0,0,6,0,2
event=trace_row ordinal=1556 kind=5 ns=268148078872887 fields=513,6,2,0,0,0,0,0,0,0,16,0,0,0,0,0
event=trace_row ordinal=1557 kind=0 ns=268148078754469 fields=283,2,0,25,1,0,0,0,0,0,0,0,0,0,0,0
event=trace_row ordinal=1558 kind=1 ns=268148078754469 fields=283,2,0,1010,995,200,1000,0,1,0,0,0,0,0,0,0
event=trace_row ordinal=1559 kind=3 ns=268148078892721 fields=283,284,0,2,268148078754469,0,0,0,0,0,0,0,0,6,0,2
event=trace_row ordinal=1560 kind=5 ns=268148088877772 fields=513,6,2,0,0,0,0,0,0,0,16,0,0,0,0,0
event=trace_row ordinal=1561 kind=0 ns=268148088783854 fields=284,2,0,25,1,0,0,0,0,0,0,0,0,0,0,0
event=trace_row ordinal=1562 kind=1 ns=268148088783854 fields=284,2,0,1010,995,200,1000,0,1,0,0,0,0,0,0,0
event=trace_row ordinal=1563 kind=3 ns=268148088935814 fields=284,285,0,2,268148088783854,0,0,0,0,0,0,0,0,6,0,2
event=trace_row ordinal=1564 kind=4 ns=268148093160371 fields=385,8,96,20,96,20,0,0,0,0,16,0,0,0,0,0
event=trace_row ordinal=1565 kind=4 ns=268148093333040 fields=641,5,3,0,0,0,0,0,0,0,16,0,0,0,0,0
event=trace_row ordinal=1566 kind=5 ns=268148098825781 fields=513,6,2,0,0,0,0,0,0,0,16,0,0,0,0,0
event=trace_row ordinal=1567 kind=0 ns=268148098730988 fields=285,2,0,50,2,0,0,0,0,0,0,0,0,0,0,0
event=trace_row ordinal=1568 kind=1 ns=268148098730988 fields=285,2,0,1010,995,200,1000,0,1,0,0,0,0,0,0,0
event=trace_row ordinal=1569 kind=1 ns=268148098730988 fields=285,2,1,1010,995,200,1000,0,1,0,0,0,0,0,0,0
event=trace_row ordinal=1570 kind=3 ns=268148098840948 fields=285,286,0,2,268148098730988,0,0,0,0,0,0,0,0,6,0,2
event=trace_row ordinal=1571 kind=5 ns=268148108885208 fields=513,6,2,0,0,0,0,0,0,0,16,0,0,0,0,0
event=trace_row ordinal=1572 kind=0 ns=268148108755998 fields=286,2,0,25,1,0,0,0,0,0,0,0,0,0,0,0
event=trace_row ordinal=1573 kind=1 ns=268148108755998 fields=286,2,0,1010,995,200,1000,0,1,0,0,0,0,0,0,0
event=trace_row ordinal=1574 kind=3 ns=268148108905333 fields=286,287,0,2,268148108755998,0,0,0,0,0,0,0,0,6,0,2
event=trace_row ordinal=1575 kind=5 ns=268148118865301 fields=513,6,2,0,0,0,0,0,0,0,16,0,0,0,0,0
event=trace_row ordinal=1576 kind=0 ns=268148118743966 fields=287,2,0,50,2,0,0,0,0,0,0,0,0,0,0,0
event=trace_row ordinal=1577 kind=1 ns=268148118743966 fields=287,2,0,1010,995,200,1000,0,1,0,0,0,0,0,0,0
event=trace_row ordinal=1578 kind=1 ns=268148118743966 fields=287,2,1,1010,995,200,1000,0,1,0,0,0,0,0,0,0
event=trace_row ordinal=1579 kind=3 ns=268148118884551 fields=287,288,0,2,268148118743966,0,0,0,0,0,0,0,0,6,0,2
event=trace_row ordinal=1580 kind=5 ns=268148128592807 fields=513,6,2,0,0,0,0,0,0,0,16,0,0,0,0,0
event=trace_row ordinal=1581 kind=0 ns=268148128496264 fields=288,2,0,25,1,0,0,0,0,0,0,0,0,0,0,0
event=trace_row ordinal=1582 kind=1 ns=268148128496264 fields=288,2,0,1010,995,200,1000,0,1,0,0,0,0,0,0,0
event=trace_row ordinal=1583 kind=3 ns=268148128610015 fields=288,289,0,2,268148128496264,0,0,0,0,0,0,0,0,6,0,2
event=trace_row ordinal=1584 kind=4 ns=268148128650849 fields=1793,1,5,0,0,0,0,0,0,0,16,0,0,0,0,0
event=trace_row ordinal=1585 kind=5 ns=268148138831028 fields=513,6,2,0,0,0,0,0,0,0,16,0,0,0,0,0
event=trace_row ordinal=1586 kind=0 ns=268148138732152 fields=289,2,0,50,2,0,0,0,0,0,0,0,0,0,0,0
event=trace_row ordinal=1587 kind=1 ns=268148138732152 fields=289,2,0,1010,995,200,1000,0,1,0,0,0,0,0,0,0
event=trace_row ordinal=1588 kind=1 ns=268148138732152 fields=289,2,1,1010,995,200,1000,0,1,0,0,0,0,0,0,0
event=trace_row ordinal=1589 kind=3 ns=268148138845320 fields=289,290,0,2,268148138732152,0,0,0,0,0,0,0,0,6,0,2
event=trace_row ordinal=1590 kind=4 ns=268148143167003 fields=385,8,96,20,96,20,0,0,0,0,16,0,0,0,0,0
event=trace_row ordinal=1591 kind=4 ns=268148143348422 fields=641,5,3,0,0,0,0,0,0,0,16,0,0,0,0,0
event=trace_row ordinal=1592 kind=5 ns=268148148809663 fields=513,6,2,0,0,0,0,0,0,0,16,0,0,0,0,0
event=trace_row ordinal=1593 kind=0 ns=268148148729453 fields=290,2,0,25,1,0,0,0,0,0,0,0,0,0,0,0
event=trace_row ordinal=1594 kind=1 ns=268148148729453 fields=290,2,0,1010,995,200,1000,0,1,0,0,0,0,0,0,0
event=trace_row ordinal=1595 kind=3 ns=268148148821913 fields=290,291,0,2,268148148729453,0,0,0,0,0,0,0,0,6,0,2
event=trace_row ordinal=1596 kind=5 ns=268148158831464 fields=513,6,2,0,0,0,0,0,0,0,16,0,0,0,0,0
event=trace_row ordinal=1597 kind=0 ns=268148158734921 fields=291,2,0,25,1,0,0,0,0,0,0,0,0,0,0,0
event=trace_row ordinal=1598 kind=1 ns=268148158734921 fields=291,2,0,1010,995,200,1000,0,1,0,0,0,0,0,0,0
event=trace_row ordinal=1599 kind=3 ns=268148158844589 fields=291,292,0,2,268148158734921,0,0,0,0,0,0,0,0,6,0,2
event=trace_row ordinal=1600 kind=5 ns=268148168773057 fields=513,6,2,0,0,0,0,0,0,0,16,0,0,0,0,0
event=trace_row ordinal=1601 kind=0 ns=268148168711514 fields=292,2,0,50,2,0,0,0,0,0,0,0,0,0,0,0
event=trace_row ordinal=1602 kind=1 ns=268148168711514 fields=292,2,0,1010,995,200,1000,0,1,0,0,0,0,0,0,0
event=trace_row ordinal=1603 kind=1 ns=268148168711514 fields=292,2,1,1010,995,200,1000,0,1,0,0,0,0,0,0,0
event=trace_row ordinal=1604 kind=3 ns=268148168783557 fields=292,293,0,2,268148168711514,0,0,0,0,0,0,0,0,6,0,2
event=trace_row ordinal=1605 kind=5 ns=268148178762191 fields=513,6,2,0,0,0,0,0,0,0,16,0,0,0,0,0
event=trace_row ordinal=1606 kind=0 ns=268148178707357 fields=293,2,0,25,1,0,0,0,0,0,0,0,0,0,0,0
event=trace_row ordinal=1607 kind=1 ns=268148178707357 fields=293,2,0,1010,995,200,1000,0,1,0,0,0,0,0,0,0
event=trace_row ordinal=1608 kind=3 ns=268148178771233 fields=293,294,0,2,268148178707357,0,0,0,0,0,0,0,0,6,0,2
event=trace_row ordinal=1609 kind=5 ns=268148188764159 fields=513,6,2,0,0,0,0,0,0,0,16,0,0,0,0,0
event=trace_row ordinal=1610 kind=0 ns=268148188706408 fields=294,2,0,50,2,0,0,0,0,0,0,0,0,0,0,0
event=trace_row ordinal=1611 kind=1 ns=268148188706408 fields=294,2,0,1010,995,200,1000,0,1,0,0,0,0,0,0,0
event=trace_row ordinal=1612 kind=1 ns=268148188706408 fields=294,2,1,1010,995,200,1000,0,1,0,0,0,0,0,0,0
event=trace_row ordinal=1613 kind=3 ns=268148188773493 fields=294,295,0,2,268148188706408,0,0,0,0,0,0,0,0,6,0,2
event=trace_row ordinal=1614 kind=4 ns=268148193175385 fields=385,8,96,20,96,20,0,0,0,0,16,0,0,0,0,0
event=trace_row ordinal=1615 kind=4 ns=268148193355638 fields=641,5,3,0,0,0,0,0,0,0,16,0,0,0,0,0
event=trace_row ordinal=1616 kind=5 ns=268148198759419 fields=513,6,2,0,0,0,0,0,0,0,16,0,0,0,0,0
event=trace_row ordinal=1617 kind=0 ns=268148198707210 fields=295,2,0,25,1,0,0,0,0,0,0,0,0,0,0,0
event=trace_row ordinal=1618 kind=1 ns=268148198707210 fields=295,2,0,1010,995,200,1000,0,1,0,0,0,0,0,0,0
event=trace_row ordinal=1619 kind=3 ns=268148198768752 fields=295,296,0,2,268148198707210,0,0,0,0,0,0,0,0,6,0,2
event=trace_row ordinal=1620 kind=5 ns=268148208764304 fields=513,6,2,0,0,0,0,0,0,0,16,0,0,0,0,0
event=trace_row ordinal=1621 kind=0 ns=268148208706845 fields=296,2,0,50,2,0,0,0,0,0,0,0,0,0,0,0
event=trace_row ordinal=1622 kind=1 ns=268148208706845 fields=296,2,0,1010,995,200,1000,0,1,0,0,0,0,0,0,0
event=trace_row ordinal=1623 kind=1 ns=268148208706845 fields=296,2,1,1010,995,200,1000,0,1,0,0,0,0,0,0,0
event=trace_row ordinal=1624 kind=3 ns=268148208773929 fields=296,297,0,2,268148208706845,0,0,0,0,0,0,0,0,6,0,2
event=trace_row ordinal=1625 kind=5 ns=268148218759563 fields=513,6,2,0,0,0,0,0,0,0,16,0,0,0,0,0
event=trace_row ordinal=1626 kind=0 ns=268148218706771 fields=297,2,0,25,1,0,0,0,0,0,0,0,0,0,0,0
event=trace_row ordinal=1627 kind=1 ns=268148218706771 fields=297,2,0,1010,995,200,1000,0,1,0,0,0,0,0,0,0
event=trace_row ordinal=1628 kind=3 ns=268148218768897 fields=297,298,0,2,268148218706771,0,0,0,0,0,0,0,0,6,0,2
event=trace_row ordinal=1629 kind=5 ns=268148228758031 fields=513,6,2,0,0,0,0,0,0,0,16,0,0,0,0,0
event=trace_row ordinal=1630 kind=0 ns=268148228706406 fields=298,2,0,25,1,0,0,0,0,0,0,0,0,0,0,0
event=trace_row ordinal=1631 kind=1 ns=268148228706406 fields=298,2,0,1010,995,200,1000,0,1,0,0,0,0,0,0,0
event=trace_row ordinal=1632 kind=3 ns=268148228767365 fields=298,299,0,2,268148228706406,0,0,0,0,0,0,0,0,6,0,2
event=trace_row ordinal=1633 kind=5 ns=268148238763500 fields=513,6,2,0,0,0,0,0,0,0,16,0,0,0,0,0
event=trace_row ordinal=1634 kind=0 ns=268148238706624 fields=299,2,0,50,2,0,0,0,0,0,0,0,0,0,0,0
event=trace_row ordinal=1635 kind=1 ns=268148238706624 fields=299,2,0,1010,995,200,1000,0,1,0,0,0,0,0,0,0
event=trace_row ordinal=1636 kind=1 ns=268148238706624 fields=299,2,1,1010,995,200,1000,0,1,0,0,0,0,0,0,0
event=trace_row ordinal=1637 kind=3 ns=268148238772833 fields=299,300,0,2,268148238706624,0,0,0,0,0,0,0,0,6,0,2
event=trace_row ordinal=1638 kind=4 ns=268148243179976 fields=385,8,96,20,96,20,0,0,0,0,16,0,0,0,0,0
event=trace_row ordinal=1639 kind=4 ns=268148243370145 fields=641,5,3,0,0,0,0,0,0,0,16,0,0,0,0,0
event=trace_row ordinal=1640 kind=5 ns=268148248757593 fields=513,6,2,0,0,0,0,0,0,0,16,0,0,0,0,0
event=trace_row ordinal=1641 kind=0 ns=268148248706259 fields=300,2,0,25,1,0,0,0,0,0,0,0,0,0,0,0
event=trace_row ordinal=1642 kind=1 ns=268148248706259 fields=300,2,0,1010,995,200,1000,0,1,0,0,0,0,0,0,0
event=trace_row ordinal=1643 kind=3 ns=268148248766926 fields=300,301,0,2,268148248706259,0,0,0,0,0,0,0,0,6,0,2
event=trace_row ordinal=1644 kind=5 ns=268148258763061 fields=513,6,2,0,0,0,0,0,0,0,16,0,0,0,0,0
event=trace_row ordinal=1645 kind=0 ns=268148258706477 fields=301,2,0,50,2,0,0,0,0,0,0,0,0,0,0,0
event=trace_row ordinal=1646 kind=1 ns=268148258706477 fields=301,2,0,1010,996,200,1000,0,1,0,0,0,0,0,0,0
event=trace_row ordinal=1647 kind=1 ns=268148258706477 fields=301,2,1,1010,996,200,1000,0,1,0,0,0,0,0,0,0
event=trace_row ordinal=1648 kind=3 ns=268148258772686 fields=301,302,0,2,268148258706477,0,0,0,0,0,0,0,0,6,0,2
event=trace_row ordinal=1649 kind=5 ns=268148268758320 fields=513,6,2,0,0,0,0,0,0,0,16,0,0,0,0,0
event=trace_row ordinal=1650 kind=0 ns=268148268706695 fields=302,2,0,25,1,0,0,0,0,0,0,0,0,0,0,0
event=trace_row ordinal=1651 kind=1 ns=268148268706695 fields=302,2,0,1010,995,200,1000,0,1,0,0,0,0,0,0,0
event=trace_row ordinal=1652 kind=3 ns=268148268767362 fields=302,303,0,2,268148268706695,0,0,0,0,0,0,0,0,6,0,2
event=trace_row ordinal=1653 kind=5 ns=268148278763789 fields=513,6,2,0,0,0,0,0,0,0,16,0,0,0,0,0
event=trace_row ordinal=1654 kind=0 ns=268148278706329 fields=303,2,0,50,2,0,0,0,0,0,0,0,0,0,0,0
event=trace_row ordinal=1655 kind=1 ns=268148278706329 fields=303,2,0,1010,995,200,1000,0,1,0,0,0,0,0,0,0
event=trace_row ordinal=1656 kind=1 ns=268148278706329 fields=303,2,1,1010,995,200,1000,0,1,0,0,0,0,0,0,0
event=trace_row ordinal=1657 kind=3 ns=268148278773414 fields=303,304,0,2,268148278706329,0,0,0,0,0,0,0,0,6,0,2
event=trace_row ordinal=1658 kind=5 ns=268148288758465 fields=513,6,2,0,0,0,0,0,0,0,16,0,0,0,0,0
event=trace_row ordinal=1659 kind=0 ns=268148288706839 fields=304,2,0,25,1,0,0,0,0,0,0,0,0,0,0,0
event=trace_row ordinal=1660 kind=1 ns=268148288706839 fields=304,2,0,1010,996,200,1000,0,1,0,0,0,0,0,0,0
event=trace_row ordinal=1661 kind=3 ns=268148288767507 fields=304,305,0,2,268148288706839,0,0,0,0,0,0,0,0,6,0,2
event=trace_row ordinal=1662 kind=4 ns=268148293214900 fields=385,8,96,20,96,20,0,0,0,0,16,0,0,0,0,0
event=trace_row ordinal=1663 kind=4 ns=268148293380277 fields=641,5,3,0,0,0,0,0,0,0,16,0,0,0,0,0
event=trace_row ordinal=1664 kind=5 ns=268148298758683 fields=513,6,2,0,0,0,0,0,0,0,16,0,0,0,0,0
event=trace_row ordinal=1665 kind=0 ns=268148298707349 fields=305,2,0,25,1,0,0,0,0,0,0,0,0,0,0,0
event=trace_row ordinal=1666 kind=1 ns=268148298707349 fields=305,2,0,1010,996,200,1000,0,1,0,0,0,0,0,0,0
event=trace_row ordinal=1667 kind=3 ns=268148298767725 fields=305,306,0,2,268148298707349,0,0,0,0,0,0,0,0,6,0,2
event=trace_row ordinal=1668 kind=5 ns=268148308778735 fields=513,6,2,0,0,0,0,0,0,0,16,0,0,0,0,0
event=trace_row ordinal=1669 kind=0 ns=268148308706692 fields=306,2,0,50,2,0,0,0,0,0,0,0,0,0,0,0
event=trace_row ordinal=1670 kind=1 ns=268148308706692 fields=306,2,0,1010,996,200,1000,0,1,0,0,0,0,0,0,0
event=trace_row ordinal=1671 kind=1 ns=268148308706692 fields=306,2,1,1010,995,200,1000,0,1,0,0,0,0,0,0,0
event=trace_row ordinal=1672 kind=3 ns=268148308789526 fields=306,307,0,2,268148308706692,0,0,0,0,0,0,0,0,6,0,2
event=trace_row ordinal=1673 kind=5 ns=268148318722660 fields=513,6,2,0,0,0,0,0,0,0,16,0,0,0,0,0
event=trace_row ordinal=1674 kind=0 ns=268148318688826 fields=307,2,0,25,1,0,0,0,0,0,0,0,0,0,0,0
event=trace_row ordinal=1675 kind=1 ns=268148318688826 fields=307,2,0,1010,995,200,1000,0,1,0,0,0,0,0,0,0
event=trace_row ordinal=1676 kind=3 ns=268148318727910 fields=307,308,0,2,268148318688826,0,0,0,0,0,0,0,0,6,0,2
event=trace_row ordinal=1677 kind=5 ns=268148328705086 fields=513,6,2,0,0,0,0,0,0,0,16,0,0,0,0,0
event=trace_row ordinal=1678 kind=0 ns=268148328679711 fields=308,2,0,50,2,0,0,0,0,0,0,0,0,0,0,0
event=trace_row ordinal=1679 kind=1 ns=268148328679711 fields=308,2,0,1010,995,200,1000,0,1,0,0,0,0,0,0,0
event=trace_row ordinal=1680 kind=1 ns=268148328679711 fields=308,2,1,1010,996,200,1000,0,1,0,0,0,0,0,0,0
event=trace_row ordinal=1681 kind=3 ns=268148328709461 fields=308,309,0,2,268148328679711,0,0,0,0,0,0,0,0,6,0,2
event=trace_row ordinal=1682 kind=5 ns=268148338699763 fields=513,6,2,0,0,0,0,0,0,0,16,0,0,0,0,0
event=trace_row ordinal=1683 kind=0 ns=268148338678471 fields=309,2,0,25,1,0,0,0,0,0,0,0,0,0,0,0
event=trace_row ordinal=1684 kind=1 ns=268148338678471 fields=309,2,0,1010,996,200,1000,0,1,0,0,0,0,0,0,0
event=trace_row ordinal=1685 kind=3 ns=268148338703263 fields=309,310,0,2,268148338678471,0,0,0,0,0,0,0,0,6,0,2
event=trace_row ordinal=1686 kind=4 ns=268148343199365 fields=385,8,96,20,96,20,0,0,0,0,16,0,0,0,0,0
event=trace_row ordinal=1687 kind=4 ns=268148343376701 fields=641,5,3,0,0,0,0,0,0,0,16,0,0,0,0,0
event=trace_row ordinal=1688 kind=5 ns=268148348703773 fields=513,6,2,0,0,0,0,0,0,0,16,0,0,0,0,0
event=trace_row ordinal=1689 kind=0 ns=268148348680439 fields=310,2,0,50,2,0,0,0,0,0,0,0,0,0,0,0
event=trace_row ordinal=1690 kind=1 ns=268148348680439 fields=310,2,0,1010,996,200,1000,0,1,0,0,0,0,0,0,0
event=trace_row ordinal=1691 kind=1 ns=268148348680439 fields=310,2,1,1010,996,200,1000,0,1,0,0,0,0,0,0,0
event=trace_row ordinal=1692 kind=3 ns=268148348707273 fields=310,311,0,2,268148348680439,0,0,0,0,0,0,0,0,6,0,2
event=trace_row ordinal=1693 kind=5 ns=268148358697574 fields=513,6,2,0,0,0,0,0,0,0,16,0,0,0,0,0
event=trace_row ordinal=1694 kind=0 ns=268148358677449 fields=311,2,0,25,1,0,0,0,0,0,0,0,0,0,0,0
event=trace_row ordinal=1695 kind=1 ns=268148358677449 fields=311,2,0,1010,996,200,1000,0,1,0,0,0,0,0,0,0
event=trace_row ordinal=1696 kind=3 ns=268148358701074 fields=311,312,0,2,268148358677449,0,0,0,0,0,0,0,0,6,0,2
event=trace_row ordinal=1697 kind=5 ns=268148368695750 fields=513,6,2,0,0,0,0,0,0,0,16,0,0,0,0,0
event=trace_row ordinal=1698 kind=0 ns=268148368676500 fields=312,2,0,25,1,0,0,0,0,0,0,0,0,0,0,0
event=trace_row ordinal=1699 kind=1 ns=268148368676500 fields=312,2,0,1010,996,200,1000,0,1,0,0,0,0,0,0,0
event=trace_row ordinal=1700 kind=3 ns=268148368698667 fields=312,313,0,2,268148368676500,0,0,0,0,0,0,0,0,6,0,2
event=trace_row ordinal=1701 kind=5 ns=268148377944917 fields=513,6,2,0,0,0,0,0,0,0,16,0,0,0,0,0
event=trace_row ordinal=1702 kind=0 ns=268148377923625 fields=313,2,0,50,2,0,0,0,0,0,0,0,0,0,0,0
event=trace_row ordinal=1703 kind=1 ns=268148377923625 fields=313,2,0,1010,996,200,1000,0,1,0,0,0,0,0,0,0
event=trace_row ordinal=1704 kind=1 ns=268148377923625 fields=313,2,1,1010,996,200,1000,0,1,0,0,0,0,0,0,0
event=trace_row ordinal=1705 kind=3 ns=268148377947833 fields=313,314,0,2,268148377923625,0,0,0,0,0,0,0,0,6,0,2
event=trace_row ordinal=1706 kind=4 ns=268148377959792 fields=1793,1,5,0,0,0,0,0,0,0,16,0,0,0,0,0
event=trace_row ordinal=1707 kind=5 ns=268148388696186 fields=513,6,2,0,0,0,0,0,0,0,16,0,0,0,0,0
event=trace_row ordinal=1708 kind=0 ns=268148388677228 fields=314,2,0,25,1,0,0,0,0,0,0,0,0,0,0,0
event=trace_row ordinal=1709 kind=1 ns=268148388677228 fields=314,2,0,1010,996,200,1000,0,1,0,0,0,0,0,0,0
event=trace_row ordinal=1710 kind=3 ns=268148388699686 fields=314,315,0,2,268148388677228,0,0,0,0,0,0,0,0,6,0,2
event=trace_row ordinal=1711 kind=4 ns=268148393198414 fields=385,8,96,20,96,20,0,0,0,0,16,0,0,0,0,0
event=trace_row ordinal=1712 kind=4 ns=268148393388875 fields=641,5,3,0,0,0,0,0,0,0,16,0,0,0,0,0
event=trace_row ordinal=1713 kind=5 ns=268148398697863 fields=513,6,2,0,0,0,0,0,0,0,16,0,0,0,0,0
event=trace_row ordinal=1714 kind=0 ns=268148398676571 fields=315,2,0,50,2,0,0,0,0,0,0,0,0,0,0,0
event=trace_row ordinal=1715 kind=1 ns=268148398676571 fields=315,2,0,1010,995,200,1000,0,1,0,0,0,0,0,0,0
event=trace_row ordinal=1716 kind=1 ns=268148398676571 fields=315,2,1,1010,995,200,1000,0,1,0,0,0,0,0,0,0
event=trace_row ordinal=1717 kind=3 ns=268148398701363 fields=315,316,0,2,268148398676571,0,0,0,0,0,0,0,0,6,0,2
event=trace_row ordinal=1718 kind=5 ns=268148408694873 fields=513,6,2,0,0,0,0,0,0,0,16,0,0,0,0,0
event=trace_row ordinal=1719 kind=0 ns=268148408676206 fields=316,2,0,25,1,0,0,0,0,0,0,0,0,0,0,0
event=trace_row ordinal=1720 kind=1 ns=268148408676206 fields=316,2,0,1010,996,200,1000,0,1,0,0,0,0,0,0,0
event=trace_row ordinal=1721 kind=3 ns=268148408697789 fields=316,317,0,2,268148408676206,0,0,0,0,0,0,0,0,6,0,2
event=trace_row ordinal=1722 kind=5 ns=268148418701507 fields=513,6,2,0,0,0,0,0,0,0,16,0,0,0,0,0
event=trace_row ordinal=1723 kind=0 ns=268148418677299 fields=317,2,0,50,2,0,0,0,0,0,0,0,0,0,0,0
event=trace_row ordinal=1724 kind=1 ns=268148418677299 fields=317,2,0,1010,996,200,1000,0,1,0,0,0,0,0,0,0
event=trace_row ordinal=1725 kind=1 ns=268148418677299 fields=317,2,1,1010,996,200,1000,0,1,0,0,0,0,0,0,0
event=trace_row ordinal=1726 kind=3 ns=268148418705882 fields=317,318,0,2,268148418677299,0,0,0,0,0,0,0,0,6,0,2
event=trace_row ordinal=1727 kind=5 ns=268148428696767 fields=513,6,2,0,0,0,0,0,0,0,16,0,0,0,0,0
event=trace_row ordinal=1728 kind=0 ns=268148428676642 fields=318,2,0,25,1,0,0,0,0,0,0,0,0,0,0,0
event=trace_row ordinal=1729 kind=1 ns=268148428676642 fields=318,2,0,1010,995,200,1000,0,1,0,0,0,0,0,0,0
event=trace_row ordinal=1730 kind=3 ns=268148428700267 fields=318,319,0,2,268148428676642,0,0,0,0,0,0,0,0,6,0,2
event=trace_row ordinal=1731 kind=5 ns=268148438693485 fields=513,6,2,0,0,0,0,0,0,0,16,0,0,0,0,0
event=trace_row ordinal=1732 kind=0 ns=268148438675693 fields=319,2,0,25,1,0,0,0,0,0,0,0,0,0,0,0
event=trace_row ordinal=1733 kind=1 ns=268148438675693 fields=319,2,0,1010,995,200,1000,0,1,0,0,0,0,0,0,0
event=trace_row ordinal=1734 kind=3 ns=268148438696402 fields=319,320,0,2,268148438675693,0,0,0,0,0,0,0,0,6,0,2
event=trace_row ordinal=1735 kind=4 ns=268148443212921 fields=385,8,96,20,96,20,0,0,0,0,16,0,0,0,0,0
event=trace_row ordinal=1736 kind=4 ns=268148443398132 fields=641,5,3,0,0,0,0,0,0,0,16,0,0,0,0,0
event=trace_row ordinal=1737 kind=5 ns=268148448697203 fields=513,6,2,0,0,0,0,0,0,0,16,0,0,0,0,0
event=trace_row ordinal=1738 kind=0 ns=268148448676203 fields=320,2,0,50,2,0,0,0,0,0,0,0,0,0,0,0
event=trace_row ordinal=1739 kind=1 ns=268148448676203 fields=320,2,0,1010,995,200,1000,0,1,0,0,0,0,0,0,0
event=trace_row ordinal=1740 kind=1 ns=268148448676203 fields=320,2,1,1010,996,200,1000,0,1,0,0,0,0,0,0,0
event=trace_row ordinal=1741 kind=3 ns=268148448701578 fields=320,321,0,2,268148448676203,0,0,0,0,0,0,0,0,6,0,2
event=trace_row ordinal=1742 kind=5 ns=268148458700338 fields=513,6,2,0,0,0,0,0,0,0,16,0,0,0,0,0
event=trace_row ordinal=1743 kind=0 ns=268148458679046 fields=321,2,0,25,1,0,0,0,0,0,0,0,0,0,0,0
event=trace_row ordinal=1744 kind=1 ns=268148458679046 fields=321,2,0,1010,996,200,1000,0,1,0,0,0,0,0,0,0
event=trace_row ordinal=1745 kind=3 ns=268148458703838 fields=321,322,0,2,268148458679046,0,0,0,0,0,0,0,0,6,0,2
event=trace_row ordinal=1746 kind=5 ns=268148468717473 fields=513,6,2,0,0,0,0,0,0,0,16,0,0,0,0,0
event=trace_row ordinal=1747 kind=0 ns=268148468685681 fields=322,2,0,50,2,0,0,0,0,0,0,0,0,0,0,0
event=trace_row ordinal=1748 kind=1 ns=268148468685681 fields=322,2,0,1010,996,200,1000,0,1,0,0,0,0,0,0,0
event=trace_row ordinal=1749 kind=1 ns=268148468685681 fields=322,2,1,1010,995,200,1000,0,1,0,0,0,0,0,0,0
event=trace_row ordinal=1750 kind=3 ns=268148468721848 fields=322,323,0,2,268148468685681,0,0,0,0,0,0,0,0,6,0,2
event=trace_row ordinal=1751 kind=5 ns=268148478715066 fields=513,6,2,0,0,0,0,0,0,0,16,0,0,0,0,0
event=trace_row ordinal=1752 kind=0 ns=268148478684732 fields=323,2,0,25,1,0,0,0,0,0,0,0,0,0,0,0
event=trace_row ordinal=1753 kind=1 ns=268148478684732 fields=323,2,0,1010,995,200,1000,0,1,0,0,0,0,0,0,0
event=trace_row ordinal=1754 kind=3 ns=268148478719733 fields=323,324,0,2,268148478684732,0,0,0,0,0,0,0,0,6,0,2
event=trace_row ordinal=1755 kind=5 ns=268148488705076 fields=513,6,2,0,0,0,0,0,0,0,16,0,0,0,0,0
event=trace_row ordinal=1756 kind=0 ns=268148488681742 fields=324,2,0,50,2,0,0,0,0,0,0,0,0,0,0,0
event=trace_row ordinal=1757 kind=1 ns=268148488681742 fields=324,2,0,1010,995,200,1000,0,1,0,0,0,0,0,0,0
event=trace_row ordinal=1758 kind=1 ns=268148488681742 fields=324,2,1,1010,996,200,1000,0,1,0,0,0,0,0,0,0
event=trace_row ordinal=1759 kind=3 ns=268148488708867 fields=324,325,0,2,268148488681742,0,0,0,0,0,0,0,0,6,0,2
event=trace_row ordinal=1760 kind=4 ns=268148493309096 fields=385,8,96,20,96,20,0,0,0,0,16,0,0,0,0,0
event=trace_row ordinal=1761 kind=4 ns=268148493349055 fields=641,5,3,0,0,0,0,0,0,0,16,0,0,0,0,0
event=trace_row ordinal=1762 kind=5 ns=268148498718419 fields=513,6,2,0,0,0,0,0,0,0,16,0,0,0,0,0
event=trace_row ordinal=1763 kind=0 ns=268148498687793 fields=325,2,0,25,1,0,0,0,0,0,0,0,0,0,0,0
event=trace_row ordinal=1764 kind=1 ns=268148498687793 fields=325,2,0,1010,996,200,1000,0,1,0,0,0,0,0,0,0
event=trace_row ordinal=1765 kind=3 ns=268148498723086 fields=325,326,0,2,268148498687793,0,0,0,0,0,0,0,0,6,0,2
event=trace_row ordinal=1766 kind=5 ns=268148508707845 fields=513,6,2,0,0,0,0,0,0,0,16,0,0,0,0,0
event=trace_row ordinal=1767 kind=0 ns=268148508682761 fields=326,2,0,25,1,0,0,0,0,0,0,0,0,0,0,0
event=trace_row ordinal=1768 kind=1 ns=268148508682761 fields=326,2,0,1010,996,200,1000,0,1,0,0,0,0,0,0,0
event=trace_row ordinal=1769 kind=3 ns=268148508711637 fields=326,327,0,2,268148508682761,0,0,0,0,0,0,0,0,6,0,2
event=trace_row ordinal=1770 kind=5 ns=268148518732855 fields=513,6,2,0,0,0,0,0,0,0,16,0,0,0,0,0
event=trace_row ordinal=1771 kind=0 ns=268148518693188 fields=327,2,0,50,2,0,0,0,0,0,0,0,0,0,0,0
event=trace_row ordinal=1772 kind=1 ns=268148518693188 fields=327,2,0,1010,995,200,1000,0,1,0,0,0,0,0,0,0
event=trace_row ordinal=1773 kind=1 ns=268148518693188 fields=327,2,1,1010,995,200,1000,0,1,0,0,0,0,0,0,0
event=trace_row ordinal=1774 kind=3 ns=268148518738689 fields=327,328,0,2,268148518693188,0,0,0,0,0,0,0,0,6,0,2
event=trace_row ordinal=1775 kind=5 ns=268148528724031 fields=513,6,2,0,0,0,0,0,0,0,16,0,0,0,0,0
event=trace_row ordinal=1776 kind=0 ns=268148528690489 fields=328,2,0,25,1,0,0,0,0,0,0,0,0,0,0,0
event=trace_row ordinal=1777 kind=1 ns=268148528690489 fields=328,2,0,1010,995,200,1000,0,1,0,0,0,0,0,0,0
event=trace_row ordinal=1778 kind=3 ns=268148528728698 fields=328,329,0,2,268148528690489,0,0,0,0,0,0,0,0,6,0,2
event=trace_row ordinal=1779 kind=5 ns=268148538717833 fields=513,6,2,0,0,0,0,0,0,0,16,0,0,0,0,0
event=trace_row ordinal=1780 kind=0 ns=268148538686041 fields=329,2,0,50,2,0,0,0,0,0,0,0,0,0,0,0
event=trace_row ordinal=1781 kind=1 ns=268148538686041 fields=329,2,0,1010,996,200,1000,0,1,0,0,0,0,0,0,0
event=trace_row ordinal=1782 kind=1 ns=268148538686041 fields=329,2,1,1010,996,200,1000,0,1,0,0,0,0,0,0,0
event=trace_row ordinal=1783 kind=3 ns=268148538721916 fields=329,330,0,2,268148538686041,0,0,0,0,0,0,0,0,6,0,2
event=trace_row ordinal=1784 kind=4 ns=268148543249810 fields=385,8,96,20,96,20,0,0,0,0,16,0,0,0,0,0
event=trace_row ordinal=1785 kind=4 ns=268148543423938 fields=641,5,3,0,0,0,0,0,0,0,16,0,0,0,0,0
event=trace_row ordinal=1786 kind=5 ns=268148548719801 fields=513,6,2,0,0,0,0,0,0,0,16,0,0,0,0,0
event=trace_row ordinal=1787 kind=0 ns=268148548687134 fields=330,2,0,25,1,0,0,0,0,0,0,0,0,0,0,0
event=trace_row ordinal=1788 kind=1 ns=268148548687134 fields=330,2,0,1010,995,200,1000,0,1,0,0,0,0,0,0,0
event=trace_row ordinal=1789 kind=3 ns=268148548723884 fields=330,331,0,2,268148548687134,0,0,0,0,0,0,0,0,6,0,2
event=trace_row ordinal=1790 kind=5 ns=268148558721477 fields=513,6,2,0,0,0,0,0,0,0,16,0,0,0,0,0
event=trace_row ordinal=1791 kind=0 ns=268148558686477 fields=331,2,0,50,2,0,0,0,0,0,0,0,0,0,0,0
event=trace_row ordinal=1792 kind=1 ns=268148558686477 fields=331,2,0,1010,995,200,1000,0,1,0,0,0,0,0,0,0
event=trace_row ordinal=1793 kind=1 ns=268148558686477 fields=331,2,1,1010,995,200,1000,0,1,0,0,0,0,0,0,0
event=trace_row ordinal=1794 kind=3 ns=268148558725269 fields=331,332,0,2,268148558686477,0,0,0,0,0,0,0,0,6,0,2
event=trace_row ordinal=1795 kind=5 ns=268148568709445 fields=513,6,2,0,0,0,0,0,0,0,16,0,0,0,0,0
event=trace_row ordinal=1796 kind=0 ns=268148568684362 fields=332,2,0,25,1,0,0,0,0,0,0,0,0,0,0,0
event=trace_row ordinal=1797 kind=1 ns=268148568684362 fields=332,2,0,1010,996,200,1000,0,1,0,0,0,0,0,0,0
event=trace_row ordinal=1798 kind=3 ns=268148568712362 fields=332,333,0,2,268148568684362,0,0,0,0,0,0,0,0,6,0,2
event=trace_row ordinal=1799 kind=5 ns=268148578719288 fields=513,6,2,0,0,0,0,0,0,0,16,0,0,0,0,0
event=trace_row ordinal=1800 kind=0 ns=268148578686330 fields=333,2,0,25,1,0,0,0,0,0,0,0,0,0,0,0
event=trace_row ordinal=1801 kind=1 ns=268148578686330 fields=333,2,0,1010,996,200,1000,0,1,0,0,0,0,0,0,0
event=trace_row ordinal=1802 kind=3 ns=268148578723372 fields=333,334,0,2,268148578686330,0,0,0,0,0,0,0,0,6,0,2
event=trace_row ordinal=1803 kind=5 ns=268148588709881 fields=513,6,2,0,0,0,0,0,0,0,16,0,0,0,0,0
event=trace_row ordinal=1804 kind=0 ns=268148588683923 fields=334,2,0,50,2,0,0,0,0,0,0,0,0,0,0,0
event=trace_row ordinal=1805 kind=1 ns=268148588683923 fields=334,2,0,1010,996,200,1000,0,1,0,0,0,0,0,0,0
event=trace_row ordinal=1806 kind=1 ns=268148588683923 fields=334,2,1,1010,995,200,1000,0,1,0,0,0,0,0,0,0
event=trace_row ordinal=1807 kind=3 ns=268148588712798 fields=334,335,0,2,268148588683923,0,0,0,0,0,0,0,0,6,0,2
event=trace_row ordinal=1808 kind=4 ns=268148593259651 fields=385,8,96,20,96,20,0,0,0,0,16,0,0,0,0,0
event=trace_row ordinal=1809 kind=4 ns=268148593439320 fields=641,5,3,0,0,0,0,0,0,0,16,0,0,0,0,0
event=trace_row ordinal=1810 kind=5 ns=268148598714183 fields=513,6,2,0,0,0,0,0,0,0,16,0,0,0,0,0
event=trace_row ordinal=1811 kind=0 ns=268148598685891 fields=335,2,0,25,1,0,0,0,0,0,0,0,0,0,0,0
event=trace_row ordinal=1812 kind=1 ns=268148598685891 fields=335,2,0,1010,995,200,1000,0,1,0,0,0,0,0,0,0
event=trace_row ordinal=1813 kind=3 ns=268148598717975 fields=335,336,0,2,268148598685891,0,0,0,0,0,0,0,0,6,0,2
event=trace_row ordinal=1814 kind=5 ns=268148608717318 fields=513,6,2,0,0,0,0,0,0,0,16,0,0,0,0,0
event=trace_row ordinal=1815 kind=0 ns=268148608685817 fields=336,2,0,50,2,0,0,0,0,0,0,0,0,0,0,0
event=trace_row ordinal=1816 kind=1 ns=268148608685817 fields=336,2,0,1010,995,200,1000,0,1,0,0,0,0,0,0,0
event=trace_row ordinal=1817 kind=1 ns=268148608685817 fields=336,2,1,1010,996,200,1000,0,1,0,0,0,0,0,0,0
event=trace_row ordinal=1818 kind=3 ns=268148608721401 fields=336,337,0,2,268148608685817,0,0,0,0,0,0,0,0,6,0,2
event=trace_row ordinal=1819 kind=5 ns=268148618724536 fields=513,6,2,0,0,0,0,0,0,0,16,0,0,0,0,0
event=trace_row ordinal=1820 kind=0 ns=268148618690119 fields=337,2,0,25,1,0,0,0,0,0,0,0,0,0,0,0
event=trace_row ordinal=1821 kind=1 ns=268148618690119 fields=337,2,0,1010,996,200,1000,0,1,0,0,0,0,0,0,0
event=trace_row ordinal=1822 kind=3 ns=268148618730077 fields=337,338,0,2,268148618690119,0,0,0,0,0,0,0,0,6,0,2
event=trace_row ordinal=1823 kind=4 ns=268148627503529 fields=1793,1,5,0,0,0,0,0,0,0,16,0,0,0,0,0
event=trace_row ordinal=1824 kind=5 ns=268148628719212 fields=513,6,2,0,0,0,0,0,0,0,16,0,0,0,0,0
event=trace_row ordinal=1825 kind=0 ns=268148628687128 fields=338,2,0,50,2,0,0,0,0,0,0,0,0,0,0,0
event=trace_row ordinal=1826 kind=1 ns=268148628687128 fields=338,2,0,1010,996,200,1000,0,1,0,0,0,0,0,0,0
event=trace_row ordinal=1827 kind=1 ns=268148628687128 fields=338,2,1,1010,995,200,1000,0,1,0,0,0,0,0,0,0
event=trace_row ordinal=1828 kind=3 ns=268148628723587 fields=338,339,0,2,268148628687128,0,0,0,0,0,0,0,0,6,0,2
event=trace_row ordinal=1829 kind=5 ns=268148638708638 fields=513,6,2,0,0,0,0,0,0,0,16,0,0,0,0,0
event=trace_row ordinal=1830 kind=0 ns=268148638684138 fields=339,2,0,25,1,0,0,0,0,0,0,0,0,0,0,0
event=trace_row ordinal=1831 kind=1 ns=268148638684138 fields=339,2,0,1010,995,200,1000,0,1,0,0,0,0,0,0,0
event=trace_row ordinal=1832 kind=3 ns=268148638712722 fields=339,340,0,2,268148638684138,0,0,0,0,0,0,0,0,6,0,2
event=trace_row ordinal=1833 kind=4 ns=268148643267741 fields=385,8,96,20,96,20,0,0,0,0,16,0,0,0,0,0
event=trace_row ordinal=1834 kind=4 ns=268148643446827 fields=641,5,3,0,0,0,0,0,0,0,16,0,0,0,0,0
event=trace_row ordinal=1835 kind=5 ns=268148648708273 fields=513,6,2,0,0,0,0,0,0,0,16,0,0,0,0,0
event=trace_row ordinal=1836 kind=0 ns=268148648684064 fields=340,2,0,25,1,0,0,0,0,0,0,0,0,0,0,0
event=trace_row ordinal=1837 kind=1 ns=268148648684064 fields=340,2,0,1010,995,200,1000,0,1,0,0,0,0,0,0,0
event=trace_row ordinal=1838 kind=3 ns=268148648712356 fields=340,341,0,2,268148648684064,0,0,0,0,0,0,0,0,6,0,2
event=trace_row ordinal=1839 kind=5 ns=268148658708491 fields=513,6,2,0,0,0,0,0,0,0,16,0,0,0,0,0
event=trace_row ordinal=1840 kind=0 ns=268148658682824 fields=341,2,0,50,2,0,0,0,0,0,0,0,0,0,0,0
event=trace_row ordinal=1841 kind=1 ns=268148658682824 fields=341,2,0,1010,996,200,1000,0,1,0,0,0,0,0,0,0
event=trace_row ordinal=1842 kind=1 ns=268148658682824 fields=341,2,1,1010,996,200,1000,0,1,0,0,0,0,0,0,0
event=trace_row ordinal=1843 kind=3 ns=268148658712866 fields=341,342,0,2,268148658682824,0,0,0,0,0,0,0,0,6,0,2
event=trace_row ordinal=1844 kind=5 ns=268148668702584 fields=513,6,2,0,0,0,0,0,0,0,16,0,0,0,0,0
event=trace_row ordinal=1845 kind=0 ns=268148668681000 fields=342,2,0,25,1,0,0,0,0,0,0,0,0,0,0,0
event=trace_row ordinal=1846 kind=1 ns=268148668681000 fields=342,2,0,1010,996,200,1000,0,1,0,0,0,0,0,0,0
event=trace_row ordinal=1847 kind=3 ns=268148668705501 fields=342,343,0,2,268148668681000,0,0,0,0,0,0,0,0,6,0,2
event=trace_row ordinal=1848 kind=5 ns=268148678699302 fields=513,6,2,0,0,0,0,0,0,0,16,0,0,0,0,0
event=trace_row ordinal=1849 kind=0 ns=268148678678010 fields=343,2,0,50,2,0,0,0,0,0,0,0,0,0,0,0
event=trace_row ordinal=1850 kind=1 ns=268148678678010 fields=343,2,0,1010,995,200,1000,0,1,0,0,0,0,0,0,0
event=trace_row ordinal=1851 kind=1 ns=268148678678010 fields=343,2,1,1010,995,200,1000,0,1,0,0,0,0,0,0,0
event=trace_row ordinal=1852 kind=3 ns=268148678702802 fields=343,344,0,2,268148678678010,0,0,0,0,0,0,0,0,6,0,2
event=trace_row ordinal=1853 kind=5 ns=268148688693687 fields=513,6,2,0,0,0,0,0,0,0,16,0,0,0,0,0
event=trace_row ordinal=1854 kind=0 ns=268148688675603 fields=344,2,0,25,1,0,0,0,0,0,0,0,0,0,0,0
event=trace_row ordinal=1855 kind=1 ns=268148688675603 fields=344,2,0,1010,996,200,1000,0,1,0,0,0,0,0,0,0
event=trace_row ordinal=1856 kind=3 ns=268148688696604 fields=344,345,0,2,268148688675603,0,0,0,0,0,0,0,0,6,0,2
event=trace_row ordinal=1857 kind=4 ns=268148693283999 fields=385,8,96,20,96,20,0,0,0,0,16,0,0,0,0,0
event=trace_row ordinal=1858 kind=4 ns=268148693461043 fields=641,5,3,0,0,0,0,0,0,0,16,0,0,0,0,0
event=trace_row ordinal=1859 kind=5 ns=268148698699155 fields=513,6,2,0,0,0,0,0,0,0,16,0,0,0,0,0
event=trace_row ordinal=1860 kind=0 ns=268148698677280 fields=345,2,0,50,2,0,0,0,0,0,0,0,0,0,0,0
event=trace_row ordinal=1861 kind=1 ns=268148698677280 fields=345,2,0,1010,996,200,1000,0,1,0,0,0,0,0,0,0
event=trace_row ordinal=1862 kind=1 ns=268148698677280 fields=345,2,1,1010,996,200,1000,0,1,0,0,0,0,0,0,0
event=trace_row ordinal=1863 kind=3 ns=268148698702363 fields=345,346,0,2,268148698677280,0,0,0,0,0,0,0,0,6,0,2
event=trace_row ordinal=1864 kind=5 ns=268148708694998 fields=513,6,2,0,0,0,0,0,0,0,16,0,0,0,0,0
event=trace_row ordinal=1865 kind=0 ns=268148708676331 fields=346,2,0,25,1,0,0,0,0,0,0,0,0,0,0,0
event=trace_row ordinal=1866 kind=1 ns=268148708676331 fields=346,2,0,1010,995,200,1000,0,1,0,0,0,0,0,0,0
event=trace_row ordinal=1867 kind=3 ns=268148708697915 fields=346,347,0,2,268148708676331,0,0,0,0,0,0,0,0,6,0,2
event=trace_row ordinal=1868 kind=5 ns=268148718694049 fields=513,6,2,0,0,0,0,0,0,0,16,0,0,0,0,0
event=trace_row ordinal=1869 kind=0 ns=268148718675674 fields=347,2,0,25,1,0,0,0,0,0,0,0,0,0,0,0
event=trace_row ordinal=1870 kind=1 ns=268148718675674 fields=347,2,0,1010,995,200,1000,0,1,0,0,0,0,0,0,0
event=trace_row ordinal=1871 kind=3 ns=268148718697258 fields=347,348,0,2,268148718675674,0,0,0,0,0,0,0,0,6,0,2
event=trace_row ordinal=1872 kind=5 ns=268148728701268 fields=513,6,2,0,0,0,0,0,0,0,16,0,0,0,0,0
event=trace_row ordinal=1873 kind=0 ns=268148728678809 fields=348,2,0,50,2,0,0,0,0,0,0,0,0,0,0,0
event=trace_row ordinal=1874 kind=1 ns=268148728678809 fields=348,2,0,1010,995,200,1000,0,1,0,0,0,0,0,0,0
event=trace_row ordinal=1875 kind=1 ns=268148728678809 fields=348,2,1,1010,996,200,1000,0,1,0,0,0,0,0,0,0
event=trace_row ordinal=1876 kind=3 ns=268148728705351 fields=348,349,0,2,268148728678809,0,0,0,0,0,0,0,0,6,0,2
event=trace_row ordinal=1877 kind=5 ns=268148738696236 fields=513,6,2,0,0,0,0,0,0,0,16,0,0,0,0,0
event=trace_row ordinal=1878 kind=0 ns=268148738677277 fields=349,2,0,25,1,0,0,0,0,0,0,0,0,0,0,0
event=trace_row ordinal=1879 kind=1 ns=268148738677277 fields=349,2,0,1010,996,200,1000,0,1,0,0,0,0,0,0,0
event=trace_row ordinal=1880 kind=3 ns=268148738700027 fields=349,350,0,2,268148738677277,0,0,0,0,0,0,0,0,6,0,2
event=trace_row ordinal=1881 kind=4 ns=268148743289464 fields=385,8,96,20,96,20,0,0,0,0,16,0,0,0,0,0
event=trace_row ordinal=1882 kind=4 ns=268148743472633 fields=641,5,3,0,0,0,0,0,0,0,16,0,0,0,0,0
event=trace_row ordinal=1883 kind=5 ns=268148748697329 fields=513,6,2,0,0,0,0,0,0,0,16,0,0,0,0,0
event=trace_row ordinal=1884 kind=0 ns=268148748676912 fields=350,2,0,50,2,0,0,0,0,0,0,0,0,0,0,0
event=trace_row ordinal=1885 kind=1 ns=268148748676912 fields=350,2,0,1010,996,200,1000,0,1,0,0,0,0,0,0,0
event=trace_row ordinal=1886 kind=1 ns=268148748676912 fields=350,2,1,1010,995,200,1000,0,1,0,0,0,0,0,0,0
event=trace_row ordinal=1887 kind=3 ns=268148748700829 fields=350,351,0,2,268148748676912,0,0,0,0,0,0,0,0,6,0,2
event=trace_row ordinal=1888 kind=5 ns=268148758693172 fields=513,6,2,0,0,0,0,0,0,0,16,0,0,0,0,0
event=trace_row ordinal=1889 kind=0 ns=268148758675380 fields=351,2,0,25,1,0,0,0,0,0,0,0,0,0,0,0
event=trace_row ordinal=1890 kind=1 ns=268148758675380 fields=351,2,0,1010,995,200,1000,0,1,0,0,0,0,0,0,0
event=trace_row ordinal=1891 kind=3 ns=268148758696088 fields=351,352,0,2,268148758675380,0,0,0,0,0,0,0,0,6,0,2
event=trace_row ordinal=1892 kind=5 ns=268148768695140 fields=513,6,2,0,0,0,0,0,0,0,16,0,0,0,0,0
event=trace_row ordinal=1893 kind=0 ns=268148768675598 fields=352,2,0,50,2,0,0,0,0,0,0,0,0,0,0,0
event=trace_row ordinal=1894 kind=1 ns=268148768675598 fields=352,2,0,1010,995,200,1000,0,1,0,0,0,0,0,0,0
event=trace_row ordinal=1895 kind=1 ns=268148768675598 fields=352,2,1,1010,996,200,1000,0,1,0,0,0,0,0,0,0
event=trace_row ordinal=1896 kind=3 ns=268148768698348 fields=352,353,0,2,268148768675598,0,0,0,0,0,0,0,0,6,0,2
event=trace_row ordinal=1897 kind=5 ns=268148778693316 fields=513,6,2,0,0,0,0,0,0,0,16,0,0,0,0,0
event=trace_row ordinal=1898 kind=0 ns=268148778675524 fields=353,2,0,25,1,0,0,0,0,0,0,0,0,0,0,0
event=trace_row ordinal=1899 kind=1 ns=268148778675524 fields=353,2,0,1010,996,200,1000,0,1,0,0,0,0,0,0,0
event=trace_row ordinal=1900 kind=3 ns=268148778696233 fields=353,354,0,2,268148778675524,0,0,0,0,0,0,0,0,6,0,2
event=trace_row ordinal=1901 kind=5 ns=268148788693243 fields=513,6,2,0,0,0,0,0,0,0,16,0,0,0,0,0
event=trace_row ordinal=1902 kind=0 ns=268148788675742 fields=354,2,0,25,1,0,0,0,0,0,0,0,0,0,0,0
event=trace_row ordinal=1903 kind=1 ns=268148788675742 fields=354,2,0,1010,996,200,1000,0,1,0,0,0,0,0,0,0
event=trace_row ordinal=1904 kind=3 ns=268148788696159 fields=354,355,0,2,268148788675742,0,0,0,0,0,0,0,0,6,0,2
event=trace_row ordinal=1905 kind=4 ns=268148793298721 fields=385,8,96,20,96,20,0,0,0,0,16,0,0,0,0,0
event=trace_row ordinal=1906 kind=4 ns=268148793483349 fields=641,5,3,0,0,0,0,0,0,0,16,0,0,0,0,0
event=trace_row ordinal=1907 kind=5 ns=268148798696377 fields=513,6,2,0,0,0,0,0,0,0,16,0,0,0,0,0
event=trace_row ordinal=1908 kind=0 ns=268148798676252 fields=355,2,0,50,2,0,0,0,0,0,0,0,0,0,0,0
event=trace_row ordinal=1909 kind=1 ns=268148798676252 fields=355,2,0,1010,995,200,1000,0,1,0,0,0,0,0,0,0
event=trace_row ordinal=1910 kind=1 ns=268148798676252 fields=355,2,1,1010,995,200,1000,0,1,0,0,0,0,0,0,0
event=trace_row ordinal=1911 kind=3 ns=268148798699586 fields=355,356,0,2,268148798676252,0,0,0,0,0,0,0,0,6,0,2
event=trace_row ordinal=1912 kind=5 ns=268148808714096 fields=513,6,2,0,0,0,0,0,0,0,16,0,0,0,0,0
event=trace_row ordinal=1913 kind=0 ns=268148808685512 fields=356,2,0,25,1,0,0,0,0,0,0,0,0,0,0,0
event=trace_row ordinal=1914 kind=1 ns=268148808685512 fields=356,2,0,1010,995,200,1000,0,1,0,0,0,0,0,0,0
event=trace_row ordinal=1915 kind=3 ns=268148808717887 fields=356,357,0,2,268148808685512,0,0,0,0,0,0,0,0,6,0,2
event=trace_row ordinal=1916 kind=5 ns=268148818697688 fields=513,6,2,0,0,0,0,0,0,0,16,0,0,0,0,0
event=trace_row ordinal=1917 kind=0 ns=268148818677563 fields=357,2,0,50,2,0,0,0,0,0,0,0,0,0,0,0
event=trace_row ordinal=1918 kind=1 ns=268148818677563 fields=357,2,0,1010,996,200,1000,0,1,0,0,0,0,0,0,0
event=trace_row ordinal=1919 kind=1 ns=268148818677563 fields=357,2,1,1010,996,200,1000,0,1,0,0,0,0,0,0,0
event=trace_row ordinal=1920 kind=3 ns=268148818700897 fields=357,358,0,2,268148818677563,0,0,0,0,0,0,0,0,6,0,2
event=trace_row ordinal=1921 kind=5 ns=268148828700240 fields=513,6,2,0,0,0,0,0,0,0,16,0,0,0,0,0
event=trace_row ordinal=1922 kind=0 ns=268148828679240 fields=358,2,0,25,1,0,0,0,0,0,0,0,0,0,0,0
event=trace_row ordinal=1923 kind=1 ns=268148828679240 fields=358,2,0,1010,995,200,1000,0,1,0,0,0,0,0,0,0
event=trace_row ordinal=1924 kind=3 ns=268148828703448 fields=358,359,0,2,268148828679240,0,0,0,0,0,0,0,0,6,0,2
event=trace_row ordinal=1925 kind=5 ns=268148838696666 fields=513,6,2,0,0,0,0,0,0,0,16,0,0,0,0,0
event=trace_row ordinal=1926 kind=0 ns=268148838676249 fields=359,2,0,50,2,0,0,0,0,0,0,0,0,0,0,0
event=trace_row ordinal=1927 kind=1 ns=268148838676249 fields=359,2,0,1010,995,200,1000,0,1,0,0,0,0,0,0,0
event=trace_row ordinal=1928 kind=1 ns=268148838676249 fields=359,2,1,1010,995,200,1000,0,1,0,0,0,0,0,0,0
event=trace_row ordinal=1929 kind=3 ns=268148838699875 fields=359,360,0,2,268148838676249,0,0,0,0,0,0,0,0,6,0,2
event=trace_row ordinal=1930 kind=4 ns=268148843313520 fields=385,8,96,20,96,20,0,0,0,0,16,0,0,0,0,0
event=trace_row ordinal=1931 kind=4 ns=268148843498148 fields=641,5,3,0,0,0,0,0,0,0,16,0,0,0,0,0
event=trace_row ordinal=1932 kind=5 ns=268148848696009 fields=513,6,2,0,0,0,0,0,0,0,16,0,0,0,0,0
event=trace_row ordinal=1933 kind=0 ns=268148848677051 fields=360,2,0,25,1,0,0,0,0,0,0,0,0,0,0,0
event=trace_row ordinal=1934 kind=1 ns=268148848677051 fields=360,2,0,1010,995,200,1000,0,1,0,0,0,0,0,0,0
event=trace_row ordinal=1935 kind=3 ns=268148848699218 fields=360,361,0,2,268148848677051,0,0,0,0,0,0,0,0,6,0,2
event=trace_row ordinal=1936 kind=5 ns=268148858693602 fields=513,6,2,0,0,0,0,0,0,0,16,0,0,0,0,0
event=trace_row ordinal=1937 kind=0 ns=268148858675810 fields=361,2,0,25,1,0,0,0,0,0,0,0,0,0,0,0
event=trace_row ordinal=1938 kind=1 ns=268148858675810 fields=361,2,0,1010,995,200,1000,0,1,0,0,0,0,0,0,0
event=trace_row ordinal=1939 kind=3 ns=268148858697102 fields=361,362,0,2,268148858675810,0,0,0,0,0,0,0,0,6,0,2
event=trace_row ordinal=1940 kind=5 ns=268148868694695 fields=513,6,2,0,0,0,0,0,0,0,16,0,0,0,0,0
event=trace_row ordinal=1941 kind=0 ns=268148868675737 fields=362,2,0,50,2,0,0,0,0,0,0,0,0,0,0,0
event=trace_row ordinal=1942 kind=1 ns=268148868675737 fields=362,2,0,1010,995,200,1000,0,1,0,0,0,0,0,0,0
event=trace_row ordinal=1943 kind=1 ns=268148868675737 fields=362,2,1,1010,995,200,1000,0,1,0,0,0,0,0,0,0
event=trace_row ordinal=1944 kind=3 ns=268148868697904 fields=362,363,0,2,268148868675737,0,0,0,0,0,0,0,0,6,0,2
event=trace_row ordinal=1945 kind=4 ns=268148877041433 fields=1793,1,5,0,0,0,0,0,0,0,16,0,0,0,0,0
event=trace_row ordinal=1946 kind=5 ns=268148878694622 fields=513,6,2,0,0,0,0,0,0,0,16,0,0,0,0,0
event=trace_row ordinal=1947 kind=0 ns=268148878676247 fields=363,2,0,25,1,0,0,0,0,0,0,0,0,0,0,0
event=trace_row ordinal=1948 kind=1 ns=268148878676247 fields=363,2,0,1010,995,200,1000,0,1,0,0,0,0,0,0,0
event=trace_row ordinal=1949 kind=3 ns=268148878697539 fields=363,364,0,2,268148878676247,0,0,0,0,0,0,0,0,6,0,2
event=trace_row ordinal=1950 kind=5 ns=268148888694548 fields=513,6,2,0,0,0,0,0,0,0,16,0,0,0,0,0
event=trace_row ordinal=1951 kind=0 ns=268148888675298 fields=364,2,0,50,2,0,0,0,0,0,0,0,0,0,0,0
event=trace_row ordinal=1952 kind=1 ns=268148888675298 fields=364,2,0,1010,995,200,1000,0,1,0,0,0,0,0,0,0
event=trace_row ordinal=1953 kind=1 ns=268148888675298 fields=364,2,1,1010,995,200,1000,0,1,0,0,0,0,0,0,0
event=trace_row ordinal=1954 kind=3 ns=268148888697465 fields=364,365,0,2,268148888675298,0,0,0,0,0,0,0,0,6,0,2
event=trace_row ordinal=1955 kind=4 ns=268148893271735 fields=385,8,96,20,96,20,0,0,0,0,16,0,0,0,0,0
event=trace_row ordinal=1956 kind=4 ns=268148893509738 fields=641,5,3,0,0,0,0,0,0,0,16,0,0,0,0,0
event=trace_row ordinal=1957 kind=5 ns=268148898694766 fields=513,6,2,0,0,0,0,0,0,0,16,0,0,0,0,0
event=trace_row ordinal=1958 kind=0 ns=268148898676683 fields=365,2,0,25,1,0,0,0,0,0,0,0,0,0,0,0
event=trace_row ordinal=1959 kind=1 ns=268148898676683 fields=365,2,0,1010,995,200,1000,0,1,0,0,0,0,0,0,0
event=trace_row ordinal=1960 kind=3 ns=268148898697975 fields=365,366,0,2,268148898676683,0,0,0,0,0,0,0,0,6,0,2
event=trace_row ordinal=1961 kind=5 ns=268148908695859 fields=513,6,2,0,0,0,0,0,0,0,16,0,0,0,0,0
event=trace_row ordinal=1962 kind=0 ns=268148908676026 fields=366,2,0,50,2,0,0,0,0,0,0,0,0,0,0,0
event=trace_row ordinal=1963 kind=1 ns=268148908676026 fields=366,2,0,1010,995,200,1000,0,1,0,0,0,0,0,0,0
event=trace_row ordinal=1964 kind=1 ns=268148908676026 fields=366,2,1,1010,995,200,1000,0,1,0,0,0,0,0,0,0
event=trace_row ordinal=1965 kind=3 ns=268148908699359 fields=366,367,0,2,268148908676026,0,0,0,0,0,0,0,0,6,0,2
event=trace_row ordinal=1966 kind=5 ns=268148918693161 fields=513,6,2,0,0,0,0,0,0,0,16,0,0,0,0,0
event=trace_row ordinal=1967 kind=0 ns=268148918675661 fields=367,2,0,25,1,0,0,0,0,0,0,0,0,0,0,0
event=trace_row ordinal=1968 kind=1 ns=268148918675661 fields=367,2,0,1010,995,200,1000,0,1,0,0,0,0,0,0,0
event=trace_row ordinal=1969 kind=3 ns=268148918696369 fields=367,368,0,2,268148918675661,0,0,0,0,0,0,0,0,6,0,2
event=trace_row ordinal=1970 kind=5 ns=268148928693379 fields=513,6,2,0,0,0,0,0,0,0,16,0,0,0,0,0
event=trace_row ordinal=1971 kind=0 ns=268148928675587 fields=368,2,0,25,1,0,0,0,0,0,0,0,0,0,0,0
event=trace_row ordinal=1972 kind=1 ns=268148928675587 fields=368,2,0,1010,995,200,1000,0,1,0,0,0,0,0,0,0
event=trace_row ordinal=1973 kind=3 ns=268148928696296 fields=368,369,0,2,268148928675587,0,0,0,0,0,0,0,0,6,0,2
event=trace_row ordinal=1974 kind=5 ns=268148938697389 fields=513,6,2,0,0,0,0,0,0,0,16,0,0,0,0,0
event=trace_row ordinal=1975 kind=0 ns=268148938676680 fields=369,2,0,50,2,0,0,0,0,0,0,0,0,0,0,0
event=trace_row ordinal=1976 kind=1 ns=268148938676680 fields=369,2,0,1010,995,200,1000,0,1,0,0,0,0,0,0,0
event=trace_row ordinal=1977 kind=1 ns=268148938676680 fields=369,2,1,1010,995,200,1000,0,1,0,0,0,0,0,0,0
event=trace_row ordinal=1978 kind=3 ns=268148938700889 fields=369,370,0,2,268148938676680,0,0,0,0,0,0,0,0,6,0,2
event=trace_row ordinal=1979 kind=4 ns=268148943334076 fields=385,8,96,20,96,20,0,0,0,0,16,0,0,0,0,0
event=trace_row ordinal=1980 kind=4 ns=268148943522495 fields=641,5,3,0,0,0,0,0,0,0,16,0,0,0,0,0
event=trace_row ordinal=1981 kind=5 ns=268148948696440 fields=513,6,2,0,0,0,0,0,0,0,16,0,0,0,0,0
event=trace_row ordinal=1982 kind=0 ns=268148948676898 fields=370,2,0,25,1,0,0,0,0,0,0,0,0,0,0,0
event=trace_row ordinal=1983 kind=1 ns=268148948676898 fields=370,2,0,1010,995,200,1000,0,1,0,0,0,0,0,0,0
event=trace_row ordinal=1984 kind=3 ns=268148948699648 fields=370,371,0,2,268148948676898,0,0,0,0,0,0,0,0,6,0,2
event=trace_row ordinal=1985 kind=5 ns=268148958701325 fields=513,6,2,0,0,0,0,0,0,0,16,0,0,0,0,0
event=trace_row ordinal=1986 kind=0 ns=268148958678283 fields=371,2,0,50,2,0,0,0,0,0,0,0,0,0,0,0
event=trace_row ordinal=1987 kind=1 ns=268148958678283 fields=371,2,0,1010,995,200,1000,0,1,0,0,0,0,0,0,0
event=trace_row ordinal=1988 kind=1 ns=268148958678283 fields=371,2,1,1010,995,200,1000,0,1,0,0,0,0,0,0,0
event=trace_row ordinal=1989 kind=3 ns=268148958705116 fields=371,372,0,2,268148958678283,0,0,0,0,0,0,0,0,6,0,2
event=trace_row ordinal=1990 kind=5 ns=268148968695709 fields=513,6,2,0,0,0,0,0,0,0,16,0,0,0,0,0
event=trace_row ordinal=1991 kind=0 ns=268148968676751 fields=372,2,0,25,1,0,0,0,0,0,0,0,0,0,0,0
event=trace_row ordinal=1992 kind=1 ns=268148968676751 fields=372,2,0,1010,996,200,1000,0,1,0,0,0,0,0,0,0
event=trace_row ordinal=1993 kind=3 ns=268148968699501 fields=372,373,0,2,268148968676751,0,0,0,0,0,0,0,0,6,0,2
event=trace_row ordinal=1994 kind=5 ns=268148978709927 fields=513,6,2,0,0,0,0,0,0,0,16,0,0,0,0,0
event=trace_row ordinal=1995 kind=0 ns=268148978682219 fields=373,2,0,50,2,0,0,0,0,0,0,0,0,0,0,0
event=trace_row ordinal=1996 kind=1 ns=268148978682219 fields=373,2,0,1010,996,200,1000,0,1,0,0,0,0,0,0,0
event=trace_row ordinal=1997 kind=1 ns=268148978682219 fields=373,2,1,1010,996,200,1000,0,1,0,0,0,0,0,0,0
event=trace_row ordinal=1998 kind=3 ns=268148978713427 fields=373,374,0,2,268148978682219,0,0,0,0,0,0,0,0,6,0,2
event=trace_row ordinal=1999 kind=5 ns=268148988697895 fields=513,6,2,0,0,0,0,0,0,0,16,0,0,0,0,0
event=trace_row ordinal=2000 kind=0 ns=268148988678062 fields=374,2,0,25,1,0,0,0,0,0,0,0,0,0,0,0
event=trace_row ordinal=2001 kind=1 ns=268148988678062 fields=374,2,0,1010,995,200,1000,0,1,0,0,0,0,0,0,0
event=trace_row ordinal=2002 kind=3 ns=268148988701104 fields=374,375,0,2,268148988678062,0,0,0,0,0,0,0,0,6,0,2
event=trace_row ordinal=2003 kind=4 ns=268148993372208 fields=385,8,96,20,96,20,0,0,0,0,16,0,0,0,0,0
event=trace_row ordinal=2004 kind=4 ns=268148993541669 fields=641,5,3,0,0,0,0,0,0,0,16,0,0,0,0,0
event=trace_row ordinal=2005 kind=5 ns=268148998710072 fields=513,6,2,0,0,0,0,0,0,0,16,0,0,0,0,0
event=trace_row ordinal=2006 kind=0 ns=268148998684696 fields=375,2,0,25,1,0,0,0,0,0,0,0,0,0,0,0
event=trace_row ordinal=2007 kind=1 ns=268148998684696 fields=375,2,0,1010,995,200,1000,0,1,0,0,0,0,0,0,0
event=trace_row ordinal=2008 kind=3 ns=268148998715030 fields=375,376,0,2,268148998684696,0,0,0,0,0,0,0,0,6,0,2
event=trace_row ordinal=2009 kind=5 ns=268149008706498 fields=513,6,2,0,0,0,0,0,0,0,16,0,0,0,0,0
event=trace_row ordinal=2010 kind=0 ns=268149008681998 fields=376,2,0,51,2,0,0,0,0,0,0,0,0,0,0,0
event=trace_row ordinal=2011 kind=1 ns=268149008681998 fields=376,2,0,1010,995,200,1000,0,1,0,0,0,0,0,0,0
event=trace_row ordinal=2012 kind=1 ns=268149008681998 fields=376,2,1,1010,995,200,1000,0,1,0,0,0,0,0,0,0
event=trace_row ordinal=2013 kind=3 ns=268149008710290 fields=376,377,0,2,268149008681998,0,0,0,0,0,0,0,0,6,0,2
event=trace_row ordinal=2014 kind=5 ns=268149018709924 fields=513,6,2,0,0,0,0,0,0,0,16,0,0,0,0,0
event=trace_row ordinal=2015 kind=0 ns=268149018684549 fields=377,2,0,26,1,0,0,0,0,0,0,0,0,0,0,0
event=trace_row ordinal=2016 kind=1 ns=268149018684549 fields=377,2,0,1010,995,200,1000,0,1,0,0,0,0,0,0,0
event=trace_row ordinal=2017 kind=3 ns=268149018713716 fields=377,378,0,2,268149018684549,0,0,0,0,0,0,0,0,6,0,2
event=trace_row ordinal=2018 kind=5 ns=268149028703142 fields=513,6,2,0,0,0,0,0,0,0,16,0,0,0,0,0
event=trace_row ordinal=2019 kind=0 ns=268149028680100 fields=378,2,0,52,2,0,0,0,0,0,0,0,0,0,0,0
event=trace_row ordinal=2020 kind=1 ns=268149028680100 fields=378,2,0,1010,995,200,1000,0,1,0,0,0,0,0,0,0
event=trace_row ordinal=2021 kind=1 ns=268149028680100 fields=378,2,1,1010,995,200,1000,0,1,0,0,0,0,0,0,0
event=trace_row ordinal=2022 kind=3 ns=268149028706642 fields=378,379,0,2,268149028680100,0,0,0,0,0,0,0,0,6,0,2
event=trace_row ordinal=2023 kind=5 ns=268149038736610 fields=513,6,2,0,0,0,0,0,0,0,16,0,0,0,0,0
event=trace_row ordinal=2024 kind=0 ns=268149038695777 fields=379,2,0,26,1,0,0,0,0,0,0,0,0,0,0,0
event=trace_row ordinal=2025 kind=1 ns=268149038695777 fields=379,2,0,1010,995,200,1000,0,1,0,0,0,0,0,0,0
event=trace_row ordinal=2026 kind=3 ns=268149038742152 fields=379,380,0,2,268149038695777,0,0,0,0,0,0,0,0,6,0,2
event=trace_row ordinal=2027 kind=4 ns=268149043370381 fields=385,8,96,20,96,20,0,0,0,0,16,0,0,0,0,0
event=trace_row ordinal=2028 kind=4 ns=268149043546550 fields=641,5,3,0,0,0,0,0,0,0,16,0,0,0,0,0
event=trace_row ordinal=2029 kind=5 ns=268149048721078 fields=513,6,2,0,0,0,0,0,0,0,16,0,0,0,0,0
event=trace_row ordinal=2030 kind=0 ns=268149048687536 fields=380,2,0,52,2,0,0,0,0,0,0,0,0,0,0,0
event=trace_row ordinal=2031 kind=1 ns=268149048687536 fields=380,2,0,1010,995,200,1000,0,1,0,0,0,0,0,0,0
event=trace_row ordinal=2032 kind=1 ns=268149048687536 fields=380,2,1,1010,996,200,1000,0,1,0,0,0,0,0,0,0
event=trace_row ordinal=2033 kind=3 ns=268149048725745 fields=380,381,0,2,268149048687536,0,0,0,0,0,0,0,0,6,0,2
event=trace_row ordinal=2034 kind=5 ns=268149058719838 fields=513,6,2,0,0,0,0,0,0,0,16,0,0,0,0,0
event=trace_row ordinal=2035 kind=0 ns=268149058688337 fields=381,2,0,26,1,0,0,0,0,0,0,0,0,0,0,0
event=trace_row ordinal=2036 kind=1 ns=268149058688337 fields=381,2,0,1010,996,200,1000,0,1,0,0,0,0,0,0,0
event=trace_row ordinal=2037 kind=3 ns=268149058723629 fields=381,382,0,2,268149058688337,0,0,0,0,0,0,0,0,6,0,2
event=trace_row ordinal=2038 kind=5 ns=268149068706639 fields=513,6,2,0,0,0,0,0,0,0,16,0,0,0,0,0
event=trace_row ordinal=2039 kind=0 ns=268149068683013 fields=382,2,0,26,1,0,0,0,0,0,0,0,0,0,0,0
event=trace_row ordinal=2040 kind=1 ns=268149068683013 fields=382,2,0,1010,996,200,1000,0,1,0,0,0,0,0,0,0
event=trace_row ordinal=2041 kind=3 ns=268149068709847 fields=382,383,0,2,268149068683013,0,0,0,0,0,0,0,0,6,0,2
event=trace_row ordinal=2042 kind=5 ns=268149078714440 fields=513,6,2,0,0,0,0,0,0,0,16,0,0,0,0,0
event=trace_row ordinal=2043 kind=0 ns=268149078685273 fields=383,2,0,52,2,0,0,0,0,0,0,0,0,0,0,0
event=trace_row ordinal=2044 kind=1 ns=268149078685273 fields=383,2,0,1010,995,200,1000,0,1,0,0,0,0,0,0,0
event=trace_row ordinal=2045 kind=1 ns=268149078685273 fields=383,2,1,1010,995,200,1000,0,1,0,0,0,0,0,0,0
event=trace_row ordinal=2046 kind=3 ns=268149078717940 fields=383,384,0,2,268149078685273,0,0,0,0,0,0,0,0,6,0,2
event=trace_row ordinal=2047 kind=5 ns=268149088705325 fields=513,6,2,0,0,0,0,0,0,0,16,0,0,0,0,0
event=trace_row ordinal=2048 kind=0 ns=268149088681991 fields=384,2,0,26,1,0,0,0,0,0,0,0,0,0,0,0
event=trace_row ordinal=2049 kind=1 ns=268149088681991 fields=384,2,0,1010,995,200,1000,0,1,0,0,0,0,0,0,0
event=trace_row ordinal=2050 kind=3 ns=268149088709116 fields=384,385,0,2,268149088681991,0,0,0,0,0,0,0,0,6,0,2
event=trace_row ordinal=2051 kind=4 ns=268149093381388 fields=385,8,96,20,96,20,0,0,0,0,16,0,0,0,0,0
event=trace_row ordinal=2052 kind=4 ns=268149093557557 fields=641,5,3,0,0,0,0,0,0,0,16,0,0,0,0,0
event=trace_row ordinal=2053 kind=5 ns=268149098712543 fields=513,6,2,0,0,0,0,0,0,0,16,0,0,0,0,0
event=trace_row ordinal=2054 kind=0 ns=268149098685126 fields=385,2,0,52,2,0,0,0,0,0,0,0,0,0,0,0
event=trace_row ordinal=2055 kind=1 ns=268149098685126 fields=385,2,0,1010,995,200,1000,0,1,0,0,0,0,0,0,0
event=trace_row ordinal=2056 kind=1 ns=268149098685126 fields=385,2,1,1010,995,200,1000,0,1,0,0,0,0,0,0,0
event=trace_row ordinal=2057 kind=3 ns=268149098716918 fields=385,386,0,2,268149098685126,0,0,0,0,0,0,0,0,6,0,2
event=trace_row ordinal=2058 kind=5 ns=268149108704886 fields=513,6,2,0,0,0,0,0,0,0,16,0,0,0,0,0
event=trace_row ordinal=2059 kind=0 ns=268149108682135 fields=386,2,0,26,1,0,0,0,0,0,0,0,0,0,0,0
event=trace_row ordinal=2060 kind=1 ns=268149108682135 fields=386,2,0,1010,995,200,1000,0,1,0,0,0,0,0,0,0
event=trace_row ordinal=2061 kind=3 ns=268149108708094 fields=386,387,0,2,268149108682135,0,0,0,0,0,0,0,0,6,0,2
event=trace_row ordinal=2062 kind=5 ns=268149118711229 fields=513,6,2,0,0,0,0,0,0,0,16,0,0,0,0,0
event=trace_row ordinal=2063 kind=0 ns=268149118684103 fields=387,2,0,52,2,0,0,0,0,0,0,0,0,0,0,0
event=trace_row ordinal=2064 kind=1 ns=268149118684103 fields=387,2,0,1010,995,200,1000,0,1,0,0,0,0,0,0,0
event=trace_row ordinal=2065 kind=1 ns=268149118684103 fields=387,2,1,1010,995,200,1000,0,1,0,0,0,0,0,0,0
event=trace_row ordinal=2066 kind=3 ns=268149118715020 fields=387,388,0,2,268149118684103,0,0,0,0,0,0,0,0,6,0,2
event=trace_row ordinal=2067 kind=4 ns=268149126560084 fields=1793,1,5,0,0,0,0,0,0,0,16,0,0,0,0,0
event=trace_row ordinal=2068 kind=5 ns=268149128702696 fields=513,6,2,0,0,0,0,0,0,0,16,0,0,0,0,0
event=trace_row ordinal=2069 kind=0 ns=268149128681113 fields=388,2,0,26,1,0,0,0,0,0,0,0,0,0,0,0
event=trace_row ordinal=2070 kind=1 ns=268149128681113 fields=388,2,0,1010,996,200,1000,0,1,0,0,0,0,0,0,0
event=trace_row ordinal=2071 kind=3 ns=268149128706488 fields=388,389,0,2,268149128681113,0,0,0,0,0,0,0,0,6,0,2
event=trace_row ordinal=2072 kind=5 ns=268149138704081 fields=513,6,2,0,0,0,0,0,0,0,16,0,0,0,0,0
event=trace_row ordinal=2073 kind=0 ns=268149138682206 fields=389,2,0,26,1,0,0,0,0,0,0,0,0,0,0,0
event=trace_row ordinal=2074 kind=1 ns=268149138682206 fields=389,2,0,1010,996,200,1000,0,1,0,0,0,0,0,0,0
event=trace_row ordinal=2075 kind=3 ns=268149138706998 fields=389,390,0,2,268149138682206,0,0,0,0,0,0,0,0,6,0,2
event=trace_row ordinal=2076 kind=4 ns=268149143385102 fields=385,8,96,20,96,20,0,0,0,0,16,0,0,0,0,0
event=trace_row ordinal=2077 kind=4 ns=268149143567105 fields=641,5,3,0,0,0,0,0,0,0,16,0,0,0,0,0
event=trace_row ordinal=2078 kind=5 ns=268149148710716 fields=513,6,2,0,0,0,0,0,0,0,16,0,0,0,0,0
event=trace_row ordinal=2079 kind=0 ns=268149148683590 fields=390,2,0,51,2,0,0,0,0,0,0,0,0,0,0,0
event=trace_row ordinal=2080 kind=1 ns=268149148683590 fields=390,2,0,1010,996,200,1000,0,1,0,0,0,0,0,0,0
event=trace_row ordinal=2081 kind=1 ns=268149148683590 fields=390,2,1,1010,995,200,1000,0,1,0,0,0,0,0,0,0
event=trace_row ordinal=2082 kind=3 ns=268149148715674 fields=390,391,0,2,268149148683590,0,0,0,0,0,0,0,0,6,0,2
event=trace_row ordinal=2083 kind=5 ns=268149158709475 fields=513,6,2,0,0,0,0,0,0,0,16,0,0,0,0,0
event=trace_row ordinal=2084 kind=0 ns=268149158684392 fields=391,2,0,25,1,0,0,0,0,0,0,0,0,0,0,0
event=trace_row ordinal=2085 kind=1 ns=268149158684392 fields=391,2,0,1010,995,200,1000,0,1,0,0,0,0,0,0,0
event=trace_row ordinal=2086 kind=3 ns=268149158714142 fields=391,392,0,2,268149158684392,0,0,0,0,0,0,0,0,6,0,2
event=trace_row ordinal=2087 kind=5 ns=268149168700360 fields=513,6,2,0,0,0,0,0,0,0,16,0,0,0,0,0
event=trace_row ordinal=2088 kind=0 ns=268149168678776 fields=392,2,0,50,2,0,0,0,0,0,0,0,0,0,0,0
event=trace_row ordinal=2089 kind=1 ns=268149168678776 fields=392,2,0,1010,995,200,1000,0,1,0,0,0,0,0,0,0
event=trace_row ordinal=2090 kind=1 ns=268149168678776 fields=392,2,1,1010,996,200,1000,0,1,0,0,0,0,0,0,0
event=trace_row ordinal=2091 kind=3 ns=268149168703860 fields=392,393,0,2,268149168678776,0,0,0,0,0,0,0,0,6,0,2
event=trace_row ordinal=2092 kind=5 ns=268149178696203 fields=513,6,2,0,0,0,0,0,0,0,16,0,0,0,0,0
event=trace_row ordinal=2093 kind=0 ns=268149178677244 fields=393,2,0,25,1,0,0,0,0,0,0,0,0,0,0,0
event=trace_row ordinal=2094 kind=1 ns=268149178677244 fields=393,2,0,1010,996,200,1000,0,1,0,0,0,0,0,0,0
event=trace_row ordinal=2095 kind=3 ns=268149178699703 fields=393,394,0,2,268149178677244,0,0,0,0,0,0,0,0,6,0,2
event=trace_row ordinal=2096 kind=5 ns=268149188695254 fields=513,6,2,0,0,0,0,0,0,0,16,0,0,0,0,0
event=trace_row ordinal=2097 kind=0 ns=268149188676295 fields=394,2,0,50,2,0,0,0,0,0,0,0,0,0,0,0
event=trace_row ordinal=2098 kind=1 ns=268149188676295 fields=394,2,0,1010,996,200,1000,0,1,0,0,0,0,0,0,0
event=trace_row ordinal=2099 kind=1 ns=268149188676295 fields=394,2,1,1010,995,200,1000,0,1,0,0,0,0,0,0,0
event=trace_row ordinal=2100 kind=3 ns=268149188698462 fields=394,395,0,2,268149188676295,0,0,0,0,0,0,0,0,6,0,2
event=trace_row ordinal=2101 kind=4 ns=268149193403109 fields=385,8,96,20,96,20,0,0,0,0,16,0,0,0,0,0
event=trace_row ordinal=2102 kind=4 ns=268149193586570 fields=641,5,3,0,0,0,0,0,0,0,16,0,0,0,0,0
event=trace_row ordinal=2103 kind=5 ns=268149198695472 fields=513,6,2,0,0,0,0,0,0,0,16,0,0,0,0,0
event=trace_row ordinal=2104 kind=0 ns=268149198676513 fields=395,2,0,25,1,0,0,0,0,0,0,0,0,0,0,0
event=trace_row ordinal=2105 kind=1 ns=268149198676513 fields=395,2,0,1010,995,200,1000,0,1,0,0,0,0,0,0,0
event=trace_row ordinal=2106 kind=3 ns=268149198698972 fields=395,396,0,2,268149198676513,0,0,0,0,0,0,0,0,6,0,2
event=trace_row ordinal=2107 kind=5 ns=268149208693356 fields=513,6,2,0,0,0,0,0,0,0,16,0,0,0,0,0
event=trace_row ordinal=2108 kind=0 ns=268149208675856 fields=396,2,0,25,1,0,0,0,0,0,0,0,0,0,0,0
event=trace_row ordinal=2109 kind=1 ns=268149208675856 fields=396,2,0,1010,995,200,1000,0,1,0,0,0,0,0,0,0
event=trace_row ordinal=2110 kind=3 ns=268149208697148 fields=396,397,0,2,268149208675856,0,0,0,0,0,0,0,0,6,0,2
event=trace_row ordinal=2111 kind=5 ns=268149218694741 fields=513,6,2,0,0,0,0,0,0,0,16,0,0,0,0,0
event=trace_row ordinal=2112 kind=0 ns=268149218675491 fields=397,2,0,50,2,0,0,0,0,0,0,0,0,0,0,0
event=trace_row ordinal=2113 kind=1 ns=268149218675491 fields=397,2,0,1010,996,200,1000,0,1,0,0,0,0,0,0,0
event=trace_row ordinal=2114 kind=1 ns=268149218675491 fields=397,2,1,1010,996,200,1000,0,1,0,0,0,0,0,0,0
event=trace_row ordinal=2115 kind=3 ns=268149218697658 fields=397,398,0,2,268149218675491,0,0,0,0,0,0,0,0,6,0,2
event=trace_row ordinal=2116 kind=5 ns=268149228692917 fields=513,6,2,0,0,0,0,0,0,0,16,0,0,0,0,0
event=trace_row ordinal=2117 kind=0 ns=268149228675125 fields=398,2,0,25,1,0,0,0,0,0,0,0,0,0,0,0
event=trace_row ordinal=2118 kind=1 ns=268149228675125 fields=398,2,0,1010,996,200,1000,0,1,0,0,0,0,0,0,0
event=trace_row ordinal=2119 kind=3 ns=268149228695834 fields=398,399,0,2,268149228675125,0,0,0,0,0,0,0,0,6,0,2
event=trace_row ordinal=2120 kind=5 ns=268149238694302 fields=513,6,2,0,0,0,0,0,0,0,16,0,0,0,0,0
event=trace_row ordinal=2121 kind=0 ns=268149238675052 fields=399,2,0,50,2,0,0,0,0,0,0,0,0,0,0,0
event=trace_row ordinal=2122 kind=1 ns=268149238675052 fields=399,2,0,1010,996,200,1000,0,1,0,0,0,0,0,0,0
event=trace_row ordinal=2123 kind=1 ns=268149238675052 fields=399,2,1,1010,996,200,1000,0,1,0,0,0,0,0,0,0
event=trace_row ordinal=2124 kind=3 ns=268149238697510 fields=399,400,0,2,268149238675052,0,0,0,0,0,0,0,0,6,0,2
event=trace_row ordinal=2125 kind=4 ns=268149243405365 fields=385,8,96,20,96,20,0,0,0,0,16,0,0,0,0,0
event=trace_row ordinal=2126 kind=4 ns=268149243592326 fields=641,5,3,0,0,0,0,0,0,0,16,0,0,0,0,0
event=trace_row ordinal=2127 kind=5 ns=268149248694228 fields=513,6,2,0,0,0,0,0,0,0,16,0,0,0,0,0
event=trace_row ordinal=2128 kind=0 ns=268149248676145 fields=400,2,0,25,1,0,0,0,0,0,0,0,0,0,0,0
event=trace_row ordinal=2129 kind=1 ns=268149248676145 fields=400,2,0,1009,995,200,1000,0,1,0,0,0,0,0,0,0
event=trace_row ordinal=2130 kind=3 ns=268149248697437 fields=400,401,0,2,268149248676145,0,0,0,0,0,0,0,0,6,0,2
event=trace_row ordinal=2131 kind=5 ns=268149258699696 fields=513,6,2,0,0,0,0,0,0,0,16,0,0,0,0,0
event=trace_row ordinal=2132 kind=0 ns=268149258677821 fields=401,2,0,50,2,0,0,0,0,0,0,0,0,0,0,0
event=trace_row ordinal=2133 kind=1 ns=268149258677821 fields=401,2,0,1009,995,200,1000,0,1,0,0,0,0,0,0,0
event=trace_row ordinal=2134 kind=1 ns=268149258677821 fields=401,2,1,1009,995,200,1000,0,1,0,0,0,0,0,0,0
event=trace_row ordinal=2135 kind=3 ns=268149258703780 fields=401,402,0,2,268149258677821,0,0,0,0,0,0,0,0,6,0,2
event=trace_row ordinal=2136 kind=5 ns=268149268693206 fields=513,6,2,0,0,0,0,0,0,0,16,0,0,0,0,0
event=trace_row ordinal=2137 kind=0 ns=268149268675705 fields=402,2,0,25,1,0,0,0,0,0,0,0,0,0,0,0
event=trace_row ordinal=2138 kind=1 ns=268149268675705 fields=402,2,0,1010,995,200,1000,0,1,0,0,0,0,0,0,0
event=trace_row ordinal=2139 kind=3 ns=268149268696414 fields=402,403,0,2,268149268675705,0,0,0,0,0,0,0,0,6,0,2
event=trace_row ordinal=2140 kind=5 ns=268149278692840 fields=513,6,2,0,0,0,0,0,0,0,16,0,0,0,0,0
event=trace_row ordinal=2141 kind=0 ns=268149278675048 fields=403,2,0,25,1,0,0,0,0,0,0,0,0,0,0,0
event=trace_row ordinal=2142 kind=1 ns=268149278675048 fields=403,2,0,1010,995,200,1000,0,1,0,0,0,0,0,0,0
event=trace_row ordinal=2143 kind=3 ns=268149278695757 fields=403,404,0,2,268149278675048,0,0,0,0,0,0,0,0,6,0,2
event=trace_row ordinal=2144 kind=5 ns=268149288695392 fields=513,6,2,0,0,0,0,0,0,0,16,0,0,0,0,0
event=trace_row ordinal=2145 kind=0 ns=268149288675850 fields=404,2,0,50,2,0,0,0,0,0,0,0,0,0,0,0
event=trace_row ordinal=2146 kind=1 ns=268149288675850 fields=404,2,0,1010,995,200,1000,0,1,0,0,0,0,0,0,0
event=trace_row ordinal=2147 kind=1 ns=268149288675850 fields=404,2,1,1010,996,1800,1000,0,1,0,0,0,0,0,0,0
event=trace_row ordinal=2148 kind=3 ns=268149288698600 fields=404,405,0,2,268149288675850,0,0,0,0,0,0,0,0,6,0,2
event=trace_row ordinal=2149 kind=4 ns=268149293418122 fields=385,8,96,20,96,20,0,0,0,0,16,0,0,0,0,0
event=trace_row ordinal=2150 kind=4 ns=268149293603624 fields=641,5,3,0,0,0,0,0,0,0,16,0,0,0,0,0
event=trace_row ordinal=2151 kind=5 ns=268149298696485 fields=513,6,2,0,0,0,0,0,0,0,16,0,0,0,0,0
event=trace_row ordinal=2152 kind=0 ns=268149298676068 fields=405,2,0,25,1,0,0,0,0,0,0,0,0,0,0,0
event=trace_row ordinal=2153 kind=1 ns=268149298676068 fields=405,2,0,1010,996,1800,1000,0,1,0,0,0,0,0,0,0
event=trace_row ordinal=2154 kind=3 ns=268149298699401 fields=405,406,1,2,268149298676068,0,0,0,0,0,0,0,0,6,1,3
event=trace_row ordinal=2155 kind=5 ns=268149308751245 fields=513,6,2,0,0,0,0,0,0,0,16,0,0,0,0,0
event=trace_row ordinal=2156 kind=0 ns=268149308703411 fields=406,2,0,50,2,0,0,0,0,0,0,0,0,0,0,0
event=trace_row ordinal=2157 kind=1 ns=268149308703411 fields=406,2,0,1010,996,1800,1000,0,1,0,0,0,0,0,0,0
event=trace_row ordinal=2158 kind=1 ns=268149308703411 fields=406,2,1,1010,996,1800,1000,0,1,0,0,0,0,0,0,0
event=trace_row ordinal=2159 kind=3 ns=268149308757078 fields=406,407,1,2,268149308703411,0,0,0,0,0,0,0,0,6,1,3
event=trace_row ordinal=2160 kind=5 ns=268149318697212 fields=513,6,2,0,0,0,0,0,0,0,16,0,0,0,0,0
event=trace_row ordinal=2161 kind=0 ns=268149318677379 fields=407,2,0,25,1,0,0,0,0,0,0,0,0,0,0,0
event=trace_row ordinal=2162 kind=1 ns=268149318677379 fields=407,2,0,1010,996,1800,1000,0,1,0,0,0,0,0,0,0
event=trace_row ordinal=2163 kind=3 ns=268149318700421 fields=407,408,1,2,268149318677379,0,0,0,0,0,0,0,0,6,1,3
event=trace_row ordinal=2164 kind=5 ns=268149328696263 fields=513,6,2,0,0,0,0,0,0,0,16,0,0,0,0,0
event=trace_row ordinal=2165 kind=0 ns=268149328676138 fields=408,2,0,50,2,0,0,0,0,0,0,0,0,0,0,0
event=trace_row ordinal=2166 kind=1 ns=268149328676138 fields=408,2,0,1010,996,1800,1000,0,1,0,0,0,0,0,0,0
event=trace_row ordinal=2167 kind=1 ns=268149328676138 fields=408,2,1,1010,996,1800,1000,0,1,0,0,0,0,0,0,0
event=trace_row ordinal=2168 kind=3 ns=268149328700055 fields=408,409,1,2,268149328676138,0,0,0,0,0,0,0,0,6,1,3
event=trace_row ordinal=2169 kind=5 ns=268149338694148 fields=513,6,2,0,0,0,0,0,0,0,16,0,0,0,0,0
event=trace_row ordinal=2170 kind=0 ns=268149338676064 fields=409,2,0,25,1,0,0,0,0,0,0,0,0,0,0,0
event=trace_row ordinal=2171 kind=1 ns=268149338676064 fields=409,2,0,1010,996,1800,1000,0,1,0,0,0,0,0,0,0
event=trace_row ordinal=2172 kind=3 ns=268149338697065 fields=409,410,1,2,268149338676064,0,0,0,0,0,0,0,0,6,1,3
event=trace_row ordinal=2173 kind=4 ns=268149343432920 fields=385,8,96,20,96,20,0,0,0,0,16,0,0,0,0,0
event=trace_row ordinal=2174 kind=4 ns=268149343618423 fields=641,5,3,0,0,0,0,0,0,0,16,0,0,0,0,0
event=trace_row ordinal=2175 kind=5 ns=268149348695533 fields=513,6,2,0,0,0,0,0,0,0,16,0,0,0,0,0
event=trace_row ordinal=2176 kind=0 ns=268149348676866 fields=410,2,0,25,1,0,0,0,0,0,0,0,0,0,0,0
event=trace_row ordinal=2177 kind=1 ns=268149348676866 fields=410,2,0,1010,996,1800,1000,0,1,0,0,0,0,0,0,0
event=trace_row ordinal=2178 kind=3 ns=268149348698449 fields=410,411,1,2,268149348676866,0,0,0,0,0,0,0,0,6,1,3
event=trace_row ordinal=2179 kind=5 ns=268149358697501 fields=513,6,2,0,0,0,0,0,0,0,16,0,0,0,0,0
event=trace_row ordinal=2180 kind=0 ns=268149358676792 fields=411,2,0,50,2,0,0,0,0,0,0,0,0,0,0,0
event=trace_row ordinal=2181 kind=1 ns=268149358676792 fields=411,2,0,1010,996,1800,1000,0,1,0,0,0,0,0,0,0
event=trace_row ordinal=2182 kind=1 ns=268149358676792 fields=411,2,1,1010,996,1800,1000,0,1,0,0,0,0,0,0,0
event=trace_row ordinal=2183 kind=3 ns=268149358701001 fields=411,412,1,2,268149358676792,0,0,0,0,0,0,0,0,6,1,3
event=trace_row ordinal=2184 kind=5 ns=268149368696552 fields=513,6,2,0,0,0,0,0,0,0,16,0,0,0,0,0
event=trace_row ordinal=2185 kind=0 ns=268149368677302 fields=412,2,0,25,1,0,0,0,0,0,0,0,0,0,0,0
event=trace_row ordinal=2186 kind=1 ns=268149368677302 fields=412,2,0,1010,996,1800,1000,0,1,0,0,0,0,0,0,0
event=trace_row ordinal=2187 kind=3 ns=268149368699469 fields=412,413,1,2,268149368677302,0,0,0,0,0,0,0,0,6,1,3
event=trace_row ordinal=2188 kind=4 ns=268149376104402 fields=1793,1,5,0,0,0,0,0,0,0,16,0,0,0,0,0
event=trace_row ordinal=2189 kind=5 ns=268149378696770 fields=513,6,2,0,0,0,0,0,0,0,16,0,0,0,0,0
event=trace_row ordinal=2190 kind=0 ns=268149378676353 fields=413,2,0,50,2,0,0,0,0,0,0,0,0,0,0,0
event=trace_row ordinal=2191 kind=1 ns=268149378676353 fields=413,2,0,1010,996,1800,1000,0,1,0,0,0,0,0,0,0
event=trace_row ordinal=2192 kind=1 ns=268149378676353 fields=413,2,1,1010,996,1800,1000,0,1,0,0,0,0,0,0,0
event=trace_row ordinal=2193 kind=3 ns=268149378700561 fields=413,414,1,2,268149378676353,0,0,0,0,0,0,0,0,6,1,3
event=trace_row ordinal=2194 kind=5 ns=268149388693779 fields=513,6,2,0,0,0,0,0,0,0,16,0,0,0,0,0
event=trace_row ordinal=2195 kind=0 ns=268149388675404 fields=414,2,0,25,1,0,0,0,0,0,0,0,0,0,0,0
event=trace_row ordinal=2196 kind=1 ns=268149388675404 fields=414,2,0,1010,996,1800,1000,0,1,0,0,0,0,0,0,0
event=trace_row ordinal=2197 kind=3 ns=268149388696696 fields=414,415,1,2,268149388675404,0,0,0,0,0,0,0,0,6,1,3
event=trace_row ordinal=2198 kind=4 ns=268149393439843 fields=385,8,96,20,96,20,0,0,0,0,16,0,0,0,0,0
event=trace_row ordinal=2199 kind=4 ns=268149393628846 fields=641,5,3,0,0,0,0,0,0,0,16,0,0,0,0,0
event=trace_row ordinal=2200 kind=5 ns=268149398696622 fields=513,6,2,0,0,0,0,0,0,0,16,0,0,0,0,0
event=trace_row ordinal=2201 kind=0 ns=268149398676497 fields=415,2,0,50,2,0,0,0,0,0,0,0,0,0,0,0
event=trace_row ordinal=2202 kind=1 ns=268149398676497 fields=415,2,0,1010,996,1800,1000,0,1,0,0,0,0,0,0,0
event=trace_row ordinal=2203 kind=1 ns=268149398676497 fields=415,2,1,1010,996,1800,1000,0,1,0,0,0,0,0,0,0
event=trace_row ordinal=2204 kind=3 ns=268149398699831 fields=415,416,1,2,268149398676497,0,0,0,0,0,0,0,0,6,1,3
event=trace_row ordinal=2205 kind=5 ns=268149408693632 fields=513,6,2,0,0,0,0,0,0,0,16,0,0,0,0,0
event=trace_row ordinal=2206 kind=0 ns=268149408675840 fields=416,2,0,25,1,0,0,0,0,0,0,0,0,0,0,0
event=trace_row ordinal=2207 kind=1 ns=268149408675840 fields=416,2,0,1010,996,1800,1000,0,1,0,0,0,0,0,0,0
event=trace_row ordinal=2208 kind=3 ns=268149408696549 fields=416,417,1,2,268149408675840,0,0,0,0,0,0,0,0,6,1,3
event=trace_row ordinal=2209 kind=5 ns=268149418693558 fields=513,6,2,0,0,0,0,0,0,0,16,0,0,0,0,0
event=trace_row ordinal=2210 kind=0 ns=268149418675766 fields=417,2,0,25,1,0,0,0,0,0,0,0,0,0,0,0
event=trace_row ordinal=2211 kind=1 ns=268149418675766 fields=417,2,0,1010,996,1800,1000,0,1,0,0,0,0,0,0,0
event=trace_row ordinal=2212 kind=3 ns=268149418696475 fields=417,418,1,2,268149418675766,0,0,0,0,0,0,0,0,6,1,3
event=trace_row ordinal=2213 kind=5 ns=268149428694943 fields=513,6,2,0,0,0,0,0,0,0,16,0,0,0,0,0
event=trace_row ordinal=2214 kind=0 ns=268149428675401 fields=418,2,0,50,2,0,0,0,0,0,0,0,0,0,0,0
event=trace_row ordinal=2215 kind=1 ns=268149428675401 fields=418,2,0,1010,996,1800,1000,0,1,0,0,0,0,0,0,0
event=trace_row ordinal=2216 kind=1 ns=268149428675401 fields=418,2,1,1010,995,200,1000,0,1,0,0,0,0,0,0,0
event=trace_row ordinal=2217 kind=3 ns=268149428697859 fields=418,419,1,2,268149428675401,0,0,0,0,0,0,0,0,6,1,3
event=trace_row ordinal=2218 kind=5 ns=268149438693119 fields=513,6,2,0,0,0,0,0,0,0,16,0,0,0,0,0
event=trace_row ordinal=2219 kind=0 ns=268149438674744 fields=419,2,0,25,1,0,0,0,0,0,0,0,0,0,0,0
event=trace_row ordinal=2220 kind=1 ns=268149438674744 fields=419,2,0,1010,995,200,1000,0,1,0,0,0,0,0,0,0
event=trace_row ordinal=2221 kind=3 ns=268149438696619 fields=419,420,1,2,268149438674744,0,0,0,0,0,0,0,0,6,1,3
event=trace_row ordinal=2222 kind=4 ns=268149443451433 fields=385,8,96,20,96,20,0,0,0,0,16,0,0,0,0,0
event=trace_row ordinal=2223 kind=4 ns=268149443643061 fields=641,5,3,0,0,0,0,0,0,0,16,0,0,0,0,0
event=trace_row ordinal=2224 kind=5 ns=268149448698587 fields=513,6,6,0,0,0,0,0,0,0,16,0,0,0,0,0
event=trace_row ordinal=2225 kind=0 ns=268149448676128 fields=420,2,0,50,2,0,0,0,0,0,0,0,0,0,0,0
event=trace_row ordinal=2226 kind=1 ns=268149448676128 fields=420,2,0,1010,995,200,1000,0,1,0,0,0,0,0,0,0
event=trace_row ordinal=2227 kind=1 ns=268149448676128 fields=420,2,1,1010,996,200,1000,0,1,0,0,0,0,0,0,0
event=trace_row ordinal=2228 kind=3 ns=268149448702379 fields=420,421,1,2,268149448676128,0,0,0,0,0,0,0,0,2,1,3
event=trace_row ordinal=2229 kind=5 ns=268149458704347 fields=513,6,6,0,0,0,0,0,0,0,16,0,0,0,0,0
event=trace_row ordinal=2230 kind=0 ns=268149458679263 fields=421,2,0,25,1,0,0,0,0,0,0,0,0,0,0,0
event=trace_row ordinal=2231 kind=1 ns=268149458679263 fields=421,2,0,1010,996,200,1000,0,1,0,0,0,0,0,0,0
event=trace_row ordinal=2232 kind=3 ns=268149458708722 fields=421,422,1,2,268149458679263,0,0,0,0,0,0,0,0,2,1,3
event=trace_row ordinal=2233 kind=5 ns=268149468706606 fields=513,6,6,0,0,0,0,0,0,0,16,0,0,0,0,0
event=trace_row ordinal=2234 kind=0 ns=268149468680648 fields=422,2,0,50,2,0,0,0,0,0,0,0,0,0,0,0
event=trace_row ordinal=2235 kind=1 ns=268149468680648 fields=422,2,0,1010,996,200,1000,0,1,0,0,0,0,0,0,0
event=trace_row ordinal=2236 kind=1 ns=268149468680648 fields=422,2,1,1010,995,200,1000,0,1,0,0,0,0,0,0,0
event=trace_row ordinal=2237 kind=3 ns=268149468710398 fields=422,423,1,2,268149468680648,0,0,0,0,0,0,0,0,2,1,3
event=trace_row ordinal=2238 kind=5 ns=268149478717616 fields=513,6,6,0,0,0,0,0,0,0,16,0,0,0,0,0
event=trace_row ordinal=2239 kind=0 ns=268149478684074 fields=423,2,0,25,1,0,0,0,0,0,0,0,0,0,0,0
event=trace_row ordinal=2240 kind=1 ns=268149478684074 fields=423,2,0,1010,995,200,1000,0,1,0,0,0,0,0,0,0
event=trace_row ordinal=2241 kind=3 ns=268149478721991 fields=423,424,1,2,268149478684074,0,0,0,0,0,0,0,0,2,1,3
event=trace_row ordinal=2242 kind=5 ns=268149488700917 fields=513,6,6,0,0,0,0,0,0,0,16,0,0,0,0,0
event=trace_row ordinal=2243 kind=0 ns=268149488679334 fields=424,2,0,25,1,0,0,0,0,0,0,0,0,0,0,0
event=trace_row ordinal=2244 kind=1 ns=268149488679334 fields=424,2,0,1010,995,200,1000,0,1,0,0,0,0,0,0,0
event=trace_row ordinal=2245 kind=3 ns=268149488703834 fields=424,425,1,2,268149488679334,0,0,0,0,0,0,0,0,2,1,3
event=trace_row ordinal=2246 kind=4 ns=268149493471190 fields=385,8,33,20,33,20,0,0,0,0,16,0,0,0,0,0
event=trace_row ordinal=2247 kind=4 ns=268149493652025 fields=641,5,3,0,0,0,0,0,0,0,16,0,0,0,0,0
event=trace_row ordinal=2248 kind=5 ns=268149498728260 fields=513,6,7,0,0,0,0,0,0,0,16,0,0,0,0,0
event=trace_row ordinal=2249 kind=0 ns=268149498687427 fields=425,2,0,52,2,0,0,0,0,0,0,0,0,0,0,0
event=trace_row ordinal=2250 kind=1 ns=268149498687427 fields=425,2,0,1010,996,200,1000,0,1,0,0,0,0,0,0,0
event=trace_row ordinal=2251 kind=1 ns=268149498687427 fields=425,2,1,1010,996,200,1000,0,1,0,0,0,0,0,0,0
event=trace_row ordinal=2252 kind=3 ns=268149498733511 fields=425,426,1,2,268149498687427,0,0,0,0,0,0,0,0,3,1,3
event=trace_row ordinal=2253 kind=5 ns=268149508709228 fields=513,6,7,0,0,0,0,0,0,0,16,0,0,0,0,0
event=trace_row ordinal=2254 kind=0 ns=268149508682394 fields=426,2,0,26,1,0,0,0,0,0,0,0,0,0,0,0
event=trace_row ordinal=2255 kind=1 ns=268149508682394 fields=426,2,0,1010,996,200,1000,0,1,0,0,0,0,0,0,0
event=trace_row ordinal=2256 kind=3 ns=268149508713312 fields=426,427,1,2,268149508682394,0,0,0,0,0,0,0,0,3,1,3
event=trace_row ordinal=2257 kind=5 ns=268149518720238 fields=513,6,7,0,0,0,0,0,0,0,16,0,0,0,0,0
event=trace_row ordinal=2258 kind=0 ns=268149518686112 fields=427,2,0,52,2,0,0,0,0,0,0,0,0,0,0,0
event=trace_row ordinal=2259 kind=1 ns=268149518686112 fields=427,2,0,1010,995,200,1000,0,1,0,0,0,0,0,0,0
event=trace_row ordinal=2260 kind=1 ns=268149518686112 fields=427,2,1,1010,995,200,1000,0,1,0,0,0,0,0,0,0
event=trace_row ordinal=2261 kind=3 ns=268149518724905 fields=427,428,1,2,268149518686112,0,0,0,0,0,0,0,0,3,1,3
event=trace_row ordinal=2262 kind=5 ns=268149528699747 fields=513,6,7,0,0,0,0,0,0,0,16,0,0,0,0,0
event=trace_row ordinal=2263 kind=0 ns=268149528679622 fields=428,2,0,26,1,0,0,0,0,0,0,0,0,0,0,0
event=trace_row ordinal=2264 kind=1 ns=268149528679622 fields=428,2,0,1010,996,200,1000,0,1,0,0,0,0,0,0,0
event=trace_row ordinal=2265 kind=3 ns=268149528703247 fields=428,429,1,2,268149528679622,0,0,0,0,0,0,0,0,3,1,3
event=trace_row ordinal=2266 kind=5 ns=268149538720965 fields=513,6,7,0,0,0,0,0,0,0,16,0,0,0,0,0
event=trace_row ordinal=2267 kind=0 ns=268149538687423 fields=429,2,0,52,2,0,0,0,0,0,0,0,0,0,0,0
event=trace_row ordinal=2268 kind=1 ns=268149538687423 fields=429,2,0,1010,996,200,1000,0,1,0,0,0,0,0,0,0
event=trace_row ordinal=2269 kind=1 ns=268149538687423 fields=429,2,1,1010,996,200,1000,0,1,0,0,0,0,0,0,0
event=trace_row ordinal=2270 kind=3 ns=268149538725341 fields=429,430,1,2,268149538687423,0,0,0,0,0,0,0,0,3,1,3
event=trace_row ordinal=2271 kind=4 ns=268149543479571 fields=385,8,35,20,35,20,0,0,0,0,16,0,0,0,0,0
event=trace_row ordinal=2272 kind=4 ns=268149543655740 fields=641,5,3,0,0,0,0,0,0,0,16,0,0,0,0,0
event=trace_row ordinal=2273 kind=5 ns=268149548701350 fields=513,6,15,0,0,0,0,0,0,0,16,0,0,0,0,0
event=trace_row ordinal=2274 kind=0 ns=268149548679475 fields=430,2,0,26,1,0,0,0,0,0,0,0,0,0,0,0
event=trace_row ordinal=2275 kind=1 ns=268149548679475 fields=430,2,0,1010,995,200,1000,0,1,0,0,0,0,0,0,0
event=trace_row ordinal=2276 kind=3 ns=268149548705725 fields=430,431,1,2,268149548679475,0,0,0,0,0,0,0,0,4,1,3
event=trace_row ordinal=2277 kind=5 ns=268149558753485 fields=513,6,15,0,0,0,0,0,0,0,16,0,0,0,0,0
event=trace_row ordinal=2278 kind=0 ns=268149558697776 fields=431,2,0,26,1,0,0,0,0,0,0,0,0,0,0,0
event=trace_row ordinal=2279 kind=1 ns=268149558697776 fields=431,2,0,1010,995,200,1000,0,1,0,0,0,0,0,0,0
event=trace_row ordinal=2280 kind=3 ns=268149558761360 fields=431,432,1,2,268149558697776,0,0,0,0,0,0,0,0,4,1,3
event=trace_row ordinal=2281 kind=5 ns=268149568710536 fields=513,6,15,0,0,0,0,0,0,0,16,0,0,0,0,0
event=trace_row ordinal=2282 kind=0 ns=268149568681369 fields=432,2,0,52,2,0,0,0,0,0,0,0,0,0,0,0
event=trace_row ordinal=2283 kind=1 ns=268149568681369 fields=432,2,0,1010,995,200,1000,0,1,0,0,0,0,0,0,0
event=trace_row ordinal=2284 kind=1 ns=268149568681369 fields=432,2,1,1010,996,200,1000,0,1,0,0,0,0,0,0,0
event=trace_row ordinal=2285 kind=3 ns=268149568714619 fields=432,433,1,2,268149568681369,0,0,0,0,0,0,0,0,4,1,3
event=trace_row ordinal=2286 kind=5 ns=268149578721837 fields=513,6,15,0,0,0,0,0,0,0,16,0,0,0,0,0
event=trace_row ordinal=2287 kind=0 ns=268149578687712 fields=433,2,0,26,1,0,0,0,0,0,0,0,0,0,0,0
event=trace_row ordinal=2288 kind=1 ns=268149578687712 fields=433,2,0,1010,996,200,1000,0,1,0,0,0,0,0,0,0
event=trace_row ordinal=2289 kind=3 ns=268149578726212 fields=433,434,1,2,268149578687712,0,0,0,0,0,0,0,0,4,1,3
event=trace_row ordinal=2290 kind=5 ns=268149588709513 fields=513,6,15,0,0,0,0,0,0,0,16,0,0,0,0,0
event=trace_row ordinal=2291 kind=0 ns=268149588682680 fields=434,2,0,51,2,0,0,0,0,0,0,0,0,0,0,0
event=trace_row ordinal=2292 kind=1 ns=268149588682680 fields=434,2,0,1010,996,200,1000,0,1,0,0,0,0,0,0,0
event=trace_row ordinal=2293 kind=1 ns=268149588682680 fields=434,2,1,1010,995,200,1000,0,1,0,0,0,0,0,0,0
event=trace_row ordinal=2294 kind=3 ns=268149588712722 fields=434,435,1,2,268149588682680,0,0,0,0,0,0,0,0,4,1,3
event=trace_row ordinal=2295 kind=4 ns=268149593428452 fields=385,8,39,20,39,20,0,0,0,0,16,0,0,0,0,0
event=trace_row ordinal=2296 kind=4 ns=268149593605204 fields=641,5,3,0,0,0,0,0,0,0,16,0,0,0,0,0
event=trace_row ordinal=2297 kind=5 ns=268149598704481 fields=513,6,15,0,0,0,0,0,0,0,16,0,0,0,0,0
event=trace_row ordinal=2298 kind=0 ns=268149598682606 fields=435,2,0,25,1,0,0,0,0,0,0,0,0,0,0,0
event=trace_row ordinal=2299 kind=1 ns=268149598682606 fields=435,2,0,1010,995,200,1000,0,1,0,0,0,0,0,0,0
event=trace_row ordinal=2300 kind=3 ns=268149598709148 fields=435,436,1,2,268149598682606,0,0,0,0,0,0,0,0,4,1,3
event=trace_row ordinal=2301 kind=5 ns=268149608707324 fields=513,6,15,0,0,0,0,0,0,0,16,0,0,0,0,0
event=trace_row ordinal=2302 kind=0 ns=268149608681949 fields=436,2,0,50,2,0,0,0,0,0,0,0,0,0,0,0
event=trace_row ordinal=2303 kind=1 ns=268149608681949 fields=436,2,0,1010,995,200,1000,0,1,0,0,0,0,0,0,0
event=trace_row ordinal=2304 kind=1 ns=268149608681949 fields=436,2,1,1010,996,200,1000,0,1,0,0,0,0,0,0,0
event=trace_row ordinal=2305 kind=3 ns=268149608711408 fields=436,437,1,2,268149608681949,0,0,0,0,0,0,0,0,4,1,3
event=trace_row ordinal=2306 kind=5 ns=268149618716001 fields=513,6,15,0,0,0,0,0,0,0,16,0,0,0,0,0
event=trace_row ordinal=2307 kind=0 ns=268149618686542 fields=437,2,0,25,1,0,0,0,0,0,0,0,0,0,0,0
event=trace_row ordinal=2308 kind=1 ns=268149618686542 fields=437,2,0,1010,996,200,1000,0,1,0,0,0,0,0,0,0
event=trace_row ordinal=2309 kind=3 ns=268149618719501 fields=437,438,1,2,268149618686542,0,0,0,0,0,0,0,0,4,1,3
event=trace_row ordinal=2310 kind=4 ns=268149625677011 fields=1793,1,5,0,0,0,0,0,0,0,16,0,0,0,0,0
event=trace_row ordinal=2311 kind=5 ns=268149628705427 fields=513,6,15,0,0,0,0,0,0,0,16,0,0,0,0,0
event=trace_row ordinal=2312 kind=0 ns=268149628682385 fields=438,2,0,25,1,0,0,0,0,0,0,0,0,0,0,0
event=trace_row ordinal=2313 kind=1 ns=268149628682385 fields=438,2,0,1010,996,200,1000,0,1,0,0,0,0,0,0,0
event=trace_row ordinal=2314 kind=3 ns=268149628709510 fields=438,439,1,2,268149628682385,0,0,0,0,0,0,0,0,4,1,3
event=trace_row ordinal=2315 kind=5 ns=268149638705353 fields=513,6,15,0,0,0,0,0,0,0,16,0,0,0,0,0
event=trace_row ordinal=2316 kind=0 ns=268149638681728 fields=439,2,0,50,2,0,0,0,0,0,0,0,0,0,0,0
event=trace_row ordinal=2317 kind=1 ns=268149638681728 fields=439,2,0,1010,995,200,1000,0,1,0,0,0,0,0,0,0
event=trace_row ordinal=2318 kind=1 ns=268149638681728 fields=439,2,1,1010,995,200,1000,0,1,0,0,0,0,0,0,0
event=trace_row ordinal=2319 kind=3 ns=268149638708853 fields=439,440,1,2,268149638681728,0,0,0,0,0,0,0,0,4,1,3
event=trace_row ordinal=2320 kind=4 ns=268149643373541 fields=385,8,39,20,39,20,0,0,0,0,16,0,0,0,0,0
event=trace_row ordinal=2321 kind=4 ns=268149643557585 fields=641,5,3,0,0,0,0,0,0,0,16,0,0,0,0,0
event=trace_row ordinal=2322 kind=5 ns=268149648703238 fields=513,6,15,0,0,0,0,0,0,0,16,0,0,0,0,0
event=trace_row ordinal=2323 kind=0 ns=268149648681071 fields=440,2,0,25,1,0,0,0,0,0,0,0,0,0,0,0
event=trace_row ordinal=2324 kind=1 ns=268149648681071 fields=440,2,0,1010,995,200,1000,0,1,0,0,0,0,0,0,0
event=trace_row ordinal=2325 kind=3 ns=268149648707029 fields=440,441,1,2,268149648681071,0,0,0,0,0,0,0,0,4,1,3
event=trace_row ordinal=2326 kind=5 ns=268149658708122 fields=513,6,15,0,0,0,0,0,0,0,16,0,0,0,0,0
event=trace_row ordinal=2327 kind=0 ns=268149658682455 fields=441,2,0,50,2,0,0,0,0,0,0,0,0,0,0,0
event=trace_row ordinal=2328 kind=1 ns=268149658682455 fields=441,2,0,1010,996,200,1000,0,1,0,0,0,0,0,0,0
event=trace_row ordinal=2329 kind=1 ns=268149658682455 fields=441,2,1,1010,996,200,1000,0,1,0,0,0,0,0,0,0
event=trace_row ordinal=2330 kind=3 ns=268149658712206 fields=441,442,1,2,268149658682455,0,0,0,0,0,0,0,0,4,1,3
event=trace_row ordinal=2331 kind=5 ns=268149668703382 fields=513,6,15,0,0,0,0,0,0,0,16,0,0,0,0,0
event=trace_row ordinal=2332 kind=0 ns=268149668681215 fields=442,2,0,25,1,0,0,0,0,0,0,0,0,0,0,0
event=trace_row ordinal=2333 kind=1 ns=268149668681215 fields=442,2,0,1010,995,200,1000,0,1,0,0,0,0,0,0,0
event=trace_row ordinal=2334 kind=3 ns=268149668707173 fields=442,443,1,2,268149668681215,0,0,0,0,0,0,0,0,4,1,3
event=trace_row ordinal=2335 kind=5 ns=268149678697766 fields=513,6,15,0,0,0,0,0,0,0,16,0,0,0,0,0
event=trace_row ordinal=2336 kind=0 ns=268149678676474 fields=443,2,0,50,2,0,0,0,0,0,0,0,0,0,0,0
event=trace_row ordinal=2337 kind=1 ns=268149678676474 fields=443,2,0,1010,995,200,1000,0,1,0,0,0,0,0,0,0
event=trace_row ordinal=2338 kind=1 ns=268149678676474 fields=443,2,1,1010,995,200,1000,0,1,0,0,0,0,0,0,0
event=trace_row ordinal=2339 kind=3 ns=268149678701266 fields=443,444,1,2,268149678676474,0,0,0,0,0,0,0,0,4,1,3
event=trace_row ordinal=2340 kind=5 ns=268149688694193 fields=513,6,15,0,0,0,0,0,0,0,16,0,0,0,0,0
event=trace_row ordinal=2341 kind=0 ns=268149688675817 fields=444,2,0,25,1,0,0,0,0,0,0,0,0,0,0,0
event=trace_row ordinal=2342 kind=1 ns=268149688675817 fields=444,2,0,1010,996,200,1000,0,1,0,0,0,0,0,0,0
event=trace_row ordinal=2343 kind=3 ns=268149688697401 fields=444,445,1,2,268149688675817,0,0,0,0,0,0,0,0,4,1,3
event=trace_row ordinal=2344 kind=4 ns=268149693323880 fields=385,8,39,20,39,20,0,0,0,0,16,0,0,0,0,0
event=trace_row ordinal=2345 kind=4 ns=268149693503257 fields=641,5,3,0,0,0,0,0,0,0,16,0,0,0,0,0
event=trace_row ordinal=2346 kind=5 ns=268149698694994 fields=513,6,15,0,0,0,0,0,0,0,16,0,0,0,0,0
event=trace_row ordinal=2347 kind=0 ns=268149698676035 fields=445,2,0,25,1,0,0,0,0,0,0,0,0,0,0,0
event=trace_row ordinal=2348 kind=1 ns=268149698676035 fields=445,2,0,1010,996,200,1000,0,1,0,0,0,0,0,0,0
event=trace_row ordinal=2349 kind=3 ns=268149698698202 fields=445,446,1,2,268149698676035,0,0,0,0,0,0,0,0,4,1,3
event=trace_row ordinal=2350 kind=5 ns=268149708696087 fields=513,6,15,0,0,0,0,0,0,0,16,0,0,0,0,0
event=trace_row ordinal=2351 kind=0 ns=268149708675961 fields=446,2,0,50,2,0,0,0,0,0,0,0,0,0,0,0
event=trace_row ordinal=2352 kind=1 ns=268149708675961 fields=446,2,0,1010,996,200,1000,0,1,0,0,0,0,0,0,0
event=trace_row ordinal=2353 kind=1 ns=268149708675961 fields=446,2,1,1010,995,200,1000,0,1,0,0,0,0,0,0,0
event=trace_row ordinal=2354 kind=3 ns=268149708699295 fields=446,447,1,2,268149708675961,0,0,0,0,0,0,0,0,4,1,3
event=trace_row ordinal=2355 kind=5 ns=268149718693680 fields=513,6,15,0,0,0,0,0,0,0,16,0,0,0,0,0
event=trace_row ordinal=2356 kind=0 ns=268149718675013 fields=447,2,0,25,1,0,0,0,0,0,0,0,0,0,0,0
event=trace_row ordinal=2357 kind=1 ns=268149718675013 fields=447,2,0,1010,995,200,1000,0,1,0,0,0,0,0,0,0
event=trace_row ordinal=2358 kind=3 ns=268149718696596 fields=447,448,1,2,268149718675013,0,0,0,0,0,0,0,0,4,1,3
event=trace_row ordinal=2359 kind=5 ns=268149728697106 fields=513,6,15,0,0,0,0,0,0,0,16,0,0,0,0,0
event=trace_row ordinal=2360 kind=0 ns=268149728676106 fields=448,2,0,50,2,0,0,0,0,0,0,0,0,0,0,0
event=trace_row ordinal=2361 kind=1 ns=268149728676106 fields=448,2,0,1010,995,200,1000,0,1,0,0,0,0,0,0,0
event=trace_row ordinal=2362 kind=1 ns=268149728676106 fields=448,2,1,1010,995,200,1000,0,1,0,0,0,0,0,0,0
event=trace_row ordinal=2363 kind=3 ns=268149728701189 fields=448,449,1,2,268149728676106,0,0,0,0,0,0,0,0,4,1,3
event=trace_row ordinal=2364 kind=5 ns=268149738693824 fields=513,6,15,0,0,0,0,0,0,0,16,0,0,0,0,0
event=trace_row ordinal=2365 kind=0 ns=268149738675740 fields=449,2,0,25,1,0,0,0,0,0,0,0,0,0,0,0
event=trace_row ordinal=2366 kind=1 ns=268149738675740 fields=449,2,0,1010,995,200,1000,0,1,0,0,0,0,0,0,0
event=trace_row ordinal=2367 kind=3 ns=268149738697032 fields=449,450,1,2,268149738675740,0,0,0,0,0,0,0,0,4,1,3
event=trace_row ordinal=2368 kind=4 ns=268149743278594 fields=385,8,39,20,39,20,0,0,0,0,16,0,0,0,0,0
event=trace_row ordinal=2369 kind=4 ns=268149743453596 fields=641,5,3,0,0,0,0,0,0,0,16,0,0,0,0,0
event=trace_row ordinal=2370 kind=5 ns=268149748697250 fields=513,6,15,0,0,0,0,0,0,0,16,0,0,0,0,0
event=trace_row ordinal=2371 kind=0 ns=268149748676250 fields=450,2,0,50,2,0,0,0,0,0,0,0,0,0,0,0
event=trace_row ordinal=2372 kind=1 ns=268149748676250 fields=450,2,0,1010,995,200,1000,0,1,0,0,0,0,0,0,0
event=trace_row ordinal=2373 kind=1 ns=268149748676250 fields=450,2,1,1010,995,200,1000,0,1,0,0,0,0,0,0,0
event=trace_row ordinal=2374 kind=3 ns=268149748701042 fields=450,451,1,2,268149748676250,0,0,0,0,0,0,0,0,4,1,3
event=trace_row ordinal=2375 kind=5 ns=268149758694843 fields=513,6,15,0,0,0,0,0,0,0,16,0,0,0,0,0
event=trace_row ordinal=2376 kind=0 ns=268149758676176 fields=451,2,0,25,1,0,0,0,0,0,0,0,0,0,0,0
event=trace_row ordinal=2377 kind=1 ns=268149758676176 fields=451,2,0,1010,995,200,1000,0,1,0,0,0,0,0,0,0
event=trace_row ordinal=2378 kind=3 ns=268149758697760 fields=451,452,1,2,268149758676176,0,0,0,0,0,0,0,0,4,1,3
event=trace_row ordinal=2379 kind=5 ns=268149768700603 fields=513,6,15,0,0,0,0,0,0,0,16,0,0,0,0,0
event=trace_row ordinal=2380 kind=0 ns=268149768678727 fields=452,2,0,25,1,0,0,0,0,0,0,0,0,0,0,0
event=trace_row ordinal=2381 kind=1 ns=268149768678727 fields=452,2,0,1010,995,200,1000,0,1,0,0,0,0,0,0,0
event=trace_row ordinal=2382 kind=3 ns=268149768704394 fields=452,453,1,2,268149768678727,0,0,0,0,0,0,0,0,4,1,3
event=trace_row ordinal=2383 kind=5 ns=268149778696446 fields=513,6,15,0,0,0,0,0,0,0,16,0,0,0,0,0
event=trace_row ordinal=2384 kind=0 ns=268149778675737 fields=453,2,0,50,2,0,0,0,0,0,0,0,0,0,0,0
event=trace_row ordinal=2385 kind=1 ns=268149778675737 fields=453,2,0,1010,996,200,1000,0,1,0,0,0,0,0,0,0
event=trace_row ordinal=2386 kind=1 ns=268149778675737 fields=453,2,1,1010,996,200,1000,0,1,0,0,0,0,0,0,0
event=trace_row ordinal=2387 kind=3 ns=268149778699654 fields=453,454,1,2,268149778675737,0,0,0,0,0,0,0,0,4,1,3
event=trace_row ordinal=2388 kind=5 ns=268149788695497 fields=513,6,15,0,0,0,0,0,0,0,16,0,0,0,0,0
event=trace_row ordinal=2389 kind=0 ns=268149788676538 fields=454,2,0,25,1,0,0,0,0,0,0,0,0,0,0,0
event=trace_row ordinal=2390 kind=1 ns=268149788676538 fields=454,2,0,1010,996,200,1000,0,1,0,0,0,0,0,0,0
event=trace_row ordinal=2391 kind=3 ns=268149788699580 fields=454,455,1,2,268149788676538,0,0,0,0,0,0,0,0,4,1,3
event=trace_row ordinal=2392 kind=4 ns=268149793216683 fields=385,8,39,20,39,20,0,0,0,0,16,0,0,0,0,0
event=trace_row ordinal=2393 kind=4 ns=268149793405685 fields=641,5,3,0,0,0,0,0,0,0,16,0,0,0,0,0
event=trace_row ordinal=2394 kind=5 ns=268149798698340 fields=513,6,15,0,0,0,0,0,0,0,16,0,0,0,0,0
event=trace_row ordinal=2395 kind=0 ns=268149798676756 fields=455,2,0,50,2,0,0,0,0,0,0,0,0,0,0,0
event=trace_row ordinal=2396 kind=1 ns=268149798676756 fields=455,2,0,1010,995,200,1000,0,1,0,0,0,0,0,0,0
event=trace_row ordinal=2397 kind=1 ns=268149798676756 fields=455,2,1,1010,995,200,1000,0,1,0,0,0,0,0,0,0
event=trace_row ordinal=2398 kind=3 ns=268149798701840 fields=455,456,1,2,268149798676756,0,0,0,0,0,0,0,0,4,1,3
event=trace_row ordinal=2399 kind=5 ns=268149808695349 fields=513,6,15,0,0,0,0,0,0,0,16,0,0,0,0,0
event=trace_row ordinal=2400 kind=0 ns=268149808676099 fields=456,2,0,26,1,0,0,0,0,0,0,0,0,0,0,0
event=trace_row ordinal=2401 kind=1 ns=268149808676099 fields=456,2,0,1010,996,200,1000,0,1,0,0,0,0,0,0,0
event=trace_row ordinal=2402 kind=3 ns=268149808698558 fields=456,457,1,2,268149808676099,0,0,0,0,0,0,0,0,4,1,3
event=trace_row ordinal=2403 kind=5 ns=268149818704609 fields=513,6,15,0,0,0,0,0,0,0,16,0,0,0,0,0
event=trace_row ordinal=2404 kind=0 ns=268149818680109 fields=457,2,0,52,2,0,0,0,0,0,0,0,0,0,0,0
event=trace_row ordinal=2405 kind=1 ns=268149818680109 fields=457,2,0,1010,996,200,1000,0,1,0,0,0,0,0,0,0
event=trace_row ordinal=2406 kind=1 ns=268149818680109 fields=457,2,1,1010,996,200,1000,0,1,0,0,0,0,0,0,0
event=trace_row ordinal=2407 kind=3 ns=268149818707818 fields=457,458,1,2,268149818680109,0,0,0,0,0,0,0,0,4,1,3
event=trace_row ordinal=2408 kind=5 ns=268149828696660 fields=513,6,15,0,0,0,0,0,0,0,16,0,0,0,0,0
event=trace_row ordinal=2409 kind=0 ns=268149828677118 fields=458,2,0,26,1,0,0,0,0,0,0,0,0,0,0,0
event=trace_row ordinal=2410 kind=1 ns=268149828677118 fields=458,2,0,1010,995,200,1000,0,1,0,0,0,0,0,0,0
event=trace_row ordinal=2411 kind=3 ns=268149828699577 fields=458,459,1,2,268149828677118,0,0,0,0,0,0,0,0,4,1,3
event=trace_row ordinal=2412 kind=5 ns=268149838694545 fields=513,6,15,0,0,0,0,0,0,0,16,0,0,0,0,0
event=trace_row ordinal=2413 kind=0 ns=268149838675878 fields=459,2,0,26,1,0,0,0,0,0,0,0,0,0,0,0
event=trace_row ordinal=2414 kind=1 ns=268149838675878 fields=459,2,0,1010,995,200,1000,0,1,0,0,0,0,0,0,0
event=trace_row ordinal=2415 kind=3 ns=268149838697753 fields=459,460,1,2,268149838675878,0,0,0,0,0,0,0,0,4,1,3
event=trace_row ordinal=2416 kind=4 ns=268149843170522 fields=385,8,39,20,39,20,0,0,0,0,16,0,0,0,0,0
event=trace_row ordinal=2417 kind=4 ns=268149843363899 fields=641,5,3,0,0,0,0,0,0,0,16,0,0,0,0,0
event=trace_row ordinal=2418 kind=5 ns=268149848700305 fields=513,6,15,0,0,0,0,0,0,0,16,0,0,0,0,0
event=trace_row ordinal=2419 kind=0 ns=268149848677554 fields=460,2,0,51,2,0,0,0,0,0,0,0,0,0,0,0
event=trace_row ordinal=2420 kind=1 ns=268149848677554 fields=460,2,0,1010,995,200,1000,0,1,0,0,0,0,0,0,0
event=trace_row ordinal=2421 kind=1 ns=268149848677554 fields=460,2,1,1010,996,200,1000,0,1,0,0,0,0,0,0,0
event=trace_row ordinal=2422 kind=3 ns=268149848704388 fields=460,461,1,2,268149848677554,0,0,0,0,0,0,0,0,4,1,3
event=trace_row ordinal=2423 kind=5 ns=268149858694689 fields=513,6,15,0,0,0,0,0,0,0,16,0,0,0,0,0
event=trace_row ordinal=2424 kind=0 ns=268149858675731 fields=461,2,0,25,1,0,0,0,0,0,0,0,0,0,0,0
event=trace_row ordinal=2425 kind=1 ns=268149858675731 fields=461,2,0,1010,996,200,1000,0,1,0,0,0,0,0,0,0
event=trace_row ordinal=2426 kind=3 ns=268149858697898 fields=461,462,1,2,268149858675731,0,0,0,0,0,0,0,0,4,1,3
event=trace_row ordinal=2427 kind=5 ns=268149868696074 fields=513,6,15,0,0,0,0,0,0,0,16,0,0,0,0,0
event=trace_row ordinal=2428 kind=0 ns=268149868675657 fields=462,2,0,50,2,0,0,0,0,0,0,0,0,0,0,0
event=trace_row ordinal=2429 kind=1 ns=268149868675657 fields=462,2,0,1010,996,200,1000,0,1,0,0,0,0,0,0,0
event=trace_row ordinal=2430 kind=1 ns=268149868675657 fields=462,2,1,1010,995,200,1000,0,1,0,0,0,0,0,0,0
event=trace_row ordinal=2431 kind=3 ns=268149868699282 fields=462,463,1,2,268149868675657,0,0,0,0,0,0,0,0,4,1,3
event=trace_row ordinal=2432 kind=4 ns=268149875160369 fields=1793,1,5,0,0,0,0,0,0,0,16,0,0,0,0,0
event=trace_row ordinal=2433 kind=5 ns=268149878698042 fields=513,6,15,0,0,0,0,0,0,0,16,0,0,0,0,0
event=trace_row ordinal=2434 kind=0 ns=268149878677333 fields=463,2,0,25,1,0,0,0,0,0,0,0,0,0,0,0
event=trace_row ordinal=2435 kind=1 ns=268149878677333 fields=463,2,0,1010,995,200,1000,0,1,0,0,0,0,0,0,0
event=trace_row ordinal=2436 kind=3 ns=268149878701250 fields=463,464,1,2,268149878677333,0,0,0,0,0,0,0,0,4,1,3
event=trace_row ordinal=2437 kind=5 ns=268149888698843 fields=513,6,15,0,0,0,0,0,0,0,16,0,0,0,0,0
event=trace_row ordinal=2438 kind=0 ns=268149888677259 fields=464,2,0,50,2,0,0,0,0,0,0,0,0,0,0,0
event=trace_row ordinal=2439 kind=1 ns=268149888677259 fields=464,2,0,1010,995,200,1000,0,1,0,0,0,0,0,0,0
event=trace_row ordinal=2440 kind=1 ns=268149888677259 fields=464,2,1,1010,996,200,1000,0,1,0,0,0,0,0,0,0
event=trace_row ordinal=2441 kind=3 ns=268149888702343 fields=464,465,1,2,268149888677259,0,0,0,0,0,0,0,0,4,1,3
event=trace_row ordinal=2442 kind=4 ns=268149893113861 fields=385,8,39,20,39,20,0,0,0,0,16,0,0,0,0,0
event=trace_row ordinal=2443 kind=4 ns=268149893325905 fields=641,5,3,0,0,0,0,0,0,0,16,0,0,0,0,0
event=trace_row ordinal=2444 kind=5 ns=268149898695561 fields=513,6,15,0,0,0,0,0,0,0,16,0,0,0,0,0
event=trace_row ordinal=2445 kind=0 ns=268149898676311 fields=465,2,0,25,1,0,0,0,0,0,0,0,0,0,0,0
event=trace_row ordinal=2446 kind=1 ns=268149898676311 fields=465,2,0,1010,996,200,1000,0,1,0,0,0,0,0,0,0
event=trace_row ordinal=2447 kind=3 ns=268149898699061 fields=465,466,1,2,268149898676311,0,0,0,0,0,0,0,0,4,1,3
event=trace_row ordinal=2448 kind=5 ns=268149908694904 fields=513,6,15,0,0,0,0,0,0,0,16,0,0,0,0,0
event=trace_row ordinal=2449 kind=0 ns=268149908676237 fields=466,2,0,25,1,0,0,0,0,0,0,0,0,0,0,0
event=trace_row ordinal=2450 kind=1 ns=268149908676237 fields=466,2,0,1010,996,200,1000,0,1,0,0,0,0,0,0,0
event=trace_row ordinal=2451 kind=3 ns=268149908698404 fields=466,467,1,2,268149908676237,0,0,0,0,0,0,0,0,4,1,3
event=trace_row ordinal=2452 kind=5 ns=268149918695997 fields=513,6,15,0,0,0,0,0,0,0,16,0,0,0,0,0
event=trace_row ordinal=2453 kind=0 ns=268149918675580 fields=467,2,0,50,2,0,0,0,0,0,0,0,0,0,0,0
event=trace_row ordinal=2454 kind=1 ns=268149918675580 fields=467,2,0,1010,995,200,1000,0,1,0,0,0,0,0,0,0
event=trace_row ordinal=2455 kind=1 ns=268149918675580 fields=467,2,1,1010,995,200,1000,0,1,0,0,0,0,0,0,0
event=trace_row ordinal=2456 kind=3 ns=268149918699205 fields=467,468,1,2,268149918675580,0,0,0,0,0,0,0,0,4,1,3
event=trace_row ordinal=2457 kind=5 ns=268149928693881 fields=513,6,15,0,0,0,0,0,0,0,16,0,0,0,0,0
event=trace_row ordinal=2458 kind=0 ns=268149928675506 fields=468,2,0,25,1,0,0,0,0,0,0,0,0,0,0,0
event=trace_row ordinal=2459 kind=1 ns=268149928675506 fields=468,2,0,1010,995,200,1000,0,1,0,0,0,0,0,0,0
event=trace_row ordinal=2460 kind=3 ns=268149928697090 fields=468,469,1,2,268149928675506,0,0,0,0,0,0,0,0,4,1,3
event=trace_row ordinal=2461 kind=5 ns=268149938695558 fields=513,6,15,0,0,0,0,0,0,0,16,0,0,0,0,0
event=trace_row ordinal=2462 kind=0 ns=268149938675724 fields=469,2,0,50,2,0,0,0,0,0,0,0,0,0,0,0
event=trace_row ordinal=2463 kind=1 ns=268149938675724 fields=469,2,0,1010,995,200,1000,0,1,0,0,0,0,0,0,0
event=trace_row ordinal=2464 kind=1 ns=268149938675724 fields=469,2,1,1010,995,200,1000,0,1,0,0,0,0,0,0,0
event=trace_row ordinal=2465 kind=3 ns=268149938698766 fields=469,470,1,2,268149938675724,0,0,0,0,0,0,0,0,4,1,3
event=trace_row ordinal=2466 kind=4 ns=268149943061283 fields=385,8,39,20,39,20,0,0,0,0,16,0,0,0,0,0
event=trace_row ordinal=2467 kind=4 ns=268149943326120 fields=641,5,3,0,0,0,0,0,0,0,16,0,0,0,0,0
event=trace_row ordinal=2468 kind=5 ns=268149948695776 fields=513,6,15,0,0,0,0,0,0,0,16,0,0,0,0,0
event=trace_row ordinal=2469 kind=0 ns=268149948675942 fields=470,2,0,26,1,0,0,0,0,0,0,0,0,0,0,0
event=trace_row ordinal=2470 kind=1 ns=268149948675942 fields=470,2,0,1010,996,200,1000,0,1,0,0,0,0,0,0,0
event=trace_row ordinal=2471 kind=3 ns=268149948698984 fields=470,471,1,2,268149948675942,0,0,0,0,0,0,0,0,4,1,3
event=trace_row ordinal=2472 kind=5 ns=268149958700369 fields=513,6,15,0,0,0,0,0,0,0,16,0,0,0,0,0
event=trace_row ordinal=2473 kind=0 ns=268149958677327 fields=471,2,0,52,2,0,0,0,0,0,0,0,0,0,0,0
event=trace_row ordinal=2474 kind=1 ns=268149958677327 fields=471,2,0,1010,996,200,1000,0,1,0,0,0,0,0,0,0
event=trace_row ordinal=2475 kind=1 ns=268149958677327 fields=471,2,1,1010,996,200,1000,0,1,0,0,0,0,0,0,0
event=trace_row ordinal=2476 kind=3 ns=268149958704160 fields=471,472,1,2,268149958677327,0,0,0,0,0,0,0,0,4,1,3
event=trace_row ordinal=2477 kind=5 ns=268149968696503 fields=513,6,15,0,0,0,0,0,0,0,16,0,0,0,0,0
event=trace_row ordinal=2478 kind=0 ns=268149968676378 fields=472,2,0,25,1,0,0,0,0,0,0,0,0,0,0,0
event=trace_row ordinal=2479 kind=1 ns=268149968676378 fields=472,2,0,1010,996,200,1000,0,1,0,0,0,0,0,0,0
event=trace_row ordinal=2480 kind=3 ns=268149968699420 fields=472,473,1,2,268149968676378,0,0,0,0,0,0,0,0,4,1,3
event=trace_row ordinal=2481 kind=5 ns=268149978722971 fields=513,6,15,0,0,0,0,0,0,0,16,0,0,0,0,0
event=trace_row ordinal=2482 kind=0 ns=268149978688262 fields=473,2,0,25,1,0,0,0,0,0,0,0,0,0,0,0
event=trace_row ordinal=2483 kind=1 ns=268149978688262 fields=473,2,0,1010,996,200,1000,0,1,0,0,0,0,0,0,0
event=trace_row ordinal=2484 kind=3 ns=268149978728221 fields=473,474,1,2,268149978688262,0,0,0,0,0,0,0,0,4,1,3
event=trace_row ordinal=2485 kind=5 ns=268149988708897 fields=513,6,15,0,0,0,0,0,0,0,16,0,0,0,0,0
event=trace_row ordinal=2486 kind=0 ns=268149988682063 fields=474,2,0,50,2,0,0,0,0,0,0,0,0,0,0,0
event=trace_row ordinal=2487 kind=1 ns=268149988682063 fields=474,2,0,1010,996,200,1000,0,1,0,0,0,0,0,0,0
event=trace_row ordinal=2488 kind=1 ns=268149988682063 fields=474,2,1,1010,995,200,1000,0,1,0,0,0,0,0,0,0
event=trace_row ordinal=2489 kind=3 ns=268149988712397 fields=474,475,1,2,268149988682063,0,0,0,0,0,0,0,0,4,1,3
event=trace_row ordinal=2490 kind=4 ns=268149993023580 fields=385,8,39,20,39,20,0,0,0,0,16,0,0,0,0,0
event=trace_row ordinal=2491 kind=4 ns=268149993286959 fields=641,5,3,0,0,0,0,0,0,0,16,0,0,0,0,0
event=trace_row ordinal=2492 kind=5 ns=268149998719032 fields=513,6,15,0,0,0,0,0,0,0,16,0,0,0,0,0
event=trace_row ordinal=2493 kind=0 ns=268149998687531 fields=475,2,0,25,1,0,0,0,0,0,0,0,0,0,0,0
event=trace_row ordinal=2494 kind=1 ns=268149998687531 fields=475,2,0,1010,995,200,1000,0,1,0,0,0,0,0,0,0
event=trace_row ordinal=2495 kind=3 ns=268149998722823 fields=475,476,1,2,268149998687531,0,0,0,0,0,0,0,0,4,1,3
event=trace_row ordinal=2496 kind=5 ns=268150008711666 fields=513,6,15,0,0,0,0,0,0,0,16,0,0,0,0,0
event=trace_row ordinal=2497 kind=0 ns=268150008683374 fields=476,2,0,50,2,0,0,0,0,0,0,0,0,0,0,0
event=trace_row ordinal=2498 kind=1 ns=268150008683374 fields=476,2,0,1010,995,200,1000,0,1,0,0,0,0,0,0,0
event=trace_row ordinal=2499 kind=1 ns=268150008683374 fields=476,2,1,1010,996,200,1000,0,1,0,0,0,0,0,0,0
event=trace_row ordinal=2500 kind=3 ns=268150008716041 fields=476,477,1,2,268150008683374,0,0,0,0,0,0,0,0,4,1,3
event=trace_row ordinal=2501 kind=5 ns=268150018715676 fields=513,6,15,0,0,0,0,0,0,0,16,0,0,0,0,0
event=trace_row ordinal=2502 kind=0 ns=268150018686800 fields=477,2,0,25,1,0,0,0,0,0,0,0,0,0,0,0
event=trace_row ordinal=2503 kind=1 ns=268150018686800 fields=477,2,0,1010,996,200,1000,0,1,0,0,0,0,0,0,0
event=trace_row ordinal=2504 kind=3 ns=268150018720926 fields=477,478,1,2,268150018686800,0,0,0,0,0,0,0,0,4,1,3
event=trace_row ordinal=2505 kind=5 ns=268150028703643 fields=513,6,15,0,0,0,0,0,0,0,16,0,0,0,0,0
event=trace_row ordinal=2506 kind=0 ns=268150028680018 fields=478,2,0,50,2,0,0,0,0,0,0,0,0,0,0,0
event=trace_row ordinal=2507 kind=1 ns=268150028680018 fields=478,2,0,1010,996,200,1000,0,1,0,0,0,0,0,0,0
event=trace_row ordinal=2508 kind=1 ns=268150028680018 fields=478,2,1,1010,995,200,1000,0,1,0,0,0,0,0,0,0
event=trace_row ordinal=2509 kind=3 ns=268150028707727 fields=478,479,1,2,268150028680018,0,0,0,0,0,0,0,0,4,1,3
event=trace_row ordinal=2510 kind=5 ns=268150038721361 fields=513,6,15,0,0,0,0,0,0,0,16,0,0,0,0,0
event=trace_row ordinal=2511 kind=0 ns=268150038688986 fields=479,2,0,25,1,0,0,0,0,0,0,0,0,0,0,0
event=trace_row ordinal=2512 kind=1 ns=268150038688986 fields=479,2,0,1010,995,200,1000,0,1,0,0,0,0,0,0,0
event=trace_row ordinal=2513 kind=3 ns=268150038725736 fields=479,480,1,2,268150038688986,0,0,0,0,0,0,0,0,4,1,3
event=trace_row ordinal=2514 kind=4 ns=268150042978002 fields=385,8,39,20,39,20,0,0,0,0,16,0,0,0,0,0
event=trace_row ordinal=2515 kind=4 ns=268150043287464 fields=641,5,3,0,0,0,0,0,0,0,16,0,0,0,0,0
event=trace_row ordinal=2516 kind=5 ns=268150048706121 fields=513,6,15,0,0,0,0,0,0,0,16,0,0,0,0,0
event=trace_row ordinal=2517 kind=0 ns=268150048681912 fields=480,2,0,25,1,0,0,0,0,0,0,0,0,0,0,0
event=trace_row ordinal=2518 kind=1 ns=268150048681912 fields=480,2,0,1010,995,200,1000,0,1,0,0,0,0,0,0,0
event=trace_row ordinal=2519 kind=3 ns=268150048709912 fields=480,481,1,2,268150048681912,0,0,0,0,0,0,0,0,4,1,3
event=trace_row ordinal=2520 kind=5 ns=268150058727630 fields=513,6,15,0,0,0,0,0,0,0,16,0,0,0,0,0
event=trace_row ordinal=2521 kind=0 ns=268150058690588 fields=481,2,0,50,2,0,0,0,0,0,0,0,0,0,0,0
event=trace_row ordinal=2522 kind=1 ns=268150058690588 fields=481,2,0,1010,995,200,1000,0,1,0,0,0,0,0,0,0
event=trace_row ordinal=2523 kind=1 ns=268150058690588 fields=481,2,1,1010,995,200,1000,0,1,0,0,0,0,0,0,0
event=trace_row ordinal=2524 kind=3 ns=268150058732589 fields=481,482,1,2,268150058690588,0,0,0,0,0,0,0,0,4,1,3
event=trace_row ordinal=2525 kind=5 ns=268150068709181 fields=513,6,15,0,0,0,0,0,0,0,16,0,0,0,0,0
event=trace_row ordinal=2526 kind=0 ns=268150068684098 fields=482,2,0,25,1,0,0,0,0,0,0,0,0,0,0,0
event=trace_row ordinal=2527 kind=1 ns=268150068684098 fields=482,2,0,1010,995,200,1000,0,1,0,0,0,0,0,0,0
event=trace_row ordinal=2528 kind=3 ns=268150068712681 fields=482,483,1,2,268150068684098,0,0,0,0,0,0,0,0,4,1,3
event=trace_row ordinal=2529 kind=5 ns=268150078727483 fields=513,6,15,0,0,0,0,0,0,0,16,0,0,0,0,0
event=trace_row ordinal=2530 kind=0 ns=268150078689274 fields=483,2,0,50,2,0,0,0,0,0,0,0,0,0,0,0
event=trace_row ordinal=2531 kind=1 ns=268150078689274 fields=483,2,0,1010,995,200,1000,0,1,0,0,0,0,0,0,0
event=trace_row ordinal=2532 kind=1 ns=268150078689274 fields=483,2,1,1010,995,200,1000,0,1,0,0,0,0,0,0,0
event=trace_row ordinal=2533 kind=3 ns=268150078734191 fields=483,484,1,2,268150078689274,0,0,0,0,0,0,0,0,4,1,3
event=trace_row ordinal=2534 kind=5 ns=268150088711659 fields=513,6,15,0,0,0,0,0,0,0,16,0,0,0,0,0
event=trace_row ordinal=2535 kind=0 ns=268150088685116 fields=484,2,0,25,1,0,0,0,0,0,0,0,0,0,0,0
event=trace_row ordinal=2536 kind=1 ns=268150088685116 fields=484,2,0,1010,996,200,1000,0,1,0,0,0,0,0,0,0
event=trace_row ordinal=2537 kind=3 ns=268150088715159 fields=484,485,1,2,268150088685116,0,0,0,0,0,0,0,0,4,1,3
event=trace_row ordinal=2538 kind=4 ns=268150092928632 fields=385,8,39,20,39,20,0,0,0,0,16,0,0,0,0,0
event=trace_row ordinal=2539 kind=4 ns=268150093250928 fields=641,5,3,0,0,0,0,0,0,0,16,0,0,0,0,0
event=trace_row ordinal=2540 kind=5 ns=268150098708376 fields=513,6,15,0,0,0,0,0,0,0,16,0,0,0,0,0
event=trace_row ordinal=2541 kind=0 ns=268150098683001 fields=485,2,0,50,2,0,0,0,0,0,0,0,0,0,0,0
event=trace_row ordinal=2542 kind=1 ns=268150098683001 fields=485,2,0,1010,996,200,1000,0,1,0,0,0,0,0,0,0
event=trace_row ordinal=2543 kind=1 ns=268150098683001 fields=485,2,1,1010,996,200,1000,0,1,0,0,0,0,0,0,0
event=trace_row ordinal=2544 kind=3 ns=268150098712168 fields=485,486,1,2,268150098683001,0,0,0,0,0,0,0,0,4,1,3
event=trace_row ordinal=2545 kind=5 ns=268150108702469 fields=513,6,15,0,0,0,0,0,0,0,16,0,0,0,0,0
event=trace_row ordinal=2546 kind=0 ns=268150108680010 fields=486,2,0,25,1,0,0,0,0,0,0,0,0,0,0,0
event=trace_row ordinal=2547 kind=1 ns=268150108680010 fields=486,2,0,1010,995,200,1000,0,1,0,0,0,0,0,0,0
event=trace_row ordinal=2548 kind=3 ns=268150108705386 fields=486,487,1,2,268150108680010,0,0,0,0,0,0,0,0,4,1,3
event=trace_row ordinal=2549 kind=5 ns=268150118719604 fields=513,6,15,0,0,0,0,0,0,0,16,0,0,0,0,0
event=trace_row ordinal=2550 kind=0 ns=268150118684312 fields=487,2,0,25,1,0,0,0,0,0,0,0,0,0,0,0
event=trace_row ordinal=2551 kind=1 ns=268150118684312 fields=487,2,0,1010,995,200,1000,0,1,0,0,0,0,0,0,0
event=trace_row ordinal=2552 kind=3 ns=268150118723687 fields=487,488,1,2,268150118684312,0,0,0,0,0,0,0,0,4,1,3
event=trace_row ordinal=2553 kind=4 ns=268150124737060 fields=1793,1,5,0,0,0,0,0,0,0,16,0,0,0,0,0
event=trace_row ordinal=2554 kind=5 ns=268150128708446 fields=513,6,15,0,0,0,0,0,0,0,16,0,0,0,0,0
event=trace_row ordinal=2555 kind=0 ns=268150128683071 fields=488,2,0,50,2,0,0,0,0,0,0,0,0,0,0,0
event=trace_row ordinal=2556 kind=1 ns=268150128683071 fields=488,2,0,1010,995,200,1000,0,1,0,0,0,0,0,0,0
event=trace_row ordinal=2557 kind=1 ns=268150128683071 fields=488,2,1,1010,995,200,1000,0,1,0,0,0,0,0,0,0
event=trace_row ordinal=2558 kind=3 ns=268150128712238 fields=488,489,1,2,268150128683071,0,0,0,0,0,0,0,0,4,1,3
event=trace_row ordinal=2559 kind=5 ns=268150138701081 fields=513,6,15,0,0,0,0,0,0,0,16,0,0,0,0,0
event=trace_row ordinal=2560 kind=0 ns=268150138678914 fields=489,2,0,25,1,0,0,0,0,0,0,0,0,0,0,0
event=trace_row ordinal=2561 kind=1 ns=268150138678914 fields=489,2,0,1010,995,200,1000,0,1,0,0,0,0,0,0,0
event=trace_row ordinal=2562 kind=3 ns=268150138705164 fields=489,490,1,2,268150138678914,0,0,0,0,0,0,0,0,4,1,3
event=trace_row ordinal=2563 kind=4 ns=268150142871970 fields=385,8,39,20,39,20,0,0,0,0,16,0,0,0,0,0
event=trace_row ordinal=2564 kind=4 ns=268150143194558 fields=641,5,3,0,0,0,0,0,0,0,16,0,0,0,0,0
event=trace_row ordinal=2565 kind=5 ns=268150148706257 fields=513,6,15,0,0,0,0,0,0,0,16,0,0,0,0,0
event=trace_row ordinal=2566 kind=0 ns=268150148681757 fields=490,2,0,50,2,0,0,0,0,0,0,0,0,0,0,0
event=trace_row ordinal=2567 kind=1 ns=268150148681757 fields=490,2,0,1010,995,200,1000,0,1,0,0,0,0,0,0,0
event=trace_row ordinal=2568 kind=1 ns=268150148681757 fields=490,2,1,1010,995,200,1000,0,1,0,0,0,0,0,0,0
event=trace_row ordinal=2569 kind=3 ns=268150148710049 fields=490,491,1,2,268150148681757,0,0,0,0,0,0,0,0,4,1,3
event=trace_row ordinal=2570 kind=5 ns=268150158700058 fields=513,6,15,0,0,0,0,0,0,0,16,0,0,0,0,0
event=trace_row ordinal=2571 kind=0 ns=268150158679058 fields=491,2,0,25,1,0,0,0,0,0,0,0,0,0,0,0
event=trace_row ordinal=2572 kind=1 ns=268150158679058 fields=491,2,0,1010,995,200,1000,0,1,0,0,0,0,0,0,0
event=trace_row ordinal=2573 kind=3 ns=268150158703558 fields=491,492,1,2,268150158679058,0,0,0,0,0,0,0,0,4,1,3
event=trace_row ordinal=2574 kind=5 ns=268150168702318 fields=513,6,15,0,0,0,0,0,0,0,16,0,0,0,0,0
event=trace_row ordinal=2575 kind=0 ns=268150168679859 fields=492,2,0,50,2,0,0,0,0,0,0,0,0,0,0,0
event=trace_row ordinal=2576 kind=1 ns=268150168679859 fields=492,2,0,1010,995,200,1000,0,1,0,0,0,0,0,0,0
event=trace_row ordinal=2577 kind=1 ns=268150168679859 fields=492,2,1,1010,996,200,1000,0,1,0,0,0,0,0,0,0
event=trace_row ordinal=2578 kind=3 ns=268150168705526 fields=492,493,1,2,268150168679859,0,0,0,0,0,0,0,0,4,1,3
event=trace_row ordinal=2579 kind=5 ns=268150178696410 fields=513,6,15,0,0,0,0,0,0,0,16,0,0,0,0,0
event=trace_row ordinal=2580 kind=0 ns=268150178677452 fields=493,2,0,25,1,0,0,0,0,0,0,0,0,0,0,0
event=trace_row ordinal=2581 kind=1 ns=268150178677452 fields=493,2,0,1010,996,200,1000,0,1,0,0,0,0,0,0,0
event=trace_row ordinal=2582 kind=3 ns=268150178699619 fields=493,494,1,2,268150178677452,0,0,0,0,0,0,0,0,4,1,3
event=trace_row ordinal=2583 kind=5 ns=268150188697503 fields=513,6,15,0,0,0,0,0,0,0,16,0,0,0,0,0
event=trace_row ordinal=2584 kind=0 ns=268150188677378 fields=494,2,0,25,1,0,0,0,0,0,0,0,0,0,0,0
event=trace_row ordinal=2585 kind=1 ns=268150188677378 fields=494,2,0,1010,996,200,1000,0,1,0,0,0,0,0,0,0
event=trace_row ordinal=2586 kind=3 ns=268150188700711 fields=494,495,1,2,268150188677378,0,0,0,0,0,0,0,0,4,1,3
event=trace_row ordinal=2587 kind=4 ns=268150192819100 fields=385,8,39,20,39,20,0,0,0,0,16,0,0,0,0,0
event=trace_row ordinal=2588 kind=4 ns=268150193147230 fields=641,5,3,0,0,0,0,0,0,0,16,0,0,0,0,0
event=trace_row ordinal=2589 kind=5 ns=268150198700638 fields=513,6,15,0,0,0,0,0,0,0,16,0,0,0,0,0
event=trace_row ordinal=2590 kind=0 ns=268150198678179 fields=495,2,0,50,2,0,0,0,0,0,0,0,0,0,0,0
event=trace_row ordinal=2591 kind=1 ns=268150198678179 fields=495,2,0,1010,995,200,1000,0,1,0,0,0,0,0,0,0
event=trace_row ordinal=2592 kind=1 ns=268150198678179 fields=495,2,1,1010,995,200,1000,0,1,0,0,0,0,0,0,0
event=trace_row ordinal=2593 kind=3 ns=268150198704721 fields=495,496,1,2,268150198678179,0,0,0,0,0,0,0,0,4,1,3
event=trace_row ordinal=2594 kind=5 ns=268150208695022 fields=513,6,15,0,0,0,0,0,0,0,16,0,0,0,0,0
event=trace_row ordinal=2595 kind=0 ns=268150208676355 fields=496,2,0,25,1,0,0,0,0,0,0,0,0,0,0,0
event=trace_row ordinal=2596 kind=1 ns=268150208676355 fields=496,2,0,1010,995,200,1000,0,1,0,0,0,0,0,0,0
event=trace_row ordinal=2597 kind=3 ns=268150208698230 fields=496,497,1,2,268150208676355,0,0,0,0,0,0,0,0,4,1,3
event=trace_row ordinal=2598 kind=5 ns=268150218696698 fields=513,6,15,0,0,0,0,0,0,0,16,0,0,0,0,0
event=trace_row ordinal=2599 kind=0 ns=268150218675698 fields=497,2,0,50,2,0,0,0,0,0,0,0,0,0,0,0
event=trace_row ordinal=2600 kind=1 ns=268150218675698 fields=497,2,0,1010,996,200,1000,0,1,0,0,0,0,0,0,0
event=trace_row ordinal=2601 kind=1 ns=268150218675698 fields=497,2,1,1010,996,200,1000,0,1,0,0,0,0,0,0,0
event=trace_row ordinal=2602 kind=3 ns=268150218699907 fields=497,498,1,2,268150218675698,0,0,0,0,0,0,0,0,4,1,3
event=trace_row ordinal=2603 kind=5 ns=268150228693999 fields=513,6,15,0,0,0,0,0,0,0,16,0,0,0,0,0
event=trace_row ordinal=2604 kind=0 ns=268150228675332 fields=498,2,0,25,1,0,0,0,0,0,0,0,0,0,0,0
event=trace_row ordinal=2605 kind=1 ns=268150228675332 fields=498,2,0,1010,996,200,1000,0,1,0,0,0,0,0,0,0
event=trace_row ordinal=2606 kind=3 ns=268150228696916 fields=498,499,1,2,268150228675332,0,0,0,0,0,0,0,0,4,1,3
event=trace_row ordinal=2607 kind=5 ns=268150238695675 fields=513,6,15,0,0,0,0,0,0,0,16,0,0,0,0,0
event=trace_row ordinal=2608 kind=0 ns=268150238675842 fields=499,2,0,50,2,0,0,0,0,0,0,0,0,0,0,0
event=trace_row ordinal=2609 kind=1 ns=268150238675842 fields=499,2,0,1010,996,200,1000,0,1,0,0,0,0,0,0,0
event=trace_row ordinal=2610 kind=1 ns=268150238675842 fields=499,2,1,1010,996,200,1000,0,1,0,0,0,0,0,0,0
event=trace_row ordinal=2611 kind=3 ns=268150238698884 fields=499,500,1,2,268150238675842,0,0,0,0,0,0,0,0,4,1,3
event=trace_row ordinal=2612 kind=4 ns=268150242765647 fields=385,8,39,20,39,20,0,0,0,0,16,0,0,0,0,0
event=trace_row ordinal=2613 kind=4 ns=268150243210736 fields=641,5,3,0,0,0,0,0,0,0,16,0,0,0,0,0
event=trace_row ordinal=2614 kind=5 ns=268150248696185 fields=513,6,15,0,0,0,0,0,0,0,16,0,0,0,0,0
event=trace_row ordinal=2615 kind=0 ns=268150248676643 fields=500,2,0,25,1,0,0,0,0,0,0,0,0,0,0,0
event=trace_row ordinal=2616 kind=1 ns=268150248676643 fields=500,2,0,1010,996,200,1000,0,1,0,0,0,0,0,0,0
event=trace_row ordinal=2617 kind=3 ns=268150248699393 fields=500,501,1,2,268150248676643,0,0,0,0,0,0,0,0,4,1,3
event=trace_row ordinal=2618 kind=5 ns=268150258694361 fields=513,6,15,0,0,0,0,0,0,0,16,0,0,0,0,0
event=trace_row ordinal=2619 kind=0 ns=268150258675986 fields=501,2,0,25,1,0,0,0,0,0,0,0,0,0,0,0
event=trace_row ordinal=2620 kind=1 ns=268150258675986 fields=501,2,0,1010,996,200,1000,0,1,0,0,0,0,0,0,0
event=trace_row ordinal=2621 kind=3 ns=268150258697569 fields=501,502,1,2,268150258675986,0,0,0,0,0,0,0,0,4,1,3
event=trace_row ordinal=2622 kind=5 ns=268150268695746 fields=513,6,15,0,0,0,0,0,0,0,16,0,0,0,0,0
event=trace_row ordinal=2623 kind=0 ns=268150268675912 fields=502,2,0,50,2,0,0,0,0,0,0,0,0,0,0,0
event=trace_row ordinal=2624 kind=1 ns=268150268675912 fields=502,2,0,1010,996,200,1000,0,1,0,0,0,0,0,0,0
event=trace_row ordinal=2625 kind=1 ns=268150268675912 fields=502,2,1,1010,996,200,1000,0,1,0,0,0,0,0,0,0
event=trace_row ordinal=2626 kind=3 ns=268150268698954 fields=502,503,1,2,268150268675912,0,0,0,0,0,0,0,0,4,1,3
event=trace_row ordinal=2627 kind=5 ns=268150278693630 fields=513,6,15,0,0,0,0,0,0,0,16,0,0,0,0,0
event=trace_row ordinal=2628 kind=0 ns=268150278675546 fields=503,2,0,25,1,0,0,0,0,0,0,0,0,0,0,0
event=trace_row ordinal=2629 kind=1 ns=268150278675546 fields=503,2,0,1010,996,200,1000,0,1,0,0,0,0,0,0,0
event=trace_row ordinal=2630 kind=3 ns=268150278696838 fields=503,504,1,2,268150278675546,0,0,0,0,0,0,0,0,4,1,3
event=trace_row ordinal=2631 kind=5 ns=268150288696181 fields=513,6,15,0,0,0,0,0,0,0,16,0,0,0,0,0
event=trace_row ordinal=2632 kind=0 ns=268150288675764 fields=504,2,0,50,2,0,0,0,0,0,0,0,0,0,0,0
event=trace_row ordinal=2633 kind=1 ns=268150288675764 fields=504,2,0,1010,996,200,1000,0,1,0,0,0,0,0,0,0
event=trace_row ordinal=2634 kind=1 ns=268150288675764 fields=504,2,1,1010,996,200,1000,0,1,0,0,0,0,0,0,0
event=trace_row ordinal=2635 kind=3 ns=268150288699390 fields=504,505,1,2,268150288675764,0,0,0,0,0,0,0,0,4,1,3
event=trace_row ordinal=2636 kind=4 ns=268150292711318 fields=385,8,39,20,39,20,0,0,0,0,16,0,0,0,0,0
event=trace_row ordinal=2637 kind=4 ns=268150293163991 fields=641,5,3,0,0,0,0,0,0,0,16,0,0,0,0,0
event=trace_row ordinal=2638 kind=5 ns=268150298696982 fields=513,6,15,0,0,0,0,0,0,0,16,0,0,0,0,0
event=trace_row ordinal=2639 kind=0 ns=268150298676857 fields=505,2,0,25,1,0,0,0,0,0,0,0,0,0,0,0
event=trace_row ordinal=2640 kind=1 ns=268150298676857 fields=505,2,0,1010,996,200,1000,0,1,0,0,0,0,0,0,0
event=trace_row ordinal=2641 kind=3 ns=268150298700774 fields=505,506,1,2,268150298676857,0,0,0,0,0,0,0,0,4,1,3
event=trace_row ordinal=2642 kind=5 ns=268150308697200 fields=513,6,15,0,0,0,0,0,0,0,16,0,0,0,0,0
event=trace_row ordinal=2643 kind=0 ns=268150308676200 fields=506,2,0,50,2,0,0,0,0,0,0,0,0,0,0,0
event=trace_row ordinal=2644 kind=1 ns=268150308676200 fields=506,2,0,1010,996,200,1000,0,1,0,0,0,0,0,0,0
event=trace_row ordinal=2645 kind=1 ns=268150308676200 fields=506,2,1,1010,996,200,1000,0,1,0,0,0,0,0,0,0
event=trace_row ordinal=2646 kind=3 ns=268150308700992 fields=506,507,1,2,268150308676200,0,0,0,0,0,0,0,0,4,1,3
event=trace_row ordinal=2647 kind=5 ns=268150318712876 fields=513,6,15,0,0,0,0,0,0,0,16,0,0,0,0,0
event=trace_row ordinal=2648 kind=0 ns=268150318684876 fields=507,2,0,25,1,0,0,0,0,0,0,0,0,0,0,0
event=trace_row ordinal=2649 kind=1 ns=268150318684876 fields=507,2,0,1010,996,200,1000,0,1,0,0,0,0,0,0,0
event=trace_row ordinal=2650 kind=3 ns=268150318717835 fields=507,508,1,2,268150318684876,0,0,0,0,0,0,0,0,4,1,3
event=trace_row ordinal=2651 kind=5 ns=268150328695886 fields=513,6,15,0,0,0,0,0,0,0,16,0,0,0,0,0
event=trace_row ordinal=2652 kind=0 ns=268150328676927 fields=508,2,0,25,1,0,0,0,0,0,0,0,0,0,0,0
event=trace_row ordinal=2653 kind=1 ns=268150328676927 fields=508,2,0,1010,996,200,1000,0,1,0,0,0,0,0,0,0
event=trace_row ordinal=2654 kind=3 ns=268150328698802 fields=508,509,1,2,268150328676927,0,0,0,0,0,0,0,0,4,1,3
event=trace_row ordinal=2655 kind=5 ns=268150338695520 fields=513,6,15,0,0,0,0,0,0,0,16,0,0,0,0,0
event=trace_row ordinal=2656 kind=0 ns=268150338675103 fields=509,2,0,50,2,0,0,0,0,0,0,0,0,0,0,0
event=trace_row ordinal=2657 kind=1 ns=268150338675103 fields=509,2,0,1010,996,200,1000,0,1,0,0,0,0,0,0,0
event=trace_row ordinal=2658 kind=1 ns=268150338675103 fields=509,2,1,1010,996,200,1000,0,1,0,0,0,0,0,0,0
event=trace_row ordinal=2659 kind=3 ns=268150338698729 fields=509,510,1,2,268150338675103,0,0,0,0,0,0,0,0,4,1,3
event=trace_row ordinal=2660 kind=4 ns=268150342670115 fields=385,8,39,20,39,20,0,0,0,0,16,0,0,0,0,0
event=trace_row ordinal=2661 kind=4 ns=268150343112288 fields=641,5,3,0,0,0,0,0,0,0,16,0,0,0,0,0
event=trace_row ordinal=2662 kind=5 ns=268150348697196 fields=513,6,15,0,0,0,0,0,0,0,16,0,0,0,0,0
event=trace_row ordinal=2663 kind=0 ns=268150348677071 fields=510,2,0,25,1,0,0,0,0,0,0,0,0,0,0,0
event=trace_row ordinal=2664 kind=1 ns=268150348677071 fields=510,2,0,1010,996,200,1000,0,1,0,0,0,0,0,0,0
event=trace_row ordinal=2665 kind=3 ns=268150348700696 fields=510,511,1,2,268150348677071,0,0,0,0,0,0,0,0,4,1,3
event=trace_row ordinal=2666 kind=5 ns=268150358695664 fields=513,6,15,0,0,0,0,0,0,0,16,0,0,0,0,0
event=trace_row ordinal=2667 kind=0 ns=268150358675539 fields=511,2,0,50,2,0,0,0,0,0,0,0,0,0,0,0
event=trace_row ordinal=2668 kind=1 ns=268150358675539 fields=511,2,0,1010,996,200,1000,0,1,0,0,0,0,0,0,0
event=trace_row ordinal=2669 kind=1 ns=268150358675539 fields=511,2,1,1010,996,200,1000,0,1,0,0,0,0,0,0,0
event=trace_row ordinal=2670 kind=3 ns=268150358698872 fields=511,512,1,2,268150358675539,0,0,0,0,0,0,0,0,4,1,3
event=trace_row ordinal=2671 kind=5 ns=268150368693840 fields=513,6,15,0,0,0,0,0,0,0,16,0,0,0,0,0
event=trace_row ordinal=2672 kind=0 ns=268150368675757 fields=512,2,0,25,1,0,0,0,0,0,0,0,0,0,0,0
event=trace_row ordinal=2673 kind=1 ns=268150368675757 fields=512,2,0,1010,996,200,1000,0,1,0,0,0,0,0,0,0
event=trace_row ordinal=2674 kind=3 ns=268150368696757 fields=512,513,1,2,268150368675757,0,0,0,0,0,0,0,0,4,1,3
event=trace_row ordinal=2675 kind=4 ns=268150374226540 fields=1793,1,5,0,0,0,0,0,0,0,16,0,0,0,0,0
event=trace_row ordinal=2676 kind=5 ns=268150378697266 fields=513,6,15,0,0,0,0,0,0,0,16,0,0,0,0,0
event=trace_row ordinal=2677 kind=0 ns=268150378676558 fields=513,2,0,50,2,0,0,0,0,0,0,0,0,0,0,0
event=trace_row ordinal=2678 kind=1 ns=268150378676558 fields=513,2,0,1010,996,200,1000,0,1,0,0,0,0,0,0,0
event=trace_row ordinal=2679 kind=1 ns=268150378676558 fields=513,2,1,1010,996,200,1000,0,1,0,0,0,0,0,0,0
event=trace_row ordinal=2680 kind=3 ns=268150378700766 fields=513,514,1,2,268150378676558,0,0,0,0,0,0,0,0,4,1,3
event=trace_row ordinal=2681 kind=5 ns=268150388693984 fields=513,6,15,0,0,0,0,0,0,0,16,0,0,0,0,0
event=trace_row ordinal=2682 kind=0 ns=268150388675609 fields=514,2,0,25,1,0,0,0,0,0,0,0,0,0,0,0
event=trace_row ordinal=2683 kind=1 ns=268150388675609 fields=514,2,0,1010,996,200,1000,0,1,0,0,0,0,0,0,0
event=trace_row ordinal=2684 kind=3 ns=268150388696901 fields=514,515,1,2,268150388675609,0,0,0,0,0,0,0,0,4,1,3
event=trace_row ordinal=2685 kind=4 ns=268150392612870 fields=385,8,39,20,39,20,0,0,0,0,16,0,0,0,0,0
event=trace_row ordinal=2686 kind=4 ns=268150393069918 fields=641,5,3,0,0,0,0,0,0,0,16,0,0,0,0,0
event=trace_row ordinal=2687 kind=5 ns=268150398695369 fields=513,6,15,0,0,0,0,0,0,0,16,0,0,0,0,0
event=trace_row ordinal=2688 kind=0 ns=268150398676118 fields=515,2,0,25,1,0,0,0,0,0,0,0,0,0,0,0
event=trace_row ordinal=2689 kind=1 ns=268150398676118 fields=515,2,0,1010,996,200,1000,0,1,0,0,0,0,0,0,0
event=trace_row ordinal=2690 kind=3 ns=268150398698285 fields=515,516,1,2,268150398676118,0,0,0,0,0,0,0,0,4,1,3
event=trace_row ordinal=2691 kind=5 ns=268150408699670 fields=513,6,15,0,0,0,0,0,0,0,16,0,0,0,0,0
event=trace_row ordinal=2692 kind=0 ns=268150408677503 fields=516,2,0,50,2,0,0,0,0,0,0,0,0,0,0,0
event=trace_row ordinal=2693 kind=1 ns=268150408677503 fields=516,2,0,1010,996,200,1000,0,1,0,0,0,0,0,0,0
event=trace_row ordinal=2694 kind=1 ns=268150408677503 fields=516,2,1,1010,996,200,1000,0,1,0,0,0,0,0,0,0
event=trace_row ordinal=2695 kind=3 ns=268150408703753 fields=516,517,1,2,268150408677503,0,0,0,0,0,0,0,0,4,1,3
event=trace_row ordinal=2696 kind=5 ns=268150418694929 fields=513,6,15,0,0,0,0,0,0,0,16,0,0,0,0,0
event=trace_row ordinal=2697 kind=0 ns=268150418676554 fields=517,2,0,25,1,0,0,0,0,0,0,0,0,0,0,0
event=trace_row ordinal=2698 kind=1 ns=268150418676554 fields=517,2,0,1010,996,200,1000,0,1,0,0,0,0,0,0,0
event=trace_row ordinal=2699 kind=3 ns=268150418698138 fields=517,518,1,2,268150418676554,0,0,0,0,0,0,0,0,4,1,3
event=trace_row ordinal=2700 kind=5 ns=268150428695730 fields=513,6,15,0,0,0,0,0,0,0,16,0,0,0,0,0
event=trace_row ordinal=2701 kind=0 ns=268150428675897 fields=518,2,0,50,2,0,0,0,0,0,0,0,0,0,0,0
event=trace_row ordinal=2702 kind=1 ns=268150428675897 fields=518,2,0,1010,996,200,1000,0,1,0,0,0,0,0,0,0
event=trace_row ordinal=2703 kind=1 ns=268150428675897 fields=518,2,1,1010,995,200,1000,0,1,0,0,0,0,0,0,0
event=trace_row ordinal=2704 kind=3 ns=268150428699230 fields=518,519,1,2,268150428675897,0,0,0,0,0,0,0,0,4,1,3
event=trace_row ordinal=2705 kind=5 ns=268150438693907 fields=513,6,15,0,0,0,0,0,0,0,16,0,0,0,0,0
event=trace_row ordinal=2706 kind=0 ns=268150438675240 fields=519,2,0,25,1,0,0,0,0,0,0,0,0,0,0,0
event=trace_row ordinal=2707 kind=1 ns=268150438675240 fields=519,2,0,1010,995,200,1000,0,1,0,0,0,0,0,0,0
event=trace_row ordinal=2708 kind=3 ns=268150438696823 fields=519,520,1,2,268150438675240,0,0,0,0,0,0,0,0,4,1,3
event=trace_row ordinal=2709 kind=4 ns=268150442559125 fields=385,8,39,20,39,20,0,0,0,0,16,0,0,0,0,0
event=trace_row ordinal=2710 kind=4 ns=268150443134008 fields=641,5,3,0,0,0,0,0,0,0,16,0,0,0,0,0
event=trace_row ordinal=2711 kind=5 ns=268150448697041 fields=513,6,15,0,0,0,0,0,0,0,16,0,0,0,0,0
event=trace_row ordinal=2712 kind=0 ns=268150448676332 fields=520,2,0,50,2,0,0,0,0,0,0,0,0,0,0,0
event=trace_row ordinal=2713 kind=1 ns=268150448676332 fields=520,2,0,1010,995,200,1000,0,1,0,0,0,0,0,0,0
event=trace_row ordinal=2714 kind=1 ns=268150448676332 fields=520,2,1,1010,996,200,1000,0,1,0,0,0,0,0,0,0
event=trace_row ordinal=2715 kind=3 ns=268150448700541 fields=520,521,1,2,268150448676332,0,0,0,0,0,0,0,0,4,1,3
event=trace_row ordinal=2716 kind=5 ns=268150458698134 fields=513,6,15,0,0,0,0,0,0,0,16,0,0,0,0,0
event=trace_row ordinal=2717 kind=0 ns=268150458677425 fields=521,2,0,25,1,0,0,0,0,0,0,0,0,0,0,0
event=trace_row ordinal=2718 kind=1 ns=268150458677425 fields=521,2,0,1010,996,200,1000,0,1,0,0,0,0,0,0,0
event=trace_row ordinal=2719 kind=3 ns=268150458701342 fields=521,522,1,2,268150458677425,0,0,0,0,0,0,0,0,4,1,3
event=trace_row ordinal=2720 kind=5 ns=268150468699518 fields=513,6,15,0,0,0,0,0,0,0,16,0,0,0,0,0
event=trace_row ordinal=2721 kind=0 ns=268150468677643 fields=522,2,0,25,1,0,0,0,0,0,0,0,0,0,0,0
event=trace_row ordinal=2722 kind=1 ns=268150468677643 fields=522,2,0,1010,996,200,1000,0,1,0,0,0,0,0,0,0
event=trace_row ordinal=2723 kind=3 ns=268150468703018 fields=522,523,1,2,268150468677643,0,0,0,0,0,0,0,0,4,1,3
event=trace_row ordinal=2724 kind=5 ns=268150478717820 fields=513,6,15,0,0,0,0,0,0,0,16,0,0,0,0,0
event=trace_row ordinal=2725 kind=0 ns=268150478686611 fields=523,2,0,50,2,0,0,0,0,0,0,0,0,0,0,0
event=trace_row ordinal=2726 kind=1 ns=268150478686611 fields=523,2,0,1010,995,200,1000,0,1,0,0,0,0,0,0,0
event=trace_row ordinal=2727 kind=1 ns=268150478686611 fields=523,2,1,1010,995,200,1000,0,1,0,0,0,0,0,0,0
event=trace_row ordinal=2728 kind=3 ns=268150478721903 fields=523,524,1,2,268150478686611,0,0,0,0,0,0,0,0,4,1,3
event=trace_row ordinal=2729 kind=5 ns=268150488702287 fields=513,6,15,0,0,0,0,0,0,0,16,0,0,0,0,0
event=trace_row ordinal=2730 kind=0 ns=268150488680412 fields=524,2,0,25,1,0,0,0,0,0,0,0,0,0,0,0
event=trace_row ordinal=2731 kind=1 ns=268150488680412 fields=524,2,0,1010,995,200,1000,0,1,0,0,0,0,0,0,0
event=trace_row ordinal=2732 kind=3 ns=268150488706079 fields=524,525,1,2,268150488680412,0,0,0,0,0,0,0,0,4,1,3
event=trace_row ordinal=2733 kind=4 ns=268150492520255 fields=385,8,39,20,39,20,0,0,0,0,16,0,0,0,0,0
event=trace_row ordinal=2734 kind=4 ns=268150493088721 fields=641,5,3,0,0,0,0,0,0,0,16,0,0,0,0,0
event=trace_row ordinal=2735 kind=5 ns=268150498740131 fields=513,6,15,0,0,0,0,0,0,0,16,0,0,0,0,0
event=trace_row ordinal=2736 kind=0 ns=268150498694922 fields=525,2,0,50,2,0,0,0,0,0,0,0,0,0,0,0
event=trace_row ordinal=2737 kind=1 ns=268150498694922 fields=525,2,0,1010,995,200,1000,0,1,0,0,0,0,0,0,0
event=trace_row ordinal=2738 kind=1 ns=268150498694922 fields=525,2,1,1010,995,200,1000,0,1,0,0,0,0,0,0,0
event=trace_row ordinal=2739 kind=3 ns=268150498744214 fields=525,526,1,2,268150498694922,0,0,0,0,0,0,0,0,4,1,3
event=trace_row ordinal=2740 kind=5 ns=268150508725473 fields=513,6,15,0,0,0,0,0,0,0,16,0,0,0,0,0
event=trace_row ordinal=2741 kind=0 ns=268150508690764 fields=526,2,0,25,1,0,0,0,0,0,0,0,0,0,0,0
event=trace_row ordinal=2742 kind=1 ns=268150508690764 fields=526,2,0,1010,995,200,1000,0,1,0,0,0,0,0,0,0
event=trace_row ordinal=2743 kind=3 ns=268150508731015 fields=526,527,1,2,268150508690764,0,0,0,0,0,0,0,0,4,1,3
event=trace_row ordinal=2744 kind=5 ns=268150518707024 fields=513,6,15,0,0,0,0,0,0,0,16,0,0,0,0,0
event=trace_row ordinal=2745 kind=0 ns=268150518681357 fields=527,2,0,50,2,0,0,0,0,0,0,0,0,0,0,0
event=trace_row ordinal=2746 kind=1 ns=268150518681357 fields=527,2,0,1010,995,200,1000,0,1,0,0,0,0,0,0,0
event=trace_row ordinal=2747 kind=1 ns=268150518681357 fields=527,2,1,1010,995,200,1000,0,1,0,0,0,0,0,0,0
event=trace_row ordinal=2748 kind=3 ns=268150518710816 fields=527,528,1,2,268150518681357,0,0,0,0,0,0,0,0,4,1,3
event=trace_row ordinal=2749 kind=5 ns=268150528705200 fields=513,6,15,0,0,0,0,0,0,0,16,0,0,0,0,0
event=trace_row ordinal=2750 kind=0 ns=268150528680992 fields=528,2,0,25,1,0,0,0,0,0,0,0,0,0,0,0
event=trace_row ordinal=2751 kind=1 ns=268150528680992 fields=528,2,0,1010,995,200,1000,0,1,0,0,0,0,0,0,0
event=trace_row ordinal=2752 kind=3 ns=268150528708409 fields=528,529,1,2,268150528680992,0,0,0,0,0,0,0,0,4,1,3
event=trace_row ordinal=2753 kind=5 ns=268150538723502 fields=513,6,15,0,0,0,0,0,0,0,16,0,0,0,0,0
event=trace_row ordinal=2754 kind=0 ns=268150538689376 fields=529,2,0,25,1,0,0,0,0,0,0,0,0,0,0,0
event=trace_row ordinal=2755 kind=1 ns=268150538689376 fields=529,2,0,1010,995,200,1000,0,1,0,0,0,0,0,0,0
event=trace_row ordinal=2756 kind=3 ns=268150538727585 fields=529,530,1,2,268150538689376,0,0,0,0,0,0,0,0,4,1,3
event=trace_row ordinal=2757 kind=4 ns=268150542480802 fields=385,8,39,20,39,20,0,0,0,0,16,0,0,0,0,0
event=trace_row ordinal=2758 kind=4 ns=268150543035851 fields=641,5,3,0,0,0,0,0,0,0,16,0,0,0,0,0
event=trace_row ordinal=2759 kind=5 ns=268150548707969 fields=513,6,15,0,0,0,0,0,0,0,16,0,0,0,0,0
event=trace_row ordinal=2760 kind=0 ns=268150548682302 fields=530,2,0,50,2,0,0,0,0,0,0,0,0,0,0,0
event=trace_row ordinal=2761 kind=1 ns=268150548682302 fields=530,2,0,1010,995,200,1000,0,1,0,0,0,0,0,0,0
event=trace_row ordinal=2762 kind=1 ns=268150548682302 fields=530,2,1,1010,995,200,1000,0,1,0,0,0,0,0,0,0
event=trace_row ordinal=2763 kind=3 ns=268150548712636 fields=530,531,1,2,268150548682302,0,0,0,0,0,0,0,0,4,1,3
event=trace_row ordinal=2764 kind=5 ns=268150558726854 fields=513,6,15,0,0,0,0,0,0,0,16,0,0,0,0,0
event=trace_row ordinal=2765 kind=0 ns=268150558690104 fields=531,2,0,25,1,0,0,0,0,0,0,0,0,0,0,0
event=trace_row ordinal=2766 kind=1 ns=268150558690104 fields=531,2,0,1010,995,200,1000,0,1,0,0,0,0,0,0,0
event=trace_row ordinal=2767 kind=3 ns=268150558731812 fields=531,532,1,2,268150558690104,0,0,0,0,0,0,0,0,4,1,3
event=trace_row ordinal=2768 kind=5 ns=268150568706655 fields=513,6,15,0,0,0,0,0,0,0,16,0,0,0,0,0
event=trace_row ordinal=2769 kind=0 ns=268150568680988 fields=532,2,0,50,2,0,0,0,0,0,0,0,0,0,0,0
event=trace_row ordinal=2770 kind=1 ns=268150568680988 fields=532,2,0,1010,995,200,1000,0,1,0,0,0,0,0,0,0
event=trace_row ordinal=2771 kind=1 ns=268150568680988 fields=532,2,1,1010,996,200,1000,0,1,0,0,0,0,0,0,0
event=trace_row ordinal=2772 kind=3 ns=268150568710447 fields=532,533,1,2,268150568680988,0,0,0,0,0,0,0,0,4,1,3
event=trace_row ordinal=2773 kind=5 ns=268150578715331 fields=513,6,15,0,0,0,0,0,0,0,16,0,0,0,0,0
event=trace_row ordinal=2774 kind=0 ns=268150578684997 fields=533,2,0,25,1,0,0,0,0,0,0,0,0,0,0,0
event=trace_row ordinal=2775 kind=1 ns=268150578684997 fields=533,2,0,1010,996,200,1000,0,1,0,0,0,0,0,0,0
event=trace_row ordinal=2776 kind=3 ns=268150578719998 fields=533,534,1,2,268150578684997,0,0,0,0,0,0,0,0,4,1,3
event=trace_row ordinal=2777 kind=5 ns=268150588708549 fields=513,6,15,0,0,0,0,0,0,0,16,0,0,0,0,0
event=trace_row ordinal=2778 kind=0 ns=268150588681132 fields=534,2,0,50,2,0,0,0,0,0,0,0,0,0,0,0
event=trace_row ordinal=2779 kind=1 ns=268150588681132 fields=534,2,0,1010,996,200,1000,0,1,0,0,0,0,0,0,0
event=trace_row ordinal=2780 kind=1 ns=268150588681132 fields=534,2,1,1010,995,200,1000,0,1,0,0,0,0,0,0,0
event=trace_row ordinal=2781 kind=3 ns=268150588712341 fields=534,535,1,2,268150588681132,0,0,0,0,0,0,0,0,4,1,3
event=trace_row ordinal=2782 kind=4 ns=268150592421224 fields=385,8,39,20,39,20,0,0,0,0,16,0,0,0,0,0
event=trace_row ordinal=2783 kind=4 ns=268150592994065 fields=641,5,3,0,0,0,0,0,0,0,16,0,0,0,0,0
event=trace_row ordinal=2784 kind=5 ns=268150598704683 fields=513,6,15,0,0,0,0,0,0,0,16,0,0,0,0,0
event=trace_row ordinal=2785 kind=0 ns=268150598680766 fields=535,2,0,25,1,0,0,0,0,0,0,0,0,0,0,0
event=trace_row ordinal=2786 kind=1 ns=268150598680766 fields=535,2,0,1010,995,200,1000,0,1,0,0,0,0,0,0,0
event=trace_row ordinal=2787 kind=3 ns=268150598708183 fields=535,536,1,2,268150598680766,0,0,0,0,0,0,0,0,4,1,3
event=trace_row ordinal=2788 kind=5 ns=268150608697901 fields=513,6,15,0,0,0,0,0,0,0,16,0,0,0,0,0
event=trace_row ordinal=2789 kind=0 ns=268150608678067 fields=536,2,0,25,1,0,0,0,0,0,0,0,0,0,0,0
event=trace_row ordinal=2790 kind=1 ns=268150608678067 fields=536,2,0,1010,995,200,1000,0,1,0,0,0,0,0,0,0
event=trace_row ordinal=2791 kind=3 ns=268150608701109 fields=536,537,1,2,268150608678067,0,0,0,0,0,0,0,0,4,1,3
event=trace_row ordinal=2792 kind=5 ns=268150618769870 fields=513,6,15,0,0,0,0,0,0,0,16,0,0,0,0,0
event=trace_row ordinal=2793 kind=0 ns=268150618696077 fields=537,2,0,50,2,0,0,0,0,0,0,0,0,0,0,0
event=trace_row ordinal=2794 kind=1 ns=268150618696077 fields=537,2,0,1010,995,200,1000,0,1,0,0,0,0,0,0,0
event=trace_row ordinal=2795 kind=1 ns=268150618696077 fields=537,2,1,1010,995,200,1000,0,1,0,0,0,0,0,0,0
event=trace_row ordinal=2796 kind=3 ns=268150618777162 fields=537,538,1,2,268150618696077,0,0,0,0,0,0,0,0,4,1,3
event=trace_row ordinal=2797 kind=4 ns=268150623799146 fields=1793,1,5,0,0,0,0,0,0,0,16,0,0,0,0,0
event=trace_row ordinal=2798 kind=5 ns=268150628713503 fields=513,6,15,0,0,0,0,0,0,0,16,0,0,0,0,0
event=trace_row ordinal=2799 kind=0 ns=268150628685795 fields=538,2,0,25,1,0,0,0,0,0,0,0,0,0,0,0
event=trace_row ordinal=2800 kind=1 ns=268150628685795 fields=538,2,0,1010,995,200,1000,0,1,0,0,0,0,0,0,0
event=trace_row ordinal=2801 kind=3 ns=268150628718462 fields=538,539,1,2,268150628685795,0,0,0,0,0,0,0,0,4,1,3
event=trace_row ordinal=2802 kind=5 ns=268150638703804 fields=513,6,15,0,0,0,0,0,0,0,16,0,0,0,0,0
event=trace_row ordinal=2803 kind=0 ns=268150638681346 fields=539,2,0,50,2,0,0,0,0,0,0,0,0,0,0,0
event=trace_row ordinal=2804 kind=1 ns=268150638681346 fields=539,2,0,1010,995,200,1000,0,1,0,0,0,0,0,0,0
event=trace_row ordinal=2805 kind=1 ns=268150638681346 fields=539,2,1,1010,995,200,1000,0,1,0,0,0,0,0,0,0
event=trace_row ordinal=2806 kind=3 ns=268150638707305 fields=539,540,1,2,268150638681346,0,0,0,0,0,0,0,0,4,1,3
event=trace_row ordinal=2807 kind=4 ns=268150642367187 fields=385,8,39,20,39,20,0,0,0,0,16,0,0,0,0,0
event=trace_row ordinal=2808 kind=4 ns=268150643059321 fields=641,5,3,0,0,0,0,0,0,0,16,0,0,0,0,0
event=trace_row ordinal=2809 kind=5 ns=268150648703439 fields=513,6,15,0,0,0,0,0,0,0,16,0,0,0,0,0
event=trace_row ordinal=2810 kind=0 ns=268150648680980 fields=540,2,0,25,1,0,0,0,0,0,0,0,0,0,0,0
event=trace_row ordinal=2811 kind=1 ns=268150648680980 fields=540,2,0,1010,996,200,1000,0,1,0,0,0,0,0,0,0
event=trace_row ordinal=2812 kind=3 ns=268150648706939 fields=540,541,1,2,268150648680980,0,0,0,0,0,0,0,0,4,1,3
event=trace_row ordinal=2813 kind=5 ns=268150658701615 fields=513,6,15,0,0,0,0,0,0,0,16,0,0,0,0,0
event=trace_row ordinal=2814 kind=0 ns=268150658678865 fields=541,2,0,50,2,0,0,0,0,0,0,0,0,0,0,0
event=trace_row ordinal=2815 kind=1 ns=268150658678865 fields=541,2,0,1010,996,200,1000,0,1,0,0,0,0,0,0,0
event=trace_row ordinal=2816 kind=1 ns=268150658678865 fields=541,2,1,1010,996,200,1000,0,1,0,0,0,0,0,0,0
event=trace_row ordinal=2817 kind=3 ns=268150658705407 fields=541,542,1,2,268150658678865,0,0,0,0,0,0,0,0,4,1,3
event=trace_row ordinal=2818 kind=5 ns=268150668701833 fields=513,6,15,0,0,0,0,0,0,0,16,0,0,0,0,0
event=trace_row ordinal=2819 kind=0 ns=268150668679374 fields=542,2,0,25,1,0,0,0,0,0,0,0,0,0,0,0
event=trace_row ordinal=2820 kind=1 ns=268150668679374 fields=542,2,0,1010,995,200,1000,0,1,0,0,0,0,0,0,0
event=trace_row ordinal=2821 kind=3 ns=268150668705625 fields=542,543,1,2,268150668679374,0,0,0,0,0,0,0,0,4,1,3
event=trace_row ordinal=2822 kind=5 ns=268150678696217 fields=513,6,15,0,0,0,0,0,0,0,16,0,0,0,0,0
event=trace_row ordinal=2823 kind=0 ns=268150678676675 fields=543,2,0,25,1,0,0,0,0,0,0,0,0,0,0,0
event=trace_row ordinal=2824 kind=1 ns=268150678676675 fields=543,2,0,1010,995,200,1000,0,1,0,0,0,0,0,0,0
event=trace_row ordinal=2825 kind=3 ns=268150678699134 fields=543,544,1,2,268150678676675,0,0,0,0,0,0,0,0,4,1,3
event=trace_row ordinal=2826 kind=5 ns=268150688696727 fields=513,6,15,0,0,0,0,0,0,0,16,0,0,0,0,0
event=trace_row ordinal=2827 kind=0 ns=268150688676893 fields=544,2,0,50,2,0,0,0,0,0,0,0,0,0,0,0
event=trace_row ordinal=2828 kind=1 ns=268150688676893 fields=544,2,0,1010,995,200,1000,0,1,0,0,0,0,0,0,0
event=trace_row ordinal=2829 kind=1 ns=268150688676893 fields=544,2,1,1010,996,200,1000,0,1,0,0,0,0,0,0,0
event=trace_row ordinal=2830 kind=3 ns=268150688699935 fields=544,545,1,2,268150688676893,0,0,0,0,0,0,0,0,4,1,3
event=trace_row ordinal=2831 kind=4 ns=268150692312567 fields=385,8,39,20,39,20,0,0,0,0,16,0,0,0,0,0
event=trace_row ordinal=2832 kind=4 ns=268150693011701 fields=641,5,3,0,0,0,0,0,0,0,16,0,0,0,0,0
event=trace_row ordinal=2833 kind=5 ns=268150698696653 fields=513,6,15,0,0,0,0,0,0,0,16,0,0,0,0,0
event=trace_row ordinal=2834 kind=0 ns=268150698677111 fields=545,2,0,25,1,0,0,0,0,0,0,0,0,0,0,0
event=trace_row ordinal=2835 kind=1 ns=268150698677111 fields=545,2,0,1010,996,200,1000,0,1,0,0,0,0,0,0,0
event=trace_row ordinal=2836 kind=3 ns=268150698699570 fields=545,546,1,2,268150698677111,0,0,0,0,0,0,0,0,4,1,3
event=trace_row ordinal=2837 kind=5 ns=268150708696871 fields=513,6,15,0,0,0,0,0,0,0,16,0,0,0,0,0
event=trace_row ordinal=2838 kind=0 ns=268150708676454 fields=546,2,0,50,2,0,0,0,0,0,0,0,0,0,0,0
event=trace_row ordinal=2839 kind=1 ns=268150708676454 fields=546,2,0,1010,996,200,1000,0,1,0,0,0,0,0,0,0
event=trace_row ordinal=2840 kind=1 ns=268150708676454 fields=546,2,1,1010,995,200,1000,0,1,0,0,0,0,0,0,0
event=trace_row ordinal=2841 kind=3 ns=268150708700079 fields=546,547,1,2,268150708676454,0,0,0,0,0,0,0,0,4,1,3
event=trace_row ordinal=2842 kind=5 ns=268150718696505 fields=513,6,15,0,0,0,0,0,0,0,16,0,0,0,0,0
event=trace_row ordinal=2843 kind=0 ns=268150718676672 fields=547,2,0,25,1,0,0,0,0,0,0,0,0,0,0,0
event=trace_row ordinal=2844 kind=1 ns=268150718676672 fields=547,2,0,1010,995,200,1000,0,1,0,0,0,0,0,0,0
event=trace_row ordinal=2845 kind=3 ns=268150718699714 fields=547,548,1,2,268150718676672,0,0,0,0,0,0,0,0,4,1,3
event=trace_row ordinal=2846 kind=5 ns=268150728699640 fields=513,6,15,0,0,0,0,0,0,0,16,0,0,0,0,0
event=trace_row ordinal=2847 kind=0 ns=268150728677473 fields=548,2,0,50,2,0,0,0,0,0,0,0,0,0,0,0
event=trace_row ordinal=2848 kind=1 ns=268150728677473 fields=548,2,0,1010,995,200,1000,0,1,0,0,0,0,0,0,0
event=trace_row ordinal=2849 kind=1 ns=268150728677473 fields=548,2,1,1010,996,200,1000,0,1,0,0,0,0,0,0,0
event=trace_row ordinal=2850 kind=3 ns=268150728703723 fields=548,549,1,2,268150728677473,0,0,0,0,0,0,0,0,4,1,3
event=trace_row ordinal=2851 kind=5 ns=268150738694607 fields=513,6,15,0,0,0,0,0,0,0,16,0,0,0,0,0
event=trace_row ordinal=2852 kind=0 ns=268150738675941 fields=549,2,0,25,1,0,0,0,0,0,0,0,0,0,0,0
event=trace_row ordinal=2853 kind=1 ns=268150738675941 fields=549,2,0,1010,996,200,1000,0,1,0,0,0,0,0,0,0
event=trace_row ordinal=2854 kind=3 ns=268150738697524 fields=549,550,1,2,268150738675941,0,0,0,0,0,0,0,0,4,1,3
event=trace_row ordinal=2855 kind=4 ns=268150742261739 fields=385,8,39,20,39,20,0,0,0,0,16,0,0,0,0,0
event=trace_row ordinal=2856 kind=4 ns=268150742958248 fields=641,5,3,0,0,0,0,0,0,0,16,0,0,0,0,0
event=trace_row ordinal=2857 kind=5 ns=268150748695700 fields=513,6,15,0,0,0,0,0,0,0,16,0,0,0,0,0
event=trace_row ordinal=2858 kind=0 ns=268150748676450 fields=550,2,0,25,1,0,0,0,0,0,0,0,0,0,0,0
event=trace_row ordinal=2859 kind=1 ns=268150748676450 fields=550,2,0,1010,996,200,1000,0,1,0,0,0,0,0,0,0
event=trace_row ordinal=2860 kind=3 ns=268150748698909 fields=550,551,1,2,268150748676450,0,0,0,0,0,0,0,0,4,1,3
event=trace_row ordinal=2861 kind=5 ns=268150758695626 fields=513,6,15,0,0,0,0,0,0,0,16,0,0,0,0,0
event=trace_row ordinal=2862 kind=0 ns=268150758675793 fields=551,2,0,50,2,0,0,0,0,0,0,0,0,0,0,0
event=trace_row ordinal=2863 kind=1 ns=268150758675793 fields=551,2,0,1010,995,200,1000,0,1,0,0,0,0,0,0,0
event=trace_row ordinal=2864 kind=1 ns=268150758675793 fields=551,2,1,1010,995,200,1000,0,1,0,0,0,0,0,0,0
event=trace_row ordinal=2865 kind=3 ns=268150758698835 fields=551,552,1,2,268150758675793,0,0,0,0,0,0,0,0,4,1,3
event=trace_row ordinal=2866 kind=5 ns=268150768694094 fields=513,6,15,0,0,0,0,0,0,0,16,0,0,0,0,0
event=trace_row ordinal=2867 kind=0 ns=268150768675427 fields=552,2,0,25,1,0,0,0,0,0,0,0,0,0,0,0
event=trace_row ordinal=2868 kind=1 ns=268150768675427 fields=552,2,0,1010,995,200,1000,0,1,0,0,0,0,0,0,0
event=trace_row ordinal=2869 kind=3 ns=268150768697303 fields=552,553,1,2,268150768675427,0,0,0,0,0,0,0,0,4,1,3
event=trace_row ordinal=2870 kind=5 ns=268150778696354 fields=513,6,15,0,0,0,0,0,0,0,16,0,0,0,0,0
event=trace_row ordinal=2871 kind=0 ns=268150778675937 fields=553,2,0,50,2,0,0,0,0,0,0,0,0,0,0,0
event=trace_row ordinal=2872 kind=1 ns=268150778675937 fields=553,2,0,1010,995,200,1000,0,1,0,0,0,0,0,0,0
event=trace_row ordinal=2873 kind=1 ns=268150778675937 fields=553,2,1,1010,995,200,1000,0,1,0,0,0,0,0,0,0
event=trace_row ordinal=2874 kind=3 ns=268150778700145 fields=553,554,1,2,268150778675937,0,0,0,0,0,0,0,0,4,1,3
event=trace_row ordinal=2875 kind=5 ns=268150788693655 fields=513,6,15,0,0,0,0,0,0,0,16,0,0,0,0,0
event=trace_row ordinal=2876 kind=0 ns=268150788675571 fields=554,2,0,25,1,0,0,0,0,0,0,0,0,0,0,0
event=trace_row ordinal=2877 kind=1 ns=268150788675571 fields=554,2,0,1010,995,200,1000,0,1,0,0,0,0,0,0,0
event=trace_row ordinal=2878 kind=3 ns=268150788697155 fields=554,555,1,2,268150788675571,0,0,0,0,0,0,0,0,4,1,3
event=trace_row ordinal=2879 kind=4 ns=268150792209452 fields=385,8,39,20,39,20,0,0,0,0,16,0,0,0,0,0
event=trace_row ordinal=2880 kind=4 ns=268150792980921 fields=641,5,3,0,0,0,0,0,0,0,16,0,0,0,0,0
event=trace_row ordinal=2881 kind=5 ns=268150798697373 fields=513,6,15,0,0,0,0,0,0,0,16,0,0,0,0,0
event=trace_row ordinal=2882 kind=0 ns=268150798676372 fields=555,2,0,50,2,0,0,0,0,0,0,0,0,0,0,0
event=trace_row ordinal=2883 kind=1 ns=268150798676372 fields=555,2,0,1010,995,200,1000,0,1,0,0,0,0,0,0,0
event=trace_row ordinal=2884 kind=1 ns=268150798676372 fields=555,2,1,1010,995,200,1000,0,1,0,0,0,0,0,0,0
event=trace_row ordinal=2885 kind=3 ns=268150798700581 fields=555,556,1,2,268150798676372,0,0,0,0,0,0,0,0,4,1,3
event=trace_row ordinal=2886 kind=5 ns=268150808694090 fields=513,6,15,0,0,0,0,0,0,0,16,0,0,0,0,0
event=trace_row ordinal=2887 kind=0 ns=268150808675715 fields=556,2,0,25,1,0,0,0,0,0,0,0,0,0,0,0
event=trace_row ordinal=2888 kind=1 ns=268150808675715 fields=556,2,0,1010,996,200,1000,0,1,0,0,0,0,0,0,0
event=trace_row ordinal=2889 kind=3 ns=268150808697007 fields=556,557,1,2,268150808675715,0,0,0,0,0,0,0,0,4,1,3
event=trace_row ordinal=2890 kind=5 ns=268150818710642 fields=513,6,15,0,0,0,0,0,0,0,16,0,0,0,0,0
event=trace_row ordinal=2891 kind=0 ns=268150818684683 fields=557,2,0,25,1,0,0,0,0,0,0,0,0,0,0,0
event=trace_row ordinal=2892 kind=1 ns=268150818684683 fields=557,2,0,1010,996,200,1000,0,1,0,0,0,0,0,0,0
event=trace_row ordinal=2893 kind=3 ns=268150818714725 fields=557,558,1,2,268150818684683,0,0,0,0,0,0,0,0,4,1,3
event=trace_row ordinal=2894 kind=5 ns=268150828707068 fields=513,6,15,0,0,0,0,0,0,0,16,0,0,0,0,0
event=trace_row ordinal=2895 kind=0 ns=268150828680526 fields=558,2,0,50,2,0,0,0,0,0,0,0,0,0,0,0
event=trace_row ordinal=2896 kind=1 ns=268150828680526 fields=558,2,0,1010,996,200,1000,0,1,0,0,0,0,0,0,0
event=trace_row ordinal=2897 kind=1 ns=268150828680526 fields=558,2,1,1010,995,200,1000,0,1,0,0,0,0,0,0,0
event=trace_row ordinal=2898 kind=3 ns=268150828711151 fields=558,559,1,2,268150828680526,0,0,0,0,0,0,0,0,4,1,3
event=trace_row ordinal=2899 kind=5 ns=268150838696494 fields=513,6,15,0,0,0,0,0,0,0,16,0,0,0,0,0
event=trace_row ordinal=2900 kind=0 ns=268150838677244 fields=559,2,0,25,1,0,0,0,0,0,0,0,0,0,0,0
event=trace_row ordinal=2901 kind=1 ns=268150838677244 fields=559,2,0,1010,995,200,1000,0,1,0,0,0,0,0,0,0
event=trace_row ordinal=2902 kind=3 ns=268150838699994 fields=559,560,1,2,268150838677244,0,0,0,0,0,0,0,0,4,1,3
event=trace_row ordinal=2903 kind=4 ns=268150842163290 fields=385,8,39,20,39,20,0,0,0,0,16,0,0,0,0,0
event=trace_row ordinal=2904 kind=4 ns=268150842979968 fields=641,5,3,0,0,0,0,0,0,0,16,0,0,0,0,0
event=trace_row ordinal=2905 kind=5 ns=268150848698462 fields=513,6,15,0,0,0,0,0,0,0,16,0,0,0,0,0
event=trace_row ordinal=2906 kind=0 ns=268150848677461 fields=560,2,0,50,2,0,0,0,0,0,0,0,0,0,0,0
event=trace_row ordinal=2907 kind=1 ns=268150848677461 fields=560,2,0,1010,995,200,1000,0,1,0,0,0,0,0,0,0
event=trace_row ordinal=2908 kind=1 ns=268150848677461 fields=560,2,1,1010,995,200,1000,0,1,0,0,0,0,0,0,0
event=trace_row ordinal=2909 kind=3 ns=268150848702253 fields=560,561,1,2,268150848677461,0,0,0,0,0,0,0,0,4,1,3
event=trace_row ordinal=2910 kind=5 ns=268150858694596 fields=513,6,15,0,0,0,0,0,0,0,16,0,0,0,0,0
event=trace_row ordinal=2911 kind=0 ns=268150858675929 fields=561,2,0,25,1,0,0,0,0,0,0,0,0,0,0,0
event=trace_row ordinal=2912 kind=1 ns=268150858675929 fields=561,2,0,1010,995,200,1000,0,1,0,0,0,0,0,0,0
event=trace_row ordinal=2913 kind=3 ns=268150858697805 fields=561,562,1,2,268150858675929,0,0,0,0,0,0,0,0,4,1,3
event=trace_row ordinal=2914 kind=5 ns=268150868696272 fields=513,6,15,0,0,0,0,0,0,0,16,0,0,0,0,0
event=trace_row ordinal=2915 kind=0 ns=268150868675855 fields=562,2,0,50,2,0,0,0,0,0,0,0,0,0,0,0
event=trace_row ordinal=2916 kind=1 ns=268150868675855 fields=562,2,0,1010,995,200,1000,0,1,0,0,0,0,0,0,0
event=trace_row ordinal=2917 kind=1 ns=268150868675855 fields=562,2,1,1010,995,200,1000,0,1,0,0,0,0,0,0,0
event=trace_row ordinal=2918 kind=3 ns=268150868699481 fields=562,563,1,2,268150868675855,0,0,0,0,0,0,0,0,4,1,3
event=trace_row ordinal=2919 kind=4 ns=268150873342001 fields=1793,1,5,0,0,0,0,0,0,0,16,0,0,0,0,0
event=trace_row ordinal=2920 kind=5 ns=268150878695323 fields=513,6,15,0,0,0,0,0,0,0,16,0,0,0,0,0
event=trace_row ordinal=2921 kind=0 ns=268150878676365 fields=563,2,0,25,1,0,0,0,0,0,0,0,0,0,0,0
event=trace_row ordinal=2922 kind=1 ns=268150878676365 fields=563,2,0,1010,995,200,1000,0,1,0,0,0,0,0,0,0
event=trace_row ordinal=2923 kind=3 ns=268150878698532 fields=563,564,1,2,268150878676365,0,0,0,0,0,0,0,0,4,1,3
event=trace_row ordinal=2924 kind=5 ns=268150888694083 fields=513,6,15,0,0,0,0,0,0,0,16,0,0,0,0,0
event=trace_row ordinal=2925 kind=0 ns=268150888675708 fields=564,2,0,25,1,0,0,0,0,0,0,0,0,0,0,0
event=trace_row ordinal=2926 kind=1 ns=268150888675708 fields=564,2,0,1010,995,200,1000,0,1,0,0,0,0,0,0,0
event=trace_row ordinal=2927 kind=3 ns=268150888697291 fields=564,565,1,2,268150888675708,0,0,0,0,0,0,0,0,4,1,3
event=trace_row ordinal=2928 kind=4 ns=268150892106920 fields=385,8,39,20,39,20,0,0,0,0,16,0,0,0,0,0
event=trace_row ordinal=2929 kind=4 ns=268150892934973 fields=641,5,3,0,0,0,0,0,0,0,16,0,0,0,0,0
event=trace_row ordinal=2930 kind=5 ns=268150898697217 fields=513,6,15,0,0,0,0,0,0,0,16,0,0,0,0,0
event=trace_row ordinal=2931 kind=0 ns=268150898676509 fields=565,2,0,50,2,0,0,0,0,0,0,0,0,0,0,0
event=trace_row ordinal=2932 kind=1 ns=268150898676509 fields=565,2,0,1010,995,200,1000,0,1,0,0,0,0,0,0,0
event=trace_row ordinal=2933 kind=1 ns=268150898676509 fields=565,2,1,1010,995,200,1000,0,1,0,0,0,0,0,0,0
event=trace_row ordinal=2934 kind=3 ns=268150898701009 fields=565,566,1,2,268150898676509,0,0,0,0,0,0,0,0,4,1,3
event=trace_row ordinal=2935 kind=5 ns=268150908693643 fields=513,6,15,0,0,0,0,0,0,0,16,0,0,0,0,0
event=trace_row ordinal=2936 kind=0 ns=268150908675560 fields=566,2,0,25,1,0,0,0,0,0,0,0,0,0,0,0
event=trace_row ordinal=2937 kind=1 ns=268150908675560 fields=566,2,0,1010,995,200,1000,0,1,0,0,0,0,0,0,0
event=trace_row ordinal=2938 kind=3 ns=268150908696560 fields=566,567,1,2,268150908675560,0,0,0,0,0,0,0,0,4,1,3
event=trace_row ordinal=2939 kind=5 ns=268150918695903 fields=513,6,15,0,0,0,0,0,0,0,16,0,0,0,0,0
event=trace_row ordinal=2940 kind=0 ns=268150918675778 fields=567,2,0,50,2,0,0,0,0,0,0,0,0,0,0,0
event=trace_row ordinal=2941 kind=1 ns=268150918675778 fields=567,2,0,1010,995,200,1000,0,1,0,0,0,0,0,0,0
event=trace_row ordinal=2942 kind=1 ns=268150918675778 fields=567,2,1,1010,995,200,1000,0,1,0,0,0,0,0,0,0
event=trace_row ordinal=2943 kind=3 ns=268150918699111 fields=567,568,1,2,268150918675778,0,0,0,0,0,0,0,0,4,1,3
event=trace_row ordinal=2944 kind=5 ns=268150928695537 fields=513,6,15,0,0,0,0,0,0,0,16,0,0,0,0,0
event=trace_row ordinal=2945 kind=0 ns=268150928676579 fields=568,2,0,25,1,0,0,0,0,0,0,0,0,0,0,0
event=trace_row ordinal=2946 kind=1 ns=268150928676579 fields=568,2,0,1010,996,200,1000,0,1,0,0,0,0,0,0,0
event=trace_row ordinal=2947 kind=3 ns=268150928699038 fields=568,569,1,2,268150928676579,0,0,0,0,0,0,0,0,4,1,3
event=trace_row ordinal=2948 kind=5 ns=268150938698089 fields=513,6,15,0,0,0,0,0,0,0,16,0,0,0,0,0
event=trace_row ordinal=2949 kind=0 ns=268150938677088 fields=569,2,0,50,2,0,0,0,0,0,0,0,0,0,0,0
event=trace_row ordinal=2950 kind=1 ns=268150938677088 fields=569,2,0,1010,996,200,1000,0,1,0,0,0,0,0,0,0
event=trace_row ordinal=2951 kind=1 ns=268150938677088 fields=569,2,1,1010,996,200,1000,0,1,0,0,0,0,0,0,0
event=trace_row ordinal=2952 kind=3 ns=268150938701589 fields=569,570,1,2,268150938677088,0,0,0,0,0,0,0,0,4,1,3
event=trace_row ordinal=2953 kind=4 ns=268150942058717 fields=385,8,39,20,39,20,0,0,0,0,16,0,0,0,0,0
event=trace_row ordinal=2954 kind=4 ns=268150942880353 fields=641,5,3,0,0,0,0,0,0,0,16,0,0,0,0,0
event=trace_row ordinal=2955 kind=5 ns=268150948695973 fields=513,6,15,0,0,0,0,0,0,0,16,0,0,0,0,0
event=trace_row ordinal=2956 kind=0 ns=268150948676139 fields=570,2,0,25,1,0,0,0,0,0,0,0,0,0,0,0
event=trace_row ordinal=2957 kind=1 ns=268150948676139 fields=570,2,0,1010,995,200,1000,0,1,0,0,0,0,0,0,0
event=trace_row ordinal=2958 kind=3 ns=268150948699473 fields=570,571,1,2,268150948676139,0,0,0,0,0,0,0,0,4,1,3
event=trace_row ordinal=2959 kind=5 ns=268150958695607 fields=513,6,15,0,0,0,0,0,0,0,16,0,0,0,0,0
event=trace_row ordinal=2960 kind=0 ns=268150958676357 fields=571,2,0,25,1,0,0,0,0,0,0,0,0,0,0,0
event=trace_row ordinal=2961 kind=1 ns=268150958676357 fields=571,2,0,1010,995,200,1000,0,1,0,0,0,0,0,0,0
event=trace_row ordinal=2962 kind=3 ns=268150958699108 fields=571,572,1,2,268150958676357,0,0,0,0,0,0,0,0,4,1,3
event=trace_row ordinal=2963 kind=5 ns=268150968699909 fields=513,6,15,0,0,0,0,0,0,0,16,0,0,0,0,0
event=trace_row ordinal=2964 kind=0 ns=268150968678617 fields=572,2,0,50,2,0,0,0,0,0,0,0,0,0,0,0
event=trace_row ordinal=2965 kind=1 ns=268150968678617 fields=572,2,0,1010,995,200,1000,0,1,0,0,0,0,0,0,0
event=trace_row ordinal=2966 kind=1 ns=268150968678617 fields=572,2,1,1010,996,200,1000,0,1,0,0,0,0,0,0,0
event=trace_row ordinal=2967 kind=3 ns=268150968703117 fields=572,573,1,2,268150968678617,0,0,0,0,0,0,0,0,4,1,3
event=trace_row ordinal=2968 kind=5 ns=268150978702460 fields=513,6,15,0,0,0,0,0,0,0,16,0,0,0,0,0
event=trace_row ordinal=2969 kind=0 ns=268150978680584 fields=573,2,0,25,1,0,0,0,0,0,0,0,0,0,0,0
event=trace_row ordinal=2970 kind=1 ns=268150978680584 fields=573,2,0,1010,996,200,1000,0,1,0,0,0,0,0,0,0
event=trace_row ordinal=2971 kind=3 ns=268150978705668 fields=573,574,1,2,268150978680584,0,0,0,0,0,0,0,0,4,1,3
event=trace_row ordinal=2972 kind=5 ns=268150988709677 fields=513,6,15,0,0,0,0,0,0,0,16,0,0,0,0,0
event=trace_row ordinal=2973 kind=0 ns=268150988682844 fields=574,2,0,50,2,0,0,0,0,0,0,0,0,0,0,0
event=trace_row ordinal=2974 kind=1 ns=268150988682844 fields=574,2,0,1010,996,200,1000,0,1,0,0,0,0,0,0,0
event=trace_row ordinal=2975 kind=1 ns=268150988682844 fields=574,2,1,1010,995,200,1000,0,1,0,0,0,0,0,0,0
event=trace_row ordinal=2976 kind=3 ns=268150988713177 fields=574,575,1,2,268150988682844,0,0,0,0,0,0,0,0,4,1,3
event=trace_row ordinal=2977 kind=4 ns=268150992015472 fields=385,8,39,20,39,20,0,0,0,0,16,0,0,0,0,0
event=trace_row ordinal=2978 kind=4 ns=268150992902442 fields=641,5,3,0,0,0,0,0,0,0,16,0,0,0,0,0
event=trace_row ordinal=2979 kind=5 ns=268150998700270 fields=513,6,15,0,0,0,0,0,0,0,16,0,0,0,0,0
event=trace_row ordinal=2980 kind=0 ns=268150998680728 fields=575,2,0,25,1,0,0,0,0,0,0,0,0,0,0,0
event=trace_row ordinal=2981 kind=1 ns=268150998680728 fields=575,2,0,1010,995,200,1000,0,1,0,0,0,0,0,0,0
event=trace_row ordinal=2982 kind=3 ns=268150998704062 fields=575,576,1,2,268150998680728,0,0,0,0,0,0,0,0,4,1,3
event=trace_row ordinal=2983 kind=5 ns=268151008719155 fields=513,6,15,0,0,0,0,0,0,0,16,0,0,0,0,0
event=trace_row ordinal=2984 kind=0 ns=268151008686487 fields=576,2,0,50,2,0,0,0,0,0,0,0,0,0,0,0
event=trace_row ordinal=2985 kind=1 ns=268151008686487 fields=576,2,0,1010,995,200,1000,0,1,0,0,0,0,0,0,0
event=trace_row ordinal=2986 kind=1 ns=268151008686487 fields=576,2,1,1010,996,200,1000,0,1,0,0,0,0,0,0,0
event=trace_row ordinal=2987 kind=3 ns=268151008723530 fields=576,577,1,2,268151008686487,0,0,0,0,0,0,0,0,4,1,3
event=trace_row ordinal=2988 kind=5 ns=268151018702164 fields=513,6,15,0,0,0,0,0,0,0,16,0,0,0,0,0
event=trace_row ordinal=2989 kind=0 ns=268151018680872 fields=577,2,0,25,1,0,0,0,0,0,0,0,0,0,0,0
event=trace_row ordinal=2990 kind=1 ns=268151018680872 fields=577,2,0,1010,996,200,1000,0,1,0,0,0,0,0,0,0
event=trace_row ordinal=2991 kind=3 ns=268151018705080 fields=577,578,1,2,268151018680872,0,0,0,0,0,0,0,0,4,1,3
event=trace_row ordinal=2992 kind=5 ns=268151028712006 fields=513,6,15,0,0,0,0,0,0,0,16,0,0,0,0,0
event=trace_row ordinal=2993 kind=0 ns=268151028683714 fields=578,2,0,25,1,0,0,0,0,0,0,0,0,0,0,0
event=trace_row ordinal=2994 kind=1 ns=268151028683714 fields=578,2,0,1010,996,200,1000,0,1,0,0,0,0,0,0,0
event=trace_row ordinal=2995 kind=3 ns=268151028715798 fields=578,579,1,2,268151028683714,0,0,0,0,0,0,0,0,4,1,3
event=trace_row ordinal=2996 kind=5 ns=268151038718058 fields=513,6,15,0,0,0,0,0,0,0,16,0,0,0,0,0
event=trace_row ordinal=2997 kind=0 ns=268151038686557 fields=579,2,0,50,2,0,0,0,0,0,0,0,0,0,0,0
event=trace_row ordinal=2998 kind=1 ns=268151038686557 fields=579,2,0,1010,995,200,1000,0,1,0,0,0,0,0,0,0
event=trace_row ordinal=2999 kind=1 ns=268151038686557 fields=579,2,1,1010,995,200,1000,0,1,0,0,0,0,0,0,0
event=trace_row ordinal=3000 kind=3 ns=268151038722724 fields=579,580,1,2,268151038686557,0,0,0,0,0,0,0,0,4,1,3
event=trace_row ordinal=3001 kind=4 ns=268151041985351 fields=385,8,39,20,39,20,0,0,0,0,16,0,0,0,0,0
event=trace_row ordinal=3002 kind=4 ns=268151042905280 fields=641,5,3,0,0,0,0,0,0,0,16,0,0,0,0,0
event=trace_row ordinal=3003 kind=5 ns=268151048713900 fields=513,6,15,0,0,0,0,0,0,0,16,0,0,0,0,0
event=trace_row ordinal=3004 kind=0 ns=268151048687650 fields=580,2,0,25,1,0,0,0,0,0,0,0,0,0,0,0
event=trace_row ordinal=3005 kind=1 ns=268151048687650 fields=580,2,0,1010,995,200,1000,0,1,0,0,0,0,0,0,0
event=trace_row ordinal=3006 kind=3 ns=268151048718275 fields=580,581,1,2,268151048687650,0,0,0,0,0,0,0,0,4,1,3
event=trace_row ordinal=3007 kind=5 ns=268151058719368 fields=513,6,15,0,0,0,0,0,0,0,16,0,0,0,0,0
event=trace_row ordinal=3008 kind=0 ns=268151058686992 fields=581,2,0,50,2,0,0,0,0,0,0,0,0,0,0,0
event=trace_row ordinal=3009 kind=1 ns=268151058686992 fields=581,2,0,1010,996,200,1000,0,1,0,0,0,0,0,0,0
event=trace_row ordinal=3010 kind=1 ns=268151058686992 fields=581,2,1,1010,996,200,1000,0,1,0,0,0,0,0,0,0
event=trace_row ordinal=3011 kind=3 ns=268151058724910 fields=581,582,1,2,268151058686992,0,0,0,0,0,0,0,0,4,1,3
event=trace_row ordinal=3012 kind=5 ns=268151068728919 fields=513,6,15,0,0,0,0,0,0,0,16,0,0,0,0,0
event=trace_row ordinal=3013 kind=0 ns=268151068690710 fields=582,2,0,25,1,0,0,0,0,0,0,0,0,0,0,0
event=trace_row ordinal=3014 kind=1 ns=268151068690710 fields=582,2,0,1010,995,200,1000,0,1,0,0,0,0,0,0,0
event=trace_row ordinal=3015 kind=3 ns=268151068733294 fields=582,583,1,2,268151068690710,0,0,0,0,0,0,0,0,4,1,3
event=trace_row ordinal=3016 kind=5 ns=268151078709011 fields=513,6,15,0,0,0,0,0,0,0,16,0,0,0,0,0
event=trace_row ordinal=3017 kind=0 ns=268151078683344 fields=583,2,0,50,2,0,0,0,0,0,0,0,0,0,0,0
event=trace_row ordinal=3018 kind=1 ns=268151078683344 fields=583,2,0,1010,995,200,1000,0,1,0,0,0,0,0,0,0
event=trace_row ordinal=3019 kind=1 ns=268151078683344 fields=583,2,1,1010,995,200,1000,0,1,0,0,0,0,0,0,0
event=trace_row ordinal=3020 kind=3 ns=268151078712803 fields=583,584,1,2,268151078683344,0,0,0,0,0,0,0,0,4,1,3
event=trace_row ordinal=3021 kind=5 ns=268151088718563 fields=513,6,15,0,0,0,0,0,0,0,16,0,0,0,0,0
event=trace_row ordinal=3022 kind=0 ns=268151088687062 fields=584,2,0,25,1,0,0,0,0,0,0,0,0,0,0,0
event=trace_row ordinal=3023 kind=1 ns=268151088687062 fields=584,2,0,1010,996,200,1000,0,1,0,0,0,0,0,0,0
event=trace_row ordinal=3024 kind=3 ns=268151088722938 fields=584,585,1,2,268151088687062,0,0,0,0,0,0,0,0,4,1,3
event=trace_row ordinal=3025 kind=4 ns=268151091919647 fields=385,8,39,20,39,20,0,0,0,0,16,0,0,0,0,0
event=trace_row ordinal=3026 kind=4 ns=268151092796409 fields=641,5,3,0,0,0,0,0,0,0,16,0,0,0,0,0
event=trace_row ordinal=3027 kind=5 ns=268151098706530 fields=513,6,15,0,0,0,0,0,0,0,16,0,0,0,0,0
event=trace_row ordinal=3028 kind=0 ns=268151098682321 fields=585,2,0,25,1,0,0,0,0,0,0,0,0,0,0,0
event=trace_row ordinal=3029 kind=1 ns=268151098682321 fields=585,2,0,1010,996,200,1000,0,1,0,0,0,0,0,0,0
event=trace_row ordinal=3030 kind=3 ns=268151098710905 fields=585,586,1,2,268151098682321,0,0,0,0,0,0,0,0,4,1,3
event=trace_row ordinal=3031 kind=5 ns=268151108709373 fields=513,6,15,0,0,0,0,0,0,0,16,0,0,0,0,0
event=trace_row ordinal=3032 kind=0 ns=268151108682539 fields=586,2,0,50,2,0,0,0,0,0,0,0,0,0,0,0
event=trace_row ordinal=3033 kind=1 ns=268151108682539 fields=586,2,0,1010,996,200,1000,0,1,0,0,0,0,0,0,0
event=trace_row ordinal=3034 kind=1 ns=268151108682539 fields=586,2,1,1010,995,200,1000,0,1,0,0,0,0,0,0,0
event=trace_row ordinal=3035 kind=3 ns=268151108713748 fields=586,587,1,2,268151108682539,0,0,0,0,0,0,0,0,4,1,3
event=trace_row ordinal=3036 kind=5 ns=268151118713382 fields=513,6,15,0,0,0,0,0,0,0,16,0,0,0,0,0
event=trace_row ordinal=3037 kind=0 ns=268151118685674 fields=587,2,0,25,1,0,0,0,0,0,0,0,0,0,0,0
event=trace_row ordinal=3038 kind=1 ns=268151118685674 fields=587,2,0,1010,995,200,1000,0,1,0,0,0,0,0,0,0
event=trace_row ordinal=3039 kind=3 ns=268151118717174 fields=587,588,1,2,268151118685674,0,0,0,0,0,0,0,0,4,1,3
event=trace_row ordinal=3040 kind=4 ns=268151122858605 fields=1793,1,5,0,0,0,0,0,0,0,16,0,0,0,0,0
event=trace_row ordinal=3041 kind=5 ns=268151128710392 fields=513,6,15,0,0,0,0,0,0,0,16,0,0,0,0,0
event=trace_row ordinal=3042 kind=0 ns=268151128682391 fields=588,2,0,50,2,0,0,0,0,0,0,0,0,0,0,0
event=trace_row ordinal=3043 kind=1 ns=268151128682391 fields=588,2,0,1010,995,200,1000,0,1,0,0,0,0,0,0,0
event=trace_row ordinal=3044 kind=1 ns=268151128682391 fields=588,2,1,1010,996,200,1000,0,1,0,0,0,0,0,0,0
event=trace_row ordinal=3045 kind=3 ns=268151128714475 fields=588,589,1,2,268151128682391,0,0,0,0,0,0,0,0,4,1,3
event=trace_row ordinal=3046 kind=5 ns=268151138705359 fields=513,6,15,0,0,0,0,0,0,0,16,0,0,0,0,0
event=trace_row ordinal=3047 kind=0 ns=268151138682025 fields=589,2,0,25,1,0,0,0,0,0,0,0,0,0,0,0
event=trace_row ordinal=3048 kind=1 ns=268151138682025 fields=589,2,0,1010,996,200,1000,0,1,0,0,0,0,0,0,0
event=trace_row ordinal=3049 kind=3 ns=268151138709151 fields=589,590,1,2,268151138682025,0,0,0,0,0,0,0,0,4,1,3
event=trace_row ordinal=3050 kind=4 ns=268151141862110 fields=385,8,39,20,39,20,0,0,0,0,16,0,0,0,0,0
event=trace_row ordinal=3051 kind=4 ns=268151142866623 fields=641,5,3,0,0,0,0,0,0,0,16,0,0,0,0,0
event=trace_row ordinal=3052 kind=5 ns=268151148711994 fields=513,6,15,0,0,0,0,0,0,0,16,0,0,0,0,0
event=trace_row ordinal=3053 kind=0 ns=268151148684868 fields=590,2,0,50,2,0,0,0,0,0,0,0,0,0,0,0
event=trace_row ordinal=3054 kind=1 ns=268151148684868 fields=590,2,0,1010,996,200,1000,0,1,0,0,0,0,0,0,0
event=trace_row ordinal=3055 kind=1 ns=268151148684868 fields=590,2,1,1010,995,200,1000,0,1,0,0,0,0,0,0,0
event=trace_row ordinal=3056 kind=3 ns=268151148716660 fields=590,591,1,2,268151148684868,0,0,0,0,0,0,0,0,4,1,3
event=trace_row ordinal=3057 kind=5 ns=268151158702003 fields=513,6,15,0,0,0,0,0,0,0,16,0,0,0,0,0
event=trace_row ordinal=3058 kind=0 ns=268151158678669 fields=591,2,0,25,1,0,0,0,0,0,0,0,0,0,0,0
event=trace_row ordinal=3059 kind=1 ns=268151158678669 fields=591,2,0,1010,995,200,1000,0,1,0,0,0,0,0,0,0
event=trace_row ordinal=3060 kind=3 ns=268151158705211 fields=591,592,1,2,268151158678669,0,0,0,0,0,0,0,0,4,1,3
event=trace_row ordinal=3061 kind=5 ns=268151168699304 fields=513,6,15,0,0,0,0,0,0,0,16,0,0,0,0,0
event=trace_row ordinal=3062 kind=0 ns=268151168678012 fields=592,2,0,25,1,0,0,0,0,0,0,0,0,0,0,0
event=trace_row ordinal=3063 kind=1 ns=268151168678012 fields=592,2,0,1010,995,200,1000,0,1,0,0,0,0,0,0,0
event=trace_row ordinal=3064 kind=3 ns=268151168702804 fields=592,593,1,2,268151168678012,0,0,0,0,0,0,0,0,4,1,3
event=trace_row ordinal=3065 kind=5 ns=268151178699813 fields=513,6,15,0,0,0,0,0,0,0,16,0,0,0,0,0
event=trace_row ordinal=3066 kind=0 ns=268151178677938 fields=593,2,0,50,2,0,0,0,0,0,0,0,0,0,0,0
event=trace_row ordinal=3067 kind=1 ns=268151178677938 fields=593,2,0,1009,996,200,1000,0,1,0,0,0,0,0,0,0
event=trace_row ordinal=3068 kind=1 ns=268151178677938 fields=593,2,1,1009,996,200,1000,0,1,0,0,0,0,0,0,0
event=trace_row ordinal=3069 kind=3 ns=268151178703021 fields=593,594,1,2,268151178677938,0,0,0,0,0,0,0,0,4,1,3
event=trace_row ordinal=3070 kind=5 ns=268151188694197 fields=513,6,15,0,0,0,0,0,0,0,16,0,0,0,0,0
event=trace_row ordinal=3071 kind=0 ns=268151188675822 fields=594,2,0,25,1,0,0,0,0,0,0,0,0,0,0,0
event=trace_row ordinal=3072 kind=1 ns=268151188675822 fields=594,2,0,1009,996,200,1000,0,1,0,0,0,0,0,0,0
event=trace_row ordinal=3073 kind=3 ns=268151188697697 fields=594,595,1,2,268151188675822,0,0,0,0,0,0,0,0,4,1,3
event=trace_row ordinal=3074 kind=4 ns=268151191814489 fields=385,8,39,20,39,20,0,0,0,0,16,0,0,0,0,0
event=trace_row ordinal=3075 kind=4 ns=268151192826295 fields=641,5,3,0,0,0,0,0,0,0,16,0,0,0,0,0
event=trace_row ordinal=3076 kind=5 ns=268151198698207 fields=513,6,15,0,0,0,0,0,0,0,16,0,0,0,0,0
event=trace_row ordinal=3077 kind=0 ns=268151198676915 fields=595,2,0,50,2,0,0,0,0,0,0,0,0,0,0,0
event=trace_row ordinal=3078 kind=1 ns=268151198676915 fields=595,2,0,1010,995,200,1000,0,1,0,0,0,0,0,0,0
event=trace_row ordinal=3079 kind=1 ns=268151198676915 fields=595,2,1,1010,995,200,1000,0,1,0,0,0,0,0,0,0
event=trace_row ordinal=3080 kind=3 ns=268151198701707 fields=595,596,1,2,268151198676915,0,0,0,0,0,0,0,0,4,1,3
event=trace_row ordinal=3081 kind=5 ns=268151208694633 fields=513,6,15,0,0,0,0,0,0,0,16,0,0,0,0,0
event=trace_row ordinal=3082 kind=0 ns=268151208676257 fields=596,2,0,25,1,0,0,0,0,0,0,0,0,0,0,0
event=trace_row ordinal=3083 kind=1 ns=268151208676257 fields=596,2,0,1010,995,200,1000,0,1,0,0,0,0,0,0,0
event=trace_row ordinal=3084 kind=3 ns=268151208697841 fields=596,597,1,2,268151208676257,0,0,0,0,0,0,0,0,4,1,3
event=trace_row ordinal=3085 kind=5 ns=268151218695725 fields=513,6,15,0,0,0,0,0,0,0,16,0,0,0,0,0
event=trace_row ordinal=3086 kind=0 ns=268151218675600 fields=597,2,0,50,2,0,0,0,0,0,0,0,0,0,0,0
event=trace_row ordinal=3087 kind=1 ns=268151218675600 fields=597,2,0,1010,995,200,1000,0,1,0,0,0,0,0,0,0
event=trace_row ordinal=3088 kind=1 ns=268151218675600 fields=597,2,1,1010,995,200,1000,0,1,0,0,0,0,0,0,0
event=trace_row ordinal=3089 kind=3 ns=268151218698934 fields=597,598,1,2,268151218675600,0,0,0,0,0,0,0,0,4,1,3
event=trace_row ordinal=3090 kind=5 ns=268151228693610 fields=513,6,15,0,0,0,0,0,0,0,16,0,0,0,0,0
event=trace_row ordinal=3091 kind=0 ns=268151228675526 fields=598,2,0,25,1,0,0,0,0,0,0,0,0,0,0,0
event=trace_row ordinal=3092 kind=1 ns=268151228675526 fields=598,2,0,1010,995,200,1000,0,1,0,0,0,0,0,0,0
event=trace_row ordinal=3093 kind=3 ns=268151228696526 fields=598,599,1,2,268151228675526,0,0,0,0,0,0,0,0,4,1,3
event=trace_row ordinal=3094 kind=5 ns=268151238695577 fields=513,6,15,0,0,0,0,0,0,0,16,0,0,0,0,0
event=trace_row ordinal=3095 kind=0 ns=268151238676035 fields=599,2,0,25,1,0,0,0,0,0,0,0,0,0,0,0
event=trace_row ordinal=3096 kind=1 ns=268151238676035 fields=599,2,0,1010,995,200,1000,0,1,0,0,0,0,0,0,0
event=trace_row ordinal=3097 kind=3 ns=268151238699077 fields=599,600,1,2,268151238676035,0,0,0,0,0,0,0,0,4,1,3
event=trace_row ordinal=3098 kind=4 ns=268151241756952 fields=385,8,39,20,39,20,0,0,0,0,16,0,0,0,0,0
event=trace_row ordinal=3099 kind=4 ns=268151242828550 fields=641,5,3,0,0,0,0,0,0,0,16,0,0,0,0,0
event=trace_row ordinal=3100 kind=5 ns=268151248697253 fields=513,6,15,0,0,0,0,0,0,0,16,0,0,0,0,0
event=trace_row ordinal=3101 kind=0 ns=268151248676253 fields=600,2,0,50,2,0,0,0,0,0,0,0,0,0,0,0
event=trace_row ordinal=3102 kind=1 ns=268151248676253 fields=600,2,0,1010,995,200,1000,0,1,0,0,0,0,0,0,0
event=trace_row ordinal=3103 kind=1 ns=268151248676253 fields=600,2,1,1010,996,200,1000,0,1,0,0,0,0,0,0,0
event=trace_row ordinal=3104 kind=3 ns=268151248701629 fields=600,601,1,2,268151248676253,0,0,0,0,0,0,0,0,4,1,3
event=trace_row ordinal=3105 kind=5 ns=268151258696304 fields=513,6,15,0,0,0,0,0,0,0,16,0,0,0,0,0
event=trace_row ordinal=3106 kind=0 ns=268151258677054 fields=601,2,0,25,1,0,0,0,0,0,0,0,0,0,0,0
event=trace_row ordinal=3107 kind=1 ns=268151258677054 fields=601,2,0,1010,996,200,1000,0,1,0,0,0,0,0,0,0
event=trace_row ordinal=3108 kind=3 ns=268151258699804 fields=601,602,1,2,268151258677054,0,0,0,0,0,0,0,0,4,1,3
event=trace_row ordinal=3109 kind=5 ns=268151268696230 fields=513,6,15,0,0,0,0,0,0,0,16,0,0,0,0,0
event=trace_row ordinal=3110 kind=0 ns=268151268675814 fields=602,2,0,50,2,0,0,0,0,0,0,0,0,0,0,0
event=trace_row ordinal=3111 kind=1 ns=268151268675814 fields=602,2,0,1010,996,200,1000,0,1,0,0,0,0,0,0,0
event=trace_row ordinal=3112 kind=1 ns=268151268675814 fields=602,2,1,1010,995,200,1000,0,1,0,0,0,0,0,0,0
event=trace_row ordinal=3113 kind=3 ns=268151268699439 fields=602,603,1,2,268151268675814,0,0,0,0,0,0,0,0,4,1,3
event=trace_row ordinal=3114 kind=5 ns=268151278693823 fields=513,6,15,0,0,0,0,0,0,0,16,0,0,0,0,0
event=trace_row ordinal=3115 kind=0 ns=268151278675156 fields=603,2,0,25,1,0,0,0,0,0,0,0,0,0,0,0
event=trace_row ordinal=3116 kind=1 ns=268151278675156 fields=603,2,0,1010,995,200,1000,0,1,0,0,0,0,0,0,0
event=trace_row ordinal=3117 kind=3 ns=268151278696740 fields=603,604,1,2,268151278675156,0,0,0,0,0,0,0,0,4,1,3
event=trace_row ordinal=3118 kind=5 ns=268151288697249 fields=513,6,15,0,0,0,0,0,0,0,16,0,0,0,0,0
event=trace_row ordinal=3119 kind=0 ns=268151288676541 fields=604,2,0,50,2,0,0,0,0,0,0,0,0,0,0,0
event=trace_row ordinal=3120 kind=1 ns=268151288676541 fields=604,2,0,1010,995,200,1000,0,1,0,0,0,0,0,0,0
event=trace_row ordinal=3121 kind=1 ns=268151288676541 fields=604,2,1,1010,996,200,1000,0,1,0,0,0,0,0,0,0
event=trace_row ordinal=3122 kind=3 ns=268151288700458 fields=604,605,1,2,268151288676541,0,0,0,0,0,0,0,0,4,1,3
event=trace_row ordinal=3123 kind=4 ns=268151291705540 fields=385,8,39,20,39,20,0,0,0,0,16,0,0,0,0,0
event=trace_row ordinal=3124 kind=4 ns=268151292783846 fields=641,5,3,0,0,0,0,0,0,0,16,0,0,0,0,0
event=trace_row ordinal=3125 kind=5 ns=268151298695717 fields=513,6,15,0,0,0,0,0,0,0,16,0,0,0,0,0
event=trace_row ordinal=3126 kind=0 ns=268151298676175 fields=605,2,0,25,1,0,0,0,0,0,0,0,0,0,0,0
event=trace_row ordinal=3127 kind=1 ns=268151298676175 fields=605,2,0,1010,996,200,1000,0,1,0,0,0,0,0,0,0
event=trace_row ordinal=3128 kind=3 ns=268151298698925 fields=605,606,1,2,268151298676175,0,0,0,0,0,0,0,0,4,1,3
event=trace_row ordinal=3129 kind=5 ns=268151308695351 fields=513,6,15,0,0,0,0,0,0,0,16,0,0,0,0,0
event=trace_row ordinal=3130 kind=0 ns=268151308676101 fields=606,2,0,25,1,0,0,0,0,0,0,0,0,0,0,0
event=trace_row ordinal=3131 kind=1 ns=268151308676101 fields=606,2,0,1010,996,200,1000,0,1,0,0,0,0,0,0,0
event=trace_row ordinal=3132 kind=3 ns=268151308699143 fields=606,607,1,2,268151308676101,0,0,0,0,0,0,0,0,4,1,3
event=trace_row ordinal=3133 kind=5 ns=268151318718611 fields=513,6,15,0,0,0,0,0,0,0,16,0,0,0,0,0
event=trace_row ordinal=3134 kind=0 ns=268151318686527 fields=607,2,0,50,2,0,0,0,0,0,0,0,0,0,0,0
event=trace_row ordinal=3135 kind=1 ns=268151318686527 fields=607,2,0,1010,995,200,1000,0,1,0,0,0,0,0,0,0
event=trace_row ordinal=3136 kind=1 ns=268151318686527 fields=607,2,1,1010,995,200,1000,0,1,0,0,0,0,0,0,0
event=trace_row ordinal=3137 kind=3 ns=268151318722403 fields=607,608,1,2,268151318686527,0,0,0,0,0,0,0,0,4,1,3
event=trace_row ordinal=3138 kind=5 ns=268151328695203 fields=513,6,15,0,0,0,0,0,0,0,16,0,0,0,0,0
event=trace_row ordinal=3139 kind=0 ns=268151328676245 fields=608,2,0,25,1,0,0,0,0,0,0,0,0,0,0,0
event=trace_row ordinal=3140 kind=1 ns=268151328676245 fields=608,2,0,1010,995,200,1000,0,1,0,0,0,0,0,0,0
event=trace_row ordinal=3141 kind=3 ns=268151328698412 fields=608,609,1,2,268151328676245,0,0,0,0,0,0,0,0,4,1,3
event=trace_row ordinal=3142 kind=5 ns=268151338698921 fields=513,6,15,0,0,0,0,0,0,0,16,0,0,0,0,0
event=trace_row ordinal=3143 kind=0 ns=268151338677337 fields=609,2,0,50,2,0,0,0,0,0,0,0,0,0,0,0
event=trace_row ordinal=3144 kind=1 ns=268151338677337 fields=609,2,0,1010,996,200,1000,0,1,0,0,0,0,0,0,0
event=trace_row ordinal=3145 kind=1 ns=268151338677337 fields=609,2,1,1010,996,200,1000,0,1,0,0,0,0,0,0,0
event=trace_row ordinal=3146 kind=3 ns=268151338702129 fields=609,610,1,2,268151338677337,0,0,0,0,0,0,0,0,4,1,3
event=trace_row ordinal=3147 kind=4 ns=268151341664627 fields=385,8,39,20,39,20,0,0,0,0,16,0,0,0,0,0
event=trace_row ordinal=3148 kind=4 ns=268151342789601 fields=641,5,3,0,0,0,0,0,0,0,16,0,0,0,0,0
event=trace_row ordinal=3149 kind=5 ns=268151348696514 fields=513,6,15,0,0,0,0,0,0,0,16,0,0,0,0,0
event=trace_row ordinal=3150 kind=0 ns=268151348676972 fields=610,2,0,26,1,0,0,0,0,0,0,0,0,0,0,0
event=trace_row ordinal=3151 kind=1 ns=268151348676972 fields=610,2,0,1010,995,200,1000,0,1,0,0,0,0,0,0,0
event=trace_row ordinal=3152 kind=3 ns=268151348699722 fields=610,611,1,2,268151348676972,0,0,0,0,0,0,0,0,4,1,3
event=trace_row ordinal=3153 kind=5 ns=268151358695856 fields=513,6,15,0,0,0,0,0,0,0,16,0,0,0,0,0
event=trace_row ordinal=3154 kind=0 ns=268151358675731 fields=611,2,0,52,2,0,0,0,0,0,0,0,0,0,0,0
event=trace_row ordinal=3155 kind=1 ns=268151358675731 fields=611,2,0,1010,995,200,1000,0,1,0,0,0,0,0,0,0
event=trace_row ordinal=3156 kind=1 ns=268151358675731 fields=611,2,1,1010,995,200,1000,0,1,0,0,0,0,0,0,0
event=trace_row ordinal=3157 kind=3 ns=268151358699065 fields=611,612,1,2,268151358675731,0,0,0,0,0,0,0,0,4,1,3
event=trace_row ordinal=3158 kind=5 ns=268151368697532 fields=513,6,15,0,0,0,0,0,0,0,16,0,0,0,0,0
event=trace_row ordinal=3159 kind=0 ns=268151368677407 fields=612,2,0,26,1,0,0,0,0,0,0,0,0,0,0,0
event=trace_row ordinal=3160 kind=1 ns=268151368677407 fields=612,2,0,1010,995,200,1000,0,1,0,0,0,0,0,0,0
event=trace_row ordinal=3161 kind=3 ns=268151368700741 fields=612,613,1,2,268151368677407,0,0,0,0,0,0,0,0,4,1,3
event=trace_row ordinal=3162 kind=4 ns=268151372402332 fields=1793,1,5,0,0,0,0,0,0,0,16,0,0,0,0,0
event=trace_row ordinal=3163 kind=5 ns=268151378697167 fields=513,6,15,0,0,0,0,0,0,0,16,0,0,0,0,0
event=trace_row ordinal=3164 kind=0 ns=268151378677333 fields=613,2,0,26,1,0,0,0,0,0,0,0,0,0,0,0
event=trace_row ordinal=3165 kind=1 ns=268151378677333 fields=613,2,0,1010,995,200,1000,0,1,0,0,0,0,0,0,0
event=trace_row ordinal=3166 kind=3 ns=268151378700375 fields=613,614,1,2,268151378677333,0,0,0,0,0,0,0,0,4,1,3
event=trace_row ordinal=3167 kind=5 ns=268151388696218 fields=513,6,15,0,0,0,0,0,0,0,16,0,0,0,0,0
event=trace_row ordinal=3168 kind=0 ns=268151388675801 fields=614,2,0,52,2,0,0,0,0,0,0,0,0,0,0,0
event=trace_row ordinal=3169 kind=1 ns=268151388675801 fields=614,2,0,1010,995,200,1000,0,1,0,0,0,0,0,0,0
event=trace_row ordinal=3170 kind=1 ns=268151388675801 fields=614,2,1,1010,995,200,1000,0,1,0,0,0,0,0,0,0
event=trace_row ordinal=3171 kind=3 ns=268151388699426 fields=614,615,1,2,268151388675801,0,0,0,0,0,0,0,0,4,1,3
event=trace_row ordinal=3172 kind=4 ns=268151391600965 fields=385,8,39,20,39,20,0,0,0,0,16,0,0,0,0,0
event=trace_row ordinal=3173 kind=4 ns=268151392750147 fields=641,5,3,0,0,0,0,0,0,0,16,0,0,0,0,0
event=trace_row ordinal=3174 kind=5 ns=268151398696435 fields=513,6,15,0,0,0,0,0,0,0,16,0,0,0,0,0
event=trace_row ordinal=3175 kind=0 ns=268151398676893 fields=615,2,0,26,1,0,0,0,0,0,0,0,0,0,0,0
event=trace_row ordinal=3176 kind=1 ns=268151398676893 fields=615,2,0,1010,995,200,1000,0,1,0,0,0,0,0,0,0
event=trace_row ordinal=3177 kind=3 ns=268151398699644 fields=615,616,1,2,268151398676893,0,0,0,0,0,0,0,0,4,1,3
event=trace_row ordinal=3178 kind=5 ns=268151408696945 fields=513,6,15,0,0,0,0,0,0,0,16,0,0,0,0,0
event=trace_row ordinal=3179 kind=0 ns=268151408676236 fields=616,2,0,52,2,0,0,0,0,0,0,0,0,0,0,0
event=trace_row ordinal=3180 kind=1 ns=268151408676236 fields=616,2,0,1010,995,200,1000,0,1,0,0,0,0,0,0,0
event=trace_row ordinal=3181 kind=1 ns=268151408676236 fields=616,2,1,1010,996,200,1000,0,1,0,0,0,0,0,0,0
event=trace_row ordinal=3182 kind=3 ns=268151408700153 fields=616,617,1,2,268151408676236,0,0,0,0,0,0,0,0,4,1,3
event=trace_row ordinal=3183 kind=5 ns=268151418694537 fields=513,6,15,0,0,0,0,0,0,0,16,0,0,0,0,0
event=trace_row ordinal=3184 kind=0 ns=268151418675579 fields=617,2,0,26,1,0,0,0,0,0,0,0,0,0,0,0
event=trace_row ordinal=3185 kind=1 ns=268151418675579 fields=617,2,0,1010,996,200,1000,0,1,0,0,0,0,0,0,0
event=trace_row ordinal=3186 kind=3 ns=268151418697746 fields=617,618,1,2,268151418675579,0,0,0,0,0,0,0,0,4,1,3
event=trace_row ordinal=3187 kind=5 ns=268151428696505 fields=513,6,15,0,0,0,0,0,0,0,16,0,0,0,0,0
event=trace_row ordinal=3188 kind=0 ns=268151428675213 fields=618,2,0,52,2,0,0,0,0,0,0,0,0,0,0,0
event=trace_row ordinal=3189 kind=1 ns=268151428675213 fields=618,2,0,1010,996,200,1000,0,1,0,0,0,0,0,0,0
event=trace_row ordinal=3190 kind=1 ns=268151428675213 fields=618,2,1,1010,995,200,1000,0,1,0,0,0,0,0,0,0
event=trace_row ordinal=3191 kind=3 ns=268151428699713 fields=618,619,1,2,268151428675213,0,0,0,0,0,0,0,0,4,1,3
event=trace_row ordinal=3192 kind=5 ns=268151438693223 fields=513,6,15,0,0,0,0,0,0,0,16,0,0,0,0,0
event=trace_row ordinal=3193 kind=0 ns=268151438675139 fields=619,2,0,26,1,0,0,0,0,0,0,0,0,0,0,0
event=trace_row ordinal=3194 kind=1 ns=268151438675139 fields=619,2,0,1010,995,200,1000,0,1,0,0,0,0,0,0,0
event=trace_row ordinal=3195 kind=3 ns=268151438696431 fields=619,620,1,2,268151438675139,0,0,0,0,0,0,0,0,4,1,3
event=trace_row ordinal=3196 kind=4 ns=268151441552761 fields=385,8,39,20,39,20,0,0,0,0,16,0,0,0,0,0
event=trace_row ordinal=3197 kind=4 ns=268151442749777 fields=641,5,3,0,0,0,0,0,0,0,16,0,0,0,0,0
event=trace_row ordinal=3198 kind=5 ns=268151448696065 fields=513,6,15,0,0,0,0,0,0,0,16,0,0,0,0,0
event=trace_row ordinal=3199 kind=0 ns=268151448676232 fields=620,2,0,26,1,0,0,0,0,0,0,0,0,0,0,0
event=trace_row ordinal=3200 kind=1 ns=268151448676232 fields=620,2,0,1010,995,200,1000,0,1,0,0,0,0,0,0,0
event=trace_row ordinal=3201 kind=3 ns=268151448699274 fields=620,621,1,2,268151448676232,0,0,0,0,0,0,0,0,4,1,3
event=trace_row ordinal=3202 kind=5 ns=268151458695991 fields=513,6,15,0,0,0,0,0,0,0,16,0,0,0,0,0
event=trace_row ordinal=3203 kind=0 ns=268151458675574 fields=621,2,0,50,2,0,0,0,0,0,0,0,0,0,0,0
event=trace_row ordinal=3204 kind=1 ns=268151458675574 fields=621,2,0,1010,995,200,1000,0,1,0,0,0,0,0,0,0
event=trace_row ordinal=3205 kind=1 ns=268151458675574 fields=621,2,1,1010,995,200,1000,0,1,0,0,0,0,0,0,0
event=trace_row ordinal=3206 kind=3 ns=268151458699200 fields=621,622,1,2,268151458675574,0,0,0,0,0,0,0,0,4,1,3
event=trace_row ordinal=3207 kind=5 ns=268151468703501 fields=513,6,15,0,0,0,0,0,0,0,16,0,0,0,0,0
event=trace_row ordinal=3208 kind=0 ns=268151468680167 fields=622,2,0,25,1,0,0,0,0,0,0,0,0,0,0,0
event=trace_row ordinal=3209 kind=1 ns=268151468680167 fields=622,2,0,1010,995,200,1000,0,1,0,0,0,0,0,0,0
event=trace_row ordinal=3210 kind=3 ns=268151468707292 fields=622,623,1,2,268151468680167,0,0,0,0,0,0,0,0,4,1,3
event=trace_row ordinal=3211 kind=5 ns=268151478713052 fields=513,6,15,0,0,0,0,0,0,0,16,0,0,0,0,0
event=trace_row ordinal=3212 kind=0 ns=268151478683301 fields=623,2,0,50,2,0,0,0,0,0,0,0,0,0,0,0
event=trace_row ordinal=3213 kind=1 ns=268151478683301 fields=623,2,0,1010,995,200,1000,0,1,0,0,0,0,0,0,0
event=trace_row ordinal=3214 kind=1 ns=268151478683301 fields=623,2,1,1010,995,200,1000,0,1,0,0,0,0,0,0,0
event=trace_row ordinal=3215 kind=3 ns=268151478718302 fields=623,624,1,2,268151478683301,0,0,0,0,0,0,0,0,4,1,3
event=trace_row ordinal=3216 kind=5 ns=268151488712103 fields=513,6,15,0,0,0,0,0,0,0,16,0,0,0,0,0
event=trace_row ordinal=3217 kind=0 ns=268151488684394 fields=624,2,0,25,1,0,0,0,0,0,0,0,0,0,0,0
event=trace_row ordinal=3218 kind=1 ns=268151488684394 fields=624,2,0,1010,995,200,1000,0,1,0,0,0,0,0,0,0
event=trace_row ordinal=3219 kind=3 ns=268151488716186 fields=624,625,1,2,268151488684394,0,0,0,0,0,0,0,0,4,1,3
event=trace_row ordinal=3220 kind=4 ns=268151491514474 fields=385,8,39,20,39,20,0,0,0,0,16,0,0,0,0,0
event=trace_row ordinal=3221 kind=4 ns=268151492705657 fields=641,5,3,0,0,0,0,0,0,0,16,0,0,0,0,0
event=trace_row ordinal=3222 kind=5 ns=268151498705320 fields=513,6,15,0,0,0,0,0,0,0,16,0,0,0,0,0
event=trace_row ordinal=3223 kind=0 ns=268151498681403 fields=625,2,0,50,2,0,0,0,0,0,0,0,0,0,0,0
event=trace_row ordinal=3224 kind=1 ns=268151498681403 fields=625,2,0,1010,995,200,1000,0,1,0,0,0,0,0,0,0
event=trace_row ordinal=3225 kind=1 ns=268151498681403 fields=625,2,1,1010,995,200,1000,0,1,0,0,0,0,0,0,0
event=trace_row ordinal=3226 kind=3 ns=268151498709112 fields=625,626,1,2,268151498681403,0,0,0,0,0,0,0,0,4,1,3
event=trace_row ordinal=3227 kind=5 ns=268151508714872 fields=513,6,15,0,0,0,0,0,0,0,16,0,0,0,0,0
event=trace_row ordinal=3228 kind=0 ns=268151508685413 fields=626,2,0,25,1,0,0,0,0,0,0,0,0,0,0,0
event=trace_row ordinal=3229 kind=1 ns=268151508685413 fields=626,2,0,1010,995,200,1000,0,1,0,0,0,0,0,0,0
event=trace_row ordinal=3230 kind=3 ns=268151508718372 fields=626,627,1,2,268151508685413,0,0,0,0,0,0,0,0,4,1,3
event=trace_row ordinal=3231 kind=5 ns=268151518705756 fields=513,6,15,0,0,0,0,0,0,0,16,0,0,0,0,0
event=trace_row ordinal=3232 kind=0 ns=268151518682714 fields=627,2,0,25,1,0,0,0,0,0,0,0,0,0,0,0
event=trace_row ordinal=3233 kind=1 ns=268151518682714 fields=627,2,0,1010,995,200,1000,0,1,0,0,0,0,0,0,0
event=trace_row ordinal=3234 kind=3 ns=268151518709256 fields=627,628,1,2,268151518682714,0,0,0,0,0,0,0,0,4,1,3
event=trace_row ordinal=3235 kind=5 ns=268151528712390 fields=513,6,15,0,0,0,0,0,0,0,16,0,0,0,0,0
event=trace_row ordinal=3236 kind=0 ns=268151528683223 fields=628,2,0,50,2,0,0,0,0,0,0,0,0,0,0,0
event=trace_row ordinal=3237 kind=1 ns=268151528683223 fields=628,2,0,1010,995,200,1000,0,1,0,0,0,0,0,0,0
event=trace_row ordinal=3238 kind=1 ns=268151528683223 fields=628,2,1,1010,996,200,1000,0,1,0,0,0,0,0,0,0
event=trace_row ordinal=3239 kind=3 ns=268151528716765 fields=628,629,1,2,268151528683223,0,0,0,0,0,0,0,0,4,1,3
event=trace_row ordinal=3240 kind=5 ns=268151538705608 fields=513,6,15,0,0,0,0,0,0,0,16,0,0,0,0,0
event=trace_row ordinal=3241 kind=0 ns=268151538681108 fields=629,2,0,25,1,0,0,0,0,0,0,0,0,0,0,0
event=trace_row ordinal=3242 kind=1 ns=268151538681108 fields=629,2,0,1010,996,200,1000,0,1,0,0,0,0,0,0,0
event=trace_row ordinal=3243 kind=3 ns=268151538709108 fields=629,630,1,2,268151538681108,0,0,0,0,0,0,0,0,4,1,3
event=trace_row ordinal=3244 kind=4 ns=268151541480562 fields=385,8,39,20,39,20,0,0,0,0,16,0,0,0,0,0
event=trace_row ordinal=3245 kind=4 ns=268151542720745 fields=641,5,3,0,0,0,0,0,0,0,16,0,0,0,0,0
event=trace_row ordinal=3246 kind=5 ns=268151548720701 fields=513,6,15,0,0,0,0,0,0,0,16,0,0,0,0,0
event=trace_row ordinal=3247 kind=0 ns=268151548688034 fields=630,2,0,50,2,0,0,0,0,0,0,0,0,0,0,0
event=trace_row ordinal=3248 kind=1 ns=268151548688034 fields=630,2,0,1010,996,200,1000,0,1,0,0,0,0,0,0,0
event=trace_row ordinal=3249 kind=1 ns=268151548688034 fields=630,2,1,1010,995,200,1000,0,1,0,0,0,0,0,0,0
event=trace_row ordinal=3250 kind=3 ns=268151548725076 fields=630,631,1,2,268151548688034,0,0,0,0,0,0,0,0,4,1,3
event=trace_row ordinal=3251 kind=5 ns=268151558706918 fields=513,6,15,0,0,0,0,0,0,0,16,0,0,0,0,0
event=trace_row ordinal=3252 kind=0 ns=268151558683001 fields=631,2,0,25,1,0,0,0,0,0,0,0,0,0,0,0
event=trace_row ordinal=3253 kind=1 ns=268151558683001 fields=631,2,0,1010,995,200,1000,0,1,0,0,0,0,0,0,0
event=trace_row ordinal=3254 kind=3 ns=268151558711585 fields=631,632,1,2,268151558683001,0,0,0,0,0,0,0,0,4,1,3
event=trace_row ordinal=3255 kind=5 ns=268151568720844 fields=513,6,15,0,0,0,0,0,0,0,16,0,0,0,0,0
event=trace_row ordinal=3256 kind=0 ns=268151568687886 fields=632,2,0,50,2,0,0,0,0,0,0,0,0,0,0,0
event=trace_row ordinal=3257 kind=1 ns=268151568687886 fields=632,2,0,1010,995,200,1000,0,1,0,0,0,0,0,0,0
event=trace_row ordinal=3258 kind=1 ns=268151568687886 fields=632,2,1,1010,995,200,1000,0,1,0,0,0,0,0,0,0
event=trace_row ordinal=3259 kind=3 ns=268151568724344 fields=632,633,1,2,268151568687886,0,0,0,0,0,0,0,0,4,1,3
event=trace_row ordinal=3260 kind=5 ns=268151578715229 fields=513,6,15,0,0,0,0,0,0,0,16,0,0,0,0,0
event=trace_row ordinal=3261 kind=0 ns=268151578685187 fields=633,2,0,25,1,0,0,0,0,0,0,0,0,0,0,0
event=trace_row ordinal=3262 kind=1 ns=268151578685187 fields=633,2,0,1010,995,200,1000,0,1,0,0,0,0,0,0,0
event=trace_row ordinal=3263 kind=3 ns=268151578719312 fields=633,634,1,2,268151578685187,0,0,0,0,0,0,0,0,4,1,3
event=trace_row ordinal=3264 kind=5 ns=268151588709905 fields=513,6,15,0,0,0,0,0,0,0,16,0,0,0,0,0
event=trace_row ordinal=3265 kind=0 ns=268151588683363 fields=634,2,0,25,1,0,0,0,0,0,0,0,0,0,0,0
event=trace_row ordinal=3266 kind=1 ns=268151588683363 fields=634,2,0,1010,995,200,1000,0,1,0,0,0,0,0,0,0
event=trace_row ordinal=3267 kind=3 ns=268151588713696 fields=634,635,1,2,268151588683363,0,0,0,0,0,0,0,0,4,1,3
event=trace_row ordinal=3268 kind=4 ns=268151591416024 fields=385,8,39,20,39,20,0,0,0,0,16,0,0,0,0,0
event=trace_row ordinal=3269 kind=4 ns=268151592673125 fields=641,5,3,0,0,0,0,0,0,0,16,0,0,0,0,0
event=trace_row ordinal=3270 kind=5 ns=268151598710706 fields=513,6,15,0,0,0,0,0,0,0,16,0,0,0,0,0
event=trace_row ordinal=3271 kind=0 ns=268151598683872 fields=635,2,0,50,2,0,0,0,0,0,0,0,0,0,0,0
event=trace_row ordinal=3272 kind=1 ns=268151598683872 fields=635,2,0,1010,995,200,1000,0,1,0,0,0,0,0,0,0
event=trace_row ordinal=3273 kind=1 ns=268151598683872 fields=635,2,1,1010,995,200,1000,0,1,0,0,0,0,0,0,0
event=trace_row ordinal=3274 kind=3 ns=268151598714789 fields=635,636,1,2,268151598683872,0,0,0,0,0,0,0,0,4,1,3
event=trace_row ordinal=3275 kind=5 ns=268151608702465 fields=513,6,15,0,0,0,0,0,0,0,16,0,0,0,0,0
event=trace_row ordinal=3276 kind=0 ns=268151608680590 fields=636,2,0,25,1,0,0,0,0,0,0,0,0,0,0,0
event=trace_row ordinal=3277 kind=1 ns=268151608680590 fields=636,2,0,1010,995,200,1000,0,1,0,0,0,0,0,0,0
event=trace_row ordinal=3278 kind=3 ns=268151608706257 fields=636,637,1,2,268151608680590,0,0,0,0,0,0,0,0,4,1,3
event=trace_row ordinal=3279 kind=5 ns=268151618711724 fields=513,6,15,0,0,0,0,0,0,0,16,0,0,0,0,0
event=trace_row ordinal=3280 kind=0 ns=268151618683141 fields=637,2,0,50,2,0,0,0,0,0,0,0,0,0,0,0
event=trace_row ordinal=3281 kind=1 ns=268151618683141 fields=637,2,0,1010,995,200,1000,0,1,0,0,0,0,0,0,0
event=trace_row ordinal=3282 kind=1 ns=268151618683141 fields=637,2,1,1010,995,200,1000,0,1,0,0,0,0,0,0,0
event=trace_row ordinal=3283 kind=3 ns=268151618716099 fields=637,638,1,2,268151618683141,0,0,0,0,0,0,0,0,4,1,3
event=trace_row ordinal=3284 kind=4 ns=268151621977560 fields=1793,1,5,0,0,0,0,0,0,0,16,0,0,0,0,0
event=trace_row ordinal=3285 kind=5 ns=268151628713400 fields=513,6,15,0,0,0,0,0,0,0,16,0,0,0,0,0
event=trace_row ordinal=3286 kind=0 ns=268151628685400 fields=638,2,0,25,1,0,0,0,0,0,0,0,0,0,0,0
event=trace_row ordinal=3287 kind=1 ns=268151628685400 fields=638,2,0,1010,995,200,1000,0,1,0,0,0,0,0,0,0
event=trace_row ordinal=3288 kind=3 ns=268151628717192 fields=638,639,1,2,268151628685400,0,0,0,0,0,0,0,0,4,1,3
event=trace_row ordinal=3289 kind=5 ns=268151638708951 fields=513,6,15,0,0,0,0,0,0,0,16,0,0,0,0,0
event=trace_row ordinal=3290 kind=0 ns=268151638681826 fields=639,2,0,50,2,0,0,0,0,0,0,0,0,0,0,0
event=trace_row ordinal=3291 kind=1 ns=268151638681826 fields=639,2,0,1010,995,200,1000,0,1,0,0,0,0,0,0,0
event=trace_row ordinal=3292 kind=1 ns=268151638681826 fields=639,2,1,1010,995,200,1000,0,1,0,0,0,0,0,0,0
event=trace_row ordinal=3293 kind=3 ns=268151638712743 fields=639,640,1,2,268151638681826,0,0,0,0,0,0,0,0,4,1,3
event=trace_row ordinal=3294 kind=4 ns=268151641357029 fields=385,8,39,20,39,20,0,0,0,0,16,0,0,0,0,0
event=trace_row ordinal=3295 kind=4 ns=268151642672755 fields=641,5,3,0,0,0,0,0,0,0,16,0,0,0,0,0
event=trace_row ordinal=3296 kind=5 ns=268151648705961 fields=513,6,15,0,0,0,0,0,0,0,16,0,0,0,0,0
event=trace_row ordinal=3297 kind=0 ns=268151648682044 fields=640,2,0,25,1,0,0,0,0,0,0,0,0,0,0,0
event=trace_row ordinal=3298 kind=1 ns=268151648682044 fields=640,2,0,1010,995,200,1000,0,1,0,0,0,0,0,0,0
event=trace_row ordinal=3299 kind=3 ns=268151648709752 fields=640,641,1,2,268151648682044,0,0,0,0,0,0,0,0,4,1,3
event=trace_row ordinal=3300 kind=5 ns=268151658705303 fields=513,6,15,0,0,0,0,0,0,0,16,0,0,0,0,0
event=trace_row ordinal=3301 kind=0 ns=268151658681678 fields=641,2,0,25,1,0,0,0,0,0,0,0,0,0,0,0
event=trace_row ordinal=3302 kind=1 ns=268151658681678 fields=641,2,0,1010,995,200,1000,0,1,0,0,0,0,0,0,0
event=trace_row ordinal=3303 kind=3 ns=268151658709387 fields=641,642,1,2,268151658681678,0,0,0,0,0,0,0,0,4,1,3
event=trace_row ordinal=3304 kind=5 ns=268151668702896 fields=513,6,15,0,0,0,0,0,0,0,16,0,0,0,0,0
event=trace_row ordinal=3305 kind=0 ns=268151668679562 fields=642,2,0,50,2,0,0,0,0,0,0,0,0,0,0,0
event=trace_row ordinal=3306 kind=1 ns=268151668679562 fields=642,2,0,1010,995,200,1000,0,1,0,0,0,0,0,0,0
event=trace_row ordinal=3307 kind=1 ns=268151668679562 fields=642,2,1,1010,995,200,1000,0,1,0,0,0,0,0,0,0
event=trace_row ordinal=3308 kind=3 ns=268151668706396 fields=642,643,1,2,268151668679562,0,0,0,0,0,0,0,0,4,1,3
event=trace_row ordinal=3309 kind=5 ns=268151678701947 fields=513,6,15,0,0,0,0,0,0,0,16,0,0,0,0,0
event=trace_row ordinal=3310 kind=0 ns=268151678679488 fields=643,2,0,25,1,0,0,0,0,0,0,0,0,0,0,0
event=trace_row ordinal=3311 kind=1 ns=268151678679488 fields=643,2,0,1010,995,200,1000,0,1,0,0,0,0,0,0,0
event=trace_row ordinal=3312 kind=3 ns=268151678706030 fields=643,644,1,2,268151678679488,0,0,0,0,0,0,0,0,4,1,3
event=trace_row ordinal=3313 kind=5 ns=268151688699831 fields=513,6,15,0,0,0,0,0,0,0,16,0,0,0,0,0
event=trace_row ordinal=3314 kind=0 ns=268151688677956 fields=644,2,0,50,2,0,0,0,0,0,0,0,0,0,0,0
event=trace_row ordinal=3315 kind=1 ns=268151688677956 fields=644,2,0,1010,995,200,1000,0,1,0,0,0,0,0,0,0
event=trace_row ordinal=3316 kind=1 ns=268151688677956 fields=644,2,1,1010,995,200,1000,0,1,0,0,0,0,0,0,0
event=trace_row ordinal=3317 kind=3 ns=268151688703331 fields=644,645,1,2,268151688677956,0,0,0,0,0,0,0,0,4,1,3
event=trace_row ordinal=3318 kind=4 ns=268151691312325 fields=385,8,39,20,39,20,0,0,0,0,16,0,0,0,0,0
event=trace_row ordinal=3319 kind=4 ns=268151692630384 fields=641,5,3,0,0,0,0,0,0,0,16,0,0,0,0,0
event=trace_row ordinal=3320 kind=5 ns=268151698696841 fields=513,6,15,0,0,0,0,0,0,0,16,0,0,0,0,0
event=trace_row ordinal=3321 kind=0 ns=268151698677007 fields=645,2,0,25,1,0,0,0,0,0,0,0,0,0,0,0
event=trace_row ordinal=3322 kind=1 ns=268151698677007 fields=645,2,0,1010,995,200,1000,0,1,0,0,0,0,0,0,0
event=trace_row ordinal=3323 kind=3 ns=268151698700049 fields=645,646,1,2,268151698677007,0,0,0,0,0,0,0,0,4,1,3
event=trace_row ordinal=3324 kind=5 ns=268151708697058 fields=513,6,15,0,0,0,0,0,0,0,16,0,0,0,0,0
event=trace_row ordinal=3325 kind=0 ns=268151708676350 fields=646,2,0,50,2,0,0,0,0,0,0,0,0,0,0,0
event=trace_row ordinal=3326 kind=1 ns=268151708676350 fields=646,2,0,1010,995,200,1000,0,1,0,0,0,0,0,0,0
event=trace_row ordinal=3327 kind=1 ns=268151708676350 fields=646,2,1,1010,995,200,1000,0,1,0,0,0,0,0,0,0
event=trace_row ordinal=3328 kind=3 ns=268151708700267 fields=646,647,1,2,268151708676350,0,0,0,0,0,0,0,0,4,1,3
event=trace_row ordinal=3329 kind=5 ns=268151718693484 fields=513,6,15,0,0,0,0,0,0,0,16,0,0,0,0,0
event=trace_row ordinal=3330 kind=0 ns=268151718675692 fields=647,2,0,25,1,0,0,0,0,0,0,0,0,0,0,0
event=trace_row ordinal=3331 kind=1 ns=268151718675692 fields=647,2,0,1010,995,200,1000,0,1,0,0,0,0,0,0,0
event=trace_row ordinal=3332 kind=3 ns=268151718696693 fields=647,648,1,2,268151718675692,0,0,0,0,0,0,0,0,4,1,3
event=trace_row ordinal=3333 kind=5 ns=268151728693702 fields=513,6,15,0,0,0,0,0,0,0,16,0,0,0,0,0
event=trace_row ordinal=3334 kind=0 ns=268151728675618 fields=648,2,0,25,1,0,0,0,0,0,0,0,0,0,0,0
event=trace_row ordinal=3335 kind=1 ns=268151728675618 fields=648,2,0,1010,995,200,1000,0,1,0,0,0,0,0,0,0
event=trace_row ordinal=3336 kind=3 ns=268151728696910 fields=648,649,1,2,268151728675618,0,0,0,0,0,0,0,0,4,1,3
event=trace_row ordinal=3337 kind=5 ns=268151738695670 fields=513,6,15,0,0,0,0,0,0,0,16,0,0,0,0,0
event=trace_row ordinal=3338 kind=0 ns=268151738675253 fields=649,2,0,50,2,0,0,0,0,0,0,0,0,0,0,0
event=trace_row ordinal=3339 kind=1 ns=268151738675253 fields=649,2,0,1010,995,200,1000,0,1,0,0,0,0,0,0,0
event=trace_row ordinal=3340 kind=1 ns=268151738675253 fields=649,2,1,1010,995,200,1000,0,1,0,0,0,0,0,0,0
event=trace_row ordinal=3341 kind=3 ns=268151738698878 fields=649,650,1,2,268151738675253,0,0,0,0,0,0,0,0,4,1,3
event=trace_row ordinal=3342 kind=4 ns=268151741255954 fields=385,8,39,20,39,20,0,0,0,0,16,0,0,0,0,0
event=trace_row ordinal=3343 kind=4 ns=268151742635848 fields=641,5,3,0,0,0,0,0,0,0,16,0,0,0,0,0
event=trace_row ordinal=3344 kind=5 ns=268151748695596 fields=513,6,15,0,0,0,0,0,0,0,16,0,0,0,0,0
event=trace_row ordinal=3345 kind=0 ns=268151748676637 fields=650,2,0,25,1,0,0,0,0,0,0,0,0,0,0,0
event=trace_row ordinal=3346 kind=1 ns=268151748676637 fields=650,2,0,1010,995,200,1000,0,1,0,0,0,0,0,0,0
event=trace_row ordinal=3347 kind=3 ns=268151748698804 fields=650,651,1,2,268151748676637,0,0,0,0,0,0,0,0,4,1,3
event=trace_row ordinal=3348 kind=5 ns=268151758697855 fields=513,6,15,0,0,0,0,0,0,0,16,0,0,0,0,0
event=trace_row ordinal=3349 kind=0 ns=268151758676855 fields=651,2,0,50,2,0,0,0,0,0,0,0,0,0,0,0
event=trace_row ordinal=3350 kind=1 ns=268151758676855 fields=651,2,0,1010,995,200,1000,0,1,0,0,0,0,0,0,0
event=trace_row ordinal=3351 kind=1 ns=268151758676855 fields=651,2,1,1010,995,200,1000,0,1,0,0,0,0,0,0,0
event=trace_row ordinal=3352 kind=3 ns=268151758701355 fields=651,652,1,2,268151758676855,0,0,0,0,0,0,0,0,4,1,3
event=trace_row ordinal=3353 kind=5 ns=268151768694281 fields=513,6,15,0,0,0,0,0,0,0,16,0,0,0,0,0
event=trace_row ordinal=3354 kind=0 ns=268151768675614 fields=652,2,0,25,1,0,0,0,0,0,0,0,0,0,0,0
event=trace_row ordinal=3355 kind=1 ns=268151768675614 fields=652,2,0,1010,995,200,1000,0,1,0,0,0,0,0,0,0
event=trace_row ordinal=3356 kind=3 ns=268151768697198 fields=652,653,1,2,268151768675614,0,0,0,0,0,0,0,0,4,1,3
event=trace_row ordinal=3357 kind=5 ns=268151778695374 fields=513,6,15,0,0,0,0,0,0,0,16,0,0,0,0,0
event=trace_row ordinal=3358 kind=0 ns=268151778675248 fields=653,2,0,50,2,0,0,0,0,0,0,0,0,0,0,0
event=trace_row ordinal=3359 kind=1 ns=268151778675248 fields=653,2,0,1010,995,200,1000,0,1,0,0,0,0,0,0,0
event=trace_row ordinal=3360 kind=1 ns=268151778675248 fields=653,2,1,1010,995,200,1000,0,1,0,0,0,0,0,0,0
event=trace_row ordinal=3361 kind=3 ns=268151778698874 fields=653,654,1,2,268151778675248,0,0,0,0,0,0,0,0,4,1,3
event=trace_row ordinal=3362 kind=5 ns=268151788694133 fields=513,6,15,0,0,0,0,0,0,0,16,0,0,0,0,0
event=trace_row ordinal=3363 kind=0 ns=268151788675758 fields=654,2,0,25,1,0,0,0,0,0,0,0,0,0,0,0
event=trace_row ordinal=3364 kind=1 ns=268151788675758 fields=654,2,0,1010,995,200,1000,0,1,0,0,0,0,0,0,0
event=trace_row ordinal=3365 kind=3 ns=268151788697341 fields=654,655,1,2,268151788675758,0,0,0,0,0,0,0,0,4,1,3
event=trace_row ordinal=3366 kind=4 ns=268151791203375 fields=385,8,39,20,39,20,0,0,0,0,16,0,0,0,0,0
event=trace_row ordinal=3367 kind=4 ns=268151792596394 fields=641,5,3,0,0,0,0,0,0,0,16,0,0,0,0,0
event=trace_row ordinal=3368 kind=5 ns=268151798697851 fields=513,6,15,0,0,0,0,0,0,0,16,0,0,0,0,0
event=trace_row ordinal=3369 kind=0 ns=268151798677434 fields=655,2,0,25,1,0,0,0,0,0,0,0,0,0,0,0
event=trace_row ordinal=3370 kind=1 ns=268151798677434 fields=655,2,0,1010,995,200,1000,0,1,0,0,0,0,0,0,0
event=trace_row ordinal=3371 kind=3 ns=268151798701351 fields=655,656,1,2,268151798677434,0,0,0,0,0,0,0,0,4,1,3
event=trace_row ordinal=3372 kind=5 ns=268151808696318 fields=513,6,15,0,0,0,0,0,0,0,16,0,0,0,0,0
event=trace_row ordinal=3373 kind=0 ns=268151808675901 fields=656,2,0,50,2,0,0,0,0,0,0,0,0,0,0,0
event=trace_row ordinal=3374 kind=1 ns=268151808675901 fields=656,2,0,1010,995,200,1000,0,1,0,0,0,0,0,0,0
event=trace_row ordinal=3375 kind=1 ns=268151808675901 fields=656,2,1,1010,995,200,1000,0,1,0,0,0,0,0,0,0
event=trace_row ordinal=3376 kind=3 ns=268151808699818 fields=656,657,1,2,268151808675901,0,0,0,0,0,0,0,0,4,1,3
event=trace_row ordinal=3377 kind=5 ns=268151818720161 fields=513,6,15,0,0,0,0,0,0,0,16,0,0,0,0,0
event=trace_row ordinal=3378 kind=0 ns=268151818688661 fields=657,2,0,25,1,0,0,0,0,0,0,0,0,0,0,0
event=trace_row ordinal=3379 kind=1 ns=268151818688661 fields=657,2,0,1010,995,200,1000,0,1,0,0,0,0,0,0,0
event=trace_row ordinal=3380 kind=3 ns=268151818725120 fields=657,658,1,2,268151818688661,0,0,0,0,0,0,0,0,4,1,3
event=trace_row ordinal=3381 kind=5 ns=268151828698212 fields=513,6,15,0,0,0,0,0,0,0,16,0,0,0,0,0
event=trace_row ordinal=3382 kind=0 ns=268151828677212 fields=658,2,0,50,2,0,0,0,0,0,0,0,0,0,0,0
event=trace_row ordinal=3383 kind=1 ns=268151828677212 fields=658,2,0,1010,995,200,1000,0,1,0,0,0,0,0,0,0
event=trace_row ordinal=3384 kind=1 ns=268151828677212 fields=658,2,1,1010,995,200,1000,0,1,0,0,0,0,0,0,0
event=trace_row ordinal=3385 kind=3 ns=268151828701420 fields=658,659,1,2,268151828677212,0,0,0,0,0,0,0,0,4,1,3
event=trace_row ordinal=3386 kind=5 ns=268151838694055 fields=513,6,15,0,0,0,0,0,0,0,16,0,0,0,0,0
event=trace_row ordinal=3387 kind=0 ns=268151838675971 fields=659,2,0,25,1,0,0,0,0,0,0,0,0,0,0,0
event=trace_row ordinal=3388 kind=1 ns=268151838675971 fields=659,2,0,1010,995,200,1000,0,1,0,0,0,0,0,0,0
event=trace_row ordinal=3389 kind=3 ns=268151838697263 fields=659,660,1,2,268151838675971,0,0,0,0,0,0,0,0,4,1,3
event=trace_row ordinal=3390 kind=4 ns=268151841159254 fields=385,8,39,20,39,20,0,0,0,0,16,0,0,0,0,0
event=trace_row ordinal=3391 kind=4 ns=268151842596315 fields=641,5,3,0,0,0,0,0,0,0,16,0,0,0,0,0
event=trace_row ordinal=3392 kind=5 ns=268151848697481 fields=513,6,15,0,0,0,0,0,0,0,16,0,0,0,0,0
event=trace_row ordinal=3393 kind=0 ns=268151848677064 fields=660,2,0,50,2,0,0,0,0,0,0,0,0,0,0,0
event=trace_row ordinal=3394 kind=1 ns=268151848677064 fields=660,2,0,1010,995,200,1000,0,1,0,0,0,0,0,0,0
event=trace_row ordinal=3395 kind=1 ns=268151848677064 fields=660,2,1,1010,995,200,1000,0,1,0,0,0,0,0,0,0
event=trace_row ordinal=3396 kind=3 ns=268151848700981 fields=660,661,1,2,268151848677064,0,0,0,0,0,0,0,0,4,1,3
event=trace_row ordinal=3397 kind=5 ns=268151858693907 fields=513,6,15,0,0,0,0,0,0,0,16,0,0,0,0,0
event=trace_row ordinal=3398 kind=0 ns=268151858675823 fields=661,2,0,25,1,0,0,0,0,0,0,0,0,0,0,0
event=trace_row ordinal=3399 kind=1 ns=268151858675823 fields=661,2,0,1010,995,200,1000,0,1,0,0,0,0,0,0,0
event=trace_row ordinal=3400 kind=3 ns=268151858697115 fields=661,662,1,2,268151858675823,0,0,0,0,0,0,0,0,4,1,3
event=trace_row ordinal=3401 kind=5 ns=268151868696458 fields=513,6,15,0,0,0,0,0,0,0,16,0,0,0,0,0
event=trace_row ordinal=3402 kind=0 ns=268151868676916 fields=662,2,0,25,1,0,0,0,0,0,0,0,0,0,0,0
event=trace_row ordinal=3403 kind=1 ns=268151868676916 fields=662,2,0,1010,995,200,1000,0,1,0,0,0,0,0,0,0
event=trace_row ordinal=3404 kind=3 ns=268151868699666 fields=662,663,1,2,268151868676916,0,0,0,0,0,0,0,0,4,1,3
event=trace_row ordinal=3405 kind=4 ns=268151871460620 fields=1793,1,5,0,0,0,0,0,0,0,16,0,0,0,0,0
event=trace_row ordinal=3406 kind=5 ns=268151878698425 fields=513,6,15,0,0,0,0,0,0,0,16,0,0,0,0,0
event=trace_row ordinal=3407 kind=0 ns=268151878677425 fields=663,2,0,50,2,0,0,0,0,0,0,0,0,0,0,0
event=trace_row ordinal=3408 kind=1 ns=268151878677425 fields=663,2,0,1010,995,200,1000,0,1,0,0,0,0,0,0,0
event=trace_row ordinal=3409 kind=1 ns=268151878677425 fields=663,2,1,1010,995,200,1000,0,1,0,0,0,0,0,0,0
event=trace_row ordinal=3410 kind=3 ns=268151878701634 fields=663,664,1,2,268151878677425,0,0,0,0,0,0,0,0,4,1,3
event=trace_row ordinal=3411 kind=5 ns=268151888694268 fields=513,6,15,0,0,0,0,0,0,0,16,0,0,0,0,0
event=trace_row ordinal=3412 kind=0 ns=268151888675601 fields=664,2,0,25,1,0,0,0,0,0,0,0,0,0,0,0
event=trace_row ordinal=3413 kind=1 ns=268151888675601 fields=664,2,0,1010,995,200,1000,0,1,0,0,0,0,0,0,0
event=trace_row ordinal=3414 kind=3 ns=268151888697476 fields=664,665,1,2,268151888675601,0,0,0,0,0,0,0,0,4,1,3
event=trace_row ordinal=3415 kind=4 ns=268151891099092 fields=385,8,39,20,39,20,0,0,0,0,16,0,0,0,0,0
event=trace_row ordinal=3416 kind=4 ns=268151892557445 fields=641,5,3,0,0,0,0,0,0,0,16,0,0,0,0,0
event=trace_row ordinal=3417 kind=5 ns=268151898698569 fields=513,6,15,0,0,0,0,0,0,0,16,0,0,0,0,0
event=trace_row ordinal=3418 kind=0 ns=268151898676985 fields=665,2,0,50,2,0,0,0,0,0,0,0,0,0,0,0
event=trace_row ordinal=3419 kind=1 ns=268151898676985 fields=665,2,0,1010,995,200,1000,0,1,0,0,0,0,0,0,0
event=trace_row ordinal=3420 kind=1 ns=268151898676985 fields=665,2,1,1010,995,200,1000,0,1,0,0,0,0,0,0,0
event=trace_row ordinal=3421 kind=3 ns=268151898702944 fields=665,666,1,2,268151898676985,0,0,0,0,0,0,0,0,4,1,3
event=trace_row ordinal=3422 kind=5 ns=268151908695287 fields=513,6,15,0,0,0,0,0,0,0,16,0,0,0,0,0
event=trace_row ordinal=3423 kind=0 ns=268151908676328 fields=666,2,0,25,1,0,0,0,0,0,0,0,0,0,0,0
event=trace_row ordinal=3424 kind=1 ns=268151908676328 fields=666,2,0,1010,995,200,1000,0,1,0,0,0,0,0,0,0
event=trace_row ordinal=3425 kind=3 ns=268151908698203 fields=666,667,1,2,268151908676328,0,0,0,0,0,0,0,0,4,1,3
event=trace_row ordinal=3426 kind=5 ns=268151918695504 fields=513,6,15,0,0,0,0,0,0,0,16,0,0,0,0,0
event=trace_row ordinal=3427 kind=0 ns=268151918675087 fields=667,2,0,50,2,0,0,0,0,0,0,0,0,0,0,0
event=trace_row ordinal=3428 kind=1 ns=268151918675087 fields=667,2,0,1010,995,200,1000,0,1,0,0,0,0,0,0,0
event=trace_row ordinal=3429 kind=1 ns=268151918675087 fields=667,2,1,1010,995,200,1000,0,1,0,0,0,0,0,0,0
event=trace_row ordinal=3430 kind=3 ns=268151918699004 fields=667,668,1,2,268151918675087,0,0,0,0,0,0,0,0,4,1,3
event=trace_row ordinal=3431 kind=5 ns=268151928694555 fields=513,6,15,0,0,0,0,0,0,0,16,0,0,0,0,0
event=trace_row ordinal=3432 kind=0 ns=268151928675888 fields=668,2,0,25,1,0,0,0,0,0,0,0,0,0,0,0
event=trace_row ordinal=3433 kind=1 ns=268151928675888 fields=668,2,0,1010,995,200,1000,0,1,0,0,0,0,0,0,0
event=trace_row ordinal=3434 kind=3 ns=268151928697764 fields=668,669,1,2,268151928675888,0,0,0,0,0,0,0,0,4,1,3
event=trace_row ordinal=3435 kind=5 ns=268151938694190 fields=513,6,15,0,0,0,0,0,0,0,16,0,0,0,0,0
event=trace_row ordinal=3436 kind=0 ns=268151938675815 fields=669,2,0,25,1,0,0,0,0,0,0,0,0,0,0,0
event=trace_row ordinal=3437 kind=1 ns=268151938675815 fields=669,2,0,1010,995,200,1000,0,1,0,0,0,0,0,0,0
event=trace_row ordinal=3438 kind=3 ns=268151938697106 fields=669,670,1,2,268151938675815,0,0,0,0,0,0,0,0,4,1,3
event=trace_row ordinal=3439 kind=4 ns=268151941050013 fields=385,8,39,20,39,20,0,0,0,0,16,0,0,0,0,0
event=trace_row ordinal=3440 kind=4 ns=268151942557367 fields=641,5,3,0,0,0,0,0,0,0,16,0,0,0,0,0
event=trace_row ordinal=3441 kind=5 ns=268151948697032 fields=513,6,15,0,0,0,0,0,0,0,16,0,0,0,0,0
event=trace_row ordinal=3442 kind=0 ns=268151948676032 fields=670,2,0,50,2,0,0,0,0,0,0,0,0,0,0,0
event=trace_row ordinal=3443 kind=1 ns=268151948676032 fields=670,2,0,1010,995,200,1000,0,1,0,0,0,0,0,0,0
event=trace_row ordinal=3444 kind=1 ns=268151948676032 fields=670,2,1,1010,995,200,1000,0,1,0,0,0,0,0,0,0
event=trace_row ordinal=3445 kind=3 ns=268151948700824 fields=670,671,1,2,268151948676032,0,0,0,0,0,0,0,0,4,1,3
event=trace_row ordinal=3446 kind=5 ns=268151958694042 fields=513,6,15,0,0,0,0,0,0,0,16,0,0,0,0,0
event=trace_row ordinal=3447 kind=0 ns=268151958675666 fields=671,2,0,25,1,0,0,0,0,0,0,0,0,0,0,0
event=trace_row ordinal=3448 kind=1 ns=268151958675666 fields=671,2,0,1010,995,200,1000,0,1,0,0,0,0,0,0,0
event=trace_row ordinal=3449 kind=3 ns=268151958696958 fields=671,672,1,2,268151958675666,0,0,0,0,0,0,0,0,4,1,3
event=trace_row ordinal=3450 kind=5 ns=268151968701259 fields=513,6,15,0,0,0,0,0,0,0,16,0,0,0,0,0
event=trace_row ordinal=3451 kind=0 ns=268151968677634 fields=672,2,0,50,2,0,0,0,0,0,0,0,0,0,0,0
event=trace_row ordinal=3452 kind=1 ns=268151968677634 fields=672,2,0,1010,995,200,1000,0,1,0,0,0,0,0,0,0
event=trace_row ordinal=3453 kind=1 ns=268151968677634 fields=672,2,1,1010,995,200,1000,0,1,0,0,0,0,0,0,0
event=trace_row ordinal=3454 kind=3 ns=268151968704468 fields=672,673,1,2,268151968677634,0,0,0,0,0,0,0,0,4,1,3
event=trace_row ordinal=3455 kind=5 ns=268151978695643 fields=513,6,15,0,0,0,0,0,0,0,16,0,0,0,0,0
event=trace_row ordinal=3456 kind=0 ns=268151978677268 fields=673,2,0,25,1,0,0,0,0,0,0,0,0,0,0,0
event=trace_row ordinal=3457 kind=1 ns=268151978677268 fields=673,2,0,1010,995,200,1000,0,1,0,0,0,0,0,0,0
event=trace_row ordinal=3458 kind=3 ns=268151978698852 fields=673,674,1,2,268151978677268,0,0,0,0,0,0,0,0,4,1,3
event=trace_row ordinal=3459 kind=5 ns=268151988711903 fields=513,6,15,0,0,0,0,0,0,0,16,0,0,0,0,0
event=trace_row ordinal=3460 kind=0 ns=268151988682153 fields=674,2,0,50,2,0,0,0,0,0,0,0,0,0,0,0
event=trace_row ordinal=3461 kind=1 ns=268151988682153 fields=674,2,0,1010,995,200,1000,0,1,0,0,0,0,0,0,0
event=trace_row ordinal=3462 kind=1 ns=268151988682153 fields=674,2,1,1010,995,200,1000,0,1,0,0,0,0,0,0,0
event=trace_row ordinal=3463 kind=3 ns=268151988715695 fields=674,675,1,2,268151988682153,0,0,0,0,0,0,0,0,4,1,3
event=trace_row ordinal=3464 kind=4 ns=268151991008225 fields=385,8,39,20,39,20,0,0,0,0,16,0,0,0,0,0
event=trace_row ordinal=3465 kind=4 ns=268151992515579 fields=641,5,3,0,0,0,0,0,0,0,16,0,0,0,0,0
event=trace_row ordinal=3466 kind=5 ns=268151998707745 fields=513,6,15,0,0,0,0,0,0,0,16,0,0,0,0,0
event=trace_row ordinal=3467 kind=0 ns=268151998683245 fields=675,2,0,25,1,0,0,0,0,0,0,0,0,0,0,0
event=trace_row ordinal=3468 kind=1 ns=268151998683245 fields=675,2,0,1010,995,200,1000,0,1,0,0,0,0,0,0,0
event=trace_row ordinal=3469 kind=3 ns=268151998711829 fields=675,676,1,2,268151998683245,0,0,0,0,0,0,0,0,4,1,3
event=trace_row ordinal=3470 kind=5 ns=268152008718755 fields=513,6,15,0,0,0,0,0,0,0,16,0,0,0,0,0
event=trace_row ordinal=3471 kind=0 ns=268152008686963 fields=676,2,0,25,1,0,0,0,0,0,0,0,0,0,0,0
event=trace_row ordinal=3472 kind=1 ns=268152008686963 fields=676,2,0,1010,995,200,1000,0,1,0,0,0,0,0,0,0
event=trace_row ordinal=3473 kind=3 ns=268152008723130 fields=676,677,1,2,268152008686963,0,0,0,0,0,0,0,0,4,1,3
event=trace_row ordinal=3474 kind=5 ns=268152018703805 fields=513,6,15,0,0,0,0,0,0,0,16,0,0,0,0,0
event=trace_row ordinal=3475 kind=0 ns=268152018679597 fields=677,2,0,50,2,0,0,0,0,0,0,0,0,0,0,0
event=trace_row ordinal=3476 kind=1 ns=268152018679597 fields=677,2,0,1010,995,200,1000,0,1,0,0,0,0,0,0,0
event=trace_row ordinal=3477 kind=1 ns=268152018679597 fields=677,2,1,1010,995,200,1000,0,1,0,0,0,0,0,0,0
event=trace_row ordinal=3478 kind=3 ns=268152018707597 fields=677,678,1,2,268152018679597,0,0,0,0,0,0,0,0,4,1,3
event=trace_row ordinal=3479 kind=5 ns=268152028710148 fields=513,6,15,0,0,0,0,0,0,0,16,0,0,0,0,0
event=trace_row ordinal=3480 kind=0 ns=268152028683606 fields=678,2,0,25,1,0,0,0,0,0,0,0,0,0,0,0
event=trace_row ordinal=3481 kind=1 ns=268152028683606 fields=678,2,0,1010,995,200,1000,0,1,0,0,0,0,0,0,0
event=trace_row ordinal=3482 kind=3 ns=268152028713940 fields=678,679,1,2,268152028683606,0,0,0,0,0,0,0,0,4,1,3
event=trace_row ordinal=3483 kind=5 ns=268152038699574 fields=513,6,15,0,0,0,0,0,0,0,16,0,0,0,0,0
event=trace_row ordinal=3484 kind=0 ns=268152038678282 fields=679,2,0,50,2,0,0,0,0,0,0,0,0,0,0,0
event=trace_row ordinal=3485 kind=1 ns=268152038678282 fields=679,2,0,1010,995,200,1000,0,1,0,0,0,0,0,0,0
event=trace_row ordinal=3486 kind=1 ns=268152038678282 fields=679,2,1,1010,995,200,1000,0,1,0,0,0,0,0,0,0
event=trace_row ordinal=3487 kind=3 ns=268152038702491 fields=679,680,1,2,268152038678282,0,0,0,0,0,0,0,0,4,1,3
event=trace_row ordinal=3488 kind=4 ns=268152040974896 fields=385,8,39,20,39,20,0,0,0,0,16,0,0,0,0,0
event=trace_row ordinal=3489 kind=4 ns=268152042524250 fields=641,5,3,0,0,0,0,0,0,0,16,0,0,0,0,0
event=trace_row ordinal=3490 kind=5 ns=268152048727208 fields=513,6,15,0,0,0,0,0,0,0,16,0,0,0,0,0
event=trace_row ordinal=3491 kind=0 ns=268152048689875 fields=680,2,0,25,1,0,0,0,0,0,0,0,0,0,0,0
event=trace_row ordinal=3492 kind=1 ns=268152048689875 fields=680,2,0,1010,995,200,1000,0,1,0,0,0,0,0,0,0
event=trace_row ordinal=3493 kind=3 ns=268152048733042 fields=680,681,1,2,268152048689875,0,0,0,0,0,0,0,0,4,1,3
event=trace_row ordinal=3494 kind=5 ns=268152058704676 fields=513,6,15,0,0,0,0,0,0,0,16,0,0,0,0,0
event=trace_row ordinal=3495 kind=0 ns=268152058680759 fields=681,2,0,50,2,0,0,0,0,0,0,0,0,0,0,0
event=trace_row ordinal=3496 kind=1 ns=268152058680759 fields=681,2,0,1010,995,200,1000,0,1,0,0,0,0,0,0,0
event=trace_row ordinal=3497 kind=1 ns=268152058680759 fields=681,2,1,1010,995,200,1000,0,1,0,0,0,0,0,0,0
event=trace_row ordinal=3498 kind=3 ns=268152058708176 fields=681,682,1,2,268152058680759,0,0,0,0,0,0,0,0,4,1,3
event=trace_row ordinal=3499 kind=5 ns=268152068720352 fields=513,6,15,0,0,0,0,0,0,0,16,0,0,0,0,0
event=trace_row ordinal=3500 kind=0 ns=268152068685643 fields=682,2,0,25,1,0,0,0,0,0,0,0,0,0,0,0
event=trace_row ordinal=3501 kind=1 ns=268152068685643 fields=682,2,0,1010,995,200,1000,0,1,0,0,0,0,0,0,0
event=trace_row ordinal=3502 kind=3 ns=268152068724143 fields=682,683,1,2,268152068685643,0,0,0,0,0,0,0,0,4,1,3
event=trace_row ordinal=3503 kind=5 ns=268152078707736 fields=513,6,15,0,0,0,0,0,0,0,16,0,0,0,0,0
event=trace_row ordinal=3504 kind=0 ns=268152078684402 fields=683,2,0,25,1,0,0,0,0,0,0,0,0,0,0,0
event=trace_row ordinal=3505 kind=1 ns=268152078684402 fields=683,2,0,1010,995,200,1000,0,1,0,0,0,0,0,0,0
event=trace_row ordinal=3506 kind=3 ns=268152078711527 fields=683,684,1,2,268152078684402,0,0,0,0,0,0,0,0,4,1,3
event=trace_row ordinal=3507 kind=5 ns=268152088715537 fields=513,6,15,0,0,0,0,0,0,0,16,0,0,0,0,0
event=trace_row ordinal=3508 kind=0 ns=268152088684620 fields=684,2,0,50,2,0,0,0,0,0,0,0,0,0,0,0
event=trace_row ordinal=3509 kind=1 ns=268152088684620 fields=684,2,0,1010,995,200,1000,0,1,0,0,0,0,0,0,0
event=trace_row ordinal=3510 kind=1 ns=268152088684620 fields=684,2,1,1010,995,200,1000,0,1,0,0,0,0,0,0,0
event=trace_row ordinal=3511 kind=3 ns=268152088719912 fields=684,685,1,2,268152088684620,0,0,0,0,0,0,0,0,4,1,3
event=trace_row ordinal=3512 kind=4 ns=268152090911233 fields=385,8,39,20,39,20,0,0,0,0,16,0,0,0,0,0
event=trace_row ordinal=3513 kind=4 ns=268152092483337 fields=641,5,3,0,0,0,0,0,0,0,16,0,0,0,0,0
event=trace_row ordinal=3514 kind=5 ns=268152098714588 fields=513,6,15,0,0,0,0,0,0,0,16,0,0,0,0,0
event=trace_row ordinal=3515 kind=0 ns=268152098685421 fields=685,2,0,25,1,0,0,0,0,0,0,0,0,0,0,0
event=trace_row ordinal=3516 kind=1 ns=268152098685421 fields=685,2,0,1010,995,200,1000,0,1,0,0,0,0,0,0,0
event=trace_row ordinal=3517 kind=3 ns=268152098720421 fields=685,686,1,2,268152098685421,0,0,0,0,0,0,0,0,4,1,3
event=trace_row ordinal=3518 kind=5 ns=268152108702847 fields=513,6,15,0,0,0,0,0,0,0,16,0,0,0,0,0
event=trace_row ordinal=3519 kind=0 ns=268152108679513 fields=686,2,0,50,2,0,0,0,0,0,0,0,0,0,0,0
event=trace_row ordinal=3520 kind=1 ns=268152108679513 fields=686,2,0,1010,995,200,1000,0,1,0,0,0,0,0,0,0
event=trace_row ordinal=3521 kind=1 ns=268152108679513 fields=686,2,1,1010,995,200,1000,0,1,0,0,0,0,0,0,0
event=trace_row ordinal=3522 kind=3 ns=268152108706930 fields=686,687,1,2,268152108679513,0,0,0,0,0,0,0,0,4,1,3
event=trace_row ordinal=3523 kind=5 ns=268152118700148 fields=513,6,15,0,0,0,0,0,0,0,16,0,0,0,0,0
event=trace_row ordinal=3524 kind=0 ns=268152118677981 fields=687,2,0,25,1,0,0,0,0,0,0,0,0,0,0,0
event=trace_row ordinal=3525 kind=1 ns=268152118677981 fields=687,2,0,1010,995,200,1000,0,1,0,0,0,0,0,0,0
event=trace_row ordinal=3526 kind=3 ns=268152118703356 fields=687,688,1,2,268152118677981,0,0,0,0,0,0,0,0,4,1,3
event=trace_row ordinal=3527 kind=4 ns=268152121033512 fields=1793,1,5,0,0,0,0,0,0,0,16,0,0,0,0,0
event=trace_row ordinal=3528 kind=5 ns=268152128722240 fields=513,6,15,0,0,0,0,0,0,0,16,0,0,0,0,0
event=trace_row ordinal=3529 kind=0 ns=268152128686073 fields=688,2,0,50,2,0,0,0,0,0,0,0,0,0,0,0
event=trace_row ordinal=3530 kind=1 ns=268152128686073 fields=688,2,0,1010,995,200,1000,0,1,0,0,0,0,0,0,0
event=trace_row ordinal=3531 kind=1 ns=268152128686073 fields=688,2,1,1010,995,200,1000,0,1,0,0,0,0,0,0,0
event=trace_row ordinal=3532 kind=3 ns=268152128727490 fields=688,689,1,2,268152128686073,0,0,0,0,0,0,0,0,4,1,3
event=trace_row ordinal=3533 kind=5 ns=268152138705541 fields=513,6,15,0,0,0,0,0,0,0,16,0,0,0,0,0
event=trace_row ordinal=3534 kind=0 ns=268152138681041 fields=689,2,0,25,1,0,0,0,0,0,0,0,0,0,0,0
event=trace_row ordinal=3535 kind=1 ns=268152138681041 fields=689,2,0,1010,995,200,1000,0,1,0,0,0,0,0,0,0
event=trace_row ordinal=3536 kind=3 ns=268152138709041 fields=689,690,1,2,268152138681041,0,0,0,0,0,0,0,0,4,1,3
event=trace_row ordinal=3537 kind=4 ns=268152140854278 fields=385,8,39,20,39,20,0,0,0,0,16,0,0,0,0,0
event=trace_row ordinal=3538 kind=4 ns=268152142447675 fields=641,5,3,0,0,0,0,0,0,0,16,0,0,0,0,0
event=trace_row ordinal=3539 kind=5 ns=268152148709842 fields=513,6,15,0,0,0,0,0,0,0,16,0,0,0,0,0
event=trace_row ordinal=3540 kind=0 ns=268152148683883 fields=690,2,0,25,1,0,0,0,0,0,0,0,0,0,0,0
event=trace_row ordinal=3541 kind=1 ns=268152148683883 fields=690,2,0,1010,995,200,1000,0,1,0,0,0,0,0,0,0
event=trace_row ordinal=3542 kind=3 ns=268152148713634 fields=690,691,1,2,268152148683883,0,0,0,0,0,0,0,0,4,1,3
event=trace_row ordinal=3543 kind=5 ns=268152158704226 fields=513,6,15,0,0,0,0,0,0,0,16,0,0,0,0,0
event=trace_row ordinal=3544 kind=0 ns=268152158680309 fields=691,2,0,50,2,0,0,0,0,0,0,0,0,0,0,0
event=trace_row ordinal=3545 kind=1 ns=268152158680309 fields=691,2,0,1010,995,200,1000,0,1,0,0,0,0,0,0,0
event=trace_row ordinal=3546 kind=1 ns=268152158680309 fields=691,2,1,1010,995,200,1000,0,1,0,0,0,0,0,0,0
event=trace_row ordinal=3547 kind=3 ns=268152158707726 fields=691,692,1,2,268152158680309,0,0,0,0,0,0,0,0,4,1,3
event=trace_row ordinal=3548 kind=5 ns=268152168703860 fields=513,6,15,0,0,0,0,0,0,0,16,0,0,0,0,0
event=trace_row ordinal=3549 kind=0 ns=268152168680527 fields=692,2,0,25,1,0,0,0,0,0,0,0,0,0,0,0
event=trace_row ordinal=3550 kind=1 ns=268152168680527 fields=692,2,0,1010,995,200,1000,0,1,0,0,0,0,0,0,0
event=trace_row ordinal=3551 kind=3 ns=268152168707360 fields=692,693,1,2,268152168680527,0,0,0,0,0,0,0,0,4,1,3
event=trace_row ordinal=3552 kind=5 ns=268152178702036 fields=513,6,15,0,0,0,0,0,0,0,16,0,0,0,0,0
event=trace_row ordinal=3553 kind=0 ns=268152178678702 fields=693,2,0,50,2,0,0,0,0,0,0,0,0,0,0,0
event=trace_row ordinal=3554 kind=1 ns=268152178678702 fields=693,2,0,1010,995,200,1000,0,1,0,0,0,0,0,0,0
event=trace_row ordinal=3555 kind=1 ns=268152178678702 fields=693,2,1,1010,995,200,1000,0,1,0,0,0,0,0,0,0
event=trace_row ordinal=3556 kind=3 ns=268152178706120 fields=693,694,1,2,268152178678702,0,0,0,0,0,0,0,0,4,1,3
event=trace_row ordinal=3557 kind=5 ns=268152188697004 fields=513,6,15,0,0,0,0,0,0,0,16,0,0,0,0,0
event=trace_row ordinal=3558 kind=0 ns=268152188677170 fields=694,2,0,25,1,0,0,0,0,0,0,0,0,0,0,0
event=trace_row ordinal=3559 kind=1 ns=268152188677170 fields=694,2,0,1010,995,200,1000,0,1,0,0,0,0,0,0,0
event=trace_row ordinal=3560 kind=3 ns=268152188700795 fields=694,695,1,2,268152188677170,0,0,0,0,0,0,0,0,4,1,3
event=trace_row ordinal=3561 kind=4 ns=268152190803157 fields=385,8,39,20,39,20,0,0,0,0,16,0,0,0,0,0
event=trace_row ordinal=3562 kind=4 ns=268152192438846 fields=641,5,3,0,0,0,0,0,0,0,16,0,0,0,0,0
event=trace_row ordinal=3563 kind=5 ns=268152198698096 fields=513,6,15,0,0,0,0,0,0,0,16,0,0,0,0,0
event=trace_row ordinal=3564 kind=0 ns=268152198676804 fields=695,2,0,50,2,0,0,0,0,0,0,0,0,0,0,0
event=trace_row ordinal=3565 kind=1 ns=268152198676804 fields=695,2,0,1010,995,200,1000,0,1,0,0,0,0,0,0,0
event=trace_row ordinal=3566 kind=1 ns=268152198676804 fields=695,2,1,1010,995,200,1000,0,1,0,0,0,0,0,0,0
event=trace_row ordinal=3567 kind=3 ns=268152198701305 fields=695,696,1,2,268152198676804,0,0,0,0,0,0,0,0,4,1,3
event=trace_row ordinal=3568 kind=5 ns=268152208698605 fields=513,6,15,0,0,0,0,0,0,0,16,0,0,0,0,0
event=trace_row ordinal=3569 kind=0 ns=268152208677313 fields=696,2,0,25,1,0,0,0,0,0,0,0,0,0,0,0
event=trace_row ordinal=3570 kind=1 ns=268152208677313 fields=696,2,0,1010,995,200,1000,0,1,0,0,0,0,0,0,0
event=trace_row ordinal=3571 kind=3 ns=268152208702105 fields=696,697,1,2,268152208677313,0,0,0,0,0,0,0,0,4,1,3
event=trace_row ordinal=3572 kind=5 ns=268152218694740 fields=513,6,15,0,0,0,0,0,0,0,16,0,0,0,0,0
event=trace_row ordinal=3573 kind=0 ns=268152218676364 fields=697,2,0,25,1,0,0,0,0,0,0,0,0,0,0,0
event=trace_row ordinal=3574 kind=1 ns=268152218676364 fields=697,2,0,1010,995,200,1000,0,1,0,0,0,0,0,0,0
event=trace_row ordinal=3575 kind=3 ns=268152218697948 fields=697,698,1,2,268152218676364,0,0,0,0,0,0,0,0,4,1,3
event=trace_row ordinal=3576 kind=5 ns=268152228695832 fields=513,6,15,0,0,0,0,0,0,0,16,0,0,0,0,0
event=trace_row ordinal=3577 kind=0 ns=268152228675999 fields=698,2,0,50,2,0,0,0,0,0,0,0,0,0,0,0
event=trace_row ordinal=3578 kind=1 ns=268152228675999 fields=698,2,0,1010,995,200,1000,0,1,0,0,0,0,0,0,0
event=trace_row ordinal=3579 kind=1 ns=268152228675999 fields=698,2,1,1010,995,200,1000,0,1,0,0,0,0,0,0,0
event=trace_row ordinal=3580 kind=3 ns=268152228699040 fields=698,699,1,2,268152228675999,0,0,0,0,0,0,0,0,4,1,3
event=trace_row ordinal=3581 kind=5 ns=268152238694883 fields=513,6,15,0,0,0,0,0,0,0,16,0,0,0,0,0
event=trace_row ordinal=3582 kind=0 ns=268152238675633 fields=699,2,0,25,1,0,0,0,0,0,0,0,0,0,0,0
event=trace_row ordinal=3583 kind=1 ns=268152238675633 fields=699,2,0,1010,995,200,1000,0,1,0,0,0,0,0,0,0
event=trace_row ordinal=3584 kind=3 ns=268152238698091 fields=699,700,1,2,268152238675633,0,0,0,0,0,0,0,0,4,1,3
event=trace_row ordinal=3585 kind=4 ns=268152240747952 fields=385,8,39,20,39,20,0,0,0,0,16,0,0,0,0,0
event=trace_row ordinal=3586 kind=4 ns=268152242440225 fields=641,5,3,0,0,0,0,0,0,0,16,0,0,0,0,0
event=trace_row ordinal=3587 kind=5 ns=268152248696851 fields=513,6,15,0,0,0,0,0,0,0,16,0,0,0,0,0
event=trace_row ordinal=3588 kind=0 ns=268152248675850 fields=700,2,0,50,2,0,0,0,0,0,0,0,0,0,0,0
event=trace_row ordinal=3589 kind=1 ns=268152248675850 fields=700,2,0,1010,995,200,1000,0,1,0,0,0,0,0,0,0
event=trace_row ordinal=3590 kind=1 ns=268152248675850 fields=700,2,1,1010,995,200,1000,0,1,0,0,0,0,0,0,0
event=trace_row ordinal=3591 kind=3 ns=268152248700059 fields=700,701,1,2,268152248675850,0,0,0,0,0,0,0,0,4,1,3
event=trace_row ordinal=3592 kind=5 ns=268152258694151 fields=513,6,15,0,0,0,0,0,0,0,16,0,0,0,0,0
event=trace_row ordinal=3593 kind=0 ns=268152258675776 fields=701,2,0,25,1,0,0,0,0,0,0,0,0,0,0,0
event=trace_row ordinal=3594 kind=1 ns=268152258675776 fields=701,2,0,1010,995,200,1000,0,1,0,0,0,0,0,0,0
event=trace_row ordinal=3595 kind=3 ns=268152258697360 fields=701,702,1,2,268152258675776,0,0,0,0,0,0,0,0,4,1,3
event=trace_row ordinal=3596 kind=5 ns=268152268695536 fields=513,6,15,0,0,0,0,0,0,0,16,0,0,0,0,0
event=trace_row ordinal=3597 kind=0 ns=268152268675410 fields=702,2,0,50,2,0,0,0,0,0,0,0,0,0,0,0
event=trace_row ordinal=3598 kind=1 ns=268152268675410 fields=702,2,0,1010,995,200,1000,0,1,0,0,0,0,0,0,0
event=trace_row ordinal=3599 kind=1 ns=268152268675410 fields=702,2,1,1010,995,200,1000,0,1,0,0,0,0,0,0,0
event=trace_row ordinal=3600 kind=3 ns=268152268698744 fields=702,703,1,2,268152268675410,0,0,0,0,0,0,0,0,4,1,3
event=trace_row ordinal=3601 kind=5 ns=268152278693128 fields=513,6,15,0,0,0,0,0,0,0,16,0,0,0,0,0
event=trace_row ordinal=3602 kind=0 ns=268152278675045 fields=703,2,0,25,1,0,0,0,0,0,0,0,0,0,0,0
event=trace_row ordinal=3603 kind=1 ns=268152278675045 fields=703,2,0,1010,995,200,1000,0,1,0,0,0,0,0,0,0
event=trace_row ordinal=3604 kind=3 ns=268152278696045 fields=703,704,1,2,268152278675045,0,0,0,0,0,0,0,0,4,1,3
event=trace_row ordinal=3605 kind=5 ns=268152288695387 fields=513,6,15,0,0,0,0,0,0,0,16,0,0,0,0,0
event=trace_row ordinal=3606 kind=0 ns=268152288676429 fields=704,2,0,25,1,0,0,0,0,0,0,0,0,0,0,0
event=trace_row ordinal=3607 kind=1 ns=268152288676429 fields=704,2,0,1010,995,200,1000,0,1,0,0,0,0,0,0,0
event=trace_row ordinal=3608 kind=3 ns=268152288698887 fields=704,705,1,2,268152288676429,0,0,0,0,0,0,0,0,4,1,3
event=trace_row ordinal=3609 kind=4 ns=268152290694789 fields=385,8,39,20,39,20,0,0,0,0,16,0,0,0,0,0
event=trace_row ordinal=3610 kind=4 ns=268152292397270 fields=641,5,3,0,0,0,0,0,0,0,16,0,0,0,0,0
event=trace_row ordinal=3611 kind=5 ns=268152298698230 fields=513,6,15,0,0,0,0,0,0,0,16,0,0,0,0,0
event=trace_row ordinal=3612 kind=0 ns=268152298676938 fields=705,2,0,50,2,0,0,0,0,0,0,0,0,0,0,0
event=trace_row ordinal=3613 kind=1 ns=268152298676938 fields=705,2,0,1010,995,200,1000,0,1,0,0,0,0,0,0,0
event=trace_row ordinal=3614 kind=1 ns=268152298676938 fields=705,2,1,1010,995,200,1000,0,1,0,0,0,0,0,0,0
event=trace_row ordinal=3615 kind=3 ns=268152298702022 fields=705,706,1,2,268152298676938,0,0,0,0,0,0,0,0,4,1,3
event=trace_row ordinal=3616 kind=5 ns=268152308697281 fields=513,6,15,0,0,0,0,0,0,0,16,0,0,0,0,0
event=trace_row ordinal=3617 kind=0 ns=268152308677156 fields=706,2,0,25,1,0,0,0,0,0,0,0,0,0,0,0
event=trace_row ordinal=3618 kind=1 ns=268152308677156 fields=706,2,0,1010,995,200,1000,0,1,0,0,0,0,0,0,0
event=trace_row ordinal=3619 kind=3 ns=268152308700781 fields=706,707,1,2,268152308677156,0,0,0,0,0,0,0,0,4,1,3
event=trace_row ordinal=3620 kind=5 ns=268152318728707 fields=513,6,15,0,0,0,0,0,0,0,16,0,0,0,0,0
event=trace_row ordinal=3621 kind=0 ns=268152318689332 fields=707,2,0,50,2,0,0,0,0,0,0,0,0,0,0,0
event=trace_row ordinal=3622 kind=1 ns=268152318689332 fields=707,2,0,1010,995,200,1000,0,1,0,0,0,0,0,0,0
event=trace_row ordinal=3623 kind=1 ns=268152318689332 fields=707,2,1,1010,995,200,1000,0,1,0,0,0,0,0,0,0
event=trace_row ordinal=3624 kind=3 ns=268152318734249 fields=707,708,1,2,268152318689332,0,0,0,0,0,0,0,0,4,1,3
event=trace_row ordinal=3625 kind=5 ns=268152328697424 fields=513,6,15,0,0,0,0,0,0,0,16,0,0,0,0,0
event=trace_row ordinal=3626 kind=0 ns=268152328676716 fields=708,2,0,25,1,0,0,0,0,0,0,0,0,0,0,0
event=trace_row ordinal=3627 kind=1 ns=268152328676716 fields=708,2,0,1010,995,200,1000,0,1,0,0,0,0,0,0,0
event=trace_row ordinal=3628 kind=3 ns=268152328700633 fields=708,709,1,2,268152328676716,0,0,0,0,0,0,0,0,4,1,3
event=trace_row ordinal=3629 kind=5 ns=268152338696767 fields=513,6,15,0,0,0,0,0,0,0,16,0,0,0,0,0
event=trace_row ordinal=3630 kind=0 ns=268152338676642 fields=709,2,0,50,2,0,0,0,0,0,0,0,0,0,0,0
event=trace_row ordinal=3631 kind=1 ns=268152338676642 fields=709,2,0,1010,995,200,1000,0,1,0,0,0,0,0,0,0
event=trace_row ordinal=3632 kind=1 ns=268152338676642 fields=709,2,1,1010,995,200,1000,0,1,0,0,0,0,0,0,0
event=trace_row ordinal=3633 kind=3 ns=268152338699975 fields=709,710,1,2,268152338676642,0,0,0,0,0,0,0,0,4,1,3
event=trace_row ordinal=3634 kind=4 ns=268152340655043 fields=385,8,39,20,39,20,0,0,0,0,16,0,0,0,0,0
event=trace_row ordinal=3635 kind=4 ns=268152342405650 fields=641,5,3,0,0,0,0,0,0,0,16,0,0,0,0,0
event=trace_row ordinal=3636 kind=5 ns=268152348697568 fields=513,6,15,0,0,0,0,0,0,0,16,0,0,0,0,0
event=trace_row ordinal=3637 kind=0 ns=268152348678026 fields=710,2,0,25,1,0,0,0,0,0,0,0,0,0,0,0
event=trace_row ordinal=3638 kind=1 ns=268152348678026 fields=710,2,0,1010,995,200,1000,0,1,0,0,0,0,0,0,0
event=trace_row ordinal=3639 kind=3 ns=268152348701068 fields=710,711,1,2,268152348678026,0,0,0,0,0,0,0,0,4,1,3
event=trace_row ordinal=3640 kind=5 ns=268152358694869 fields=513,6,15,0,0,0,0,0,0,0,16,0,0,0,0,0
event=trace_row ordinal=3641 kind=0 ns=268152358675910 fields=711,2,0,25,1,0,0,0,0,0,0,0,0,0,0,0
event=trace_row ordinal=3642 kind=1 ns=268152358675910 fields=711,2,0,1010,995,200,1000,0,1,0,0,0,0,0,0,0
event=trace_row ordinal=3643 kind=3 ns=268152358698369 fields=711,712,1,2,268152358675910,0,0,0,0,0,0,0,0,4,1,3
event=trace_row ordinal=3644 kind=5 ns=268152368695961 fields=513,6,15,0,0,0,0,0,0,0,16,0,0,0,0,0
event=trace_row ordinal=3645 kind=0 ns=268152368676127 fields=712,2,0,50,2,0,0,0,0,0,0,0,0,0,0,0
event=trace_row ordinal=3646 kind=1 ns=268152368676127 fields=712,2,0,1010,995,200,1000,0,1,0,0,0,0,0,0,0
event=trace_row ordinal=3647 kind=1 ns=268152368676127 fields=712,2,1,1010,996,200,1000,0,1,0,0,0,0,0,0,0
event=trace_row ordinal=3648 kind=3 ns=268152368699169 fields=712,713,1,2,268152368676127,0,0,0,0,0,0,0,0,4,1,3
event=trace_row ordinal=3649 kind=4 ns=268152370583361 fields=1793,1,5,0,0,0,0,0,0,0,16,0,0,0,0,0
event=trace_row ordinal=3650 kind=5 ns=268152378695595 fields=513,6,15,0,0,0,0,0,0,0,16,0,0,0,0,0
event=trace_row ordinal=3651 kind=0 ns=268152378676637 fields=713,2,0,25,1,0,0,0,0,0,0,0,0,0,0,0
event=trace_row ordinal=3652 kind=1 ns=268152378676637 fields=713,2,0,1010,996,200,1000,0,1,0,0,0,0,0,0,0
event=trace_row ordinal=3653 kind=3 ns=268152378698804 fields=713,714,1,2,268152378676637,0,0,0,0,0,0,0,0,4,1,3
event=trace_row ordinal=3654 kind=5 ns=268152388698146 fields=513,6,15,0,0,0,0,0,0,0,16,0,0,0,0,0
event=trace_row ordinal=3655 kind=0 ns=268152388677146 fields=714,2,0,50,2,0,0,0,0,0,0,0,0,0,0,0
event=trace_row ordinal=3656 kind=1 ns=268152388677146 fields=714,2,0,1010,996,200,1000,0,1,0,0,0,0,0,0,0
event=trace_row ordinal=3657 kind=1 ns=268152388677146 fields=714,2,1,1010,995,200,1000,0,1,0,0,0,0,0,0,0
event=trace_row ordinal=3658 kind=3 ns=268152388701646 fields=714,715,1,2,268152388677146,0,0,0,0,0,0,0,0,4,1,3
event=trace_row ordinal=3659 kind=4 ns=268152390595463 fields=385,8,39,20,39,20,0,0,0,0,16,0,0,0,0,0
event=trace_row ordinal=3660 kind=4 ns=268152392362112 fields=641,5,3,0,0,0,0,0,0,0,16,0,0,0,0,0
event=trace_row ordinal=3661 kind=5 ns=268152398695447 fields=513,6,15,0,0,0,0,0,0,0,16,0,0,0,0,0
event=trace_row ordinal=3662 kind=0 ns=268152398675905 fields=715,2,0,25,1,0,0,0,0,0,0,0,0,0,0,0
event=trace_row ordinal=3663 kind=1 ns=268152398675905 fields=715,2,0,1010,995,200,1000,0,1,0,0,0,0,0,0,0
event=trace_row ordinal=3664 kind=3 ns=268152398698655 fields=715,716,1,2,268152398675905,0,0,0,0,0,0,0,0,4,1,3
event=trace_row ordinal=3665 kind=5 ns=268152408695665 fields=513,6,15,0,0,0,0,0,0,0,16,0,0,0,0,0
event=trace_row ordinal=3666 kind=0 ns=268152408675539 fields=716,2,0,50,2,0,0,0,0,0,0,0,0,0,0,0
event=trace_row ordinal=3667 kind=1 ns=268152408675539 fields=716,2,0,1010,995,200,1000,0,1,0,0,0,0,0,0,0
event=trace_row ordinal=3668 kind=1 ns=268152408675539 fields=716,2,1,1010,995,200,1000,0,1,0,0,0,0,0,0,0
event=trace_row ordinal=3669 kind=3 ns=268152408698873 fields=716,717,1,2,268152408675539,0,0,0,0,0,0,0,0,4,1,3
event=trace_row ordinal=3670 kind=5 ns=268152418696174 fields=513,6,15,0,0,0,0,0,0,0,16,0,0,0,0,0
event=trace_row ordinal=3671 kind=0 ns=268152418676340 fields=717,2,0,25,1,0,0,0,0,0,0,0,0,0,0,0
event=trace_row ordinal=3672 kind=1 ns=268152418676340 fields=717,2,0,1010,995,200,1000,0,1,0,0,0,0,0,0,0
event=trace_row ordinal=3673 kind=3 ns=268152418699674 fields=717,718,1,2,268152418676340,0,0,0,0,0,0,0,0,4,1,3
event=trace_row ordinal=3674 kind=5 ns=268152428694641 fields=513,6,15,0,0,0,0,0,0,0,16,0,0,0,0,0
event=trace_row ordinal=3675 kind=0 ns=268152428675974 fields=718,2,0,25,1,0,0,0,0,0,0,0,0,0,0,0
event=trace_row ordinal=3676 kind=1 ns=268152428675974 fields=718,2,0,1010,995,200,1000,0,1,0,0,0,0,0,0,0
event=trace_row ordinal=3677 kind=3 ns=268152428697850 fields=718,719,1,2,268152428675974,0,0,0,0,0,0,0,0,4,1,3
event=trace_row ordinal=3678 kind=5 ns=268152438696026 fields=513,6,15,0,0,0,0,0,0,0,16,0,0,0,0,0
event=trace_row ordinal=3679 kind=0 ns=268152438675900 fields=719,2,0,50,2,0,0,0,0,0,0,0,0,0,0,0
event=trace_row ordinal=3680 kind=1 ns=268152438675900 fields=719,2,0,1010,995,200,1000,0,1,0,0,0,0,0,0,0
event=trace_row ordinal=3681 kind=1 ns=268152438675900 fields=719,2,1,1010,995,200,1000,0,1,0,0,0,0,0,0,0
event=trace_row ordinal=3682 kind=3 ns=268152438699234 fields=719,720,1,2,268152438675900,0,0,0,0,0,0,0,0,4,1,3
event=trace_row ordinal=3683 kind=4 ns=268152440544342 fields=385,8,39,20,39,20,0,0,0,0,16,0,0,0,0,0
event=trace_row ordinal=3684 kind=4 ns=268152442365825 fields=641,5,3,0,0,0,0,0,0,0,16,0,0,0,0,0
event=trace_row ordinal=3685 kind=5 ns=268152448696243 fields=513,6,15,0,0,0,0,0,0,0,16,0,0,0,0,0
event=trace_row ordinal=3686 kind=0 ns=268152448676701 fields=720,2,0,25,1,0,0,0,0,0,0,0,0,0,0,0
event=trace_row ordinal=3687 kind=1 ns=268152448676701 fields=720,2,0,1010,995,200,1000,0,1,0,0,0,0,0,0,0
event=trace_row ordinal=3688 kind=3 ns=268152448699452 fields=720,721,1,2,268152448676701,0,0,0,0,0,0,0,0,4,1,3
event=trace_row ordinal=3689 kind=5 ns=268152458695877 fields=513,6,15,0,0,0,0,0,0,0,16,0,0,0,0,0
event=trace_row ordinal=3690 kind=0 ns=268152458675752 fields=721,2,0,50,2,0,0,0,0,0,0,0,0,0,0,0
event=trace_row ordinal=3691 kind=1 ns=268152458675752 fields=721,2,0,1010,995,200,1000,0,1,0,0,0,0,0,0,0
event=trace_row ordinal=3692 kind=1 ns=268152458675752 fields=721,2,1,1010,995,200,1000,0,1,0,0,0,0,0,0,0
event=trace_row ordinal=3693 kind=3 ns=268152458699086 fields=721,722,1,2,268152458675752,0,0,0,0,0,0,0,0,4,1,3
event=trace_row ordinal=3694 kind=5 ns=268152468703678 fields=513,6,15,0,0,0,0,0,0,0,16,0,0,0,0,0
event=trace_row ordinal=3695 kind=0 ns=268152468679178 fields=722,2,0,25,1,0,0,0,0,0,0,0,0,0,0,0
event=trace_row ordinal=3696 kind=1 ns=268152468679178 fields=722,2,0,1010,995,200,1000,0,1,0,0,0,0,0,0,0
event=trace_row ordinal=3697 kind=3 ns=268152468708053 fields=722,723,1,2,268152468679178,0,0,0,0,0,0,0,0,4,1,3
event=trace_row ordinal=3698 kind=5 ns=268152478700104 fields=513,6,15,0,0,0,0,0,0,0,16,0,0,0,0,0
event=trace_row ordinal=3699 kind=0 ns=268152478677937 fields=723,2,0,50,2,0,0,0,0,0,0,0,0,0,0,0
event=trace_row ordinal=3700 kind=1 ns=268152478677937 fields=723,2,0,1010,995,200,1000,0,1,0,0,0,0,0,0,0
event=trace_row ordinal=3701 kind=1 ns=268152478677937 fields=723,2,1,1010,995,200,1000,0,1,0,0,0,0,0,0,0
event=trace_row ordinal=3702 kind=3 ns=268152478703896 fields=723,724,1,2,268152478677937,0,0,0,0,0,0,0,0,4,1,3
event=trace_row ordinal=3703 kind=5 ns=268152488710238 fields=513,6,15,0,0,0,0,0,0,0,16,0,0,0,0,0
event=trace_row ordinal=3704 kind=0 ns=268152488682530 fields=724,2,0,25,1,0,0,0,0,0,0,0,0,0,0,0
event=trace_row ordinal=3705 kind=1 ns=268152488682530 fields=724,2,0,1010,995,200,1000,0,1,0,0,0,0,0,0,0
event=trace_row ordinal=3706 kind=3 ns=268152488714322 fields=724,725,1,2,268152488682530,0,0,0,0,0,0,0,0,4,1,3
event=trace_row ordinal=3707 kind=4 ns=268152490506346 fields=385,8,39,20,39,20,0,0,0,0,16,0,0,0,0,0
event=trace_row ordinal=3708 kind=4 ns=268152492322870 fields=641,5,3,0,0,0,0,0,0,0,16,0,0,0,0,0
event=trace_row ordinal=3709 kind=5 ns=268152498705498 fields=513,6,15,0,0,0,0,0,0,0,16,0,0,0,0,0
event=trace_row ordinal=3710 kind=0 ns=268152498682456 fields=725,2,0,25,1,0,0,0,0,0,0,0,0,0,0,0
event=trace_row ordinal=3711 kind=1 ns=268152498682456 fields=725,2,0,1010,995,200,1000,0,1,0,0,0,0,0,0,0
event=trace_row ordinal=3712 kind=3 ns=268152498709581 fields=725,726,1,2,268152498682456,0,0,0,0,0,0,0,0,4,1,3
event=trace_row ordinal=3713 kind=5 ns=268152508713590 fields=513,6,15,0,0,0,0,0,0,0,16,0,0,0,0,0
event=trace_row ordinal=3714 kind=0 ns=268152508684715 fields=726,2,0,50,2,0,0,0,0,0,0,0,0,0,0,0
event=trace_row ordinal=3715 kind=1 ns=268152508684715 fields=726,2,0,1010,995,200,1000,0,1,0,0,0,0,0,0,0
event=trace_row ordinal=3716 kind=1 ns=268152508684715 fields=726,2,1,1010,995,200,1000,0,1,0,0,0,0,0,0,0
event=trace_row ordinal=3717 kind=3 ns=268152508717382 fields=726,727,1,2,268152508684715,0,0,0,0,0,0,0,0,4,1,3
event=trace_row ordinal=3718 kind=5 ns=268152518722850 fields=513,6,15,0,0,0,0,0,0,0,16,0,0,0,0,0
event=trace_row ordinal=3719 kind=0 ns=268152518688433 fields=727,2,0,25,1,0,0,0,0,0,0,0,0,0,0,0
event=trace_row ordinal=3720 kind=1 ns=268152518688433 fields=727,2,0,1010,995,200,1000,0,1,0,0,0,0,0,0,0
event=trace_row ordinal=3721 kind=3 ns=268152518728391 fields=727,728,1,2,268152518688433,0,0,0,0,0,0,0,0,4,1,3
event=trace_row ordinal=3722 kind=5 ns=268152528713150 fields=513,6,15,0,0,0,0,0,0,0,16,0,0,0,0,0
event=trace_row ordinal=3723 kind=0 ns=268152528684567 fields=728,2,0,50,2,0,0,0,0,0,0,0,0,0,0,0
event=trace_row ordinal=3724 kind=1 ns=268152528684567 fields=728,2,0,1010,995,200,1000,0,1,0,0,0,0,0,0,0
event=trace_row ordinal=3725 kind=1 ns=268152528684567 fields=728,2,1,1010,995,200,1000,0,1,0,0,0,0,0,0,0
event=trace_row ordinal=3726 kind=3 ns=268152528717817 fields=728,729,1,2,268152528684567,0,0,0,0,0,0,0,0,4,1,3
event=trace_row ordinal=3727 kind=5 ns=268152538703451 fields=513,6,15,0,0,0,0,0,0,0,16,0,0,0,0,0
event=trace_row ordinal=3728 kind=0 ns=268152538680409 fields=729,2,0,25,1,0,0,0,0,0,0,0,0,0,0,0
event=trace_row ordinal=3729 kind=1 ns=268152538680409 fields=729,2,0,1010,995,200,1000,0,1,0,0,0,0,0,0,0
event=trace_row ordinal=3730 kind=3 ns=268152538707535 fields=729,730,1,2,268152538680409,0,0,0,0,0,0,0,0,4,1,3
event=trace_row ordinal=3731 kind=4 ns=268152540453475 fields=385,8,39,20,39,20,0,0,0,0,16,0,0,0,0,0
event=trace_row ordinal=3732 kind=4 ns=268152542271457 fields=641,5,3,0,0,0,0,0,0,0,16,0,0,0,0,0
event=trace_row ordinal=3733 kind=5 ns=268152548740711 fields=513,6,15,0,0,0,0,0,0,0,16,0,0,0,0,0
event=trace_row ordinal=3734 kind=0 ns=268152548693460 fields=730,2,0,50,2,0,0,0,0,0,0,0,0,0,0,0
event=trace_row ordinal=3735 kind=1 ns=268152548693460 fields=730,2,0,1010,995,200,1000,0,1,0,0,0,0,0,0,0
event=trace_row ordinal=3736 kind=1 ns=268152548693460 fields=730,2,1,1010,995,200,1000,0,1,0,0,0,0,0,0,0
event=trace_row ordinal=3737 kind=3 ns=268152548746253 fields=730,731,1,2,268152548693460,0,0,0,0,0,0,0,0,4,1,3
event=trace_row ordinal=3738 kind=5 ns=268152558705928 fields=513,6,15,0,0,0,0,0,0,0,16,0,0,0,0,0
event=trace_row ordinal=3739 kind=0 ns=268152558681428 fields=731,2,0,25,1,0,0,0,0,0,0,0,0,0,0,0
event=trace_row ordinal=3740 kind=1 ns=268152558681428 fields=731,2,0,1010,995,200,1000,0,1,0,0,0,0,0,0,0
event=trace_row ordinal=3741 kind=3 ns=268152558710011 fields=731,732,1,2,268152558681428,0,0,0,0,0,0,0,0,4,1,3
event=trace_row ordinal=3742 kind=5 ns=268152568721021 fields=513,6,15,0,0,0,0,0,0,0,16,0,0,0,0,0
event=trace_row ordinal=3743 kind=0 ns=268152568686604 fields=732,2,0,25,1,0,0,0,0,0,0,0,0,0,0,0
event=trace_row ordinal=3744 kind=1 ns=268152568686604 fields=732,2,0,1010,995,200,1000,0,1,0,0,0,0,0,0,0
event=trace_row ordinal=3745 kind=3 ns=268152568725104 fields=732,733,1,2,268152568686604,0,0,0,0,0,0,0,0,4,1,3
event=trace_row ordinal=3746 kind=5 ns=268152578710155 fields=513,6,15,0,0,0,0,0,0,0,16,0,0,0,0,0
event=trace_row ordinal=3747 kind=0 ns=268152578683321 fields=733,2,0,50,2,0,0,0,0,0,0,0,0,0,0,0
event=trace_row ordinal=3748 kind=1 ns=268152578683321 fields=733,2,0,1010,995,200,1000,0,1,0,0,0,0,0,0,0
event=trace_row ordinal=3749 kind=1 ns=268152578683321 fields=733,2,1,1010,995,200,1000,0,1,0,0,0,0,0,0,0
event=trace_row ordinal=3750 kind=3 ns=268152578713655 fields=733,734,1,2,268152578683321,0,0,0,0,0,0,0,0,4,1,3
event=trace_row ordinal=3751 kind=5 ns=268152588712706 fields=513,6,15,0,0,0,0,0,0,0,16,0,0,0,0,0
event=trace_row ordinal=3752 kind=0 ns=268152588684122 fields=734,2,0,25,1,0,0,0,0,0,0,0,0,0,0,0
event=trace_row ordinal=3753 kind=1 ns=268152588684122 fields=734,2,0,1010,995,200,1000,0,1,0,0,0,0,0,0,0
event=trace_row ordinal=3754 kind=3 ns=268152588715914 fields=734,735,1,2,268152588684122,0,0,0,0,0,0,0,0,4,1,3
event=trace_row ordinal=3755 kind=4 ns=268152590411978 fields=385,8,39,20,39,20,0,0,0,0,16,0,0,0,0,0
event=trace_row ordinal=3756 kind=4 ns=268152592287712 fields=641,5,3,0,0,0,0,0,0,0,16,0,0,0,0,0
event=trace_row ordinal=3757 kind=5 ns=268152598722548 fields=513,6,15,0,0,0,0,0,0,0,16,0,0,0,0,0
event=trace_row ordinal=3758 kind=0 ns=268152598685214 fields=735,2,0,50,2,0,0,0,0,0,0,0,0,0,0,0
event=trace_row ordinal=3759 kind=1 ns=268152598685214 fields=735,2,0,1010,995,200,1000,0,1,0,0,0,0,0,0,0
event=trace_row ordinal=3760 kind=1 ns=268152598685214 fields=735,2,1,1010,995,200,1000,0,1,0,0,0,0,0,0,0
event=trace_row ordinal=3761 kind=3 ns=268152598728382 fields=735,736,1,2,268152598685214,0,0,0,0,0,0,0,0,4,1,3
event=trace_row ordinal=3762 kind=5 ns=268152608698849 fields=513,6,15,0,0,0,0,0,0,0,16,0,0,0,0,0
event=trace_row ordinal=3763 kind=0 ns=268152608678432 fields=736,2,0,25,1,0,0,0,0,0,0,0,0,0,0,0
event=trace_row ordinal=3764 kind=1 ns=268152608678432 fields=736,2,0,1010,995,200,1000,0,1,0,0,0,0,0,0,0
event=trace_row ordinal=3765 kind=3 ns=268152608702057 fields=736,737,1,2,268152608678432,0,0,0,0,0,0,0,0,4,1,3
event=trace_row ordinal=3766 kind=5 ns=268152618702566 fields=513,6,15,0,0,0,0,0,0,0,16,0,0,0,0,0
event=trace_row ordinal=3767 kind=0 ns=268152618678941 fields=737,2,0,50,2,0,0,0,0,0,0,0,0,0,0,0
event=trace_row ordinal=3768 kind=1 ns=268152618678941 fields=737,2,0,1010,995,200,1000,0,1,0,0,0,0,0,0,0
event=trace_row ordinal=3769 kind=1 ns=268152618678941 fields=737,2,1,1010,995,200,1000,0,1,0,0,0,0,0,0,0
event=trace_row ordinal=3770 kind=3 ns=268152618706067 fields=737,738,1,2,268152618678941,0,0,0,0,0,0,0,0,4,1,3
event=trace_row ordinal=3771 kind=4 ns=268152620089460 fields=1793,1,5,0,0,0,0,0,0,0,16,0,0,0,0,0
event=trace_row ordinal=3772 kind=5 ns=268152628740993 fields=513,6,15,0,0,0,0,0,0,0,16,0,0,0,0,0
event=trace_row ordinal=3773 kind=0 ns=268152628693742 fields=738,2,0,25,1,0,0,0,0,0,0,0,0,0,0,0
event=trace_row ordinal=3774 kind=1 ns=268152628693742 fields=738,2,0,1010,995,200,1000,0,1,0,0,0,0,0,0,0
event=trace_row ordinal=3775 kind=3 ns=268152628747118 fields=738,739,1,2,268152628693742,0,0,0,0,0,0,0,0,4,1,3
event=trace_row ordinal=3776 kind=5 ns=268152638712627 fields=513,6,15,0,0,0,0,0,0,0,16,0,0,0,0,0
event=trace_row ordinal=3777 kind=0 ns=268152638684918 fields=739,2,0,25,1,0,0,0,0,0,0,0,0,0,0,0
event=trace_row ordinal=3778 kind=1 ns=268152638684918 fields=739,2,0,1010,995,200,1000,0,1,0,0,0,0,0,0,0
event=trace_row ordinal=3779 kind=3 ns=268152638716127 fields=739,740,1,2,268152638684918,0,0,0,0,0,0,0,0,4,1,3
event=trace_row ordinal=3780 kind=4 ns=268152640348024 fields=385,8,39,20,39,20,0,0,0,0,16,0,0,0,0,0
event=trace_row ordinal=3781 kind=4 ns=268152642287341 fields=641,5,3,0,0,0,0,0,0,0,16,0,0,0,0,0
event=trace_row ordinal=3782 kind=5 ns=268152648707303 fields=513,6,15,0,0,0,0,0,0,0,16,0,0,0,0,0
event=trace_row ordinal=3783 kind=0 ns=268152648683386 fields=740,2,0,50,2,0,0,0,0,0,0,0,0,0,0,0
event=trace_row ordinal=3784 kind=1 ns=268152648683386 fields=740,2,0,1010,995,200,1000,0,1,0,0,0,0,0,0,0
event=trace_row ordinal=3785 kind=1 ns=268152648683386 fields=740,2,1,1010,995,200,1000,0,1,0,0,0,0,0,0,0
event=trace_row ordinal=3786 kind=3 ns=268152648711678 fields=740,741,1,2,268152648683386,0,0,0,0,0,0,0,0,4,1,3
event=trace_row ordinal=3787 kind=5 ns=268152658705770 fields=513,6,15,0,0,0,0,0,0,0,16,0,0,0,0,0
event=trace_row ordinal=3788 kind=0 ns=268152658681561 fields=741,2,0,25,1,0,0,0,0,0,0,0,0,0,0,0
event=trace_row ordinal=3789 kind=1 ns=268152658681561 fields=741,2,0,1010,995,200,1000,0,1,0,0,0,0,0,0,0
event=trace_row ordinal=3790 kind=3 ns=268152658708978 fields=741,742,1,2,268152658681561,0,0,0,0,0,0,0,0,4,1,3
event=trace_row ordinal=3791 kind=5 ns=268152668701613 fields=513,6,15,0,0,0,0,0,0,0,16,0,0,0,0,0
event=trace_row ordinal=3792 kind=0 ns=268152668678279 fields=742,2,0,50,2,0,0,0,0,0,0,0,0,0,0,0
event=trace_row ordinal=3793 kind=1 ns=268152668678279 fields=742,2,0,1010,995,200,1000,0,1,0,0,0,0,0,0,0
event=trace_row ordinal=3794 kind=1 ns=268152668678279 fields=742,2,1,1010,995,200,1000,0,1,0,0,0,0,0,0,0
event=trace_row ordinal=3795 kind=3 ns=268152668704529 fields=742,743,1,2,268152668678279,0,0,0,0,0,0,0,0,4,1,3
event=trace_row ordinal=3796 kind=5 ns=268152678701538 fields=513,6,15,0,0,0,0,0,0,0,16,0,0,0,0,0
event=trace_row ordinal=3797 kind=0 ns=268152678679080 fields=743,2,0,25,1,0,0,0,0,0,0,0,0,0,0,0
event=trace_row ordinal=3798 kind=1 ns=268152678679080 fields=743,2,0,1010,995,200,1000,0,1,0,0,0,0,0,0,0
event=trace_row ordinal=3799 kind=3 ns=268152678704747 fields=743,744,1,2,268152678679080,0,0,0,0,0,0,0,0,4,1,3
event=trace_row ordinal=3800 kind=5 ns=268152688696214 fields=513,6,15,0,0,0,0,0,0,0,16,0,0,0,0,0
event=trace_row ordinal=3801 kind=0 ns=268152688675506 fields=744,2,0,50,2,0,0,0,0,0,0,0,0,0,0,0
event=trace_row ordinal=3802 kind=1 ns=268152688675506 fields=744,2,0,1010,995,200,1000,0,1,0,0,0,0,0,0,0
event=trace_row ordinal=3803 kind=1 ns=268152688675506 fields=744,2,1,1010,995,200,1000,0,1,0,0,0,0,0,0,0
event=trace_row ordinal=3804 kind=3 ns=268152688699423 fields=744,745,1,2,268152688675506,0,0,0,0,0,0,0,0,4,1,3
event=trace_row ordinal=3805 kind=4 ns=268152690299527 fields=385,8,39,20,39,20,0,0,0,0,16,0,0,0,0,0
event=trace_row ordinal=3806 kind=4 ns=268152692248179 fields=641,5,3,0,0,0,0,0,0,0,16,0,0,0,0,0
event=trace_row ordinal=3807 kind=5 ns=268152698698182 fields=513,6,15,0,0,0,0,0,0,0,16,0,0,0,0,0
event=trace_row ordinal=3808 kind=0 ns=268152698677765 fields=745,2,0,25,1,0,0,0,0,0,0,0,0,0,0,0
event=trace_row ordinal=3809 kind=1 ns=268152698677765 fields=745,2,0,1010,995,200,1000,0,1,0,0,0,0,0,0,0
event=trace_row ordinal=3810 kind=3 ns=268152698701974 fields=745,746,1,2,268152698677765,0,0,0,0,0,0,0,0,4,1,3
event=trace_row ordinal=3811 kind=5 ns=268152708694608 fields=513,6,15,0,0,0,0,0,0,0,16,0,0,0,0,0
event=trace_row ordinal=3812 kind=0 ns=268152708675941 fields=746,2,0,25,1,0,0,0,0,0,0,0,0,0,0,0
event=trace_row ordinal=3813 kind=1 ns=268152708675941 fields=746,2,0,1010,995,200,1000,0,1,0,0,0,0,0,0,0
event=trace_row ordinal=3814 kind=3 ns=268152708698399 fields=746,747,1,2,268152708675941,0,0,0,0,0,0,0,0,4,1,3
event=trace_row ordinal=3815 kind=5 ns=268152718695992 fields=513,6,15,0,0,0,0,0,0,0,16,0,0,0,0,0
event=trace_row ordinal=3816 kind=0 ns=268152718675575 fields=747,2,0,50,2,0,0,0,0,0,0,0,0,0,0,0
event=trace_row ordinal=3817 kind=1 ns=268152718675575 fields=747,2,0,1010,995,200,1000,0,1,0,0,0,0,0,0,0
event=trace_row ordinal=3818 kind=1 ns=268152718675575 fields=747,2,1,1010,995,200,1000,0,1,0,0,0,0,0,0,0
event=trace_row ordinal=3819 kind=3 ns=268152718699492 fields=747,748,1,2,268152718675575,0,0,0,0,0,0,0,0,4,1,3
event=trace_row ordinal=3820 kind=5 ns=268152728693876 fields=513,6,15,0,0,0,0,0,0,0,16,0,0,0,0,0
event=trace_row ordinal=3821 kind=0 ns=268152728675501 fields=748,2,0,25,1,0,0,0,0,0,0,0,0,0,0,0
event=trace_row ordinal=3822 kind=1 ns=268152728675501 fields=748,2,0,1010,995,200,1000,0,1,0,0,0,0,0,0,0
event=trace_row ordinal=3823 kind=3 ns=268152728697084 fields=748,749,1,2,268152728675501,0,0,0,0,0,0,0,0,4,1,3
event=trace_row ordinal=3824 kind=5 ns=268152738699052 fields=513,6,15,0,0,0,0,0,0,0,16,0,0,0,0,0
event=trace_row ordinal=3825 kind=0 ns=268152738677760 fields=749,2,0,50,2,0,0,0,0,0,0,0,0,0,0,0
event=trace_row ordinal=3826 kind=1 ns=268152738677760 fields=749,2,0,1010,995,200,1000,0,1,0,0,0,0,0,0,0
event=trace_row ordinal=3827 kind=1 ns=268152738677760 fields=749,2,1,1010,995,200,1000,0,1,0,0,0,0,0,0,0
event=trace_row ordinal=3828 kind=3 ns=268152738702552 fields=749,750,1,2,268152738677760,0,0,0,0,0,0,0,0,4,1,3
event=trace_row ordinal=3829 kind=4 ns=268152740246656 fields=385,8,39,20,39,20,0,0,0,0,16,0,0,0,0,0
event=trace_row ordinal=3830 kind=4 ns=268152742249558 fields=641,5,3,0,0,0,0,0,0,0,16,0,0,0,0,0
event=trace_row ordinal=3831 kind=5 ns=268152748697520 fields=513,6,15,0,0,0,0,0,0,0,16,0,0,0,0,0
event=trace_row ordinal=3832 kind=0 ns=268152748677103 fields=750,2,0,25,1,0,0,0,0,0,0,0,0,0,0,0
event=trace_row ordinal=3833 kind=1 ns=268152748677103 fields=750,2,0,1010,995,200,1000,0,1,0,0,0,0,0,0,0
event=trace_row ordinal=3834 kind=3 ns=268152748701020 fields=750,751,1,2,268152748677103,0,0,0,0,0,0,0,0,4,1,3
event=trace_row ordinal=3835 kind=5 ns=268152758696279 fields=513,6,15,0,0,0,0,0,0,0,16,0,0,0,0,0
event=trace_row ordinal=3836 kind=0 ns=268152758676153 fields=751,2,0,50,2,0,0,0,0,0,0,0,0,0,0,0
event=trace_row ordinal=3837 kind=1 ns=268152758676153 fields=751,2,0,1010,995,200,1000,0,1,0,0,0,0,0,0,0
event=trace_row ordinal=3838 kind=1 ns=268152758676153 fields=751,2,1,1010,995,200,1000,0,1,0,0,0,0,0,0,0
event=trace_row ordinal=3839 kind=3 ns=268152758699487 fields=751,752,1,2,268152758676153,0,0,0,0,0,0,0,0,4,1,3
event=trace_row ordinal=3840 kind=5 ns=268152768694163 fields=513,6,15,0,0,0,0,0,0,0,16,0,0,0,0,0
event=trace_row ordinal=3841 kind=0 ns=268152768675788 fields=752,2,0,25,1,0,0,0,0,0,0,0,0,0,0,0
event=trace_row ordinal=3842 kind=1 ns=268152768675788 fields=752,2,0,1010,995,200,1000,0,1,0,0,0,0,0,0,0
event=trace_row ordinal=3843 kind=3 ns=268152768697663 fields=752,753,1,2,268152768675788,0,0,0,0,0,0,0,0,4,1,3
event=trace_row ordinal=3844 kind=5 ns=268152778694089 fields=513,6,15,0,0,0,0,0,0,0,16,0,0,0,0,0
event=trace_row ordinal=3845 kind=0 ns=268152778676005 fields=753,2,0,25,1,0,0,0,0,0,0,0,0,0,0,0
event=trace_row ordinal=3846 kind=1 ns=268152778676005 fields=753,2,0,1010,995,200,1000,0,1,0,0,0,0,0,0,0
event=trace_row ordinal=3847 kind=3 ns=268152778697297 fields=753,754,1,2,268152778676005,0,0,0,0,0,0,0,0,4,1,3
event=trace_row ordinal=3848 kind=5 ns=268152788695473 fields=513,6,15,0,0,0,0,0,0,0,16,0,0,0,0,0
event=trace_row ordinal=3849 kind=0 ns=268152788675639 fields=754,2,0,50,2,0,0,0,0,0,0,0,0,0,0,0
event=trace_row ordinal=3850 kind=1 ns=268152788675639 fields=754,2,0,1010,995,200,1000,0,1,0,0,0,0,0,0,0
event=trace_row ordinal=3851 kind=1 ns=268152788675639 fields=754,2,1,1010,995,200,1000,0,1,0,0,0,0,0,0,0
event=trace_row ordinal=3852 kind=3 ns=268152788698681 fields=754,755,1,2,268152788675639,0,0,0,0,0,0,0,0,4,1,3
event=trace_row ordinal=3853 kind=4 ns=268152790258244 fields=385,8,39,20,39,20,0,0,0,0,16,0,0,0,0,0
event=trace_row ordinal=3854 kind=4 ns=268152792201645 fields=641,5,3,0,0,0,0,0,0,0,16,0,0,0,0,0
event=trace_row ordinal=3855 kind=5 ns=268152798694524 fields=513,6,15,0,0,0,0,0,0,0,16,0,0,0,0,0
event=trace_row ordinal=3856 kind=0 ns=268152798675565 fields=755,2,0,25,1,0,0,0,0,0,0,0,0,0,0,0
event=trace_row ordinal=3857 kind=1 ns=268152798675565 fields=755,2,0,1010,995,200,1000,0,1,0,0,0,0,0,0,0
event=trace_row ordinal=3858 kind=3 ns=268152798697732 fields=755,756,1,2,268152798675565,0,0,0,0,0,0,0,0,4,1,3
event=trace_row ordinal=3859 kind=5 ns=268152808697658 fields=513,6,15,0,0,0,0,0,0,0,16,0,0,0,0,0
event=trace_row ordinal=3860 kind=0 ns=268152808676658 fields=756,2,0,50,2,0,0,0,0,0,0,0,0,0,0,0
event=trace_row ordinal=3861 kind=1 ns=268152808676658 fields=756,2,0,1010,995,200,1000,0,1,0,0,0,0,0,0,0
event=trace_row ordinal=3862 kind=1 ns=268152808676658 fields=756,2,1,1010,995,200,1000,0,1,0,0,0,0,0,0,0
event=trace_row ordinal=3863 kind=3 ns=268152808701450 fields=756,757,1,2,268152808676658,0,0,0,0,0,0,0,0,4,1,3
event=trace_row ordinal=3864 kind=5 ns=268152818693792 fields=513,6,15,0,0,0,0,0,0,0,16,0,0,0,0,0
event=trace_row ordinal=3865 kind=0 ns=268152818675125 fields=757,2,0,25,1,0,0,0,0,0,0,0,0,0,0,0
event=trace_row ordinal=3866 kind=1 ns=268152818675125 fields=757,2,0,1010,995,200,1000,0,1,0,0,0,0,0,0,0
event=trace_row ordinal=3867 kind=3 ns=268152818697292 fields=757,758,1,2,268152818675125,0,0,0,0,0,0,0,0,4,1,3
event=trace_row ordinal=3868 kind=5 ns=268152828711510 fields=513,6,15,0,0,0,0,0,0,0,16,0,0,0,0,0
event=trace_row ordinal=3869 kind=0 ns=268152828682635 fields=758,2,0,50,2,0,0,0,0,0,0,0,0,0,0,0
event=trace_row ordinal=3870 kind=1 ns=268152828682635 fields=758,2,0,1010,995,200,1000,0,1,0,0,0,0,0,0,0
event=trace_row ordinal=3871 kind=1 ns=268152828682635 fields=758,2,1,1010,995,200,1000,0,1,0,0,0,0,0,0,0
event=trace_row ordinal=3872 kind=3 ns=268152828715302 fields=758,759,1,2,268152828682635,0,0,0,0,0,0,0,0,4,1,3
event=trace_row ordinal=3873 kind=5 ns=268152838699186 fields=513,6,15,0,0,0,0,0,0,0,16,0,0,0,0,0
event=trace_row ordinal=3874 kind=0 ns=268152838677894 fields=759,2,0,25,1,0,0,0,0,0,0,0,0,0,0,0
event=trace_row ordinal=3875 kind=1 ns=268152838677894 fields=759,2,0,1010,995,200,1000,0,1,0,0,0,0,0,0,0
event=trace_row ordinal=3876 kind=3 ns=268152838702394 fields=759,760,1,2,268152838677894,0,0,0,0,0,0,0,0,4,1,3
event=trace_row ordinal=3877 kind=4 ns=268152840211789 fields=385,8,39,20,39,20,0,0,0,0,16,0,0,0,0,0
event=trace_row ordinal=3878 kind=4 ns=268152842147607 fields=641,5,3,0,0,0,0,0,0,0,16,0,0,0,0,0
event=trace_row ordinal=3879 kind=5 ns=268152848697362 fields=513,6,15,0,0,0,0,0,0,0,16,0,0,0,0,0
event=trace_row ordinal=3880 kind=0 ns=268152848677236 fields=760,2,0,25,1,0,0,0,0,0,0,0,0,0,0,0
event=trace_row ordinal=3881 kind=1 ns=268152848677236 fields=760,2,0,1010,995,200,1000,0,1,0,0,0,0,0,0,0
event=trace_row ordinal=3882 kind=3 ns=268152848700862 fields=760,761,1,2,268152848677236,0,0,0,0,0,0,0,0,4,1,3
event=trace_row ordinal=3883 kind=5 ns=268152858696704 fields=513,6,15,0,0,0,0,0,0,0,16,0,0,0,0,0
event=trace_row ordinal=3884 kind=0 ns=268152858676579 fields=761,2,0,50,2,0,0,0,0,0,0,0,0,0,0,0
event=trace_row ordinal=3885 kind=1 ns=268152858676579 fields=761,2,0,1010,995,200,1000,0,1,0,0,0,0,0,0,0
event=trace_row ordinal=3886 kind=1 ns=268152858676579 fields=761,2,1,1010,995,200,1000,0,1,0,0,0,0,0,0,0
event=trace_row ordinal=3887 kind=3 ns=268152858699913 fields=761,762,1,2,268152858676579,0,0,0,0,0,0,0,0,4,1,3
event=trace_row ordinal=3888 kind=5 ns=268152868694005 fields=513,6,15,0,0,0,0,0,0,0,16,0,0,0,0,0
event=trace_row ordinal=3889 kind=0 ns=268152868675630 fields=762,2,0,25,1,0,0,0,0,0,0,0,0,0,0,0
event=trace_row ordinal=3890 kind=1 ns=268152868675630 fields=762,2,0,1010,995,200,1000,0,1,0,0,0,0,0,0,0
event=trace_row ordinal=3891 kind=3 ns=268152868696922 fields=762,763,1,2,268152868675630,0,0,0,0,0,0,0,0,4,1,3
event=trace_row ordinal=3892 kind=4 ns=268152869583600 fields=1793,1,5,0,0,0,0,0,0,0,16,0,0,0,0,0
event=trace_row ordinal=3893 kind=5 ns=268152878696848 fields=513,6,15,0,0,0,0,0,0,0,16,0,0,0,0,0
event=trace_row ordinal=3894 kind=0 ns=268152878676139 fields=763,2,0,50,2,0,0,0,0,0,0,0,0,0,0,0
event=trace_row ordinal=3895 kind=1 ns=268152878676139 fields=763,2,0,1010,995,200,1000,0,1,0,0,0,0,0,0,0
event=trace_row ordinal=3896 kind=1 ns=268152878676139 fields=763,2,1,1010,995,200,1000,0,1,0,0,0,0,0,0,0
event=trace_row ordinal=3897 kind=3 ns=268152878700348 fields=763,764,1,2,268152878676139,0,0,0,0,0,0,0,0,4,1,3
event=trace_row ordinal=3898 kind=5 ns=268152888693857 fields=513,6,15,0,0,0,0,0,0,0,16,0,0,0,0,0
event=trace_row ordinal=3899 kind=0 ns=268152888675773 fields=764,2,0,25,1,0,0,0,0,0,0,0,0,0,0,0
event=trace_row ordinal=3900 kind=1 ns=268152888675773 fields=764,2,0,1010,995,200,1000,0,1,0,0,0,0,0,0,0
event=trace_row ordinal=3901 kind=3 ns=268152888696773 fields=764,765,1,2,268152888675773,0,0,0,0,0,0,0,0,4,1,3
event=trace_row ordinal=3902 kind=4 ns=268152890153668 fields=385,8,39,20,39,20,0,0,0,0,16,0,0,0,0,0
event=trace_row ordinal=3903 kind=4 ns=268152892041360 fields=641,5,3,0,0,0,0,0,0,0,16,0,0,0,0,0
event=trace_row ordinal=3904 kind=5 ns=268152898697283 fields=513,6,15,0,0,0,0,0,0,0,16,0,0,0,0,0
event=trace_row ordinal=3905 kind=0 ns=268152898676574 fields=765,2,0,50,2,0,0,0,0,0,0,0,0,0,0,0
event=trace_row ordinal=3906 kind=1 ns=268152898676574 fields=765,2,0,1010,995,200,1000,0,1,0,0,0,0,0,0,0
event=trace_row ordinal=3907 kind=1 ns=268152898676574 fields=765,2,1,1010,995,200,1000,0,1,0,0,0,0,0,0,0
event=trace_row ordinal=3908 kind=3 ns=268152898700491 fields=765,766,1,2,268152898676574,0,0,0,0,0,0,0,0,4,1,3
event=trace_row ordinal=3909 kind=5 ns=268152908696042 fields=513,6,15,0,0,0,0,0,0,0,16,0,0,0,0,0
event=trace_row ordinal=3910 kind=0 ns=268152908676500 fields=766,2,0,26,1,0,0,0,0,0,0,0,0,0,0,0
event=trace_row ordinal=3911 kind=1 ns=268152908676500 fields=766,2,0,1010,995,200,1000,0,1,0,0,0,0,0,0,0
event=trace_row ordinal=3912 kind=3 ns=268152908699250 fields=766,767,1,2,268152908676500,0,0,0,0,0,0,0,0,4,1,3
event=trace_row ordinal=3913 kind=5 ns=268152918694218 fields=513,6,15,0,0,0,0,0,0,0,16,0,0,0,0,0
event=trace_row ordinal=3914 kind=0 ns=268152918675842 fields=767,2,0,26,1,0,0,0,0,0,0,0,0,0,0,0
event=trace_row ordinal=3915 kind=1 ns=268152918675842 fields=767,2,0,1010,995,200,1000,0,1,0,0,0,0,0,0,0
event=trace_row ordinal=3916 kind=3 ns=268152918697134 fields=767,768,1,2,268152918675842,0,0,0,0,0,0,0,0,4,1,3
event=trace_row ordinal=3917 kind=5 ns=268152928696477 fields=513,6,15,0,0,0,0,0,0,0,16,0,0,0,0,0
event=trace_row ordinal=3918 kind=0 ns=268152928675768 fields=768,2,0,52,2,0,0,0,0,0,0,0,0,0,0,0
event=trace_row ordinal=3919 kind=1 ns=268152928675768 fields=768,2,0,1010,995,200,1000,0,1,0,0,0,0,0,0,0
event=trace_row ordinal=3920 kind=1 ns=268152928675768 fields=768,2,1,1010,995,200,1000,0,1,0,0,0,0,0,0,0
event=trace_row ordinal=3921 kind=3 ns=268152928699685 fields=768,769,1,2,268152928675768,0,0,0,0,0,0,0,0,4,1,3
event=trace_row ordinal=3922 kind=5 ns=268152938693486 fields=513,6,15,0,0,0,0,0,0,0,16,0,0,0,0,0
event=trace_row ordinal=3923 kind=0 ns=268152938675694 fields=769,2,0,26,1,0,0,0,0,0,0,0,0,0,0,0
event=trace_row ordinal=3924 kind=1 ns=268152938675694 fields=769,2,0,1010,995,200,1000,0,1,0,0,0,0,0,0,0
event=trace_row ordinal=3925 kind=3 ns=268152938696695 fields=769,770,1,2,268152938675694,0,0,0,0,0,0,0,0,4,1,3
event=trace_row ordinal=3926 kind=4 ns=268152940104297 fields=385,8,39,20,39,20,0,0,0,0,16,0,0,0,0,0
event=trace_row ordinal=3927 kind=4 ns=268152942046531 fields=641,5,3,0,0,0,0,0,0,0,16,0,0,0,0,0
event=trace_row ordinal=3928 kind=5 ns=268152948698954 fields=513,6,15,0,0,0,0,0,0,0,16,0,0,0,0,0
event=trace_row ordinal=3929 kind=0 ns=268152948677078 fields=770,2,0,52,2,0,0,0,0,0,0,0,0,0,0,0
event=trace_row ordinal=3930 kind=1 ns=268152948677078 fields=770,2,0,1010,995,200,1000,0,1,0,0,0,0,0,0,0
event=trace_row ordinal=3931 kind=1 ns=268152948677078 fields=770,2,1,1010,995,200,1000,0,1,0,0,0,0,0,0,0
event=trace_row ordinal=3932 kind=3 ns=268152948702745 fields=770,771,1,2,268152948677078,0,0,0,0,0,0,0,0,4,1,3
event=trace_row ordinal=3933 kind=5 ns=268152958696255 fields=513,6,15,0,0,0,0,0,0,0,16,0,0,0,0,0
event=trace_row ordinal=3934 kind=0 ns=268152958677004 fields=771,2,0,26,1,0,0,0,0,0,0,0,0,0,0,0
event=trace_row ordinal=3935 kind=1 ns=268152958677004 fields=771,2,0,1010,995,200,1000,0,1,0,0,0,0,0,0,0
event=trace_row ordinal=3936 kind=3 ns=268152958699171 fields=771,772,1,2,268152958677004,0,0,0,0,0,0,0,0,4,1,3
event=trace_row ordinal=3937 kind=5 ns=268152968702014 fields=513,6,15,0,0,0,0,0,0,0,16,0,0,0,0,0
event=trace_row ordinal=3938 kind=0 ns=268152968678680 fields=772,2,0,52,2,0,0,0,0,0,0,0,0,0,0,0
event=trace_row ordinal=3939 kind=1 ns=268152968678680 fields=772,2,0,1010,995,200,1000,0,1,0,0,0,0,0,0,0
event=trace_row ordinal=3940 kind=1 ns=268152968678680 fields=772,2,1,1010,995,200,1000,0,1,0,0,0,0,0,0,0
event=trace_row ordinal=3941 kind=3 ns=268152968705805 fields=772,773,1,2,268152968678680,0,0,0,0,0,0,0,0,4,1,3
event=trace_row ordinal=3942 kind=5 ns=268152978695814 fields=513,6,15,0,0,0,0,0,0,0,16,0,0,0,0,0
event=trace_row ordinal=3943 kind=0 ns=268152978677147 fields=773,2,0,26,1,0,0,0,0,0,0,0,0,0,0,0
event=trace_row ordinal=3944 kind=1 ns=268152978677147 fields=773,2,0,1010,995,200,1000,0,1,0,0,0,0,0,0,0
event=trace_row ordinal=3945 kind=3 ns=268152978699314 fields=773,774,1,2,268152978677147,0,0,0,0,0,0,0,0,4,1,3
event=trace_row ordinal=3946 kind=5 ns=268152988705365 fields=513,6,15,0,0,0,0,0,0,0,16,0,0,0,0,0
event=trace_row ordinal=3947 kind=0 ns=268152988679990 fields=774,2,0,26,1,0,0,0,0,0,0,0,0,0,0,0
event=trace_row ordinal=3948 kind=1 ns=268152988679990 fields=774,2,0,1010,995,200,1000,0,1,0,0,0,0,0,0,0
event=trace_row ordinal=3949 kind=3 ns=268152988708865 fields=774,775,1,2,268152988679990,0,0,0,0,0,0,0,0,4,1,3
event=trace_row ordinal=3950 kind=4 ns=268152990065133 fields=385,8,39,20,39,20,0,0,0,0,16,0,0,0,0,0
event=trace_row ordinal=3951 kind=4 ns=268152991999201 fields=641,5,3,0,0,0,0,0,0,0,16,0,0,0,0,0
event=trace_row ordinal=3952 kind=5 ns=268152998704708 fields=513,6,15,0,0,0,0,0,0,0,16,0,0,0,0,0
event=trace_row ordinal=3953 kind=0 ns=268152998680499 fields=775,2,0,52,2,0,0,0,0,0,0,0,0,0,0,0
event=trace_row ordinal=3954 kind=1 ns=268152998680499 fields=775,2,0,1010,995,200,1000,0,1,0,0,0,0,0,0,0
event=trace_row ordinal=3955 kind=1 ns=268152998680499 fields=775,2,1,1010,995,200,1000,0,1,0,0,0,0,0,0,0
event=trace_row ordinal=3956 kind=3 ns=268152998708499 fields=775,776,1,2,268152998680499,0,0,0,0,0,0,0,0,4,1,3
event=trace_row ordinal=3957 kind=5 ns=268153008700842 fields=513,6,15,0,0,0,0,0,0,0,16,0,0,0,0,0
event=trace_row ordinal=3958 kind=0 ns=268153008680133 fields=776,2,0,26,1,0,0,0,0,0,0,0,0,0,0,0
event=trace_row ordinal=3959 kind=1 ns=268153008680133 fields=776,2,0,1010,995,200,1000,0,1,0,0,0,0,0,0,0
event=trace_row ordinal=3960 kind=3 ns=268153008704050 fields=776,777,1,2,268153008680133,0,0,0,0,0,0,0,0,4,1,3
event=trace_row ordinal=3961 kind=5 ns=268153018699601 fields=513,6,15,0,0,0,0,0,0,0,16,0,0,0,0,0
event=trace_row ordinal=3962 kind=0 ns=268153018677434 fields=777,2,0,50,2,0,0,0,0,0,0,0,0,0,0,0
event=trace_row ordinal=3963 kind=1 ns=268153018677434 fields=777,2,0,1010,995,200,1000,0,1,0,0,0,0,0,0,0
event=trace_row ordinal=3964 kind=1 ns=268153018677434 fields=777,2,1,1010,995,200,1000,0,1,0,0,0,0,0,0,0
event=trace_row ordinal=3965 kind=3 ns=268153018702809 fields=777,778,1,2,268153018677434,0,0,0,0,0,0,0,0,4,1,3
event=trace_row ordinal=3966 kind=5 ns=268153028699526 fields=513,6,15,0,0,0,0,0,0,0,16,0,0,0,0,0
event=trace_row ordinal=3967 kind=0 ns=268153028678235 fields=778,2,0,25,1,0,0,0,0,0,0,0,0,0,0,0
event=trace_row ordinal=3968 kind=1 ns=268153028678235 fields=778,2,0,1010,995,200,1000,0,1,0,0,0,0,0,0,0
event=trace_row ordinal=3969 kind=3 ns=268153028702735 fields=778,779,1,2,268153028678235,0,0,0,0,0,0,0,0,4,1,3
event=trace_row ordinal=3970 kind=5 ns=268153038702077 fields=513,6,15,0,0,0,0,0,0,0,16,0,0,0,0,0
event=trace_row ordinal=3971 kind=0 ns=268153038679035 fields=779,2,0,50,2,0,0,0,0,0,0,0,0,0,0,0
event=trace_row ordinal=3972 kind=1 ns=268153038679035 fields=779,2,0,1010,995,200,1000,0,1,0,0,0,0,0,0,0
event=trace_row ordinal=3973 kind=1 ns=268153038679035 fields=779,2,1,1010,995,200,1000,0,1,0,0,0,0,0,0,0
event=trace_row ordinal=3974 kind=3 ns=268153038705286 fields=779,780,1,2,268153038679035,0,0,0,0,0,0,0,0,4,1,3
event=trace_row ordinal=3975 kind=4 ns=268153040009345 fields=385,8,39,20,39,20,0,0,0,0,16,0,0,0,0,0
event=trace_row ordinal=3976 kind=4 ns=268153041948954 fields=641,5,3,0,0,0,0,0,0,0,16,0,0,0,0,0
event=trace_row ordinal=3977 kind=5 ns=268153048700545 fields=513,6,15,0,0,0,0,0,0,0,16,0,0,0,0,0
event=trace_row ordinal=3978 kind=0 ns=268153048678961 fields=780,2,0,25,1,0,0,0,0,0,0,0,0,0,0,0
event=trace_row ordinal=3979 kind=1 ns=268153048678961 fields=780,2,0,1010,995,200,1000,0,1,0,0,0,0,0,0,0
event=trace_row ordinal=3980 kind=3 ns=268153048704045 fields=780,781,1,2,268153048678961,0,0,0,0,0,0,0,0,4,1,3
event=trace_row ordinal=3981 kind=5 ns=268153058694929 fields=513,6,15,0,0,0,0,0,0,0,16,0,0,0,0,0
event=trace_row ordinal=3982 kind=0 ns=268153058675970 fields=781,2,0,25,1,0,0,0,0,0,0,0,0,0,0,0
event=trace_row ordinal=3983 kind=1 ns=268153058675970 fields=781,2,0,1010,995,200,1000,0,1,0,0,0,0,0,0,0
event=trace_row ordinal=3984 kind=3 ns=268153058698429 fields=781,782,1,2,268153058675970,0,0,0,0,0,0,0,0,4,1,3
event=trace_row ordinal=3985 kind=5 ns=268153068696313 fields=513,6,15,0,0,0,0,0,0,0,16,0,0,0,0,0
event=trace_row ordinal=3986 kind=0 ns=268153068675604 fields=782,2,0,50,2,0,0,0,0,0,0,0,0,0,0,0
event=trace_row ordinal=3987 kind=1 ns=268153068675604 fields=782,2,0,1010,995,200,1000,0,1,0,0,0,0,0,0,0
event=trace_row ordinal=3988 kind=1 ns=268153068675604 fields=782,2,1,1010,995,200,1000,0,1,0,0,0,0,0,0,0
event=trace_row ordinal=3989 kind=3 ns=268153068699229 fields=782,783,1,2,268153068675604,0,0,0,0,0,0,0,0,4,1,3
event=trace_row ordinal=3990 kind=5 ns=268153078694197 fields=513,6,15,0,0,0,0,0,0,0,16,0,0,0,0,0
event=trace_row ordinal=3991 kind=0 ns=268153078675822 fields=783,2,0,25,1,0,0,0,0,0,0,0,0,0,0,0
event=trace_row ordinal=3992 kind=1 ns=268153078675822 fields=783,2,0,1010,995,200,1000,0,1,0,0,0,0,0,0,0
event=trace_row ordinal=3993 kind=3 ns=268153078697405 fields=783,784,1,2,268153078675822,0,0,0,0,0,0,0,0,4,1,3
event=trace_row ordinal=3994 kind=5 ns=268153088695873 fields=513,6,15,0,0,0,0,0,0,0,16,0,0,0,0,0
event=trace_row ordinal=3995 kind=0 ns=268153088675747 fields=784,2,0,50,2,0,0,0,0,0,0,0,0,0,0,0
event=trace_row ordinal=3996 kind=1 ns=268153088675747 fields=784,2,0,1010,995,200,1000,0,1,0,0,0,0,0,0,0
event=trace_row ordinal=3997 kind=1 ns=268153088675747 fields=784,2,1,1010,995,200,1000,0,1,0,0,0,0,0,0,0
event=trace_row ordinal=3998 kind=3 ns=268153088699081 fields=784,785,1,2,268153088675747,0,0,0,0,0,0,0,0,4,1,3
event=trace_row ordinal=3999 kind=4 ns=268153089955014 fields=385,8,39,20,39,20,0,0,0,0,16,0,0,0,0,0
event=trace_row ordinal=4000 kind=4 ns=268153091897832 fields=641,5,3,0,0,0,0,0,0,0,16,0,0,0,0,0
event=trace_row ordinal=4001 kind=5 ns=268153098695215 fields=513,6,15,0,0,0,0,0,0,0,16,0,0,0,0,0
event=trace_row ordinal=4002 kind=0 ns=268153098675965 fields=785,2,0,25,1,0,0,0,0,0,0,0,0,0,0,0
event=trace_row ordinal=4003 kind=1 ns=268153098675965 fields=785,2,0,1010,995,200,1000,0,1,0,0,0,0,0,0,0
event=trace_row ordinal=4004 kind=3 ns=268153098698423 fields=785,786,1,2,268153098675965,0,0,0,0,0,0,0,0,4,1,3
event=trace_row ordinal=4005 kind=5 ns=268153108695432 fields=513,6,15,0,0,0,0,0,0,0,16,0,0,0,0,0
event=trace_row ordinal=4006 kind=0 ns=268153108674724 fields=786,2,0,50,2,0,0,0,0,0,0,0,0,0,0,0
event=trace_row ordinal=4007 kind=1 ns=268153108674724 fields=786,2,0,1010,995,200,1000,0,1,0,0,0,0,0,0,0
event=trace_row ordinal=4008 kind=1 ns=268153108674724 fields=786,2,1,1010,995,200,1000,0,1,0,0,0,0,0,0,0
event=trace_row ordinal=4009 kind=3 ns=268153108698641 fields=786,787,1,2,268153108674724,0,0,0,0,0,0,0,0,4,1,3
event=trace_row ordinal=4010 kind=5 ns=268153118696525 fields=513,6,15,0,0,0,0,0,0,0,16,0,0,0,0,0
event=trace_row ordinal=4011 kind=0 ns=268153118676983 fields=787,2,0,25,1,0,0,0,0,0,0,0,0,0,0,0
event=trace_row ordinal=4012 kind=1 ns=268153118676983 fields=787,2,0,1010,995,200,1000,0,1,0,0,0,0,0,0,0
event=trace_row ordinal=4013 kind=3 ns=268153118700025 fields=787,788,1,2,268153118676983,0,0,0,0,0,0,0,0,4,1,3
event=trace_row ordinal=4014 kind=4 ns=268153119147156 fields=1793,1,5,0,0,0,0,0,0,0,16,0,0,0,0,0
event=trace_row ordinal=4015 kind=5 ns=268153128695284 fields=513,6,15,0,0,0,0,0,0,0,16,0,0,0,0,0
event=trace_row ordinal=4016 kind=0 ns=268153128676325 fields=788,2,0,25,1,0,0,0,0,0,0,0,0,0,0,0
event=trace_row ordinal=4017 kind=1 ns=268153128676325 fields=788,2,0,1010,995,200,1000,0,1,0,0,0,0,0,0,0
event=trace_row ordinal=4018 kind=3 ns=268153128698492 fields=788,789,1,2,268153128676325,0,0,0,0,0,0,0,0,4,1,3
event=trace_row ordinal=4019 kind=5 ns=268153138696668 fields=513,6,15,0,0,0,0,0,0,0,16,0,0,0,0,0
event=trace_row ordinal=4020 kind=0 ns=268153138676251 fields=789,2,0,50,2,0,0,0,0,0,0,0,0,0,0,0
event=trace_row ordinal=4021 kind=1 ns=268153138676251 fields=789,2,0,1010,996,200,1000,0,1,0,0,0,0,0,0,0
event=trace_row ordinal=4022 kind=1 ns=268153138676251 fields=789,2,1,1010,996,200,1000,0,1,0,0,0,0,0,0,0
event=trace_row ordinal=4023 kind=3 ns=268153138700460 fields=789,790,1,2,268153138676251,0,0,0,0,0,0,0,0,4,1,3
event=trace_row ordinal=4024 kind=4 ns=268153139902434 fields=385,8,39,20,39,20,0,0,0,0,16,0,0,0,0,0
event=trace_row ordinal=4025 kind=4 ns=268153141844085 fields=641,5,3,0,0,0,0,0,0,0,16,0,0,0,0,0
event=trace_row ordinal=4026 kind=5 ns=268153148695427 fields=513,6,15,0,0,0,0,0,0,0,16,0,0,0,0,0
event=trace_row ordinal=4027 kind=0 ns=268153148676177 fields=790,2,0,25,1,0,0,0,0,0,0,0,0,0,0,0
event=trace_row ordinal=4028 kind=1 ns=268153148676177 fields=790,2,0,1010,996,200,1000,0,1,0,0,0,0,0,0,0
event=trace_row ordinal=4029 kind=3 ns=268153148698635 fields=790,791,1,2,268153148676177,0,0,0,0,0,0,0,0,4,1,3
event=trace_row ordinal=4030 kind=5 ns=268153158697686 fields=513,6,15,0,0,0,0,0,0,0,16,0,0,0,0,0
event=trace_row ordinal=4031 kind=0 ns=268153158676394 fields=791,2,0,50,2,0,0,0,0,0,0,0,0,0,0,0
event=trace_row ordinal=4032 kind=1 ns=268153158676394 fields=791,2,0,1010,996,200,1000,0,1,0,0,0,0,0,0,0
event=trace_row ordinal=4033 kind=1 ns=268153158676394 fields=791,2,1,1010,996,200,1000,0,1,0,0,0,0,0,0,0
event=trace_row ordinal=4034 kind=3 ns=268153158701478 fields=791,792,1,2,268153158676394,0,0,0,0,0,0,0,0,4,1,3
event=trace_row ordinal=4035 kind=5 ns=268153168694987 fields=513,6,15,0,0,0,0,0,0,0,16,0,0,0,0,0
event=trace_row ordinal=4036 kind=0 ns=268153168676320 fields=792,2,0,26,1,0,0,0,0,0,0,0,0,0,0,0
event=trace_row ordinal=4037 kind=1 ns=268153168676320 fields=792,2,0,1010,996,200,1000,0,1,0,0,0,0,0,0,0
event=trace_row ordinal=4038 kind=3 ns=268153168698195 fields=792,793,1,2,268153168676320,0,0,0,0,0,0,0,0,4,1,3
event=trace_row ordinal=4039 kind=5 ns=268153178695788 fields=513,6,15,0,0,0,0,0,0,0,16,0,0,0,0,0
event=trace_row ordinal=4040 kind=0 ns=268153178675662 fields=793,2,0,52,2,0,0,0,0,0,0,0,0,0,0,0
event=trace_row ordinal=4041 kind=1 ns=268153178675662 fields=793,2,0,1010,996,200,1000,0,1,0,0,0,0,0,0,0
event=trace_row ordinal=4042 kind=1 ns=268153178675662 fields=793,2,1,1010,996,200,1000,0,1,0,0,0,0,0,0,0
event=trace_row ordinal=4043 kind=3 ns=268153178699579 fields=793,794,1,2,268153178675662,0,0,0,0,0,0,0,0,4,1,3
event=trace_row ordinal=4044 kind=5 ns=268153188710297 fields=513,6,15,0,0,0,0,0,0,0,16,0,0,0,0,0
event=trace_row ordinal=4045 kind=0 ns=268153188681713 fields=794,2,0,26,1,0,0,0,0,0,0,0,0,0,0,0
event=trace_row ordinal=4046 kind=1 ns=268153188681713 fields=794,2,0,1010,995,200,1000,0,1,0,0,0,0,0,0,0
event=trace_row ordinal=4047 kind=3 ns=268153188714672 fields=794,795,1,2,268153188681713,0,0,0,0,0,0,0,0,4,1,3
event=trace_row ordinal=4048 kind=4 ns=268153189869104 fields=385,8,39,20,39,20,0,0,0,0,16,0,0,0,0,0
event=trace_row ordinal=4049 kind=4 ns=268153191796463 fields=641,5,3,0,0,0,0,0,0,0,16,0,0,0,0,0
event=trace_row ordinal=4050 kind=5 ns=268153198697098 fields=513,6,15,0,0,0,0,0,0,0,16,0,0,0,0,0
event=trace_row ordinal=4051 kind=0 ns=268153198676972 fields=795,2,0,26,1,0,0,0,0,0,0,0,0,0,0,0
event=trace_row ordinal=4052 kind=1 ns=268153198676972 fields=795,2,0,1010,995,200,1000,0,1,0,0,0,0,0,0,0
event=trace_row ordinal=4053 kind=3 ns=268153198700306 fields=795,796,1,2,268153198676972,0,0,0,0,0,0,0,0,4,1,3
event=trace_row ordinal=4054 kind=5 ns=268153208697315 fields=513,6,15,0,0,0,0,0,0,0,16,0,0,0,0,0
event=trace_row ordinal=4055 kind=0 ns=268153208676315 fields=796,2,0,52,2,0,0,0,0,0,0,0,0,0,0,0
event=trace_row ordinal=4056 kind=1 ns=268153208676315 fields=796,2,0,1010,995,200,1000,0,1,0,0,0,0,0,0,0
event=trace_row ordinal=4057 kind=1 ns=268153208676315 fields=796,2,1,1010,996,200,1000,0,1,0,0,0,0,0,0,0
event=trace_row ordinal=4058 kind=3 ns=268153208700523 fields=796,797,1,2,268153208676315,0,0,0,0,0,0,0,0,4,1,3
event=trace_row ordinal=4059 kind=5 ns=268153218696657 fields=513,6,15,0,0,0,0,0,0,0,16,0,0,0,0,0
event=trace_row ordinal=4060 kind=0 ns=268153218677407 fields=797,2,0,26,1,0,0,0,0,0,0,0,0,0,0,0
event=trace_row ordinal=4061 kind=1 ns=268153218677407 fields=797,2,0,1010,996,200,1000,0,1,0,0,0,0,0,0,0
event=trace_row ordinal=4062 kind=3 ns=268153218699866 fields=797,798,1,2,268153218677407,0,0,0,0,0,0,0,0,4,1,3
event=trace_row ordinal=4063 kind=5 ns=268153228696000 fields=513,6,15,0,0,0,0,0,0,0,16,0,0,0,0,0
event=trace_row ordinal=4064 kind=0 ns=268153228675583 fields=798,2,0,52,2,0,0,0,0,0,0,0,0,0,0,0
event=trace_row ordinal=4065 kind=1 ns=268153228675583 fields=798,2,0,1010,996,200,1000,0,1,0,0,0,0,0,0,0
event=trace_row ordinal=4066 kind=1 ns=268153228675583 fields=798,2,1,1009,995,200,1000,0,1,0,0,0,0,0,0,0
event=trace_row ordinal=4067 kind=3 ns=268153228699208 fields=798,799,1,2,268153228675583,0,0,0,0,0,0,0,0,4,1,3
event=trace_row ordinal=4068 kind=5 ns=268153238693592 fields=513,6,15,0,0,0,0,0,0,0,16,0,0,0,0,0
event=trace_row ordinal=4069 kind=0 ns=268153238675509 fields=799,2,0,26,1,0,0,0,0,0,0,0,0,0,0,0
event=trace_row ordinal=4070 kind=1 ns=268153238675509 fields=799,2,0,1009,995,200,1000,0,1,0,0,0,0,0,0,0
event=trace_row ordinal=4071 kind=3 ns=268153238696801 fields=799,800,1,2,268153238675509,0,0,0,0,0,0,0,0,4,1,3
event=trace_row ordinal=4072 kind=4 ns=268153239742440 fields=385,8,39,20,39,20,0,0,0,0,16,0,0,0,0,0
event=trace_row ordinal=4073 kind=4 ns=268153241743591 fields=641,5,3,0,0,0,0,0,0,0,16,0,0,0,0,0
event=trace_row ordinal=4074 kind=5 ns=268153248697310 fields=513,6,15,0,0,0,0,0,0,0,16,0,0,0,0,0
event=trace_row ordinal=4075 kind=0 ns=268153248676018 fields=800,2,0,51,2,0,0,0,0,0,0,0,0,0,0,0
event=trace_row ordinal=4076 kind=1 ns=268153248676018 fields=800,2,0,1009,995,200,1000,0,1,0,0,0,0,0,0,0
event=trace_row ordinal=4077 kind=1 ns=268153248676018 fields=800,2,1,1010,995,200,1000,0,1,0,0,0,0,0,0,0
event=trace_row ordinal=4078 kind=3 ns=268153248700518 fields=800,801,1,2,268153248676018,0,0,0,0,0,0,0,0,4,1,3
event=trace_row ordinal=4079 kind=5 ns=268153258696652 fields=513,6,15,0,0,0,0,0,0,0,16,0,0,0,0,0
event=trace_row ordinal=4080 kind=0 ns=268153258677110 fields=801,2,0,25,1,0,0,0,0,0,0,0,0,0,0,0
event=trace_row ordinal=4081 kind=1 ns=268153258677110 fields=801,2,0,1010,995,200,1000,0,1,0,0,0,0,0,0,0
event=trace_row ordinal=4082 kind=3 ns=268153258700152 fields=801,802,1,2,268153258677110,0,0,0,0,0,0,0,0,4,1,3
event=trace_row ordinal=4083 kind=5 ns=268153268694536 fields=513,6,15,0,0,0,0,0,0,0,16,0,0,0,0,0
event=trace_row ordinal=4084 kind=0 ns=268153268675869 fields=802,2,0,25,1,0,0,0,0,0,0,0,0,0,0,0
event=trace_row ordinal=4085 kind=1 ns=268153268675869 fields=802,2,0,1010,995,200,1000,0,1,0,0,0,0,0,0,0
event=trace_row ordinal=4086 kind=3 ns=268153268697453 fields=802,803,1,2,268153268675869,0,0,0,0,0,0,0,0,4,1,3
event=trace_row ordinal=4087 kind=5 ns=268153278695337 fields=513,6,15,0,0,0,0,0,0,0,16,0,0,0,0,0
event=trace_row ordinal=4088 kind=0 ns=268153278674920 fields=803,2,0,50,2,0,0,0,0,0,0,0,0,0,0,0
event=trace_row ordinal=4089 kind=1 ns=268153278674920 fields=803,2,0,1010,995,200,1000,0,1,0,0,0,0,0,0,0
event=trace_row ordinal=4090 kind=1 ns=268153278674920 fields=803,2,1,1010,995,200,1000,0,1,0,0,0,0,0,0,0
event=trace_row ordinal=4091 kind=3 ns=268153278698545 fields=803,804,1,2,268153278674920,0,0,0,0,0,0,0,0,4,1,3
event=trace_row ordinal=4092 kind=5 ns=268153288694679 fields=513,6,15,0,0,0,0,0,0,0,16,0,0,0,0,0
event=trace_row ordinal=4093 kind=0 ns=268153288676012 fields=804,2,0,25,1,0,0,0,0,0,0,0,0,0,0,0
event=trace_row ordinal=4094 kind=1 ns=268153288676012 fields=804,2,0,1010,995,200,1000,0,1,0,0,0,0,0,0,0
event=trace_row ordinal=4095 kind=3 ns=268153288697888 fields=804,805,1,2,268153288676012,0,0,0,0,0,0,0,0,4,1,3
event=trace_row ordinal=4096 kind=4 ns=268153289751402 fields=385,8,39,20,39,20,0,0,0,0,16,0,0,0,0,0
event=trace_row ordinal=4097 kind=4 ns=268153291694511 fields=641,5,3,0,0,0,0,0,0,0,16,0,0,0,0,0
event=trace_row ordinal=4098 kind=5 ns=268153298698105 fields=513,6,15,0,0,0,0,0,0,0,16,0,0,0,0,0
event=trace_row ordinal=4099 kind=0 ns=268153298677396 fields=805,2,0,50,2,0,0,0,0,0,0,0,0,0,0,0
event=trace_row ordinal=4100 kind=1 ns=268153298677396 fields=805,2,0,1010,996,200,1000,0,1,0,0,0,0,0,0,0
event=trace_row ordinal=4101 kind=1 ns=268153298677396 fields=805,2,1,1010,996,200,1000,0,1,0,0,0,0,0,0,0
event=trace_row ordinal=4102 kind=3 ns=268153298701605 fields=805,806,1,2,268153298677396,0,0,0,0,0,0,0,0,4,1,3
event=trace_row ordinal=4103 kind=5 ns=268153308694531 fields=513,6,15,0,0,0,0,0,0,0,16,0,0,0,0,0
event=trace_row ordinal=4104 kind=0 ns=268153308675864 fields=806,2,0,25,1,0,0,0,0,0,0,0,0,0,0,0
event=trace_row ordinal=4105 kind=1 ns=268153308675864 fields=806,2,0,1010,995,200,1000,0,1,0,0,0,0,0,0,0
event=trace_row ordinal=4106 kind=3 ns=268153308697447 fields=806,807,1,2,268153308675864,0,0,0,0,0,0,0,0,4,1,3
event=trace_row ordinal=4107 kind=5 ns=268153318695331 fields=513,6,15,0,0,0,0,0,0,0,16,0,0,0,0,0
event=trace_row ordinal=4108 kind=0 ns=268153318675206 fields=807,2,0,50,2,0,0,0,0,0,0,0,0,0,0,0
event=trace_row ordinal=4109 kind=1 ns=268153318675206 fields=807,2,0,1010,995,200,1000,0,1,0,0,0,0,0,0,0
event=trace_row ordinal=4110 kind=1 ns=268153318675206 fields=807,2,1,1010,995,200,1000,0,1,0,0,0,0,0,0,0
event=trace_row ordinal=4111 kind=3 ns=268153318698540 fields=807,808,1,2,268153318675206,0,0,0,0,0,0,0,0,4,1,3
event=trace_row ordinal=4112 kind=5 ns=268153328699341 fields=513,6,15,0,0,0,0,0,0,0,16,0,0,0,0,0
event=trace_row ordinal=4113 kind=0 ns=268153328677757 fields=808,2,0,25,1,0,0,0,0,0,0,0,0,0,0,0
event=trace_row ordinal=4114 kind=1 ns=268153328677757 fields=808,2,0,1010,996,200,1000,0,1,0,0,0,0,0,0,0
event=trace_row ordinal=4115 kind=3 ns=268153328702549 fields=808,809,1,2,268153328677757,0,0,0,0,0,0,0,0,4,1,3
event=trace_row ordinal=4116 kind=5 ns=268153338695183 fields=513,6,15,0,0,0,0,0,0,0,16,0,0,0,0,0
event=trace_row ordinal=4117 kind=0 ns=268153338675933 fields=809,2,0,25,1,0,0,0,0,0,0,0,0,0,0,0
event=trace_row ordinal=4118 kind=1 ns=268153338675933 fields=809,2,0,1010,996,200,1000,0,1,0,0,0,0,0,0,0
event=trace_row ordinal=4119 kind=3 ns=268153338698391 fields=809,810,1,2,268153338675933,0,0,0,0,0,0,0,0,4,1,3
event=trace_row ordinal=4120 kind=4 ns=268153339703488 fields=385,8,39,20,39,20,0,0,0,0,16,0,0,0,0,0
event=trace_row ordinal=4121 kind=4 ns=268153341643681 fields=641,5,3,0,0,0,0,0,0,0,16,0,0,0,0,0
event=trace_row ordinal=4122 kind=5 ns=268153348712609 fields=513,6,15,0,0,0,0,0,0,0,16,0,0,0,0,0
event=trace_row ordinal=4123 kind=0 ns=268153348683734 fields=810,2,0,50,2,0,0,0,0,0,0,0,0,0,0,0
event=trace_row ordinal=4124 kind=1 ns=268153348683734 fields=810,2,0,1010,996,200,1000,0,1,0,0,0,0,0,0,0
event=trace_row ordinal=4125 kind=1 ns=268153348683734 fields=810,2,1,1010,995,200,1000,0,1,0,0,0,0,0,0,0
event=trace_row ordinal=4126 kind=3 ns=268153348717859 fields=810,811,1,2,268153348683734,0,0,0,0,0,0,0,0,4,1,3
event=trace_row ordinal=4127 kind=5 ns=268153358712826 fields=513,6,15,0,0,0,0,0,0,0,16,0,0,0,0,0
event=trace_row ordinal=4128 kind=0 ns=268153358683951 fields=811,2,0,25,1,0,0,0,0,0,0,0,0,0,0,0
event=trace_row ordinal=4129 kind=1 ns=268153358683951 fields=811,2,0,1010,995,200,1000,0,1,0,0,0,0,0,0,0
event=trace_row ordinal=4130 kind=3 ns=268153358717785 fields=811,812,1,2,268153358683951,0,0,0,0,0,0,0,0,4,1,3
event=trace_row ordinal=4131 kind=5 ns=268153368706044 fields=513,6,15,0,0,0,0,0,0,0,16,0,0,0,0,0
event=trace_row ordinal=4132 kind=0 ns=268153368681835 fields=812,2,0,50,2,0,0,0,0,0,0,0,0,0,0,0
event=trace_row ordinal=4133 kind=1 ns=268153368681835 fields=812,2,0,1010,995,200,1000,0,1,0,0,0,0,0,0,0
event=trace_row ordinal=4134 kind=1 ns=268153368681835 fields=812,2,1,1010,996,200,1000,0,1,0,0,0,0,0,0,0
event=trace_row ordinal=4135 kind=3 ns=268153368709835 fields=812,813,1,2,268153368681835,0,0,0,0,0,0,0,0,4,1,3
event=trace_row ordinal=4136 kind=4 ns=268153368726461 fields=1793,1,5,0,0,0,0,0,0,0,16,0,0,0,0,0
event=trace_row ordinal=4137 kind=5 ns=268153378717345 fields=513,6,15,0,0,0,0,0,0,0,16,0,0,0,0,0
event=trace_row ordinal=4138 kind=0 ns=268153378687303 fields=813,2,0,25,1,0,0,0,0,0,0,0,0,0,0,0
event=trace_row ordinal=4139 kind=1 ns=268153378687303 fields=813,2,0,1010,996,200,1000,0,1,0,0,0,0,0,0,0
event=trace_row ordinal=4140 kind=3 ns=268153378721720 fields=813,814,1,2,268153378687303,0,0,0,0,0,0,0,0,4,1,3
event=trace_row ordinal=4141 kind=5 ns=268153388705604 fields=513,6,15,0,0,0,0,0,0,0,16,0,0,0,0,0
event=trace_row ordinal=4142 kind=0 ns=268153388681395 fields=814,2,0,50,2,0,0,0,0,0,0,0,0,0,0,0
event=trace_row ordinal=4143 kind=1 ns=268153388681395 fields=814,2,0,1010,996,200,1000,0,1,0,0,0,0,0,0,0
event=trace_row ordinal=4144 kind=1 ns=268153388681395 fields=814,2,1,1010,996,200,1000,0,1,0,0,0,0,0,0,0
event=trace_row ordinal=4145 kind=3 ns=268153388709395 fields=814,815,1,2,268153388681395,0,0,0,0,0,0,0,0,4,1,3
event=trace_row ordinal=4146 kind=4 ns=268153389668116 fields=385,8,39,20,39,20,0,0,0,0,16,0,0,0,0,0
event=trace_row ordinal=4147 kind=4 ns=268153391600142 fields=641,5,3,0,0,0,0,0,0,0,16,0,0,0,0,0
event=trace_row ordinal=4148 kind=5 ns=268153398708446 fields=513,6,15,0,0,0,0,0,0,0,16,0,0,0,0,0
event=trace_row ordinal=4149 kind=0 ns=268153398685112 fields=815,2,0,25,1,0,0,0,0,0,0,0,0,0,0,0
event=trace_row ordinal=4150 kind=1 ns=268153398685112 fields=815,2,0,1010,996,200,1000,0,1,0,0,0,0,0,0,0
event=trace_row ordinal=4151 kind=3 ns=268153398711946 fields=815,816,1,2,268153398685112,0,0,0,0,0,0,0,0,4,1,3
event=trace_row ordinal=4152 kind=5 ns=268153408728789 fields=513,6,15,0,0,0,0,0,0,0,16,0,0,0,0,0
event=trace_row ordinal=4153 kind=0 ns=268153408690288 fields=816,2,0,25,1,0,0,0,0,0,0,0,0,0,0,0
event=trace_row ordinal=4154 kind=1 ns=268153408690288 fields=816,2,0,1010,996,200,1000,0,1,0,0,0,0,0,0,0
event=trace_row ordinal=4155 kind=3 ns=268153408733164 fields=816,817,1,2,268153408690288,0,0,0,0,0,0,0,0,4,1,3
event=trace_row ordinal=4156 kind=5 ns=268153418700714 fields=513,6,15,0,0,0,0,0,0,0,16,0,0,0,0,0
event=trace_row ordinal=4157 kind=0 ns=268153418677672 fields=817,2,0,50,2,0,0,0,0,0,0,0,0,0,0,0
event=trace_row ordinal=4158 kind=1 ns=268153418677672 fields=817,2,0,1010,996,200,1000,0,1,0,0,0,0,0,0,0
event=trace_row ordinal=4159 kind=1 ns=268153418677672 fields=817,2,1,1010,996,200,1000,0,1,0,0,0,0,0,0,0
event=trace_row ordinal=4160 kind=3 ns=268153418703922 fields=817,818,1,2,268153418677672,0,0,0,0,0,0,0,0,4,1,3
event=trace_row ordinal=4161 kind=5 ns=268153428725432 fields=513,6,15,0,0,0,0,0,0,0,16,0,0,0,0,0
event=trace_row ordinal=4162 kind=0 ns=268153428688390 fields=818,2,0,25,1,0,0,0,0,0,0,0,0,0,0,0
event=trace_row ordinal=4163 kind=1 ns=268153428688390 fields=818,2,0,1010,996,200,1000,0,1,0,0,0,0,0,0,0
event=trace_row ordinal=4164 kind=3 ns=268153428729807 fields=818,819,1,2,268153428688390,0,0,0,0,0,0,0,0,4,1,3
event=trace_row ordinal=4165 kind=5 ns=268153438716607 fields=513,6,15,0,0,0,0,0,0,0,16,0,0,0,0,0
event=trace_row ordinal=4166 kind=0 ns=268153438684815 fields=819,2,0,50,2,0,0,0,0,0,0,0,0,0,0,0
event=trace_row ordinal=4167 kind=1 ns=268153438684815 fields=819,2,0,1010,996,200,1000,0,1,0,0,0,0,0,0,0
event=trace_row ordinal=4168 kind=1 ns=268153438684815 fields=819,2,1,1010,996,200,1000,0,1,0,0,0,0,0,0,0
event=trace_row ordinal=4169 kind=3 ns=268153438721274 fields=819,820,1,2,268153438684815,0,0,0,0,0,0,0,0,4,1,3
event=trace_row ordinal=4170 kind=4 ns=268153439550785 fields=385,8,39,20,39,20,0,0,0,0,16,0,0,0,0,0
event=trace_row ordinal=4171 kind=4 ns=268153441548145 fields=641,5,3,0,0,0,0,0,0,0,16,0,0,0,0,0
event=trace_row ordinal=4172 kind=5 ns=268153448711866 fields=513,6,15,0,0,0,0,0,0,0,16,0,0,0,0,0
event=trace_row ordinal=4173 kind=0 ns=268153448683283 fields=820,2,0,25,1,0,0,0,0,0,0,0,0,0,0,0
event=trace_row ordinal=4174 kind=1 ns=268153448683283 fields=820,2,0,1010,996,200,1000,0,1,0,0,0,0,0,0,0
event=trace_row ordinal=4175 kind=3 ns=268153448715366 fields=820,821,1,2,268153448683283,0,0,0,0,0,0,0,0,4,1,3
event=trace_row ordinal=4176 kind=5 ns=268153458714417 fields=513,6,15,0,0,0,0,0,0,0,16,0,0,0,0,0
event=trace_row ordinal=4177 kind=0 ns=268153458684958 fields=821,2,0,50,2,0,0,0,0,0,0,0,0,0,0,0
event=trace_row ordinal=4178 kind=1 ns=268153458684958 fields=821,2,0,1010,996,200,1000,0,1,0,0,0,0,0,0,0
event=trace_row ordinal=4179 kind=1 ns=268153458684958 fields=821,2,1,1010,996,200,1000,0,1,0,0,0,0,0,0,0
event=trace_row ordinal=4180 kind=3 ns=268153458717917 fields=821,822,1,2,268153458684958,0,0,0,0,0,0,0,0,4,1,3
event=trace_row ordinal=4181 kind=5 ns=268153468714926 fields=513,6,15,0,0,0,0,0,0,0,16,0,0,0,0,0
event=trace_row ordinal=4182 kind=0 ns=268153468684884 fields=822,2,0,25,1,0,0,0,0,0,0,0,0,0,0,0
event=trace_row ordinal=4183 kind=1 ns=268153468684884 fields=822,2,0,1010,996,200,1000,0,1,0,0,0,0,0,0,0
event=trace_row ordinal=4184 kind=3 ns=268153468719885 fields=822,823,1,2,268153468684884,0,0,0,0,0,0,0,0,4,1,3
event=trace_row ordinal=4185 kind=5 ns=268153478707269 fields=513,6,15,0,0,0,0,0,0,0,16,0,0,0,0,0
event=trace_row ordinal=4186 kind=0 ns=268153478683352 fields=823,2,0,25,1,0,0,0,0,0,0,0,0,0,0,0
event=trace_row ordinal=4187 kind=1 ns=268153478683352 fields=823,2,0,1010,996,200,1000,0,1,0,0,0,0,0,0,0
event=trace_row ordinal=4188 kind=3 ns=268153478711060 fields=823,824,1,2,268153478683352,0,0,0,0,0,0,0,0,4,1,3
event=trace_row ordinal=4189 kind=5 ns=268153488720320 fields=513,6,15,0,0,0,0,0,0,0,16,0,0,0,0,0
event=trace_row ordinal=4190 kind=0 ns=268153488689694 fields=824,2,0,50,2,0,0,0,0,0,0,0,0,0,0,0
event=trace_row ordinal=4191 kind=1 ns=268153488689694 fields=824,2,0,1010,996,200,1000,0,1,0,0,0,0,0,0,0
event=trace_row ordinal=4192 kind=1 ns=268153488689694 fields=824,2,1,1010,996,200,1000,0,1,0,0,0,0,0,0,0
event=trace_row ordinal=4193 kind=3 ns=268153488724111 fields=824,825,1,2,268153488689694,0,0,0,0,0,0,0,0,4,1,3
event=trace_row ordinal=4194 kind=4 ns=268153489566748 fields=385,8,39,20,39,20,0,0,0,0,16,0,0,0,0,0
event=trace_row ordinal=4195 kind=4 ns=268153491499065 fields=641,5,3,0,0,0,0,0,0,0,16,0,0,0,0,0
event=trace_row ordinal=4196 kind=5 ns=268153498717620 fields=513,6,15,0,0,0,0,0,0,0,16,0,0,0,0,0
event=trace_row ordinal=4197 kind=0 ns=268153498688745 fields=825,2,0,25,1,0,0,0,0,0,0,0,0,0,0,0
event=trace_row ordinal=4198 kind=1 ns=268153498688745 fields=825,2,0,1010,996,200,1000,0,1,0,0,0,0,0,0,0
event=trace_row ordinal=4199 kind=3 ns=268153498722579 fields=825,826,1,2,268153498688745,0,0,0,0,0,0,0,0,4,1,3
event=trace_row ordinal=4200 kind=5 ns=268153508705004 fields=513,6,15,0,0,0,0,0,0,0,16,0,0,0,0,0
event=trace_row ordinal=4201 kind=0 ns=268153508680212 fields=826,2,0,50,2,0,0,0,0,0,0,0,0,0,0,0
event=trace_row ordinal=4202 kind=1 ns=268153508680212 fields=826,2,0,1010,996,200,1000,0,1,0,0,0,0,0,0,0
event=trace_row ordinal=4203 kind=1 ns=268153508680212 fields=826,2,1,1010,996,200,1000,0,1,0,0,0,0,0,0,0
event=trace_row ordinal=4204 kind=3 ns=268153508708504 fields=826,827,1,2,268153508680212,0,0,0,0,0,0,0,0,4,1,3
event=trace_row ordinal=4205 kind=5 ns=268153518705805 fields=513,6,15,0,0,0,0,0,0,0,16,0,0,0,0,0
event=trace_row ordinal=4206 kind=0 ns=268153518680721 fields=827,2,0,25,1,0,0,0,0,0,0,0,0,0,0,0
event=trace_row ordinal=4207 kind=1 ns=268153518680721 fields=827,2,0,1010,996,200,1000,0,1,0,0,0,0,0,0,0
event=trace_row ordinal=4208 kind=3 ns=268153518710180 fields=827,828,1,2,268153518680721,0,0,0,0,0,0,0,0,4,1,3
event=trace_row ordinal=4209 kind=5 ns=268153528700189 fields=513,6,15,0,0,0,0,0,0,0,16,0,0,0,0,0
event=trace_row ordinal=4210 kind=0 ns=268153528677730 fields=828,2,0,50,2,0,0,0,0,0,0,0,0,0,0,0
event=trace_row ordinal=4211 kind=1 ns=268153528677730 fields=828,2,0,1010,996,200,1000,0,1,0,0,0,0,0,0,0
event=trace_row ordinal=4212 kind=1 ns=268153528677730 fields=828,2,1,1010,997,200,1000,0,1,0,0,0,0,0,0,0
event=trace_row ordinal=4213 kind=3 ns=268153528704856 fields=828,829,1,2,268153528677730,0,0,0,0,0,0,0,0,4,1,3
event=trace_row ordinal=4214 kind=5 ns=268153538711490 fields=513,6,15,0,0,0,0,0,0,0,16,0,0,0,0,0
event=trace_row ordinal=4215 kind=0 ns=268153538684656 fields=829,2,0,25,1,0,0,0,0,0,0,0,0,0,0,0
event=trace_row ordinal=4216 kind=1 ns=268153538684656 fields=829,2,0,1010,997,200,1000,0,1,0,0,0,0,0,0,0
event=trace_row ordinal=4217 kind=3 ns=268153538715573 fields=829,830,1,2,268153538684656,0,0,0,0,0,0,0,0,4,1,3
event=trace_row ordinal=4218 kind=4 ns=268153539450000 fields=385,8,39,20,39,20,0,0,0,0,16,0,0,0,0,0
event=trace_row ordinal=4219 kind=4 ns=268153541447943 fields=641,5,3,0,0,0,0,0,0,0,16,0,0,0,0,0
event=trace_row ordinal=4220 kind=5 ns=268153548698290 fields=513,6,15,0,0,0,0,0,0,0,16,0,0,0,0,0
event=trace_row ordinal=4221 kind=0 ns=268153548678457 fields=830,2,0,25,1,0,0,0,0,0,0,0,0,0,0,0
event=trace_row ordinal=4222 kind=1 ns=268153548678457 fields=830,2,0,1010,997,200,1000,0,1,0,0,0,0,0,0,0
event=trace_row ordinal=4223 kind=3 ns=268153548701499 fields=830,831,1,2,268153548678457,0,0,0,0,0,0,0,0,4,1,3
event=trace_row ordinal=4224 kind=5 ns=268153558697341 fields=513,6,15,0,0,0,0,0,0,0,16,0,0,0,0,0
event=trace_row ordinal=4225 kind=0 ns=268153558676633 fields=831,2,0,50,2,0,0,0,0,0,0,0,0,0,0,0
event=trace_row ordinal=4226 kind=1 ns=268153558676633 fields=831,2,0,1008,997,200,1000,0,1,0,0,0,0,0,0,0
event=trace_row ordinal=4227 kind=1 ns=268153558676633 fields=831,2,1,1008,997,200,1000,0,1,0,0,0,0,0,0,0
event=trace_row ordinal=4228 kind=3 ns=268153558700841 fields=831,832,1,2,268153558676633,0,0,0,0,0,0,0,0,4,1,3
event=trace_row ordinal=4229 kind=5 ns=268153568694642 fields=513,6,15,0,0,0,0,0,0,0,16,0,0,0,0,0
event=trace_row ordinal=4230 kind=0 ns=268153568676267 fields=832,2,0,25,1,0,0,0,0,0,0,0,0,0,0,0
event=trace_row ordinal=4231 kind=1 ns=268153568676267 fields=832,2,0,1008,997,200,1000,0,1,0,0,0,0,0,0,0
event=trace_row ordinal=4232 kind=3 ns=268153568697850 fields=832,833,1,2,268153568676267,0,0,0,0,0,0,0,0,4,1,3
event=trace_row ordinal=4233 kind=5 ns=268153578699234 fields=513,6,15,0,0,0,0,0,0,0,16,0,0,0,0,0
event=trace_row ordinal=4234 kind=0 ns=268153578677359 fields=833,2,0,50,2,0,0,0,0,0,0,0,0,0,0,0
event=trace_row ordinal=4235 kind=1 ns=268153578677359 fields=833,2,0,1008,998,200,1000,0,1,0,0,0,0,0,0,0
event=trace_row ordinal=4236 kind=1 ns=268153578677359 fields=833,2,1,1008,998,200,1000,0,1,0,0,0,0,0,0,0
event=trace_row ordinal=4237 kind=3 ns=268153578703026 fields=833,834,1,2,268153578677359,0,0,0,0,0,0,0,0,4,1,3
event=trace_row ordinal=4238 kind=5 ns=268153588694493 fields=513,6,15,0,0,0,0,0,0,0,16,0,0,0,0,0
event=trace_row ordinal=4239 kind=0 ns=268153588675826 fields=834,2,0,25,1,0,0,0,0,0,0,0,0,0,0,0
event=trace_row ordinal=4240 kind=1 ns=268153588675826 fields=834,2,0,1008,998,200,1000,0,1,0,0,0,0,0,0,0
event=trace_row ordinal=4241 kind=3 ns=268153588698285 fields=834,835,1,2,268153588675826,0,0,0,0,0,0,0,0,4,1,3
event=trace_row ordinal=4242 kind=4 ns=268153589453129 fields=385,8,39,20,39,20,0,0,0,0,16,0,0,0,0,0
event=trace_row ordinal=4243 kind=4 ns=268153591397113 fields=641,5,3,0,0,0,0,0,0,0,16,0,0,0,0,0
event=trace_row ordinal=4244 kind=5 ns=268153598697336 fields=513,6,15,0,0,0,0,0,0,0,16,0,0,0,0,0
event=trace_row ordinal=4245 kind=0 ns=268153598676336 fields=835,2,0,50,2,0,0,0,0,0,0,0,0,0,0,0
event=trace_row ordinal=4246 kind=1 ns=268153598676336 fields=835,2,0,1008,998,200,1000,0,1,0,0,0,0,0,0,0
event=trace_row ordinal=4247 kind=1 ns=268153598676336 fields=835,2,1,1008,998,200,1000,0,1,0,0,0,0,0,0,0
event=trace_row ordinal=4248 kind=3 ns=268153598700836 fields=835,836,1,2,268153598676336,0,0,0,0,0,0,0,0,4,1,3
event=trace_row ordinal=4249 kind=5 ns=268153608694637 fields=513,6,15,0,0,0,0,0,0,0,16,0,0,0,0,0
event=trace_row ordinal=4250 kind=0 ns=268153608676261 fields=836,2,0,25,1,0,0,0,0,0,0,0,0,0,0,0
event=trace_row ordinal=4251 kind=1 ns=268153608676261 fields=836,2,0,1008,998,200,1000,0,1,0,0,0,0,0,0,0
event=trace_row ordinal=4252 kind=3 ns=268153608697553 fields=836,837,1,2,268153608676261,0,0,0,0,0,0,0,0,4,1,3
event=trace_row ordinal=4253 kind=5 ns=268153618285932 fields=513,6,15,0,0,0,0,0,0,0,16,0,0,0,0,0
event=trace_row ordinal=4254 kind=0 ns=268153618267265 fields=837,2,0,25,1,0,0,0,0,0,0,0,0,0,0,0
event=trace_row ordinal=4255 kind=1 ns=268153618267265 fields=837,2,0,1008,998,200,1000,0,1,0,0,0,0,0,0,0
event=trace_row ordinal=4256 kind=3 ns=268153618288848 fields=837,838,1,2,268153618267265,0,0,0,0,0,0,0,0,4,1,3
event=trace_row ordinal=4257 kind=4 ns=268153618297890 fields=1793,1,5,0,0,0,0,0,0,0,16,0,0,0,0,0
event=trace_row ordinal=4258 kind=5 ns=268153628696530 fields=513,6,15,0,0,0,0,0,0,0,16,0,0,0,0,0
event=trace_row ordinal=4259 kind=0 ns=268153628675821 fields=838,2,0,50,2,0,0,0,0,0,0,0,0,0,0,0
event=trace_row ordinal=4260 kind=1 ns=268153628675821 fields=838,2,0,1008,998,200,1000,0,1,0,0,0,0,0,0,0
event=trace_row ordinal=4261 kind=1 ns=268153628675821 fields=838,2,1,1008,998,200,1000,0,1,0,0,0,0,0,0,0
event=trace_row ordinal=4262 kind=3 ns=268153628700030 fields=838,839,1,2,268153628675821,0,0,0,0,0,0,0,0,4,1,3
event=trace_row ordinal=4263 kind=5 ns=268153638693830 fields=513,6,15,0,0,0,0,0,0,0,16,0,0,0,0,0
event=trace_row ordinal=4264 kind=0 ns=268153638675455 fields=839,2,0,25,1,0,0,0,0,0,0,0,0,0,0,0
event=trace_row ordinal=4265 kind=1 ns=268153638675455 fields=839,2,0,1008,998,200,1000,0,1,0,0,0,0,0,0,0
event=trace_row ordinal=4266 kind=3 ns=268153638696747 fields=839,840,1,2,268153638675455,0,0,0,0,0,0,0,0,4,1,3
event=trace_row ordinal=4267 kind=4 ns=268153639338714 fields=385,8,39,20,39,20,0,0,0,0,16,0,0,0,0,0
event=trace_row ordinal=4268 kind=4 ns=268153641344533 fields=641,5,3,0,0,0,0,0,0,0,16,0,0,0,0,0
event=trace_row ordinal=4269 kind=5 ns=268153648699298 fields=513,6,15,0,0,0,0,0,0,0,16,0,0,0,0,0
event=trace_row ordinal=4270 kind=0 ns=268153648677423 fields=840,2,0,50,2,0,0,0,0,0,0,0,0,0,0,0
event=trace_row ordinal=4271 kind=1 ns=268153648677423 fields=840,2,0,1008,998,200,1000,0,1,0,0,0,0,0,0,0
event=trace_row ordinal=4272 kind=1 ns=268153648677423 fields=840,2,1,1008,997,200,1000,0,1,0,0,0,0,0,0,0
event=trace_row ordinal=4273 kind=3 ns=268153648703381 fields=840,841,1,2,268153648677423,0,0,0,0,0,0,0,0,4,1,3
event=trace_row ordinal=4274 kind=5 ns=268153658694265 fields=513,6,15,0,0,0,0,0,0,0,16,0,0,0,0,0
event=trace_row ordinal=4275 kind=0 ns=268153658675890 fields=841,2,0,25,1,0,0,0,0,0,0,0,0,0,0,0
event=trace_row ordinal=4276 kind=1 ns=268153658675890 fields=841,2,0,1008,997,200,1000,0,1,0,0,0,0,0,0,0
event=trace_row ordinal=4277 kind=3 ns=268153658697474 fields=841,842,1,2,268153658675890,0,0,0,0,0,0,0,0,4,1,3
event=trace_row ordinal=4278 kind=5 ns=268153668695649 fields=513,6,15,0,0,0,0,0,0,0,16,0,0,0,0,0
event=trace_row ordinal=4279 kind=0 ns=268153668675524 fields=842,2,0,50,2,0,0,0,0,0,0,0,0,0,0,0
event=trace_row ordinal=4280 kind=1 ns=268153668675524 fields=842,2,0,1008,997,200,1000,0,1,0,0,0,0,0,0,0
event=trace_row ordinal=4281 kind=1 ns=268153668675524 fields=842,2,1,1008,997,200,1000,0,1,0,0,0,0,0,0,0
event=trace_row ordinal=4282 kind=3 ns=268153668698858 fields=842,843,1,2,268153668675524,0,0,0,0,0,0,0,0,4,1,3
event=trace_row ordinal=4283 kind=5 ns=268153678698200 fields=513,6,15,0,0,0,0,0,0,0,16,0,0,0,0,0
event=trace_row ordinal=4284 kind=0 ns=268153678677783 fields=843,2,0,25,1,0,0,0,0,0,0,0,0,0,0,0
event=trace_row ordinal=4285 kind=1 ns=268153678677783 fields=843,2,0,1008,997,200,1000,0,1,0,0,0,0,0,0,0
event=trace_row ordinal=4286 kind=3 ns=268153678701700 fields=843,844,1,2,268153678677783,0,0,0,0,0,0,0,0,4,1,3
event=trace_row ordinal=4287 kind=5 ns=268153688714168 fields=513,6,15,0,0,0,0,0,0,0,16,0,0,0,0,0
event=trace_row ordinal=4288 kind=0 ns=268153688686167 fields=844,2,0,25,1,0,0,0,0,0,0,0,0,0,0,0
event=trace_row ordinal=4289 kind=1 ns=268153688686167 fields=844,2,0,1008,997,200,1000,0,1,0,0,0,0,0,0,0
event=trace_row ordinal=4290 kind=3 ns=268153688717959 fields=844,845,1,2,268153688686167,0,0,0,0,0,0,0,0,4,1,3
event=trace_row ordinal=4291 kind=4 ns=268153689423511 fields=385,8,39,20,39,20,0,0,0,0,16,0,0,0,0,0
event=trace_row ordinal=4292 kind=4 ns=268153691295452 fields=641,5,3,0,0,0,0,0,0,0,16,0,0,0,0,0
event=trace_row ordinal=4293 kind=5 ns=268153698713802 fields=513,6,15,0,0,0,0,0,0,0,16,0,0,0,0,0
event=trace_row ordinal=4294 kind=0 ns=268153698684051 fields=845,2,0,50,2,0,0,0,0,0,0,0,0,0,0,0
event=trace_row ordinal=4295 kind=1 ns=268153698684051 fields=845,2,0,1008,997,200,1000,0,1,0,0,0,0,0,0,0
event=trace_row ordinal=4296 kind=1 ns=268153698684051 fields=845,2,1,1008,997,200,1000,0,1,0,0,0,0,0,0,0
event=trace_row ordinal=4297 kind=3 ns=268153698718469 fields=845,846,1,2,268153698684051,0,0,0,0,0,0,0,0,4,1,3
event=trace_row ordinal=4298 kind=5 ns=268153708710811 fields=513,6,15,0,0,0,0,0,0,0,16,0,0,0,0,0
event=trace_row ordinal=4299 kind=0 ns=268153708685144 fields=846,2,0,25,1,0,0,0,0,0,0,0,0,0,0,0
event=trace_row ordinal=4300 kind=1 ns=268153708685144 fields=846,2,0,1008,997,200,1000,0,1,0,0,0,0,0,0,0
event=trace_row ordinal=4301 kind=3 ns=268153708714603 fields=846,847,1,2,268153708685144,0,0,0,0,0,0,0,0,4,1,3
event=trace_row ordinal=4302 kind=5 ns=268153718708403 fields=513,6,15,0,0,0,0,0,0,0,16,0,0,0,0,0
event=trace_row ordinal=4303 kind=0 ns=268153718681278 fields=847,2,0,52,2,0,0,0,0,0,0,0,0,0,0,0
event=trace_row ordinal=4304 kind=1 ns=268153718681278 fields=847,2,0,1008,996,200,1000,0,1,0,0,0,0,0,0,0
event=trace_row ordinal=4305 kind=1 ns=268153718681278 fields=847,2,1,1008,996,200,1000,0,1,0,0,0,0,0,0,0
event=trace_row ordinal=4306 kind=3 ns=268153718712487 fields=847,848,1,2,268153718681278,0,0,0,0,0,0,0,0,4,1,3
event=trace_row ordinal=4307 kind=5 ns=268153728704537 fields=513,6,15,0,0,0,0,0,0,0,16,0,0,0,0,0
event=trace_row ordinal=4308 kind=0 ns=268153728681204 fields=848,2,0,26,1,0,0,0,0,0,0,0,0,0,0,0
event=trace_row ordinal=4309 kind=1 ns=268153728681204 fields=848,2,0,1008,997,200,1000,0,1,0,0,0,0,0,0,0
event=trace_row ordinal=4310 kind=3 ns=268153728708037 fields=848,849,1,2,268153728681204,0,0,0,0,0,0,0,0,4,1,3
event=trace_row ordinal=4311 kind=5 ns=268153738705338 fields=513,6,15,0,0,0,0,0,0,0,16,0,0,0,0,0
event=trace_row ordinal=4312 kind=0 ns=268153738680838 fields=849,2,0,52,2,0,0,0,0,0,0,0,0,0,0,0
event=trace_row ordinal=4313 kind=1 ns=268153738680838 fields=849,2,0,1008,997,200,1000,0,1,0,0,0,0,0,0,0
event=trace_row ordinal=4314 kind=1 ns=268153738680838 fields=849,2,1,1008,997,200,1000,0,1,0,0,0,0,0,0,0
event=trace_row ordinal=4315 kind=3 ns=268153738709421 fields=849,850,1,2,268153738680838,0,0,0,0,0,0,0,0,4,1,3
event=trace_row ordinal=4316 kind=4 ns=268153739374139 fields=385,8,39,20,39,20,0,0,0,0,16,0,0,0,0,0
event=trace_row ordinal=4317 kind=4 ns=268153741182788 fields=641,5,3,0,0,0,0,0,0,0,16,0,0,0,0,0
event=trace_row ordinal=4318 kind=5 ns=268153748727431 fields=513,6,15,0,0,0,0,0,0,0,16,0,0,0,0,0
event=trace_row ordinal=4319 kind=0 ns=268153748690097 fields=850,2,0,25,1,0,0,0,0,0,0,0,0,0,0,0
event=trace_row ordinal=4320 kind=1 ns=268153748690097 fields=850,2,0,1009,996,200,1000,0,1,0,0,0,0,0,0,0
event=trace_row ordinal=4321 kind=3 ns=268153748732681 fields=850,851,1,2,268153748690097,0,0,0,0,0,0,0,0,4,1,3
event=trace_row ordinal=4322 kind=5 ns=268153758717440 fields=513,6,15,0,0,0,0,0,0,0,16,0,0,0,0,0
event=trace_row ordinal=4323 kind=0 ns=268153758685648 fields=851,2,0,25,1,0,0,0,0,0,0,0,0,0,0,0
event=trace_row ordinal=4324 kind=1 ns=268153758685648 fields=851,2,0,1009,996,200,1000,0,1,0,0,0,0,0,0,0
event=trace_row ordinal=4325 kind=3 ns=268153758722398 fields=851,852,1,2,268153758685648,0,0,0,0,0,0,0,0,4,1,3
event=trace_row ordinal=4326 kind=5 ns=268153768703365 fields=513,6,15,0,0,0,0,0,0,0,16,0,0,0,0,0
event=trace_row ordinal=4327 kind=0 ns=268153768679448 fields=852,2,0,50,2,0,0,0,0,0,0,0,0,0,0,0
event=trace_row ordinal=4328 kind=1 ns=268153768679448 fields=852,2,0,1009,996,200,1000,0,1,0,0,0,0,0,0,0
event=trace_row ordinal=4329 kind=1 ns=268153768679448 fields=852,2,1,1008,997,200,1000,0,1,0,0,0,0,0,0,0
event=trace_row ordinal=4330 kind=3 ns=268153768706865 fields=852,853,1,2,268153768679448,0,0,0,0,0,0,0,0,4,1,3
event=trace_row ordinal=4331 kind=5 ns=268153778709416 fields=513,6,15,0,0,0,0,0,0,0,16,0,0,0,0,0
event=trace_row ordinal=4332 kind=0 ns=268153778681416 fields=853,2,0,25,1,0,0,0,0,0,0,0,0,0,0,0
event=trace_row ordinal=4333 kind=1 ns=268153778681416 fields=853,2,0,1008,997,200,1000,0,1,0,0,0,0,0,0,0
event=trace_row ordinal=4334 kind=3 ns=268153778713499 fields=853,854,1,2,268153778681416,0,0,0,0,0,0,0,0,4,1,3
event=trace_row ordinal=4335 kind=5 ns=268153788698550 fields=513,6,15,0,0,0,0,0,0,0,16,0,0,0,0,0
event=trace_row ordinal=4336 kind=0 ns=268153788676675 fields=854,2,0,50,2,0,0,0,0,0,0,0,0,0,0,0
event=trace_row ordinal=4337 kind=1 ns=268153788676675 fields=854,2,0,1008,997,200,1000,0,1,0,0,0,0,0,0,0
event=trace_row ordinal=4338 kind=1 ns=268153788676675 fields=854,2,1,1008,996,200,1000,0,1,0,0,0,0,0,0,0
event=trace_row ordinal=4339 kind=3 ns=268153788702050 fields=854,855,1,2,268153788676675,0,0,0,0,0,0,0,0,4,1,3
event=trace_row ordinal=4340 kind=4 ns=268153789325350 fields=385,8,39,20,39,20,0,0,0,0,16,0,0,0,0,0
event=trace_row ordinal=4341 kind=4 ns=268153791193208 fields=641,5,3,0,0,0,0,0,0,0,16,0,0,0,0,0
event=trace_row ordinal=4342 kind=5 ns=268153798698767 fields=513,6,15,0,0,0,0,0,0,0,16,0,0,0,0,0
event=trace_row ordinal=4343 kind=0 ns=268153798677184 fields=855,2,0,25,1,0,0,0,0,0,0,0,0,0,0,0
event=trace_row ordinal=4344 kind=1 ns=268153798677184 fields=855,2,0,1008,996,200,1000,0,1,0,0,0,0,0,0,0
event=trace_row ordinal=4345 kind=3 ns=268153798702267 fields=855,856,1,2,268153798677184,0,0,0,0,0,0,0,0,4,1,3
event=trace_row ordinal=4346 kind=5 ns=268153808696360 fields=513,6,15,0,0,0,0,0,0,0,16,0,0,0,0,0
event=trace_row ordinal=4347 kind=0 ns=268153808675943 fields=856,2,0,50,2,0,0,0,0,0,0,0,0,0,0,0
event=trace_row ordinal=4348 kind=1 ns=268153808675943 fields=856,2,0,1008,996,200,1000,0,1,0,0,0,0,0,0,0
event=trace_row ordinal=4349 kind=1 ns=268153808675943 fields=856,2,1,1008,997,200,1000,0,1,0,0,0,0,0,0,0
event=trace_row ordinal=4350 kind=3 ns=268153808699568 fields=856,857,1,2,268153808675943,0,0,0,0,0,0,0,0,4,1,3
event=trace_row ordinal=4351 kind=5 ns=268153818694827 fields=513,6,15,0,0,0,0,0,0,0,16,0,0,0,0,0
event=trace_row ordinal=4352 kind=0 ns=268153818675285 fields=857,2,0,25,1,0,0,0,0,0,0,0,0,0,0,0
event=trace_row ordinal=4353 kind=1 ns=268153818675285 fields=857,2,0,1008,997,200,1000,0,1,0,0,0,0,0,0,0
event=trace_row ordinal=4354 kind=3 ns=268153818698327 fields=857,858,1,2,268153818675285,0,0,0,0,0,0,0,0,4,1,3
event=trace_row ordinal=4355 kind=5 ns=268153828694170 fields=513,6,15,0,0,0,0,0,0,0,16,0,0,0,0,0
event=trace_row ordinal=4356 kind=0 ns=268153828675503 fields=858,2,0,25,1,0,0,0,0,0,0,0,0,0,0,0
event=trace_row ordinal=4357 kind=1 ns=268153828675503 fields=858,2,0,1008,997,200,1000,0,1,0,0,0,0,0,0,0
event=trace_row ordinal=4358 kind=3 ns=268153828697086 fields=858,859,1,2,268153828675503,0,0,0,0,0,0,0,0,4,1,3
event=trace_row ordinal=4359 kind=5 ns=268153838699929 fields=513,6,15,0,0,0,0,0,0,0,16,0,0,0,0,0
event=trace_row ordinal=4360 kind=0 ns=268153838678345 fields=859,2,0,50,2,0,0,0,0,0,0,0,0,0,0,0
event=trace_row ordinal=4361 kind=1 ns=268153838678345 fields=859,2,0,1008,997,200,1000,0,1,0,0,0,0,0,0,0
event=trace_row ordinal=4362 kind=1 ns=268153838678345 fields=859,2,1,1008,997,200,1000,0,1,0,0,0,0,0,0,0
event=trace_row ordinal=4363 kind=3 ns=268153838703429 fields=859,860,1,2,268153838678345,0,0,0,0,0,0,0,0,4,1,3
event=trace_row ordinal=4364 kind=4 ns=268153839334604 fields=385,8,39,20,39,20,0,0,0,0,16,0,0,0,0,0
event=trace_row ordinal=4365 kind=4 ns=268153841143837 fields=641,5,3,0,0,0,0,0,0,0,16,0,0,0,0,0
event=trace_row ordinal=4366 kind=5 ns=268153848712688 fields=513,6,15,0,0,0,0,0,0,0,16,0,0,0,0,0
event=trace_row ordinal=4367 kind=0 ns=268153848685563 fields=860,2,0,25,1,0,0,0,0,0,0,0,0,0,0,0
event=trace_row ordinal=4368 kind=1 ns=268153848685563 fields=860,2,0,1008,997,200,1000,0,1,0,0,0,0,0,0,0
event=trace_row ordinal=4369 kind=3 ns=268153848716771 fields=860,861,1,2,268153848685563,0,0,0,0,0,0,0,0,4,1,3
event=trace_row ordinal=4370 kind=5 ns=268153858716989 fields=513,6,15,0,0,0,0,0,0,0,16,0,0,0,0,0
event=trace_row ordinal=4371 kind=0 ns=268153858685197 fields=861,2,0,50,2,0,0,0,0,0,0,0,0,0,0,0
event=trace_row ordinal=4372 kind=1 ns=268153858685197 fields=861,2,0,1008,997,200,1000,0,1,0,0,0,0,0,0,0
event=trace_row ordinal=4373 kind=1 ns=268153858685197 fields=861,2,1,1008,997,200,1000,0,1,0,0,0,0,0,0,0
event=trace_row ordinal=4374 kind=3 ns=268153858721656 fields=861,862,1,2,268153858685197,0,0,0,0,0,0,0,0,4,1,3
event=trace_row ordinal=4375 kind=5 ns=268153867861736 fields=513,6,15,0,0,0,0,0,0,0,16,0,0,0,0,0
event=trace_row ordinal=4376 kind=0 ns=268153867838694 fields=862,2,0,25,1,0,0,0,0,0,0,0,0,0,0,0
event=trace_row ordinal=4377 kind=1 ns=268153867838694 fields=862,2,0,1008,997,200,1000,0,1,0,0,0,0,0,0,0
event=trace_row ordinal=4378 kind=3 ns=268153867864945 fields=862,863,1,2,268153867838694,0,0,0,0,0,0,0,0,4,1,3
event=trace_row ordinal=4379 kind=4 ns=268153867878945 fields=1793,1,5,0,0,0,0,0,0,0,16,0,0,0,0,0
event=trace_row ordinal=4380 kind=5 ns=268153878707215 fields=513,6,15,0,0,0,0,0,0,0,16,0,0,0,0,0
event=trace_row ordinal=4381 kind=0 ns=268153878680965 fields=863,2,0,50,2,0,0,0,0,0,0,0,0,0,0,0
event=trace_row ordinal=4382 kind=1 ns=268153878680965 fields=863,2,0,1008,997,200,1000,0,1,0,0,0,0,0,0,0
event=trace_row ordinal=4383 kind=1 ns=268153878680965 fields=863,2,1,1008,997,200,1000,0,1,0,0,0,0,0,0,0
event=trace_row ordinal=4384 kind=3 ns=268153878711299 fields=863,864,1,2,268153878680965,0,0,0,0,0,0,0,0,4,1,3
event=trace_row ordinal=4385 kind=5 ns=268153888708308 fields=513,6,15,0,0,0,0,0,0,0,16,0,0,0,0,0
event=trace_row ordinal=4386 kind=0 ns=268153888682057 fields=864,2,0,26,1,0,0,0,0,0,0,0,0,0,0,0
event=trace_row ordinal=4387 kind=1 ns=268153888682057 fields=864,2,0,1008,997,200,1000,0,1,0,0,0,0,0,0,0
event=trace_row ordinal=4388 kind=3 ns=268153888712099 fields=864,865,1,2,268153888682057,0,0,0,0,0,0,0,0,4,1,3
event=trace_row ordinal=4389 kind=4 ns=268153889347941 fields=385,8,39,20,39,20,0,0,0,0,16,0,0,0,0,0
event=trace_row ordinal=4390 kind=4 ns=268153891092423 fields=641,5,3,0,0,0,0,0,0,0,16,0,0,0,0,0
event=trace_row ordinal=4391 kind=5 ns=268153898751692 fields=513,6,15,0,0,0,0,0,0,0,16,0,0,0,0,0
event=trace_row ordinal=4392 kind=0 ns=268153898702400 fields=865,2,0,26,1,0,0,0,0,0,0,0,0,0,0,0
event=trace_row ordinal=4393 kind=1 ns=268153898702400 fields=865,2,0,1008,997,200,1000,0,1,0,0,0,0,0,0,0
event=trace_row ordinal=4394 kind=3 ns=268153898758984 fields=865,866,1,2,268153898702400,0,0,0,0,0,0,0,0,4,1,3
event=trace_row ordinal=4395 kind=5 ns=268153908697367 fields=513,6,15,0,0,0,0,0,0,0,16,0,0,0,0,0
event=trace_row ordinal=4396 kind=0 ns=268153908676367 fields=866,2,0,51,2,0,0,0,0,0,0,0,0,0,0,0
event=trace_row ordinal=4397 kind=1 ns=268153908676367 fields=866,2,0,1008,997,200,1000,0,1,0,0,0,0,0,0,0
event=trace_row ordinal=4398 kind=1 ns=268153908676367 fields=866,2,1,1008,997,200,1000,0,1,0,0,0,0,0,0,0
event=trace_row ordinal=4399 kind=3 ns=268153908700576 fields=866,867,1,2,268153908676367,0,0,0,0,0,0,0,0,4,1,3
event=trace_row ordinal=4400 kind=5 ns=268153918694960 fields=513,6,15,0,0,0,0,0,0,0,16,0,0,0,0,0
event=trace_row ordinal=4401 kind=0 ns=268153918675709 fields=867,2,0,25,1,0,0,0,0,0,0,0,0,0,0,0
event=trace_row ordinal=4402 kind=1 ns=268153918675709 fields=867,2,0,1008,997,200,1000,0,1,0,0,0,0,0,0,0
event=trace_row ordinal=4403 kind=3 ns=268153918698168 fields=867,868,1,2,268153918675709,0,0,0,0,0,0,0,0,4,1,3
event=trace_row ordinal=4404 kind=5 ns=268153928697219 fields=513,6,15,0,0,0,0,0,0,0,16,0,0,0,0,0
event=trace_row ordinal=4405 kind=0 ns=268153928676219 fields=868,2,0,50,2,0,0,0,0,0,0,0,0,0,0,0
event=trace_row ordinal=4406 kind=1 ns=268153928676219 fields=868,2,0,1008,997,200,1000,0,1,0,0,0,0,0,0,0
event=trace_row ordinal=4407 kind=1 ns=268153928676219 fields=868,2,1,1008,998,200,1000,0,1,0,0,0,0,0,0,0
event=trace_row ordinal=4408 kind=3 ns=268153928700427 fields=868,869,1,2,268153928676219,0,0,0,0,0,0,0,0,4,1,3
event=trace_row ordinal=4409 kind=5 ns=268153938694228 fields=513,6,15,0,0,0,0,0,0,0,16,0,0,0,0,0
event=trace_row ordinal=4410 kind=0 ns=268153938676144 fields=869,2,0,25,1,0,0,0,0,0,0,0,0,0,0,0
event=trace_row ordinal=4411 kind=1 ns=268153938676144 fields=869,2,0,1008,998,200,1000,0,1,0,0,0,0,0,0,0
event=trace_row ordinal=4412 kind=3 ns=268153938697728 fields=869,870,1,2,268153938676144,0,0,0,0,0,0,0,0,4,1,3
event=trace_row ordinal=4413 kind=4 ns=268153939293028 fields=385,8,39,20,39,20,0,0,0,0,16,0,0,0,0,0
event=trace_row ordinal=4414 kind=4 ns=268153941045384 fields=641,5,3,0,0,0,0,0,0,0,16,0,0,0,0,0
event=trace_row ordinal=4415 kind=5 ns=268153948697945 fields=513,6,15,0,0,0,0,0,0,0,16,0,0,0,0,0
event=trace_row ordinal=4416 kind=0 ns=268153948676070 fields=870,2,0,50,2,0,0,0,0,0,0,0,0,0,0,0
event=trace_row ordinal=4417 kind=1 ns=268153948676070 fields=870,2,0,1008,998,200,1000,0,1,0,0,0,0,0,0,0
event=trace_row ordinal=4418 kind=1 ns=268153948676070 fields=870,2,1,1008,997,200,1000,0,1,0,0,0,0,0,0,0
event=trace_row ordinal=4419 kind=3 ns=268153948701154 fields=870,871,1,2,268153948676070,0,0,0,0,0,0,0,0,4,1,3
event=trace_row ordinal=4420 kind=5 ns=268153958696121 fields=513,6,15,0,0,0,0,0,0,0,16,0,0,0,0,0
event=trace_row ordinal=4421 kind=0 ns=268153958676871 fields=871,2,0,25,1,0,0,0,0,0,0,0,0,0,0,0
event=trace_row ordinal=4422 kind=1 ns=268153958676871 fields=871,2,0,1008,997,200,1000,0,1,0,0,0,0,0,0,0
event=trace_row ordinal=4423 kind=3 ns=268153958699621 fields=871,872,1,2,268153958676871,0,0,0,0,0,0,0,0,4,1,3
event=trace_row ordinal=4424 kind=5 ns=268153968695172 fields=513,6,15,0,0,0,0,0,0,0,16,0,0,0,0,0
event=trace_row ordinal=4425 kind=0 ns=268153968676505 fields=872,2,0,25,1,0,0,0,0,0,0,0,0,0,0,0
event=trace_row ordinal=4426 kind=1 ns=268153968676505 fields=872,2,0,1008,997,200,1000,0,1,0,0,0,0,0,0,0
event=trace_row ordinal=4427 kind=3 ns=268153968698672 fields=872,873,1,2,268153968676505,0,0,0,0,0,0,0,0,4,1,3
event=trace_row ordinal=4428 kind=5 ns=268153978696264 fields=513,6,15,0,0,0,0,0,0,0,16,0,0,0,0,0
event=trace_row ordinal=4429 kind=0 ns=268153978675555 fields=873,2,0,50,2,0,0,0,0,0,0,0,0,0,0,0
event=trace_row ordinal=4430 kind=1 ns=268153978675555 fields=873,2,0,1008,997,200,1000,0,1,0,0,0,0,0,0,0
event=trace_row ordinal=4431 kind=1 ns=268153978675555 fields=873,2,1,1008,997,200,1000,0,1,0,0,0,0,0,0,0
event=trace_row ordinal=4432 kind=3 ns=268153978699472 fields=873,874,1,2,268153978675555,0,0,0,0,0,0,0,0,4,1,3
event=trace_row ordinal=4433 kind=5 ns=268153988694439 fields=513,6,15,0,0,0,0,0,0,0,16,0,0,0,0,0
event=trace_row ordinal=4434 kind=0 ns=268153988675773 fields=874,2,0,25,1,0,0,0,0,0,0,0,0,0,0,0
event=trace_row ordinal=4435 kind=1 ns=268153988675773 fields=874,2,0,1008,997,200,1000,0,1,0,0,0,0,0,0,0
event=trace_row ordinal=4436 kind=3 ns=268153988697356 fields=874,875,1,2,268153988675773,0,0,0,0,0,0,0,0,4,1,3
event=trace_row ordinal=4437 kind=4 ns=268153989304906 fields=385,8,39,20,39,20,0,0,0,0,16,0,0,0,0,0
event=trace_row ordinal=4438 kind=4 ns=268153990994554 fields=641,5,3,0,0,0,0,0,0,0,16,0,0,0,0,0
event=trace_row ordinal=4439 kind=5 ns=268153998700490 fields=513,6,15,0,0,0,0,0,0,0,16,0,0,0,0,0
event=trace_row ordinal=4440 kind=0 ns=268153998677740 fields=875,2,0,50,2,0,0,0,0,0,0,0,0,0,0,0
event=trace_row ordinal=4441 kind=1 ns=268153998677740 fields=875,2,0,1009,997,200,1000,0,1,0,0,0,0,0,0,0
event=trace_row ordinal=4442 kind=1 ns=268153998677740 fields=875,2,1,1009,997,200,1000,0,1,0,0,0,0,0,0,0
event=trace_row ordinal=4443 kind=3 ns=268153998704865 fields=875,876,1,2,268153998677740,0,0,0,0,0,0,0,0,4,1,3
event=trace_row ordinal=4444 kind=5 ns=268154008695166 fields=513,6,15,0,0,0,0,0,0,0,16,0,0,0,0,0
event=trace_row ordinal=4445 kind=0 ns=268154008675915 fields=876,2,0,25,1,0,0,0,0,0,0,0,0,0,0,0
event=trace_row ordinal=4446 kind=1 ns=268154008675915 fields=876,2,0,1008,997,200,1000,0,1,0,0,0,0,0,0,0
event=trace_row ordinal=4447 kind=3 ns=268154008698082 fields=876,877,1,2,268154008675915,0,0,0,0,0,0,0,0,4,1,3
event=trace_row ordinal=4448 kind=5 ns=268154018695675 fields=513,6,15,0,0,0,0,0,0,0,16,0,0,0,0,0
event=trace_row ordinal=4449 kind=0 ns=268154018675549 fields=877,2,0,50,2,0,0,0,0,0,0,0,0,0,0,0
event=trace_row ordinal=4450 kind=1 ns=268154018675549 fields=877,2,0,1008,997,200,1000,0,1,0,0,0,0,0,0,0
event=trace_row ordinal=4451 kind=1 ns=268154018675549 fields=877,2,1,1008,997,200,1000,0,1,0,0,0,0,0,0,0
event=trace_row ordinal=4452 kind=3 ns=268154018698883 fields=877,878,1,2,268154018675549,0,0,0,0,0,0,0,0,4,1,3
event=trace_row ordinal=4453 kind=5 ns=268154028694142 fields=513,6,15,0,0,0,0,0,0,0,16,0,0,0,0,0
event=trace_row ordinal=4454 kind=0 ns=268154028675767 fields=878,2,0,25,1,0,0,0,0,0,0,0,0,0,0,0
event=trace_row ordinal=4455 kind=1 ns=268154028675767 fields=878,2,0,1008,996,200,1000,0,1,0,0,0,0,0,0,0
event=trace_row ordinal=4456 kind=3 ns=268154028697350 fields=878,879,1,2,268154028675767,0,0,0,0,0,0,0,0,4,1,3
event=trace_row ordinal=4457 kind=5 ns=268154038694068 fields=513,6,15,0,0,0,0,0,0,0,16,0,0,0,0,0
event=trace_row ordinal=4458 kind=0 ns=268154038675401 fields=879,2,0,25,1,0,0,0,0,0,0,0,0,0,0,0
event=trace_row ordinal=4459 kind=1 ns=268154038675401 fields=879,2,0,1008,996,200,1000,0,1,0,0,0,0,0,0,0
event=trace_row ordinal=4460 kind=3 ns=268154038696984 fields=879,880,1,2,268154038675401,0,0,0,0,0,0,0,0,4,1,3
event=trace_row ordinal=4461 kind=4 ns=268154039375702 fields=385,8,39,20,39,20,0,0,0,0,16,0,0,0,0,0
event=trace_row ordinal=4462 kind=4 ns=268154040942556 fields=641,5,3,0,0,0,0,0,0,0,16,0,0,0,0,0
event=trace_row ordinal=4463 kind=5 ns=268154048730744 fields=513,6,15,0,0,0,0,0,0,0,16,0,0,0,0,0
event=trace_row ordinal=4464 kind=0 ns=268154048690201 fields=880,2,0,50,2,0,0,0,0,0,0,0,0,0,0,0
event=trace_row ordinal=4465 kind=1 ns=268154048690201 fields=880,2,0,1008,996,200,1000,0,1,0,0,0,0,0,0,0
event=trace_row ordinal=4466 kind=1 ns=268154048690201 fields=880,2,1,1008,997,200,1000,0,1,0,0,0,0,0,0,0
event=trace_row ordinal=4467 kind=3 ns=268154048735702 fields=880,881,1,2,268154048690201,0,0,0,0,0,0,0,0,4,1,3
event=trace_row ordinal=4468 kind=5 ns=268154058698294 fields=513,6,15,0,0,0,0,0,0,0,16,0,0,0,0,0
event=trace_row ordinal=4469 kind=0 ns=268154058677877 fields=881,2,0,25,1,0,0,0,0,0,0,0,0,0,0,0
event=trace_row ordinal=4470 kind=1 ns=268154058677877 fields=881,2,0,1008,997,200,1000,0,1,0,0,0,0,0,0,0
event=trace_row ordinal=4471 kind=3 ns=268154058702377 fields=881,882,1,2,268154058677877,0,0,0,0,0,0,0,0,4,1,3
event=trace_row ordinal=4472 kind=5 ns=268154068698219 fields=513,6,15,0,0,0,0,0,0,0,16,0,0,0,0,0
event=trace_row ordinal=4473 kind=0 ns=268154068677511 fields=882,2,0,50,2,0,0,0,0,0,0,0,0,0,0,0
event=trace_row ordinal=4474 kind=1 ns=268154068677511 fields=882,2,0,1008,997,200,1000,0,1,0,0,0,0,0,0,0
event=trace_row ordinal=4475 kind=1 ns=268154068677511 fields=882,2,1,1008,996,200,1000,0,1,0,0,0,0,0,0,0
event=trace_row ordinal=4476 kind=3 ns=268154068702303 fields=882,883,1,2,268154068677511,0,0,0,0,0,0,0,0,4,1,3
event=trace_row ordinal=4477 kind=5 ns=268154078693770 fields=513,6,15,0,0,0,0,0,0,0,16,0,0,0,0,0
event=trace_row ordinal=4478 kind=0 ns=268154078675395 fields=883,2,0,25,1,0,0,0,0,0,0,0,0,0,0,0
event=trace_row ordinal=4479 kind=1 ns=268154078675395 fields=883,2,0,1008,996,200,1000,0,1,0,0,0,0,0,0,0
event=trace_row ordinal=4480 kind=3 ns=268154078697562 fields=883,884,1,2,268154078675395,0,0,0,0,0,0,0,0,4,1,3
event=trace_row ordinal=4481 kind=5 ns=268154088696321 fields=513,6,15,0,0,0,0,0,0,0,16,0,0,0,0,0
event=trace_row ordinal=4482 kind=0 ns=268154088675612 fields=884,2,0,50,2,0,0,0,0,0,0,0,0,0,0,0
event=trace_row ordinal=4483 kind=1 ns=268154088675612 fields=884,2,0,1008,996,200,1000,0,1,0,0,0,0,0,0,0
event=trace_row ordinal=4484 kind=1 ns=268154088675612 fields=884,2,1,1008,997,200,1000,0,1,0,0,0,0,0,0,0
event=trace_row ordinal=4485 kind=3 ns=268154088700404 fields=884,885,1,2,268154088675612,0,0,0,0,0,0,0,0,4,1,3
event=trace_row ordinal=4486 kind=4 ns=268154089331288 fields=385,8,39,20,39,20,0,0,0,0,16,0,0,0,0,0
event=trace_row ordinal=4487 kind=4 ns=268154090891433 fields=641,5,3,0,0,0,0,0,0,0,16,0,0,0,0,0
event=trace_row ordinal=4488 kind=5 ns=268154098698288 fields=513,6,15,0,0,0,0,0,0,0,16,0,0,0,0,0
event=trace_row ordinal=4489 kind=0 ns=268154098677579 fields=885,2,0,25,1,0,0,0,0,0,0,0,0,0,0,0
event=trace_row ordinal=4490 kind=1 ns=268154098677579 fields=885,2,0,1008,997,200,1000,0,1,0,0,0,0,0,0,0
event=trace_row ordinal=4491 kind=3 ns=268154098702080 fields=885,886,1,2,268154098677579,0,0,0,0,0,0,0,0,4,1,3
event=trace_row ordinal=4492 kind=5 ns=268154108696464 fields=513,6,15,0,0,0,0,0,0,0,16,0,0,0,0,0
event=trace_row ordinal=4493 kind=0 ns=268154108677213 fields=886,2,0,25,1,0,0,0,0,0,0,0,0,0,0,0
event=trace_row ordinal=4494 kind=1 ns=268154108677213 fields=886,2,0,1008,997,200,1000,0,1,0,0,0,0,0,0,0
event=trace_row ordinal=4495 kind=3 ns=268154108699964 fields=886,887,1,2,268154108677213,0,0,0,0,0,0,0,0,4,1,3
event=trace_row ordinal=4496 kind=4 ns=268154117324662 fields=1793,1,5,0,0,0,0,0,0,0,16,0,0,0,0,0
event=trace_row ordinal=4497 kind=5 ns=268154118697264 fields=513,6,15,0,0,0,0,0,0,0,16,0,0,0,0,0
event=trace_row ordinal=4498 kind=0 ns=268154118676556 fields=887,2,0,50,2,0,0,0,0,0,0,0,0,0,0,0
event=trace_row ordinal=4499 kind=1 ns=268154118676556 fields=887,2,0,1009,996,200,1000,0,1,0,0,0,0,0,0,0
event=trace_row ordinal=4500 kind=1 ns=268154118676556 fields=887,2,1,1009,996,200,1000,0,1,0,0,0,0,0,0,0
event=trace_row ordinal=4501 kind=3 ns=268154118701056 fields=887,888,1,2,268154118676556,0,0,0,0,0,0,0,0,4,1,3
event=trace_row ordinal=4502 kind=5 ns=268154128694273 fields=513,6,15,0,0,0,0,0,0,0,16,0,0,0,0,0
event=trace_row ordinal=4503 kind=0 ns=268154128675898 fields=888,2,0,25,1,0,0,0,0,0,0,0,0,0,0,0
event=trace_row ordinal=4504 kind=1 ns=268154128675898 fields=888,2,0,1009,996,200,1000,0,1,0,0,0,0,0,0,0
event=trace_row ordinal=4505 kind=3 ns=268154128697773 fields=888,889,1,2,268154128675898,0,0,0,0,0,0,0,0,4,1,3
event=trace_row ordinal=4506 kind=5 ns=268154138695657 fields=513,6,15,0,0,0,0,0,0,0,16,0,0,0,0,0
event=trace_row ordinal=4507 kind=0 ns=268154138675823 fields=889,2,0,50,2,0,0,0,0,0,0,0,0,0,0,0
event=trace_row ordinal=4508 kind=1 ns=268154138675823 fields=889,2,0,1008,997,200,1000,0,1,0,0,0,0,0,0,0
event=trace_row ordinal=4509 kind=1 ns=268154138675823 fields=889,2,1,1008,997,200,1000,0,1,0,0,0,0,0,0,0
event=trace_row ordinal=4510 kind=3 ns=268154138698865 fields=889,890,1,2,268154138675823,0,0,0,0,0,0,0,0,4,1,3
event=trace_row ordinal=4511 kind=4 ns=268154139335291 fields=385,8,39,20,39,20,0,0,0,0,16,0,0,0,0,0
event=trace_row ordinal=4512 kind=4 ns=268154140905645 fields=641,5,3,0,0,0,0,0,0,0,16,0,0,0,0,0
event=trace_row ordinal=4513 kind=5 ns=268154148695583 fields=513,6,15,0,0,0,0,0,0,0,16,0,0,0,0,0
event=trace_row ordinal=4514 kind=0 ns=268154148676624 fields=890,2,0,26,1,0,0,0,0,0,0,0,0,0,0,0
event=trace_row ordinal=4515 kind=1 ns=268154148676624 fields=890,2,0,1008,996,200,1000,0,1,0,0,0,0,0,0,0
event=trace_row ordinal=4516 kind=3 ns=268154148698791 fields=890,891,1,2,268154148676624,0,0,0,0,0,0,0,0,4,1,3
event=trace_row ordinal=4517 kind=5 ns=268154158695800 fields=513,6,15,0,0,0,0,0,0,0,16,0,0,0,0,0
event=trace_row ordinal=4518 kind=0 ns=268154158675091 fields=891,2,0,52,2,0,0,0,0,0,0,0,0,0,0,0
event=trace_row ordinal=4519 kind=1 ns=268154158675091 fields=891,2,0,1008,996,200,1000,0,1,0,0,0,0,0,0,0
event=trace_row ordinal=4520 kind=1 ns=268154158675091 fields=891,2,1,1008,996,200,1000,0,1,0,0,0,0,0,0,0
event=trace_row ordinal=4521 kind=3 ns=268154158699008 fields=891,892,1,2,268154158675091,0,0,0,0,0,0,0,0,4,1,3
event=trace_row ordinal=4522 kind=5 ns=268154168696017 fields=513,6,15,0,0,0,0,0,0,0,16,0,0,0,0,0
event=trace_row ordinal=4523 kind=0 ns=268154168676767 fields=892,2,0,26,1,0,0,0,0,0,0,0,0,0,0,0
event=trace_row ordinal=4524 kind=1 ns=268154168676767 fields=892,2,0,1008,997,200,1000,0,1,0,0,0,0,0,0,0
event=trace_row ordinal=4525 kind=3 ns=268154168699809 fields=892,893,1,2,268154168676767,0,0,0,0,0,0,0,0,4,1,3
event=trace_row ordinal=4526 kind=5 ns=268154178693901 fields=513,6,15,0,0,0,0,0,0,0,16,0,0,0,0,0
event=trace_row ordinal=4527 kind=0 ns=268154178675818 fields=893,2,0,26,1,0,0,0,0,0,0,0,0,0,0,0
event=trace_row ordinal=4528 kind=1 ns=268154178675818 fields=893,2,0,1008,997,200,1000,0,1,0,0,0,0,0,0,0
event=trace_row ordinal=4529 kind=3 ns=268154178697110 fields=893,894,1,2,268154178675818,0,0,0,0,0,0,0,0,4,1,3
event=trace_row ordinal=4530 kind=5 ns=268154188696452 fields=513,6,15,0,0,0,0,0,0,0,16,0,0,0,0,0
event=trace_row ordinal=4531 kind=0 ns=268154188675743 fields=894,2,0,52,2,0,0,0,0,0,0,0,0,0,0,0
event=trace_row ordinal=4532 kind=1 ns=268154188675743 fields=894,2,0,1008,997,200,1000,0,1,0,0,0,0,0,0,0
event=trace_row ordinal=4533 kind=1 ns=268154188675743 fields=894,2,1,1008,996,200,1000,0,1,0,0,0,0,0,0,0
event=trace_row ordinal=4534 kind=3 ns=268154188699660 fields=894,895,1,2,268154188675743,0,0,0,0,0,0,0,0,4,1,3
event=trace_row ordinal=4535 kind=4 ns=268154189347169 fields=385,8,39,20,39,20,0,0,0,0,16,0,0,0,0,0
event=trace_row ordinal=4536 kind=4 ns=268154190867939 fields=641,5,3,0,0,0,0,0,0,0,16,0,0,0,0,0
event=trace_row ordinal=4537 kind=5 ns=268154198700753 fields=513,6,15,0,0,0,0,0,0,0,16,0,0,0,0,0
event=trace_row ordinal=4538 kind=0 ns=268154198678586 fields=895,2,0,26,1,0,0,0,0,0,0,0,0,0,0,0
event=trace_row ordinal=4539 kind=1 ns=268154198678586 fields=895,2,0,1008,996,200,1000,0,1,0,0,0,0,0,0,0
event=trace_row ordinal=4540 kind=3 ns=268154198704544 fields=895,896,1,2,268154198678586,0,0,0,0,0,0,0,0,4,1,3
event=trace_row ordinal=4541 kind=5 ns=268154208710303 fields=513,6,15,0,0,0,0,0,0,0,16,0,0,0,0,0
event=trace_row ordinal=4542 kind=0 ns=268154208681720 fields=896,2,0,52,2,0,0,0,0,0,0,0,0,0,0,0
event=trace_row ordinal=4543 kind=1 ns=268154208681720 fields=896,2,0,1008,996,200,1000,0,1,0,0,0,0,0,0,0
event=trace_row ordinal=4544 kind=1 ns=268154208681720 fields=896,2,1,1008,997,200,1000,0,1,0,0,0,0,0,0,0
event=trace_row ordinal=4545 kind=3 ns=268154208714678 fields=896,897,1,2,268154208681720,0,0,0,0,0,0,0,0,4,1,3
event=trace_row ordinal=4546 kind=5 ns=268154218710812 fields=513,6,15,0,0,0,0,0,0,0,16,0,0,0,0,0
event=trace_row ordinal=4547 kind=0 ns=268154218682812 fields=897,2,0,26,1,0,0,0,0,0,0,0,0,0,0,0
event=trace_row ordinal=4548 kind=1 ns=268154218682812 fields=897,2,0,1008,997,200,1000,0,1,0,0,0,0,0,0,0
event=trace_row ordinal=4549 kind=3 ns=268154218714312 fields=897,898,1,2,268154218682812,0,0,0,0,0,0,0,0,4,1,3
event=trace_row ordinal=4550 kind=5 ns=268154228702863 fields=513,6,15,0,0,0,0,0,0,0,16,0,0,0,0,0
event=trace_row ordinal=4551 kind=0 ns=268154228678654 fields=898,2,0,51,2,0,0,0,0,0,0,0,0,0,0,0
event=trace_row ordinal=4552 kind=1 ns=268154228678654 fields=898,2,0,1008,997,200,1000,0,1,0,0,0,0,0,0,0
event=trace_row ordinal=4553 kind=1 ns=268154228678654 fields=898,2,1,1009,996,200,1000,0,1,0,0,0,0,0,0,0
event=trace_row ordinal=4554 kind=3 ns=268154228706654 fields=898,899,1,2,268154228678654,0,0,0,0,0,0,0,0,4,1,3
event=trace_row ordinal=4555 kind=5 ns=268154238711830 fields=513,6,15,0,0,0,0,0,0,0,16,0,0,0,0,0
event=trace_row ordinal=4556 kind=0 ns=268154238685288 fields=899,2,0,25,1,0,0,0,0,0,0,0,0,0,0,0
event=trace_row ordinal=4557 kind=1 ns=268154238685288 fields=899,2,0,1009,996,200,1000,0,1,0,0,0,0,0,0,0
event=trace_row ordinal=4558 kind=3 ns=268154238715039 fields=899,900,1,2,268154238685288,0,0,0,0,0,0,0,0,4,1,3
event=trace_row ordinal=4559 kind=4 ns=268154239321130 fields=385,8,39,20,39,20,0,0,0,0,16,0,0,0,0,0
event=trace_row ordinal=4560 kind=4 ns=268154240866984 fields=641,5,3,0,0,0,0,0,0,0,16,0,0,0,0,0
event=trace_row ordinal=4561 kind=5 ns=268154248709714 fields=513,6,15,0,0,0,0,0,0,0,16,0,0,0,0,0
event=trace_row ordinal=4562 kind=0 ns=268154248684339 fields=900,2,0,25,1,0,0,0,0,0,0,0,0,0,0,0
event=trace_row ordinal=4563 kind=1 ns=268154248684339 fields=900,2,0,1009,996,200,1000,0,1,0,0,0,0,0,0,0
event=trace_row ordinal=4564 kind=3 ns=268154248713506 fields=900,901,1,2,268154248684339,0,0,0,0,0,0,0,0,4,1,3
event=trace_row ordinal=4565 kind=5 ns=268154258714890 fields=513,6,15,0,0,0,0,0,0,0,16,0,0,0,0,0
event=trace_row ordinal=4566 kind=0 ns=268154258684556 fields=901,2,0,50,2,0,0,0,0,0,0,0,0,0,0,0
event=trace_row ordinal=4567 kind=1 ns=268154258684556 fields=901,2,0,1008,997,200,1000,0,1,0,0,0,0,0,0,0
event=trace_row ordinal=4568 kind=1 ns=268154258684556 fields=901,2,1,1008,997,200,1000,0,1,0,0,0,0,0,0,0
event=trace_row ordinal=4569 kind=3 ns=268154258718390 fields=901,902,1,2,268154258684556,0,0,0,0,0,0,0,0,4,1,3
event=trace_row ordinal=4570 kind=5 ns=268154268723566 fields=513,6,15,0,0,0,0,0,0,0,16,0,0,0,0,0
event=trace_row ordinal=4571 kind=0 ns=268154268688565 fields=902,2,0,25,1,0,0,0,0,0,0,0,0,0,0,0
event=trace_row ordinal=4572 kind=1 ns=268154268688565 fields=902,2,0,1008,997,200,1000,0,1,0,0,0,0,0,0,0
event=trace_row ordinal=4573 kind=3 ns=268154268728524 fields=902,903,1,2,268154268688565,0,0,0,0,0,0,0,0,4,1,3
event=trace_row ordinal=4574 kind=5 ns=268154278723199 fields=513,6,15,0,0,0,0,0,0,0,16,0,0,0,0,0
event=trace_row ordinal=4575 kind=0 ns=268154278689074 fields=903,2,0,50,2,0,0,0,0,0,0,0,0,0,0,0
event=trace_row ordinal=4576 kind=1 ns=268154278689074 fields=903,2,0,1008,996,200,1000,0,1,0,0,0,0,0,0,0
event=trace_row ordinal=4577 kind=1 ns=268154278689074 fields=903,2,1,1008,996,200,1000,0,1,0,0,0,0,0,0,0
event=trace_row ordinal=4578 kind=3 ns=268154278726991 fields=903,904,1,2,268154278689074,0,0,0,0,0,0,0,0,4,1,3
event=trace_row ordinal=4579 kind=5 ns=268154288707958 fields=513,6,15,0,0,0,0,0,0,0,16,0,0,0,0,0
event=trace_row ordinal=4580 kind=0 ns=268154288682583 fields=904,2,0,25,1,0,0,0,0,0,0,0,0,0,0,0
event=trace_row ordinal=4581 kind=1 ns=268154288682583 fields=904,2,0,1008,997,200,1000,0,1,0,0,0,0,0,0,0
event=trace_row ordinal=4582 kind=3 ns=268154288712625 fields=904,905,1,2,268154288682583,0,0,0,0,0,0,0,0,4,1,3
event=trace_row ordinal=4583 kind=4 ns=268154289322216 fields=385,8,39,20,39,20,0,0,0,0,16,0,0,0,0,0
event=trace_row ordinal=4584 kind=4 ns=268154290836862 fields=641,5,3,0,0,0,0,0,0,0,16,0,0,0,0,0
event=trace_row ordinal=4585 kind=5 ns=268154298730051 fields=513,6,15,0,0,0,0,0,0,0,16,0,0,0,0,0
event=trace_row ordinal=4586 kind=0 ns=268154298691550 fields=905,2,0,50,2,0,0,0,0,0,0,0,0,0,0,0
event=trace_row ordinal=4587 kind=1 ns=268154298691550 fields=905,2,0,1008,997,200,1000,0,1,0,0,0,0,0,0,0
event=trace_row ordinal=4588 kind=1 ns=268154298691550 fields=905,2,1,1008,997,200,1000,0,1,0,0,0,0,0,0,0
event=trace_row ordinal=4589 kind=3 ns=268154298734718 fields=905,906,1,2,268154298691550,0,0,0,0,0,0,0,0,4,1,3
event=trace_row ordinal=4590 kind=5 ns=268154308715976 fields=513,6,15,0,0,0,0,0,0,0,16,0,0,0,0,0
event=trace_row ordinal=4591 kind=0 ns=268154308687101 fields=906,2,0,25,1,0,0,0,0,0,0,0,0,0,0,0
event=trace_row ordinal=4592 kind=1 ns=268154308687101 fields=906,2,0,1008,996,200,1000,0,1,0,0,0,0,0,0,0
event=trace_row ordinal=4593 kind=3 ns=268154308720351 fields=906,907,1,2,268154308687101,0,0,0,0,0,0,0,0,4,1,3
event=trace_row ordinal=4594 kind=5 ns=268154318715610 fields=513,6,15,0,0,0,0,0,0,0,16,0,0,0,0,0
event=trace_row ordinal=4595 kind=0 ns=268154318686443 fields=907,2,0,25,1,0,0,0,0,0,0,0,0,0,0,0
event=trace_row ordinal=4596 kind=1 ns=268154318686443 fields=907,2,0,1008,996,200,1000,0,1,0,0,0,0,0,0,0
event=trace_row ordinal=4597 kind=3 ns=268154318719110 fields=907,908,1,2,268154318686443,0,0,0,0,0,0,0,0,4,1,3
event=trace_row ordinal=4598 kind=5 ns=268154328705327 fields=513,6,15,0,0,0,0,0,0,0,16,0,0,0,0,0
event=trace_row ordinal=4599 kind=0 ns=268154328680535 fields=908,2,0,50,2,0,0,0,0,0,0,0,0,0,0,0
event=trace_row ordinal=4600 kind=1 ns=268154328680535 fields=908,2,0,1008,996,200,1000,0,1,0,0,0,0,0,0,0
event=trace_row ordinal=4601 kind=1 ns=268154328680535 fields=908,2,1,1008,997,200,1000,0,1,0,0,0,0,0,0,0
event=trace_row ordinal=4602 kind=3 ns=268154328709411 fields=908,909,1,2,268154328680535,0,0,0,0,0,0,0,0,4,1,3
event=trace_row ordinal=4603 kind=5 ns=268154338700878 fields=513,6,15,0,0,0,0,0,0,0,16,0,0,0,0,0
event=trace_row ordinal=4604 kind=0 ns=268154338678711 fields=909,2,0,25,1,0,0,0,0,0,0,0,0,0,0,0
event=trace_row ordinal=4605 kind=1 ns=268154338678711 fields=909,2,0,1008,997,200,1000,0,1,0,0,0,0,0,0,0
event=trace_row ordinal=4606 kind=3 ns=268154338704378 fields=909,910,1,2,268154338678711,0,0,0,0,0,0,0,0,4,1,3
event=trace_row ordinal=4607 kind=4 ns=268154339396512 fields=385,8,39,20,39,20,0,0,0,0,16,0,0,0,0,0
event=trace_row ordinal=4608 kind=4 ns=268154340828906 fields=641,5,3,0,0,0,0,0,0,0,16,0,0,0,0,0
event=trace_row ordinal=4609 kind=5 ns=268154348731721 fields=513,6,15,0,0,0,0,0,0,0,16,0,0,0,0,0
event=trace_row ordinal=4610 kind=0 ns=268154348690595 fields=910,2,0,50,2,0,0,0,0,0,0,0,0,0,0,0
event=trace_row ordinal=4611 kind=1 ns=268154348690595 fields=910,2,0,1008,997,200,1000,0,1,0,0,0,0,0,0,0
event=trace_row ordinal=4612 kind=1 ns=268154348690595 fields=910,2,1,1008,997,200,1000,0,1,0,0,0,0,0,0,0
event=trace_row ordinal=4613 kind=3 ns=268154348736387 fields=910,911,1,2,268154348690595,0,0,0,0,0,0,0,0,4,1,3
event=trace_row ordinal=4614 kind=5 ns=268154358707438 fields=513,6,15,0,0,0,0,0,0,0,16,0,0,0,0,0
event=trace_row ordinal=4615 kind=0 ns=268154358681187 fields=911,2,0,25,1,0,0,0,0,0,0,0,0,0,0,0
event=trace_row ordinal=4616 kind=1 ns=268154358681187 fields=911,2,0,1008,997,200,1000,0,1,0,0,0,0,0,0,0
event=trace_row ordinal=4617 kind=3 ns=268154358710646 fields=911,912,1,2,268154358681187,0,0,0,0,0,0,0,0,4,1,3
event=trace_row ordinal=4618 kind=4 ns=268154366964340 fields=1793,1,5,0,0,0,0,0,0,0,16,0,0,0,0,0
event=trace_row ordinal=4619 kind=5 ns=268154368709113 fields=513,6,15,0,0,0,0,0,0,0,16,0,0,0,0,0
event=trace_row ordinal=4620 kind=0 ns=268154368682279 fields=912,2,0,50,2,0,0,0,0,0,0,0,0,0,0,0
event=trace_row ordinal=4621 kind=1 ns=268154368682279 fields=912,2,0,1008,997,200,1000,0,1,0,0,0,0,0,0,0
event=trace_row ordinal=4622 kind=1 ns=268154368682279 fields=912,2,1,1008,998,200,1000,0,1,0,0,0,0,0,0,0
event=trace_row ordinal=4623 kind=3 ns=268154368713197 fields=912,913,1,2,268154368682279,0,0,0,0,0,0,0,0,4,1,3
event=trace_row ordinal=4624 kind=5 ns=268154378700872 fields=513,6,15,0,0,0,0,0,0,0,16,0,0,0,0,0
event=trace_row ordinal=4625 kind=0 ns=268154378679288 fields=913,2,0,25,1,0,0,0,0,0,0,0,0,0,0,0
event=trace_row ordinal=4626 kind=1 ns=268154378679288 fields=913,2,0,1008,998,200,1000,0,1,0,0,0,0,0,0,0
event=trace_row ordinal=4627 kind=3 ns=268154378704080 fields=913,914,1,2,268154378679288,0,0,0,0,0,0,0,0,4,1,3
event=trace_row ordinal=4628 kind=5 ns=268154388699048 fields=513,6,15,0,0,0,0,0,0,0,16,0,0,0,0,0
event=trace_row ordinal=4629 kind=0 ns=268154388678922 fields=914,2,0,25,1,0,0,0,0,0,0,0,0,0,0,0
event=trace_row ordinal=4630 kind=1 ns=268154388678922 fields=914,2,0,1008,998,200,1000,0,1,0,0,0,0,0,0,0
event=trace_row ordinal=4631 kind=3 ns=268154388702256 fields=914,915,1,2,268154388678922,0,0,0,0,0,0,0,0,4,1,3
event=trace_row ordinal=4632 kind=4 ns=268154389405765 fields=385,8,39,20,39,20,0,0,0,0,16,0,0,0,0,0
event=trace_row ordinal=4633 kind=4 ns=268154390790617 fields=641,5,3,0,0,0,0,0,0,0,16,0,0,0,0,0
event=trace_row ordinal=4634 kind=5 ns=268154398704515 fields=513,6,15,0,0,0,0,0,0,0,16,0,0,0,0,0
event=trace_row ordinal=4635 kind=0 ns=268154398680306 fields=915,2,0,50,2,0,0,0,0,0,0,0,0,0,0,0
event=trace_row ordinal=4636 kind=1 ns=268154398680306 fields=915,2,0,1008,998,200,1000,0,1,0,0,0,0,0,0,0
event=trace_row ordinal=4637 kind=1 ns=268154398680306 fields=915,2,1,1008,998,200,1000,0,1,0,0,0,0,0,0,0
event=trace_row ordinal=4638 kind=3 ns=268154398708890 fields=915,916,1,2,268154398680306,0,0,0,0,0,0,0,0,4,1,3
event=trace_row ordinal=4639 kind=5 ns=268154408701816 fields=513,6,15,0,0,0,0,0,0,0,16,0,0,0,0,0
event=trace_row ordinal=4640 kind=0 ns=268154408679940 fields=916,2,0,25,1,0,0,0,0,0,0,0,0,0,0,0
event=trace_row ordinal=4641 kind=1 ns=268154408679940 fields=916,2,0,1008,998,200,1000,0,1,0,0,0,0,0,0,0
event=trace_row ordinal=4642 kind=3 ns=268154408705024 fields=916,917,1,2,268154408679940,0,0,0,0,0,0,0,0,4,1,3
event=trace_row ordinal=4643 kind=5 ns=268154418698824 fields=513,6,15,0,0,0,0,0,0,0,16,0,0,0,0,0
event=trace_row ordinal=4644 kind=0 ns=268154418676657 fields=917,2,0,50,2,0,0,0,0,0,0,0,0,0,0,0
event=trace_row ordinal=4645 kind=1 ns=268154418676657 fields=917,2,0,1008,998,200,1000,0,1,0,0,0,0,0,0,0
event=trace_row ordinal=4646 kind=1 ns=268154418676657 fields=917,2,1,1008,998,200,1000,0,1,0,0,0,0,0,0,0
event=trace_row ordinal=4647 kind=3 ns=268154418702324 fields=917,918,1,2,268154418676657,0,0,0,0,0,0,0,0,4,1,3
event=trace_row ordinal=4648 kind=5 ns=268154428694667 fields=513,6,15,0,0,0,0,0,0,0,16,0,0,0,0,0
event=trace_row ordinal=4649 kind=0 ns=268154428676000 fields=918,2,0,25,1,0,0,0,0,0,0,0,0,0,0,0
event=trace_row ordinal=4650 kind=1 ns=268154428676000 fields=918,2,0,1008,998,200,1000,0,1,0,0,0,0,0,0,0
event=trace_row ordinal=4651 kind=3 ns=268154428697583 fields=918,919,1,2,268154428676000,0,0,0,0,0,0,0,0,4,1,3
event=trace_row ordinal=4652 kind=5 ns=268154438696051 fields=513,6,15,0,0,0,0,0,0,0,16,0,0,0,0,0
event=trace_row ordinal=4653 kind=0 ns=268154438675925 fields=919,2,0,50,2,0,0,0,0,0,0,0,0,0,0,0
event=trace_row ordinal=4654 kind=1 ns=268154438675925 fields=919,2,0,1008,998,200,1000,0,1,0,0,0,0,0,0,0
event=trace_row ordinal=4655 kind=1 ns=268154438675925 fields=919,2,1,1008,998,200,1000,0,1,0,0,0,0,0,0,0
event=trace_row ordinal=4656 kind=3 ns=268154438699259 fields=919,920,1,2,268154438675925,0,0,0,0,0,0,0,0,4,1,3
event=trace_row ordinal=4657 kind=4 ns=268154439362810 fields=385,8,39,20,39,20,0,0,0,0,16,0,0,0,0,0
event=trace_row ordinal=4658 kind=4 ns=268154440789662 fields=641,5,3,0,0,0,0,0,0,0,16,0,0,0,0,0
event=trace_row ordinal=4659 kind=5 ns=268154448695685 fields=513,6,15,0,0,0,0,0,0,0,16,0,0,0,0,0
event=trace_row ordinal=4660 kind=0 ns=268154448676434 fields=920,2,0,25,1,0,0,0,0,0,0,0,0,0,0,0
event=trace_row ordinal=4661 kind=1 ns=268154448676434 fields=920,2,0,1008,998,200,1000,0,1,0,0,0,0,0,0,0
event=trace_row ordinal=4662 kind=3 ns=268154448698893 fields=920,921,1,2,268154448676434,0,0,0,0,0,0,0,0,4,1,3
event=trace_row ordinal=4663 kind=5 ns=268154458694735 fields=513,6,15,0,0,0,0,0,0,0,16,0,0,0,0,0
event=trace_row ordinal=4664 kind=0 ns=268154458676068 fields=921,2,0,25,1,0,0,0,0,0,0,0,0,0,0,0
event=trace_row ordinal=4665 kind=1 ns=268154458676068 fields=921,2,0,1008,998,200,1000,0,1,0,0,0,0,0,0,0
event=trace_row ordinal=4666 kind=3 ns=268154458697944 fields=921,922,1,2,268154458676068,0,0,0,0,0,0,0,0,4,1,3
event=trace_row ordinal=4667 kind=5 ns=268154468700203 fields=513,6,15,0,0,0,0,0,0,0,16,0,0,0,0,0
event=trace_row ordinal=4668 kind=0 ns=268154468677452 fields=922,2,0,50,2,0,0,0,0,0,0,0,0,0,0,0
event=trace_row ordinal=4669 kind=1 ns=268154468677452 fields=922,2,0,1008,998,200,1000,0,1,0,0,0,0,0,0,0
event=trace_row ordinal=4670 kind=1 ns=268154468677452 fields=922,2,1,1009,997,200,1000,0,1,0,0,0,0,0,0,0
event=trace_row ordinal=4671 kind=3 ns=268154468704286 fields=922,923,1,2,268154468677452,0,0,0,0,0,0,0,0,4,1,3
event=trace_row ordinal=4672 kind=5 ns=268154478696045 fields=513,6,15,0,0,0,0,0,0,0,16,0,0,0,0,0
event=trace_row ordinal=4673 kind=0 ns=268154478676503 fields=923,2,0,25,1,0,0,0,0,0,0,0,0,0,0,0
event=trace_row ordinal=4674 kind=1 ns=268154478676503 fields=923,2,0,1009,997,200,1000,0,1,0,0,0,0,0,0,0
event=trace_row ordinal=4675 kind=3 ns=268154478699253 fields=923,924,1,2,268154478676503,0,0,0,0,0,0,0,0,4,1,3
event=trace_row ordinal=4676 kind=5 ns=268154488696554 fields=513,6,15,0,0,0,0,0,0,0,16,0,0,0,0,0
event=trace_row ordinal=4677 kind=0 ns=268154488675845 fields=924,2,0,50,2,0,0,0,0,0,0,0,0,0,0,0
event=trace_row ordinal=4678 kind=1 ns=268154488675845 fields=924,2,0,1009,997,200,1000,0,1,0,0,0,0,0,0,0
event=trace_row ordinal=4679 kind=1 ns=268154488675845 fields=924,2,1,1008,998,200,1000,0,1,0,0,0,0,0,0,0
event=trace_row ordinal=4680 kind=3 ns=268154488699762 fields=924,925,1,2,268154488675845,0,0,0,0,0,0,0,0,4,1,3
event=trace_row ordinal=4681 kind=4 ns=268154489360979 fields=385,8,39,20,39,20,0,0,0,0,16,0,0,0,0,0
event=trace_row ordinal=4682 kind=4 ns=268154490742039 fields=641,5,3,0,0,0,0,0,0,0,16,0,0,0,0,0
event=trace_row ordinal=4683 kind=5 ns=268154498695604 fields=513,6,15,0,0,0,0,0,0,0,16,0,0,0,0,0
event=trace_row ordinal=4684 kind=0 ns=268154498676354 fields=925,2,0,25,1,0,0,0,0,0,0,0,0,0,0,0
event=trace_row ordinal=4685 kind=1 ns=268154498676354 fields=925,2,0,1008,998,200,1000,0,1,0,0,0,0,0,0,0
event=trace_row ordinal=4686 kind=3 ns=268154498698813 fields=925,926,1,2,268154498676354,0,0,0,0,0,0,0,0,4,1,3
event=trace_row ordinal=4687 kind=5 ns=268154508696405 fields=513,6,15,0,0,0,0,0,0,0,16,0,0,0,0,0
event=trace_row ordinal=4688 kind=0 ns=268154508675696 fields=926,2,0,50,2,0,0,0,0,0,0,0,0,0,0,0
event=trace_row ordinal=4689 kind=1 ns=268154508675696 fields=926,2,0,1008,998,200,1000,0,1,0,0,0,0,0,0,0
event=trace_row ordinal=4690 kind=1 ns=268154508675696 fields=926,2,1,1008,997,200,1000,0,1,0,0,0,0,0,0,0
event=trace_row ordinal=4691 kind=3 ns=268154508699322 fields=926,927,1,2,268154508675696,0,0,0,0,0,0,0,0,4,1,3
event=trace_row ordinal=4692 kind=5 ns=268154518693997 fields=513,6,15,0,0,0,0,0,0,0,16,0,0,0,0,0
event=trace_row ordinal=4693 kind=0 ns=268154518675622 fields=927,2,0,25,1,0,0,0,0,0,0,0,0,0,0,0
event=trace_row ordinal=4694 kind=1 ns=268154518675622 fields=927,2,0,1008,997,200,1000,0,1,0,0,0,0,0,0,0
event=trace_row ordinal=4695 kind=3 ns=268154518697497 fields=927,928,1,2,268154518675622,0,0,0,0,0,0,0,0,4,1,3
event=trace_row ordinal=4696 kind=5 ns=268154528695673 fields=513,6,15,0,0,0,0,0,0,0,16,0,0,0,0,0
event=trace_row ordinal=4697 kind=0 ns=268154528676131 fields=928,2,0,25,1,0,0,0,0,0,0,0,0,0,0,0
event=trace_row ordinal=4698 kind=1 ns=268154528676131 fields=928,2,0,1008,997,200,1000,0,1,0,0,0,0,0,0,0
event=trace_row ordinal=4699 kind=3 ns=268154528698881 fields=928,929,1,2,268154528676131,0,0,0,0,0,0,0,0,4,1,3
event=trace_row ordinal=4700 kind=5 ns=268154538695890 fields=513,6,15,0,0,0,0,0,0,0,16,0,0,0,0,0
event=trace_row ordinal=4701 kind=0 ns=268154538675765 fields=929,2,0,50,2,0,0,0,0,0,0,0,0,0,0,0
event=trace_row ordinal=4702 kind=1 ns=268154538675765 fields=929,2,0,1008,997,200,1000,0,1,0,0,0,0,0,0,0
event=trace_row ordinal=4703 kind=1 ns=268154538675765 fields=929,2,1,1008,997,200,1000,0,1,0,0,0,0,0,0,0
event=trace_row ordinal=4704 kind=3 ns=268154538699099 fields=929,930,1,2,268154538675765,0,0,0,0,0,0,0,0,4,1,3
event=trace_row ordinal=4705 kind=4 ns=268154539313065 fields=385,8,39,20,39,20,0,0,0,0,16,0,0,0,0,0
event=trace_row ordinal=4706 kind=4 ns=268154540689459 fields=641,5,3,0,0,0,0,0,0,0,16,0,0,0,0,0
event=trace_row ordinal=4707 kind=5 ns=268154548730233 fields=513,6,15,0,0,0,0,0,0,0,16,0,0,0,0,0
event=trace_row ordinal=4708 kind=0 ns=268154548692024 fields=930,2,0,25,1,0,0,0,0,0,0,0,0,0,0,0
event=trace_row ordinal=4709 kind=1 ns=268154548692024 fields=930,2,0,1008,997,200,1000,0,1,0,0,0,0,0,0,0
event=trace_row ordinal=4710 kind=3 ns=268154548735191 fields=930,931,1,2,268154548692024,0,0,0,0,0,0,0,0,4,1,3
event=trace_row ordinal=4711 kind=5 ns=268154558698658 fields=513,6,15,0,0,0,0,0,0,0,16,0,0,0,0,0
event=trace_row ordinal=4712 kind=0 ns=268154558677949 fields=931,2,0,50,2,0,0,0,0,0,0,0,0,0,0,0
event=trace_row ordinal=4713 kind=1 ns=268154558677949 fields=931,2,0,1008,997,200,1000,0,1,0,0,0,0,0,0,0
event=trace_row ordinal=4714 kind=1 ns=268154558677949 fields=931,2,1,1008,997,200,1000,0,1,0,0,0,0,0,0,0
event=trace_row ordinal=4715 kind=3 ns=268154558701866 fields=931,932,1,2,268154558677949,0,0,0,0,0,0,0,0,4,1,3
event=trace_row ordinal=4716 kind=5 ns=268154568694500 fields=513,6,15,0,0,0,0,0,0,0,16,0,0,0,0,0
event=trace_row ordinal=4717 kind=0 ns=268154568675542 fields=932,2,0,25,1,0,0,0,0,0,0,0,0,0,0,0
event=trace_row ordinal=4718 kind=1 ns=268154568675542 fields=932,2,0,1008,997,200,1000,0,1,0,0,0,0,0,0,0
event=trace_row ordinal=4719 kind=3 ns=268154568697417 fields=932,933,1,2,268154568675542,0,0,0,0,0,0,0,0,4,1,3
event=trace_row ordinal=4720 kind=5 ns=268154578698801 fields=513,6,15,0,0,0,0,0,0,0,16,0,0,0,0,0
event=trace_row ordinal=4721 kind=0 ns=268154578676926 fields=933,2,0,50,2,0,0,0,0,0,0,0,0,0,0,0
event=trace_row ordinal=4722 kind=1 ns=268154578676926 fields=933,2,0,1008,997,200,1000,0,1,0,0,0,0,0,0,0
event=trace_row ordinal=4723 kind=1 ns=268154578676926 fields=933,2,1,1008,997,200,1000,0,1,0,0,0,0,0,0,0
event=trace_row ordinal=4724 kind=3 ns=268154578702884 fields=933,934,1,2,268154578676926,0,0,0,0,0,0,0,0,4,1,3
event=trace_row ordinal=4725 kind=5 ns=268154588695518 fields=513,6,15,0,0,0,0,0,0,0,16,0,0,0,0,0
event=trace_row ordinal=4726 kind=0 ns=268154588676268 fields=934,2,0,25,1,0,0,0,0,0,0,0,0,0,0,0
event=trace_row ordinal=4727 kind=1 ns=268154588676268 fields=934,2,0,1008,997,200,1000,0,1,0,0,0,0,0,0,0
event=trace_row ordinal=4728 kind=3 ns=268154588698435 fields=934,935,1,2,268154588676268,0,0,0,0,0,0,0,0,4,1,3
event=trace_row ordinal=4729 kind=4 ns=268154589325235 fields=385,8,39,20,39,20,0,0,0,0,16,0,0,0,0,0
event=trace_row ordinal=4730 kind=4 ns=268154590637753 fields=641,5,3,0,0,0,0,0,0,0,16,0,0,0,0,0
event=trace_row ordinal=4731 kind=5 ns=268154598695736 fields=513,6,15,0,0,0,0,0,0,0,16,0,0,0,0,0
event=trace_row ordinal=4732 kind=0 ns=268154598676194 fields=935,2,0,25,1,0,0,0,0,0,0,0,0,0,0,0
event=trace_row ordinal=4733 kind=1 ns=268154598676194 fields=935,2,0,1008,997,200,1000,0,1,0,0,0,0,0,0,0
event=trace_row ordinal=4734 kind=3 ns=268154598698944 fields=935,936,1,2,268154598676194,0,0,0,0,0,0,0,0,4,1,3
event=trace_row ordinal=4735 kind=5 ns=268154608696536 fields=513,6,15,0,0,0,0,0,0,0,16,0,0,0,0,0
event=trace_row ordinal=4736 kind=0 ns=268154608675828 fields=936,2,0,50,2,0,0,0,0,0,0,0,0,0,0,0
event=trace_row ordinal=4737 kind=1 ns=268154608675828 fields=936,2,0,1008,997,200,1000,0,1,0,0,0,0,0,0,0
event=trace_row ordinal=4738 kind=1 ns=268154608675828 fields=936,2,1,1008,997,200,1000,0,1,0,0,0,0,0,0,0
event=trace_row ordinal=4739 kind=3 ns=268154608700036 fields=936,937,1,2,268154608675828,0,0,0,0,0,0,0,0,4,1,3
event=trace_row ordinal=4740 kind=4 ns=268154616447973 fields=1793,1,5,0,0,0,0,0,0,0,16,0,0,0,0,0
event=trace_row ordinal=4741 kind=5 ns=268154618695003 fields=513,6,15,0,0,0,0,0,0,0,16,0,0,0,0,0
event=trace_row ordinal=4742 kind=0 ns=268154618676045 fields=937,2,0,25,1,0,0,0,0,0,0,0,0,0,0,0
event=trace_row ordinal=4743 kind=1 ns=268154618676045 fields=937,2,0,1008,997,200,1000,0,1,0,0,0,0,0,0,0
event=trace_row ordinal=4744 kind=3 ns=268154618698212 fields=937,938,1,2,268154618676045,0,0,0,0,0,0,0,0,4,1,3
event=trace_row ordinal=4745 kind=5 ns=268154628698721 fields=513,6,15,0,0,0,0,0,0,0,16,0,0,0,0,0
event=trace_row ordinal=4746 kind=0 ns=268154628677429 fields=938,2,0,50,2,0,0,0,0,0,0,0,0,0,0,0
event=trace_row ordinal=4747 kind=1 ns=268154628677429 fields=938,2,0,1008,997,200,1000,0,1,0,0,0,0,0,0,0
event=trace_row ordinal=4748 kind=1 ns=268154628677429 fields=938,2,1,1008,997,200,1000,0,1,0,0,0,0,0,0,0
event=trace_row ordinal=4749 kind=3 ns=268154628702221 fields=938,939,1,2,268154628677429,0,0,0,0,0,0,0,0,4,1,3
event=trace_row ordinal=4750 kind=5 ns=268154638694563 fields=513,6,15,0,0,0,0,0,0,0,16,0,0,0,0,0
event=trace_row ordinal=4751 kind=0 ns=268154638675604 fields=939,2,0,25,1,0,0,0,0,0,0,0,0,0,0,0
event=trace_row ordinal=4752 kind=1 ns=268154638675604 fields=939,2,0,1008,997,200,1000,0,1,0,0,0,0,0,0,0
event=trace_row ordinal=4753 kind=3 ns=268154638698646 fields=939,940,1,2,268154638675604,0,0,0,0,0,0,0,0,4,1,3
event=trace_row ordinal=4754 kind=4 ns=268154639333322 fields=385,8,39,20,39,20,0,0,0,0,16,0,0,0,0,0
event=trace_row ordinal=4755 kind=4 ns=268154640588963 fields=641,5,3,0,0,0,0,0,0,0,16,0,0,0,0,0
event=trace_row ordinal=4756 kind=5 ns=268154648697114 fields=513,6,15,0,0,0,0,0,0,0,16,0,0,0,0,0
event=trace_row ordinal=4757 kind=0 ns=268154648676405 fields=940,2,0,50,2,0,0,0,0,0,0,0,0,0,0,0
event=trace_row ordinal=4758 kind=1 ns=268154648676405 fields=940,2,0,1008,997,200,1000,0,1,0,0,0,0,0,0,0
event=trace_row ordinal=4759 kind=1 ns=268154648676405 fields=940,2,1,1008,998,200,1000,0,1,0,0,0,0,0,0,0
event=trace_row ordinal=4760 kind=3 ns=268154648700614 fields=940,941,1,2,268154648676405,0,0,0,0,0,0,0,0,4,1,3
event=trace_row ordinal=4761 kind=5 ns=268154658694414 fields=513,6,15,0,0,0,0,0,0,0,16,0,0,0,0,0
event=trace_row ordinal=4762 kind=0 ns=268154658676039 fields=941,2,0,25,1,0,0,0,0,0,0,0,0,0,0,0
event=trace_row ordinal=4763 kind=1 ns=268154658676039 fields=941,2,0,1008,998,200,1000,0,1,0,0,0,0,0,0,0
event=trace_row ordinal=4764 kind=3 ns=268154658697331 fields=941,942,1,2,268154658676039,0,0,0,0,0,0,0,0,4,1,3
event=trace_row ordinal=4765 kind=5 ns=268154668694632 fields=513,6,15,0,0,0,0,0,0,0,16,0,0,0,0,0
event=trace_row ordinal=4766 kind=0 ns=268154668676256 fields=942,2,0,25,1,0,0,0,0,0,0,0,0,0,0,0
event=trace_row ordinal=4767 kind=1 ns=268154668676256 fields=942,2,0,1008,998,200,1000,0,1,0,0,0,0,0,0,0
event=trace_row ordinal=4768 kind=3 ns=268154668697840 fields=942,943,1,2,268154668676256,0,0,0,0,0,0,0,0,4,1,3
event=trace_row ordinal=4769 kind=5 ns=268154678696307 fields=513,6,15,0,0,0,0,0,0,0,16,0,0,0,0,0
event=trace_row ordinal=4770 kind=0 ns=268154678675599 fields=943,2,0,50,2,0,0,0,0,0,0,0,0,0,0,0
event=trace_row ordinal=4771 kind=1 ns=268154678675599 fields=943,2,0,1008,997,200,1000,0,1,0,0,0,0,0,0,0
event=trace_row ordinal=4772 kind=1 ns=268154678675599 fields=943,2,1,1008,997,200,1000,0,1,0,0,0,0,0,0,0
event=trace_row ordinal=4773 kind=3 ns=268154678699516 fields=943,944,1,2,268154678675599,0,0,0,0,0,0,0,0,4,1,3
event=trace_row ordinal=4774 kind=5 ns=268154688694483 fields=513,6,15,0,0,0,0,0,0,0,16,0,0,0,0,0
event=trace_row ordinal=4775 kind=0 ns=268154688675524 fields=944,2,0,25,1,0,0,0,0,0,0,0,0,0,0,0
event=trace_row ordinal=4776 kind=1 ns=268154688675524 fields=944,2,0,1008,997,200,1000,0,1,0,0,0,0,0,0,0
event=trace_row ordinal=4777 kind=3 ns=268154688697691 fields=944,945,1,2,268154688675524,0,0,0,0,0,0,0,0,4,1,3
event=trace_row ordinal=4778 kind=4 ns=268154689403534 fields=385,8,39,20,39,20,0,0,0,0,16,0,0,0,0,0
event=trace_row ordinal=4779 kind=4 ns=268154690539299 fields=641,5,3,0,0,0,0,0,0,0,16,0,0,0,0,0
event=trace_row ordinal=4780 kind=5 ns=268154698702575 fields=513,6,15,0,0,0,0,0,0,0,16,0,0,0,0,0
event=trace_row ordinal=4781 kind=0 ns=268154698677200 fields=945,2,0,50,2,0,0,0,0,0,0,0,0,0,0,0
event=trace_row ordinal=4782 kind=1 ns=268154698677200 fields=945,2,0,1008,998,200,1000,0,1,0,0,0,0,0,0,0
event=trace_row ordinal=4783 kind=1 ns=268154698677200 fields=945,2,1,1008,998,200,1000,0,1,0,0,0,0,0,0,0
event=trace_row ordinal=4784 kind=3 ns=268154698706367 fields=945,946,1,2,268154698677200,0,0,0,0,0,0,0,0,4,1,3
event=trace_row ordinal=4785 kind=5 ns=268154708695501 fields=513,6,15,0,0,0,0,0,0,0,16,0,0,0,0,0
event=trace_row ordinal=4786 kind=0 ns=268154708676834 fields=946,2,0,25,1,0,0,0,0,0,0,0,0,0,0,0
event=trace_row ordinal=4787 kind=1 ns=268154708676834 fields=946,2,0,1008,997,200,1000,0,1,0,0,0,0,0,0,0
event=trace_row ordinal=4788 kind=3 ns=268154708698709 fields=946,947,1,2,268154708676834,0,0,0,0,0,0,0,0,4,1,3
event=trace_row ordinal=4789 kind=5 ns=268154718711176 fields=513,6,15,0,0,0,0,0,0,0,16,0,0,0,0,0
event=trace_row ordinal=4790 kind=0 ns=268154718681426 fields=947,2,0,50,2,0,0,0,0,0,0,0,0,0,0,0
event=trace_row ordinal=4791 kind=1 ns=268154718681426 fields=947,2,0,1008,997,200,1000,0,1,0,0,0,0,0,0,0
event=trace_row ordinal=4792 kind=1 ns=268154718681426 fields=947,2,1,1008,997,200,1000,0,1,0,0,0,0,0,0,0
event=trace_row ordinal=4793 kind=3 ns=268154718714677 fields=947,948,1,2,268154718681426,0,0,0,0,0,0,0,0,4,1,3
event=trace_row ordinal=4794 kind=5 ns=268154728710227 fields=513,6,15,0,0,0,0,0,0,0,16,0,0,0,0,0
event=trace_row ordinal=4795 kind=0 ns=268154728683977 fields=948,2,0,25,1,0,0,0,0,0,0,0,0,0,0,0
event=trace_row ordinal=4796 kind=1 ns=268154728683977 fields=948,2,0,1008,997,200,1000,0,1,0,0,0,0,0,0,0
event=trace_row ordinal=4797 kind=3 ns=268154728714019 fields=948,949,1,2,268154728683977,0,0,0,0,0,0,0,0,4,1,3
event=trace_row ordinal=4798 kind=5 ns=268154738715986 fields=513,6,15,0,0,0,0,0,0,0,16,0,0,0,0,0
event=trace_row ordinal=4799 kind=0 ns=268154738685652 fields=949,2,0,25,1,0,0,0,0,0,0,0,0,0,0,0
event=trace_row ordinal=4800 kind=1 ns=268154738685652 fields=949,2,0,1008,997,200,1000,0,1,0,0,0,0,0,0,0
event=trace_row ordinal=4801 kind=3 ns=268154738720361 fields=949,950,1,2,268154738685652,0,0,0,0,0,0,0,0,4,1,3
event=trace_row ordinal=4802 kind=4 ns=268154739367578 fields=385,8,39,20,39,20,0,0,0,0,16,0,0,0,0,0
event=trace_row ordinal=4803 kind=4 ns=268154740490510 fields=641,5,3,0,0,0,0,0,0,0,16,0,0,0,0,0
event=trace_row ordinal=4804 kind=5 ns=268154748712703 fields=513,6,15,0,0,0,0,0,0,0,16,0,0,0,0,0
event=trace_row ordinal=4805 kind=0 ns=268154748685870 fields=950,2,0,50,2,0,0,0,0,0,0,0,0,0,0,0
event=trace_row ordinal=4806 kind=1 ns=268154748685870 fields=950,2,0,1008,997,200,1000,0,1,0,0,0,0,0,0,0
event=trace_row ordinal=4807 kind=1 ns=268154748685870 fields=950,2,1,1008,997,200,1000,0,1,0,0,0,0,0,0,0
event=trace_row ordinal=4808 kind=3 ns=268154748717662 fields=950,951,1,2,268154748685870,0,0,0,0,0,0,0,0,4,1,3
event=trace_row ordinal=4809 kind=5 ns=268154758715837 fields=513,6,15,0,0,0,0,0,0,0,16,0,0,0,0,0
event=trace_row ordinal=4810 kind=0 ns=268154758686670 fields=951,2,0,25,1,0,0,0,0,0,0,0,0,0,0,0
event=trace_row ordinal=4811 kind=1 ns=268154758686670 fields=951,2,0,1008,997,200,1000,0,1,0,0,0,0,0,0,0
event=trace_row ordinal=4812 kind=3 ns=268154758719629 fields=951,952,1,2,268154758686670,0,0,0,0,0,0,0,0,4,1,3
event=trace_row ordinal=4813 kind=5 ns=268154768700304 fields=513,6,15,0,0,0,0,0,0,0,16,0,0,0,0,0
event=trace_row ordinal=4814 kind=0 ns=268154768677846 fields=952,2,0,50,2,0,0,0,0,0,0,0,0,0,0,0
event=trace_row ordinal=4815 kind=1 ns=268154768677846 fields=952,2,0,1008,997,200,1000,0,1,0,0,0,0,0,0,0
event=trace_row ordinal=4816 kind=1 ns=268154768677846 fields=952,2,1,1008,997,200,1000,0,1,0,0,0,0,0,0,0
event=trace_row ordinal=4817 kind=3 ns=268154768703513 fields=952,953,1,2,268154768677846,0,0,0,0,0,0,0,0,4,1,3
event=trace_row ordinal=4818 kind=5 ns=268154778716564 fields=513,6,15,0,0,0,0,0,0,0,16,0,0,0,0,0
event=trace_row ordinal=4819 kind=0 ns=268154778685938 fields=953,2,0,25,1,0,0,0,0,0,0,0,0,0,0,0
event=trace_row ordinal=4820 kind=1 ns=268154778685938 fields=953,2,0,1008,997,200,1000,0,1,0,0,0,0,0,0,0
event=trace_row ordinal=4821 kind=3 ns=268154778720939 fields=953,954,1,2,268154778685938,0,0,0,0,0,0,0,0,4,1,3
event=trace_row ordinal=4822 kind=5 ns=268154788706864 fields=513,6,15,0,0,0,0,0,0,0,16,0,0,0,0,0
event=trace_row ordinal=4823 kind=0 ns=268154788680030 fields=954,2,0,50,2,0,0,0,0,0,0,0,0,0,0,0
event=trace_row ordinal=4824 kind=1 ns=268154788680030 fields=954,2,0,1008,997,200,1000,0,1,0,0,0,0,0,0,0
event=trace_row ordinal=4825 kind=1 ns=268154788680030 fields=954,2,1,1010,997,200,1000,0,1,0,0,0,0,0,0,0
event=trace_row ordinal=4826 kind=3 ns=268154788711239 fields=954,955,1,2,268154788680030,0,0,0,0,0,0,0,0,4,1,3
event=trace_row ordinal=4827 kind=4 ns=268154789375665 fields=385,8,39,20,39,20,0,0,0,0,16,0,0,0,0,0
event=trace_row ordinal=4828 kind=4 ns=268154790437637 fields=641,5,3,0,0,0,0,0,0,0,16,0,0,0,0,0
event=trace_row ordinal=4829 kind=5 ns=268154798735957 fields=513,6,15,0,0,0,0,0,0,0,16,0,0,0,0,0
event=trace_row ordinal=4830 kind=0 ns=268154798693373 fields=955,2,0,25,1,0,0,0,0,0,0,0,0,0,0,0
event=trace_row ordinal=4831 kind=1 ns=268154798693373 fields=955,2,0,1010,997,200,1000,0,1,0,0,0,0,0,0,0
event=trace_row ordinal=4832 kind=3 ns=268154798741207 fields=955,956,1,2,268154798693373,0,0,0,0,0,0,0,0,4,1,3
event=trace_row ordinal=4833 kind=5 ns=268154808708757 fields=513,6,15,0,0,0,0,0,0,0,16,0,0,0,0,0
event=trace_row ordinal=4834 kind=0 ns=268154808682798 fields=956,2,0,25,1,0,0,0,0,0,0,0,0,0,0,0
event=trace_row ordinal=4835 kind=1 ns=268154808682798 fields=956,2,0,1010,997,200,1000,0,1,0,0,0,0,0,0,0
event=trace_row ordinal=4836 kind=3 ns=268154808712549 fields=956,957,1,2,268154808682798,0,0,0,0,0,0,0,0,4,1,3
event=trace_row ordinal=4837 kind=5 ns=268154818713349 fields=513,6,15,0,0,0,0,0,0,0,16,0,0,0,0,0
event=trace_row ordinal=4838 kind=0 ns=268154818683599 fields=957,2,0,50,2,0,0,0,0,0,0,0,0,0,0,0
event=trace_row ordinal=4839 kind=1 ns=268154818683599 fields=957,2,0,1009,997,200,1000,0,1,0,0,0,0,0,0,0
event=trace_row ordinal=4840 kind=1 ns=268154818683599 fields=957,2,1,1009,997,200,1000,0,1,0,0,0,0,0,0,0
event=trace_row ordinal=4841 kind=3 ns=268154818717724 fields=957,958,1,2,268154818683599,0,0,0,0,0,0,0,0,4,1,3
event=trace_row ordinal=4842 kind=5 ns=268154828718233 fields=513,6,15,0,0,0,0,0,0,0,16,0,0,0,0,0
event=trace_row ordinal=4843 kind=0 ns=268154828687316 fields=958,2,0,25,1,0,0,0,0,0,0,0,0,0,0,0
event=trace_row ordinal=4844 kind=1 ns=268154828687316 fields=958,2,0,1009,997,200,1000,0,1,0,0,0,0,0,0,0
event=trace_row ordinal=4845 kind=3 ns=268154828722900 fields=958,959,1,2,268154828687316,0,0,0,0,0,0,0,0,4,1,3
event=trace_row ordinal=4846 kind=5 ns=268154838707951 fields=513,6,15,0,0,0,0,0,0,0,16,0,0,0,0,0
event=trace_row ordinal=4847 kind=0 ns=268154838681409 fields=959,2,0,50,2,0,0,0,0,0,0,0,0,0,0,0
event=trace_row ordinal=4848 kind=1 ns=268154838681409 fields=959,2,0,1009,997,200,1000,0,1,0,0,0,0,0,0,0
event=trace_row ordinal=4849 kind=1 ns=268154838681409 fields=959,2,1,1009,997,200,1000,0,1,0,0,0,0,0,0,0
event=trace_row ordinal=4850 kind=3 ns=268154838712326 fields=959,960,1,2,268154838681409,0,0,0,0,0,0,0,0,4,1,3
event=trace_row ordinal=4851 kind=4 ns=268154839407085 fields=385,8,39,20,39,20,0,0,0,0,16,0,0,0,0,0
event=trace_row ordinal=4852 kind=4 ns=268154840386806 fields=641,5,3,0,0,0,0,0,0,0,16,0,0,0,0,0
event=trace_row ordinal=4853 kind=5 ns=268154848711085 fields=513,6,15,0,0,0,0,0,0,0,16,0,0,0,0,0
event=trace_row ordinal=4854 kind=0 ns=268154848685126 fields=960,2,0,25,1,0,0,0,0,0,0,0,0,0,0,0
event=trace_row ordinal=4855 kind=1 ns=268154848685126 fields=960,2,0,1008,997,200,1000,0,1,0,0,0,0,0,0,0
event=trace_row ordinal=4856 kind=3 ns=268154848715168 fields=960,961,1,2,268154848685126,0,0,0,0,0,0,0,0,4,1,3
event=trace_row ordinal=4857 kind=5 ns=268154858715969 fields=513,6,15,0,0,0,0,0,0,0,16,0,0,0,0,0
event=trace_row ordinal=4858 kind=0 ns=268154858683885 fields=961,2,0,50,2,0,0,0,0,0,0,0,0,0,0,0
event=trace_row ordinal=4859 kind=1 ns=268154858683885 fields=961,2,0,1008,997,200,1000,0,1,0,0,0,0,0,0,0
event=trace_row ordinal=4860 kind=1 ns=268154858683885 fields=961,2,1,1008,997,200,1000,0,1,0,0,0,0,0,0,0
event=trace_row ordinal=4861 kind=3 ns=268154858720344 fields=961,962,1,2,268154858683885,0,0,0,0,0,0,0,0,4,1,3
event=trace_row ordinal=4862 kind=4 ns=268154866022900 fields=1793,1,5,0,0,0,0,0,0,0,16,0,0,0,0,0
event=trace_row ordinal=4863 kind=5 ns=268154868703352 fields=513,6,15,0,0,0,0,0,0,0,16,0,0,0,0,0
event=trace_row ordinal=4864 kind=0 ns=268154868681769 fields=962,2,0,25,1,0,0,0,0,0,0,0,0,0,0,0
event=trace_row ordinal=4865 kind=1 ns=268154868681769 fields=962,2,0,1009,997,200,1000,0,1,0,0,0,0,0,0,0
event=trace_row ordinal=4866 kind=3 ns=268154868707144 fields=962,963,1,2,268154868681769,0,0,0,0,0,0,0,0,4,1,3
event=trace_row ordinal=4867 kind=5 ns=268154878704736 fields=513,6,15,0,0,0,0,0,0,0,16,0,0,0,0,0
event=trace_row ordinal=4868 kind=0 ns=268154878682278 fields=963,2,0,25,1,0,0,0,0,0,0,0,0,0,0,0
event=trace_row ordinal=4869 kind=1 ns=268154878682278 fields=963,2,0,1009,997,200,1000,0,1,0,0,0,0,0,0,0
event=trace_row ordinal=4870 kind=3 ns=268154878708528 fields=963,964,1,2,268154878682278,0,0,0,0,0,0,0,0,4,1,3
event=trace_row ordinal=4871 kind=5 ns=268154888706120 fields=513,6,15,0,0,0,0,0,0,0,16,0,0,0,0,0
event=trace_row ordinal=4872 kind=0 ns=268154888681620 fields=964,2,0,50,2,0,0,0,0,0,0,0,0,0,0,0
event=trace_row ordinal=4873 kind=1 ns=268154888681620 fields=964,2,0,1009,997,200,1000,0,1,0,0,0,0,0,0,0
event=trace_row ordinal=4874 kind=1 ns=268154888681620 fields=964,2,1,1008,997,200,1000,0,1,0,0,0,0,0,0,0
event=trace_row ordinal=4875 kind=3 ns=268154888710204 fields=964,965,1,2,268154888681620,0,0,0,0,0,0,0,0,4,1,3
event=trace_row ordinal=4876 kind=4 ns=268154889338754 fields=385,8,39,20,39,20,0,0,0,0,16,0,0,0,0,0
event=trace_row ordinal=4877 kind=4 ns=268154890335392 fields=641,5,3,0,0,0,0,0,0,0,16,0,0,0,0,0
event=trace_row ordinal=4878 kind=5 ns=268154898705754 fields=513,6,15,0,0,0,0,0,0,0,16,0,0,0,0,0
event=trace_row ordinal=4879 kind=0 ns=268154898682129 fields=965,2,0,25,1,0,0,0,0,0,0,0,0,0,0,0
event=trace_row ordinal=4880 kind=1 ns=268154898682129 fields=965,2,0,1008,997,200,1000,0,1,0,0,0,0,0,0,0
event=trace_row ordinal=4881 kind=3 ns=268154898709254 fields=965,966,1,2,268154898682129,0,0,0,0,0,0,0,0,4,1,3
event=trace_row ordinal=4882 kind=5 ns=268154908702763 fields=513,6,15,0,0,0,0,0,0,0,16,0,0,0,0,0
event=trace_row ordinal=4883 kind=0 ns=268154908679721 fields=966,2,0,50,2,0,0,0,0,0,0,0,0,0,0,0
event=trace_row ordinal=4884 kind=1 ns=268154908679721 fields=966,2,0,1008,997,200,1000,0,1,0,0,0,0,0,0,0
event=trace_row ordinal=4885 kind=1 ns=268154908679721 fields=966,2,1,1008,997,200,1000,0,1,0,0,0,0,0,0,0
event=trace_row ordinal=4886 kind=3 ns=268154908705971 fields=966,967,1,2,268154908679721,0,0,0,0,0,0,0,0,4,1,3
event=trace_row ordinal=4887 kind=5 ns=268154918696564 fields=513,6,15,0,0,0,0,0,0,0,16,0,0,0,0,0
event=trace_row ordinal=4888 kind=0 ns=268154918677313 fields=967,2,0,25,1,0,0,0,0,0,0,0,0,0,0,0
event=trace_row ordinal=4889 kind=1 ns=268154918677313 fields=967,2,0,1008,997,200,1000,0,1,0,0,0,0,0,0,0
event=trace_row ordinal=4890 kind=3 ns=268154918699480 fields=967,968,1,2,268154918677313,0,0,0,0,0,0,0,0,4,1,3
event=trace_row ordinal=4891 kind=5 ns=268154928696198 fields=513,6,15,0,0,0,0,0,0,0,16,0,0,0,0,0
event=trace_row ordinal=4892 kind=0 ns=268154928675781 fields=968,2,0,50,2,0,0,0,0,0,0,0,0,0,0,0
event=trace_row ordinal=4893 kind=1 ns=268154928675781 fields=968,2,0,1008,997,200,1000,0,1,0,0,0,0,0,0,0
event=trace_row ordinal=4894 kind=1 ns=268154928675781 fields=968,2,1,1008,997,200,1000,0,1,0,0,0,0,0,0,0
event=trace_row ordinal=4895 kind=3 ns=268154928699989 fields=968,969,1,2,268154928675781,0,0,0,0,0,0,0,0,4,1,3
event=trace_row ordinal=4896 kind=5 ns=268154938699332 fields=513,6,15,0,0,0,0,0,0,0,16,0,0,0,0,0
event=trace_row ordinal=4897 kind=0 ns=268154938677748 fields=969,2,0,25,1,0,0,0,0,0,0,0,0,0,0,0
event=trace_row ordinal=4898 kind=1 ns=268154938677748 fields=969,2,0,1008,997,200,1000,0,1,0,0,0,0,0,0,0
event=trace_row ordinal=4899 kind=3 ns=268154938702540 fields=969,970,1,2,268154938677748,0,0,0,0,0,0,0,0,4,1,3
event=trace_row ordinal=4900 kind=4 ns=268154939345965 fields=385,8,39,20,39,20,0,0,0,0,16,0,0,0,0,0
event=trace_row ordinal=4901 kind=4 ns=268154940287186 fields=641,5,3,0,0,0,0,0,0,0,16,0,0,0,0,0
event=trace_row ordinal=4902 kind=5 ns=268154948696632 fields=513,6,15,0,0,0,0,0,0,0,16,0,0,0,0,0
event=trace_row ordinal=4903 kind=0 ns=268154948677382 fields=970,2,0,25,1,0,0,0,0,0,0,0,0,0,0,0
event=trace_row ordinal=4904 kind=1 ns=268154948677382 fields=970,2,0,1008,997,200,1000,0,1,0,0,0,0,0,0,0
event=trace_row ordinal=4905 kind=3 ns=268154948700132 fields=970,971,1,2,268154948677382,0,0,0,0,0,0,0,0,4,1,3
event=trace_row ordinal=4906 kind=5 ns=268154958696849 fields=513,6,15,0,0,0,0,0,0,0,16,0,0,0,0,0
event=trace_row ordinal=4907 kind=0 ns=268154958676141 fields=971,2,0,52,2,0,0,0,0,0,0,0,0,0,0,0
event=trace_row ordinal=4908 kind=1 ns=268154958676141 fields=971,2,0,1010,997,200,1000,0,1,0,0,0,0,0,0,0
event=trace_row ordinal=4909 kind=1 ns=268154958676141 fields=971,2,1,1010,997,200,1000,0,1,0,0,0,0,0,0,0
event=trace_row ordinal=4910 kind=3 ns=268154958700058 fields=971,972,1,2,268154958676141,0,0,0,0,0,0,0,0,4,1,3
event=trace_row ordinal=4911 kind=5 ns=268154968694733 fields=513,6,15,0,0,0,0,0,0,0,16,0,0,0,0,0
event=trace_row ordinal=4912 kind=0 ns=268154968675775 fields=972,2,0,26,1,0,0,0,0,0,0,0,0,0,0,0
event=trace_row ordinal=4913 kind=1 ns=268154968675775 fields=972,2,0,1010,997,200,1000,0,1,0,0,0,0,0,0,0
event=trace_row ordinal=4914 kind=3 ns=268154968697650 fields=972,973,1,2,268154968675775,0,0,0,0,0,0,0,0,4,1,3
event=trace_row ordinal=4915 kind=5 ns=268154978696409 fields=513,6,15,0,0,0,0,0,0,0,16,0,0,0,0,0
event=trace_row ordinal=4916 kind=0 ns=268154978676283 fields=973,2,0,52,2,0,0,0,0,0,0,0,0,0,0,0
event=trace_row ordinal=4917 kind=1 ns=268154978676283 fields=973,2,0,1009,997,200,1000,0,1,0,0,0,0,0,0,0
event=trace_row ordinal=4918 kind=1 ns=268154978676283 fields=973,2,1,1009,997,200,1000,0,1,0,0,0,0,0,0,0
event=trace_row ordinal=4919 kind=3 ns=268154978699617 fields=973,974,1,2,268154978676283,0,0,0,0,0,0,0,0,4,1,3
event=trace_row ordinal=4920 kind=5 ns=268154988693126 fields=513,6,15,0,0,0,0,0,0,0,16,0,0,0,0,0
event=trace_row ordinal=4921 kind=0 ns=268154988674751 fields=974,2,0,25,1,0,0,0,0,0,0,0,0,0,0,0
event=trace_row ordinal=4922 kind=1 ns=268154988674751 fields=974,2,0,1009,996,200,1000,0,1,0,0,0,0,0,0,0
event=trace_row ordinal=4923 kind=3 ns=268154988696334 fields=974,975,1,2,268154988674751,0,0,0,0,0,0,0,0,4,1,3
event=trace_row ordinal=4924 kind=4 ns=268154989296301 fields=385,8,39,20,39,20,0,0,0,0,16,0,0,0,0,0
event=trace_row ordinal=4925 kind=4 ns=268154990236938 fields=641,5,3,0,0,0,0,0,0,0,16,0,0,0,0,0
event=trace_row ordinal=4926 kind=5 ns=268154998699760 fields=513,6,15,0,0,0,0,0,0,0,16,0,0,0,0,0
event=trace_row ordinal=4927 kind=0 ns=268154998678176 fields=975,2,0,50,2,0,0,0,0,0,0,0,0,0,0,0
event=trace_row ordinal=4928 kind=1 ns=268154998678176 fields=975,2,0,1009,996,200,1000,0,1,0,0,0,0,0,0,0
event=trace_row ordinal=4929 kind=1 ns=268154998678176 fields=975,2,1,1009,996,200,1000,0,1,0,0,0,0,0,0,0
event=trace_row ordinal=4930 kind=3 ns=268154998703551 fields=975,976,1,2,268154998678176,0,0,0,0,0,0,0,0,4,1,3
event=trace_row ordinal=4931 kind=5 ns=268155008695893 fields=513,6,15,0,0,0,0,0,0,0,16,0,0,0,0,0
event=trace_row ordinal=4932 kind=0 ns=268155008676352 fields=976,2,0,25,1,0,0,0,0,0,0,0,0,0,0,0
event=trace_row ordinal=4933 kind=1 ns=268155008676352 fields=976,2,0,1008,997,200,1000,0,1,0,0,0,0,0,0,0
event=trace_row ordinal=4934 kind=3 ns=268155008699102 fields=976,977,1,2,268155008676352,0,0,0,0,0,0,0,0,4,1,3
event=trace_row ordinal=4935 kind=5 ns=268155018694361 fields=513,6,15,0,0,0,0,0,0,0,16,0,0,0,0,0
event=trace_row ordinal=4936 kind=0 ns=268155018675694 fields=977,2,0,25,1,0,0,0,0,0,0,0,0,0,0,0
event=trace_row ordinal=4937 kind=1 ns=268155018675694 fields=977,2,0,1008,997,200,1000,0,1,0,0,0,0,0,0,0
event=trace_row ordinal=4938 kind=3 ns=268155018697277 fields=977,978,1,2,268155018675694,0,0,0,0,0,0,0,0,4,1,3
event=trace_row ordinal=4939 kind=5 ns=268155028695744 fields=513,6,15,0,0,0,0,0,0,0,16,0,0,0,0,0
event=trace_row ordinal=4940 kind=0 ns=268155028675619 fields=978,2,0,50,2,0,0,0,0,0,0,0,0,0,0,0
event=trace_row ordinal=4941 kind=1 ns=268155028675619 fields=978,2,0,1008,997,200,1000,0,1,0,0,0,0,0,0,0
event=trace_row ordinal=4942 kind=1 ns=268155028675619 fields=978,2,1,1009,997,200,1000,0,1,0,0,0,0,0,0,0
event=trace_row ordinal=4943 kind=3 ns=268155028698953 fields=978,979,1,2,268155028675619,0,0,0,0,0,0,0,0,4,1,3
event=trace_row ordinal=4944 kind=5 ns=268155038693920 fields=513,6,15,0,0,0,0,0,0,0,16,0,0,0,0,0
event=trace_row ordinal=4945 kind=0 ns=268155038675253 fields=979,2,0,25,1,0,0,0,0,0,0,0,0,0,0,0
event=trace_row ordinal=4946 kind=1 ns=268155038675253 fields=979,2,0,1009,997,200,1000,0,1,0,0,0,0,0,0,0
event=trace_row ordinal=4947 kind=3 ns=268155038696545 fields=979,980,1,2,268155038675253,0,0,0,0,0,0,0,0,4,1,3
event=trace_row ordinal=4948 kind=4 ns=268155039368554 fields=385,8,39,20,39,20,0,0,0,0,16,0,0,0,0,0
event=trace_row ordinal=4949 kind=4 ns=268155040185815 fields=641,5,3,0,0,0,0,0,0,0,16,0,0,0,0,0
event=trace_row ordinal=4950 kind=5 ns=268155048772596 fields=513,6,15,0,0,0,0,0,0,0,16,0,0,0,0,0
event=trace_row ordinal=4951 kind=0 ns=268155048709887 fields=980,2,0,50,2,0,0,0,0,0,0,0,0,0,0,0
event=trace_row ordinal=4952 kind=1 ns=268155048709887 fields=980,2,0,1009,997,200,1000,0,1,0,0,0,0,0,0,0
event=trace_row ordinal=4953 kind=1 ns=268155048709887 fields=980,2,1,1009,997,200,1000,0,1,0,0,0,0,0,0,0
event=trace_row ordinal=4954 kind=3 ns=268155048781347 fields=980,981,1,2,268155048709887,0,0,0,0,0,0,0,0,4,1,3
event=trace_row ordinal=4955 kind=5 ns=268155058699021 fields=513,6,15,0,0,0,0,0,0,0,16,0,0,0,0,0
event=trace_row ordinal=4956 kind=0 ns=268155058678021 fields=981,2,0,25,1,0,0,0,0,0,0,0,0,0,0,0
event=trace_row ordinal=4957 kind=1 ns=268155058678021 fields=981,2,0,1009,997,200,1000,0,1,0,0,0,0,0,0,0
event=trace_row ordinal=4958 kind=3 ns=268155058701938 fields=981,982,1,2,268155058678021,0,0,0,0,0,0,0,0,4,1,3
event=trace_row ordinal=4959 kind=5 ns=268155068697196 fields=513,6,15,0,0,0,0,0,0,0,16,0,0,0,0,0
event=trace_row ordinal=4960 kind=0 ns=268155068676488 fields=982,2,0,50,2,0,0,0,0,0,0,0,0,0,0,0
event=trace_row ordinal=4961 kind=1 ns=268155068676488 fields=982,2,0,1009,997,200,1000,0,1,0,0,0,0,0,0,0
event=trace_row ordinal=4962 kind=1 ns=268155068676488 fields=982,2,1,1010,997,200,1000,0,1,0,0,0,0,0,0,0
event=trace_row ordinal=4963 kind=3 ns=268155068700405 fields=982,983,1,2,268155068676488,0,0,0,0,0,0,0,0,4,1,3
event=trace_row ordinal=4964 kind=5 ns=268155078694789 fields=513,6,15,0,0,0,0,0,0,0,16,0,0,0,0,0
event=trace_row ordinal=4965 kind=0 ns=268155078675830 fields=983,2,0,25,1,0,0,0,0,0,0,0,0,0,0,0
event=trace_row ordinal=4966 kind=1 ns=268155078675830 fields=983,2,0,1010,997,200,1000,0,1,0,0,0,0,0,0,0
event=trace_row ordinal=4967 kind=3 ns=268155078697997 fields=983,984,1,2,268155078675830,0,0,0,0,0,0,0,0,4,1,3
event=trace_row ordinal=4968 kind=5 ns=268155088694422 fields=513,6,15,0,0,0,0,0,0,0,16,0,0,0,0,0
event=trace_row ordinal=4969 kind=0 ns=268155088676047 fields=984,2,0,25,1,0,0,0,0,0,0,0,0,0,0,0
event=trace_row ordinal=4970 kind=1 ns=268155088676047 fields=984,2,0,1010,997,200,1000,0,1,0,0,0,0,0,0,0
event=trace_row ordinal=4971 kind=3 ns=268155088697631 fields=984,985,1,2,268155088676047,0,0,0,0,0,0,0,0,4,1,3
event=trace_row ordinal=4972 kind=4 ns=268155089319181 fields=385,8,39,20,39,20,0,0,0,0,16,0,0,0,0,0
event=trace_row ordinal=4973 kind=4 ns=268155090134400 fields=641,5,3,0,0,0,0,0,0,0,16,0,0,0,0,0
event=trace_row ordinal=4974 kind=5 ns=268155098698723 fields=513,6,15,0,0,0,0,0,0,0,16,0,0,0,0,0
event=trace_row ordinal=4975 kind=0 ns=268155098676848 fields=985,2,0,50,2,0,0,0,0,0,0,0,0,0,0,0
event=trace_row ordinal=4976 kind=1 ns=268155098676848 fields=985,2,0,1009,998,200,1000,0,1,0,0,0,0,0,0,0
event=trace_row ordinal=4977 kind=1 ns=268155098676848 fields=985,2,1,1009,998,200,1000,0,1,0,0,0,0,0,0,0
event=trace_row ordinal=4978 kind=3 ns=268155098702806 fields=985,986,1,2,268155098676848,0,0,0,0,0,0,0,0,4,1,3
event=trace_row ordinal=4979 kind=5 ns=268155108694565 fields=513,6,15,0,0,0,0,0,0,0,16,0,0,0,0,0
event=trace_row ordinal=4980 kind=0 ns=268155108675898 fields=986,2,0,25,1,0,0,0,0,0,0,0,0,0,0,0
event=trace_row ordinal=4981 kind=1 ns=268155108675898 fields=986,2,0,1009,998,200,1000,0,1,0,0,0,0,0,0,0
event=trace_row ordinal=4982 kind=3 ns=268155108698065 fields=986,987,1,2,268155108675898,0,0,0,0,0,0,0,0,4,1,3
event=trace_row ordinal=4983 kind=4 ns=268155115568949 fields=1793,1,5,0,0,0,0,0,0,0,16,0,0,0,0,0
event=trace_row ordinal=4984 kind=5 ns=268155118697116 fields=513,6,15,0,0,0,0,0,0,0,16,0,0,0,0,0
event=trace_row ordinal=4985 kind=0 ns=268155118676115 fields=987,2,0,50,2,0,0,0,0,0,0,0,0,0,0,0
event=trace_row ordinal=4986 kind=1 ns=268155118676115 fields=987,2,0,1009,997,200,1000,0,1,0,0,0,0,0,0,0
event=trace_row ordinal=4987 kind=1 ns=268155118676115 fields=987,2,1,1009,997,200,1000,0,1,0,0,0,0,0,0,0
event=trace_row ordinal=4988 kind=3 ns=268155118700616 fields=987,988,1,2,268155118676115,0,0,0,0,0,0,0,0,4,1,3
event=trace_row ordinal=4989 kind=5 ns=268155128694416 fields=513,6,15,0,0,0,0,0,0,0,16,0,0,0,0,0
event=trace_row ordinal=4990 kind=0 ns=268155128675749 fields=988,2,0,25,1,0,0,0,0,0,0,0,0,0,0,0
event=trace_row ordinal=4991 kind=1 ns=268155128675749 fields=988,2,0,1008,998,200,1000,0,1,0,0,0,0,0,0,0
event=trace_row ordinal=4992 kind=3 ns=268155128697624 fields=988,989,1,2,268155128675749,0,0,0,0,0,0,0,0,4,1,3
event=trace_row ordinal=4993 kind=5 ns=268155138695508 fields=513,6,15,0,0,0,0,0,0,0,16,0,0,0,0,0
event=trace_row ordinal=4994 kind=0 ns=268155138675675 fields=989,2,0,50,2,0,0,0,0,0,0,0,0,0,0,0
event=trace_row ordinal=4995 kind=1 ns=268155138675675 fields=989,2,0,1008,998,200,1000,0,1,0,0,0,0,0,0,0
event=trace_row ordinal=4996 kind=1 ns=268155138675675 fields=989,2,1,1008,998,200,1000,0,1,0,0,0,0,0,0,0
event=trace_row ordinal=4997 kind=3 ns=268155138698717 fields=989,990,1,2,268155138675675,0,0,0,0,0,0,0,0,4,1,3
event=trace_row ordinal=4998 kind=4 ns=268155139449768 fields=385,8,39,20,39,20,0,0,0,0,16,0,0,0,0,0
event=trace_row ordinal=4999 kind=4 ns=268155140146861 fields=641,5,3,0,0,0,0,0,0,0,16,0,0,0,0,0
event=trace_row ordinal=5000 kind=5 ns=268155148698350 fields=513,6,15,0,0,0,0,0,0,0,16,0,0,0,0,0
event=trace_row ordinal=5001 kind=0 ns=268155148677642 fields=990,2,0,26,1,0,0,0,0,0,0,0,0,0,0,0
event=trace_row ordinal=5002 kind=1 ns=268155148677642 fields=990,2,0,1009,997,200,1000,0,1,0,0,0,0,0,0,0
event=trace_row ordinal=5003 kind=3 ns=268155148702434 fields=990,991,1,2,268155148677642,0,0,0,0,0,0,0,0,4,1,3
event=trace_row ordinal=5004 kind=5 ns=268155158694484 fields=513,6,15,0,0,0,0,0,0,0,16,0,0,0,0,0
event=trace_row ordinal=5005 kind=0 ns=268155158675817 fields=991,2,0,26,1,0,0,0,0,0,0,0,0,0,0,0
event=trace_row ordinal=5006 kind=1 ns=268155158675817 fields=991,2,0,1009,997,200,1000,0,1,0,0,0,0,0,0,0
event=trace_row ordinal=5007 kind=3 ns=268155158697984 fields=991,992,1,2,268155158675817,0,0,0,0,0,0,0,0,4,1,3
event=trace_row ordinal=5008 kind=5 ns=268155168696451 fields=513,6,15,0,0,0,0,0,0,0,16,0,0,0,0,0
event=trace_row ordinal=5009 kind=0 ns=268155168676034 fields=992,2,0,52,2,0,0,0,0,0,0,0,0,0,0,0
event=trace_row ordinal=5010 kind=1 ns=268155168676034 fields=992,2,0,1009,997,200,1000,0,1,0,0,0,0,0,0,0
event=trace_row ordinal=5011 kind=1 ns=268155168676034 fields=992,2,1,1008,997,200,1000,0,1,0,0,0,0,0,0,0
event=trace_row ordinal=5012 kind=3 ns=268155168700243 fields=992,993,1,2,268155168676034,0,0,0,0,0,0,0,0,4,1,3
event=trace_row ordinal=5013 kind=5 ns=268155178694043 fields=513,6,15,0,0,0,0,0,0,0,16,0,0,0,0,0
event=trace_row ordinal=5014 kind=0 ns=268155178675960 fields=993,2,0,26,1,0,0,0,0,0,0,0,0,0,0,0
event=trace_row ordinal=5015 kind=1 ns=268155178675960 fields=993,2,0,1008,997,200,1000,0,1,0,0,0,0,0,0,0
event=trace_row ordinal=5016 kind=3 ns=268155178697252 fields=993,994,1,2,268155178675960,0,0,0,0,0,0,0,0,4,1,3
event=trace_row ordinal=5017 kind=5 ns=268155188695719 fields=513,6,15,0,0,0,0,0,0,0,16,0,0,0,0,0
event=trace_row ordinal=5018 kind=0 ns=268155188675594 fields=994,2,0,52,2,0,0,0,0,0,0,0,0,0,0,0
event=trace_row ordinal=5019 kind=1 ns=268155188675594 fields=994,2,0,1008,997,200,1000,0,1,0,0,0,0,0,0,0
event=trace_row ordinal=5020 kind=1 ns=268155188675594 fields=994,2,1,1009,997,200,1000,0,1,0,0,0,0,0,0,0
event=trace_row ordinal=5021 kind=3 ns=268155188698636 fields=994,995,1,2,268155188675594,0,0,0,0,0,0,0,0,4,1,3
event=trace_row ordinal=5022 kind=4 ns=268155189407103 fields=385,8,39,20,39,20,0,0,0,0,16,0,0,0,0,0
event=trace_row ordinal=5023 kind=4 ns=268155190156988 fields=641,5,3,0,0,0,0,0,0,0,16,0,0,0,0,0
event=trace_row ordinal=5024 kind=5 ns=268155198701186 fields=513,6,15,0,0,0,0,0,0,0,16,0,0,0,0,0
event=trace_row ordinal=5025 kind=0 ns=268155198678436 fields=995,2,0,26,1,0,0,0,0,0,0,0,0,0,0,0
event=trace_row ordinal=5026 kind=1 ns=268155198678436 fields=995,2,0,1009,997,200,1000,0,1,0,0,0,0,0,0,0
event=trace_row ordinal=5027 kind=3 ns=268155198704686 fields=995,996,1,2,268155198678436,0,0,0,0,0,0,0,0,4,1,3
event=trace_row ordinal=5028 kind=5 ns=268155208702570 fields=513,6,15,0,0,0,0,0,0,0,16,0,0,0,0,0
event=trace_row ordinal=5029 kind=0 ns=268155208678653 fields=996,2,0,52,2,0,0,0,0,0,0,0,0,0,0,0
event=trace_row ordinal=5030 kind=1 ns=268155208678653 fields=996,2,0,1009,997,200,1000,0,1,0,0,0,0,0,0,0
event=trace_row ordinal=5031 kind=1 ns=268155208678653 fields=996,2,1,1008,997,200,1000,0,1,0,0,0,0,0,0,0
event=trace_row ordinal=5032 kind=3 ns=268155208707237 fields=996,997,1,2,268155208678653,0,0,0,0,0,0,0,0,4,1,3
event=trace_row ordinal=5033 kind=5 ns=268155218707746 fields=513,6,15,0,0,0,0,0,0,0,16,0,0,0,0,0
event=trace_row ordinal=5034 kind=0 ns=268155218680912 fields=997,2,0,26,1,0,0,0,0,0,0,0,0,0,0,0
event=trace_row ordinal=5035 kind=1 ns=268155218680912 fields=997,2,0,1008,997,200,1000,0,1,0,0,0,0,0,0,0
event=trace_row ordinal=5036 kind=3 ns=268155218712121 fields=997,998,1,2,268155218680912,0,0,0,0,0,0,0,0,4,1,3
event=trace_row ordinal=5037 kind=5 ns=268155228702713 fields=513,6,15,0,0,0,0,0,0,0,16,0,0,0,0,0
event=trace_row ordinal=5038 kind=0 ns=268155228680837 fields=998,2,0,26,1,0,0,0,0,0,0,0,0,0,0,0
event=trace_row ordinal=5039 kind=1 ns=268155228680837 fields=998,2,0,1008,997,200,1000,0,1,0,0,0,0,0,0,0
event=trace_row ordinal=5040 kind=3 ns=268155228706213 fields=998,999,1,2,268155228680837,0,0,0,0,0,0,0,0,4,1,3
event=trace_row ordinal=5041 kind=5 ns=268155238713722 fields=513,6,15,0,0,0,0,0,0,0,16,0,0,0,0,0
event=trace_row ordinal=5042 kind=0 ns=268155238683388 fields=999,2,0,52,2,0,0,0,0,0,0,0,0,0,0,0
event=trace_row ordinal=5043 kind=1 ns=268155238683388 fields=999,2,0,1008,996,200,1000,0,1,0,0,0,0,0,0,0
event=trace_row ordinal=5044 kind=1 ns=268155238683388 fields=999,2,1,1008,996,200,1000,0,1,0,0,0,0,0,0,0
event=trace_row ordinal=5045 kind=3 ns=268155238717805 fields=999,1000,1,2,268155238683388,0,0,0,0,0,0,0,0,4,1,3
event=trace_row ordinal=5046 kind=4 ns=268155239374647 fields=385,8,39,20,39,20,0,0,0,0,16,0,0,0,0,0
event=trace_row ordinal=5047 kind=4 ns=268155240109365 fields=641,5,3,0,0,0,0,0,0,0,16,0,0,0,0,0
event=trace_row ordinal=5048 kind=5 ns=268155248719772 fields=513,6,15,0,0,0,0,0,0,0,16,0,0,0,0,0
event=trace_row ordinal=5049 kind=0 ns=268155248686813 fields=1000,2,0,26,1,0,0,0,0,0,0,0,0,0,0,0
event=trace_row ordinal=5050 kind=1 ns=268155248686813 fields=1000,2,0,1008,996,200,1000,0,1,0,0,0,0,0,0,0
event=trace_row ordinal=5051 kind=3 ns=268155248725022 fields=1000,1001,1,2,268155248686813,0,0,0,0,0,0,0,0,4,1,3
event=trace_row ordinal=5052 kind=5 ns=268155258717073 fields=513,6,15,0,0,0,0,0,0,0,16,0,0,0,0,0
event=trace_row ordinal=5053 kind=0 ns=268155258684989 fields=1001,2,0,50,2,0,0,0,0,0,0,0,0,0,0,0
event=trace_row ordinal=5054 kind=1 ns=268155258684989 fields=1001,2,0,1008,997,200,1000,0,1,0,0,0,0,0,0,0
event=trace_row ordinal=5055 kind=1 ns=268155258684989 fields=1001,2,1,1008,997,200,1000,0,1,0,0,0,0,0,0,0
event=trace_row ordinal=5056 kind=3 ns=268155258721156 fields=1001,1002,1,2,268155258684989,0,0,0,0,0,0,0,0,4,1,3
event=trace_row ordinal=5057 kind=5 ns=268155268699790 fields=513,6,15,0,0,0,0,0,0,0,16,0,0,0,0,0
event=trace_row ordinal=5058 kind=0 ns=268155268678498 fields=1002,2,0,25,1,0,0,0,0,0,0,0,0,0,0,0
event=trace_row ordinal=5059 kind=1 ns=268155268678498 fields=1002,2,0,1008,997,200,1000,0,1,0,0,0,0,0,0,0
event=trace_row ordinal=5060 kind=3 ns=268155268702998 fields=1002,1003,1,2,268155268678498,0,0,0,0,0,0,0,0,4,1,3
event=trace_row ordinal=5061 kind=5 ns=268155278723340 fields=513,6,15,0,0,0,0,0,0,0,16,0,0,0,0,0
event=trace_row ordinal=5062 kind=0 ns=268155278687465 fields=1003,2,0,50,2,0,0,0,0,0,0,0,0,0,0,0
event=trace_row ordinal=5063 kind=1 ns=268155278687465 fields=1003,2,0,1008,997,200,1000,0,1,0,0,0,0,0,0,0
event=trace_row ordinal=5064 kind=1 ns=268155278687465 fields=1003,2,1,1008,997,200,1000,0,1,0,0,0,0,0,0,0
event=trace_row ordinal=5065 kind=3 ns=268155278727424 fields=1003,1004,1,2,268155278687465,0,0,0,0,0,0,0,0,4,1,3
event=trace_row ordinal=5066 kind=5 ns=268155288704016 fields=513,6,15,0,0,0,0,0,0,0,16,0,0,0,0,0
event=trace_row ordinal=5067 kind=0 ns=268155288680390 fields=1004,2,0,25,1,0,0,0,0,0,0,0,0,0,0,0
event=trace_row ordinal=5068 kind=1 ns=268155288680390 fields=1004,2,0,1009,997,200,1000,0,1,0,0,0,0,0,0,0
event=trace_row ordinal=5069 kind=3 ns=268155288707807 fields=1004,1005,1,2,268155288680390,0,0,0,0,0,0,0,0,4,1,3
event=trace_row ordinal=5070 kind=4 ns=268155289373400 fields=385,8,39,20,39,20,0,0,0,0,16,0,0,0,0,0
event=trace_row ordinal=5071 kind=4 ns=268155290069617 fields=641,5,3,0,0,0,0,0,0,0,16,0,0,0,0,0
event=trace_row ordinal=5072 kind=5 ns=268155298738067 fields=513,6,15,0,0,0,0,0,0,0,16,0,0,0,0,0
event=trace_row ordinal=5073 kind=0 ns=268155298693441 fields=1005,2,0,25,1,0,0,0,0,0,0,0,0,0,0,0
event=trace_row ordinal=5074 kind=1 ns=268155298693441 fields=1005,2,0,1009,997,200,1000,0,1,0,0,0,0,0,0,0
event=trace_row ordinal=5075 kind=3 ns=268155298743317 fields=1005,1006,1,2,268155298693441,0,0,0,0,0,0,0,0,4,1,3
event=trace_row ordinal=5076 kind=5 ns=268155308716117 fields=513,6,15,0,0,0,0,0,0,0,16,0,0,0,0,0
event=trace_row ordinal=5077 kind=0 ns=268155308685783 fields=1006,2,0,50,2,0,0,0,0,0,0,0,0,0,0,0
event=trace_row ordinal=5078 kind=1 ns=268155308685783 fields=1006,2,0,1009,997,200,1000,0,1,0,0,0,0,0,0,0
event=trace_row ordinal=5079 kind=1 ns=268155308685783 fields=1006,2,1,1010,997,200,1000,0,1,0,0,0,0,0,0,0
event=trace_row ordinal=5080 kind=3 ns=268155308719908 fields=1006,1007,1,2,268155308685783,0,0,0,0,0,0,0,0,4,1,3
event=trace_row ordinal=5081 kind=5 ns=268155318709625 fields=513,6,15,0,0,0,0,0,0,0,16,0,0,0,0,0
event=trace_row ordinal=5082 kind=0 ns=268155318683667 fields=1007,2,0,25,1,0,0,0,0,0,0,0,0,0,0,0
event=trace_row ordinal=5083 kind=1 ns=268155318683667 fields=1007,2,0,1010,997,200,1000,0,1,0,0,0,0,0,0,0
event=trace_row ordinal=5084 kind=3 ns=268155318713709 fields=1007,1008,1,2,268155318683667,0,0,0,0,0,0,0,0,4,1,3
event=trace_row ordinal=5085 kind=5 ns=268155328708384 fields=513,6,15,0,0,0,0,0,0,0,16,0,0,0,0,0
event=trace_row ordinal=5086 kind=0 ns=268155328682426 fields=1008,2,0,50,2,0,0,0,0,0,0,0,0,0,0,0
event=trace_row ordinal=5087 kind=1 ns=268155328682426 fields=1008,2,0,1010,997,200,1000,0,1,0,0,0,0,0,0,0
event=trace_row ordinal=5088 kind=1 ns=268155328682426 fields=1008,2,1,1009,997,200,1000,0,1,0,0,0,0,0,0,0
event=trace_row ordinal=5089 kind=3 ns=268155328712468 fields=1008,1009,1,2,268155328682426,0,0,0,0,0,0,0,0,4,1,3
event=trace_row ordinal=5090 kind=5 ns=268155338698685 fields=513,6,15,0,0,0,0,0,0,0,16,0,0,0,0,0
event=trace_row ordinal=5091 kind=0 ns=268155338678268 fields=1009,2,0,25,1,0,0,0,0,0,0,0,0,0,0,0
event=trace_row ordinal=5092 kind=1 ns=268155338678268 fields=1009,2,0,1009,997,200,1000,0,1,0,0,0,0,0,0,0
event=trace_row ordinal=5093 kind=3 ns=268155338702476 fields=1009,1010,1,2,268155338678268,0,0,0,0,0,0,0,0,4,1,3
event=trace_row ordinal=5094 kind=4 ns=268155339325776 fields=385,8,39,20,39,20,0,0,0,0,16,0,0,0,0,0
event=trace_row ordinal=5095 kind=4 ns=268155339977077 fields=641,5,3,0,0,0,0,0,0,0,16,0,0,0,0,0
event=trace_row ordinal=5096 kind=5 ns=268155348712902 fields=513,6,15,0,0,0,0,0,0,0,16,0,0,0,0,0
event=trace_row ordinal=5097 kind=0 ns=268155348684027 fields=1010,2,0,50,2,0,0,0,0,0,0,0,0,0,0,0
event=trace_row ordinal=5098 kind=1 ns=268155348684027 fields=1010,2,0,1009,997,200,1000,0,1,0,0,0,0,0,0,0
event=trace_row ordinal=5099 kind=1 ns=268155348684027 fields=1010,2,1,1009,997,200,1000,0,1,0,0,0,0,0,0,0
event=trace_row ordinal=5100 kind=3 ns=268155348717277 fields=1010,1011,1,2,268155348684027,0,0,0,0,0,0,0,0,4,1,3
event=trace_row ordinal=5101 kind=5 ns=268155358755703 fields=513,6,15,0,0,0,0,0,0,0,16,0,0,0,0,0
event=trace_row ordinal=5102 kind=0 ns=268155358697661 fields=1011,2,0,25,1,0,0,0,0,0,0,0,0,0,0,0
event=trace_row ordinal=5103 kind=1 ns=268155358697661 fields=1011,2,0,1009,997,200,1000,0,1,0,0,0,0,0,0,0
event=trace_row ordinal=5104 kind=3 ns=268155358763870 fields=1011,1012,1,2,268155358697661,0,0,0,0,0,0,0,0,4,1,3
event=trace_row ordinal=5105 kind=4 ns=268155365208039 fields=1793,1,5,0,0,0,0,0,0,0,16,0,0,0,0,0
event=trace_row ordinal=5106 kind=5 ns=268155368716253 fields=513,6,15,0,0,0,0,0,0,0,16,0,0,0,0,0
event=trace_row ordinal=5107 kind=0 ns=268155368686503 fields=1012,2,0,25,1,0,0,0,0,0,0,0,0,0,0,0
event=trace_row ordinal=5108 kind=1 ns=268155368686503 fields=1012,2,0,1009,997,200,1000,0,1,0,0,0,0,0,0,0
event=trace_row ordinal=5109 kind=3 ns=268155368720336 fields=1012,1013,1,2,268155368686503,0,0,0,0,0,0,0,0,4,1,3
event=trace_row ordinal=5110 kind=5 ns=268155378706845 fields=513,6,15,0,0,0,0,0,0,0,16,0,0,0,0,0
event=trace_row ordinal=5111 kind=0 ns=268155378681470 fields=1013,2,0,50,2,0,0,0,0,0,0,0,0,0,0,0
event=trace_row ordinal=5112 kind=1 ns=268155378681470 fields=1013,2,0,1008,997,200,1000,0,1,0,0,0,0,0,0,0
event=trace_row ordinal=5113 kind=1 ns=268155378681470 fields=1013,2,1,1008,997,200,1000,0,1,0,0,0,0,0,0,0
event=trace_row ordinal=5114 kind=3 ns=268155378710637 fields=1013,1014,1,2,268155378681470,0,0,0,0,0,0,0,0,4,1,3
event=trace_row ordinal=5115 kind=5 ns=268155388702687 fields=513,6,15,0,0,0,0,0,0,0,16,0,0,0,0,0
event=trace_row ordinal=5116 kind=0 ns=268155388679645 fields=1014,2,0,25,1,0,0,0,0,0,0,0,0,0,0,0
event=trace_row ordinal=5117 kind=1 ns=268155388679645 fields=1014,2,0,1008,997,200,1000,0,1,0,0,0,0,0,0,0
event=trace_row ordinal=5118 kind=3 ns=268155388705895 fields=1014,1015,1,2,268155388679645,0,0,0,0,0,0,0,0,4,1,3
event=trace_row ordinal=5119 kind=4 ns=268155389332404 fields=385,8,39,20,39,20,0,0,0,0,16,0,0,0,0,0
event=trace_row ordinal=5120 kind=4 ns=268155389959787 fields=641,5,3,0,0,0,0,0,0,0,16,0,0,0,0,0
event=trace_row ordinal=5121 kind=5 ns=268155398709029 fields=513,6,15,0,0,0,0,0,0,0,16,0,0,0,0,0
event=trace_row ordinal=5122 kind=0 ns=268155398682779 fields=1015,2,0,50,2,0,0,0,0,0,0,0,0,0,0,0
event=trace_row ordinal=5123 kind=1 ns=268155398682779 fields=1015,2,0,1009,996,200,1000,0,1,0,0,0,0,0,0,0
event=trace_row ordinal=5124 kind=1 ns=268155398682779 fields=1015,2,1,1009,996,200,1000,0,1,0,0,0,0,0,0,0
event=trace_row ordinal=5125 kind=3 ns=268155398712821 fields=1015,1016,1,2,268155398682779,0,0,0,0,0,0,0,0,4,1,3
event=trace_row ordinal=5126 kind=5 ns=268155408706330 fields=513,6,15,0,0,0,0,0,0,0,16,0,0,0,0,0
event=trace_row ordinal=5127 kind=0 ns=268155408681246 fields=1016,2,0,25,1,0,0,0,0,0,0,0,0,0,0,0
event=trace_row ordinal=5128 kind=1 ns=268155408681246 fields=1016,2,0,1009,996,200,1000,0,1,0,0,0,0,0,0,0
event=trace_row ordinal=5129 kind=3 ns=268155408709538 fields=1016,1017,1,2,268155408681246,0,0,0,0,0,0,0,0,4,1,3
event=trace_row ordinal=5130 kind=5 ns=268155418699547 fields=513,6,15,0,0,0,0,0,0,0,16,0,0,0,0,0
event=trace_row ordinal=5131 kind=0 ns=268155418677672 fields=1017,2,0,50,2,0,0,0,0,0,0,0,0,0,0,0
event=trace_row ordinal=5132 kind=1 ns=268155418677672 fields=1017,2,0,1009,996,200,1000,0,1,0,0,0,0,0,0,0
event=trace_row ordinal=5133 kind=1 ns=268155418677672 fields=1017,2,1,1009,996,200,1000,0,1,0,0,0,0,0,0,0
event=trace_row ordinal=5134 kind=3 ns=268155418702755 fields=1017,1018,1,2,268155418677672,0,0,0,0,0,0,0,0,4,1,3
event=trace_row ordinal=5135 kind=5 ns=268155428694806 fields=513,6,15,0,0,0,0,0,0,0,16,0,0,0,0,0
event=trace_row ordinal=5136 kind=0 ns=268155428675847 fields=1018,2,0,25,1,0,0,0,0,0,0,0,0,0,0,0
event=trace_row ordinal=5137 kind=1 ns=268155428675847 fields=1018,2,0,1009,996,200,1000,0,1,0,0,0,0,0,0,0
event=trace_row ordinal=5138 kind=3 ns=268155428698014 fields=1018,1019,1,2,268155428675847,0,0,0,0,0,0,0,0,4,1,3
event=trace_row ordinal=5139 kind=5 ns=268155438694731 fields=513,6,15,0,0,0,0,0,0,0,16,0,0,0,0,0
event=trace_row ordinal=5140 kind=0 ns=268155438675773 fields=1019,2,0,25,1,0,0,0,0,0,0,0,0,0,0,0
event=trace_row ordinal=5141 kind=1 ns=268155438675773 fields=1019,2,0,1009,996,200,1000,0,1,0,0,0,0,0,0,0
event=trace_row ordinal=5142 kind=3 ns=268155438697939 fields=1019,1020,1,2,268155438675773,0,0,0,0,0,0,0,0,4,1,3
event=trace_row ordinal=5143 kind=4 ns=268155439399991 fields=385,8,39,20,39,20,0,0,0,0,16,0,0,0,0,0
event=trace_row ordinal=5144 kind=4 ns=268155439967581 fields=641,5,3,0,0,0,0,0,0,0,16,0,0,0,0,0
event=trace_row ordinal=5145 kind=5 ns=268155448697865 fields=513,6,15,0,0,0,0,0,0,0,16,0,0,0,0,0
event=trace_row ordinal=5146 kind=0 ns=268155448676865 fields=1020,2,0,51,2,0,0,0,0,0,0,0,0,0,0,0
event=trace_row ordinal=5147 kind=1 ns=268155448676865 fields=1020,2,0,1009,996,200,1000,0,1,0,0,0,0,0,0,0
event=trace_row ordinal=5148 kind=1 ns=268155448676865 fields=1020,2,1,1008,996,200,1000,0,1,0,0,0,0,0,0,0
event=trace_row ordinal=5149 kind=3 ns=268155448701657 fields=1020,1021,1,2,268155448676865,0,0,0,0,0,0,0,0,4,1,3
event=trace_row ordinal=5150 kind=5 ns=268155458694582 fields=513,6,15,0,0,0,0,0,0,0,16,0,0,0,0,0
event=trace_row ordinal=5151 kind=0 ns=268155458675915 fields=1021,2,0,26,1,0,0,0,0,0,0,0,0,0,0,0
event=trace_row ordinal=5152 kind=1 ns=268155458675915 fields=1021,2,0,1008,996,200,1000,0,1,0,0,0,0,0,0,0
event=trace_row ordinal=5153 kind=3 ns=268155458698374 fields=1021,1022,1,2,268155458675915,0,0,0,0,0,0,0,0,4,1,3
event=trace_row ordinal=5154 kind=5 ns=268155468704424 fields=513,6,15,0,0,0,0,0,0,0,16,0,0,0,0,0
event=trace_row ordinal=5155 kind=0 ns=268155468677882 fields=1022,2,0,52,2,0,0,0,0,0,0,0,0,0,0,0
event=trace_row ordinal=5156 kind=1 ns=268155468677882 fields=1022,2,0,1008,996,200,1000,0,1,0,0,0,0,0,0,0
event=trace_row ordinal=5157 kind=1 ns=268155468677882 fields=1022,2,1,1008,996,200,1000,0,1,0,0,0,0,0,0,0
event=trace_row ordinal=5158 kind=3 ns=268155468709383 fields=1022,1023,1,2,268155468677882,0,0,0,0,0,0,0,0,4,1,3
event=trace_row ordinal=5159 kind=5 ns=268155478695600 fields=513,6,15,0,0,0,0,0,0,0,16,0,0,0,0,0
event=trace_row ordinal=5160 kind=0 ns=268155478675766 fields=1023,2,0,26,1,0,0,0,0,0,0,0,0,0,0,0
event=trace_row ordinal=5161 kind=1 ns=268155478675766 fields=1023,2,0,1008,996,200,1000,0,1,0,0,0,0,0,0,0
event=trace_row ordinal=5162 kind=3 ns=268155478698808 fields=1023,1024,1,2,268155478675766,0,0,0,0,0,0,0,0,4,1,3
event=trace_row ordinal=5163 kind=5 ns=268155488695525 fields=513,6,15,0,0,0,0,0,0,0,16,0,0,0,0,0
event=trace_row ordinal=5164 kind=0 ns=268155488675692 fields=1024,2,0,52,2,0,0,0,0,0,0,0,0,0,0,0
event=trace_row ordinal=5165 kind=1 ns=268155488675692 fields=1024,2,0,1008,996,200,1000,0,1,0,0,0,0,0,0,0
event=trace_row ordinal=5166 kind=1 ns=268155488675692 fields=1024,2,1,1008,996,200,1000,0,1,0,0,0,0,0,0,0
event=trace_row ordinal=5167 kind=3 ns=268155488698734 fields=1024,1025,1,2,268155488675692,0,0,0,0,0,0,0,0,4,1,3
event=trace_row ordinal=5168 kind=4 ns=268155489409243 fields=385,8,39,20,39,20,0,0,0,0,16,0,0,0,0,0
event=trace_row ordinal=5169 kind=4 ns=268155489928417 fields=641,5,3,0,0,0,0,0,0,0,16,0,0,0,0,0
event=trace_row ordinal=5170 kind=5 ns=268155498695451 fields=513,6,15,0,0,0,0,0,0,0,16,0,0,0,0,0
event=trace_row ordinal=5171 kind=0 ns=268155498675909 fields=1025,2,0,26,1,0,0,0,0,0,0,0,0,0,0,0
event=trace_row ordinal=5172 kind=1 ns=268155498675909 fields=1025,2,0,1008,996,200,1000,0,1,0,0,0,0,0,0,0
event=trace_row ordinal=5173 kind=3 ns=268155498698659 fields=1025,1026,1,2,268155498675909,0,0,0,0,0,0,0,0,4,1,3
event=trace_row ordinal=5174 kind=5 ns=268155508693043 fields=513,6,15,0,0,0,0,0,0,0,16,0,0,0,0,0
event=trace_row ordinal=5175 kind=0 ns=268155508674959 fields=1026,2,0,26,1,0,0,0,0,0,0,0,0,0,0,0
event=trace_row ordinal=5176 kind=1 ns=268155508674959 fields=1026,2,0,1008,996,200,1000,0,1,0,0,0,0,0,0,0
event=trace_row ordinal=5177 kind=3 ns=268155508696251 fields=1026,1027,1,2,268155508674959,0,0,0,0,0,0,0,0,4,1,3
event=trace_row ordinal=5178 kind=5 ns=268155518697635 fields=513,6,15,0,0,0,0,0,0,0,16,0,0,0,0,0
event=trace_row ordinal=5179 kind=0 ns=268155518676635 fields=1027,2,0,50,2,0,0,0,0,0,0,0,0,0,0,0
event=trace_row ordinal=5180 kind=1 ns=268155518676635 fields=1027,2,0,1008,996,200,1000,0,1,0,0,0,0,0,0,0
event=trace_row ordinal=5181 kind=1 ns=268155518676635 fields=1027,2,1,1008,996,200,1000,0,1,0,0,0,0,0,0,0
event=trace_row ordinal=5182 kind=3 ns=268155518701427 fields=1027,1028,1,2,268155518676635,0,0,0,0,0,0,0,0,4,1,3
event=trace_row ordinal=5183 kind=5 ns=268155528694644 fields=513,6,15,0,0,0,0,0,0,0,16,0,0,0,0,0
event=trace_row ordinal=5184 kind=0 ns=268155528676269 fields=1028,2,0,25,1,0,0,0,0,0,0,0,0,0,0,0
event=trace_row ordinal=5185 kind=1 ns=268155528676269 fields=1028,2,0,1008,996,200,1000,0,1,0,0,0,0,0,0,0
event=trace_row ordinal=5186 kind=3 ns=268155528697852 fields=1028,1029,1,2,268155528676269,0,0,0,0,0,0,0,0,4,1,3
event=trace_row ordinal=5187 kind=5 ns=268155538696319 fields=513,6,15,0,0,0,0,0,0,0,16,0,0,0,0,0
event=trace_row ordinal=5188 kind=0 ns=268155538675902 fields=1029,2,0,50,2,0,0,0,0,0,0,0,0,0,0,0
event=trace_row ordinal=5189 kind=1 ns=268155538675902 fields=1029,2,0,1008,996,200,1000,0,1,0,0,0,0,0,0,0
event=trace_row ordinal=5190 kind=1 ns=268155538675902 fields=1029,2,1,1008,996,200,1000,0,1,0,0,0,0,0,0,0
event=trace_row ordinal=5191 kind=3 ns=268155538699528 fields=1029,1030,1,2,268155538675902,0,0,0,0,0,0,0,0,4,1,3
event=trace_row ordinal=5192 kind=4 ns=268155539358703 fields=385,8,39,20,39,20,0,0,0,0,16,0,0,0,0,0
event=trace_row ordinal=5193 kind=4 ns=268155539884585 fields=641,5,3,0,0,0,0,0,0,0,16,0,0,0,0,0
event=trace_row ordinal=5194 kind=5 ns=268155548695370 fields=513,6,15,0,0,0,0,0,0,0,16,0,0,0,0,0
event=trace_row ordinal=5195 kind=0 ns=268155548676120 fields=1030,2,0,25,1,0,0,0,0,0,0,0,0,0,0,0
event=trace_row ordinal=5196 kind=1 ns=268155548676120 fields=1030,2,0,1009,996,200,1000,0,1,0,0,0,0,0,0,0
event=trace_row ordinal=5197 kind=3 ns=268155548698578 fields=1030,1031,1,2,268155548676120,0,0,0,0,0,0,0,0,4,1,3
event=trace_row ordinal=5198 kind=5 ns=268155558710171 fields=513,6,15,0,0,0,0,0,0,0,16,0,0,0,0,0
event=trace_row ordinal=5199 kind=0 ns=268155558683045 fields=1031,2,0,50,2,0,0,0,0,0,0,0,0,0,0,0
event=trace_row ordinal=5200 kind=1 ns=268155558683045 fields=1031,2,0,1009,996,200,1000,0,1,0,0,0,0,0,0,0
event=trace_row ordinal=5201 kind=1 ns=268155558683045 fields=1031,2,1,1009,996,200,1000,0,1,0,0,0,0,0,0,0
event=trace_row ordinal=5202 kind=3 ns=268155558713671 fields=1031,1032,1,2,268155558683045,0,0,0,0,0,0,0,0,4,1,3
event=trace_row ordinal=5203 kind=5 ns=268155568701054 fields=513,6,15,0,0,0,0,0,0,0,16,0,0,0,0,0
event=trace_row ordinal=5204 kind=0 ns=268155568678596 fields=1032,2,0,25,1,0,0,0,0,0,0,0,0,0,0,0
event=trace_row ordinal=5205 kind=1 ns=268155568678596 fields=1032,2,0,1008,997,200,1000,0,1,0,0,0,0,0,0,0
event=trace_row ordinal=5206 kind=3 ns=268155568704846 fields=1032,1033,1,2,268155568678596,0,0,0,0,0,0,0,0,4,1,3
event=trace_row ordinal=5207 kind=5 ns=268155578695146 fields=513,6,15,0,0,0,0,0,0,0,16,0,0,0,0,0
event=trace_row ordinal=5208 kind=0 ns=268155578676188 fields=1033,2,0,25,1,0,0,0,0,0,0,0,0,0,0,0
event=trace_row ordinal=5209 kind=1 ns=268155578676188 fields=1033,2,0,1008,997,200,1000,0,1,0,0,0,0,0,0,0
event=trace_row ordinal=5210 kind=3 ns=268155578698938 fields=1033,1034,1,2,268155578676188,0,0,0,0,0,0,0,0,4,1,3
event=trace_row ordinal=5211 kind=5 ns=268155588695655 fields=513,6,15,0,0,0,0,0,0,0,16,0,0,0,0,0
event=trace_row ordinal=5212 kind=0 ns=268155588675822 fields=1034,2,0,50,2,0,0,0,0,0,0,0,0,0,0,0
event=trace_row ordinal=5213 kind=1 ns=268155588675822 fields=1034,2,0,1008,997,200,1000,0,1,0,0,0,0,0,0,0
event=trace_row ordinal=5214 kind=1 ns=268155588675822 fields=1034,2,1,1008,997,200,1000,0,1,0,0,0,0,0,0,0
event=trace_row ordinal=5215 kind=3 ns=268155588698863 fields=1034,1035,1,2,268155588675822,0,0,0,0,0,0,0,0,4,1,3
event=trace_row ordinal=5216 kind=4 ns=268155589374664 fields=385,8,39,20,39,20,0,0,0,0,16,0,0,0,0,0
event=trace_row ordinal=5217 kind=4 ns=268155589824712 fields=641,5,3,0,0,0,0,0,0,0,16,0,0,0,0,0
event=trace_row ordinal=5218 kind=5 ns=268155598695289 fields=513,6,15,0,0,0,0,0,0,0,16,0,0,0,0,0
event=trace_row ordinal=5219 kind=0 ns=268155598676330 fields=1035,2,0,25,1,0,0,0,0,0,0,0,0,0,0,0
event=trace_row ordinal=5220 kind=1 ns=268155598676330 fields=1035,2,0,1008,997,200,1000,0,1,0,0,0,0,0,0,0
event=trace_row ordinal=5221 kind=3 ns=268155598698497 fields=1035,1036,1,2,268155598676330,0,0,0,0,0,0,0,0,4,1,3
event=trace_row ordinal=5222 kind=5 ns=268155608695798 fields=513,6,15,0,0,0,0,0,0,0,16,0,0,0,0,0
event=trace_row ordinal=5223 kind=0 ns=268155608675964 fields=1036,2,0,51,2,0,0,0,0,0,0,0,0,0,0,0
event=trace_row ordinal=5224 kind=1 ns=268155608675964 fields=1036,2,0,1008,997,200,1000,0,1,0,0,0,0,0,0,0
event=trace_row ordinal=5225 kind=1 ns=268155608675964 fields=1036,2,1,1008,998,200,1000,0,1,0,0,0,0,0,0,0
event=trace_row ordinal=5226 kind=3 ns=268155608699006 fields=1036,1037,1,2,268155608675964,0,0,0,0,0,0,0,0,4,1,3
event=trace_row ordinal=5227 kind=4 ns=268155614691086 fields=1793,1,5,0,0,0,0,0,0,0,16,0,0,0,0,0
event=trace_row ordinal=5228 kind=5 ns=268155618696598 fields=513,6,15,0,0,0,0,0,0,0,16,0,0,0,0,0
event=trace_row ordinal=5229 kind=0 ns=268155618677056 fields=1037,2,0,26,1,0,0,0,0,0,0,0,0,0,0,0
event=trace_row ordinal=5230 kind=1 ns=268155618677056 fields=1037,2,0,1008,998,200,1000,0,1,0,0,0,0,0,0,0
event=trace_row ordinal=5231 kind=3 ns=268155618700098 fields=1037,1038,1,2,268155618677056,0,0,0,0,0,0,0,0,4,1,3
event=trace_row ordinal=5232 kind=5 ns=268155628698565 fields=513,6,15,0,0,0,0,0,0,0,16,0,0,0,0,0
event=trace_row ordinal=5233 kind=0 ns=268155628676398 fields=1038,2,0,52,2,0,0,0,0,0,0,0,0,0,0,0
event=trace_row ordinal=5234 kind=1 ns=268155628676398 fields=1038,2,0,1008,998,200,1000,0,1,0,0,0,0,0,0,0
event=trace_row ordinal=5235 kind=1 ns=268155628676398 fields=1038,2,1,1009,998,200,1000,0,1,0,0,0,0,0,0,0
event=trace_row ordinal=5236 kind=3 ns=268155628702357 fields=1038,1039,1,2,268155628676398,0,0,0,0,0,0,0,0,4,1,3
event=trace_row ordinal=5237 kind=5 ns=268155638694408 fields=513,6,15,0,0,0,0,0,0,0,16,0,0,0,0,0
event=trace_row ordinal=5238 kind=0 ns=268155638675741 fields=1039,2,0,26,1,0,0,0,0,0,0,0,0,0,0,0
event=trace_row ordinal=5239 kind=1 ns=268155638675741 fields=1039,2,0,1009,998,200,1000,0,1,0,0,0,0,0,0,0
event=trace_row ordinal=5240 kind=3 ns=268155638697324 fields=1039,1040,1,2,268155638675741,0,0,0,0,0,0,0,0,4,1,3
event=trace_row ordinal=5241 kind=4 ns=268155639381875 fields=385,8,39,20,39,20,0,0,0,0,16,0,0,0,0,0
event=trace_row ordinal=5242 kind=4 ns=268155639829298 fields=641,5,3,0,0,0,0,0,0,0,16,0,0,0,0,0
event=trace_row ordinal=5243 kind=5 ns=268155648695500 fields=513,6,15,0,0,0,0,0,0,0,16,0,0,0,0,0
event=trace_row ordinal=5244 kind=0 ns=268155648676249 fields=1040,2,0,26,1,0,0,0,0,0,0,0,0,0,0,0
event=trace_row ordinal=5245 kind=1 ns=268155648676249 fields=1040,2,0,1009,998,200,1000,0,1,0,0,0,0,0,0,0
event=trace_row ordinal=5246 kind=3 ns=268155648698708 fields=1040,1041,1,2,268155648676249,0,0,0,0,0,0,0,0,4,1,3
event=trace_row ordinal=5247 kind=5 ns=268155658696300 fields=513,6,15,0,0,0,0,0,0,0,16,0,0,0,0,0
event=trace_row ordinal=5248 kind=0 ns=268155658675883 fields=1041,2,0,50,2,0,0,0,0,0,0,0,0,0,0,0
event=trace_row ordinal=5249 kind=1 ns=268155658675883 fields=1041,2,0,1009,999,200,1000,0,1,0,0,0,0,0,0,0
event=trace_row ordinal=5250 kind=1 ns=268155658675883 fields=1041,2,1,1009,999,200,1000,0,1,0,0,0,0,0,0,0
event=trace_row ordinal=5251 kind=3 ns=268155658699509 fields=1041,1042,1,2,268155658675883,0,0,0,0,0,0,0,0,4,1,3
event=trace_row ordinal=5252 kind=5 ns=268155668694184 fields=513,6,15,0,0,0,0,0,0,0,16,0,0,0,0,0
event=trace_row ordinal=5253 kind=0 ns=268155668675809 fields=1042,2,0,25,1,0,0,0,0,0,0,0,0,0,0,0
event=trace_row ordinal=5254 kind=1 ns=268155668675809 fields=1042,2,0,1009,999,200,1000,0,1,0,0,0,0,0,0,0
event=trace_row ordinal=5255 kind=3 ns=268155668697392 fields=1042,1043,1,2,268155668675809,0,0,0,0,0,0,0,0,4,1,3
event=trace_row ordinal=5256 kind=5 ns=268155678698485 fields=513,6,15,0,0,0,0,0,0,0,16,0,0,0,0,0
event=trace_row ordinal=5257 kind=0 ns=268155678676901 fields=1043,2,0,50,2,0,0,0,0,0,0,0,0,0,0,0
event=trace_row ordinal=5258 kind=1 ns=268155678676901 fields=1043,2,0,1009,999,200,1000,0,1,0,0,0,0,0,0,0
event=trace_row ordinal=5259 kind=1 ns=268155678676901 fields=1043,2,1,1009,999,200,1000,0,1,0,0,0,0,0,0,0
event=trace_row ordinal=5260 kind=3 ns=268155678701985 fields=1043,1044,1,2,268155678676901,0,0,0,0,0,0,0,0,4,1,3
event=trace_row ordinal=5261 kind=5 ns=268155688694327 fields=513,6,15,0,0,0,0,0,0,0,16,0,0,0,0,0
event=trace_row ordinal=5262 kind=0 ns=268155688675660 fields=1044,2,0,25,1,0,0,0,0,0,0,0,0,0,0,0
event=trace_row ordinal=5263 kind=1 ns=268155688675660 fields=1044,2,0,1008,998,200,1000,0,1,0,0,0,0,0,0,0
event=trace_row ordinal=5264 kind=3 ns=268155688697827 fields=1044,1045,1,2,268155688675660,0,0,0,0,0,0,0,0,4,1,3
event=trace_row ordinal=5265 kind=4 ns=268155689452962 fields=385,8,39,20,39,20,0,0,0,0,16,0,0,0,0,0
event=trace_row ordinal=5266 kind=4 ns=268155689848759 fields=641,5,3,0,0,0,0,0,0,0,16,0,0,0,0,0
event=trace_row ordinal=5267 kind=5 ns=268155698703877 fields=513,6,15,0,0,0,0,0,0,0,16,0,0,0,0,0
event=trace_row ordinal=5268 kind=0 ns=268155698679085 fields=1045,2,0,50,2,0,0,0,0,0,0,0,0,0,0,0
event=trace_row ordinal=5269 kind=1 ns=268155698679085 fields=1045,2,0,1008,998,200,1000,0,1,0,0,0,0,0,0,0
event=trace_row ordinal=5270 kind=1 ns=268155698679085 fields=1045,2,1,1008,998,200,1000,0,1,0,0,0,0,0,0,0
event=trace_row ordinal=5271 kind=3 ns=268155698707669 fields=1045,1046,1,2,268155698679085,0,0,0,0,0,0,0,0,4,1,3
event=trace_row ordinal=5272 kind=5 ns=268155708695928 fields=513,6,15,0,0,0,0,0,0,0,16,0,0,0,0,0
event=trace_row ordinal=5273 kind=0 ns=268155708676094 fields=1046,2,0,25,1,0,0,0,0,0,0,0,0,0,0,0
event=trace_row ordinal=5274 kind=1 ns=268155708676094 fields=1046,2,0,1009,997,200,1000,0,1,0,0,0,0,0,0,0
event=trace_row ordinal=5275 kind=3 ns=268155708699428 fields=1046,1047,1,2,268155708676094,0,0,0,0,0,0,0,0,4,1,3
event=trace_row ordinal=5276 kind=5 ns=268155718706937 fields=513,6,15,0,0,0,0,0,0,0,16,0,0,0,0,0
event=trace_row ordinal=5277 kind=0 ns=268155718681270 fields=1047,2,0,25,1,0,0,0,0,0,0,0,0,0,0,0
event=trace_row ordinal=5278 kind=1 ns=268155718681270 fields=1047,2,0,1009,997,200,1000,0,1,0,0,0,0,0,0,0
event=trace_row ordinal=5279 kind=3 ns=268155718710728 fields=1047,1048,1,2,268155718681270,0,0,0,0,0,0,0,0,4,1,3
event=trace_row ordinal=5280 kind=5 ns=268155728706279 fields=513,6,15,0,0,0,0,0,0,0,16,0,0,0,0,0
event=trace_row ordinal=5281 kind=0 ns=268155728681487 fields=1048,2,0,50,2,0,0,0,0,0,0,0,0,0,0,0
event=trace_row ordinal=5282 kind=1 ns=268155728681487 fields=1048,2,0,1009,997,200,1000,0,1,0,0,0,0,0,0,0
event=trace_row ordinal=5283 kind=1 ns=268155728681487 fields=1048,2,1,1009,997,200,1000,0,1,0,0,0,0,0,0,0
event=trace_row ordinal=5284 kind=3 ns=268155728710362 fields=1048,1049,1,2,268155728681487,0,0,0,0,0,0,0,0,4,1,3
event=trace_row ordinal=5285 kind=5 ns=268155738711163 fields=513,6,15,0,0,0,0,0,0,0,16,0,0,0,0,0
event=trace_row ordinal=5286 kind=0 ns=268155738683454 fields=1049,2,0,25,1,0,0,0,0,0,0,0,0,0,0,0
event=trace_row ordinal=5287 kind=1 ns=268155738683454 fields=1049,2,0,1009,997,200,1000,0,1,0,0,0,0,0,0,0
event=trace_row ordinal=5288 kind=3 ns=268155738714954 fields=1049,1050,1,2,268155738683454,0,0,0,0,0,0,0,0,4,1,3
event=trace_row ordinal=5289 kind=4 ns=268155739480298 fields=385,8,39,20,39,20,0,0,0,0,16,0,0,0,0,0
event=trace_row ordinal=5290 kind=4 ns=268155739850720 fields=641,5,3,0,0,0,0,0,0,0,16,0,0,0,0,0
event=trace_row ordinal=5291 kind=5 ns=268155748713130 fields=513,6,15,0,0,0,0,0,0,0,16,0,0,0,0,0
event=trace_row ordinal=5292 kind=0 ns=268155748683379 fields=1050,2,0,50,2,0,0,0,0,0,0,0,0,0,0,0
event=trace_row ordinal=5293 kind=1 ns=268155748683379 fields=1050,2,0,1009,997,200,1000,0,1,0,0,0,0,0,0,0
event=trace_row ordinal=5294 kind=1 ns=268155748683379 fields=1050,2,1,1009,997,200,1000,0,1,0,0,0,0,0,0,0
event=trace_row ordinal=5295 kind=3 ns=268155748717797 fields=1050,1051,1,2,268155748683379,0,0,0,0,0,0,0,0,4,1,3
event=trace_row ordinal=5296 kind=5 ns=268155758705764 fields=513,6,15,0,0,0,0,0,0,0,16,0,0,0,0,0
event=trace_row ordinal=5297 kind=0 ns=268155758681847 fields=1051,2,0,25,1,0,0,0,0,0,0,0,0,0,0,0
event=trace_row ordinal=5298 kind=1 ns=268155758681847 fields=1051,2,0,1009,997,200,1000,0,1,0,0,0,0,0,0,0
event=trace_row ordinal=5299 kind=3 ns=268155758708972 fields=1051,1052,1,2,268155758681847,0,0,0,0,0,0,0,0,4,1,3
event=trace_row ordinal=5300 kind=5 ns=268155768702189 fields=513,6,15,0,0,0,0,0,0,0,16,0,0,0,0,0
event=trace_row ordinal=5301 kind=0 ns=268155768680022 fields=1052,2,0,50,2,0,0,0,0,0,0,0,0,0,0,0
event=trace_row ordinal=5302 kind=1 ns=268155768680022 fields=1052,2,0,1009,997,200,1000,0,1,0,0,0,0,0,0,0
event=trace_row ordinal=5303 kind=1 ns=268155768680022 fields=1052,2,1,1009,997,200,1000,0,1,0,0,0,0,0,0,0
event=trace_row ordinal=5304 kind=3 ns=268155768705106 fields=1052,1053,1,2,268155768680022,0,0,0,0,0,0,0,0,4,1,3
event=trace_row ordinal=5305 kind=5 ns=268155778743240 fields=513,6,15,0,0,0,0,0,0,0,16,0,0,0,0,0
event=trace_row ordinal=5306 kind=0 ns=268155778695989 fields=1053,2,0,25,1,0,0,0,0,0,0,0,0,0,0,0
event=trace_row ordinal=5307 kind=1 ns=268155778695989 fields=1053,2,0,1009,997,200,1000,0,1,0,0,0,0,0,0,0
event=trace_row ordinal=5308 kind=3 ns=268155778750240 fields=1053,1054,1,2,268155778695989,0,0,0,0,0,0,0,0,4,1,3
event=trace_row ordinal=5309 kind=5 ns=268155788702040 fields=513,6,15,0,0,0,0,0,0,0,16,0,0,0,0,0
event=trace_row ordinal=5310 kind=0 ns=268155788679873 fields=1054,2,0,25,1,0,0,0,0,0,0,0,0,0,0,0
event=trace_row ordinal=5311 kind=1 ns=268155788679873 fields=1054,2,0,1009,997,200,1000,0,1,0,0,0,0,0,0,0
event=trace_row ordinal=5312 kind=3 ns=268155788704957 fields=1054,1055,1,2,268155788679873,0,0,0,0,0,0,0,0,4,1,3
event=trace_row ordinal=5313 kind=4 ns=268155789428591 fields=385,8,39,20,39,20,0,0,0,0,16,0,0,0,0,0
event=trace_row ordinal=5314 kind=4 ns=268155789747971 fields=641,5,3,0,0,0,0,0,0,0,16,0,0,0,0,0
event=trace_row ordinal=5315 kind=5 ns=268155798734633 fields=513,6,15,0,0,0,0,0,0,0,16,0,0,0,0,0
event=trace_row ordinal=5316 kind=0 ns=268155798693507 fields=1055,2,0,52,2,0,0,0,0,0,0,0,0,0,0,0
event=trace_row ordinal=5317 kind=1 ns=268155798693507 fields=1055,2,0,1009,997,200,1000,0,1,0,0,0,0,0,0,0
event=trace_row ordinal=5318 kind=1 ns=268155798693507 fields=1055,2,1,1009,997,200,1000,0,1,0,0,0,0,0,0,0
event=trace_row ordinal=5319 kind=3 ns=268155798740174 fields=1055,1056,1,2,268155798693507,0,0,0,0,0,0,0,0,4,1,3
event=trace_row ordinal=5320 kind=5 ns=268155808709474 fields=513,6,15,0,0,0,0,0,0,0,16,0,0,0,0,0
event=trace_row ordinal=5321 kind=0 ns=268155808684682 fields=1056,2,0,26,1,0,0,0,0,0,0,0,0,0,0,0
event=trace_row ordinal=5322 kind=1 ns=268155808684682 fields=1056,2,0,1009,997,200,1000,0,1,0,0,0,0,0,0,0
event=trace_row ordinal=5323 kind=3 ns=268155808713266 fields=1056,1057,1,2,268155808684682,0,0,0,0,0,0,0,0,4,1,3
event=trace_row ordinal=5324 kind=5 ns=268155818713775 fields=513,6,15,0,0,0,0,0,0,0,16,0,0,0,0,0
event=trace_row ordinal=5325 kind=0 ns=268155818684316 fields=1057,2,0,52,2,0,0,0,0,0,0,0,0,0,0,0
event=trace_row ordinal=5326 kind=1 ns=268155818684316 fields=1057,2,0,1008,997,200,1000,0,1,0,0,0,0,0,0,0
event=trace_row ordinal=5327 kind=1 ns=268155818684316 fields=1057,2,1,1008,997,200,1000,0,1,0,0,0,0,0,0,0
event=trace_row ordinal=5328 kind=3 ns=268155818717567 fields=1057,1058,1,2,268155818684316,0,0,0,0,0,0,0,0,4,1,3
event=trace_row ordinal=5329 kind=5 ns=268155828705825 fields=513,6,15,0,0,0,0,0,0,0,16,0,0,0,0,0
event=trace_row ordinal=5330 kind=0 ns=268155828681617 fields=1058,2,0,25,1,0,0,0,0,0,0,0,0,0,0,0
event=trace_row ordinal=5331 kind=1 ns=268155828681617 fields=1058,2,0,1009,997,200,1000,0,1,0,0,0,0,0,0,0
event=trace_row ordinal=5332 kind=3 ns=268155828709325 fields=1058,1059,1,2,268155828681617,0,0,0,0,0,0,0,0,4,1,3
event=trace_row ordinal=5333 kind=5 ns=268155838708667 fields=513,6,15,0,0,0,0,0,0,0,16,0,0,0,0,0
event=trace_row ordinal=5334 kind=0 ns=268155838682125 fields=1059,2,0,50,2,0,0,0,0,0,0,0,0,0,0,0
event=trace_row ordinal=5335 kind=1 ns=268155838682125 fields=1059,2,0,1009,997,200,1000,0,1,0,0,0,0,0,0,0
event=trace_row ordinal=5336 kind=1 ns=268155838682125 fields=1059,2,1,1009,997,200,1000,0,1,0,0,0,0,0,0,0
event=trace_row ordinal=5337 kind=3 ns=268155838713334 fields=1059,1060,1,2,268155838682125,0,0,0,0,0,0,0,0,4,1,3
event=trace_row ordinal=5338 kind=4 ns=268155839449219 fields=385,8,39,20,39,20,0,0,0,0,16,0,0,0,0,0
event=trace_row ordinal=5339 kind=4 ns=268155839816724 fields=641,5,3,0,0,0,0,0,0,0,16,0,0,0,0,0
event=trace_row ordinal=5340 kind=5 ns=268155848704801 fields=513,6,15,0,0,0,0,0,0,0,16,0,0,0,0,0
event=trace_row ordinal=5341 kind=0 ns=268155848681759 fields=1060,2,0,25,1,0,0,0,0,0,0,0,0,0,0,0
event=trace_row ordinal=5342 kind=1 ns=268155848681759 fields=1060,2,0,1008,998,200,1000,0,1,0,0,0,0,0,0,0
event=trace_row ordinal=5343 kind=3 ns=268155848708593 fields=1060,1061,1,2,268155848681759,0,0,0,0,0,0,0,0,4,1,3
event=trace_row ordinal=5344 kind=5 ns=268155858719019 fields=513,6,15,0,0,0,0,0,0,0,16,0,0,0,0,0
event=trace_row ordinal=5345 kind=0 ns=268155858685476 fields=1061,2,0,25,1,0,0,0,0,0,0,0,0,0,0,0
event=trace_row ordinal=5346 kind=1 ns=268155858685476 fields=1061,2,0,1008,998,200,1000,0,1,0,0,0,0,0,0,0
event=trace_row ordinal=5347 kind=3 ns=268155858722519 fields=1061,1062,1,2,268155858685476,0,0,0,0,0,0,0,0,4,1,3
event=trace_row ordinal=5348 kind=4 ns=268155864265134 fields=1793,1,5,0,0,0,0,0,0,0,16,0,0,0,0,0
event=trace_row ordinal=5349 kind=5 ns=268155868709611 fields=513,6,15,0,0,0,0,0,0,0,16,0,0,0,0,0
event=trace_row ordinal=5350 kind=0 ns=268155868681027 fields=1062,2,0,50,2,0,0,0,0,0,0,0,0,0,0,0
event=trace_row ordinal=5351 kind=1 ns=268155868681027 fields=1062,2,0,1008,998,200,1000,0,1,0,0,0,0,0,0,0
event=trace_row ordinal=5352 kind=1 ns=268155868681027 fields=1062,2,1,1009,1000,200,1000,0,1,0,0,0,0,0,0,0
event=trace_row ordinal=5353 kind=3 ns=268155868713986 fields=1062,1063,1,2,268155868681027,0,0,0,0,0,0,0,0,4,1,3
event=trace_row ordinal=5354 kind=5 ns=268155878710703 fields=513,6,15,0,0,0,0,0,0,0,16,0,0,0,0,0
event=trace_row ordinal=5355 kind=0 ns=268155878684161 fields=1063,2,0,25,1,0,0,0,0,0,0,0,0,0,0,0
event=trace_row ordinal=5356 kind=1 ns=268155878684161 fields=1063,2,0,1009,1000,200,1000,0,1,0,0,0,0,0,0,0
event=trace_row ordinal=5357 kind=3 ns=268155878715661 fields=1063,1064,1,2,268155878684161,0,0,0,0,0,0,0,0,4,1,3
event=trace_row ordinal=5358 kind=5 ns=268155888702753 fields=513,6,15,0,0,0,0,0,0,0,16,0,0,0,0,0
event=trace_row ordinal=5359 kind=0 ns=268155888678545 fields=1064,2,0,51,2,0,0,0,0,0,0,0,0,0,0,0
event=trace_row ordinal=5360 kind=1 ns=268155888678545 fields=1064,2,0,1009,1000,200,1000,0,1,0,0,0,0,0,0,0
event=trace_row ordinal=5361 kind=1 ns=268155888678545 fields=1064,2,1,1008,1000,200,1000,0,1,0,0,0,0,0,0,0
event=trace_row ordinal=5362 kind=3 ns=268155888706253 fields=1064,1065,1,2,268155888678545,0,0,0,0,0,0,0,0,4,1,3
event=trace_row ordinal=5363 kind=4 ns=268155889447388 fields=385,8,39,20,39,20,0,0,0,0,16,0,0,0,0,0
event=trace_row ordinal=5364 kind=4 ns=268155889774351 fields=641,5,3,0,0,0,0,0,0,0,16,0,0,0,0,0
event=trace_row ordinal=5365 kind=5 ns=268155898707345 fields=513,6,15,0,0,0,0,0,0,0,16,0,0,0,0,0
event=trace_row ordinal=5366 kind=0 ns=268155898681678 fields=1065,2,0,26,1,0,0,0,0,0,0,0,0,0,0,0
event=trace_row ordinal=5367 kind=1 ns=268155898681678 fields=1065,2,0,1008,1000,200,1000,0,1,0,0,0,0,0,0,0
event=trace_row ordinal=5368 kind=3 ns=268155898710845 fields=1065,1066,1,2,268155898681678,0,0,0,0,0,0,0,0,4,1,3
event=trace_row ordinal=5369 kind=5 ns=268155908702312 fields=513,6,15,0,0,0,0,0,0,0,16,0,0,0,0,0
event=trace_row ordinal=5370 kind=0 ns=268155908679271 fields=1066,2,0,52,2,0,0,0,0,0,0,0,0,0,0,0
event=trace_row ordinal=5371 kind=1 ns=268155908679271 fields=1066,2,0,1008,1000,200,1000,0,1,0,0,0,0,0,0,0
event=trace_row ordinal=5372 kind=1 ns=268155908679271 fields=1066,2,1,1010,1000,200,1000,0,1,0,0,0,0,0,0,0
event=trace_row ordinal=5373 kind=3 ns=268155908705521 fields=1066,1067,1,2,268155908679271,0,0,0,0,0,0,0,0,4,1,3
event=trace_row ordinal=5374 kind=5 ns=268155918695238 fields=513,6,15,0,0,0,0,0,0,0,16,0,0,0,0,0
event=trace_row ordinal=5375 kind=0 ns=268155918676279 fields=1067,2,0,26,1,0,0,0,0,0,0,0,0,0,0,0
event=trace_row ordinal=5376 kind=1 ns=268155918676279 fields=1067,2,0,1010,1000,200,1000,0,1,0,0,0,0,0,0,0
event=trace_row ordinal=5377 kind=3 ns=268155918698738 fields=1067,1068,1,2,268155918676279,0,0,0,0,0,0,0,0,4,1,3
event=trace_row ordinal=5378 kind=5 ns=268155928695163 fields=513,6,15,0,0,0,0,0,0,0,16,0,0,0,0,0
event=trace_row ordinal=5379 kind=0 ns=268155928676788 fields=1068,2,0,26,1,0,0,0,0,0,0,0,0,0,0,0
event=trace_row ordinal=5380 kind=1 ns=268155928676788 fields=1068,2,0,1010,1000,200,1000,0,1,0,0,0,0,0,0,0
event=trace_row ordinal=5381 kind=3 ns=268155928698955 fields=1068,1069,1,2,268155928676788,0,0,0,0,0,0,0,0,4,1,3
event=trace_row ordinal=5382 kind=5 ns=268155938699172 fields=513,6,15,0,0,0,0,0,0,0,16,0,0,0,0,0
event=trace_row ordinal=5383 kind=0 ns=268155938677297 fields=1069,2,0,50,2,0,0,0,0,0,0,0,0,0,0,0
event=trace_row ordinal=5384 kind=1 ns=268155938677297 fields=1069,2,0,1008,1000,200,1000,0,1,0,0,0,0,0,0,0
event=trace_row ordinal=5385 kind=1 ns=268155938677297 fields=1069,2,1,1008,1000,200,1000,0,1,0,0,0,0,0,0,0
event=trace_row ordinal=5386 kind=3 ns=268155938702964 fields=1069,1070,1,2,268155938677297,0,0,0,0,0,0,0,0,4,1,3
event=trace_row ordinal=5387 kind=4 ns=268155939397723 fields=385,8,39,20,39,20,0,0,0,0,16,0,0,0,0,0
event=trace_row ordinal=5388 kind=4 ns=268155939774270 fields=641,5,3,0,0,0,0,0,0,0,16,0,0,0,0,0
event=trace_row ordinal=5389 kind=5 ns=268155948695889 fields=513,6,15,0,0,0,0,0,0,0,16,0,0,0,0,0
event=trace_row ordinal=5390 kind=0 ns=268155948676639 fields=1070,2,0,25,1,0,0,0,0,0,0,0,0,0,0,0
event=trace_row ordinal=5391 kind=1 ns=268155948676639 fields=1070,2,0,1008,1000,200,1000,0,1,0,0,0,0,0,0,0
event=trace_row ordinal=5392 kind=3 ns=268155948699098 fields=1070,1071,1,2,268155948676639,0,0,0,0,0,0,0,0,4,1,3
event=trace_row ordinal=5393 kind=5 ns=268155958696981 fields=513,6,15,0,0,0,0,0,0,0,16,0,0,0,0,0
event=trace_row ordinal=5394 kind=0 ns=268155958676565 fields=1071,2,0,50,2,0,0,0,0,0,0,0,0,0,0,0
event=trace_row ordinal=5395 kind=1 ns=268155958676565 fields=1071,2,0,1008,1000,200,1000,0,1,0,0,0,0,0,0,0
event=trace_row ordinal=5396 kind=1 ns=268155958676565 fields=1071,2,1,1008,1000,200,1000,0,1,0,0,0,0,0,0,0
event=trace_row ordinal=5397 kind=3 ns=268155958700190 fields=1071,1072,1,2,268155958676565,0,0,0,0,0,0,0,0,4,1,3
event=trace_row ordinal=5398 kind=5 ns=268155968693990 fields=513,6,15,0,0,0,0,0,0,0,16,0,0,0,0,0
event=trace_row ordinal=5399 kind=0 ns=268155968675907 fields=1072,2,0,25,1,0,0,0,0,0,0,0,0,0,0,0
event=trace_row ordinal=5400 kind=1 ns=268155968675907 fields=1072,2,0,1008,1001,200,1000,0,1,0,0,0,0,0,0,0
event=trace_row ordinal=5401 kind=3 ns=268155968697198 fields=1072,1073,1,2,268155968675907,0,0,0,0,0,0,0,0,4,1,3
event=trace_row ordinal=5402 kind=5 ns=268155978693332 fields=513,6,15,0,0,0,0,0,0,0,16,0,0,0,0,0
event=trace_row ordinal=5403 kind=0 ns=268155978675540 fields=1073,2,0,25,1,0,0,0,0,0,0,0,0,0,0,0
event=trace_row ordinal=5404 kind=1 ns=268155978675540 fields=1073,2,0,1008,1001,200,1000,0,1,0,0,0,0,0,0,0
event=trace_row ordinal=5405 kind=3 ns=268155978696832 fields=1073,1074,1,2,268155978675540,0,0,0,0,0,0,0,0,4,1,3
event=trace_row ordinal=5406 kind=5 ns=268155988699383 fields=513,6,15,0,0,0,0,0,0,0,16,0,0,0,0,0
event=trace_row ordinal=5407 kind=0 ns=268155988678382 fields=1074,2,0,50,2,0,0,0,0,0,0,0,0,0,0,0
event=trace_row ordinal=5408 kind=1 ns=268155988678382 fields=1074,2,0,1008,1001,200,1000,0,1,0,0,0,0,0,0,0
event=trace_row ordinal=5409 kind=1 ns=268155988678382 fields=1074,2,1,1008,1008,200,1000,0,1,0,0,0,0,0,0,0
event=trace_row ordinal=5410 kind=3 ns=268155988703466 fields=1074,1075,1,2,268155988678382,0,0,0,0,0,0,0,0,4,1,3
event=trace_row ordinal=5411 kind=4 ns=268155989292932 fields=385,8,39,20,39,20,0,0,0,0,16,0,0,0,0,0
event=trace_row ordinal=5412 kind=4 ns=268155989675604 fields=641,5,3,0,0,0,0,0,0,0,16,0,0,0,0,0
event=trace_row ordinal=5413 kind=5 ns=268155998696975 fields=513,6,15,0,0,0,0,0,0,0,16,0,0,0,0,0
event=trace_row ordinal=5414 kind=0 ns=268155998677141 fields=1075,2,0,25,1,0,0,0,0,0,0,0,0,0,0,0
event=trace_row ordinal=5415 kind=1 ns=268155998677141 fields=1075,2,0,1008,1008,200,1000,0,1,0,0,0,0,0,0,0
event=trace_row ordinal=5416 kind=3 ns=268155998700183 fields=1075,1076,1,2,268155998677141,0,0,0,0,0,0,0,0,4,1,3
event=trace_row ordinal=5417 kind=5 ns=268156008696025 fields=513,6,15,0,0,0,0,0,0,0,16,0,0,0,0,0
event=trace_row ordinal=5418 kind=0 ns=268156008675608 fields=1076,2,0,51,2,0,0,0,0,0,0,0,0,0,0,0
event=trace_row ordinal=5419 kind=1 ns=268156008675608 fields=1076,2,0,1008,1008,200,1000,0,1,0,0,0,0,0,0,0
event=trace_row ordinal=5420 kind=1 ns=268156008675608 fields=1076,2,1,1008,1020,200,1000,0,1,0,0,0,0,0,0,0
event=trace_row ordinal=5421 kind=3 ns=268156008699233 fields=1076,1077,1,2,268156008675608,0,0,0,0,0,0,0,0,4,1,3
event=trace_row ordinal=5422 kind=5 ns=268156018693909 fields=513,6,15,0,0,0,0,0,0,0,16,0,0,0,0,0
event=trace_row ordinal=5423 kind=0 ns=268156018675825 fields=1077,2,0,26,1,0,0,0,0,0,0,0,0,0,0,0
event=trace_row ordinal=5424 kind=1 ns=268156018675825 fields=1077,2,0,1008,1020,200,1000,0,1,0,0,0,0,0,0,0
event=trace_row ordinal=5425 kind=3 ns=268156018697117 fields=1077,1078,1,2,268156018675825,0,0,0,0,0,0,0,0,4,1,3
event=trace_row ordinal=5426 kind=5 ns=268156028695584 fields=513,6,15,0,0,0,0,0,0,0,16,0,0,0,0,0
event=trace_row ordinal=5427 kind=0 ns=268156028675459 fields=1078,2,0,51,2,0,0,0,0,0,0,0,0,0,0,0
event=trace_row ordinal=5428 kind=1 ns=268156028675459 fields=1078,2,0,1008,1020,200,1000,0,1,0,0,0,0,0,0,0
event=trace_row ordinal=5429 kind=1 ns=268156028675459 fields=1078,2,1,1008,1028,200,1000,0,1,0,0,0,0,0,0,0
event=trace_row ordinal=5430 kind=3 ns=268156028698792 fields=1078,1079,1,2,268156028675459,0,0,0,0,0,0,0,0,4,1,3
event=trace_row ordinal=5431 kind=5 ns=268156038695218 fields=513,6,15,0,0,0,0,0,0,0,16,0,0,0,0,0
event=trace_row ordinal=5432 kind=0 ns=268156038675967 fields=1079,2,0,25,1,0,0,0,0,0,0,0,0,0,0,0
event=trace_row ordinal=5433 kind=1 ns=268156038675967 fields=1079,2,0,1008,1028,200,1000,0,1,0,0,0,0,0,0,0
event=trace_row ordinal=5434 kind=3 ns=268156038698718 fields=1079,1080,1,2,268156038675967,0,0,0,0,0,0,0,0,4,1,3
event=trace_row ordinal=5435 kind=4 ns=268156039295184 fields=385,8,39,20,39,20,0,0,0,0,16,0,0,0,0,0
event=trace_row ordinal=5436 kind=4 ns=268156039673772 fields=641,5,3,0,0,0,0,0,0,0,16,0,0,0,0,0
event=trace_row ordinal=5437 kind=5 ns=268156048695726 fields=513,6,15,0,0,0,0,0,0,0,16,0,0,0,0,0
event=trace_row ordinal=5438 kind=0 ns=268156048676184 fields=1080,2,0,25,1,0,0,0,0,0,0,0,0,0,0,0
event=trace_row ordinal=5439 kind=1 ns=268156048676184 fields=1080,2,0,1008,1028,200,1000,0,1,0,0,0,0,0,0,0
event=trace_row ordinal=5440 kind=3 ns=268156048699518 fields=1080,1081,1,2,268156048676184,0,0,0,0,0,0,0,0,4,1,3
event=trace_row ordinal=5441 kind=5 ns=268156058720444 fields=513,6,15,0,0,0,0,0,0,0,16,0,0,0,0,0
event=trace_row ordinal=5442 kind=0 ns=268156058685152 fields=1081,2,0,50,2,0,0,0,0,0,0,0,0,0,0,0
event=trace_row ordinal=5443 kind=1 ns=268156058685152 fields=1081,2,0,1008,1036,200,1000,0,1,0,0,0,0,0,0,0
event=trace_row ordinal=5444 kind=1 ns=268156058685152 fields=1081,2,1,1008,1036,200,1000,0,1,0,0,0,0,0,0,0
event=trace_row ordinal=5445 kind=3 ns=268156058724527 fields=1081,1082,1,2,268156058685152,0,53,0,0,0,0,0,0,4,1,3
event=trace_row ordinal=5446 kind=5 ns=268156068697327 fields=513,6,15,0,0,0,0,0,0,0,16,0,0,0,0,0
event=trace_row ordinal=5447 kind=0 ns=268156068676910 fields=1082,2,0,25,1,0,0,0,0,0,0,0,0,0,0,0
event=trace_row ordinal=5448 kind=1 ns=268156068676910 fields=1082,2,0,1008,1036,200,1000,0,1,0,0,0,0,0,0,0
event=trace_row ordinal=5449 kind=3 ns=268156068700535 fields=1082,1083,1,2,268156068676910,0,53,0,0,0,0,0,0,4,1,3
event=trace_row ordinal=5450 kind=5 ns=268156078696669 fields=513,6,15,0,0,0,0,0,0,0,16,0,0,0,0,0
event=trace_row ordinal=5451 kind=0 ns=268156078675960 fields=1083,2,0,50,2,0,0,0,0,0,0,0,0,0,0,0
event=trace_row ordinal=5452 kind=1 ns=268156078675960 fields=1083,2,0,1008,1048,200,1000,0,1,0,0,0,0,0,0,0
event=trace_row ordinal=5453 kind=1 ns=268156078675960 fields=1083,2,1,1008,1048,200,1000,0,1,0,0,0,0,0,0,0
event=trace_row ordinal=5454 kind=3 ns=268156078700461 fields=1083,1084,1,2,268156078675960,0,68,0,0,0,0,0,0,4,1,3
event=trace_row ordinal=5455 kind=5 ns=268156088698053 fields=513,6,15,0,0,0,0,0,0,0,16,0,0,0,0,0
event=trace_row ordinal=5456 kind=0 ns=268156088677928 fields=1084,2,0,25,1,0,0,0,0,0,0,0,0,0,0,0
event=trace_row ordinal=5457 kind=1 ns=268156088677928 fields=1084,2,0,1008,1048,200,1000,0,1,0,0,0,0,0,0,0
event=trace_row ordinal=5458 kind=3 ns=268156088701553 fields=1084,1085,1,2,268156088677928,0,68,0,0,0,0,0,0,4,1,3
event=trace_row ordinal=5459 kind=4 ns=268156089370353 fields=385,8,39,20,39,20,0,0,0,0,16,0,0,0,0,0
event=trace_row ordinal=5460 kind=4 ns=268156089692649 fields=641,5,3,0,0,0,0,0,0,0,16,0,0,0,0,0
event=trace_row ordinal=5461 kind=5 ns=268156098698270 fields=513,6,15,0,0,0,0,0,0,0,16,0,0,0,0,0
event=trace_row ordinal=5462 kind=0 ns=268156098676978 fields=1085,2,0,50,2,0,0,0,0,0,0,0,0,0,0,0
event=trace_row ordinal=5463 kind=1 ns=268156098676978 fields=1085,2,0,1007,1062,200,1000,0,1,0,0,0,0,0,0,0
event=trace_row ordinal=5464 kind=1 ns=268156098676978 fields=1085,2,1,1007,1062,200,1000,0,1,0,0,0,0,0,0,0
event=trace_row ordinal=5465 kind=3 ns=268156098702353 fields=1085,1086,1,2,268156098676978,0,85,0,0,0,0,0,0,4,1,3
event=trace_row ordinal=5466 kind=5 ns=268156108694112 fields=513,6,15,0,0,0,0,0,0,0,16,0,0,0,0,0
event=trace_row ordinal=5467 kind=0 ns=268156108675737 fields=1086,2,0,25,1,0,0,0,0,0,0,0,0,0,0,0
event=trace_row ordinal=5468 kind=1 ns=268156108675737 fields=1086,2,0,1006,1084,200,1000,0,1,0,0,0,0,0,0,0
event=trace_row ordinal=5469 kind=3 ns=268156108697320 fields=1086,1087,1,2,268156108675737,0,112,0,0,0,0,0,0,4,1,3
event=trace_row ordinal=5470 kind=4 ns=268156113810305 fields=1793,1,5,0,0,0,0,0,0,0,16,0,0,0,0,0
event=trace_row ordinal=5471 kind=5 ns=268156118696079 fields=513,6,15,0,0,0,0,0,0,0,16,0,0,0,0,0
event=trace_row ordinal=5472 kind=0 ns=268156118676829 fields=1087,2,0,25,1,0,0,0,0,0,0,0,0,0,0,0
event=trace_row ordinal=5473 kind=1 ns=268156118676829 fields=1087,2,0,1006,1084,200,1000,0,1,0,0,0,0,0,0,0
event=trace_row ordinal=5474 kind=3 ns=268156118698996 fields=1087,1088,1,2,268156118676829,0,112,0,0,0,0,0,0,4,1,3
event=trace_row ordinal=5475 kind=5 ns=268156128694546 fields=513,6,15,0,0,0,0,0,0,0,16,0,0,0,0,0
event=trace_row ordinal=5476 kind=0 ns=268156128675004 fields=1088,2,0,50,2,0,0,0,0,0,0,0,0,0,0,0
event=trace_row ordinal=5477 kind=1 ns=268156128675004 fields=1088,2,0,1006,1084,200,1000,0,1,0,0,0,0,0,0,0
event=trace_row ordinal=5478 kind=1 ns=268156128675004 fields=1088,2,1,1004,1109,200,1000,0,1,0,0,0,0,0,0,0
event=trace_row ordinal=5479 kind=3 ns=268156128697754 fields=1088,1089,1,2,268156128675004,0,143,0,0,0,0,0,0,4,1,3
event=trace_row ordinal=5480 kind=5 ns=268156138693888 fields=513,6,15,0,0,0,0,0,0,0,16,0,0,0,0,0
event=trace_row ordinal=5481 kind=0 ns=268156138675221 fields=1089,2,0,25,1,0,0,0,0,0,0,0,0,0,0,0
event=trace_row ordinal=5482 kind=1 ns=268156138675221 fields=1089,2,0,1004,1109,200,1000,0,1,0,0,0,0,0,0,0
event=trace_row ordinal=5483 kind=3 ns=268156138697096 fields=1089,1090,1,2,268156138675221,0,143,0,0,0,0,0,0,4,1,3
event=trace_row ordinal=5484 kind=4 ns=268156139437064 fields=385,8,39,20,39,20,0,0,0,0,16,0,0,0,0,0
event=trace_row ordinal=5485 kind=4 ns=268156139699860 fields=641,5,3,0,0,0,0,0,0,0,16,0,0,0,0,0
event=trace_row ordinal=5486 kind=5 ns=268156148697897 fields=513,6,15,0,0,0,0,0,0,0,16,0,0,0,0,0
event=trace_row ordinal=5487 kind=0 ns=268156148676896 fields=1090,2,0,50,2,0,0,0,0,0,0,0,0,0,0,0
event=trace_row ordinal=5488 kind=1 ns=268156148676896 fields=1090,2,0,1004,1109,200,1000,0,1,0,0,0,0,0,0,0
event=trace_row ordinal=5489 kind=1 ns=268156148676896 fields=1090,2,1,1001,1134,200,1000,0,1,0,0,0,0,0,0,0
event=trace_row ordinal=5490 kind=3 ns=268156148701688 fields=1090,1091,1,2,268156148676896,0,174,0,0,0,0,0,0,4,1,3
event=trace_row ordinal=5491 kind=5 ns=268156158694322 fields=513,6,15,0,0,0,0,0,0,0,16,0,0,0,0,0
event=trace_row ordinal=5492 kind=0 ns=268156158675655 fields=1091,2,0,25,1,0,0,0,0,0,0,0,0,0,0,0
event=trace_row ordinal=5493 kind=1 ns=268156158675655 fields=1091,2,0,1001,1134,200,1000,0,1,0,0,0,0,0,0,0
event=trace_row ordinal=5494 kind=3 ns=268156158697239 fields=1091,1092,1,2,268156158675655,0,174,0,0,0,0,0,0,4,1,3
event=trace_row ordinal=5495 kind=5 ns=268156168696289 fields=513,6,15,0,0,0,0,0,0,0,16,0,0,0,0,0
event=trace_row ordinal=5496 kind=0 ns=268156168675580 fields=1092,2,0,51,2,0,0,0,0,0,0,0,0,0,0,0
event=trace_row ordinal=5497 kind=1 ns=268156168675580 fields=1092,2,0,1001,1134,200,1000,0,1,0,0,0,0,0,0,0
event=trace_row ordinal=5498 kind=1 ns=268156168675580 fields=1092,2,1,1000,1162,200,1000,0,1,0,0,0,0,0,0,0
event=trace_row ordinal=5499 kind=3 ns=268156168699206 fields=1092,1093,1,2,268156168675580,0,209,0,0,0,0,0,0,4,1,3
event=trace_row ordinal=5500 kind=5 ns=268156178693589 fields=513,6,15,0,0,0,0,0,0,0,16,0,0,0,0,0
event=trace_row ordinal=5501 kind=0 ns=268156178675214 fields=1093,2,0,26,1,0,0,0,0,0,0,0,0,0,0,0
event=trace_row ordinal=5502 kind=1 ns=268156178675214 fields=1093,2,0,1000,1162,200,1000,0,1,0,0,0,0,0,0,0
event=trace_row ordinal=5503 kind=3 ns=268156178696506 fields=1093,1094,1,2,268156178675214,0,209,0,0,0,0,0,0,4,1,3
event=trace_row ordinal=5504 kind=5 ns=268156188693515 fields=513,6,15,0,0,0,0,0,0,0,16,0,0,0,0,0
event=trace_row ordinal=5505 kind=0 ns=268156188675431 fields=1094,2,0,26,1,0,0,0,0,0,0,0,0,0,0,0
event=trace_row ordinal=5506 kind=1 ns=268156188675431 fields=1094,2,0,1000,1162,200,1000,0,1,0,0,0,0,0,0,0
event=trace_row ordinal=5507 kind=3 ns=268156188696723 fields=1094,1095,1,2,268156188675431,0,209,0,0,0,0,0,0,4,1,3
event=trace_row ordinal=5508 kind=4 ns=268156189329356 fields=385,8,39,20,39,20,0,0,0,0,16,0,0,0,0,0
event=trace_row ordinal=5509 kind=4 ns=268156189599152 fields=641,5,3,0,0,0,0,0,0,0,16,0,0,0,0,0
event=trace_row ordinal=5510 kind=5 ns=268156198705398 fields=513,6,15,0,0,0,0,0,0,0,16,0,0,0,0,0
event=trace_row ordinal=5511 kind=0 ns=268156198678565 fields=1095,2,0,50,2,0,0,0,0,0,0,0,0,0,0,0
event=trace_row ordinal=5512 kind=1 ns=268156198678565 fields=1095,2,0,1000,1182,200,1000,0,1,0,0,0,0,0,0,0
event=trace_row ordinal=5513 kind=1 ns=268156198678565 fields=1095,2,1,1000,1182,200,1000,0,1,0,0,0,0,0,0,0
event=trace_row ordinal=5514 kind=3 ns=268156198709190 fields=1095,1096,1,2,268156198678565,0,234,0,0,0,0,0,0,4,1,3
event=trace_row ordinal=5515 kind=5 ns=268156208699490 fields=513,6,15,0,0,0,0,0,0,0,16,0,0,0,0,0
event=trace_row ordinal=5516 kind=0 ns=268156208679657 fields=1096,2,0,25,1,0,0,0,0,0,0,0,0,0,0,0
event=trace_row ordinal=5517 kind=1 ns=268156208679657 fields=1096,2,0,1000,1182,200,1000,0,1,0,0,0,0,0,0,0
event=trace_row ordinal=5518 kind=3 ns=268156208702699 fields=1096,1097,1,2,268156208679657,0,234,0,0,0,0,0,0,4,1,3
event=trace_row ordinal=5519 kind=5 ns=268156218706999 fields=513,6,15,0,0,0,0,0,0,0,16,0,0,0,0,0
event=trace_row ordinal=5520 kind=0 ns=268156218684249 fields=1097,2,0,50,2,0,0,0,0,0,0,0,0,0,0,0
event=trace_row ordinal=5521 kind=1 ns=268156218684249 fields=1097,2,0,1000,1210,200,1000,0,1,0,0,0,0,0,0,0
event=trace_row ordinal=5522 kind=1 ns=268156218684249 fields=1097,2,1,1000,1210,200,1000,0,1,0,0,0,0,0,0,0
event=trace_row ordinal=5523 kind=3 ns=268156218710791 fields=1097,1098,1,2,268156218684249,0,268,0,0,0,0,0,0,4,1,3
event=trace_row ordinal=5524 kind=5 ns=268156228705175 fields=513,6,15,0,0,0,0,0,0,0,16,0,0,0,0,0
event=trace_row ordinal=5525 kind=0 ns=268156228680966 fields=1098,2,0,25,1,0,0,0,0,0,0,0,0,0,0,0
event=trace_row ordinal=5526 kind=1 ns=268156228680966 fields=1098,2,0,1000,1210,200,1000,0,1,0,0,0,0,0,0,0
event=trace_row ordinal=5527 kind=3 ns=268156228708966 fields=1098,1099,1,2,268156228680966,0,268,0,0,0,0,0,0,4,1,3
event=trace_row ordinal=5528 kind=5 ns=268156238701017 fields=513,6,15,0,0,0,0,0,0,0,16,0,0,0,0,0
event=trace_row ordinal=5529 kind=0 ns=268156238677975 fields=1099,2,0,50,2,0,0,0,0,0,0,0,0,0,0,0
event=trace_row ordinal=5530 kind=1 ns=268156238677975 fields=1099,2,0,1000,1246,200,1000,0,1,0,0,0,0,0,0,0
event=trace_row ordinal=5531 kind=1 ns=268156238677975 fields=1099,2,1,1000,1246,200,1000,0,1,0,0,0,0,0,0,0
event=trace_row ordinal=5532 kind=3 ns=268156238704517 fields=1099,1100,1,2,268156238677975,0,313,0,0,0,0,0,0,4,1,3
event=trace_row ordinal=5533 kind=4 ns=268156239415026 fields=385,8,39,20,39,20,0,0,0,0,16,0,0,0,0,0
event=trace_row ordinal=5534 kind=4 ns=268156239669654 fields=641,5,3,0,0,0,0,0,0,0,16,0,0,0,0,0
event=trace_row ordinal=5535 kind=5 ns=268156248719900 fields=513,6,15,0,0,0,0,0,0,0,16,0,0,0,0,0
event=trace_row ordinal=5536 kind=0 ns=268156248686942 fields=1100,2,0,25,1,0,0,0,0,0,0,0,0,0,0,0
event=trace_row ordinal=5537 kind=1 ns=268156248686942 fields=1100,2,0,980,1271,200,1000,0,1,0,0,0,0,0,0,0
event=trace_row ordinal=5538 kind=3 ns=268156248724567 fields=1100,1101,1,2,268156248686942,0,344,0,0,0,0,0,0,4,1,3
event=trace_row ordinal=5539 kind=5 ns=268156258702034 fields=513,6,15,0,0,0,0,0,0,0,16,0,0,0,0,0
event=trace_row ordinal=5540 kind=0 ns=268156258678700 fields=1101,2,0,25,1,0,0,0,0,0,0,0,0,0,0,0
event=trace_row ordinal=5541 kind=1 ns=268156258678700 fields=1101,2,0,980,1271,200,1000,0,1,0,0,0,0,0,0,0
event=trace_row ordinal=5542 kind=3 ns=268156258705826 fields=1101,1102,1,2,268156258678700,0,344,0,0,0,0,0,0,4,1,3
event=trace_row ordinal=5543 kind=5 ns=268156268713918 fields=513,6,15,0,0,0,0,0,0,0,16,0,0,0,0,0
event=trace_row ordinal=5544 kind=0 ns=268156268684167 fields=1102,2,0,50,2,0,0,0,0,0,0,0,0,0,0,0
event=trace_row ordinal=5545 kind=1 ns=268156268684167 fields=1102,2,0,980,1271,200,1000,0,1,0,0,0,0,0,0,0
event=trace_row ordinal=5546 kind=1 ns=268156268684167 fields=1102,2,1,941,1298,200,1000,0,1,0,0,0,0,0,0,0
event=trace_row ordinal=5547 kind=3 ns=268156268718585 fields=1102,1103,1,2,268156268684167,-73,377,0,0,0,0,0,0,4,1,3
event=trace_row ordinal=5548 kind=5 ns=268156278721427 fields=513,6,15,0,0,0,0,0,0,0,16,0,0,0,0,0
event=trace_row ordinal=5549 kind=0 ns=268156278689634 fields=1103,2,0,25,1,0,0,0,0,0,0,0,0,0,0,0
event=trace_row ordinal=5550 kind=1 ns=268156278689634 fields=1103,2,0,941,1298,200,1000,0,1,0,0,0,0,0,0,0
event=trace_row ordinal=5551 kind=3 ns=268156278724927 fields=1103,1104,1,2,268156278689634,-73,377,0,0,0,0,0,0,4,1,3
event=trace_row ordinal=5552 kind=5 ns=268156288707643 fields=513,6,15,0,0,0,0,0,0,0,16,0,0,0,0,0
event=trace_row ordinal=5553 kind=0 ns=268156288681393 fields=1104,2,0,50,2,0,0,0,0,0,0,0,0,0,0,0
event=trace_row ordinal=5554 kind=1 ns=268156288681393 fields=1104,2,0,941,1298,200,1000,0,1,0,0,0,0,0,0,0
event=trace_row ordinal=5555 kind=1 ns=268156288681393 fields=1104,2,1,923,1319,200,1000,0,1,0,0,0,0,0,0,0
event=trace_row ordinal=5556 kind=3 ns=268156288711727 fields=1104,1105,1,2,268156288681393,-96,403,0,0,0,0,0,0,4,1,3
event=trace_row ordinal=5557 kind=4 ns=268156289426028 fields=385,8,39,20,39,20,0,0,0,0,16,0,0,0,0,0
event=trace_row ordinal=5558 kind=4 ns=268156289616197 fields=641,5,3,0,0,0,0,0,0,0,16,0,0,0,0,0
event=trace_row ordinal=5559 kind=5 ns=268156298758028 fields=513,6,15,0,0,0,0,0,0,0,16,0,0,0,0,0
event=trace_row ordinal=5560 kind=0 ns=268156298702027 fields=1105,2,0,25,1,0,0,0,0,0,0,0,0,0,0,0
event=trace_row ordinal=5561 kind=1 ns=268156298702027 fields=1105,2,0,923,1319,200,1000,0,1,0,0,0,0,0,0,0
event=trace_row ordinal=5562 kind=3 ns=268156298765903 fields=1105,1106,1,2,268156298702027,-96,403,0,0,0,0,0,0,4,1,3
event=trace_row ordinal=5563 kind=5 ns=268156308715661 fields=513,6,15,0,0,0,0,0,0,0,16,0,0,0,0,0
event=trace_row ordinal=5564 kind=0 ns=268156308685911 fields=1106,2,0,50,2,0,0,0,0,0,0,0,0,0,0,0
event=trace_row ordinal=5565 kind=1 ns=268156308685911 fields=1106,2,0,923,1319,200,1000,0,1,0,0,0,0,0,0,0
event=trace_row ordinal=5566 kind=1 ns=268156308685911 fields=1106,2,1,907,1348,200,1000,0,1,0,0,0,0,0,0,0
event=trace_row ordinal=5567 kind=3 ns=268156308719453 fields=1106,1107,1,2,268156308685911,-116,439,0,0,0,0,0,0,4,1,3
event=trace_row ordinal=5568 kind=5 ns=268156318703336 fields=513,6,15,0,0,0,0,0,0,0,16,0,0,0,0,0
event=trace_row ordinal=5569 kind=0 ns=268156318681461 fields=1107,2,0,25,1,0,0,0,0,0,0,0,0,0,0,0
event=trace_row ordinal=5570 kind=1 ns=268156318681461 fields=1107,2,0,907,1348,200,1000,0,1,0,0,0,0,0,0,0
event=trace_row ordinal=5571 kind=3 ns=268156318706544 fields=1107,1108,1,2,268156318681461,-116,439,0,0,0,0,0,0,4,1,3
event=trace_row ordinal=5572 kind=5 ns=268156328714345 fields=513,6,15,0,0,0,0,0,0,0,16,0,0,0,0,0
event=trace_row ordinal=5573 kind=0 ns=268156328684011 fields=1108,2,0,25,1,0,0,0,0,0,0,0,0,0,0,0
event=trace_row ordinal=5574 kind=1 ns=268156328684011 fields=1108,2,0,907,1348,200,1000,0,1,0,0,0,0,0,0,0
event=trace_row ordinal=5575 kind=3 ns=268156328717845 fields=1108,1109,1,2,268156328684011,-116,439,0,0,0,0,0,0,4,1,3
event=trace_row ordinal=5576 kind=5 ns=268156338704353 fields=513,6,15,0,0,0,3,0,0,0,16,0,0,0,0,0
event=trace_row ordinal=5577 kind=0 ns=268156338679270 fields=1109,2,0,50,2,0,0,0,0,0,0,0,0,0,0,0
event=trace_row ordinal=5578 kind=1 ns=268156338679270 fields=1109,2,0,868,1380,200,1000,0,1,0,0,0,0,0,0,0
event=trace_row ordinal=5579 kind=1 ns=268156338679270 fields=1109,2,1,868,1380,200,1000,0,1,0,0,0,0,0,0,0
event=trace_row ordinal=5580 kind=3 ns=268156338708437 fields=1109,1110,1,2,268156338679270,-165,479,0,3,0,3,0,3,5,1,3
event=trace_row ordinal=5581 kind=4 ns=268156339433822 fields=385,8,39,20,39,20,0,0,0,0,16,0,0,0,0,0
event=trace_row ordinal=5582 kind=4 ns=268156339621949 fields=641,5,3,0,0,0,0,0,0,0,16,0,0,0,0,0
event=trace_row ordinal=5583 kind=5 ns=268156348711571 fields=513,6,15,0,0,0,3,0,0,0,16,0,0,0,0,0
event=trace_row ordinal=5584 kind=0 ns=268156348683862 fields=1110,2,0,25,1,0,0,0,0,0,0,0,0,0,0,0
event=trace_row ordinal=5585 kind=1 ns=268156348683862 fields=1110,2,0,868,1380,200,1000,0,1,0,0,0,0,0,0,0
event=trace_row ordinal=5586 kind=3 ns=268156348715946 fields=1110,1111,1,2,268156348683862,-165,479,0,3,0,3,0,3,5,1,3
event=trace_row ordinal=5587 kind=5 ns=268156358734538 fields=513,6,15,0,0,0,3,0,0,0,16,0,0,0,0,0
event=trace_row ordinal=5588 kind=0 ns=268156358691371 fields=1111,2,0,50,2,0,0,0,0,0,0,0,0,0,0,0
event=trace_row ordinal=5589 kind=1 ns=268156358691371 fields=1111,2,0,849,1402,200,1000,0,1,0,0,0,0,0,0,0
event=trace_row ordinal=5590 kind=1 ns=268156358691371 fields=1111,2,1,849,1402,200,1000,0,1,0,0,0,0,0,0,0
event=trace_row ordinal=5591 kind=3 ns=268156358739205 fields=1111,1112,1,2,268156358691371,-188,506,0,3,0,3,0,3,5,1,3
event=trace_row ordinal=5592 kind=4 ns=268156363291599 fields=1793,1,5,0,0,0,0,0,0,0,16,0,0,0,0,0
event=trace_row ordinal=5593 kind=5 ns=268156368714921 fields=513,6,15,0,0,0,3,0,0,0,16,0,0,0,0,0
event=trace_row ordinal=5594 kind=0 ns=268156368686046 fields=1112,2,0,25,1,0,0,0,0,0,0,0,0,0,0,0
event=trace_row ordinal=5595 kind=1 ns=268156368686046 fields=1112,2,0,849,1402,200,1000,0,1,0,0,0,0,0,0,0
event=trace_row ordinal=5596 kind=3 ns=268156368719880 fields=1112,1113,1,2,268156368686046,-188,506,0,3,0,3,0,3,5,1,3
event=trace_row ordinal=5597 kind=5 ns=268156378703763 fields=513,6,15,0,0,0,3,0,0,0,16,0,0,0,0,0
event=trace_row ordinal=5598 kind=0 ns=268156378678971 fields=1113,2,0,50,2,0,0,0,0,0,0,0,0,0,0,0
event=trace_row ordinal=5599 kind=1 ns=268156378678971 fields=1113,2,0,820,1420,200,1000,0,1,0,0,0,0,0,0,0
event=trace_row ordinal=5600 kind=1 ns=268156378678971 fields=1113,2,1,820,1420,200,1000,0,1,0,0,0,0,0,0,0
event=trace_row ordinal=5601 kind=3 ns=268156378707263 fields=1113,1114,1,2,268156378678971,-225,529,0,3,0,3,0,3,5,1,3
event=trace_row ordinal=5602 kind=5 ns=268156388703689 fields=513,6,15,0,0,0,4,0,0,0,16,0,0,0,0,0
event=trace_row ordinal=5603 kind=0 ns=268156388678897 fields=1114,2,0,25,1,0,0,0,0,0,0,0,0,0,0,0
event=trace_row ordinal=5604 kind=1 ns=268156388678897 fields=1114,2,0,800,1442,200,1000,0,1,0,0,0,0,0,0,0
event=trace_row ordinal=5605 kind=3 ns=268156388708355 fields=1114,1115,1,2,268156388678897,-250,556,0,4,0,4,0,4,5,1,3
event=trace_row ordinal=5606 kind=4 ns=268156389317072 fields=385,8,39,20,39,68,0,0,11,0,16,0,0,0,0,0
event=trace_row ordinal=5607 kind=4 ns=268156389518908 fields=641,5,3,0,0,0,0,0,0,0,16,0,0,0,0,0
event=trace_row ordinal=5608 kind=5 ns=268156398707406 fields=513,6,15,0,0,0,4,0,0,0,16,0,0,0,0,0
event=trace_row ordinal=5609 kind=0 ns=268156398682322 fields=1115,2,0,25,1,0,0,0,0,0,0,0,0,0,0,0
event=trace_row ordinal=5610 kind=1 ns=268156398682322 fields=1115,2,0,800,1442,200,1000,0,1,0,0,0,0,0,0,0
event=trace_row ordinal=5611 kind=3 ns=268156398712364 fields=1115,1116,1,2,268156398682322,-250,556,0,4,0,4,0,4,5,1,3
event=trace_row ordinal=5612 kind=5 ns=268156408767707 fields=513,6,15,0,0,0,4,0,0,0,16,0,0,0,0,0
event=trace_row ordinal=5613 kind=0 ns=268156408704998 fields=1116,2,0,50,2,0,0,0,0,0,0,0,0,0,0,0
event=trace_row ordinal=5614 kind=1 ns=268156408704998 fields=1116,2,0,800,1442,200,1000,0,1,0,0,0,0,0,0,0
event=trace_row ordinal=5615 kind=1 ns=268156408704998 fields=1116,2,1,785,1463,200,1000,0,1,0,0,0,0,0,0,0
event=trace_row ordinal=5616 kind=3 ns=268156408781415 fields=1116,1117,1,2,268156408704998,-268,582,0,4,0,4,0,4,5,1,3
event=trace_row ordinal=5617 kind=5 ns=268156418696173 fields=513,6,15,0,0,0,4,0,0,0,16,0,0,0,0,0
event=trace_row ordinal=5618 kind=0 ns=268156418676631 fields=1117,2,0,25,1,0,0,0,0,0,0,0,0,0,0,0
event=trace_row ordinal=5619 kind=1 ns=268156418676631 fields=1117,2,0,785,1463,200,1000,0,1,0,0,0,0,0,0,0
event=trace_row ordinal=5620 kind=3 ns=268156418699381 fields=1117,1118,1,2,268156418676631,-268,582,0,4,0,4,0,4,5,1,3
event=trace_row ordinal=5621 kind=5 ns=268156428697265 fields=513,6,15,0,0,0,4,0,0,0,16,0,0,0,0,0
event=trace_row ordinal=5622 kind=0 ns=268156428675390 fields=1118,2,0,51,2,0,0,0,0,0,0,0,0,0,0,0
event=trace_row ordinal=5623 kind=1 ns=268156428675390 fields=1118,2,0,785,1463,200,1000,0,1,0,0,0,0,0,0,0
event=trace_row ordinal=5624 kind=1 ns=268156428675390 fields=1118,2,1,764,1480,200,1000,0,1,0,0,0,0,0,0,0
event=trace_row ordinal=5625 kind=3 ns=268156428700473 fields=1118,1119,1,2,268156428675390,-295,603,0,4,0,4,0,4,5,1,3
event=trace_row ordinal=5626 kind=5 ns=268156438694565 fields=513,6,15,0,0,0,4,0,0,0,16,0,0,0,0,0
event=trace_row ordinal=5627 kind=0 ns=268156438675607 fields=1119,2,0,26,1,0,0,0,0,0,0,0,0,0,0,0
event=trace_row ordinal=5628 kind=1 ns=268156438675607 fields=1119,2,0,764,1480,200,1000,0,1,0,0,0,0,0,0,0
event=trace_row ordinal=5629 kind=3 ns=268156438697774 fields=1119,1120,1,2,268156438675607,-295,603,0,4,0,4,0,4,5,1,3
event=trace_row ordinal=5630 kind=4 ns=268156439388741 fields=385,8,39,20,39,68,0,0,37,0,16,0,0,0,0,0
event=trace_row ordinal=5631 kind=4 ns=268156439582119 fields=641,5,3,0,0,0,0,0,0,0,16,0,0,0,0,0
event=trace_row ordinal=5632 kind=5 ns=268156448698282 fields=513,6,15,0,0,0,4,0,0,0,16,0,0,0,0,0
event=trace_row ordinal=5633 kind=0 ns=268156448676115 fields=1120,2,0,52,2,0,0,0,0,0,0,0,0,0,0,0
event=trace_row ordinal=5634 kind=1 ns=268156448676115 fields=1120,2,0,764,1480,200,1000,0,1,0,0,0,0,0,0,0
event=trace_row ordinal=5635 kind=1 ns=268156448676115 fields=1120,2,1,730,1494,200,1000,0,1,0,0,0,0,0,0,0
event=trace_row ordinal=5636 kind=3 ns=268156448702949 fields=1120,1121,1,2,268156448676115,-337,620,0,4,0,4,0,4,5,1,3
event=trace_row ordinal=5637 kind=5 ns=268156458696166 fields=513,6,15,0,0,0,4,0,0,0,16,0,0,0,0,0
event=trace_row ordinal=5638 kind=0 ns=268156458676041 fields=1121,2,0,26,1,0,0,0,0,0,0,0,0,0,0,0
event=trace_row ordinal=5639 kind=1 ns=268156458676041 fields=1121,2,0,730,1494,200,1000,0,1,0,0,0,0,0,0,0
event=trace_row ordinal=5640 kind=3 ns=268156458699374 fields=1121,1122,1,2,268156458676041,-337,620,0,4,0,4,0,4,5,1,3
event=trace_row ordinal=5641 kind=5 ns=268156468700758 fields=513,6,15,0,0,0,4,0,0,0,16,0,0,0,0,0
event=trace_row ordinal=5642 kind=0 ns=268156468678008 fields=1122,2,0,26,1,0,0,0,0,0,0,0,0,0,0,0
event=trace_row ordinal=5643 kind=1 ns=268156468678008 fields=1122,2,0,730,1494,200,1000,0,1,0,0,0,0,0,0,0
event=trace_row ordinal=5644 kind=3 ns=268156468704258 fields=1122,1123,1,2,268156468678008,-337,620,0,4,0,4,0,4,5,1,3
event=trace_row ordinal=5645 kind=5 ns=268156478696600 fields=513,6,15,0,0,0,5,0,0,0,16,0,0,0,0,0
event=trace_row ordinal=5646 kind=0 ns=268156478675308 fields=1123,2,0,50,2,0,0,0,0,0,0,0,0,0,0,0
event=trace_row ordinal=5647 kind=1 ns=268156478675308 fields=1123,2,0,704,1506,200,1000,0,1,0,0,0,0,0,0,0
event=trace_row ordinal=5648 kind=1 ns=268156478675308 fields=1123,2,1,704,1506,200,1000,0,1,0,0,0,0,0,0,0
event=trace_row ordinal=5649 kind=3 ns=268156478699808 fields=1123,1124,1,2,268156478675308,-370,635,0,5,0,5,0,5,5,1,3
event=trace_row ordinal=5650 kind=5 ns=268156488695942 fields=513,6,15,0,0,0,5,0,0,0,16,0,0,0,0,0
event=trace_row ordinal=5651 kind=0 ns=268156488676400 fields=1124,2,0,25,1,0,0,0,0,0,0,0,0,0,0,0
event=trace_row ordinal=5652 kind=1 ns=268156488676400 fields=1124,2,0,704,1506,200,1000,0,1,0,0,0,0,0,0,0
event=trace_row ordinal=5653 kind=3 ns=268156488699150 fields=1124,1125,1,2,268156488676400,-370,635,0,5,0,5,0,5,5,1,3
event=trace_row ordinal=5654 kind=4 ns=268156489396535 fields=385,8,39,20,39,64,0,0,37,0,16,0,0,0,0,0
event=trace_row ordinal=5655 kind=4 ns=268156489582912 fields=641,5,3,0,0,0,0,0,0,0,16,0,0,0,0,0
event=trace_row ordinal=5656 kind=5 ns=268156498697909 fields=513,6,15,0,0,0,5,0,0,0,16,0,0,0,0,0
event=trace_row ordinal=5657 kind=0 ns=268156498676034 fields=1125,2,0,50,2,0,0,0,0,0,0,0,0,0,0,0
event=trace_row ordinal=5658 kind=1 ns=268156498676034 fields=1125,2,0,691,1520,200,1000,0,1,0,0,0,0,0,0,0
event=trace_row ordinal=5659 kind=1 ns=268156498676034 fields=1125,2,1,691,1520,200,1000,0,1,0,0,0,0,0,0,0
event=trace_row ordinal=5660 kind=3 ns=268156498701409 fields=1125,1126,1,2,268156498676034,-386,653,0,5,0,5,0,5,5,1,3
event=trace_row ordinal=5661 kind=5 ns=268156508695501 fields=513,6,15,0,0,0,5,0,0,0,16,0,0,0,0,0
event=trace_row ordinal=5662 kind=0 ns=268156508675959 fields=1126,2,0,25,1,0,0,0,0,0,0,0,0,0,0,0
event=trace_row ordinal=5663 kind=1 ns=268156508675959 fields=1126,2,0,691,1520,200,1000,0,1,0,0,0,0,0,0,0
event=trace_row ordinal=5664 kind=3 ns=268156508699001 fields=1126,1127,1,2,268156508675959,-386,653,0,5,0,5,0,5,5,1,3
event=trace_row ordinal=5665 kind=5 ns=268156518697760 fields=513,6,15,0,0,0,5,0,0,0,16,0,0,0,0,0
event=trace_row ordinal=5666 kind=0 ns=268156518675593 fields=1127,2,0,50,2,0,0,0,0,0,0,0,0,0,0,0
event=trace_row ordinal=5667 kind=1 ns=268156518675593 fields=1127,2,0,682,1530,200,1000,0,1,0,0,0,0,0,0,0
event=trace_row ordinal=5668 kind=1 ns=268156518675593 fields=1127,2,1,682,1530,200,1000,0,1,0,0,0,0,0,0,0
event=trace_row ordinal=5669 kind=3 ns=268156518701552 fields=1127,1128,1,2,268156518675593,-397,665,0,5,0,5,0,5,5,1,3
event=trace_row ordinal=5670 kind=5 ns=268156528695644 fields=513,6,15,0,0,0,5,0,0,0,16,0,0,0,0,0
event=trace_row ordinal=5671 kind=0 ns=268156528676102 fields=1128,2,0,25,1,0,0,0,0,0,0,0,0,0,0,0
event=trace_row ordinal=5672 kind=1 ns=268156528676102 fields=1128,2,0,676,1538,200,1000,0,1,0,0,0,0,0,0,0
event=trace_row ordinal=5673 kind=3 ns=268156528699144 fields=1128,1129,1,2,268156528676102,-405,675,0,5,0,5,0,5,5,1,3
event=trace_row ordinal=5674 kind=5 ns=268156538694402 fields=513,6,15,0,0,0,5,0,0,0,16,0,0,0,0,0
event=trace_row ordinal=5675 kind=0 ns=268156538675444 fields=1129,2,0,25,1,0,0,0,0,0,0,0,0,0,0,0
event=trace_row ordinal=5676 kind=1 ns=268156538675444 fields=1129,2,0,676,1538,200,1000,0,1,0,0,0,0,0,0,0
event=trace_row ordinal=5677 kind=3 ns=268156538697611 fields=1129,1130,1,2,268156538675444,-405,675,0,5,0,5,0,5,5,1,3
event=trace_row ordinal=5678 kind=4 ns=268156539282410 fields=385,8,39,20,39,68,0,0,46,0,16,0,0,0,0,0
event=trace_row ordinal=5679 kind=4 ns=268156539480163 fields=641,5,3,0,0,0,0,0,0,0,16,0,0,0,0,0
event=trace_row ordinal=5680 kind=5 ns=268156548697536 fields=513,6,15,0,0,0,5,0,0,0,16,0,0,0,0,0
event=trace_row ordinal=5681 kind=0 ns=268156548675952 fields=1130,2,0,50,2,0,0,0,0,0,0,0,0,0,0,0
event=trace_row ordinal=5682 kind=1 ns=268156548675952 fields=1130,2,0,676,1538,200,1000,0,1,0,0,0,0,0,0,0
event=trace_row ordinal=5683 kind=1 ns=268156548675952 fields=1130,2,1,663,1550,200,1000,0,1,0,0,0,0,0,0,0
event=trace_row ordinal=5684 kind=3 ns=268156548701036 fields=1130,1131,1,2,268156548675952,-421,690,0,5,0,5,0,5,5,1,3
event=trace_row ordinal=5685 kind=5 ns=268156558722253 fields=513,6,15,0,0,0,5,0,0,0,16,0,0,0,0,0
event=trace_row ordinal=5686 kind=0 ns=268156558686669 fields=1131,2,0,25,1,0,0,0,0,0,0,0,0,0,0,0
event=trace_row ordinal=5687 kind=1 ns=268156558686669 fields=1131,2,0,663,1550,200,1000,0,1,0,0,0,0,0,0,0
event=trace_row ordinal=5688 kind=3 ns=268156558727212 fields=1131,1132,1,2,268156558686669,-421,690,0,5,0,5,0,5,5,1,3
event=trace_row ordinal=5689 kind=5 ns=268156568702345 fields=513,6,15,0,0,0,5,0,0,0,16,0,0,0,0,0
event=trace_row ordinal=5690 kind=0 ns=268156568678428 fields=1132,2,0,50,2,0,0,0,0,0,0,0,0,0,0,0
event=trace_row ordinal=5691 kind=1 ns=268156568678428 fields=1132,2,0,663,1550,200,1000,0,1,0,0,0,0,0,0,0
event=trace_row ordinal=5692 kind=1 ns=268156568678428 fields=1132,2,1,641,1563,200,1000,0,1,0,0,0,0,0,0,0
event=trace_row ordinal=5693 kind=3 ns=268156568706720 fields=1132,1133,1,2,268156568678428,-448,706,0,5,0,5,0,5,5,1,3
event=trace_row ordinal=5694 kind=5 ns=268156578695270 fields=513,6,15,0,0,0,5,0,0,0,16,0,0,0,0,0
event=trace_row ordinal=5695 kind=0 ns=268156578676603 fields=1133,2,0,25,1,0,0,0,0,0,0,0,0,0,0,0
event=trace_row ordinal=5696 kind=1 ns=268156578676603 fields=1133,2,0,641,1563,200,1000,0,1,0,0,0,0,0,0,0
event=trace_row ordinal=5697 kind=3 ns=268156578698479 fields=1133,1134,1,2,268156578676603,-448,706,0,5,0,5,0,5,5,1,3
event=trace_row ordinal=5698 kind=5 ns=268156588697237 fields=513,6,15,0,0,0,5,0,0,0,16,0,0,0,0,0
event=trace_row ordinal=5699 kind=0 ns=268156588675945 fields=1134,2,0,50,2,0,0,0,0,0,0,0,0,0,0,0
event=trace_row ordinal=5700 kind=1 ns=268156588675945 fields=1134,2,0,641,1563,200,1000,0,1,0,0,0,0,0,0,0
event=trace_row ordinal=5701 kind=1 ns=268156588675945 fields=1134,2,1,615,1581,200,1000,0,1,0,0,0,0,0,0,0
event=trace_row ordinal=5702 kind=3 ns=268156588700446 fields=1134,1135,1,2,268156588675945,-481,728,0,5,0,5,0,5,5,1,3
event=trace_row ordinal=5703 kind=4 ns=268156589299245 fields=385,8,39,20,39,68,0,0,52,0,16,0,0,0,0,0
event=trace_row ordinal=5704 kind=4 ns=268156589481831 fields=641,5,3,0,0,0,0,0,0,0,16,0,0,0,0,0
event=trace_row ordinal=5705 kind=5 ns=268156598695996 fields=513,6,15,0,0,0,5,0,0,0,16,0,0,0,0,0
event=trace_row ordinal=5706 kind=0 ns=268156598676162 fields=1135,2,0,25,1,0,0,0,0,0,0,0,0,0,0,0
event=trace_row ordinal=5707 kind=1 ns=268156598676162 fields=1135,2,0,615,1581,200,1000,0,1,0,0,0,0,0,0,0
event=trace_row ordinal=5708 kind=3 ns=268156598699204 fields=1135,1136,1,2,268156598676162,-481,728,0,5,0,5,0,5,5,1,3
event=trace_row ordinal=5709 kind=5 ns=268156608694755 fields=513,6,15,0,0,0,5,0,0,0,16,0,0,0,0,0
event=trace_row ordinal=5710 kind=0 ns=268156608676088 fields=1136,2,0,25,1,0,0,0,0,0,0,0,0,0,0,0
event=trace_row ordinal=5711 kind=1 ns=268156608676088 fields=1136,2,0,615,1581,200,1000,0,1,0,0,0,0,0,0,0
event=trace_row ordinal=5712 kind=3 ns=268156608697963 fields=1136,1137,1,2,268156608676088,-481,728,0,5,0,5,0,5,5,1,3
event=trace_row ordinal=5713 kind=4 ns=268156612870019 fields=1793,1,5,0,0,0,0,0,0,0,16,0,0,0,0,0
event=trace_row ordinal=5714 kind=5 ns=268156618698180 fields=513,6,15,0,0,0,5,0,0,0,16,0,0,0,0,0
event=trace_row ordinal=5715 kind=0 ns=268156618676596 fields=1137,2,0,50,2,0,0,0,0,0,0,0,0,0,0,0
event=trace_row ordinal=5716 kind=1 ns=268156618676596 fields=1137,2,0,604,1589,200,1000,0,1,0,0,0,0,0,0,0
event=trace_row ordinal=5717 kind=1 ns=268156618676596 fields=1137,2,1,604,1589,200,1000,0,1,0,0,0,0,0,0,0
event=trace_row ordinal=5718 kind=3 ns=268156618701972 fields=1137,1138,1,2,268156618676596,-495,738,0,5,0,5,0,5,5,1,3
event=trace_row ordinal=5719 kind=5 ns=268156628696939 fields=513,6,15,0,0,0,5,0,0,0,16,0,0,0,0,0
event=trace_row ordinal=5720 kind=0 ns=268156628676522 fields=1138,2,0,25,1,0,0,0,0,0,0,0,0,0,0,0
event=trace_row ordinal=5721 kind=1 ns=268156628676522 fields=1138,2,0,604,1589,200,1000,0,1,0,0,0,0,0,0,0
event=trace_row ordinal=5722 kind=3 ns=268156628701022 fields=1138,1139,1,2,268156628676522,-495,738,0,5,0,5,0,5,5,1,3
event=trace_row ordinal=5723 kind=5 ns=268156638696864 fields=513,6,15,0,0,0,5,0,0,0,16,0,0,0,0,0
event=trace_row ordinal=5724 kind=0 ns=268156638675864 fields=1139,2,0,50,2,0,0,0,0,0,0,0,0,0,0,0
event=trace_row ordinal=5725 kind=1 ns=268156638675864 fields=1139,2,0,594,1594,200,1000,0,1,0,0,0,0,0,0,0
event=trace_row ordinal=5726 kind=1 ns=268156638675864 fields=1139,2,1,594,1594,200,1000,0,1,0,0,0,0,0,0,0
event=trace_row ordinal=5727 kind=3 ns=268156638700073 fields=1139,1140,1,2,268156638675864,-507,744,0,5,0,5,0,5,5,1,3
event=trace_row ordinal=5728 kind=4 ns=268156639308497 fields=385,8,39,20,39,68,0,0,46,0,16,0,0,0,0,0
event=trace_row ordinal=5729 kind=4 ns=268156639495458 fields=641,5,3,0,0,0,0,0,0,0,16,0,0,0,0,0
event=trace_row ordinal=5730 kind=5 ns=268156648695914 fields=513,6,15,0,0,0,5,0,0,0,16,0,0,0,0,0
event=trace_row ordinal=5731 kind=0 ns=268156648676081 fields=1140,2,0,25,1,0,0,0,0,0,0,0,0,0,0,0
event=trace_row ordinal=5732 kind=1 ns=268156648676081 fields=1140,2,0,594,1594,200,1000,0,1,0,0,0,0,0,0,0
event=trace_row ordinal=5733 kind=3 ns=268156648699415 fields=1140,1141,1,2,268156648676081,-507,744,0,5,0,5,0,5,5,1,3
event=trace_row ordinal=5734 kind=5 ns=268156658696132 fields=513,6,15,0,0,0,5,0,0,0,16,0,0,0,0,0
event=trace_row ordinal=5735 kind=0 ns=268156658676006 fields=1141,2,0,50,2,0,0,0,0,0,0,0,0,0,0,0
event=trace_row ordinal=5736 kind=1 ns=268156658676006 fields=1141,2,0,574,1602,200,1000,0,1,0,0,0,0,0,0,0
event=trace_row ordinal=5737 kind=1 ns=268156658676006 fields=1141,2,1,574,1602,200,1000,0,1,0,0,0,0,0,0,0
event=trace_row ordinal=5738 kind=3 ns=268156658699340 fields=1141,1142,1,2,268156658676006,-532,754,0,5,0,5,0,5,5,1,3
event=trace_row ordinal=5739 kind=5 ns=268156668696057 fields=513,6,15,0,0,0,5,0,0,0,16,0,0,0,0,0
event=trace_row ordinal=5740 kind=0 ns=268156668676223 fields=1142,2,0,25,1,0,0,0,0,0,0,0,0,0,0,0
event=trace_row ordinal=5741 kind=1 ns=268156668676223 fields=1142,2,0,555,1612,200,1000,0,1,0,0,0,0,0,0,0
event=trace_row ordinal=5742 kind=3 ns=268156668699265 fields=1142,1143,1,2,268156668676223,-556,767,0,5,0,5,0,5,5,1,3
event=trace_row ordinal=5743 kind=5 ns=268156678694816 fields=513,6,15,0,0,0,5,0,0,0,16,0,0,0,0,0
event=trace_row ordinal=5744 kind=0 ns=268156678676149 fields=1143,2,0,25,1,0,0,0,0,0,0,0,0,0,0,0
event=trace_row ordinal=5745 kind=1 ns=268156678676149 fields=1143,2,0,555,1612,200,1000,0,1,0,0,0,0,0,0,0
event=trace_row ordinal=5746 kind=3 ns=268156678697732 fields=1143,1144,1,2,268156678676149,-556,767,0,5,0,5,0,5,5,1,3
event=trace_row ordinal=5747 kind=5 ns=268156688695908 fields=513,6,15,0,0,0,5,0,0,0,16,0,0,0,0,0
event=trace_row ordinal=5748 kind=0 ns=268156688675491 fields=1144,2,0,50,2,0,0,0,0,0,0,0,0,0,0,0
event=trace_row ordinal=5749 kind=1 ns=268156688675491 fields=1144,2,0,555,1612,200,1000,0,1,0,0,0,0,0,0,0
event=trace_row ordinal=5750 kind=1 ns=268156688675491 fields=1144,2,1,543,1625,200,1000,0,1,0,0,0,0,0,0,0
event=trace_row ordinal=5751 kind=3 ns=268156688698824 fields=1144,1145,1,2,268156688675491,-571,783,0,5,0,5,0,5,5,1,3
event=trace_row ordinal=5752 kind=4 ns=268156689383958 fields=385,8,39,20,39,68,0,0,48,0,16,0,0,0,0,0
event=trace_row ordinal=5753 kind=4 ns=268156689571503 fields=641,5,3,0,0,0,0,0,0,0,16,0,0,0,0,0
event=trace_row ordinal=5754 kind=5 ns=268156698695541 fields=513,6,15,0,0,0,5,0,0,0,16,0,0,0,0,0
event=trace_row ordinal=5755 kind=0 ns=268156698676291 fields=1145,2,0,25,1,0,0,0,0,0,0,0,0,0,0,0
event=trace_row ordinal=5756 kind=1 ns=268156698676291 fields=1145,2,0,543,1625,200,1000,0,1,0,0,0,0,0,0,0
event=trace_row ordinal=5757 kind=3 ns=268156698698750 fields=1145,1146,1,2,268156698676291,-571,783,0,5,0,5,0,5,5,1,3
event=trace_row ordinal=5758 kind=5 ns=268156708701300 fields=513,6,15,0,0,0,5,0,0,0,16,0,0,0,0,0
event=trace_row ordinal=5759 kind=0 ns=268156708677091 fields=1146,2,0,50,2,0,0,0,0,0,0,0,0,0,0,0
event=trace_row ordinal=5760 kind=1 ns=268156708677091 fields=1146,2,0,543,1625,200,1000,0,1,0,0,0,0,0,0,0
event=trace_row ordinal=5761 kind=1 ns=268156708677091 fields=1146,2,1,540,1633,200,1000,0,1,0,0,0,0,0,0,0
event=trace_row ordinal=5762 kind=3 ns=268156708704508 fields=1146,1147,1,2,268156708677091,-575,793,0,5,0,5,0,5,5,1,3
event=trace_row ordinal=5763 kind=5 ns=268156718703559 fields=513,6,15,0,0,0,5,0,0,0,16,0,0,0,0,0
event=trace_row ordinal=5764 kind=0 ns=268156718679933 fields=1147,2,0,25,1,0,0,0,0,0,0,0,0,0,0,0
event=trace_row ordinal=5765 kind=1 ns=268156718679933 fields=1147,2,0,540,1633,200,1000,0,1,0,0,0,0,0,0,0
event=trace_row ordinal=5766 kind=3 ns=268156718706767 fields=1147,1148,1,2,268156718679933,-575,793,0,5,0,5,0,5,5,1,3
event=trace_row ordinal=5767 kind=5 ns=268156728722443 fields=513,6,15,0,0,0,5,0,0,0,16,0,0,0,0,0
event=trace_row ordinal=5768 kind=0 ns=268156728687151 fields=1148,2,0,50,2,0,0,0,0,0,0,0,0,0,0,0
event=trace_row ordinal=5769 kind=1 ns=268156728687151 fields=1148,2,0,540,1633,200,1000,0,1,0,0,0,0,0,0,0
event=trace_row ordinal=5770 kind=1 ns=268156728687151 fields=1148,2,1,538,1641,200,1000,0,1,0,0,0,0,0,0,0
event=trace_row ordinal=5771 kind=3 ns=268156728727401 fields=1148,1149,1,2,268156728687151,-577,802,0,5,0,5,0,5,5,1,3
event=trace_row ordinal=5772 kind=5 ns=268156738701659 fields=513,6,15,0,0,0,5,0,0,0,16,0,0,0,0,0
event=trace_row ordinal=5773 kind=0 ns=268156738680076 fields=1149,2,0,25,1,0,0,0,0,0,0,0,0,0,0,0
event=trace_row ordinal=5774 kind=1 ns=268156738680076 fields=1149,2,0,538,1641,200,1000,0,1,0,0,0,0,0,0,0
event=trace_row ordinal=5775 kind=3 ns=268156738705451 fields=1149,1150,1,2,268156738680076,-577,802,0,5,0,5,0,5,5,1,3
event=trace_row ordinal=5776 kind=4 ns=268156739401085 fields=385,8,39,20,39,68,0,0,52,0,16,0,0,0,0,0
event=trace_row ordinal=5777 kind=4 ns=268156739579005 fields=641,5,3,0,0,0,0,0,0,0,16,0,0,0,0,0
event=trace_row ordinal=5778 kind=5 ns=268156748725210 fields=513,6,15,0,0,0,5,0,0,0,16,0,0,0,0,0
event=trace_row ordinal=5779 kind=0 ns=268156748687293 fields=1150,2,0,25,1,0,0,0,0,0,0,0,0,0,0,0
event=trace_row ordinal=5780 kind=1 ns=268156748687293 fields=1150,2,0,538,1641,200,1000,0,1,0,0,0,0,0,0,0
event=trace_row ordinal=5781 kind=3 ns=268156748730169 fields=1150,1151,1,2,268156748687293,-577,802,0,5,0,5,0,5,5,1,3
event=trace_row ordinal=5782 kind=5 ns=268156758707635 fields=513,6,15,0,0,0,5,0,0,0,16,0,0,0,0,0
event=trace_row ordinal=5783 kind=0 ns=268156758680510 fields=1151,2,0,50,2,0,0,0,0,0,0,0,0,0,0,0
event=trace_row ordinal=5784 kind=1 ns=268156758680510 fields=1151,2,0,527,1645,200,1000,0,1,0,0,0,0,0,0,0
event=trace_row ordinal=5785 kind=1 ns=268156758680510 fields=1151,2,1,527,1645,200,1000,0,1,0,0,0,0,0,0,0
event=trace_row ordinal=5786 kind=3 ns=268156758712302 fields=1151,1152,1,2,268156758680510,-591,807,0,5,0,5,0,5,5,1,3
event=trace_row ordinal=5787 kind=5 ns=268156768711644 fields=513,6,15,0,0,0,5,0,0,0,16,0,0,0,0,0
event=trace_row ordinal=5788 kind=0 ns=268156768683352 fields=1152,2,0,25,1,0,0,0,0,0,0,0,0,0,0,0
event=trace_row ordinal=5789 kind=1 ns=268156768683352 fields=1152,2,0,527,1645,200,1000,0,1,0,0,0,0,0,0,0
event=trace_row ordinal=5790 kind=3 ns=268156768715436 fields=1152,1153,1,2,268156768683352,-591,807,0,5,0,5,0,5,5,1,3
event=trace_row ordinal=5791 kind=5 ns=268156778717694 fields=513,6,15,0,0,0,5,0,0,0,16,0,0,0,0,0
event=trace_row ordinal=5792 kind=0 ns=268156778684444 fields=1153,2,0,52,2,0,0,0,0,0,0,0,0,0,0,0
event=trace_row ordinal=5793 kind=1 ns=268156778684444 fields=1153,2,0,513,1649,200,1000,0,1,0,0,0,0,0,0,0
event=trace_row ordinal=5794 kind=1 ns=268156778684444 fields=1153,2,1,513,1649,200,1000,0,1,0,0,0,0,0,0,0
event=trace_row ordinal=5795 kind=3 ns=268156778722361 fields=1153,1154,1,2,268156778684444,-608,812,0,5,0,5,0,5,5,1,3
event=trace_row ordinal=5796 kind=5 ns=268156788715286 fields=513,6,15,0,0,0,5,0,0,0,16,0,0,0,0,0
event=trace_row ordinal=5797 kind=0 ns=268156788686703 fields=1154,2,0,26,1,0,0,0,0,0,0,0,0,0,0,0
event=trace_row ordinal=5798 kind=1 ns=268156788686703 fields=1154,2,0,513,1649,200,1000,0,1,0,0,0,0,0,0,0
event=trace_row ordinal=5799 kind=3 ns=268156788718786 fields=1154,1155,1,2,268156788686703,-608,812,0,5,0,5,0,5,5,1,3
event=trace_row ordinal=5800 kind=4 ns=268156789418504 fields=385,8,39,20,39,68,0,0,53,0,16,0,0,0,0,0
event=trace_row ordinal=5801 kind=4 ns=268156789592631 fields=641,5,3,0,0,0,0,0,0,0,16,0,0,0,0,0
event=trace_row ordinal=5802 kind=5 ns=268156798718712 fields=513,6,15,0,0,0,5,0,0,0,16,0,0,0,0,0
event=trace_row ordinal=5803 kind=0 ns=268156798685461 fields=1155,2,0,52,2,0,0,0,0,0,0,0,0,0,0,0
event=trace_row ordinal=5804 kind=1 ns=268156798685461 fields=1155,2,0,510,1652,200,1000,0,1,0,0,0,0,0,0,0
event=trace_row ordinal=5805 kind=1 ns=268156798685461 fields=1155,2,1,510,1652,200,1000,0,1,0,0,0,0,0,0,0
event=trace_row ordinal=5806 kind=3 ns=268156798725712 fields=1155,1156,1,2,268156798685461,-612,816,0,5,0,5,0,5,5,1,3
event=trace_row ordinal=5807 kind=5 ns=268156808721554 fields=513,6,15,0,0,0,5,0,0,0,16,0,0,0,0,0
event=trace_row ordinal=5808 kind=0 ns=268156808688887 fields=1156,2,0,25,1,0,0,0,0,0,0,0,0,0,0,0
event=trace_row ordinal=5809 kind=1 ns=268156808688887 fields=1156,2,0,498,1658,200,1000,0,1,0,0,0,0,0,0,0
event=trace_row ordinal=5810 kind=3 ns=268156808725929 fields=1156,1157,1,2,268156808688887,-627,824,0,5,0,5,0,5,5,1,3
event=trace_row ordinal=5811 kind=5 ns=268156818706896 fields=513,6,15,0,0,0,5,0,0,0,16,0,0,0,0,0
event=trace_row ordinal=5812 kind=0 ns=268156818682104 fields=1157,2,0,25,1,0,0,0,0,0,0,0,0,0,0,0
event=trace_row ordinal=5813 kind=1 ns=268156818682104 fields=1157,2,0,498,1658,200,1000,0,1,0,0,0,0,0,0,0
event=trace_row ordinal=5814 kind=3 ns=268156818710687 fields=1157,1158,1,2,268156818682104,-627,824,0,5,0,5,0,5,5,1,3
event=trace_row ordinal=5815 kind=5 ns=268156828737155 fields=513,6,15,0,0,0,5,0,0,0,16,0,0,0,0,0
event=trace_row ordinal=5816 kind=0 ns=268156828690779 fields=1158,2,0,50,2,0,0,0,0,0,0,0,0,0,0,0
event=trace_row ordinal=5817 kind=1 ns=268156828690779 fields=1158,2,0,498,1658,200,1000,0,1,0,0,0,0,0,0,0
event=trace_row ordinal=5818 kind=1 ns=268156828690779 fields=1158,2,1,476,1663,200,1000,0,1,0,0,0,0,0,0,0
event=trace_row ordinal=5819 kind=3 ns=268156828743572 fields=1158,1159,1,2,268156828690779,-655,830,0,5,0,5,0,5,5,1,3
event=trace_row ordinal=5820 kind=5 ns=268156838708496 fields=513,6,15,0,0,0,5,0,0,0,16,0,0,0,0,0
event=trace_row ordinal=5821 kind=0 ns=268156838683121 fields=1159,2,0,25,1,0,0,0,0,0,0,0,0,0,0,0
event=trace_row ordinal=5822 kind=1 ns=268156838683121 fields=1159,2,0,476,1663,200,1000,0,1,0,0,0,0,0,0,0
event=trace_row ordinal=5823 kind=3 ns=268156838713455 fields=1159,1160,1,2,268156838683121,-655,830,0,5,0,5,0,5,5,1,3
event=trace_row ordinal=5824 kind=4 ns=268156839428923 fields=385,8,39,20,39,68,0,0,48,0,16,0,0,0,0,0
event=trace_row ordinal=5825 kind=4 ns=268156839605092 fields=641,5,3,0,0,0,0,0,0,0,16,0,0,0,0,0
event=trace_row ordinal=5826 kind=5 ns=268156848711630 fields=513,6,15,0,0,0,5,0,0,0,16,0,0,0,0,0
event=trace_row ordinal=5827 kind=0 ns=268156848683338 fields=1160,2,0,50,2,0,0,0,0,0,0,0,0,0,0,0
event=trace_row ordinal=5828 kind=1 ns=268156848683338 fields=1160,2,0,476,1663,200,1000,0,1,0,0,0,0,0,0,0
event=trace_row ordinal=5829 kind=1 ns=268156848683338 fields=1160,2,1,458,1668,200,1000,0,1,0,0,0,0,0,0,0
event=trace_row ordinal=5830 kind=3 ns=268156848716297 fields=1160,1161,1,2,268156848683338,-677,836,0,5,0,5,0,5,5,1,3
event=trace_row ordinal=5831 kind=5 ns=268156858724389 fields=513,6,15,0,0,0,5,0,0,0,16,0,0,0,0,0
event=trace_row ordinal=5832 kind=0 ns=268156858686472 fields=1161,2,0,25,1,0,0,0,0,0,0,0,0,0,0,0
event=trace_row ordinal=5833 kind=1 ns=268156858686472 fields=1161,2,0,458,1668,200,1000,0,1,0,0,0,0,0,0,0
event=trace_row ordinal=5834 kind=3 ns=268156858729639 fields=1161,1162,1,2,268156858686472,-677,836,0,5,0,5,0,5,5,1,3
event=trace_row ordinal=5835 kind=4 ns=268156862440855 fields=1793,1,5,0,0,0,0,0,0,0,16,0,0,0,0,0
event=trace_row ordinal=5836 kind=5 ns=268156868715564 fields=513,6,15,0,0,0,5,0,0,0,16,0,0,0,0,0
event=trace_row ordinal=5837 kind=0 ns=268156868684939 fields=1162,2,0,50,2,0,0,0,0,0,0,0,0,0,0,0
event=trace_row ordinal=5838 kind=1 ns=268156868684939 fields=1162,2,0,458,1668,200,1000,0,1,0,0,0,0,0,0,0
event=trace_row ordinal=5839 kind=1 ns=268156868684939 fields=1162,2,1,449,1673,200,1000,0,1,0,0,0,0,0,0,0
event=trace_row ordinal=5840 kind=3 ns=268156868719648 fields=1162,1163,1,2,268156868684939,-688,842,0,5,0,5,0,5,5,1,3
event=trace_row ordinal=5841 kind=5 ns=268156878708490 fields=513,6,15,0,0,0,5,0,0,0,16,0,0,0,0,0
event=trace_row ordinal=5842 kind=0 ns=268156878681948 fields=1163,2,0,25,1,0,0,0,0,0,0,0,0,0,0,0
event=trace_row ordinal=5843 kind=1 ns=268156878681948 fields=1163,2,0,449,1673,200,1000,0,1,0,0,0,0,0,0,0
event=trace_row ordinal=5844 kind=3 ns=268156878712865 fields=1163,1164,1,2,268156878681948,-688,842,0,5,0,5,0,5,5,1,3
event=trace_row ordinal=5845 kind=5 ns=268156888704915 fields=513,6,15,0,0,0,5,0,0,0,16,0,0,0,0,0
event=trace_row ordinal=5846 kind=0 ns=268156888680123 fields=1164,2,0,25,1,0,0,0,0,0,0,0,0,0,0,0
event=trace_row ordinal=5847 kind=1 ns=268156888680123 fields=1164,2,0,449,1673,200,1000,0,1,0,0,0,0,0,0,0
event=trace_row ordinal=5848 kind=3 ns=268156888708415 fields=1164,1165,1,2,268156888680123,-688,842,0,5,0,5,0,5,5,1,3
event=trace_row ordinal=5849 kind=4 ns=268156889311006 fields=385,8,39,20,39,68,0,0,50,0,16,0,0,0,0,0
event=trace_row ordinal=5850 kind=4 ns=268156889490675 fields=641,5,3,0,0,0,0,0,0,0,16,0,0,0,0,0
event=trace_row ordinal=5851 kind=5 ns=268156898713299 fields=513,6,15,0,0,0,5,0,0,0,16,0,0,0,0,0
event=trace_row ordinal=5852 kind=0 ns=268156898683257 fields=1165,2,0,50,2,0,0,0,0,0,0,0,0,0,0,0
event=trace_row ordinal=5853 kind=1 ns=268156898683257 fields=1165,2,0,445,1678,200,1000,0,1,0,0,0,0,0,0,0
event=trace_row ordinal=5854 kind=1 ns=268156898683257 fields=1165,2,1,445,1678,200,1000,0,1,0,0,0,0,0,0,0
event=trace_row ordinal=5855 kind=3 ns=268156898718257 fields=1165,1166,1,2,268156898683257,-693,848,0,5,0,5,0,5,5,1,3
event=trace_row ordinal=5856 kind=5 ns=268156908701557 fields=513,6,15,0,0,0,5,0,0,0,16,0,0,0,0,0
event=trace_row ordinal=5857 kind=0 ns=268156908678224 fields=1166,2,0,25,1,0,0,0,0,0,0,0,0,0,0,0
event=trace_row ordinal=5858 kind=1 ns=268156908678224 fields=1166,2,0,445,1678,200,1000,0,1,0,0,0,0,0,0,0
event=trace_row ordinal=5859 kind=3 ns=268156908705641 fields=1166,1167,1,2,268156908678224,-693,848,0,5,0,5,0,5,5,1,3
event=trace_row ordinal=5860 kind=5 ns=268156918703524 fields=513,6,15,0,0,0,5,0,0,0,16,0,0,0,0,0
event=trace_row ordinal=5861 kind=0 ns=268156918679316 fields=1167,2,0,50,2,0,0,0,0,0,0,0,0,0,0,0
event=trace_row ordinal=5862 kind=1 ns=268156918679316 fields=1167,2,0,443,1683,200,1000,0,1,0,0,0,0,0,0,0
event=trace_row ordinal=5863 kind=1 ns=268156918679316 fields=1167,2,1,443,1683,200,1000,0,1,0,0,0,0,0,0,0
event=trace_row ordinal=5864 kind=3 ns=268156918707608 fields=1167,1168,1,2,268156918679316,-696,855,0,5,0,5,0,5,5,1,3
event=trace_row ordinal=5865 kind=5 ns=268156928695866 fields=513,6,15,0,0,0,5,0,0,0,16,0,0,0,0,0
event=trace_row ordinal=5866 kind=0 ns=268156928676033 fields=1168,2,0,25,1,0,0,0,0,0,0,0,0,0,0,0
event=trace_row ordinal=5867 kind=1 ns=268156928676033 fields=1168,2,0,443,1683,200,1000,0,1,0,0,0,0,0,0,0
event=trace_row ordinal=5868 kind=3 ns=268156928699075 fields=1168,1169,1,2,268156928676033,-696,855,0,5,0,5,0,5,5,1,3
event=trace_row ordinal=5869 kind=5 ns=268156938702500 fields=513,6,15,0,0,0,5,0,0,0,16,0,0,0,0,0
event=trace_row ordinal=5870 kind=0 ns=268156938678875 fields=1169,2,0,50,2,0,0,0,0,0,0,0,0,0,0,0
event=trace_row ordinal=5871 kind=1 ns=268156938678875 fields=1169,2,0,437,1690,200,1000,0,1,0,0,0,0,0,0,0
event=trace_row ordinal=5872 kind=1 ns=268156938678875 fields=1169,2,1,437,1690,200,1000,0,1,0,0,0,0,0,0,0
event=trace_row ordinal=5873 kind=3 ns=268156938706583 fields=1169,1170,1,2,268156938678875,-703,863,0,5,0,5,0,5,5,1,3
event=trace_row ordinal=5874 kind=4 ns=268156939381509 fields=385,8,39,20,39,68,0,0,47,0,16,0,0,0,0,0
event=trace_row ordinal=5875 kind=4 ns=268156939566428 fields=641,5,3,0,0,0,0,0,0,0,16,0,0,0,0,0
event=trace_row ordinal=5876 kind=5 ns=268156948698050 fields=513,6,15,0,0,0,5,0,0,0,16,0,0,0,0,0
event=trace_row ordinal=5877 kind=0 ns=268156948677050 fields=1170,2,0,25,1,0,0,0,0,0,0,0,0,0,0,0
event=trace_row ordinal=5878 kind=1 ns=268156948677050 fields=1170,2,0,419,1693,200,1000,0,1,0,0,0,0,0,0,0
event=trace_row ordinal=5879 kind=3 ns=268156948701550 fields=1170,1171,1,2,268156948677050,-726,867,0,5,0,5,0,5,5,1,3
event=trace_row ordinal=5880 kind=5 ns=268156958695642 fields=513,6,15,0,0,0,5,0,0,0,16,0,0,0,0,0
event=trace_row ordinal=5881 kind=0 ns=268156958676392 fields=1171,2,0,25,1,0,0,0,0,0,0,0,0,0,0,0
event=trace_row ordinal=5882 kind=1 ns=268156958676392 fields=1171,2,0,419,1693,200,1000,0,1,0,0,0,0,0,0,0
event=trace_row ordinal=5883 kind=3 ns=268156958699142 fields=1171,1172,1,2,268156958676392,-726,867,0,5,0,5,0,5,5,1,3
event=trace_row ordinal=5884 kind=5 ns=268156968695859 fields=513,6,15,0,0,0,5,0,0,0,16,0,0,0,0,0
event=trace_row ordinal=5885 kind=0 ns=268156968675442 fields=1172,2,0,50,2,0,0,0,0,0,0,0,0,0,0,0
event=trace_row ordinal=5886 kind=1 ns=268156968675442 fields=1172,2,0,419,1693,200,1000,0,1,0,0,0,0,0,0,0
event=trace_row ordinal=5887 kind=1 ns=268156968675442 fields=1172,2,1,413,1700,200,1000,0,1,0,0,0,0,0,0,0
event=trace_row ordinal=5888 kind=3 ns=268156968699067 fields=1172,1173,1,2,268156968675442,-733,876,0,5,0,5,0,5,5,1,3
event=trace_row ordinal=5889 kind=5 ns=268156978696076 fields=513,6,15,0,0,0,5,0,0,0,16,0,0,0,0,0
event=trace_row ordinal=5890 kind=0 ns=268156978676242 fields=1173,2,0,25,1,0,0,0,0,0,0,0,0,0,0,0
event=trace_row ordinal=5891 kind=1 ns=268156978676242 fields=1173,2,0,413,1700,200,1000,0,1,0,0,0,0,0,0,0
event=trace_row ordinal=5892 kind=3 ns=268156978699576 fields=1173,1174,1,2,268156978676242,-733,876,0,5,0,5,0,5,5,1,3
event=trace_row ordinal=5893 kind=5 ns=268156988696585 fields=513,6,15,0,0,0,5,0,0,0,16,0,0,0,0,0
event=trace_row ordinal=5894 kind=0 ns=268156988675293 fields=1174,2,0,50,2,0,0,0,0,0,0,0,0,0,0,0
event=trace_row ordinal=5895 kind=1 ns=268156988675293 fields=1174,2,0,413,1700,200,1000,0,1,0,0,0,0,0,0,0
event=trace_row ordinal=5896 kind=1 ns=268156988675293 fields=1174,2,1,412,1703,200,1000,0,1,0,0,0,0,0,0,0
event=trace_row ordinal=5897 kind=3 ns=268156988700085 fields=1174,1175,1,2,268156988675293,-735,879,0,5,0,5,0,5,5,1,3
event=trace_row ordinal=5898 kind=4 ns=268156989388135 fields=385,8,39,20,39,68,0,0,52,0,16,0,0,0,0,0
event=trace_row ordinal=5899 kind=4 ns=268156989574221 fields=641,5,3,0,0,0,0,0,0,0,16,0,0,0,0,0
event=trace_row ordinal=5900 kind=5 ns=268156998695926 fields=513,6,15,0,0,0,5,0,0,0,16,0,0,0,0,0
event=trace_row ordinal=5901 kind=0 ns=268156998675801 fields=1175,2,0,25,1,0,0,0,0,0,0,0,0,0,0,0
event=trace_row ordinal=5902 kind=1 ns=268156998675801 fields=1175,2,0,412,1703,200,1000,0,1,0,0,0,0,0,0,0
event=trace_row ordinal=5903 kind=3 ns=268156998699426 fields=1175,1176,1,2,268156998675801,-735,879,0,5,0,5,0,5,5,1,3
event=trace_row ordinal=5904 kind=5 ns=268157008697018 fields=513,6,15,0,0,0,5,0,0,0,16,0,0,0,0,0
event=trace_row ordinal=5905 kind=0 ns=268157008675726 fields=1176,2,0,50,2,0,0,0,0,0,0,0,0,0,0,0
event=trace_row ordinal=5906 kind=1 ns=268157008675726 fields=1176,2,0,412,1703,200,1000,0,1,0,0,0,0,0,0,0
event=trace_row ordinal=5907 kind=1 ns=268157008675726 fields=1176,2,1,406,1708,200,1000,0,1,0,0,0,0,0,0,0
event=trace_row ordinal=5908 kind=3 ns=268157008700227 fields=1176,1177,1,2,268157008675726,-742,885,0,5,0,5,0,5,5,1,3
event=trace_row ordinal=5909 kind=5 ns=268157018694610 fields=513,6,15,0,0,0,5,0,0,0,16,0,0,0,0,0
event=trace_row ordinal=5910 kind=0 ns=268157018675360 fields=1177,2,0,25,1,0,0,0,0,0,0,0,0,0,0,0
event=trace_row ordinal=5911 kind=1 ns=268157018675360 fields=1177,2,0,406,1708,200,1000,0,1,0,0,0,0,0,0,0
event=trace_row ordinal=5912 kind=3 ns=268157018697819 fields=1177,1178,1,2,268157018675360,-742,885,0,5,0,5,0,5,5,1,3
event=trace_row ordinal=5913 kind=5 ns=268157028694535 fields=513,6,15,0,0,0,5,0,0,0,16,0,0,0,0,0
event=trace_row ordinal=5914 kind=0 ns=268157028675285 fields=1178,2,0,25,1,0,0,0,0,0,0,0,0,0,0,0
event=trace_row ordinal=5915 kind=1 ns=268157028675285 fields=1178,2,0,406,1708,200,1000,0,1,0,0,0,0,0,0,0
event=trace_row ordinal=5916 kind=3 ns=268157028697744 fields=1178,1179,1,2,268157028675285,-742,885,0,5,0,5,0,5,5,1,3
event=trace_row ordinal=5917 kind=5 ns=268157038697669 fields=513,6,15,0,0,0,5,0,0,0,16,0,0,0,0,0
event=trace_row ordinal=5918 kind=0 ns=268157038676377 fields=1179,2,0,50,2,0,0,0,0,0,0,0,0,0,0,0
event=trace_row ordinal=5919 kind=1 ns=268157038676377 fields=1179,2,0,401,1714,200,1000,0,1,0,0,0,0,0,0,0
event=trace_row ordinal=5920 kind=1 ns=268157038676377 fields=1179,2,1,401,1714,200,1000,0,1,0,0,0,0,0,0,0
event=trace_row ordinal=5921 kind=3 ns=268157038701461 fields=1179,1180,1,2,268157038676377,-748,893,0,5,0,5,0,5,5,1,3
event=trace_row ordinal=5922 kind=4 ns=268157039349261 fields=385,8,39,20,39,68,0,0,48,0,16,0,0,0,0,0
event=trace_row ordinal=5923 kind=4 ns=268157039535639 fields=641,5,3,0,0,0,0,0,0,0,16,0,0,0,0,0
event=trace_row ordinal=5924 kind=5 ns=268157048698178 fields=513,6,15,0,0,0,5,0,0,0,16,0,0,0,0,0
event=trace_row ordinal=5925 kind=0 ns=268157048677469 fields=1180,2,0,25,1,0,0,0,0,0,0,0,0,0,0,0
event=trace_row ordinal=5926 kind=1 ns=268157048677469 fields=1180,2,0,401,1714,200,1000,0,1,0,0,0,0,0,0,0
event=trace_row ordinal=5927 kind=3 ns=268157048701969 fields=1180,1181,1,2,268157048677469,-748,893,0,5,0,5,0,5,5,1,3
event=trace_row ordinal=5928 kind=5 ns=268157058719395 fields=513,6,15,0,0,0,5,0,0,0,16,0,0,0,0,0
event=trace_row ordinal=5929 kind=0 ns=268157058685853 fields=1181,2,0,50,2,0,0,0,0,0,0,0,0,0,0,0
event=trace_row ordinal=5930 kind=1 ns=268157058685853 fields=1181,2,0,399,1725,200,1000,0,1,0,0,0,0,0,0,0
event=trace_row ordinal=5931 kind=1 ns=268157058685853 fields=1181,2,1,399,1725,200,1000,0,1,0,0,0,0,0,0,0
event=trace_row ordinal=5932 kind=3 ns=268157058723770 fields=1181,1182,1,2,268157058685853,-751,907,0,5,0,5,0,5,5,1,3
event=trace_row ordinal=5933 kind=5 ns=268157068697736 fields=513,6,15,0,0,0,5,0,0,0,16,0,0,0,0,0
event=trace_row ordinal=5934 kind=0 ns=268157068677028 fields=1182,2,0,25,1,0,0,0,0,0,0,0,0,0,0,0
event=trace_row ordinal=5935 kind=1 ns=268157068677028 fields=1182,2,0,399,1725,200,1000,0,1,0,0,0,0,0,0,0
event=trace_row ordinal=5936 kind=3 ns=268157068700945 fields=1182,1183,1,2,268157068677028,-751,907,0,5,0,5,0,5,5,1,3
event=trace_row ordinal=5937 kind=5 ns=268157078698245 fields=513,6,15,0,0,0,5,0,0,0,16,0,0,0,0,0
event=trace_row ordinal=5938 kind=0 ns=268157078676370 fields=1183,2,0,50,2,0,0,0,0,0,0,0,0,0,0,0
event=trace_row ordinal=5939 kind=1 ns=268157078676370 fields=1183,2,0,399,1731,200,1000,0,1,0,0,0,0,0,0,0
event=trace_row ordinal=5940 kind=1 ns=268157078676370 fields=1183,2,1,399,1731,200,1000,0,1,0,0,0,0,0,0,0
event=trace_row ordinal=5941 kind=3 ns=268157078701453 fields=1183,1184,1,2,268157078676370,-751,914,0,5,0,5,0,5,5,1,3
event=trace_row ordinal=5942 kind=5 ns=268157088697587 fields=513,6,15,0,0,0,5,0,0,0,16,0,0,0,0,0
event=trace_row ordinal=5943 kind=0 ns=268157088676587 fields=1184,2,0,25,1,0,0,0,0,0,0,0,0,0,0,0
event=trace_row ordinal=5944 kind=1 ns=268157088676587 fields=1184,2,0,396,1734,200,1000,0,1,0,0,0,0,0,0,0
event=trace_row ordinal=5945 kind=3 ns=268157088701087 fields=1184,1185,1,2,268157088676587,-755,918,0,5,0,5,0,5,5,1,3
event=trace_row ordinal=5946 kind=4 ns=268157089295803 fields=385,8,39,20,39,68,0,0,47,0,16,0,0,0,0,0
event=trace_row ordinal=5947 kind=4 ns=268157089476056 fields=641,5,3,0,0,0,0,0,0,0,16,0,0,0,0,0
event=trace_row ordinal=5948 kind=5 ns=268157098696054 fields=513,6,15,0,0,0,5,0,0,0,16,0,0,0,0,0
event=trace_row ordinal=5949 kind=0 ns=268157098676512 fields=1185,2,0,25,1,0,0,0,0,0,0,0,0,0,0,0
event=trace_row ordinal=5950 kind=1 ns=268157098676512 fields=1185,2,0,396,1734,200,1000,0,1,0,0,0,0,0,0,0
event=trace_row ordinal=5951 kind=3 ns=268157098699554 fields=1185,1186,1,2,268157098676512,-755,918,0,5,0,5,0,5,5,1,3
event=trace_row ordinal=5952 kind=5 ns=268157108696854 fields=513,6,15,0,0,0,5,0,0,0,16,0,0,0,0,0
event=trace_row ordinal=5953 kind=0 ns=268157108676145 fields=1186,2,0,50,2,0,0,0,0,0,0,0,0,0,0,0
event=trace_row ordinal=5954 kind=1 ns=268157108676145 fields=1186,2,0,396,1734,200,1000,0,1,0,0,0,0,0,0,0
event=trace_row ordinal=5955 kind=1 ns=268157108676145 fields=1186,2,1,390,1737,200,1000,0,1,0,0,0,0,0,0,0
event=trace_row ordinal=5956 kind=3 ns=268157108700062 fields=1186,1187,1,2,268157108676145,-762,921,0,5,0,5,0,5,5,1,3
event=trace_row ordinal=5957 kind=4 ns=268157111931480 fields=1793,1,5,0,0,0,0,0,0,0,16,0,0,0,0,0
event=trace_row ordinal=5958 kind=5 ns=268157118695904 fields=513,6,15,0,0,0,5,0,0,0,16,0,0,0,0,0
event=trace_row ordinal=5959 kind=0 ns=268157118676071 fields=1187,2,0,25,1,0,0,0,0,0,0,0,0,0,0,0
event=trace_row ordinal=5960 kind=1 ns=268157118676071 fields=1187,2,0,390,1737,200,1000,0,1,0,0,0,0,0,0,0
event=trace_row ordinal=5961 kind=3 ns=268157118699113 fields=1187,1188,1,2,268157118676071,-762,921,0,5,0,5,0,5,5,1,3
event=trace_row ordinal=5962 kind=5 ns=268157128696996 fields=513,6,15,0,0,0,5,0,0,0,16,0,0,0,0,0
event=trace_row ordinal=5963 kind=0 ns=268157128675704 fields=1188,2,0,50,2,0,0,0,0,0,0,0,0,0,0,0
event=trace_row ordinal=5964 kind=1 ns=268157128675704 fields=1188,2,0,390,1737,200,1000,0,1,0,0,0,0,0,0,0
event=trace_row ordinal=5965 kind=1 ns=268157128675704 fields=1188,2,1,381,1742,200,1000,0,1,0,0,0,0,0,0,0
event=trace_row ordinal=5966 kind=3 ns=268157128700204 fields=1188,1189,1,2,268157128675704,-773,928,0,5,0,5,0,5,5,1,3
event=trace_row ordinal=5967 kind=5 ns=268157138694588 fields=513,6,15,0,0,0,5,0,0,0,16,0,0,0,0,0
event=trace_row ordinal=5968 kind=0 ns=268157138675338 fields=1189,2,0,25,1,0,0,0,0,0,0,0,0,0,0,0
event=trace_row ordinal=5969 kind=1 ns=268157138675338 fields=1189,2,0,381,1742,200,1000,0,1,0,0,0,0,0,0,0
event=trace_row ordinal=5970 kind=3 ns=268157138697796 fields=1189,1190,1,2,268157138675338,-773,928,0,5,0,5,0,5,5,1,3
event=trace_row ordinal=5971 kind=4 ns=268157139359597 fields=385,8,39,20,39,68,0,0,51,0,16,0,0,0,0,0
event=trace_row ordinal=5972 kind=4 ns=268157139550349 fields=641,5,3,0,0,0,0,0,0,0,16,0,0,0,0,0
event=trace_row ordinal=5973 kind=5 ns=268157148696847 fields=513,6,15,0,0,0,5,0,0,0,16,0,0,0,0,0
event=trace_row ordinal=5974 kind=0 ns=268157148675555 fields=1190,2,0,50,2,0,0,0,0,0,0,0,0,0,0,0
event=trace_row ordinal=5975 kind=1 ns=268157148675555 fields=1190,2,0,381,1742,200,1000,0,1,0,0,0,0,0,0,0
event=trace_row ordinal=5976 kind=1 ns=268157148675555 fields=1190,2,1,375,1746,200,1000,0,1,0,0,0,0,0,0,0
event=trace_row ordinal=5977 kind=3 ns=268157148700638 fields=1190,1191,1,2,268157148675555,-781,933,0,5,0,5,0,5,5,1,3
event=trace_row ordinal=5978 kind=5 ns=268157158697355 fields=513,6,15,0,0,0,5,0,0,0,16,0,0,0,0,0
event=trace_row ordinal=5979 kind=0 ns=268157158676355 fields=1191,2,0,25,1,0,0,0,0,0,0,0,0,0,0,0
event=trace_row ordinal=5980 kind=1 ns=268157158676355 fields=1191,2,0,375,1746,200,1000,0,1,0,0,0,0,0,0,0
event=trace_row ordinal=5981 kind=3 ns=268157158700563 fields=1191,1192,1,2,268157158676355,-781,933,0,5,0,5,0,5,5,1,3
event=trace_row ordinal=5982 kind=5 ns=268157168695530 fields=513,6,15,0,0,0,5,0,0,0,16,0,0,0,0,0
event=trace_row ordinal=5983 kind=0 ns=268157168675697 fields=1192,2,0,25,1,0,0,0,0,0,0,0,0,0,0,0
event=trace_row ordinal=5984 kind=1 ns=268157168675697 fields=1192,2,0,375,1746,200,1000,0,1,0,0,0,0,0,0,0
event=trace_row ordinal=5985 kind=3 ns=268157168698739 fields=1192,1193,1,2,268157168675697,-781,933,0,5,0,5,0,5,5,1,3
event=trace_row ordinal=5986 kind=5 ns=268157178696331 fields=513,6,15,0,0,0,5,0,0,0,16,0,0,0,0,0
event=trace_row ordinal=5987 kind=0 ns=268157178675330 fields=1193,2,0,50,2,0,0,0,0,0,0,0,0,0,0,0
event=trace_row ordinal=5988 kind=1 ns=268157178675330 fields=1193,2,0,372,1750,200,1000,0,1,0,0,0,0,0,0,0
event=trace_row ordinal=5989 kind=1 ns=268157178675330 fields=1193,2,1,372,1750,200,1000,0,1,0,0,0,0,0,0,0
event=trace_row ordinal=5990 kind=3 ns=268157178699539 fields=1193,1194,1,2,268157178675330,-785,938,0,5,0,5,0,5,5,1,3
event=trace_row ordinal=5991 kind=5 ns=268157188709089 fields=513,6,15,0,0,0,5,0,0,0,16,0,0,0,0,0
event=trace_row ordinal=5992 kind=0 ns=268157188681672 fields=1194,2,0,25,1,0,0,0,0,0,0,0,0,0,0,0
event=trace_row ordinal=5993 kind=1 ns=268157188681672 fields=1194,2,0,372,1750,200,1000,0,1,0,0,0,0,0,0,0
event=trace_row ordinal=5994 kind=3 ns=268157188713173 fields=1194,1195,1,2,268157188681672,-785,938,0,5,0,5,0,5,5,1,3
event=trace_row ordinal=5995 kind=4 ns=268157189374682 fields=385,8,39,20,39,68,0,0,54,0,16,0,0,0,0,0
event=trace_row ordinal=5996 kind=4 ns=268157189560767 fields=641,5,3,0,0,0,0,0,0,0,16,0,0,0,0,0
event=trace_row ordinal=5997 kind=5 ns=268157198713681 fields=513,6,15,0,0,0,5,0,0,0,16,0,0,0,0,0
event=trace_row ordinal=5998 kind=0 ns=268157198687723 fields=1195,2,0,50,2,0,0,0,0,0,0,0,0,0,0,0
event=trace_row ordinal=5999 kind=1 ns=268157198687723 fields=1195,2,0,372,1756,200,1000,0,1,0,0,0,0,0,0,0
event=trace_row ordinal=6000 kind=1 ns=268157198687723 fields=1195,2,1,372,1756,200,1000,0,1,0,0,0,0,0,0,0
event=trace_row ordinal=6001 kind=3 ns=268157198718056 fields=1195,1196,1,2,268157198687723,-785,945,0,5,0,5,0,5,5,1,3
event=trace_row ordinal=6002 kind=5 ns=268157208714773 fields=513,6,15,0,0,0,5,0,0,0,16,0,0,0,0,0
event=trace_row ordinal=6003 kind=0 ns=268157208682398 fields=1196,2,0,25,1,0,0,0,0,0,0,0,0,0,0,0
event=trace_row ordinal=6004 kind=1 ns=268157208682398 fields=1196,2,0,372,1756,200,1000,0,1,0,0,0,0,0,0,0
event=trace_row ordinal=6005 kind=3 ns=268157208720023 fields=1196,1197,1,2,268157208682398,-785,945,0,5,0,5,0,5,5,1,3
event=trace_row ordinal=6006 kind=5 ns=268157218788491 fields=513,6,15,0,0,0,5,0,0,0,16,0,0,0,0,0
event=trace_row ordinal=6007 kind=0 ns=268157218758741 fields=1197,2,0,50,2,0,0,0,0,0,0,0,0,0,0,0
event=trace_row ordinal=6008 kind=1 ns=268157218758741 fields=1197,2,0,369,1757,200,1000,0,1,0,0,0,0,0,0,0
event=trace_row ordinal=6009 kind=1 ns=268157218758741 fields=1197,2,1,369,1757,200,1000,0,1,0,0,0,0,0,0,0
event=trace_row ordinal=6010 kind=3 ns=268157218792866 fields=1197,1198,1,2,268157218758741,-788,946,0,5,0,5,0,5,5,1,3
event=trace_row ordinal=6011 kind=5 ns=268157228736207 fields=513,6,15,0,0,0,5,0,0,0,16,0,0,0,0,0
event=trace_row ordinal=6012 kind=0 ns=268157228692748 fields=1198,2,0,25,1,0,0,0,0,0,0,0,0,0,0,0
event=trace_row ordinal=6013 kind=1 ns=268157228692748 fields=1198,2,0,368,1760,200,1000,0,1,0,0,0,0,0,0,0
event=trace_row ordinal=6014 kind=3 ns=268157228741166 fields=1198,1199,1,2,268157228692748,-790,950,0,5,0,5,0,5,5,1,3
event=trace_row ordinal=6015 kind=5 ns=268157238703174 fields=513,6,15,0,0,0,5,0,0,0,16,0,0,0,0,0
event=trace_row ordinal=6016 kind=0 ns=268157238681007 fields=1199,2,0,25,1,0,0,0,0,0,0,0,0,0,0,0
event=trace_row ordinal=6017 kind=1 ns=268157238681007 fields=1199,2,0,368,1760,200,1000,0,1,0,0,0,0,0,0,0
event=trace_row ordinal=6018 kind=3 ns=268157238707257 fields=1199,1200,1,2,268157238681007,-790,950,0,5,0,5,0,5,5,1,3
event=trace_row ordinal=6019 kind=4 ns=268157239398516 fields=385,8,39,20,39,68,0,0,47,0,16,0,0,0,0,0
event=trace_row ordinal=6020 kind=4 ns=268157239573227 fields=641,5,3,0,0,0,0,0,0,0,16,0,0,0,0,0
event=trace_row ordinal=6021 kind=5 ns=268157248729933 fields=513,6,15,0,0,0,5,0,0,0,16,0,0,0,0,0
event=trace_row ordinal=6022 kind=0 ns=268157248688807 fields=1200,2,0,50,2,0,0,0,0,0,0,0,0,0,0,0
event=trace_row ordinal=6023 kind=1 ns=268157248688807 fields=1200,2,0,368,1760,200,1000,0,1,0,0,0,0,0,0,0
event=trace_row ordinal=6024 kind=1 ns=268157248688807 fields=1200,2,1,365,1761,200,1000,0,1,0,0,0,0,0,0,0
event=trace_row ordinal=6025 kind=3 ns=268157248734891 fields=1200,1201,1,2,268157248688807,-793,951,0,5,0,5,0,5,5,1,3
event=trace_row ordinal=6026 kind=5 ns=268157258720816 fields=513,6,15,0,0,0,5,0,0,0,16,0,0,0,0,0
event=trace_row ordinal=6027 kind=0 ns=268157258686399 fields=1201,2,0,25,1,0,0,0,0,0,0,0,0,0,0,0
event=trace_row ordinal=6028 kind=1 ns=268157258686399 fields=1201,2,0,365,1761,200,1000,0,1,0,0,0,0,0,0,0
event=trace_row ordinal=6029 kind=3 ns=268157258726358 fields=1201,1202,1,2,268157258686399,-793,951,0,5,0,5,0,5,5,1,3
event=trace_row ordinal=6030 kind=5 ns=268157268724241 fields=513,6,15,0,0,0,5,0,0,0,16,0,0,0,0,0
event=trace_row ordinal=6031 kind=0 ns=268157268689533 fields=1202,2,0,50,2,0,0,0,0,0,0,0,0,0,0,0
event=trace_row ordinal=6032 kind=1 ns=268157268689533 fields=1202,2,0,365,1761,200,1000,0,1,0,0,0,0,0,0,0
event=trace_row ordinal=6033 kind=1 ns=268157268689533 fields=1202,2,1,360,1763,200,1000,0,1,0,0,0,0,0,0,0
event=trace_row ordinal=6034 kind=3 ns=268157268728908 fields=1202,1203,1,2,268157268689533,-800,954,0,5,0,5,0,5,5,1,3
event=trace_row ordinal=6035 kind=5 ns=268157278701125 fields=513,6,15,0,0,0,5,0,0,0,16,0,0,0,0,0
event=trace_row ordinal=6036 kind=0 ns=268157278678083 fields=1203,2,0,25,1,0,0,0,0,0,0,0,0,0,0,0
event=trace_row ordinal=6037 kind=1 ns=268157278678083 fields=1203,2,0,360,1763,200,1000,0,1,0,0,0,0,0,0,0
event=trace_row ordinal=6038 kind=3 ns=268157278704625 fields=1203,1204,1,2,268157278678083,-800,954,0,5,0,5,0,5,5,1,3
event=trace_row ordinal=6039 kind=5 ns=268157288730217 fields=513,6,15,0,0,0,5,0,0,0,16,0,0,0,0,0
event=trace_row ordinal=6040 kind=0 ns=268157288689966 fields=1204,2,0,50,2,0,0,0,0,0,0,0,0,0,0,0
event=trace_row ordinal=6041 kind=1 ns=268157288689966 fields=1204,2,0,360,1763,200,1000,0,1,0,0,0,0,0,0,0
event=trace_row ordinal=6042 kind=1 ns=268157288689966 fields=1204,2,1,354,1766,200,1000,0,1,0,0,0,0,0,0,0
event=trace_row ordinal=6043 kind=3 ns=268157288734592 fields=1204,1205,1,2,268157288689966,-807,957,0,5,0,5,0,5,5,1,3
event=trace_row ordinal=6044 kind=4 ns=268157289346517 fields=385,8,39,20,39,68,0,0,51,0,16,0,0,0,0,0
event=trace_row ordinal=6045 kind=4 ns=268157289522977 fields=641,5,3,0,0,0,0,0,0,0,16,0,0,0,0,0
event=trace_row ordinal=6046 kind=5 ns=268157298710017 fields=513,6,15,0,0,0,5,0,0,0,16,0,0,0,0,0
event=trace_row ordinal=6047 kind=0 ns=268157298682308 fields=1205,2,0,25,1,0,0,0,0,0,0,0,0,0,0,0
event=trace_row ordinal=6048 kind=1 ns=268157298682308 fields=1205,2,0,354,1766,200,1000,0,1,0,0,0,0,0,0,0
event=trace_row ordinal=6049 kind=3 ns=268157298714100 fields=1205,1206,1,2,268157298682308,-807,957,0,5,0,5,0,5,5,1,3
event=trace_row ordinal=6050 kind=5 ns=268157308724817 fields=513,6,15,0,0,0,5,0,0,0,16,0,0,0,0,0
event=trace_row ordinal=6051 kind=0 ns=268157308689525 fields=1206,2,0,25,1,0,0,0,0,0,0,0,0,0,0,0
event=trace_row ordinal=6052 kind=1 ns=268157308689525 fields=1206,2,0,354,1766,200,1000,0,1,0,0,0,0,0,0,0
event=trace_row ordinal=6053 kind=3 ns=268157308729776 fields=1206,1207,1,2,268157308689525,-807,957,0,5,0,5,0,5,5,1,3
event=trace_row ordinal=6054 kind=5 ns=268157318706951 fields=513,6,15,0,0,0,5,0,0,0,16,0,0,0,0,0
event=trace_row ordinal=6055 kind=0 ns=268157318680992 fields=1207,2,0,50,2,0,0,0,0,0,0,0,0,0,0,0
event=trace_row ordinal=6056 kind=1 ns=268157318680992 fields=1207,2,0,346,1769,200,1000,0,1,0,0,0,0,0,0,0
event=trace_row ordinal=6057 kind=1 ns=268157318680992 fields=1207,2,1,346,1769,200,1000,0,1,0,0,0,0,0,0,0
event=trace_row ordinal=6058 kind=3 ns=268157318710742 fields=1207,1208,1,2,268157318680992,-817,961,0,5,0,5,0,5,5,1,3
event=trace_row ordinal=6059 kind=5 ns=268157328711834 fields=513,6,15,0,0,0,5,0,0,0,16,0,0,0,0,0
event=trace_row ordinal=6060 kind=0 ns=268157328684417 fields=1208,2,0,25,1,0,0,0,0,0,0,0,0,0,0,0
event=trace_row ordinal=6061 kind=1 ns=268157328684417 fields=1208,2,0,346,1769,200,1000,0,1,0,0,0,0,0,0,0
event=trace_row ordinal=6062 kind=3 ns=268157328715334 fields=1208,1209,1,2,268157328684417,-817,961,0,5,0,5,0,5,5,1,3
event=trace_row ordinal=6063 kind=5 ns=268157338707676 fields=513,6,15,0,0,0,5,0,0,0,16,0,0,0,0,0
event=trace_row ordinal=6064 kind=0 ns=268157338681426 fields=1209,2,0,50,2,0,0,0,0,0,0,0,0,0,0,0
event=trace_row ordinal=6065 kind=1 ns=268157338681426 fields=1209,2,0,344,1771,200,1000,0,1,0,0,0,0,0,0,0
event=trace_row ordinal=6066 kind=1 ns=268157338681426 fields=1209,2,1,344,1771,200,1000,0,1,0,0,0,0,0,0,0
event=trace_row ordinal=6067 kind=3 ns=268157338711759 fields=1209,1210,1,2,268157338681426,-820,964,0,5,0,5,0,5,5,1,3
event=trace_row ordinal=6068 kind=4 ns=268157339364810 fields=385,8,39,20,39,68,0,0,45,0,16,0,0,0,0,0
event=trace_row ordinal=6069 kind=4 ns=268157339540104 fields=641,5,3,0,0,0,0,0,0,0,16,0,0,0,0,0
event=trace_row ordinal=6070 kind=5 ns=268157348712560 fields=513,6,15,0,0,0,5,0,0,0,16,0,0,0,0,0
event=trace_row ordinal=6071 kind=0 ns=268157348685143 fields=1210,2,0,25,1,0,0,0,0,0,0,0,0,0,0,0
event=trace_row ordinal=6072 kind=1 ns=268157348685143 fields=1210,2,0,344,1771,200,1000,0,1,0,0,0,0,0,0,0
event=trace_row ordinal=6073 kind=3 ns=268157348717518 fields=1210,1211,1,2,268157348685143,-820,964,0,5,0,5,0,5,5,1,3
event=trace_row ordinal=6074 kind=5 ns=268157358712193 fields=513,6,15,0,0,0,5,0,0,0,16,0,0,0,0,0
event=trace_row ordinal=6075 kind=0 ns=268157358683901 fields=1211,2,0,50,2,0,0,0,0,0,0,0,0,0,0,0
event=trace_row ordinal=6076 kind=1 ns=268157358683901 fields=1211,2,0,343,1772,200,1000,0,1,0,0,0,0,0,0,0
event=trace_row ordinal=6077 kind=1 ns=268157358683901 fields=1211,2,1,343,1772,200,1000,0,1,0,0,0,0,0,0,0
event=trace_row ordinal=6078 kind=3 ns=268157358715985 fields=1211,1212,1,2,268157358683901,-821,965,0,5,0,5,0,5,5,1,3
event=trace_row ordinal=6079 kind=4 ns=268157361504939 fields=1793,1,5,0,0,0,0,0,0,0,16,0,0,0,0,0
event=trace_row ordinal=6080 kind=5 ns=268157368729035 fields=513,6,15,0,0,0,5,0,0,0,16,0,0,0,0,0
event=trace_row ordinal=6081 kind=0 ns=268157368689368 fields=1212,2,0,25,1,0,0,0,0,0,0,0,0,0,0,0
event=trace_row ordinal=6082 kind=1 ns=268157368689368 fields=1212,2,0,342,1774,200,1000,0,1,0,0,0,0,0,0,0
event=trace_row ordinal=6083 kind=3 ns=268157368735160 fields=1212,1213,1,2,268157368689368,-822,967,0,5,0,5,0,5,5,1,3
event=trace_row ordinal=6084 kind=5 ns=268157378708544 fields=513,6,15,0,0,0,5,0,0,0,16,0,0,0,0,0
event=trace_row ordinal=6085 kind=0 ns=268157378683752 fields=1213,2,0,25,1,0,0,0,0,0,0,0,0,0,0,0
event=trace_row ordinal=6086 kind=1 ns=268157378683752 fields=1213,2,0,342,1774,200,1000,0,1,0,0,0,0,0,0,0
event=trace_row ordinal=6087 kind=3 ns=268157378712335 fields=1213,1214,1,2,268157378683752,-822,967,0,5,0,5,0,5,5,1,3
event=trace_row ordinal=6088 kind=5 ns=268157388705844 fields=513,6,15,0,0,0,5,0,0,0,16,0,0,0,0,0
event=trace_row ordinal=6089 kind=0 ns=268157388679593 fields=1214,2,0,50,2,0,0,0,0,0,0,0,0,0,0,0
event=trace_row ordinal=6090 kind=1 ns=268157388679593 fields=1214,2,0,342,1774,200,1000,0,1,0,0,0,0,0,0,0
event=trace_row ordinal=6091 kind=1 ns=268157388679593 fields=1214,2,1,337,1776,200,1000,0,1,0,0,0,0,0,0,0
event=trace_row ordinal=6092 kind=3 ns=268157388709636 fields=1214,1215,1,2,268157388679593,-828,970,0,5,0,5,0,5,5,1,3
event=trace_row ordinal=6093 kind=4 ns=268157389364144 fields=385,8,39,20,39,68,0,0,51,0,16,0,0,0,0,0
event=trace_row ordinal=6094 kind=4 ns=268157389545855 fields=641,5,3,0,0,0,0,0,0,0,16,0,0,0,0,0
event=trace_row ordinal=6095 kind=5 ns=268157398706644 fields=513,6,15,0,0,0,5,0,0,0,16,0,0,0,0,0
event=trace_row ordinal=6096 kind=0 ns=268157398681560 fields=1215,2,0,25,1,0,0,0,0,0,0,0,0,0,0,0
event=trace_row ordinal=6097 kind=1 ns=268157398681560 fields=1215,2,0,337,1776,200,1000,0,1,0,0,0,0,0,0,0
event=trace_row ordinal=6098 kind=3 ns=268157398710436 fields=1215,1216,1,2,268157398681560,-828,970,0,5,0,5,0,5,5,1,3
event=trace_row ordinal=6099 kind=5 ns=268157408711236 fields=513,6,15,0,0,0,5,0,0,0,16,0,0,0,0,0
event=trace_row ordinal=6100 kind=0 ns=268157408682652 fields=1216,2,0,50,2,0,0,0,0,0,0,0,0,0,0,0
event=trace_row ordinal=6101 kind=1 ns=268157408682652 fields=1216,2,0,337,1776,200,1000,0,1,0,0,0,0,0,0,0
event=trace_row ordinal=6102 kind=1 ns=268157408682652 fields=1216,2,1,325,1778,200,1000,0,1,0,0,0,0,0,0,0
event=trace_row ordinal=6103 kind=3 ns=268157408715319 fields=1216,1217,1,2,268157408682652,-843,972,0,5,0,5,0,5,5,1,3
event=trace_row ordinal=6104 kind=5 ns=268157418699786 fields=513,6,15,0,0,0,5,0,0,0,16,0,0,0,0,0
event=trace_row ordinal=6105 kind=0 ns=268157418677327 fields=1217,2,0,25,1,0,0,0,0,0,0,0,0,0,0,0
event=trace_row ordinal=6106 kind=1 ns=268157418677327 fields=1217,2,0,325,1778,200,1000,0,1,0,0,0,0,0,0,0
event=trace_row ordinal=6107 kind=3 ns=268157418703286 fields=1217,1218,1,2,268157418677327,-843,972,0,5,0,5,0,5,5,1,3
event=trace_row ordinal=6108 kind=5 ns=268157428698836 fields=513,6,15,0,0,0,5,0,0,0,16,0,0,0,0,0
event=trace_row ordinal=6109 kind=0 ns=268157428676961 fields=1218,2,0,50,2,0,0,0,0,0,0,0,0,0,0,0
event=trace_row ordinal=6110 kind=1 ns=268157428676961 fields=1218,2,0,325,1778,200,1000,0,1,0,0,0,0,0,0,0
event=trace_row ordinal=6111 kind=1 ns=268157428676961 fields=1218,2,1,322,1779,200,1000,0,1,0,0,0,0,0,0,0
event=trace_row ordinal=6112 kind=3 ns=268157428702336 fields=1218,1219,1,2,268157428676961,-847,973,0,5,0,5,0,5,5,1,3
event=trace_row ordinal=6113 kind=5 ns=268157438695553 fields=513,6,15,0,0,0,5,0,0,0,16,0,0,0,0,0
event=trace_row ordinal=6114 kind=0 ns=268157438676011 fields=1219,2,0,25,1,0,0,0,0,0,0,0,0,0,0,0
event=trace_row ordinal=6115 kind=1 ns=268157438676011 fields=1219,2,0,322,1779,200,1000,0,1,0,0,0,0,0,0,0
event=trace_row ordinal=6116 kind=3 ns=268157438699053 fields=1219,1220,1,2,268157438676011,-847,973,0,5,0,5,0,5,5,1,3
event=trace_row ordinal=6117 kind=4 ns=268157439378354 fields=385,8,39,20,39,68,0,0,49,0,16,0,0,0,0,0
event=trace_row ordinal=6118 kind=4 ns=268157439559190 fields=641,5,3,0,0,0,0,0,0,0,16,0,0,0,0,0
event=trace_row ordinal=6119 kind=5 ns=268157448696937 fields=513,6,15,0,0,0,5,0,0,0,16,0,0,0,0,0
event=trace_row ordinal=6120 kind=0 ns=268157448676228 fields=1220,2,0,25,1,0,0,0,0,0,0,0,0,0,0,0
event=trace_row ordinal=6121 kind=1 ns=268157448676228 fields=1220,2,0,322,1779,200,1000,0,1,0,0,0,0,0,0,0
event=trace_row ordinal=6122 kind=3 ns=268157448700728 fields=1220,1221,1,2,268157448676228,-847,973,0,5,0,5,0,5,5,1,3
event=trace_row ordinal=6123 kind=5 ns=268157458696862 fields=513,6,15,0,0,0,5,0,0,0,16,0,0,0,0,0
event=trace_row ordinal=6124 kind=0 ns=268157458675570 fields=1221,2,0,50,2,0,0,0,0,0,0,0,0,0,0,0
event=trace_row ordinal=6125 kind=1 ns=268157458675570 fields=1221,2,0,322,1780,200,1000,0,1,0,0,0,0,0,0,0
event=trace_row ordinal=6126 kind=1 ns=268157458675570 fields=1221,2,1,322,1780,200,1000,0,1,0,0,0,0,0,0,0
event=trace_row ordinal=6127 kind=3 ns=268157458700070 fields=1221,1222,1,2,268157458675570,-847,975,0,5,0,5,0,5,5,1,3
event=trace_row ordinal=6128 kind=5 ns=268157468702329 fields=513,6,15,0,0,0,5,0,0,0,16,0,0,0,0,0
event=trace_row ordinal=6129 kind=0 ns=268157468679287 fields=1222,2,0,25,1,0,0,0,0,0,0,0,0,0,0,0
event=trace_row ordinal=6130 kind=1 ns=268157468679287 fields=1222,2,0,322,1780,200,1000,0,1,0,0,0,0,0,0,0
event=trace_row ordinal=6131 kind=3 ns=268157468706704 fields=1222,1223,1,2,268157468679287,-847,975,0,5,0,5,0,5,5,1,3
event=trace_row ordinal=6132 kind=5 ns=268157478702254 fields=513,6,15,0,0,0,5,0,0,0,16,0,0,0,0,0
event=trace_row ordinal=6133 kind=0 ns=268157478678629 fields=1223,2,0,50,2,0,0,0,0,0,0,0,0,0,0,0
event=trace_row ordinal=6134 kind=1 ns=268157478678629 fields=1223,2,0,321,1781,200,1000,0,1,0,0,0,0,0,0,0
event=trace_row ordinal=6135 kind=1 ns=268157478678629 fields=1223,2,1,321,1781,200,1000,0,1,0,0,0,0,0,0,0
event=trace_row ordinal=6136 kind=3 ns=268157478706046 fields=1223,1224,1,2,268157478678629,-848,976,0,5,0,5,0,5,5,1,3
event=trace_row ordinal=6137 kind=5 ns=268157488695179 fields=513,6,15,0,0,0,5,0,0,0,16,0,0,0,0,0
event=trace_row ordinal=6138 kind=0 ns=268157488675929 fields=1224,2,0,25,1,0,0,0,0,0,0,0,0,0,0,0
event=trace_row ordinal=6139 kind=1 ns=268157488675929 fields=1224,2,0,321,1781,200,1000,0,1,0,0,0,0,0,0,0
event=trace_row ordinal=6140 kind=3 ns=268157488698388 fields=1224,1225,1,2,268157488675929,-848,976,0,5,0,5,0,5,5,1,3
event=trace_row ordinal=6141 kind=4 ns=268157489328396 fields=385,8,39,20,39,68,0,0,46,0,16,0,0,0,0,0
event=trace_row ordinal=6142 kind=4 ns=268157489511565 fields=641,5,3,0,0,0,0,0,0,0,16,0,0,0,0,0
event=trace_row ordinal=6143 kind=5 ns=268157498699771 fields=513,6,15,0,0,0,5,0,0,0,16,0,0,0,0,0
event=trace_row ordinal=6144 kind=0 ns=268157498677313 fields=1225,2,0,50,2,0,0,0,0,0,0,0,0,0,0,0
event=trace_row ordinal=6145 kind=1 ns=268157498677313 fields=1225,2,0,319,1784,200,1000,0,1,0,0,0,0,0,0,0
event=trace_row ordinal=6146 kind=1 ns=268157498677313 fields=1225,2,1,319,1784,200,1000,0,1,0,0,0,0,0,0,0
event=trace_row ordinal=6147 kind=3 ns=268157498703855 fields=1225,1226,1,2,268157498677313,-851,980,0,5,0,5,0,5,5,1,3
event=trace_row ordinal=6148 kind=5 ns=268157508695905 fields=513,6,15,0,0,0,5,0,0,0,16,0,0,0,0,0
event=trace_row ordinal=6149 kind=0 ns=268157508676363 fields=1226,2,0,25,1,0,0,0,0,0,0,0,0,0,0,0
event=trace_row ordinal=6150 kind=1 ns=268157508676363 fields=1226,2,0,314,1789,200,1000,0,1,0,0,0,0,0,0,0
event=trace_row ordinal=6151 kind=3 ns=268157508698821 fields=1226,1227,1,2,268157508676363,-857,986,0,5,0,5,0,5,5,1,3
event=trace_row ordinal=6152 kind=5 ns=268157518695538 fields=513,6,15,0,0,0,5,0,0,0,16,0,0,0,0,0
event=trace_row ordinal=6153 kind=0 ns=268157518675996 fields=1227,2,0,25,1,0,0,0,0,0,0,0,0,0,0,0
event=trace_row ordinal=6154 kind=1 ns=268157518675996 fields=1227,2,0,314,1789,200,1000,0,1,0,0,0,0,0,0,0
event=trace_row ordinal=6155 kind=3 ns=268157518698455 fields=1227,1228,1,2,268157518675996,-857,986,0,5,0,5,0,5,5,1,3
event=trace_row ordinal=6156 kind=5 ns=268157528696339 fields=513,6,15,0,0,0,5,0,0,0,16,0,0,0,0,0
event=trace_row ordinal=6157 kind=0 ns=268157528675338 fields=1228,2,0,50,2,0,0,0,0,0,0,0,0,0,0,0
event=trace_row ordinal=6158 kind=1 ns=268157528675338 fields=1228,2,0,314,1789,200,1000,0,1,0,0,0,0,0,0,0
event=trace_row ordinal=6159 kind=1 ns=268157528675338 fields=1228,2,1,311,1792,200,1000,0,1,0,0,0,0,0,0,0
event=trace_row ordinal=6160 kind=3 ns=268157528699839 fields=1228,1229,1,2,268157528675338,-861,990,0,5,0,5,0,5,5,1,3
event=trace_row ordinal=6161 kind=5 ns=268157538693639 fields=513,6,15,0,0,0,5,0,0,0,16,0,0,0,0,0
event=trace_row ordinal=6162 kind=0 ns=268157538674972 fields=1229,2,0,25,1,0,0,0,0,0,0,0,0,0,0,0
event=trace_row ordinal=6163 kind=1 ns=268157538674972 fields=1229,2,0,311,1792,200,1000,0,1,0,0,0,0,0,0,0
event=trace_row ordinal=6164 kind=3 ns=268157538697139 fields=1229,1230,1,2,268157538674972,-861,990,0,5,0,5,0,5,5,1,3
event=trace_row ordinal=6165 kind=4 ns=268157539340856 fields=385,8,39,20,39,68,0,0,50,0,16,0,0,0,0,0
event=trace_row ordinal=6166 kind=4 ns=268157539528983 fields=641,5,3,0,0,0,0,0,0,0,16,0,0,0,0,0
event=trace_row ordinal=6167 kind=5 ns=268157548697939 fields=513,6,15,0,0,0,5,0,0,0,16,0,0,0,0,0
event=trace_row ordinal=6168 kind=0 ns=268157548676064 fields=1230,2,0,50,2,0,0,0,0,0,0,0,0,0,0,0
event=trace_row ordinal=6169 kind=1 ns=268157548676064 fields=1230,2,0,311,1792,200,1000,0,1,0,0,0,0,0,0,0
event=trace_row ordinal=6170 kind=1 ns=268157548676064 fields=1230,2,1,311,1792,200,1000,0,1,0,0,0,0,0,0,0
event=trace_row ordinal=6171 kind=3 ns=268157548701147 fields=1230,1231,1,2,268157548676064,-861,990,0,5,0,5,0,5,5,1,3
event=trace_row ordinal=6172 kind=5 ns=268157558722948 fields=513,6,15,0,0,0,5,0,0,0,16,0,0,0,0,0
event=trace_row ordinal=6173 kind=0 ns=268157558687364 fields=1231,2,0,25,1,0,0,0,0,0,0,0,0,0,0,0
event=trace_row ordinal=6174 kind=1 ns=268157558687364 fields=1231,2,0,311,1792,200,1000,0,1,0,0,0,0,0,0,0
event=trace_row ordinal=6175 kind=3 ns=268157558728198 fields=1231,1232,1,2,268157558687364,-861,990,0,5,0,5,0,5,5,1,3
event=trace_row ordinal=6176 kind=5 ns=268157568703623 fields=513,6,15,0,0,0,5,0,0,0,16,0,0,0,0,0
event=trace_row ordinal=6177 kind=0 ns=268157568679706 fields=1232,2,0,50,2,0,0,0,0,0,0,0,0,0,0,0
event=trace_row ordinal=6178 kind=1 ns=268157568679706 fields=1232,2,0,311,1792,200,1000,0,1,0,0,0,0,0,0,0
event=trace_row ordinal=6179 kind=1 ns=268157568679706 fields=1232,2,1,309,1794,200,1000,0,1,0,0,0,0,0,0,0
event=trace_row ordinal=6180 kind=3 ns=268157568706831 fields=1232,1233,1,2,268157568679706,-863,992,0,5,0,5,0,5,5,1,3
event=trace_row ordinal=6181 kind=5 ns=268157578695965 fields=513,6,15,0,0,0,5,0,0,0,16,0,0,0,0,0
event=trace_row ordinal=6182 kind=0 ns=268157578676131 fields=1233,2,0,25,1,0,0,0,0,0,0,0,0,0,0,0
event=trace_row ordinal=6183 kind=1 ns=268157578676131 fields=1233,2,0,309,1794,200,1000,0,1,0,0,0,0,0,0,0
event=trace_row ordinal=6184 kind=3 ns=268157578699173 fields=1233,1234,1,2,268157578676131,-863,992,0,5,0,5,0,5,5,1,3
event=trace_row ordinal=6185 kind=5 ns=268157588698515 fields=513,6,15,0,0,0,5,0,0,0,16,0,0,0,0,0
event=trace_row ordinal=6186 kind=0 ns=268157588677515 fields=1234,2,0,25,1,0,0,0,0,0,0,0,0,0,0,0
event=trace_row ordinal=6187 kind=1 ns=268157588677515 fields=1234,2,0,309,1794,200,1000,0,1,0,0,0,0,0,0,0
event=trace_row ordinal=6188 kind=3 ns=268157588702015 fields=1234,1235,1,2,268157588677515,-863,992,0,5,0,5,0,5,5,1,3
event=trace_row ordinal=6189 kind=4 ns=268157589349815 fields=385,8,39,20,39,68,0,0,54,0,16,0,0,0,0,0
event=trace_row ordinal=6190 kind=4 ns=268157589533859 fields=641,5,3,0,0,0,0,0,0,0,16,0,0,0,0,0
event=trace_row ordinal=6191 kind=5 ns=268157598697857 fields=513,6,15,0,0,0,5,0,0,0,16,0,0,0,0,0
event=trace_row ordinal=6192 kind=0 ns=268157598676273 fields=1235,2,0,50,2,0,0,0,0,0,0,0,0,0,0,0
event=trace_row ordinal=6193 kind=1 ns=268157598676273 fields=1235,2,0,305,1796,200,1000,0,1,0,0,0,0,0,0,0
event=trace_row ordinal=6194 kind=1 ns=268157598676273 fields=1235,2,1,305,1796,200,1000,0,1,0,0,0,0,0,0,0
event=trace_row ordinal=6195 kind=3 ns=268157598701649 fields=1235,1236,1,2,268157598676273,-868,995,0,5,0,5,0,5,5,1,3
event=trace_row ordinal=6196 kind=5 ns=268157608696907 fields=513,6,15,0,0,0,5,0,0,0,16,0,0,0,0,0
event=trace_row ordinal=6197 kind=0 ns=268157608676490 fields=1236,2,0,25,1,0,0,0,0,0,0,0,0,0,0,0
event=trace_row ordinal=6198 kind=1 ns=268157608676490 fields=1236,2,0,305,1796,200,1000,0,1,0,0,0,0,0,0,0
event=trace_row ordinal=6199 kind=3 ns=268157608700407 fields=1236,1237,1,2,268157608676490,-868,995,0,5,0,5,0,5,5,1,3
event=trace_row ordinal=6200 kind=4 ns=268157611047188 fields=1793,1,5,0,0,0,0,0,0,0,16,0,0,0,0,0
event=trace_row ordinal=6201 kind=5 ns=268157618697999 fields=513,6,15,0,0,0,5,0,0,0,16,0,0,0,0,0
event=trace_row ordinal=6202 kind=0 ns=268157618675832 fields=1237,2,0,50,2,0,0,0,0,0,0,0,0,0,0,0
event=trace_row ordinal=6203 kind=1 ns=268157618675832 fields=1237,2,0,304,1798,200,1000,0,1,0,0,0,0,0,0,0
event=trace_row ordinal=6204 kind=1 ns=268157618675832 fields=1237,2,1,304,1798,200,1000,0,1,0,0,0,0,0,0,0
event=trace_row ordinal=6205 kind=3 ns=268157618701791 fields=1237,1238,1,2,268157618675832,-870,997,0,5,0,5,0,5,5,1,3
event=trace_row ordinal=6206 kind=5 ns=268157628695299 fields=513,6,15,0,0,0,5,0,0,0,16,0,0,0,0,0
event=trace_row ordinal=6207 kind=0 ns=268157628675757 fields=1238,2,0,25,1,0,0,0,0,0,0,0,0,0,0,0
event=trace_row ordinal=6208 kind=1 ns=268157628675757 fields=1238,2,0,304,1798,200,1000,0,1,0,0,0,0,0,0,0
event=trace_row ordinal=6209 kind=3 ns=268157628698799 fields=1238,1239,1,2,268157628675757,-870,997,0,5,0,5,0,5,5,1,3
event=trace_row ordinal=6210 kind=5 ns=268157638696391 fields=513,6,15,0,0,0,5,0,0,0,16,0,0,0,0,0
event=trace_row ordinal=6211 kind=0 ns=268157638675099 fields=1239,2,0,50,2,0,0,0,0,0,0,0,0,0,0,0
event=trace_row ordinal=6212 kind=1 ns=268157638675099 fields=1239,2,0,304,1798,200,1000,0,1,0,0,0,0,0,0,0
event=trace_row ordinal=6213 kind=1 ns=268157638675099 fields=1239,2,1,304,1798,200,1000,0,1,0,0,0,0,0,0,0
event=trace_row ordinal=6214 kind=3 ns=268157638699599 fields=1239,1240,1,2,268157638675099,-870,997,0,5,0,5,0,5,5,1,3
event=trace_row ordinal=6215 kind=4 ns=268157639357317 fields=385,8,39,20,39,68,0,0,48,0,16,0,0,0,0,0
event=trace_row ordinal=6216 kind=4 ns=268157639546319 fields=641,5,3,0,0,0,0,0,0,0,16,0,0,0,0,0
event=trace_row ordinal=6217 kind=5 ns=268157648696025 fields=513,6,15,0,0,0,5,0,0,0,16,0,0,0,0,0
event=trace_row ordinal=6218 kind=0 ns=268157648675899 fields=1240,2,0,25,1,0,0,0,0,0,0,0,0,0,0,0
event=trace_row ordinal=6219 kind=1 ns=268157648675899 fields=1240,2,0,304,1798,200,1000,0,1,0,0,0,0,0,0,0
event=trace_row ordinal=6220 kind=3 ns=268157648699233 fields=1240,1241,1,2,268157648675899,-870,997,0,5,0,5,0,5,5,1,3
event=trace_row ordinal=6221 kind=5 ns=268157658695367 fields=513,6,15,0,0,0,5,0,0,0,16,0,0,0,0,0
event=trace_row ordinal=6222 kind=0 ns=268157658675825 fields=1241,2,0,25,1,0,0,0,0,0,0,0,0,0,0,0
event=trace_row ordinal=6223 kind=1 ns=268157658675825 fields=1241,2,0,304,1798,200,1000,0,1,0,0,0,0,0,0,0
event=trace_row ordinal=6224 kind=3 ns=268157658698575 fields=1241,1242,1,2,268157658675825,-870,997,0,5,0,5,0,5,5,1,3
event=trace_row ordinal=6225 kind=5 ns=268157668696167 fields=513,6,15,0,0,0,5,0,0,0,16,0,0,0,0,0
event=trace_row ordinal=6226 kind=0 ns=268157668675458 fields=1242,2,0,50,2,0,0,0,0,0,0,0,0,0,0,0
event=trace_row ordinal=6227 kind=1 ns=268157668675458 fields=1242,2,0,304,1798,200,1000,0,1,0,0,0,0,0,0,0
event=trace_row ordinal=6228 kind=1 ns=268157668675458 fields=1242,2,1,304,1799,200,1000,0,1,0,0,0,0,0,0,0
event=trace_row ordinal=6229 kind=3 ns=268157668699667 fields=1242,1243,1,2,268157668675458,-870,998,0,5,0,5,0,5,5,1,3
event=trace_row ordinal=6230 kind=5 ns=268157678694925 fields=513,6,15,0,0,0,5,0,0,0,16,0,0,0,0,0
event=trace_row ordinal=6231 kind=0 ns=268157678675967 fields=1243,2,0,25,1,0,0,0,0,0,0,0,0,0,0,0
event=trace_row ordinal=6232 kind=1 ns=268157678675967 fields=1243,2,0,304,1799,200,1000,0,1,0,0,0,0,0,0,0
event=trace_row ordinal=6233 kind=3 ns=268157678698425 fields=1243,1244,1,2,268157678675967,-870,998,0,5,0,5,0,5,5,1,3
event=trace_row ordinal=6234 kind=5 ns=268157688696309 fields=513,6,15,0,0,0,5,0,0,0,16,0,0,0,0,0
event=trace_row ordinal=6235 kind=0 ns=268157688675892 fields=1244,2,0,50,2,0,0,0,0,0,0,0,0,0,0,0
event=trace_row ordinal=6236 kind=1 ns=268157688675892 fields=1244,2,0,304,1799,200,1000,0,1,0,0,0,0,0,0,0
event=trace_row ordinal=6237 kind=1 ns=268157688675892 fields=1244,2,1,304,1800,200,1000,0,1,0,0,0,0,0,0,0
event=trace_row ordinal=6238 kind=3 ns=268157688699517 fields=1244,1245,1,2,268157688675892,-870,1000,0,5,0,5,0,5,5,1,3
event=trace_row ordinal=6239 kind=4 ns=268157689307359 fields=385,8,39,20,39,68,0,0,51,0,16,0,0,0,0,0
event=trace_row ordinal=6240 kind=4 ns=268157689493736 fields=641,5,3,0,0,0,0,0,0,0,16,0,0,0,0,0
event=trace_row ordinal=6241 kind=5 ns=268157698698567 fields=513,6,15,0,0,0,5,0,0,0,16,0,0,0,0,0
event=trace_row ordinal=6242 kind=0 ns=268157698677567 fields=1245,2,0,25,1,0,0,0,0,0,0,0,0,0,0,0
event=trace_row ordinal=6243 kind=1 ns=268157698677567 fields=1245,2,0,304,1800,200,1000,0,1,0,0,0,0,0,0,0
event=trace_row ordinal=6244 kind=3 ns=268157698702068 fields=1245,1246,1,2,268157698677567,-870,1000,0,5,0,5,0,5,5,1,3
event=trace_row ordinal=6245 kind=5 ns=268157708704618 fields=513,6,15,0,0,0,5,0,0,0,16,0,0,0,0,0
event=trace_row ordinal=6246 kind=0 ns=268157708678951 fields=1246,2,0,50,2,0,0,0,0,0,0,0,0,0,0,0
event=trace_row ordinal=6247 kind=1 ns=268157708678951 fields=1246,2,0,304,1800,200,1000,0,1,0,0,0,0,0,0,0
event=trace_row ordinal=6248 kind=1 ns=268157708678951 fields=1246,2,1,304,1800,200,1000,0,1,0,0,0,0,0,0,0
event=trace_row ordinal=6249 kind=3 ns=268157708708410 fields=1246,1247,1,2,268157708678951,-870,1000,0,5,0,5,0,5,5,1,3
event=trace_row ordinal=6250 kind=5 ns=268157718697251 fields=513,6,15,0,0,0,5,0,0,0,16,0,0,0,0,0
event=trace_row ordinal=6251 kind=0 ns=268157718677418 fields=1247,2,0,25,1,0,0,0,0,0,0,0,0,0,0,0
event=trace_row ordinal=6252 kind=1 ns=268157718677418 fields=1247,2,0,304,1800,200,1000,0,1,0,0,0,0,0,0,0
event=trace_row ordinal=6253 kind=3 ns=268157718700460 fields=1247,1248,1,2,268157718677418,-870,1000,0,5,0,5,0,5,5,1,3
event=trace_row ordinal=6254 kind=5 ns=268157728712343 fields=513,6,15,0,0,0,5,0,0,0,16,0,0,0,0,0
event=trace_row ordinal=6255 kind=0 ns=268157728682593 fields=1248,2,0,25,1,0,0,0,0,0,0,0,0,0,0,0
event=trace_row ordinal=6256 kind=1 ns=268157728682593 fields=1248,2,0,304,1800,200,1000,0,1,0,0,0,0,0,0,0
event=trace_row ordinal=6257 kind=3 ns=268157728716427 fields=1248,1249,1,2,268157728682593,-870,1000,0,5,0,5,0,5,5,1,3
event=trace_row ordinal=6258 kind=5 ns=268157738701768 fields=513,6,15,0,0,0,5,0,0,0,16,0,0,0,0,0
event=trace_row ordinal=6259 kind=0 ns=268157738678435 fields=1249,2,0,50,2,0,0,0,0,0,0,0,0,0,0,0
event=trace_row ordinal=6260 kind=1 ns=268157738678435 fields=1249,2,0,304,1800,200,1000,0,1,0,0,0,0,0,0,0
event=trace_row ordinal=6261 kind=1 ns=268157738678435 fields=1249,2,1,304,1800,200,1000,0,1,0,0,0,0,0,0,0
event=trace_row ordinal=6262 kind=3 ns=268157738706143 fields=1249,1250,1,2,268157738678435,-870,1000,0,5,0,5,0,5,5,1,3
event=trace_row ordinal=6263 kind=4 ns=268157739390111 fields=385,8,39,20,39,68,0,0,46,0,16,0,0,0,0,0
event=trace_row ordinal=6264 kind=4 ns=268157739566280 fields=641,5,3,0,0,0,0,0,0,0,16,0,0,0,0,0
event=trace_row ordinal=6265 kind=5 ns=268157748718902 fields=513,6,15,0,0,0,5,0,0,0,16,0,0,0,0,0
event=trace_row ordinal=6266 kind=0 ns=268157748687693 fields=1250,2,0,25,1,0,0,0,0,0,0,0,0,0,0,0
event=trace_row ordinal=6267 kind=1 ns=268157748687693 fields=1250,2,0,304,1800,200,1000,0,1,0,0,0,0,0,0,0
event=trace_row ordinal=6268 kind=3 ns=268157748723569 fields=1250,1251,1,2,268157748687693,-870,1000,0,5,0,5,0,5,5,1,3
event=trace_row ordinal=6269 kind=5 ns=268157758711244 fields=513,6,15,0,0,0,5,0,0,0,16,0,0,0,0,0
event=trace_row ordinal=6270 kind=0 ns=268157758682077 fields=1251,2,0,50,2,0,0,0,0,0,0,0,0,0,0,0
event=trace_row ordinal=6271 kind=1 ns=268157758682077 fields=1251,2,0,304,1800,200,1000,0,1,0,0,0,0,0,0,0
event=trace_row ordinal=6272 kind=1 ns=268157758682077 fields=1251,2,1,304,1800,200,1000,0,1,0,0,0,0,0,0,0
event=trace_row ordinal=6273 kind=3 ns=268157758715036 fields=1251,1252,1,2,268157758682077,-870,1000,0,5,0,5,0,5,5,1,3
event=trace_row ordinal=6274 kind=5 ns=268157768715253 fields=513,6,15,0,0,0,5,0,0,0,16,0,0,0,0,0
event=trace_row ordinal=6275 kind=0 ns=268157768686086 fields=1252,2,0,25,1,0,0,0,0,0,0,0,0,0,0,0
event=trace_row ordinal=6276 kind=1 ns=268157768686086 fields=1252,2,0,304,1800,200,1000,0,1,0,0,0,0,0,0,0
event=trace_row ordinal=6277 kind=3 ns=268157768719336 fields=1252,1253,1,2,268157768686086,-870,1000,0,5,0,5,0,5,5,1,3
event=trace_row ordinal=6278 kind=5 ns=268157778700886 fields=513,6,15,0,0,0,5,0,0,0,16,0,0,0,0,0
event=trace_row ordinal=6279 kind=0 ns=268157778678427 fields=1253,2,0,50,2,0,0,0,0,0,0,0,0,0,0,0
event=trace_row ordinal=6280 kind=1 ns=268157778678427 fields=1253,2,0,304,1800,200,1000,0,1,0,0,0,0,0,0,0
event=trace_row ordinal=6281 kind=1 ns=268157778678427 fields=1253,2,1,304,1800,200,1000,0,1,0,0,0,0,0,0,0
event=trace_row ordinal=6282 kind=3 ns=268157778704386 fields=1253,1254,1,2,268157778678427,-870,1000,0,5,0,5,0,5,5,1,3
event=trace_row ordinal=6283 kind=5 ns=268157788733187 fields=513,6,15,0,0,0,5,0,0,0,16,0,0,0,0,0
event=trace_row ordinal=6284 kind=0 ns=268157788693811 fields=1254,2,0,25,1,0,0,0,0,0,0,0,0,0,0,0
event=trace_row ordinal=6285 kind=1 ns=268157788693811 fields=1254,2,0,304,1800,200,1000,0,1,0,0,0,0,0,0,0
event=trace_row ordinal=6286 kind=3 ns=268157788737853 fields=1254,1255,1,2,268157788693811,-870,1000,0,5,0,5,0,5,5,1,3
event=trace_row ordinal=6287 kind=4 ns=268157789408987 fields=385,8,39,20,39,68,0,0,50,0,16,0,0,0,0,0
event=trace_row ordinal=6288 kind=4 ns=268157789585448 fields=641,5,3,0,0,0,0,0,0,0,16,0,0,0,0,0
event=trace_row ordinal=6289 kind=5 ns=268157798717070 fields=513,6,15,0,0,0,5,0,0,0,16,0,0,0,0,0
event=trace_row ordinal=6290 kind=0 ns=268157798687320 fields=1255,2,0,25,1,0,0,0,0,0,0,0,0,0,0,0
event=trace_row ordinal=6291 kind=1 ns=268157798687320 fields=1255,2,0,304,1800,200,1000,0,1,0,0,0,0,0,0,0
event=trace_row ordinal=6292 kind=3 ns=268157798722903 fields=1255,1256,1,2,268157798687320,-870,1000,0,5,0,5,0,5,5,1,3
event=trace_row ordinal=6293 kind=5 ns=268157808729537 fields=513,6,15,0,0,0,5,0,0,0,16,0,0,0,0,0
event=trace_row ordinal=6294 kind=0 ns=268157808690453 fields=1256,2,0,50,2,0,0,0,0,0,0,0,0,0,0,0
event=trace_row ordinal=6295 kind=1 ns=268157808690453 fields=1256,2,0,304,1800,200,1000,0,1,0,0,0,0,0,0,0
event=trace_row ordinal=6296 kind=1 ns=268157808690453 fields=1256,2,1,304,1800,200,1000,0,1,0,0,0,0,0,0,0
event=trace_row ordinal=6297 kind=3 ns=268157808734495 fields=1256,1257,1,2,268157808690453,-870,1000,0,5,0,5,0,5,5,1,3
event=trace_row ordinal=6298 kind=5 ns=268157818714004 fields=513,6,15,0,0,0,5,0,0,0,16,0,0,0,0,0
event=trace_row ordinal=6299 kind=0 ns=268157818685420 fields=1257,2,0,25,1,0,0,0,0,0,0,0,0,0,0,0
event=trace_row ordinal=6300 kind=1 ns=268157818685420 fields=1257,2,0,304,1800,200,1000,0,1,0,0,0,0,0,0,0
event=trace_row ordinal=6301 kind=3 ns=268157818718087 fields=1257,1258,1,2,268157818685420,-870,1000,0,5,0,5,0,5,5,1,3
event=trace_row ordinal=6302 kind=5 ns=268157828716554 fields=513,6,15,0,0,0,5,0,0,0,16,0,0,0,0,0
event=trace_row ordinal=6303 kind=0 ns=268157828685637 fields=1258,2,0,50,2,0,0,0,0,0,0,0,0,0,0,0
event=trace_row ordinal=6304 kind=1 ns=268157828685637 fields=1258,2,0,304,1800,200,1000,0,1,0,0,0,0,0,0,0
event=trace_row ordinal=6305 kind=1 ns=268157828685637 fields=1258,2,1,304,1800,200,1000,0,1,0,0,0,0,0,0,0
event=trace_row ordinal=6306 kind=3 ns=268157828720346 fields=1258,1259,1,2,268157828685637,-870,1000,0,5,0,5,0,5,5,1,3
event=trace_row ordinal=6307 kind=5 ns=268157838710646 fields=513,6,15,0,0,0,5,0,0,0,16,0,0,0,0,0
event=trace_row ordinal=6308 kind=0 ns=268157838684395 fields=1259,2,0,25,1,0,0,0,0,0,0,0,0,0,0,0
event=trace_row ordinal=6309 kind=1 ns=268157838684395 fields=1259,2,0,304,1800,200,1000,0,1,0,0,0,0,0,0,0
event=trace_row ordinal=6310 kind=3 ns=268157838715021 fields=1259,1260,1,2,268157838684395,-870,1000,0,5,0,5,0,5,5,1,3
event=trace_row ordinal=6311 kind=4 ns=268157839363988 fields=385,8,39,20,39,68,0,0,49,0,16,0,0,0,0,0
event=trace_row ordinal=6312 kind=4 ns=268157839541324 fields=641,5,3,0,0,0,0,0,0,0,16,0,0,0,0,0
event=trace_row ordinal=6313 kind=5 ns=268157848706779 fields=513,6,15,0,0,0,5,0,0,0,16,0,0,0,0,0
event=trace_row ordinal=6314 kind=0 ns=268157848681696 fields=1260,2,0,50,2,0,0,0,0,0,0,0,0,0,0,0
event=trace_row ordinal=6315 kind=1 ns=268157848681696 fields=1260,2,0,304,1800,200,1000,0,1,0,0,0,0,0,0,0
event=trace_row ordinal=6316 kind=1 ns=268157848681696 fields=1260,2,1,304,1800,200,1000,0,1,0,0,0,0,0,0,0
event=trace_row ordinal=6317 kind=3 ns=268157848711154 fields=1260,1261,1,2,268157848681696,-870,1000,0,5,0,5,0,5,5,1,3
event=trace_row ordinal=6318 kind=5 ns=268157858705538 fields=513,6,15,0,0,0,5,0,0,0,16,0,0,0,0,0
event=trace_row ordinal=6319 kind=0 ns=268157858682496 fields=1261,2,0,25,1,0,0,0,0,0,0,0,0,0,0,0
event=trace_row ordinal=6320 kind=1 ns=268157858682496 fields=1261,2,0,304,1800,200,1000,0,1,0,0,0,0,0,0,0
event=trace_row ordinal=6321 kind=3 ns=268157858709330 fields=1261,1262,1,2,268157858682496,-870,1000,0,5,0,5,0,5,5,1,3
event=trace_row ordinal=6322 kind=4 ns=268157860621813 fields=1793,1,5,0,0,0,0,0,0,0,16,0,0,0,0,0
event=trace_row ordinal=6323 kind=5 ns=268157868716255 fields=513,6,15,0,0,0,5,0,0,0,16,0,0,0,0,0
event=trace_row ordinal=6324 kind=0 ns=268157868685630 fields=1262,2,0,25,1,0,0,0,0,0,0,0,0,0,0,0
event=trace_row ordinal=6325 kind=1 ns=268157868685630 fields=1262,2,0,304,1800,200,1000,0,1,0,0,0,0,0,0,0
event=trace_row ordinal=6326 kind=3 ns=268157868720338 fields=1262,1263,1,2,268157868685630,-870,1000,0,5,0,5,0,5,5,1,3
event=trace_row ordinal=6327 kind=5 ns=268157878708888 fields=513,6,15,0,0,0,5,0,0,0,16,0,0,0,0,0
event=trace_row ordinal=6328 kind=0 ns=268157878681471 fields=1263,2,0,50,2,0,0,0,0,0,0,0,0,0,0,0
event=trace_row ordinal=6329 kind=1 ns=268157878681471 fields=1263,2,0,304,1800,200,1000,0,1,0,0,0,0,0,0,0
event=trace_row ordinal=6330 kind=1 ns=268157878681471 fields=1263,2,1,304,1800,200,1000,0,1,0,0,0,0,0,0,0
event=trace_row ordinal=6331 kind=3 ns=268157878712097 fields=1263,1264,1,2,268157878681471,-870,1000,0,5,0,5,0,5,5,1,3
event=trace_row ordinal=6332 kind=5 ns=268157888702105 fields=513,6,15,0,0,0,5,0,0,0,16,0,0,0,0,0
event=trace_row ordinal=6333 kind=0 ns=268157888679647 fields=1264,2,0,25,1,0,0,0,0,0,0,0,0,0,0,0
event=trace_row ordinal=6334 kind=1 ns=268157888679647 fields=1264,2,0,304,1800,200,1000,0,1,0,0,0,0,0,0,0
event=trace_row ordinal=6335 kind=3 ns=268157888705605 fields=1264,1265,1,2,268157888679647,-870,1000,0,5,0,5,0,5,5,1,3
event=trace_row ordinal=6336 kind=4 ns=268157889363031 fields=385,8,39,20,39,68,0,0,46,0,16,0,0,0,0,0
event=trace_row ordinal=6337 kind=4 ns=268157889542408 fields=641,5,3,0,0,0,0,0,0,0,16,0,0,0,0,0
event=trace_row ordinal=6338 kind=5 ns=268157898706405 fields=513,6,15,0,0,0,5,0,0,0,16,0,0,0,0,0
event=trace_row ordinal=6339 kind=0 ns=268157898681030 fields=1265,2,0,50,2,0,0,0,0,0,0,0,0,0,0,0
event=trace_row ordinal=6340 kind=1 ns=268157898681030 fields=1265,2,0,304,1800,200,1000,0,1,0,0,0,0,0,0,0
event=trace_row ordinal=6341 kind=1 ns=268157898681030 fields=1265,2,1,304,1800,200,1000,0,1,0,0,0,0,0,0,0
event=trace_row ordinal=6342 kind=3 ns=268157898711364 fields=1265,1266,1,2,268157898681030,-870,1000,0,5,0,5,0,5,5,1,3
event=trace_row ordinal=6343 kind=5 ns=268157908708081 fields=513,6,15,0,0,0,5,0,0,0,16,0,0,0,0,0
event=trace_row ordinal=6344 kind=0 ns=268157908682122 fields=1266,2,0,25,1,0,0,0,0,0,0,0,0,0,0,0
event=trace_row ordinal=6345 kind=1 ns=268157908682122 fields=1266,2,0,304,1800,200,1000,0,1,0,0,0,0,0,0,0
event=trace_row ordinal=6346 kind=3 ns=268157908713914 fields=1266,1267,1,2,268157908682122,-870,1000,0,5,0,5,0,5,5,1,3
event=trace_row ordinal=6347 kind=5 ns=268157918711214 fields=513,6,15,0,0,0,5,0,0,0,16,0,0,0,0,0
event=trace_row ordinal=6348 kind=0 ns=268157918682047 fields=1267,2,0,50,2,0,0,0,0,0,0,0,0,0,0,0
event=trace_row ordinal=6349 kind=1 ns=268157918682047 fields=1267,2,0,304,1800,200,1000,0,1,0,0,0,0,0,0,0
event=trace_row ordinal=6350 kind=1 ns=268157918682047 fields=1267,2,1,304,1800,200,1000,0,1,0,0,0,0,0,0,0
event=trace_row ordinal=6351 kind=3 ns=268157918715006 fields=1267,1268,1,2,268157918682047,-870,1000,0,5,0,5,0,5,5,1,3
event=trace_row ordinal=6352 kind=5 ns=268157928695973 fields=513,6,15,0,0,0,5,0,0,0,16,0,0,0,0,0
event=trace_row ordinal=6353 kind=0 ns=268157928676139 fields=1268,2,0,25,1,0,0,0,0,0,0,0,0,0,0,0
event=trace_row ordinal=6354 kind=1 ns=268157928676139 fields=1268,2,0,304,1800,200,1000,0,1,0,0,0,0,0,0,0
event=trace_row ordinal=6355 kind=3 ns=268157928698889 fields=1268,1269,1,2,268157928676139,-870,1000,0,5,0,5,0,5,5,1,3
event=trace_row ordinal=6356 kind=5 ns=268157938696481 fields=513,6,15,0,0,0,5,0,0,0,16,0,0,0,0,0
event=trace_row ordinal=6357 kind=0 ns=268157938676939 fields=1269,2,0,25,1,0,0,0,0,0,0,0,0,0,0,0
event=trace_row ordinal=6358 kind=1 ns=268157938676939 fields=1269,2,0,304,1800,200,1000,0,1,0,0,0,0,0,0,0
event=trace_row ordinal=6359 kind=3 ns=268157938699690 fields=1269,1270,1,2,268157938676939,-870,1000,0,5,0,5,0,5,5,1,3
event=trace_row ordinal=6360 kind=4 ns=268157939370532 fields=385,8,39,20,39,68,0,0,49,0,16,0,0,0,0,0
event=trace_row ordinal=6361 kind=4 ns=268157939551659 fields=641,5,3,0,0,0,0,0,0,0,16,0,0,0,0,0
event=trace_row ordinal=6362 kind=5 ns=268157948699323 fields=513,6,15,0,0,0,5,0,0,0,16,0,0,0,0,0
event=trace_row ordinal=6363 kind=0 ns=268157948678031 fields=1270,2,0,50,2,0,0,0,0,0,0,0,0,0,0,0
event=trace_row ordinal=6364 kind=1 ns=268157948678031 fields=1270,2,0,304,1800,200,1000,0,1,0,0,0,0,0,0,0
event=trace_row ordinal=6365 kind=1 ns=268157948678031 fields=1270,2,1,304,1800,200,1000,0,1,0,0,0,0,0,0,0
event=trace_row ordinal=6366 kind=3 ns=268157948702823 fields=1270,1271,1,2,268157948678031,-870,1000,0,5,0,5,0,5,5,1,3
event=trace_row ordinal=6367 kind=5 ns=268157958695165 fields=513,6,15,0,0,0,5,0,0,0,16,0,0,0,0,0
event=trace_row ordinal=6368 kind=0 ns=268157958676206 fields=1271,2,0,25,1,0,0,0,0,0,0,0,0,0,0,0
event=trace_row ordinal=6369 kind=1 ns=268157958676206 fields=1271,2,0,304,1800,200,1000,0,1,0,0,0,0,0,0,0
event=trace_row ordinal=6370 kind=3 ns=268157958698082 fields=1271,1272,1,2,268157958676206,-870,1000,0,5,0,5,0,5,5,1,3
event=trace_row ordinal=6371 kind=5 ns=268157968696840 fields=513,6,15,0,0,0,5,0,0,0,16,0,0,0,0,0
event=trace_row ordinal=6372 kind=0 ns=268157968675840 fields=1272,2,0,50,2,0,0,0,0,0,0,0,0,0,0,0
event=trace_row ordinal=6373 kind=1 ns=268157968675840 fields=1272,2,0,304,1800,200,1000,0,1,0,0,0,0,0,0,0
event=trace_row ordinal=6374 kind=1 ns=268157968675840 fields=1272,2,1,304,1800,200,1000,0,1,0,0,0,0,0,0,0
event=trace_row ordinal=6375 kind=3 ns=268157968700632 fields=1272,1273,1,2,268157968675840,-870,1000,0,5,0,5,0,5,5,1,3
event=trace_row ordinal=6376 kind=5 ns=268157978695307 fields=513,6,15,0,0,0,5,0,0,0,16,0,0,0,0,0
event=trace_row ordinal=6377 kind=0 ns=268157978676640 fields=1273,2,0,25,1,0,0,0,0,0,0,0,0,0,0,0
event=trace_row ordinal=6378 kind=1 ns=268157978676640 fields=1273,2,0,304,1800,200,1000,0,1,0,0,0,0,0,0,0
event=trace_row ordinal=6379 kind=3 ns=268157978698515 fields=1273,1274,1,2,268157978676640,-870,1000,0,5,0,5,0,5,5,1,3
event=trace_row ordinal=6380 kind=5 ns=268157988696982 fields=513,6,15,0,0,0,5,0,0,0,16,0,0,0,0,0
event=trace_row ordinal=6381 kind=0 ns=268157988676273 fields=1274,2,0,50,2,0,0,0,0,0,0,0,0,0,0,0
event=trace_row ordinal=6382 kind=1 ns=268157988676273 fields=1274,2,0,304,1800,200,1000,0,1,0,0,0,0,0,0,0
event=trace_row ordinal=6383 kind=1 ns=268157988676273 fields=1274,2,1,304,1800,200,1000,0,1,0,0,0,0,0,0,0
event=trace_row ordinal=6384 kind=3 ns=268157988700190 fields=1274,1275,1,2,268157988676273,-870,1000,0,5,0,5,0,5,5,1,3
event=trace_row ordinal=6385 kind=4 ns=268157989378324 fields=385,8,39,20,39,68,0,0,54,0,16,0,0,0,0,0
event=trace_row ordinal=6386 kind=4 ns=268157989567035 fields=641,5,3,0,0,0,0,0,0,0,16,0,0,0,0,0
event=trace_row ordinal=6387 kind=5 ns=268157998696032 fields=513,6,15,0,0,0,5,0,0,0,16,0,0,0,0,0
event=trace_row ordinal=6388 kind=0 ns=268157998676490 fields=1275,2,0,25,1,0,0,0,0,0,0,0,0,0,0,0
event=trace_row ordinal=6389 kind=1 ns=268157998676490 fields=1275,2,0,304,1800,200,1000,0,1,0,0,0,0,0,0,0
event=trace_row ordinal=6390 kind=3 ns=268157998699240 fields=1275,1276,1,2,268157998676490,-870,1000,0,5,0,5,0,5,5,1,3
event=trace_row ordinal=6391 kind=5 ns=268158008695374 fields=513,6,15,0,0,0,5,0,0,0,16,0,0,0,0,0
event=trace_row ordinal=6392 kind=0 ns=268158008676124 fields=1276,2,0,25,1,0,0,0,0,0,0,0,0,0,0,0
event=trace_row ordinal=6393 kind=1 ns=268158008676124 fields=1276,2,0,304,1800,200,1000,0,1,0,0,0,0,0,0,0
event=trace_row ordinal=6394 kind=3 ns=268158008698291 fields=1276,1277,1,2,268158008676124,-870,1000,0,5,0,5,0,5,5,1,3
event=trace_row ordinal=6395 kind=5 ns=268158018711341 fields=513,6,15,0,0,0,5,0,0,0,16,0,0,0,0,0
event=trace_row ordinal=6396 kind=0 ns=268158018682174 fields=1277,2,0,50,2,0,0,0,0,0,0,0,0,0,0,0
event=trace_row ordinal=6397 kind=1 ns=268158018682174 fields=1277,2,0,304,1800,200,1000,0,1,0,0,0,0,0,0,0
event=trace_row ordinal=6398 kind=1 ns=268158018682174 fields=1277,2,1,304,1800,200,1000,0,1,0,0,0,0,0,0,0
event=trace_row ordinal=6399 kind=3 ns=268158018716008 fields=1277,1278,1,2,268158018682174,-870,1000,0,5,0,5,0,5,5,1,3
event=trace_row ordinal=6400 kind=5 ns=268158028704266 fields=513,6,15,0,0,0,5,0,0,0,16,0,0,0,0,0
event=trace_row ordinal=6401 kind=0 ns=268158028680640 fields=1278,2,0,25,1,0,0,0,0,0,0,0,0,0,0,0
event=trace_row ordinal=6402 kind=1 ns=268158028680640 fields=1278,2,0,304,1800,200,1000,0,1,0,0,0,0,0,0,0
event=trace_row ordinal=6403 kind=3 ns=268158028708933 fields=1278,1279,1,2,268158028680640,-870,1000,0,5,0,5,0,5,5,1,3
event=trace_row ordinal=6404 kind=5 ns=268158038698649 fields=513,6,15,0,0,0,5,0,0,0,16,0,0,0,0,0
event=trace_row ordinal=6405 kind=0 ns=268158038676482 fields=1279,2,0,50,2,0,0,0,0,0,0,0,0,0,0,0
event=trace_row ordinal=6406 kind=1 ns=268158038676482 fields=1279,2,0,304,1800,200,1000,0,1,0,0,0,0,0,0,0
event=trace_row ordinal=6407 kind=1 ns=268158038676482 fields=1279,2,1,304,1800,200,1000,0,1,0,0,0,0,0,0,0
event=trace_row ordinal=6408 kind=3 ns=268158038701858 fields=1279,1280,1,2,268158038676482,-870,1000,0,5,0,5,0,5,5,1,3
event=trace_row ordinal=6409 kind=4 ns=268158039390783 fields=385,8,39,20,39,68,0,0,47,0,16,0,0,0,0,0
event=trace_row ordinal=6410 kind=4 ns=268158039577744 fields=641,5,3,0,0,0,0,0,0,0,16,0,0,0,0,0
event=trace_row ordinal=6411 kind=5 ns=268158048697408 fields=513,6,15,0,0,0,5,0,0,0,16,0,0,0,0,0
event=trace_row ordinal=6412 kind=0 ns=268158048676699 fields=1280,2,0,25,1,0,0,0,0,0,0,0,0,0,0,0
event=trace_row ordinal=6413 kind=1 ns=268158048676699 fields=1280,2,0,304,1800,200,1000,0,1,0,0,0,0,0,0,0
event=trace_row ordinal=6414 kind=3 ns=268158048701199 fields=1280,1281,1,2,268158048676699,-870,1000,0,5,0,5,0,5,5,1,3
event=trace_row ordinal=6415 kind=5 ns=268158058716875 fields=513,6,15,0,0,0,5,0,0,0,16,0,0,0,0,0
event=trace_row ordinal=6416 kind=0 ns=268158058681582 fields=1281,2,0,50,2,0,0,0,0,0,0,0,0,0,0,0
event=trace_row ordinal=6417 kind=1 ns=268158058681582 fields=1281,2,0,304,1800,200,1000,0,1,0,0,0,0,0,0,0
event=trace_row ordinal=6418 kind=1 ns=268158058681582 fields=1281,2,1,304,1800,200,1000,0,1,0,0,0,0,0,0,0
event=trace_row ordinal=6419 kind=3 ns=268158058721250 fields=1281,1282,1,2,268158058681582,-870,1000,0,5,0,5,0,5,5,1,3
event=trace_row ordinal=6420 kind=5 ns=268158068699883 fields=513,6,15,0,0,0,5,0,0,0,16,0,0,0,0,0
event=trace_row ordinal=6421 kind=0 ns=268158068678299 fields=1282,2,0,25,1,0,0,0,0,0,0,0,0,0,0,0
event=trace_row ordinal=6422 kind=1 ns=268158068678299 fields=1282,2,0,304,1800,200,1000,0,1,0,0,0,0,0,0,0
event=trace_row ordinal=6423 kind=3 ns=268158068703091 fields=1282,1283,1,2,268158068678299,-870,1000,0,5,0,5,0,5,5,1,3
event=trace_row ordinal=6424 kind=5 ns=268158078698058 fields=513,6,15,0,0,0,5,0,0,0,16,0,0,0,0,0
event=trace_row ordinal=6425 kind=0 ns=268158078678224 fields=1283,2,0,25,1,0,0,0,0,0,0,0,0,0,0,0
event=trace_row ordinal=6426 kind=1 ns=268158078678224 fields=1283,2,0,304,1800,200,1000,0,1,0,0,0,0,0,0,0
event=trace_row ordinal=6427 kind=3 ns=268158078701558 fields=1283,1284,1,2,268158078678224,-870,1000,0,5,0,5,0,5,5,1,3
event=trace_row ordinal=6428 kind=5 ns=268158088696816 fields=513,6,15,0,0,0,5,0,0,0,16,0,0,0,0,0
event=trace_row ordinal=6429 kind=0 ns=268158088676399 fields=1284,2,0,50,2,0,0,0,0,0,0,0,0,0,0,0
event=trace_row ordinal=6430 kind=1 ns=268158088676399 fields=1284,2,0,304,1800,200,1000,0,1,0,0,0,0,0,0,0
event=trace_row ordinal=6431 kind=1 ns=268158088676399 fields=1284,2,1,304,1800,200,1000,0,1,0,0,0,0,0,0,0
event=trace_row ordinal=6432 kind=3 ns=268158088700900 fields=1284,1285,1,2,268158088676399,-870,1000,0,5,0,5,0,5,5,1,3
event=trace_row ordinal=6433 kind=4 ns=268158089290658 fields=385,8,39,20,39,68,0,0,53,0,16,0,0,0,0,0
event=trace_row ordinal=6434 kind=4 ns=268158089471785 fields=641,5,3,0,0,0,0,0,0,0,16,0,0,0,0,0
event=trace_row ordinal=6435 kind=5 ns=268158098697616 fields=513,6,15,0,0,0,5,0,0,0,16,0,0,0,0,0
event=trace_row ordinal=6436 kind=0 ns=268158098677491 fields=1285,2,0,25,1,0,0,0,0,0,0,0,0,0,0,0
event=trace_row ordinal=6437 kind=1 ns=268158098677491 fields=1285,2,0,304,1800,200,1000,0,1,0,0,0,0,0,0,0
event=trace_row ordinal=6438 kind=3 ns=268158098700825 fields=1285,1286,1,2,268158098677491,-870,1000,0,5,0,5,0,5,5,1,3
event=trace_row ordinal=6439 kind=5 ns=268158108697541 fields=513,6,15,0,0,0,5,0,0,0,16,0,0,0,0,0
event=trace_row ordinal=6440 kind=0 ns=268158108676541 fields=1286,2,0,50,2,0,0,0,0,0,0,0,0,0,0,0
event=trace_row ordinal=6441 kind=1 ns=268158108676541 fields=1286,2,0,304,1800,200,1000,0,1,0,0,0,0,0,0,0
event=trace_row ordinal=6442 kind=1 ns=268158108676541 fields=1286,2,1,304,1800,200,1000,0,1,0,0,0,0,0,0,0
event=trace_row ordinal=6443 kind=3 ns=268158108700750 fields=1286,1287,1,2,268158108676541,-870,1000,0,5,0,5,0,5,5,1,3
event=trace_row ordinal=6444 kind=4 ns=268158110174561 fields=1793,1,5,0,0,0,0,0,0,0,16,0,0,0,0,0
event=trace_row ordinal=6445 kind=5 ns=268158118699508 fields=513,6,15,0,0,0,5,0,0,0,16,0,0,0,0,0
event=trace_row ordinal=6446 kind=0 ns=268158118677925 fields=1287,2,0,25,1,0,0,0,0,0,0,0,0,0,0,0
event=trace_row ordinal=6447 kind=1 ns=268158118677925 fields=1287,2,0,304,1800,200,1000,0,1,0,0,0,0,0,0,0
event=trace_row ordinal=6448 kind=3 ns=268158118703008 fields=1287,1288,1,2,268158118677925,-870,1000,0,5,0,5,0,5,5,1,3
event=trace_row ordinal=6449 kind=5 ns=268158128699142 fields=513,6,15,0,0,0,5,0,0,0,16,0,0,0,0,0
event=trace_row ordinal=6450 kind=0 ns=268158128676683 fields=1288,2,0,50,2,0,0,0,0,0,0,0,0,0,0,0
event=trace_row ordinal=6451 kind=1 ns=268158128676683 fields=1288,2,0,304,1800,200,1000,0,1,0,0,0,0,0,0,0
event=trace_row ordinal=6452 kind=1 ns=268158128676683 fields=1288,2,1,304,1800,200,1000,0,1,0,0,0,0,0,0,0
event=trace_row ordinal=6453 kind=3 ns=268158128702642 fields=1288,1289,1,2,268158128676683,-870,1000,0,5,0,5,0,5,5,1,3
event=trace_row ordinal=6454 kind=5 ns=268158138696150 fields=513,6,15,0,0,0,5,0,0,0,16,0,0,0,0,0
event=trace_row ordinal=6455 kind=0 ns=268158138676608 fields=1289,2,0,25,1,0,0,0,0,0,0,0,0,0,0,0
event=trace_row ordinal=6456 kind=1 ns=268158138676608 fields=1289,2,0,304,1800,200,1000,0,1,0,0,0,0,0,0,0
event=trace_row ordinal=6457 kind=3 ns=268158138699358 fields=1289,1290,1,2,268158138676608,-870,1000,0,5,0,5,0,5,5,1,3
event=trace_row ordinal=6458 kind=4 ns=268158139412493 fields=385,8,39,20,39,68,0,0,43,0,16,0,0,0,0,0
event=trace_row ordinal=6459 kind=4 ns=268158139601496 fields=641,5,3,0,0,0,0,0,0,0,16,0,0,0,0,0
event=trace_row ordinal=6460 kind=5 ns=268158148695784 fields=513,6,15,0,0,0,5,0,0,0,16,0,0,0,0,0
event=trace_row ordinal=6461 kind=0 ns=268158148676242 fields=1290,2,0,25,1,0,0,0,0,0,0,0,0,0,0,0
event=trace_row ordinal=6462 kind=1 ns=268158148676242 fields=1290,2,0,304,1800,200,1000,0,1,0,0,0,0,0,0,0
event=trace_row ordinal=6463 kind=3 ns=268158148699284 fields=1290,1291,1,2,268158148676242,-870,1000,0,5,0,5,0,5,5,1,3
event=trace_row ordinal=6464 kind=5 ns=268158158696875 fields=513,6,15,0,0,0,5,0,0,0,16,0,0,0,0,0
event=trace_row ordinal=6465 kind=0 ns=268158158675875 fields=1291,2,0,50,2,0,0,0,0,0,0,0,0,0,0,0
event=trace_row ordinal=6466 kind=1 ns=268158158675875 fields=1291,2,0,304,1800,200,1000,0,1,0,0,0,0,0,0,0
event=trace_row ordinal=6467 kind=1 ns=268158158675875 fields=1291,2,1,304,1800,200,1000,0,1,0,0,0,0,0,0,0
event=trace_row ordinal=6468 kind=3 ns=268158158700084 fields=1291,1292,1,2,268158158675875,-870,1000,0,5,0,5,0,5,5,1,3
event=trace_row ordinal=6469 kind=5 ns=268158168694175 fields=513,6,15,0,0,0,5,0,0,0,16,0,0,0,0,0
event=trace_row ordinal=6470 kind=0 ns=268158168675217 fields=1292,2,0,25,1,0,0,0,0,0,0,0,0,0,0,0
event=trace_row ordinal=6471 kind=1 ns=268158168675217 fields=1292,2,0,304,1800,200,1000,0,1,0,0,0,0,0,0,0
event=trace_row ordinal=6472 kind=3 ns=268158168697384 fields=1292,1293,1,2,268158168675217,-870,1000,0,5,0,5,0,5,5,1,3
event=trace_row ordinal=6473 kind=5 ns=268158178696142 fields=513,6,15,0,0,0,5,0,0,0,16,0,0,0,0,0
event=trace_row ordinal=6474 kind=0 ns=268158178675434 fields=1293,2,0,50,2,0,0,0,0,0,0,0,0,0,0,0
event=trace_row ordinal=6475 kind=1 ns=268158178675434 fields=1293,2,0,304,1800,200,1000,0,1,0,0,0,0,0,0,0
event=trace_row ordinal=6476 kind=1 ns=268158178675434 fields=1293,2,1,304,1800,200,1000,0,1,0,0,0,0,0,0,0
event=trace_row ordinal=6477 kind=3 ns=268158178699642 fields=1293,1294,1,2,268158178675434,-870,1000,0,5,0,5,0,5,5,1,3
event=trace_row ordinal=6478 kind=5 ns=268158188693734 fields=513,6,15,0,0,0,5,0,0,0,16,0,0,0,0,0
event=trace_row ordinal=6479 kind=0 ns=268158188675067 fields=1294,2,0,25,1,0,0,0,0,0,0,0,0,0,0,0
event=trace_row ordinal=6480 kind=1 ns=268158188675067 fields=1294,2,0,304,1800,200,1000,0,1,0,0,0,0,0,0,0
event=trace_row ordinal=6481 kind=3 ns=268158188696942 fields=1294,1295,1,2,268158188675067,-870,1000,0,5,0,5,0,5,5,1,3
event=trace_row ordinal=6482 kind=4 ns=268158189373910 fields=385,8,39,20,39,68,0,0,50,0,16,0,0,0,0,0
event=trace_row ordinal=6483 kind=4 ns=268158189562620 fields=641,5,3,0,0,0,0,0,0,0,16,0,0,0,0,0
event=trace_row ordinal=6484 kind=5 ns=268158198697451 fields=513,6,15,0,0,0,5,0,0,0,16,0,0,0,0,0
event=trace_row ordinal=6485 kind=0 ns=268158198676450 fields=1295,2,0,50,2,0,0,0,0,0,0,0,0,0,0,0
event=trace_row ordinal=6486 kind=1 ns=268158198676450 fields=1295,2,0,304,1800,200,1000,0,1,0,0,0,0,0,0,0
event=trace_row ordinal=6487 kind=1 ns=268158198676450 fields=1295,2,1,304,1800,200,1000,0,1,0,0,0,0,0,0,0
event=trace_row ordinal=6488 kind=3 ns=268158198701534 fields=1295,1296,1,2,268158198676450,-870,1000,0,5,0,5,0,5,5,1,3
event=trace_row ordinal=6489 kind=5 ns=268158208698251 fields=513,6,15,0,0,0,5,0,0,0,16,0,0,0,0,0
event=trace_row ordinal=6490 kind=0 ns=268158208677251 fields=1296,2,0,25,1,0,0,0,0,0,0,0,0,0,0,0
event=trace_row ordinal=6491 kind=1 ns=268158208677251 fields=1296,2,0,304,1800,200,1000,0,1,0,0,0,0,0,0,0
event=trace_row ordinal=6492 kind=3 ns=268158208701751 fields=1296,1297,1,2,268158208677251,-870,1000,0,5,0,5,0,5,5,1,3
event=trace_row ordinal=6493 kind=5 ns=268158218706051 fields=513,6,15,0,0,0,5,0,0,0,16,0,0,0,0,0
event=trace_row ordinal=6494 kind=0 ns=268158218680676 fields=1297,2,0,25,1,0,0,0,0,0,0,0,0,0,0,0
event=trace_row ordinal=6495 kind=1 ns=268158218680676 fields=1297,2,0,304,1800,200,1000,0,1,0,0,0,0,0,0,0
event=trace_row ordinal=6496 kind=3 ns=268158218710718 fields=1297,1298,1,2,268158218680676,-870,1000,0,5,0,5,0,5,5,1,3
event=trace_row ordinal=6497 kind=5 ns=268158228715310 fields=513,6,15,0,0,0,5,0,0,0,16,0,0,0,0,0
event=trace_row ordinal=6498 kind=0 ns=268158228683517 fields=1298,2,0,50,2,0,0,0,0,0,0,0,0,0,0,0
event=trace_row ordinal=6499 kind=1 ns=268158228683517 fields=1298,2,0,304,1800,200,1000,0,1,0,0,0,0,0,0,0
event=trace_row ordinal=6500 kind=1 ns=268158228683517 fields=1298,2,1,304,1800,200,1000,0,1,0,0,0,0,0,0,0
event=trace_row ordinal=6501 kind=3 ns=268158228719685 fields=1298,1299,1,2,268158228683517,-870,1000,0,5,0,5,0,5,5,1,3
event=trace_row ordinal=6502 kind=5 ns=268158238705901 fields=513,6,15,0,0,0,5,0,0,0,16,0,0,0,0,0
event=trace_row ordinal=6503 kind=0 ns=268158238681109 fields=1299,2,0,25,1,0,0,0,0,0,0,0,0,0,0,0
event=trace_row ordinal=6504 kind=1 ns=268158238681109 fields=1299,2,0,304,1800,200,1000,0,1,0,0,0,0,0,0,0
event=trace_row ordinal=6505 kind=3 ns=268158238709693 fields=1299,1300,1,2,268158238681109,-870,1000,0,5,0,5,0,5,5,1,3
event=trace_row ordinal=6506 kind=4 ns=268158239387535 fields=385,8,39,20,39,68,0,0,49,0,16,0,0,0,0,0
event=trace_row ordinal=6507 kind=4 ns=268158239564871 fields=641,5,3,0,0,0,0,0,0,0,16,0,0,0,0,0
event=trace_row ordinal=6508 kind=5 ns=268158248723327 fields=513,6,15,0,0,0,5,0,0,0,16,0,0,0,0,0
event=trace_row ordinal=6509 kind=0 ns=268158248688326 fields=1300,2,0,50,2,0,0,0,0,0,0,0,0,0,0,0
event=trace_row ordinal=6510 kind=1 ns=268158248688326 fields=1300,2,0,304,1800,200,1000,0,1,0,0,0,0,0,0,0
event=trace_row ordinal=6511 kind=1 ns=268158248688326 fields=1300,2,1,304,1800,200,1000,0,1,0,0,0,0,0,0,0
event=trace_row ordinal=6512 kind=3 ns=268158248727702 fields=1300,1301,1,2,268158248688326,-870,1000,0,5,0,5,0,5,5,1,3
event=trace_row ordinal=6513 kind=5 ns=268158258709543 fields=513,6,15,0,0,0,5,0,0,0,16,0,0,0,0,0
event=trace_row ordinal=6514 kind=0 ns=268158258682418 fields=1301,2,0,25,1,0,0,0,0,0,0,0,0,0,0,0
event=trace_row ordinal=6515 kind=1 ns=268158258682418 fields=1301,2,0,304,1800,200,1000,0,1,0,0,0,0,0,0,0
event=trace_row ordinal=6516 kind=3 ns=268158258713627 fields=1301,1302,1,2,268158258682418,-870,1000,0,5,0,5,0,5,5,1,3
event=trace_row ordinal=6517 kind=5 ns=268158268715302 fields=513,6,15,0,0,0,5,0,0,0,16,0,0,0,0,0
event=trace_row ordinal=6518 kind=0 ns=268158268685551 fields=1302,2,0,50,2,0,0,0,0,0,0,0,0,0,0,0
event=trace_row ordinal=6519 kind=1 ns=268158268685551 fields=1302,2,0,304,1800,200,1000,0,1,0,0,0,0,0,0,0
event=trace_row ordinal=6520 kind=1 ns=268158268685551 fields=1302,2,1,304,1800,200,1000,0,1,0,0,0,0,0,0,0
event=trace_row ordinal=6521 kind=3 ns=268158268719968 fields=1302,1303,1,2,268158268685551,-870,1000,0,5,0,5,0,5,5,1,3
event=trace_row ordinal=6522 kind=5 ns=268158278700352 fields=513,6,15,0,0,0,5,0,0,0,16,0,0,0,0,0
event=trace_row ordinal=6523 kind=0 ns=268158278678476 fields=1303,2,0,25,1,0,0,0,0,0,0,0,0,0,0,0
event=trace_row ordinal=6524 kind=1 ns=268158278678476 fields=1303,2,0,304,1800,200,1000,0,1,0,0,0,0,0,0,0
event=trace_row ordinal=6525 kind=3 ns=268158278704143 fields=1303,1304,1,2,268158278678476,-870,1000,0,5,0,5,0,5,5,1,3
event=trace_row ordinal=6526 kind=5 ns=268158288725944 fields=513,6,15,0,0,0,5,0,0,0,16,0,0,0,0,0
event=trace_row ordinal=6527 kind=0 ns=268158288690068 fields=1304,2,0,25,1,0,0,0,0,0,0,0,0,0,0,0
event=trace_row ordinal=6528 kind=1 ns=268158288690068 fields=1304,2,0,304,1800,200,1000,0,1,0,0,0,0,0,0,0
event=trace_row ordinal=6529 kind=3 ns=268158288730027 fields=1304,1305,1,2,268158288690068,-870,1000,0,5,0,5,0,5,5,1,3
event=trace_row ordinal=6530 kind=4 ns=268158289340785 fields=385,8,39,20,39,68,0,0,46,0,16,0,0,0,0,0
event=trace_row ordinal=6531 kind=4 ns=268158289517246 fields=641,5,3,0,0,0,0,0,0,0,16,0,0,0,0,0
event=trace_row ordinal=6532 kind=5 ns=268158298705743 fields=513,6,15,0,0,0,5,0,0,0,16,0,0,0,0,0
event=trace_row ordinal=6533 kind=0 ns=268158298681243 fields=1305,2,0,50,2,0,0,0,0,0,0,0,0,0,0,0
event=trace_row ordinal=6534 kind=1 ns=268158298681243 fields=1305,2,0,304,1800,200,1000,0,1,0,0,0,0,0,0,0
event=trace_row ordinal=6535 kind=1 ns=268158298681243 fields=1305,2,1,304,1800,200,1000,0,1,0,0,0,0,0,0,0
event=trace_row ordinal=6536 kind=3 ns=268158298709535 fields=1305,1306,1,2,268158298681243,-870,1000,0,5,0,5,0,5,5,1,3
event=trace_row ordinal=6537 kind=5 ns=268158308732211 fields=513,6,15,0,0,0,5,0,0,0,16,0,0,0,0,0
event=trace_row ordinal=6538 kind=0 ns=268158308693710 fields=1306,2,0,25,1,0,0,0,0,0,0,0,0,0,0,0
event=trace_row ordinal=6539 kind=1 ns=268158308693710 fields=1306,2,0,304,1800,200,1000,0,1,0,0,0,0,0,0,0
event=trace_row ordinal=6540 kind=3 ns=268158308737461 fields=1306,1307,1,2,268158308693710,-870,1000,0,5,0,5,0,5,5,1,3
event=trace_row ordinal=6541 kind=5 ns=268158318719886 fields=513,6,15,0,0,0,5,0,0,0,16,0,0,0,0,0
event=trace_row ordinal=6542 kind=0 ns=268158318687802 fields=1307,2,0,50,2,0,0,0,0,0,0,0,0,0,0,0
event=trace_row ordinal=6543 kind=1 ns=268158318687802 fields=1307,2,0,304,1800,200,1000,0,1,0,0,0,0,0,0,0
event=trace_row ordinal=6544 kind=1 ns=268158318687802 fields=1307,2,1,304,1800,200,1000,0,1,0,0,0,0,0,0,0
event=trace_row ordinal=6545 kind=3 ns=268158318724844 fields=1307,1308,1,2,268158318687802,-870,1000,0,5,0,5,0,5,5,1,3
event=trace_row ordinal=6546 kind=5 ns=268158328718352 fields=513,6,15,0,0,0,5,0,0,0,16,0,0,0,0,0
event=trace_row ordinal=6547 kind=0 ns=268158328687435 fields=1308,2,0,25,1,0,0,0,0,0,0,0,0,0,0,0
event=trace_row ordinal=6548 kind=1 ns=268158328687435 fields=1308,2,0,304,1800,200,1000,0,1,0,0,0,0,0,0,0
event=trace_row ordinal=6549 kind=3 ns=268158328722727 fields=1308,1309,1,2,268158328687435,-870,1000,0,5,0,5,0,5,5,1,3
event=trace_row ordinal=6550 kind=5 ns=268158338713902 fields=513,6,15,0,0,0,5,0,0,0,16,0,0,0,0,0
event=trace_row ordinal=6551 kind=0 ns=268158338683569 fields=1309,2,0,50,2,0,0,0,0,0,0,0,0,0,0,0
event=trace_row ordinal=6552 kind=1 ns=268158338683569 fields=1309,2,0,304,1800,200,1000,0,1,0,0,0,0,0,0,0
event=trace_row ordinal=6553 kind=1 ns=268158338683569 fields=1309,2,1,304,1800,200,1000,0,1,0,0,0,0,0,0,0
event=trace_row ordinal=6554 kind=3 ns=268158338717986 fields=1309,1310,1,2,268158338683569,-870,1000,0,5,0,5,0,5,5,1,3
event=trace_row ordinal=6555 kind=4 ns=268158339416828 fields=385,8,39,20,39,68,0,0,48,0,16,0,0,0,0,0
event=trace_row ordinal=6556 kind=4 ns=268158339590956 fields=641,5,3,0,0,0,0,0,0,0,16,0,0,0,0,0
event=trace_row ordinal=6557 kind=5 ns=268158348708286 fields=513,6,15,0,0,0,5,0,0,0,16,0,0,0,0,0
event=trace_row ordinal=6558 kind=0 ns=268158348683494 fields=1310,2,0,25,1,0,0,0,0,0,0,0,0,0,0,0
event=trace_row ordinal=6559 kind=1 ns=268158348683494 fields=1310,2,0,304,1800,200,1000,0,1,0,0,0,0,0,0,0
event=trace_row ordinal=6560 kind=3 ns=268158348712369 fields=1310,1311,1,2,268158348683494,-870,1000,0,5,0,5,0,5,5,1,3
event=trace_row ordinal=6561 kind=5 ns=268158358701794 fields=513,6,15,0,0,0,5,0,0,0,16,0,0,0,0,0
event=trace_row ordinal=6562 kind=0 ns=268158358679335 fields=1311,2,0,25,1,0,0,0,0,0,0,0,0,0,0,0
event=trace_row ordinal=6563 kind=1 ns=268158358679335 fields=1311,2,0,304,1800,200,1000,0,1,0,0,0,0,0,0,0
event=trace_row ordinal=6564 kind=3 ns=268158358705002 fields=1311,1312,1,2,268158358679335,-870,1000,0,5,0,5,0,5,5,1,3
event=trace_row ordinal=6565 kind=4 ns=268158359738391 fields=1793,1,5,0,0,0,0,0,0,0,16,0,0,0,0,0
event=trace_row ordinal=6566 kind=5 ns=268158368736428 fields=513,6,15,0,0,0,5,0,0,0,16,0,0,0,0,0
event=trace_row ordinal=6567 kind=0 ns=268158368691802 fields=1312,2,0,50,2,0,0,0,0,0,0,0,0,0,0,0
event=trace_row ordinal=6568 kind=1 ns=268158368691802 fields=1312,2,0,304,1800,200,1000,0,1,0,0,0,0,0,0,0
event=trace_row ordinal=6569 kind=1 ns=268158368691802 fields=1312,2,1,304,1800,200,1000,0,1,0,0,0,0,0,0,0
event=trace_row ordinal=6570 kind=3 ns=268158368741970 fields=1312,1313,1,2,268158368691802,-870,1000,0,5,0,5,0,5,5,1,3
event=trace_row ordinal=6571 kind=5 ns=268158378707186 fields=513,6,15,0,0,0,5,0,0,0,16,0,0,0,0,0
event=trace_row ordinal=6572 kind=0 ns=268158378681227 fields=1313,2,0,25,1,0,0,0,0,0,0,0,0,0,0,0
event=trace_row ordinal=6573 kind=1 ns=268158378681227 fields=1313,2,0,304,1800,200,1000,0,1,0,0,0,0,0,0,0
event=trace_row ordinal=6574 kind=3 ns=268158378710978 fields=1313,1314,1,2,268158378681227,-870,1000,0,5,0,5,0,5,5,1,3
event=trace_row ordinal=6575 kind=5 ns=268158388705653 fields=513,6,15,0,0,0,5,0,0,0,16,0,0,0,0,0
event=trace_row ordinal=6576 kind=0 ns=268158388682027 fields=1314,2,0,50,2,0,0,0,0,0,0,0,0,0,0,0
event=trace_row ordinal=6577 kind=1 ns=268158388682027 fields=1314,2,0,304,1800,200,1000,0,1,0,0,0,0,0,0,0
event=trace_row ordinal=6578 kind=1 ns=268158388682027 fields=1314,2,1,304,1800,200,1000,0,1,0,0,0,0,0,0,0
event=trace_row ordinal=6579 kind=3 ns=268158388709444 fields=1314,1315,1,2,268158388682027,-870,1000,0,5,0,5,0,5,5,1,3
event=trace_row ordinal=6580 kind=4 ns=268158389366870 fields=385,8,39,20,39,68,0,0,55,0,16,0,0,0,0,0
event=trace_row ordinal=6581 kind=4 ns=268158389554706 fields=641,5,3,0,0,0,0,0,0,0,16,0,0,0,0,0
event=trace_row ordinal=6582 kind=5 ns=268158398708495 fields=513,6,15,0,0,0,5,0,0,0,16,0,0,0,0,0
event=trace_row ordinal=6583 kind=0 ns=268158398683119 fields=1315,2,0,25,1,0,0,0,0,0,0,0,0,0,0,0
event=trace_row ordinal=6584 kind=1 ns=268158398683119 fields=1315,2,0,304,1800,200,1000,0,1,0,0,0,0,0,0,0
event=trace_row ordinal=6585 kind=3 ns=268158398712870 fields=1315,1316,1,2,268158398683119,-870,1000,0,5,0,5,0,5,5,1,3
event=trace_row ordinal=6586 kind=5 ns=268158408705795 fields=513,6,15,0,0,0,5,0,0,0,16,0,0,0,0,0
event=trace_row ordinal=6587 kind=0 ns=268158408680419 fields=1316,2,0,50,2,0,0,0,0,0,0,0,0,0,0,0
event=trace_row ordinal=6588 kind=1 ns=268158408680419 fields=1316,2,0,304,1800,200,1000,0,1,0,0,0,0,0,0,0
event=trace_row ordinal=6589 kind=1 ns=268158408680419 fields=1316,2,1,304,1800,200,1000,0,1,0,0,0,0,0,0,0
event=trace_row ordinal=6590 kind=3 ns=268158408709878 fields=1316,1317,1,2,268158408680419,-870,1000,0,5,0,5,0,5,5,1,3
event=trace_row ordinal=6591 kind=5 ns=268158418702220 fields=513,6,15,0,0,0,5,0,0,0,16,0,0,0,0,0
event=trace_row ordinal=6592 kind=0 ns=268158418679761 fields=1317,2,0,25,1,0,0,0,0,0,0,0,0,0,0,0
event=trace_row ordinal=6593 kind=1 ns=268158418679761 fields=1317,2,0,304,1800,200,1000,0,1,0,0,0,0,0,0,0
event=trace_row ordinal=6594 kind=3 ns=268158418705428 fields=1317,1318,1,2,268158418679761,-870,1000,0,5,0,5,0,5,5,1,3
event=trace_row ordinal=6595 kind=5 ns=268158428701270 fields=513,6,15,0,0,0,5,0,0,0,16,0,0,0,0,0
event=trace_row ordinal=6596 kind=0 ns=268158428679103 fields=1318,2,0,25,1,0,0,0,0,0,0,0,0,0,0,0
event=trace_row ordinal=6597 kind=1 ns=268158428679103 fields=1318,2,0,304,1800,200,1000,0,1,0,0,0,0,0,0,0
event=trace_row ordinal=6598 kind=3 ns=268158428705061 fields=1318,1319,1,2,268158428679103,-870,1000,0,5,0,5,0,5,5,1,3
event=trace_row ordinal=6599 kind=5 ns=268158438698570 fields=513,6,15,0,0,0,5,0,0,0,16,0,0,0,0,0
event=trace_row ordinal=6600 kind=0 ns=268158438676403 fields=1319,2,0,50,2,0,0,0,0,0,0,0,0,0,0,0
event=trace_row ordinal=6601 kind=1 ns=268158438676403 fields=1319,2,0,304,1800,200,1000,0,1,0,0,0,0,0,0,0
event=trace_row ordinal=6602 kind=1 ns=268158438676403 fields=1319,2,1,304,1800,200,1000,0,1,0,0,0,0,0,0,0
event=trace_row ordinal=6603 kind=3 ns=268158438702945 fields=1319,1320,1,2,268158438676403,-870,1000,0,5,0,5,0,5,5,1,3
event=trace_row ordinal=6604 kind=4 ns=268158439369412 fields=385,8,39,20,39,68,0,0,48,0,16,0,0,0,0,0
event=trace_row ordinal=6605 kind=4 ns=268158439553748 fields=641,5,3,0,0,0,0,0,0,0,16,0,0,0,0,0
event=trace_row ordinal=6606 kind=5 ns=268158448699370 fields=513,6,15,0,0,0,5,0,0,0,16,0,0,0,0,0
event=trace_row ordinal=6607 kind=0 ns=268158448679245 fields=1320,2,0,25,1,0,0,0,0,0,0,0,0,0,0,0
event=trace_row ordinal=6608 kind=1 ns=268158448679245 fields=1320,2,0,304,1800,200,1000,0,1,0,0,0,0,0,0,0
event=trace_row ordinal=6609 kind=3 ns=268158448702870 fields=1320,1321,1,2,268158448679245,-870,1000,0,5,0,5,0,5,5,1,3
event=trace_row ordinal=6610 kind=5 ns=268158458697837 fields=513,6,15,0,0,0,5,0,0,0,16,0,0,0,0,0
event=trace_row ordinal=6611 kind=0 ns=268158458676545 fields=1321,2,0,50,2,0,0,0,0,0,0,0,0,0,0,0
event=trace_row ordinal=6612 kind=1 ns=268158458676545 fields=1321,2,0,304,1800,200,1000,0,1,0,0,0,0,0,0,0
event=trace_row ordinal=6613 kind=1 ns=268158458676545 fields=1321,2,1,304,1800,200,1000,0,1,0,0,0,0,0,0,0
event=trace_row ordinal=6614 kind=3 ns=268158458701045 fields=1321,1322,1,2,268158458676545,-870,1000,0,5,0,5,0,5,5,1,3
event=trace_row ordinal=6615 kind=5 ns=268158468700095 fields=513,6,15,0,0,0,5,0,0,0,16,0,0,0,0,0
event=trace_row ordinal=6616 kind=0 ns=268158468677928 fields=1322,2,0,25,1,0,0,0,0,0,0,0,0,0,0,0
event=trace_row ordinal=6617 kind=1 ns=268158468677928 fields=1322,2,0,304,1800,200,1000,0,1,0,0,0,0,0,0,0
event=trace_row ordinal=6618 kind=3 ns=268158468704178 fields=1322,1323,1,2,268158468677928,-870,1000,0,5,0,5,0,5,5,1,3
event=trace_row ordinal=6619 kind=5 ns=268158478698562 fields=513,6,15,0,0,0,5,0,0,0,16,0,0,0,0,0
event=trace_row ordinal=6620 kind=0 ns=268158478676687 fields=1323,2,0,50,2,0,0,0,0,0,0,0,0,0,0,0
event=trace_row ordinal=6621 kind=1 ns=268158478676687 fields=1323,2,0,304,1800,200,1000,0,1,0,0,0,0,0,0,0
event=trace_row ordinal=6622 kind=1 ns=268158478676687 fields=1323,2,1,304,1800,200,1000,0,1,0,0,0,0,0,0,0
event=trace_row ordinal=6623 kind=3 ns=268158478702062 fields=1323,1324,1,2,268158478676687,-870,1000,0,5,0,5,0,5,5,1,3
event=trace_row ordinal=6624 kind=5 ns=268158488695862 fields=513,6,15,0,0,0,5,0,0,0,16,0,0,0,0,0
event=trace_row ordinal=6625 kind=0 ns=268158488676320 fields=1324,2,0,25,1,0,0,0,0,0,0,0,0,0,0,0
event=trace_row ordinal=6626 kind=1 ns=268158488676320 fields=1324,2,0,304,1800,200,1000,0,1,0,0,0,0,0,0,0
event=trace_row ordinal=6627 kind=3 ns=268158488699070 fields=1324,1325,1,2,268158488676320,-870,1000,0,5,0,5,0,5,5,1,3
event=trace_row ordinal=6628 kind=4 ns=268158489315954 fields=385,8,39,20,39,68,0,0,52,0,16,0,0,0,0,0
event=trace_row ordinal=6629 kind=4 ns=268158489499998 fields=641,5,3,0,0,0,0,0,0,0,16,0,0,0,0,0
event=trace_row ordinal=6630 kind=5 ns=268158498695787 fields=513,6,15,0,0,0,5,0,0,0,16,0,0,0,0,0
event=trace_row ordinal=6631 kind=0 ns=268158498675953 fields=1325,2,0,25,1,0,0,0,0,0,0,0,0,0,0,0
event=trace_row ordinal=6632 kind=1 ns=268158498675953 fields=1325,2,0,304,1800,200,1000,0,1,0,0,0,0,0,0,0
event=trace_row ordinal=6633 kind=3 ns=268158498699579 fields=1325,1326,1,2,268158498675953,-870,1000,0,5,0,5,0,5,5,1,3
event=trace_row ordinal=6634 kind=5 ns=268158508697170 fields=513,6,15,0,0,0,5,0,0,0,16,0,0,0,0,0
event=trace_row ordinal=6635 kind=0 ns=268158508676170 fields=1326,2,0,50,2,0,0,0,0,0,0,0,0,0,0,0
event=trace_row ordinal=6636 kind=1 ns=268158508676170 fields=1326,2,0,304,1800,200,1000,0,1,0,0,0,0,0,0,0
event=trace_row ordinal=6637 kind=1 ns=268158508676170 fields=1326,2,1,304,1800,200,1000,0,1,0,0,0,0,0,0,0
event=trace_row ordinal=6638 kind=3 ns=268158508700671 fields=1326,1327,1,2,268158508676170,-870,1000,0,5,0,5,0,5,5,1,3
event=trace_row ordinal=6639 kind=5 ns=268158518695054 fields=513,6,15,0,0,0,5,0,0,0,16,0,0,0,0,0
event=trace_row ordinal=6640 kind=0 ns=268158518675804 fields=1327,2,0,25,1,0,0,0,0,0,0,0,0,0,0,0
event=trace_row ordinal=6641 kind=1 ns=268158518675804 fields=1327,2,0,304,1800,200,1000,0,1,0,0,0,0,0,0,0
event=trace_row ordinal=6642 kind=3 ns=268158518698262 fields=1327,1328,1,2,268158518675804,-870,1000,0,5,0,5,0,5,5,1,3
event=trace_row ordinal=6643 kind=5 ns=268158528696437 fields=513,6,15,0,0,0,5,0,0,0,16,0,0,0,0,0
event=trace_row ordinal=6644 kind=0 ns=268158528675729 fields=1328,2,0,50,2,0,0,0,0,0,0,0,0,0,0,0
event=trace_row ordinal=6645 kind=1 ns=268158528675729 fields=1328,2,0,304,1800,200,1000,0,1,0,0,0,0,0,0,0
event=trace_row ordinal=6646 kind=1 ns=268158528675729 fields=1328,2,1,304,1800,200,1000,0,1,0,0,0,0,0,0,0
event=trace_row ordinal=6647 kind=3 ns=268158528699646 fields=1328,1329,1,2,268158528675729,-870,1000,0,5,0,5,0,5,5,1,3
event=trace_row ordinal=6648 kind=5 ns=268158538699279 fields=513,6,15,0,0,0,5,0,0,0,16,0,0,0,0,0
event=trace_row ordinal=6649 kind=0 ns=268158538677987 fields=1329,2,0,25,1,0,0,0,0,0,0,0,0,0,0,0
event=trace_row ordinal=6650 kind=1 ns=268158538677987 fields=1329,2,0,304,1800,200,1000,0,1,0,0,0,0,0,0,0
event=trace_row ordinal=6651 kind=3 ns=268158538702779 fields=1329,1330,1,2,268158538677987,-870,1000,0,5,0,5,0,5,5,1,3
event=trace_row ordinal=6652 kind=4 ns=268158539384997 fields=385,8,39,20,39,68,0,0,45,0,16,0,0,0,0,0
event=trace_row ordinal=6653 kind=4 ns=268158539569624 fields=641,5,3,0,0,0,0,0,0,0,16,0,0,0,0,0
event=trace_row ordinal=6654 kind=5 ns=268158548698913 fields=513,6,15,0,0,0,5,0,0,0,16,0,0,0,0,0
event=trace_row ordinal=6655 kind=0 ns=268158548676746 fields=1330,2,0,50,2,0,0,0,0,0,0,0,0,0,0,0
event=trace_row ordinal=6656 kind=1 ns=268158548676746 fields=1330,2,0,304,1800,200,1000,0,1,0,0,0,0,0,0,0
event=trace_row ordinal=6657 kind=1 ns=268158548676746 fields=1330,2,1,304,1800,200,1000,0,1,0,0,0,0,0,0,0
event=trace_row ordinal=6658 kind=3 ns=268158548702704 fields=1330,1331,1,2,268158548676746,-870,1000,0,5,0,5,0,5,5,1,3
event=trace_row ordinal=6659 kind=5 ns=268158558695338 fields=513,6,15,0,0,0,5,0,0,0,16,0,0,0,0,0
event=trace_row ordinal=6660 kind=0 ns=268158558676087 fields=1331,2,0,25,1,0,0,0,0,0,0,0,0,0,0,0
event=trace_row ordinal=6661 kind=1 ns=268158558676087 fields=1331,2,0,304,1800,200,1000,0,1,0,0,0,0,0,0,0
event=trace_row ordinal=6662 kind=3 ns=268158558698546 fields=1331,1332,1,2,268158558676087,-870,1000,0,5,0,5,0,5,5,1,3
event=trace_row ordinal=6663 kind=5 ns=268158568716846 fields=513,6,15,0,0,0,5,0,0,0,16,0,0,0,0,0
event=trace_row ordinal=6664 kind=0 ns=268158568685346 fields=1332,2,0,25,1,0,0,0,0,0,0,0,0,0,0,0
event=trace_row ordinal=6665 kind=1 ns=268158568685346 fields=1332,2,0,304,1800,200,1000,0,1,0,0,0,0,0,0,0
event=trace_row ordinal=6666 kind=3 ns=268158568720638 fields=1332,1333,1,2,268158568685346,-870,1000,0,5,0,5,0,5,5,1,3
event=trace_row ordinal=6667 kind=5 ns=268158578698105 fields=513,6,15,0,0,0,5,0,0,0,16,0,0,0,0,0
event=trace_row ordinal=6668 kind=0 ns=268158578675646 fields=1333,2,0,50,2,0,0,0,0,0,0,0,0,0,0,0
event=trace_row ordinal=6669 kind=1 ns=268158578675646 fields=1333,2,0,304,1800,200,1000,0,1,0,0,0,0,0,0,0
event=trace_row ordinal=6670 kind=1 ns=268158578675646 fields=1333,2,1,304,1800,200,1000,0,1,0,0,0,0,0,0,0
event=trace_row ordinal=6671 kind=3 ns=268158578701605 fields=1333,1334,1,2,268158578675646,-870,1000,0,5,0,5,0,5,5,1,3
event=trace_row ordinal=6672 kind=5 ns=268158588695113 fields=513,6,15,0,0,0,5,0,0,0,16,0,0,0,0,0
event=trace_row ordinal=6673 kind=0 ns=268158588675571 fields=1334,2,0,25,1,0,0,0,0,0,0,0,0,0,0,0
event=trace_row ordinal=6674 kind=1 ns=268158588675571 fields=1334,2,0,304,1800,200,1000,0,1,0,0,0,0,0,0,0
event=trace_row ordinal=6675 kind=3 ns=268158588698321 fields=1334,1335,1,2,268158588675571,-870,1000,0,5,0,5,0,5,5,1,3
event=trace_row ordinal=6676 kind=4 ns=268158589349330 fields=385,8,39,20,39,68,0,0,50,0,16,0,0,0,0,0
event=trace_row ordinal=6677 kind=4 ns=268158589532499 fields=641,5,3,0,0,0,0,0,0,0,16,0,0,0,0,0
event=trace_row ordinal=6678 kind=5 ns=268158598698830 fields=513,6,15,0,0,0,5,0,0,0,16,0,0,0,0,0
event=trace_row ordinal=6679 kind=0 ns=268158598677246 fields=1335,2,0,50,2,0,0,0,0,0,0,0,0,0,0,0
event=trace_row ordinal=6680 kind=1 ns=268158598677246 fields=1335,2,0,304,1800,200,1000,0,1,0,0,0,0,0,0,0
event=trace_row ordinal=6681 kind=1 ns=268158598677246 fields=1335,2,1,304,1800,200,1000,0,1,0,0,0,0,0,0,0
event=trace_row ordinal=6682 kind=3 ns=268158598702330 fields=1335,1336,1,2,268158598677246,-870,1000,0,5,0,5,0,5,5,1,3
event=trace_row ordinal=6683 kind=5 ns=268158608696713 fields=513,6,15,0,0,0,5,0,0,0,16,0,0,0,0,0
event=trace_row ordinal=6684 kind=0 ns=268158608676588 fields=1336,2,0,25,1,0,0,0,0,0,0,0,0,0,0,0
event=trace_row ordinal=6685 kind=1 ns=268158608676588 fields=1336,2,0,304,1800,200,1000,0,1,0,0,0,0,0,0,0
event=trace_row ordinal=6686 kind=3 ns=268158608700505 fields=1336,1337,1,2,268158608676588,-870,1000,0,5,0,5,0,5,5,1,3
event=trace_row ordinal=6687 kind=4 ns=268158609236595 fields=1793,1,5,0,0,0,0,0,0,0,16,0,0,0,0,0
event=trace_row ordinal=6688 kind=5 ns=268158618698388 fields=513,6,15,0,0,0,5,0,0,0,16,0,0,0,0,0
event=trace_row ordinal=6689 kind=0 ns=268158618676513 fields=1337,2,0,50,2,0,0,0,0,0,0,0,0,0,0,0
event=trace_row ordinal=6690 kind=1 ns=268158618676513 fields=1337,2,0,304,1800,200,1000,0,1,0,0,0,0,0,0,0
event=trace_row ordinal=6691 kind=1 ns=268158618676513 fields=1337,2,1,304,1800,200,1000,0,1,0,0,0,0,0,0,0
event=trace_row ordinal=6692 kind=3 ns=268158618701888 fields=1337,1338,1,2,268158618676513,-870,1000,0,5,0,5,0,5,5,1,3
event=trace_row ordinal=6693 kind=5 ns=268158628695105 fields=513,6,15,0,0,0,5,0,0,0,16,0,0,0,0,0
event=trace_row ordinal=6694 kind=0 ns=268158628676438 fields=1338,2,0,25,1,0,0,0,0,0,0,0,0,0,0,0
event=trace_row ordinal=6695 kind=1 ns=268158628676438 fields=1338,2,0,304,1800,200,1000,0,1,0,0,0,0,0,0,0
event=trace_row ordinal=6696 kind=3 ns=268158628698313 fields=1338,1339,1,2,268158628676438,-870,1000,0,5,0,5,0,5,5,1,3
event=trace_row ordinal=6697 kind=5 ns=268158638695322 fields=513,6,15,0,0,0,5,0,0,0,16,0,0,0,0,0
event=trace_row ordinal=6698 kind=0 ns=268158638676071 fields=1339,2,0,25,1,0,0,0,0,0,0,0,0,0,0,0
event=trace_row ordinal=6699 kind=1 ns=268158638676071 fields=1339,2,0,304,1800,200,1000,0,1,0,0,0,0,0,0,0
event=trace_row ordinal=6700 kind=3 ns=268158638698530 fields=1339,1340,1,2,268158638676071,-870,1000,0,5,0,5,0,5,5,1,3
event=trace_row ordinal=6701 kind=4 ns=268158639346914 fields=385,8,39,20,39,68,0,0,50,0,16,0,0,0,0,0
event=trace_row ordinal=6702 kind=4 ns=268158639534750 fields=641,5,3,0,0,0,0,0,0,0,16,0,0,0,0,0
event=trace_row ordinal=6703 kind=5 ns=268158648701955 fields=513,6,15,0,0,0,5,0,0,0,16,0,0,0,0,0
event=trace_row ordinal=6704 kind=0 ns=268158648678622 fields=1340,2,0,50,2,0,0,0,0,0,0,0,0,0,0,0
event=trace_row ordinal=6705 kind=1 ns=268158648678622 fields=1340,2,0,304,1800,200,1000,0,1,0,0,0,0,0,0,0
event=trace_row ordinal=6706 kind=1 ns=268158648678622 fields=1340,2,1,304,1800,200,1000,0,1,0,0,0,0,0,0,0
event=trace_row ordinal=6707 kind=3 ns=268158648705747 fields=1340,1341,1,2,268158648678622,-870,1000,0,5,0,5,0,5,5,1,3
event=trace_row ordinal=6708 kind=5 ns=268158658696047 fields=513,6,15,0,0,0,5,0,0,0,16,0,0,0,0,0
event=trace_row ordinal=6709 kind=0 ns=268158658676213 fields=1341,2,0,25,1,0,0,0,0,0,0,0,0,0,0,0
event=trace_row ordinal=6710 kind=1 ns=268158658676213 fields=1341,2,0,304,1800,200,1000,0,1,0,0,0,0,0,0,0
event=trace_row ordinal=6711 kind=3 ns=268158658699255 fields=1341,1342,1,2,268158658676213,-870,1000,0,5,0,5,0,5,5,1,3
event=trace_row ordinal=6712 kind=5 ns=268158668697139 fields=513,6,15,0,0,0,5,0,0,0,16,0,0,0,0,0
event=trace_row ordinal=6713 kind=0 ns=268158668675847 fields=1342,2,0,50,2,0,0,0,0,0,0,0,0,0,0,0
event=trace_row ordinal=6714 kind=1 ns=268158668675847 fields=1342,2,0,304,1800,200,1000,0,1,0,0,0,0,0,0,0
event=trace_row ordinal=6715 kind=1 ns=268158668675847 fields=1342,2,1,304,1800,200,1000,0,1,0,0,0,0,0,0,0
event=trace_row ordinal=6716 kind=3 ns=268158668700930 fields=1342,1343,1,2,268158668675847,-870,1000,0,5,0,5,0,5,5,1,3
event=trace_row ordinal=6717 kind=5 ns=268158678694730 fields=513,6,15,0,0,0,5,0,0,0,16,0,0,0,0,0
event=trace_row ordinal=6718 kind=0 ns=268158678675480 fields=1343,2,0,25,1,0,0,0,0,0,0,0,0,0,0,0
event=trace_row ordinal=6719 kind=1 ns=268158678675480 fields=1343,2,0,304,1800,200,1000,0,1,0,0,0,0,0,0,0
event=trace_row ordinal=6720 kind=3 ns=268158678697647 fields=1343,1344,1,2,268158678675480,-870,1000,0,5,0,5,0,5,5,1,3
event=trace_row ordinal=6721 kind=5 ns=268158688696989 fields=513,6,15,0,0,0,5,0,0,0,16,0,0,0,0,0
event=trace_row ordinal=6722 kind=0 ns=268158688675989 fields=1344,2,0,50,2,0,0,0,0,0,0,0,0,0,0,0
event=trace_row ordinal=6723 kind=1 ns=268158688675989 fields=1344,2,0,304,1800,200,1000,0,1,0,0,0,0,0,0,0
event=trace_row ordinal=6724 kind=1 ns=268158688675989 fields=1344,2,1,304,1800,200,1000,0,1,0,0,0,0,0,0,0
event=trace_row ordinal=6725 kind=3 ns=268158688700197 fields=1344,1345,1,2,268158688675989,-870,1000,0,5,0,5,0,5,5,1,3
event=trace_row ordinal=6726 kind=4 ns=268158689295789 fields=385,8,39,20,39,68,0,0,45,0,16,0,0,0,0,0
event=trace_row ordinal=6727 kind=4 ns=268158689482458 fields=641,5,3,0,0,0,0,0,0,0,16,0,0,0,0,0
event=trace_row ordinal=6728 kind=5 ns=268158698697206 fields=513,6,15,0,0,0,5,0,0,0,16,0,0,0,0,0
event=trace_row ordinal=6729 kind=0 ns=268158698676789 fields=1345,2,0,25,1,0,0,0,0,0,0,0,0,0,0,0
event=trace_row ordinal=6730 kind=1 ns=268158698676789 fields=1345,2,0,304,1800,200,1000,0,1,0,0,0,0,0,0,0
event=trace_row ordinal=6731 kind=3 ns=268158698700414 fields=1345,1346,1,2,268158698676789,-870,1000,0,5,0,5,0,5,5,1,3
event=trace_row ordinal=6732 kind=5 ns=268158708699464 fields=513,6,15,0,0,0,5,0,0,0,16,0,0,0,0,0
event=trace_row ordinal=6733 kind=0 ns=268158708677881 fields=1346,2,0,25,1,0,0,0,0,0,0,0,0,0,0,0
event=trace_row ordinal=6734 kind=1 ns=268158708677881 fields=1346,2,0,304,1800,200,1000,0,1,0,0,0,0,0,0,0
event=trace_row ordinal=6735 kind=3 ns=268158708702964 fields=1346,1347,1,2,268158708677881,-870,1000,0,5,0,5,0,5,5,1,3
event=trace_row ordinal=6736 kind=5 ns=268158718697348 fields=513,6,15,0,0,0,5,0,0,0,16,0,0,0,0,0
event=trace_row ordinal=6737 kind=0 ns=268158718675764 fields=1347,2,0,50,2,0,0,0,0,0,0,0,0,0,0,0
event=trace_row ordinal=6738 kind=1 ns=268158718675764 fields=1347,2,0,304,1800,200,1000,0,1,0,0,0,0,0,0,0
event=trace_row ordinal=6739 kind=1 ns=268158718675764 fields=1347,2,1,304,1800,200,1000,0,1,0,0,0,0,0,0,0
event=trace_row ordinal=6740 kind=3 ns=268158718700556 fields=1347,1348,1,2,268158718675764,-870,1000,0,5,0,5,0,5,5,1,3
event=trace_row ordinal=6741 kind=5 ns=268158728710689 fields=513,6,15,0,0,0,5,0,0,0,16,0,0,0,0,0
event=trace_row ordinal=6742 kind=0 ns=268158728682106 fields=1348,2,0,25,1,0,0,0,0,0,0,0,0,0,0,0
event=trace_row ordinal=6743 kind=1 ns=268158728682106 fields=1348,2,0,304,1800,200,1000,0,1,0,0,0,0,0,0,0
event=trace_row ordinal=6744 kind=3 ns=268158728715648 fields=1348,1349,1,2,268158728682106,-870,1000,0,5,0,5,0,5,5,1,3
event=trace_row ordinal=6745 kind=5 ns=268158738703614 fields=513,6,15,0,0,0,5,0,0,0,16,0,0,0,0,0
event=trace_row ordinal=6746 kind=0 ns=268158738679698 fields=1349,2,0,50,2,0,0,0,0,0,0,0,0,0,0,0
event=trace_row ordinal=6747 kind=1 ns=268158738679698 fields=1349,2,0,304,1800,200,1000,0,1,0,0,0,0,0,0,0
event=trace_row ordinal=6748 kind=1 ns=268158738679698 fields=1349,2,1,304,1800,200,1000,0,1,0,0,0,0,0,0,0
event=trace_row ordinal=6749 kind=3 ns=268158738707698 fields=1349,1350,1,2,268158738679698,-870,1000,0,5,0,5,0,5,5,1,3
event=trace_row ordinal=6750 kind=4 ns=268158739380290 fields=385,8,39,20,39,68,0,0,48,0,16,0,0,0,0,0
event=trace_row ordinal=6751 kind=4 ns=268158739557918 fields=641,5,3,0,0,0,0,0,0,0,16,0,0,0,0,0
event=trace_row ordinal=6752 kind=5 ns=268158748737665 fields=513,6,15,0,0,0,5,0,0,0,16,0,0,0,0,0
event=trace_row ordinal=6753 kind=0 ns=268158748691581 fields=1350,2,0,25,1,0,0,0,0,0,0,0,0,0,0,0
event=trace_row ordinal=6754 kind=1 ns=268158748691581 fields=1350,2,0,304,1800,200,1000,0,1,0,0,0,0,0,0,0
event=trace_row ordinal=6755 kind=3 ns=268158748743498 fields=1350,1351,1,2,268158748691581,-870,1000,0,5,0,5,0,5,5,1,3
event=trace_row ordinal=6756 kind=5 ns=268158758716882 fields=513,6,15,0,0,0,5,0,0,0,16,0,0,0,0,0
event=trace_row ordinal=6757 kind=0 ns=268158758684506 fields=1351,2,0,50,2,0,0,0,0,0,0,0,0,0,0,0
event=trace_row ordinal=6758 kind=1 ns=268158758684506 fields=1351,2,0,304,1800,200,1000,0,1,0,0,0,0,0,0,0
event=trace_row ordinal=6759 kind=1 ns=268158758684506 fields=1351,2,1,304,1800,200,1000,0,1,0,0,0,0,0,0,0
event=trace_row ordinal=6760 kind=3 ns=268158758721840 fields=1351,1352,1,2,268158758684506,-870,1000,0,5,0,5,0,5,5,1,3
event=trace_row ordinal=6761 kind=5 ns=268158768711265 fields=513,6,15,0,0,0,5,0,0,0,16,0,0,0,0,0
event=trace_row ordinal=6762 kind=0 ns=268158768684431 fields=1352,2,0,25,1,0,0,0,0,0,0,0,0,0,0,0
event=trace_row ordinal=6763 kind=1 ns=268158768684431 fields=1352,2,0,304,1800,200,1000,0,1,0,0,0,0,0,0,0
event=trace_row ordinal=6764 kind=3 ns=268158768715348 fields=1352,1353,1,2,268158768684431,-870,1000,0,5,0,5,0,5,5,1,3
event=trace_row ordinal=6765 kind=5 ns=268158778709440 fields=513,6,15,0,0,0,5,0,0,0,16,0,0,0,0,0
event=trace_row ordinal=6766 kind=0 ns=268158778684356 fields=1353,2,0,25,1,0,0,0,0,0,0,0,0,0,0,0
event=trace_row ordinal=6767 kind=1 ns=268158778684356 fields=1353,2,0,304,1800,200,1000,0,1,0,0,0,0,0,0,0
event=trace_row ordinal=6768 kind=3 ns=268158778713232 fields=1353,1354,1,2,268158778684356,-870,1000,0,5,0,5,0,5,5,1,3
event=trace_row ordinal=6769 kind=5 ns=268158788743782 fields=513,6,15,0,0,0,5,0,0,0,16,0,0,0,0,0
event=trace_row ordinal=6770 kind=0 ns=268158788697698 fields=1354,2,0,50,2,0,0,0,0,0,0,0,0,0,0,0
event=trace_row ordinal=6771 kind=1 ns=268158788697698 fields=1354,2,0,304,1800,200,1000,0,1,0,0,0,0,0,0,0
event=trace_row ordinal=6772 kind=1 ns=268158788697698 fields=1354,2,1,304,1800,200,1000,0,1,0,0,0,0,0,0,0
event=trace_row ordinal=6773 kind=3 ns=268158788749907 fields=1354,1355,1,2,268158788697698,-870,1000,0,5,0,5,0,5,5,1,3
event=trace_row ordinal=6774 kind=4 ns=268158789400916 fields=385,8,39,20,39,68,0,0,53,0,16,0,0,0,0,0
event=trace_row ordinal=6775 kind=4 ns=268158789577377 fields=641,5,3,0,0,0,0,0,0,0,16,0,0,0,0,0
event=trace_row ordinal=6776 kind=5 ns=268158798704623 fields=513,6,15,0,0,0,5,0,0,0,16,0,0,0,0,0
event=trace_row ordinal=6777 kind=0 ns=268158798680123 fields=1355,2,0,25,1,0,0,0,0,0,0,0,0,0,0,0
event=trace_row ordinal=6778 kind=1 ns=268158798680123 fields=1355,2,0,304,1800,200,1000,0,1,0,0,0,0,0,0,0
event=trace_row ordinal=6779 kind=3 ns=268158798708123 fields=1355,1356,1,2,268158798680123,-870,1000,0,5,0,5,0,5,5,1,3
event=trace_row ordinal=6780 kind=5 ns=268158808731382 fields=513,6,15,0,0,0,5,0,0,0,16,0,0,0,0,0
event=trace_row ordinal=6781 kind=0 ns=268158808689965 fields=1356,2,0,50,2,0,0,0,0,0,0,0,0,0,0,0
event=trace_row ordinal=6782 kind=1 ns=268158808689965 fields=1356,2,0,304,1800,200,1000,0,1,0,0,0,0,0,0,0
event=trace_row ordinal=6783 kind=1 ns=268158808689965 fields=1356,2,1,304,1800,200,1000,0,1,0,0,0,0,0,0,0
event=trace_row ordinal=6784 kind=3 ns=268158808736341 fields=1356,1357,1,2,268158808689965,-870,1000,0,5,0,5,0,5,5,1,3
event=trace_row ordinal=6785 kind=5 ns=268158818710890 fields=513,6,15,0,0,0,5,0,0,0,16,0,0,0,0,0
event=trace_row ordinal=6786 kind=0 ns=268158818683473 fields=1357,2,0,25,1,0,0,0,0,0,0,0,0,0,0,0
event=trace_row ordinal=6787 kind=1 ns=268158818683473 fields=1357,2,0,304,1800,200,1000,0,1,0,0,0,0,0,0,0
event=trace_row ordinal=6788 kind=3 ns=268158818714682 fields=1357,1358,1,2,268158818683473,-870,1000,0,5,0,5,0,5,5,1,3
event=trace_row ordinal=6789 kind=5 ns=268158828721899 fields=513,6,15,0,0,0,5,0,0,0,16,0,0,0,0,0
event=trace_row ordinal=6790 kind=0 ns=268158828686023 fields=1358,2,0,50,2,0,0,0,0,0,0,0,0,0,0,0
event=trace_row ordinal=6791 kind=1 ns=268158828686023 fields=1358,2,0,304,1800,200,1000,0,1,0,0,0,0,0,0,0
event=trace_row ordinal=6792 kind=1 ns=268158828686023 fields=1358,2,1,304,1800,200,1000,0,1,0,0,0,0,0,0,0
event=trace_row ordinal=6793 kind=3 ns=268158828725982 fields=1358,1359,1,2,268158828686023,-870,1000,0,5,0,5,0,5,5,1,3
event=trace_row ordinal=6794 kind=5 ns=268158838710157 fields=513,6,15,0,0,0,5,0,0,0,16,0,0,0,0,0
event=trace_row ordinal=6795 kind=0 ns=268158838682449 fields=1359,2,0,25,1,0,0,0,0,0,0,0,0,0,0,0
event=trace_row ordinal=6796 kind=1 ns=268158838682449 fields=1359,2,0,304,1800,200,1000,0,1,0,0,0,0,0,0,0
event=trace_row ordinal=6797 kind=3 ns=268158838714241 fields=1359,1360,1,2,268158838682449,-870,1000,0,5,0,5,0,5,5,1,3
event=trace_row ordinal=6798 kind=4 ns=268158839466459 fields=385,8,39,20,39,68,0,0,49,0,16,0,0,0,0,0
event=trace_row ordinal=6799 kind=4 ns=268158839642045 fields=641,5,3,0,0,0,0,0,0,0,16,0,0,0,0,0
event=trace_row ordinal=6800 kind=5 ns=268158848711249 fields=513,6,15,0,0,0,5,0,0,0,16,0,0,0,0,0
event=trace_row ordinal=6801 kind=0 ns=268158848683249 fields=1360,2,0,25,1,0,0,0,0,0,0,0,0,0,0,0
event=trace_row ordinal=6802 kind=1 ns=268158848683249 fields=1360,2,0,304,1800,200,1000,0,1,0,0,0,0,0,0,0
event=trace_row ordinal=6803 kind=3 ns=268158848715916 fields=1360,1361,1,2,268158848683249,-870,1000,0,5,0,5,0,5,5,1,3
event=trace_row ordinal=6804 kind=5 ns=268158858706507 fields=513,6,15,0,0,0,5,0,0,0,16,0,0,0,0,0
event=trace_row ordinal=6805 kind=0 ns=268158858680840 fields=1361,2,0,50,2,0,0,0,0,0,0,0,0,0,0,0
event=trace_row ordinal=6806 kind=1 ns=268158858680840 fields=1361,2,0,304,1800,200,1000,0,1,0,0,0,0,0,0,0
event=trace_row ordinal=6807 kind=1 ns=268158858680840 fields=1361,2,1,304,1800,200,1000,0,1,0,0,0,0,0,0,0
event=trace_row ordinal=6808 kind=3 ns=268158858709716 fields=1361,1362,1,2,268158858680840,-870,1000,0,5,0,5,0,5,5,1,3
event=trace_row ordinal=6809 kind=4 ns=268158858810634 fields=1793,1,5,0,0,0,0,0,0,0,16,0,0,0,0,0
event=trace_row ordinal=6810 kind=5 ns=268158868730641 fields=513,6,15,0,0,0,5,0,0,0,16,0,0,0,0,0
event=trace_row ordinal=6811 kind=0 ns=268158868693016 fields=1362,2,0,25,1,0,0,0,0,0,0,0,0,0,0,0
event=trace_row ordinal=6812 kind=1 ns=268158868693016 fields=1362,2,0,304,1800,200,1000,0,1,0,0,0,0,0,0,0
event=trace_row ordinal=6813 kind=3 ns=268158868735308 fields=1362,1363,1,2,268158868693016,-870,1000,0,5,0,5,0,5,5,1,3
event=trace_row ordinal=6814 kind=5 ns=268158878713358 fields=513,6,15,0,0,0,5,0,0,0,16,0,0,0,0,0
event=trace_row ordinal=6815 kind=0 ns=268158878682441 fields=1363,2,0,50,2,0,0,0,0,0,0,0,0,0,0,0
event=trace_row ordinal=6816 kind=1 ns=268158878682441 fields=1363,2,0,304,1800,200,1000,0,1,0,0,0,0,0,0,0
event=trace_row ordinal=6817 kind=1 ns=268158878682441 fields=1363,2,1,304,1800,200,1000,0,1,0,0,0,0,0,0,0
event=trace_row ordinal=6818 kind=3 ns=268158878717441 fields=1363,1364,1,2,268158878682441,-870,1000,0,5,0,5,0,5,5,1,3
event=trace_row ordinal=6819 kind=5 ns=268158888707449 fields=513,6,15,0,0,0,5,0,0,0,16,0,0,0,0,0
event=trace_row ordinal=6820 kind=0 ns=268158888681782 fields=1364,2,0,25,1,0,0,0,0,0,0,0,0,0,0,0
event=trace_row ordinal=6821 kind=1 ns=268158888681782 fields=1364,2,0,304,1800,200,1000,0,1,0,0,0,0,0,0,0
event=trace_row ordinal=6822 kind=3 ns=268158888710949 fields=1364,1365,1,2,268158888681782,-870,1000,0,5,0,5,0,5,5,1,3
event=trace_row ordinal=6823 kind=4 ns=268158889363708 fields=385,8,39,20,39,68,0,0,51,0,16,0,0,0,0,0
event=trace_row ordinal=6824 kind=4 ns=268158889542502 fields=641,5,3,0,0,0,0,0,0,0,16,0,0,0,0,0
event=trace_row ordinal=6825 kind=5 ns=268158898712041 fields=513,6,15,0,0,0,5,0,0,0,16,0,0,0,0,0
event=trace_row ordinal=6826 kind=0 ns=268158898684332 fields=1365,2,0,50,2,0,0,0,0,0,0,0,0,0,0,0
event=trace_row ordinal=6827 kind=1 ns=268158898684332 fields=1365,2,0,304,1800,200,1000,0,1,0,0,0,0,0,0,0
event=trace_row ordinal=6828 kind=1 ns=268158898684332 fields=1365,2,1,304,1800,200,1000,0,1,0,0,0,0,0,0,0
event=trace_row ordinal=6829 kind=3 ns=268158898717000 fields=1365,1366,1,2,268158898684332,-870,1000,0,5,0,5,0,5,5,1,3
event=trace_row ordinal=6830 kind=5 ns=268158908700883 fields=513,6,15,0,0,0,5,0,0,0,16,0,0,0,0,0
event=trace_row ordinal=6831 kind=0 ns=268158908679008 fields=1366,2,0,25,1,0,0,0,0,0,0,0,0,0,0,0
event=trace_row ordinal=6832 kind=1 ns=268158908679008 fields=1366,2,0,304,1800,200,1000,0,1,0,0,0,0,0,0,0
event=trace_row ordinal=6833 kind=3 ns=268158908704091 fields=1366,1367,1,2,268158908679008,-870,1000,0,5,0,5,0,5,5,1,3
event=trace_row ordinal=6834 kind=5 ns=268158918708391 fields=513,6,15,0,0,0,5,0,0,0,16,0,0,0,0,0
event=trace_row ordinal=6835 kind=0 ns=268158918681558 fields=1367,2,0,25,1,0,0,0,0,0,0,0,0,0,0,0
event=trace_row ordinal=6836 kind=1 ns=268158918681558 fields=1367,2,0,304,1800,200,1000,0,1,0,0,0,0,0,0,0
event=trace_row ordinal=6837 kind=3 ns=268158918711891 fields=1367,1368,1,2,268158918681558,-870,1000,0,5,0,5,0,5,5,1,3
event=trace_row ordinal=6838 kind=5 ns=268158928698983 fields=513,6,15,0,0,0,5,0,0,0,16,0,0,0,0,0
event=trace_row ordinal=6839 kind=0 ns=268158928676524 fields=1368,2,0,50,2,0,0,0,0,0,0,0,0,0,0,0
event=trace_row ordinal=6840 kind=1 ns=268158928676524 fields=1368,2,0,304,1800,200,1000,0,1,0,0,0,0,0,0,0
event=trace_row ordinal=6841 kind=1 ns=268158928676524 fields=1368,2,1,304,1800,200,1000,0,1,0,0,0,0,0,0,0
event=trace_row ordinal=6842 kind=3 ns=268158928702191 fields=1368,1369,1,2,268158928676524,-870,1000,0,5,0,5,0,5,5,1,3
event=trace_row ordinal=6843 kind=5 ns=268158938696575 fields=513,6,15,0,0,0,5,0,0,0,16,0,0,0,0,0
event=trace_row ordinal=6844 kind=0 ns=268158938677324 fields=1369,2,0,25,1,0,0,0,0,0,0,0,0,0,0,0
event=trace_row ordinal=6845 kind=1 ns=268158938677324 fields=1369,2,0,304,1800,200,1000,0,1,0,0,0,0,0,0,0
event=trace_row ordinal=6846 kind=3 ns=268158938699783 fields=1369,1370,1,2,268158938677324,-870,1000,0,5,0,5,0,5,5,1,3
event=trace_row ordinal=6847 kind=4 ns=268158939424001 fields=385,8,39,20,39,68,0,0,45,0,16,0,0,0,0,0
event=trace_row ordinal=6848 kind=4 ns=268158939605420 fields=641,5,3,0,0,0,0,0,0,0,16,0,0,0,0,0
event=trace_row ordinal=6849 kind=5 ns=268158948698833 fields=513,6,15,0,0,0,5,0,0,0,16,0,0,0,0,0
event=trace_row ordinal=6850 kind=0 ns=268158948676666 fields=1370,2,0,50,2,0,0,0,0,0,0,0,0,0,0,0
event=trace_row ordinal=6851 kind=1 ns=268158948676666 fields=1370,2,0,304,1800,200,1000,0,1,0,0,0,0,0,0,0
event=trace_row ordinal=6852 kind=1 ns=268158948676666 fields=1370,2,1,304,1800,200,1000,0,1,0,0,0,0,0,0,0
event=trace_row ordinal=6853 kind=3 ns=268158948702625 fields=1370,1371,1,2,268158948676666,-870,1000,0,5,0,5,0,5,5,1,3
event=trace_row ordinal=6854 kind=5 ns=268158958700800 fields=513,6,15,0,0,0,5,0,0,0,16,0,0,0,0,0
event=trace_row ordinal=6855 kind=0 ns=268158958679216 fields=1371,2,0,25,1,0,0,0,0,0,0,0,0,0,0,0
event=trace_row ordinal=6856 kind=1 ns=268158958679216 fields=1371,2,0,304,1800,200,1000,0,1,0,0,0,0,0,0,0
event=trace_row ordinal=6857 kind=3 ns=268158958704883 fields=1371,1372,1,2,268158958679216,-870,1000,0,5,0,5,0,5,5,1,3
event=trace_row ordinal=6858 kind=5 ns=268158968698392 fields=513,6,15,0,0,0,5,0,0,0,16,0,0,0,0,0
event=trace_row ordinal=6859 kind=0 ns=268158968676808 fields=1372,2,0,50,2,0,0,0,0,0,0,0,0,0,0,0
event=trace_row ordinal=6860 kind=1 ns=268158968676808 fields=1372,2,0,304,1800,200,1000,0,1,0,0,0,0,0,0,0
event=trace_row ordinal=6861 kind=1 ns=268158968676808 fields=1372,2,1,304,1800,200,1000,0,1,0,0,0,0,0,0,0
event=trace_row ordinal=6862 kind=3 ns=268158968701892 fields=1372,1373,1,2,268158968676808,-870,1000,0,5,0,5,0,5,5,1,3
event=trace_row ordinal=6863 kind=5 ns=268158978695108 fields=513,6,15,0,0,0,5,0,0,0,16,0,0,0,0,0
event=trace_row ordinal=6864 kind=0 ns=268158978675858 fields=1373,2,0,25,1,0,0,0,0,0,0,0,0,0,0,0
event=trace_row ordinal=6865 kind=1 ns=268158978675858 fields=1373,2,0,304,1800,200,1000,0,1,0,0,0,0,0,0,0
event=trace_row ordinal=6866 kind=3 ns=268158978698316 fields=1373,1374,1,2,268158978675858,-870,1000,0,5,0,5,0,5,5,1,3
event=trace_row ordinal=6867 kind=5 ns=268158988695616 fields=513,6,15,0,0,0,5,0,0,0,16,0,0,0,0,0
event=trace_row ordinal=6868 kind=0 ns=268158988676366 fields=1374,2,0,25,1,0,0,0,0,0,0,0,0,0,0,0
event=trace_row ordinal=6869 kind=1 ns=268158988676366 fields=1374,2,0,304,1800,200,1000,0,1,0,0,0,0,0,0,0
event=trace_row ordinal=6870 kind=3 ns=268158988698825 fields=1374,1375,1,2,268158988676366,-870,1000,0,5,0,5,0,5,5,1,3
event=trace_row ordinal=6871 kind=4 ns=268158989374625 fields=385,8,39,20,39,68,0,0,50,0,16,0,0,0,0,0
event=trace_row ordinal=6872 kind=4 ns=268158989558961 fields=641,5,3,0,0,0,0,0,0,0,16,0,0,0,0,0
event=trace_row ordinal=6873 kind=5 ns=268158998698458 fields=513,6,15,0,0,0,5,0,0,0,16,0,0,0,0,0
event=trace_row ordinal=6874 kind=0 ns=268158998676874 fields=1375,2,0,50,2,0,0,0,0,0,0,0,0,0,0,0
event=trace_row ordinal=6875 kind=1 ns=268158998676874 fields=1375,2,0,304,1800,200,1000,0,1,0,0,0,0,0,0,0
event=trace_row ordinal=6876 kind=1 ns=268158998676874 fields=1375,2,1,304,1800,200,1000,0,1,0,0,0,0,0,0,0
event=trace_row ordinal=6877 kind=3 ns=268158998702250 fields=1375,1376,1,2,268158998676874,-870,1000,0,5,0,5,0,5,5,1,3
event=trace_row ordinal=6878 kind=5 ns=268159008695466 fields=513,6,15,0,0,0,5,0,0,0,16,0,0,0,0,0
event=trace_row ordinal=6879 kind=0 ns=268159008675924 fields=1376,2,0,25,1,0,0,0,0,0,0,0,0,0,0,0
event=trace_row ordinal=6880 kind=1 ns=268159008675924 fields=1376,2,0,304,1800,200,1000,0,1,0,0,0,0,0,0,0
event=trace_row ordinal=6881 kind=3 ns=268159008698675 fields=1376,1377,1,2,268159008675924,-870,1000,0,5,0,5,0,5,5,1,3
event=trace_row ordinal=6882 kind=5 ns=268159018696266 fields=513,6,15,0,0,0,5,0,0,0,16,0,0,0,0,0
event=trace_row ordinal=6883 kind=0 ns=268159018675558 fields=1377,2,0,50,2,0,0,0,0,0,0,0,0,0,0,0
event=trace_row ordinal=6884 kind=1 ns=268159018675558 fields=1377,2,0,304,1800,200,1000,0,1,0,0,0,0,0,0,0
event=trace_row ordinal=6885 kind=1 ns=268159018675558 fields=1377,2,1,304,1800,200,1000,0,1,0,0,0,0,0,0,0
event=trace_row ordinal=6886 kind=3 ns=268159018699766 fields=1377,1378,1,2,268159018675558,-870,1000,0,5,0,5,0,5,5,1,3
event=trace_row ordinal=6887 kind=5 ns=268159028694150 fields=513,6,15,0,0,0,5,0,0,0,16,0,0,0,0,0
event=trace_row ordinal=6888 kind=0 ns=268159028675191 fields=1378,2,0,25,1,0,0,0,0,0,0,0,0,0,0,0
event=trace_row ordinal=6889 kind=1 ns=268159028675191 fields=1378,2,0,304,1800,200,1000,0,1,0,0,0,0,0,0,0
event=trace_row ordinal=6890 kind=3 ns=268159028697358 fields=1378,1379,1,2,268159028675191,-870,1000,0,5,0,5,0,5,5,1,3
event=trace_row ordinal=6891 kind=5 ns=268159038696116 fields=513,6,15,0,0,0,5,0,0,0,16,0,0,0,0,0
event=trace_row ordinal=6892 kind=0 ns=268159038675408 fields=1379,2,0,50,2,0,0,0,0,0,0,0,0,0,0,0
event=trace_row ordinal=6893 kind=1 ns=268159038675408 fields=1379,2,0,304,1800,200,1000,0,1,0,0,0,0,0,0,0
event=trace_row ordinal=6894 kind=1 ns=268159038675408 fields=1379,2,1,304,1800,200,1000,0,1,0,0,0,0,0,0,0
event=trace_row ordinal=6895 kind=3 ns=268159038699325 fields=1379,1380,1,2,268159038675408,-870,1000,0,5,0,5,0,5,5,1,3
event=trace_row ordinal=6896 kind=4 ns=268159039378042 fields=385,8,39,20,39,68,0,0,51,0,16,0,0,0,0,0
event=trace_row ordinal=6897 kind=4 ns=268159039564711 fields=641,5,3,0,0,0,0,0,0,0,16,0,0,0,0,0
event=trace_row ordinal=6898 kind=5 ns=268159048694875 fields=513,6,15,0,0,0,5,0,0,0,16,0,0,0,0,0
event=trace_row ordinal=6899 kind=0 ns=268159048675333 fields=1380,2,0,25,1,0,0,0,0,0,0,0,0,0,0,0
event=trace_row ordinal=6900 kind=1 ns=268159048675333 fields=1380,2,0,304,1800,200,1000,0,1,0,0,0,0,0,0,0
event=trace_row ordinal=6901 kind=3 ns=268159048698083 fields=1380,1381,1,2,268159048675333,-870,1000,0,5,0,5,0,5,5,1,3
event=trace_row ordinal=6902 kind=5 ns=268159058695675 fields=513,6,15,0,0,0,5,0,0,0,16,0,0,0,0,0
event=trace_row ordinal=6903 kind=0 ns=268159058675841 fields=1381,2,0,25,1,0,0,0,0,0,0,0,0,0,0,0
event=trace_row ordinal=6904 kind=1 ns=268159058675841 fields=1381,2,0,304,1800,200,1000,0,1,0,0,0,0,0,0,0
event=trace_row ordinal=6905 kind=3 ns=268159058698883 fields=1381,1382,1,2,268159058675841,-870,1000,0,5,0,5,0,5,5,1,3
event=trace_row ordinal=6906 kind=5 ns=268159068740517 fields=513,6,15,0,0,0,5,0,0,0,16,0,0,0,0,0
event=trace_row ordinal=6907 kind=0 ns=268159068691516 fields=1382,2,0,50,2,0,0,0,0,0,0,0,0,0,0,0
event=trace_row ordinal=6908 kind=1 ns=268159068691516 fields=1382,2,0,304,1800,200,1000,0,1,0,0,0,0,0,0,0
event=trace_row ordinal=6909 kind=1 ns=268159068691516 fields=1382,2,1,304,1800,200,1000,0,1,0,0,0,0,0,0,0
event=trace_row ordinal=6910 kind=3 ns=268159068747225 fields=1382,1383,1,2,268159068691516,-870,1000,0,5,0,5,0,5,5,1,3
event=trace_row ordinal=6911 kind=5 ns=268159078698441 fields=513,6,15,0,0,0,5,0,0,0,16,0,0,0,0,0
event=trace_row ordinal=6912 kind=0 ns=268159078677441 fields=1383,2,0,25,1,0,0,0,0,0,0,0,0,0,0,0
event=trace_row ordinal=6913 kind=1 ns=268159078677441 fields=1383,2,0,304,1800,200,1000,0,1,0,0,0,0,0,0,0
event=trace_row ordinal=6914 kind=3 ns=268159078701941 fields=1383,1384,1,2,268159078677441,-870,1000,0,5,0,5,0,5,5,1,3
event=trace_row ordinal=6915 kind=5 ns=268159088698658 fields=513,6,15,0,0,0,5,0,0,0,16,0,0,0,0,0
event=trace_row ordinal=6916 kind=0 ns=268159088676491 fields=1384,2,0,50,2,0,0,0,0,0,0,0,0,0,0,0
event=trace_row ordinal=6917 kind=1 ns=268159088676491 fields=1384,2,0,304,1800,200,1000,0,1,0,0,0,0,0,0,0
event=trace_row ordinal=6918 kind=1 ns=268159088676491 fields=1384,2,1,304,1800,200,1000,0,1,0,0,0,0,0,0,0
event=trace_row ordinal=6919 kind=3 ns=268159088702158 fields=1384,1385,1,2,268159088676491,-870,1000,0,5,0,5,0,5,5,1,3
event=trace_row ordinal=6920 kind=4 ns=268159089337416 fields=385,8,39,20,39,68,0,0,45,0,16,0,0,0,0,0
event=trace_row ordinal=6921 kind=4 ns=268159089516794 fields=641,5,3,0,0,0,0,0,0,0,16,0,0,0,0,0
event=trace_row ordinal=6922 kind=5 ns=268159098696833 fields=513,6,15,0,0,0,5,0,0,0,16,0,0,0,0,0
event=trace_row ordinal=6923 kind=0 ns=268159098676708 fields=1385,2,0,25,1,0,0,0,0,0,0,0,0,0,0,0
event=trace_row ordinal=6924 kind=1 ns=268159098676708 fields=1385,2,0,304,1800,200,1000,0,1,0,0,0,0,0,0,0
event=trace_row ordinal=6925 kind=3 ns=268159098700333 fields=1385,1386,1,2,268159098676708,-870,1000,0,5,0,5,0,5,5,1,3
event=trace_row ordinal=6926 kind=5 ns=268159108445046 fields=513,6,15,0,0,0,5,0,0,0,16,0,0,0,0,0
event=trace_row ordinal=6927 kind=0 ns=268159108423754 fields=1386,2,0,50,2,0,0,0,0,0,0,0,0,0,0,0
event=trace_row ordinal=6928 kind=1 ns=268159108423754 fields=1386,2,0,304,1800,200,1000,0,1,0,0,0,0,0,0,0
event=trace_row ordinal=6929 kind=1 ns=268159108423754 fields=1386,2,1,304,1800,200,1000,0,1,0,0,0,0,0,0,0
event=trace_row ordinal=6930 kind=3 ns=268159108448254 fields=1386,1387,1,2,268159108423754,-870,1000,0,5,0,5,0,5,5,1,3
event=trace_row ordinal=6931 kind=4 ns=268159108457296 fields=1793,1,5,0,0,0,0,0,0,0,16,0,0,0,0,0
event=trace_row ordinal=6932 kind=5 ns=268159118696974 fields=513,6,15,0,0,0,5,0,0,0,16,0,0,0,0,0
event=trace_row ordinal=6933 kind=0 ns=268159118676849 fields=1387,2,0,25,1,0,0,0,0,0,0,0,0,0,0,0
event=trace_row ordinal=6934 kind=1 ns=268159118676849 fields=1387,2,0,304,1800,200,1000,0,1,0,0,0,0,0,0,0
event=trace_row ordinal=6935 kind=3 ns=268159118700474 fields=1387,1388,1,2,268159118676849,-870,1000,0,5,0,5,0,5,5,1,3
event=trace_row ordinal=6936 kind=5 ns=268159128695733 fields=513,6,15,0,0,0,5,0,0,0,16,0,0,0,0,0
event=trace_row ordinal=6937 kind=0 ns=268159128676191 fields=1388,2,0,25,1,0,0,0,0,0,0,0,0,0,0,0
event=trace_row ordinal=6938 kind=1 ns=268159128676191 fields=1388,2,0,304,1800,200,1000,0,1,0,0,0,0,0,0,0
event=trace_row ordinal=6939 kind=3 ns=268159128698941 fields=1388,1389,1,2,268159128676191,-870,1000,0,5,0,5,0,5,5,1,3
event=trace_row ordinal=6940 kind=5 ns=268159138696533 fields=513,6,15,0,0,0,5,0,0,0,16,0,0,0,0,0
event=trace_row ordinal=6941 kind=0 ns=268159138676407 fields=1389,2,0,50,2,0,0,0,0,0,0,0,0,0,0,0
event=trace_row ordinal=6942 kind=1 ns=268159138676407 fields=1389,2,0,304,1800,200,1000,0,1,0,0,0,0,0,0,0
event=trace_row ordinal=6943 kind=1 ns=268159138676407 fields=1389,2,1,304,1800,200,1000,0,1,0,0,0,0,0,0,0
event=trace_row ordinal=6944 kind=3 ns=268159138700616 fields=1389,1390,1,2,268159138676407,-870,1000,0,5,0,5,0,5,5,1,3
event=trace_row ordinal=6945 kind=4 ns=268159139409667 fields=385,8,39,20,39,68,0,0,48,0,16,0,0,0,0,0
event=trace_row ordinal=6946 kind=4 ns=268159139598378 fields=641,5,3,0,0,0,0,0,0,0,16,0,0,0,0,0
event=trace_row ordinal=6947 kind=5 ns=268159148695874 fields=513,6,15,0,0,0,5,0,0,0,16,0,0,0,0,0
event=trace_row ordinal=6948 kind=0 ns=268159148676332 fields=1390,2,0,25,1,0,0,0,0,0,0,0,0,0,0,0
event=trace_row ordinal=6949 kind=1 ns=268159148676332 fields=1390,2,0,304,1800,200,1000,0,1,0,0,0,0,0,0,0
event=trace_row ordinal=6950 kind=3 ns=268159148699083 fields=1390,1391,1,2,268159148676332,-870,1000,0,5,0,5,0,5,5,1,3
event=trace_row ordinal=6951 kind=5 ns=268159158697841 fields=513,6,15,0,0,0,5,0,0,0,16,0,0,0,0,0
event=trace_row ordinal=6952 kind=0 ns=268159158676549 fields=1391,2,0,50,2,0,0,0,0,0,0,0,0,0,0,0
event=trace_row ordinal=6953 kind=1 ns=268159158676549 fields=1391,2,0,304,1800,200,1000,0,1,0,0,0,0,0,0,0
event=trace_row ordinal=6954 kind=1 ns=268159158676549 fields=1391,2,1,304,1800,200,1000,0,1,0,0,0,0,0,0,0
event=trace_row ordinal=6955 kind=3 ns=268159158701341 fields=1391,1392,1,2,268159158676549,-870,1000,0,5,0,5,0,5,5,1,3
event=trace_row ordinal=6956 kind=5 ns=268159168697474 fields=513,6,15,0,0,0,5,0,0,0,16,0,0,0,0,0
event=trace_row ordinal=6957 kind=0 ns=268159168676766 fields=1392,2,0,25,1,0,0,0,0,0,0,0,0,0,0,0
event=trace_row ordinal=6958 kind=1 ns=268159168676766 fields=1392,2,0,304,1800,200,1000,0,1,0,0,0,0,0,0,0
event=trace_row ordinal=6959 kind=3 ns=268159168700683 fields=1392,1393,1,2,268159168676766,-870,1000,0,5,0,5,0,5,5,1,3
event=trace_row ordinal=6960 kind=5 ns=268159178697108 fields=513,6,15,0,0,0,5,0,0,0,16,0,0,0,0,0
event=trace_row ordinal=6961 kind=0 ns=268159178676399 fields=1393,2,0,50,2,0,0,0,0,0,0,0,0,0,0,0
event=trace_row ordinal=6962 kind=1 ns=268159178676399 fields=1393,2,0,304,1800,200,1000,0,1,0,0,0,0,0,0,0
event=trace_row ordinal=6963 kind=1 ns=268159178676399 fields=1393,2,1,304,1800,200,1000,0,1,0,0,0,0,0,0,0
event=trace_row ordinal=6964 kind=3 ns=268159178700316 fields=1393,1394,1,2,268159178676399,-870,1000,0,5,0,5,0,5,5,1,3
event=trace_row ordinal=6965 kind=5 ns=268159188695282 fields=513,6,15,0,0,0,5,0,0,0,16,0,0,0,0,0
event=trace_row ordinal=6966 kind=0 ns=268159188676324 fields=1394,2,0,25,1,0,0,0,0,0,0,0,0,0,0,0
event=trace_row ordinal=6967 kind=1 ns=268159188676324 fields=1394,2,0,304,1800,200,1000,0,1,0,0,0,0,0,0,0
event=trace_row ordinal=6968 kind=3 ns=268159188698491 fields=1394,1395,1,2,268159188676324,-870,1000,0,5,0,5,0,5,5,1,3
event=trace_row ordinal=6969 kind=4 ns=268159189354166 fields=385,8,39,20,39,68,0,0,53,0,16,0,0,0,0,0
event=trace_row ordinal=6970 kind=4 ns=268159189542877 fields=641,5,3,0,0,0,0,0,0,0,16,0,0,0,0,0
event=trace_row ordinal=6971 kind=5 ns=268159198696957 fields=513,6,15,0,0,0,5,0,0,0,16,0,0,0,0,0
event=trace_row ordinal=6972 kind=0 ns=268159198676541 fields=1395,2,0,25,1,0,0,0,0,0,0,0,0,0,0,0
event=trace_row ordinal=6973 kind=1 ns=268159198676541 fields=1395,2,0,304,1800,200,1000,0,1,0,0,0,0,0,0,0
event=trace_row ordinal=6974 kind=3 ns=268159198700749 fields=1395,1396,1,2,268159198676541,-870,1000,0,5,0,5,0,5,5,1,3
event=trace_row ordinal=6975 kind=5 ns=268159208697174 fields=513,6,15,0,0,0,5,0,0,0,16,0,0,0,0,0
event=trace_row ordinal=6976 kind=0 ns=268159208676174 fields=1396,2,0,50,2,0,0,0,0,0,0,0,0,0,0,0
event=trace_row ordinal=6977 kind=1 ns=268159208676174 fields=1396,2,0,304,1800,200,1000,0,1,0,0,0,0,0,0,0
event=trace_row ordinal=6978 kind=1 ns=268159208676174 fields=1396,2,1,304,1800,200,1000,0,1,0,0,0,0,0,0,0
event=trace_row ordinal=6979 kind=3 ns=268159208700674 fields=1396,1397,1,2,268159208676174,-870,1000,0,5,0,5,0,5,5,1,3
event=trace_row ordinal=6980 kind=5 ns=268159218696807 fields=513,6,15,0,0,0,5,0,0,0,16,0,0,0,0,0
event=trace_row ordinal=6981 kind=0 ns=268159218676390 fields=1397,2,0,25,1,0,0,0,0,0,0,0,0,0,0,0
event=trace_row ordinal=6982 kind=1 ns=268159218676390 fields=1397,2,0,304,1800,200,1000,0,1,0,0,0,0,0,0,0
event=trace_row ordinal=6983 kind=3 ns=268159218700016 fields=1397,1398,1,2,268159218676390,-870,1000,0,5,0,5,0,5,5,1,3
event=trace_row ordinal=6984 kind=5 ns=268159228704024 fields=513,6,15,0,0,0,5,0,0,0,16,0,0,0,0,0
event=trace_row ordinal=6985 kind=0 ns=268159228678940 fields=1398,2,0,50,2,0,0,0,0,0,0,0,0,0,0,0
event=trace_row ordinal=6986 kind=1 ns=268159228678940 fields=1398,2,0,304,1800,200,1000,0,1,0,0,0,0,0,0,0
event=trace_row ordinal=6987 kind=1 ns=268159228678940 fields=1398,2,1,304,1800,200,1000,0,1,0,0,0,0,0,0,0
event=trace_row ordinal=6988 kind=3 ns=268159228708399 fields=1398,1399,1,2,268159228678940,-870,1000,0,5,0,5,0,5,5,1,3
event=trace_row ordinal=6989 kind=5 ns=268159238709783 fields=513,6,15,0,0,0,5,0,0,0,16,0,0,0,0,0
event=trace_row ordinal=6990 kind=0 ns=268159238682949 fields=1399,2,0,25,1,0,0,0,0,0,0,0,0,0,0,0
event=trace_row ordinal=6991 kind=1 ns=268159238682949 fields=1399,2,0,304,1800,200,1000,0,1,0,0,0,0,0,0,0
event=trace_row ordinal=6992 kind=3 ns=268159238714158 fields=1399,1400,1,2,268159238682949,-870,1000,0,5,0,5,0,5,5,1,3
event=trace_row ordinal=6993 kind=4 ns=268159239372750 fields=385,8,39,20,39,68,0,0,50,0,16,0,0,0,0,0
event=trace_row ordinal=6994 kind=4 ns=268159239553294 fields=641,5,3,0,0,0,0,0,0,0,16,0,0,0,0,0
event=trace_row ordinal=6995 kind=5 ns=268159248702124 fields=513,6,15,0,0,0,5,0,0,0,16,0,0,0,0,0
event=trace_row ordinal=6996 kind=0 ns=268159248679374 fields=1400,2,0,50,2,0,0,0,0,0,0,0,0,0,0,0
event=trace_row ordinal=6997 kind=1 ns=268159248679374 fields=1400,2,0,304,1800,200,1000,0,1,0,0,0,0,0,0,0
event=trace_row ordinal=6998 kind=1 ns=268159248679374 fields=1400,2,1,304,1800,200,1000,0,1,0,0,0,0,0,0,0
event=trace_row ordinal=6999 kind=3 ns=268159248706499 fields=1400,1401,1,2,268159248679374,-870,1000,0,5,0,5,0,5,5,1,3
event=trace_row ordinal=7000 kind=5 ns=268159258716049 fields=513,6,15,0,0,0,5,0,0,0,16,0,0,0,0,0
event=trace_row ordinal=7001 kind=0 ns=268159258683965 fields=1401,2,0,25,1,0,0,0,0,0,0,0,0,0,0,0
event=trace_row ordinal=7002 kind=1 ns=268159258683965 fields=1401,2,0,304,1800,200,1000,0,1,0,0,0,0,0,0,0
event=trace_row ordinal=7003 kind=3 ns=268159258720424 fields=1401,1402,1,2,268159258683965,-870,1000,0,5,0,5,0,5,5,1,3
event=trace_row ordinal=7004 kind=5 ns=268159268712474 fields=513,6,15,0,0,0,5,0,0,0,16,0,0,0,0,0
event=trace_row ordinal=7005 kind=0 ns=268159268685349 fields=1402,2,0,25,1,0,0,0,0,0,0,0,0,0,0,0
event=trace_row ordinal=7006 kind=1 ns=268159268685349 fields=1402,2,0,304,1800,200,1000,0,1,0,0,0,0,0,0,0
event=trace_row ordinal=7007 kind=3 ns=268159268717141 fields=1402,1403,1,2,268159268685349,-870,1000,0,5,0,5,0,5,5,1,3
event=trace_row ordinal=7008 kind=5 ns=268159278719108 fields=513,6,15,0,0,0,5,0,0,0,16,0,0,0,0,0
event=trace_row ordinal=7009 kind=0 ns=268159278686149 fields=1403,2,0,50,2,0,0,0,0,0,0,0,0,0,0,0
event=trace_row ordinal=7010 kind=1 ns=268159278686149 fields=1403,2,0,304,1800,200,1000,0,1,0,0,0,0,0,0,0
event=trace_row ordinal=7011 kind=1 ns=268159278686149 fields=1403,2,1,304,1800,200,1000,0,1,0,0,0,0,0,0,0
event=trace_row ordinal=7012 kind=3 ns=268159278723483 fields=1403,1404,1,2,268159278686149,-870,1000,0,5,0,5,0,5,5,1,3
event=trace_row ordinal=7013 kind=5 ns=268159288708532 fields=513,6,15,0,0,0,5,0,0,0,16,0,0,0,0,0
event=trace_row ordinal=7014 kind=0 ns=268159288683157 fields=1404,2,0,25,1,0,0,0,0,0,0,0,0,0,0,0
event=trace_row ordinal=7015 kind=1 ns=268159288683157 fields=1404,2,0,304,1800,200,1000,0,1,0,0,0,0,0,0,0
event=trace_row ordinal=7016 kind=3 ns=268159288712907 fields=1404,1405,1,2,268159288683157,-870,1000,0,5,0,5,0,5,5,1,3
event=trace_row ordinal=7017 kind=6 ns=268159288714366 fields=2,0,1405,268159288683157,0,0,0,0,0,0,0,0,0,0,0,0
event=trace_row ordinal=7018 kind=5 ns=268159288723116 fields=513,6,6,0,0,0,0,0,0,0,16,0,0,0,0,0
event=trace_row ordinal=7019 kind=4 ns=268159289511501 fields=385,8,39,20,39,68,0,0,52,0,16,0,0,0,0,0
event=trace_row ordinal=7020 kind=4 ns=268159289685920 fields=641,5,3,0,0,0,0,0,0,0,16,0,0,0,0,0
event=trace_row ordinal=7021 kind=0 ns=268159290692184 fields=1405,2,0,25,1,0,0,0,0,0,0,0,0,0,0,0
event=trace_row ordinal=7022 kind=1 ns=268159290692184 fields=1405,2,0,304,1800,200,1000,0,1,0,0,0,0,0,0,0
event=trace_row ordinal=7023 kind=0 ns=268159292674960 fields=1406,2,0,0,0,0,0,0,0,0,0,0,0,0,0,0
event=trace_row ordinal=7024 kind=0 ns=268159294672612 fields=1407,2,0,0,0,0,0,0,0,0,0,0,0,0,0,0
event=trace_row ordinal=7025 kind=0 ns=268159296672889 fields=1408,2,0,0,0,0,0,0,0,0,0,0,0,0,0,0
event=trace_row ordinal=7026 kind=0 ns=268159298674332 fields=1409,2,0,25,1,0,0,0,0,0,0,0,0,0,0,0
event=trace_row ordinal=7027 kind=1 ns=268159298674332 fields=1409,2,0,304,1800,200,1000,0,1,0,0,0,0,0,0,0
event=trace_row ordinal=7028 kind=0 ns=268159300674025 fields=1410,2,0,0,0,0,0,0,0,0,0,0,0,0,0,0
event=trace_row ordinal=7029 kind=0 ns=268159302672552 fields=1411,2,0,0,0,0,0,0,0,0,0,0,0,0,0,0
event=trace_row ordinal=7030 kind=0 ns=268159304674579 fields=1412,2,0,25,1,0,0,0,0,0,0,0,0,0,0,0
event=trace_row ordinal=7031 kind=1 ns=268159304674579 fields=1412,2,0,304,1800,200,1000,0,1,0,0,0,0,0,0,0
event=trace_row ordinal=7032 kind=0 ns=268159306672814 fields=1413,2,0,0,0,0,0,0,0,0,0,0,0,0,0,0
event=trace_row ordinal=7033 kind=0 ns=268159308672215 fields=1414,2,0,0,0,0,0,0,0,0,0,0,0,0,0,0
event=trace_row ordinal=7034 kind=0 ns=268159310673075 fields=1415,2,0,0,0,0,0,0,0,0,0,0,0,0,0,0
event=trace_row ordinal=7035 kind=0 ns=268159312674810 fields=1416,2,0,25,1,0,0,0,0,0,0,0,0,0,0,0
event=trace_row ordinal=7036 kind=1 ns=268159312674810 fields=1416,2,0,304,1800,200,1000,0,1,0,0,0,0,0,0,0
event=trace_row ordinal=7037 kind=0 ns=268159314673337 fields=1417,2,0,0,0,0,0,0,0,0,0,0,0,0,0,0
event=trace_row ordinal=7038 kind=0 ns=268159316672738 fields=1418,2,0,0,0,0,0,0,0,0,0,0,0,0,0,0
event=trace_row ordinal=7039 kind=0 ns=268159318674182 fields=1419,2,0,25,1,0,0,0,0,0,0,0,0,0,0,0
event=trace_row ordinal=7040 kind=1 ns=268159318674182 fields=1419,2,0,304,1800,200,1000,0,1,0,0,0,0,0,0,0
event=trace_row ordinal=7041 kind=0 ns=268159320673000 fields=1420,2,0,0,0,0,0,0,0,0,0,0,0,0,0,0
event=trace_row ordinal=7042 kind=0 ns=268159322671818 fields=1421,2,0,0,0,0,0,0,0,0,0,0,0,0,0,0
event=trace_row ordinal=7043 kind=0 ns=268159324672387 fields=1422,2,0,0,0,0,0,0,0,0,0,0,0,0,0,0
event=trace_row ordinal=7044 kind=0 ns=268159326674122 fields=1423,2,0,25,1,0,0,0,0,0,0,0,0,0,0,0
event=trace_row ordinal=7045 kind=1 ns=268159326674122 fields=1423,2,0,304,1800,200,1000,0,1,0,0,0,0,0,0,0
event=trace_row ordinal=7046 kind=0 ns=268159328672940 fields=1424,2,0,0,0,0,0,0,0,0,0,0,0,0,0,0
event=trace_row ordinal=7047 kind=0 ns=268159330672925 fields=1425,2,0,0,0,0,0,0,0,0,0,0,0,0,0,0
event=trace_row ordinal=7048 kind=0 ns=268159332673493 fields=1426,2,0,25,1,0,0,0,0,0,0,0,0,0,0,0
event=trace_row ordinal=7049 kind=1 ns=268159332673493 fields=1426,2,0,304,1800,200,1000,0,1,0,0,0,0,0,0,0
event=trace_row ordinal=7050 kind=0 ns=268159334672312 fields=1427,2,0,0,0,0,0,0,0,0,0,0,0,0,0,0
event=trace_row ordinal=7051 kind=0 ns=268159336674047 fields=1428,2,0,0,0,0,0,0,0,0,0,0,0,0,0,0
event=trace_row ordinal=7052 kind=0 ns=268159338672865 fields=1429,2,0,0,0,0,0,0,0,0,0,0,0,0,0,0
event=trace_row ordinal=7053 kind=4 ns=268159339385125 fields=385,8,33,20,33,20,0,0,21,0,16,0,0,0,0,0
event=trace_row ordinal=7054 kind=4 ns=268159339528918 fields=641,5,3,0,0,0,0,0,0,0,16,0,0,0,0,0
event=trace_row ordinal=7055 kind=0 ns=268159340675767 fields=1430,2,0,25,1,0,0,0,0,0,0,0,0,0,0,0
event=trace_row ordinal=7056 kind=1 ns=268159340675767 fields=1430,2,0,304,1800,200,1000,0,1,0,0,0,0,0,0,0
event=trace_row ordinal=7057 kind=0 ns=268159342673127 fields=1431,2,0,0,0,0,0,0,0,0,0,0,0,0,0,0
event=trace_row ordinal=7058 kind=0 ns=268159344672237 fields=1432,2,0,0,0,0,0,0,0,0,0,0,0,0,0,0
event=trace_row ordinal=7059 kind=0 ns=268159346673388 fields=1433,2,0,25,1,0,0,0,0,0,0,0,0,0,0,0
event=trace_row ordinal=7060 kind=1 ns=268159346673388 fields=1433,2,0,304,1800,200,1000,0,1,0,0,0,0,0,0,0
event=trace_row ordinal=7061 kind=0 ns=268159348672790 fields=1434,2,0,0,0,0,0,0,0,0,0,0,0,0,0,0
event=trace_row ordinal=7062 kind=0 ns=268159350673358 fields=1435,2,0,0,0,0,0,0,0,0,0,0,0,0,0,0
event=trace_row ordinal=7063 kind=0 ns=268159352672760 fields=1436,2,0,0,0,0,0,0,0,0,0,0,0,0,0,0
event=trace_row ordinal=7064 kind=0 ns=268159354673912 fields=1437,2,0,25,1,0,0,0,0,0,0,0,0,0,0,0
event=trace_row ordinal=7065 kind=1 ns=268159354673912 fields=1437,2,0,304,1800,200,1000,0,1,0,0,0,0,0,0,0
event=trace_row ordinal=7066 kind=0 ns=268159356672730 fields=1438,2,0,0,0,0,0,0,0,0,0,0,0,0,0,0
event=trace_row ordinal=7067 kind=0 ns=268159357993123 fields=1439,2,0,0,0,0,0,0,0,0,0,0,0,0,0,0
event=trace_row ordinal=7068 kind=4 ns=268159358006248 fields=1793,1,5,0,0,0,0,0,0,0,16,0,0,0,0,0
event=trace_row ordinal=7069 kind=0 ns=268159359672853 fields=1440,2,0,0,0,0,0,0,0,0,0,0,0,0,0,0
event=trace_row ordinal=7070 kind=0 ns=268159361675172 fields=1441,2,0,25,1,0,0,0,0,0,0,0,0,0,0,0
event=trace_row ordinal=7071 kind=1 ns=268159361675172 fields=1441,2,0,304,1800,200,1000,0,1,0,0,0,0,0,0,0
event=trace_row ordinal=7072 kind=0 ns=268159363673115 fields=1442,2,0,0,0,0,0,0,0,0,0,0,0,0,0,0
event=trace_row ordinal=7073 kind=0 ns=268159365672225 fields=1443,2,0,0,0,0,0,0,0,0,0,0,0,0,0,0
event=trace_row ordinal=7074 kind=0 ns=268159367673668 fields=1444,2,0,25,1,0,0,0,0,0,0,0,0,0,0,0
event=trace_row ordinal=7075 kind=1 ns=268159367673668 fields=1444,2,0,304,1800,200,1000,0,1,0,0,0,0,0,0,0
event=trace_row ordinal=7076 kind=0 ns=268159369671903 fields=1445,2,0,0,0,0,0,0,0,0,0,0,0,0,0,0
event=trace_row ordinal=7077 kind=0 ns=268159371674805 fields=1446,2,0,0,0,0,0,0,0,0,0,0,0,0,0,0
event=trace_row ordinal=7078 kind=0 ns=268159373673040 fields=1447,2,0,0,0,0,0,0,0,0,0,0,0,0,0,0
event=trace_row ordinal=7079 kind=0 ns=268159375674192 fields=1448,2,0,25,1,0,0,0,0,0,0,0,0,0,0,0
event=trace_row ordinal=7080 kind=1 ns=268159375674192 fields=1448,2,0,304,1800,200,1000,0,1,0,0,0,0,0,0,0
event=trace_row ordinal=7081 kind=0 ns=268159377672718 fields=1449,2,0,0,0,0,0,0,0,0,0,0,0,0,0,0
event=trace_row ordinal=7082 kind=0 ns=268159379672412 fields=1450,2,0,0,0,0,0,0,0,0,0,0,0,0,0,0
event=trace_row ordinal=7083 kind=0 ns=268159381673855 fields=1451,2,0,25,1,0,0,0,0,0,0,0,0,0,0,0
event=trace_row ordinal=7084 kind=1 ns=268159381673855 fields=1451,2,0,304,1800,200,1000,0,1,0,0,0,0,0,0,0
event=trace_row ordinal=7085 kind=0 ns=268159383672673 fields=1452,2,0,0,0,0,0,0,0,0,0,0,0,0,0,0
event=trace_row ordinal=7086 kind=0 ns=268159385672658 fields=1453,2,0,0,0,0,0,0,0,0,0,0,0,0,0,0
event=trace_row ordinal=7087 kind=0 ns=268159387672643 fields=1454,2,0,0,0,0,0,0,0,0,0,0,0,0,0,0
event=trace_row ordinal=7088 kind=0 ns=268159389368416 fields=1455,2,0,25,1,0,0,0,0,0,0,0,0,0,0,0
event=trace_row ordinal=7089 kind=1 ns=268159389368416 fields=1455,2,0,304,1800,200,1000,0,1,0,0,0,0,0,0,0
event=trace_row ordinal=7090 kind=4 ns=268159389387374 fields=385,8,33,20,33,20,0,0,246,255,16,0,0,0,0,0
event=trace_row ordinal=7091 kind=4 ns=268159389471959 fields=641,5,3,0,0,0,0,0,0,0,16,0,0,0,0,0
event=trace_row ordinal=7092 kind=0 ns=268159390673642 fields=1456,2,0,0,0,0,0,0,0,0,0,0,0,0,0,0
event=trace_row ordinal=7093 kind=0 ns=268159392673335 fields=1457,2,0,0,0,0,0,0,0,0,0,0,0,0,0,0
event=trace_row ordinal=7094 kind=0 ns=268159394672737 fields=1458,2,0,0,0,0,0,0,0,0,0,0,0,0,0,0
event=trace_row ordinal=7095 kind=0 ns=268159396674763 fields=1459,2,0,25,1,0,0,0,0,0,0,0,0,0,0,0
event=trace_row ordinal=7096 kind=1 ns=268159396674763 fields=1459,2,0,304,1800,200,1000,0,1,0,0,0,0,0,0,0
event=trace_row ordinal=7097 kind=0 ns=268159398672707 fields=1460,2,0,0,0,0,0,0,0,0,0,0,0,0,0,0
event=trace_row ordinal=7098 kind=0 ns=268159400672692 fields=1461,2,0,0,0,0,0,0,0,0,0,0,0,0,0,0
event=trace_row ordinal=7099 kind=0 ns=268159402673260 fields=1462,2,0,25,1,0,0,0,0,0,0,0,0,0,0,0
event=trace_row ordinal=7100 kind=1 ns=268159402673260 fields=1462,2,0,304,1800,200,1000,0,1,0,0,0,0,0,0,0
event=trace_row ordinal=7101 kind=0 ns=268159404672953 fields=1463,2,0,0,0,0,0,0,0,0,0,0,0,0,0,0
event=trace_row ordinal=7102 kind=0 ns=268159406672938 fields=1464,2,0,0,0,0,0,0,0,0,0,0,0,0,0,0
event=trace_row ordinal=7103 kind=0 ns=268159408672048 fields=1465,2,0,0,0,0,0,0,0,0,0,0,0,0,0,0
event=trace_row ordinal=7104 kind=0 ns=268159410673783 fields=1466,2,0,25,1,0,0,0,0,0,0,0,0,0,0,0
event=trace_row ordinal=7105 kind=1 ns=268159410673783 fields=1466,2,0,304,1800,200,1000,0,1,0,0,0,0,0,0,0
event=trace_row ordinal=7106 kind=0 ns=268159412671727 fields=1467,2,0,0,0,0,0,0,0,0,0,0,0,0,0,0
event=trace_row ordinal=7107 kind=0 ns=268159414672878 fields=1468,2,0,0,0,0,0,0,0,0,0,0,0,0,0,0
event=trace_row ordinal=7108 kind=0 ns=268159416674322 fields=1469,2,0,25,1,0,0,0,0,0,0,0,0,0,0,0
event=trace_row ordinal=7109 kind=1 ns=268159416674322 fields=1469,2,0,304,1800,200,1000,0,1,0,0,0,0,0,0,0
event=trace_row ordinal=7110 kind=0 ns=268159418672848 fields=1470,2,0,0,0,0,0,0,0,0,0,0,0,0,0,0
event=trace_row ordinal=7111 kind=0 ns=268159420672833 fields=1471,2,0,0,0,0,0,0,0,0,0,0,0,0,0,0
event=trace_row ordinal=7112 kind=0 ns=268159422672526 fields=1472,2,0,0,0,0,0,0,0,0,0,0,0,0,0,0
event=trace_row ordinal=7113 kind=0 ns=268159424673678 fields=1473,2,0,25,1,0,0,0,0,0,0,0,0,0,0,0
event=trace_row ordinal=7114 kind=1 ns=268159424673678 fields=1473,2,0,304,1800,200,1000,0,1,0,0,0,0,0,0,0
event=trace_row ordinal=7115 kind=0 ns=268159426672788 fields=1474,2,0,0,0,0,0,0,0,0,0,0,0,0,0,0
event=trace_row ordinal=7116 kind=0 ns=268159428672773 fields=1475,2,0,0,0,0,0,0,0,0,0,0,0,0,0,0
event=trace_row ordinal=7117 kind=0 ns=268159430674508 fields=1476,2,0,25,1,0,0,0,0,0,0,0,0,0,0,0
event=trace_row ordinal=7118 kind=1 ns=268159430674508 fields=1476,2,0,304,1800,200,1000,0,1,0,0,0,0,0,0,0
event=trace_row ordinal=7119 kind=0 ns=268159432672451 fields=1477,2,0,0,0,0,0,0,0,0,0,0,0,0,0,0
event=trace_row ordinal=7120 kind=0 ns=268159434672728 fields=1478,2,0,0,0,0,0,0,0,0,0,0,0,0,0,0
event=trace_row ordinal=7121 kind=0 ns=268159436672713 fields=1479,2,0,0,0,0,0,0,0,0,0,0,0,0,0,0
event=trace_row ordinal=7122 kind=0 ns=268159438673573 fields=1480,2,0,25,1,0,0,0,0,0,0,0,0,0,0,0
event=trace_row ordinal=7123 kind=1 ns=268159438673573 fields=1480,2,0,304,1800,200,1000,0,1,0,0,0,0,0,0,0
event=trace_row ordinal=7124 kind=4 ns=268159439388458 fields=385,8,33,20,33,20,0,0,3,0,16,0,0,0,0,0
event=trace_row ordinal=7125 kind=4 ns=268159439486459 fields=641,5,3,0,0,0,0,0,0,0,16,0,0,0,0,0
event=trace_row ordinal=7126 kind=0 ns=268159440673558 fields=1481,2,0,0,0,0,0,0,0,0,0,0,0,0,0,0
event=trace_row ordinal=7127 kind=0 ns=268159442672376 fields=1482,2,0,0,0,0,0,0,0,0,0,0,0,0,0,0
event=trace_row ordinal=7128 kind=0 ns=268159444673820 fields=1483,2,0,25,1,0,0,0,0,0,0,0,0,0,0,0
event=trace_row ordinal=7129 kind=1 ns=268159444673820 fields=1483,2,0,304,1800,200,1000,0,1,0,0,0,0,0,0,0
event=trace_row ordinal=7130 kind=0 ns=268159446673221 fields=1484,2,0,0,0,0,0,0,0,0,0,0,0,0,0,0
event=trace_row ordinal=7131 kind=0 ns=268159448672623 fields=1485,2,0,0,0,0,0,0,0,0,0,0,0,0,0,0
event=trace_row ordinal=7132 kind=0 ns=268159450672608 fields=1486,2,0,0,0,0,0,0,0,0,0,0,0,0,0,0
event=trace_row ordinal=7133 kind=0 ns=268159452673468 fields=1487,2,0,25,1,0,0,0,0,0,0,0,0,0,0,0
event=trace_row ordinal=7134 kind=1 ns=268159452673468 fields=1487,2,0,304,1800,200,1000,0,1,0,0,0,0,0,0,0
event=trace_row ordinal=7135 kind=0 ns=268159454674036 fields=1488,2,0,0,0,0,0,0,0,0,0,0,0,0,0,0
event=trace_row ordinal=7136 kind=0 ns=268159456672855 fields=1489,2,0,0,0,0,0,0,0,0,0,0,0,0,0,0
event=trace_row ordinal=7137 kind=0 ns=268159458673715 fields=1490,2,0,25,1,0,0,0,0,0,0,0,0,0,0,0
event=trace_row ordinal=7138 kind=1 ns=268159458673715 fields=1490,2,0,304,1800,200,1000,0,1,0,0,0,0,0,0,0
event=trace_row ordinal=7139 kind=0 ns=268159460672825 fields=1491,2,0,0,0,0,0,0,0,0,0,0,0,0,0,0
event=trace_row ordinal=7140 kind=0 ns=268159462672810 fields=1492,2,0,0,0,0,0,0,0,0,0,0,0,0,0,0
event=trace_row ordinal=7141 kind=0 ns=268159464679503 fields=1493,2,0,0,0,0,0,0,0,0,0,0,0,0,0,0
event=trace_row ordinal=7142 kind=0 ns=268159466675696 fields=1494,2,0,25,1,0,0,0,0,0,0,0,0,0,0,0
event=trace_row ordinal=7143 kind=1 ns=268159466675696 fields=1494,2,0,304,1800,200,1000,0,1,0,0,0,0,0,0,0
event=trace_row ordinal=7144 kind=0 ns=268159468673348 fields=1495,2,0,0,0,0,0,0,0,0,0,0,0,0,0,0
event=trace_row ordinal=7145 kind=0 ns=268159470672750 fields=1496,2,0,0,0,0,0,0,0,0,0,0,0,0,0,0
event=trace_row ordinal=7146 kind=0 ns=268159472673026 fields=1497,2,0,25,1,0,0,0,0,0,0,0,0,0,0,0
event=trace_row ordinal=7147 kind=1 ns=268159472673026 fields=1497,2,0,304,1800,200,1000,0,1,0,0,0,0,0,0,0
event=trace_row ordinal=7148 kind=0 ns=268159474673595 fields=1498,2,0,0,0,0,0,0,0,0,0,0,0,0,0,0
event=trace_row ordinal=7149 kind=0 ns=268159476672705 fields=1499,2,0,0,0,0,0,0,0,0,0,0,0,0,0,0
event=trace_row ordinal=7150 kind=0 ns=268159478672398 fields=1500,2,0,0,0,0,0,0,0,0,0,0,0,0,0,0
event=trace_row ordinal=7151 kind=0 ns=268159480674133 fields=1501,2,0,25,1,0,0,0,0,0,0,0,0,0,0,0
event=trace_row ordinal=7152 kind=1 ns=268159480674133 fields=1501,2,0,304,1800,200,1000,0,1,0,0,0,0,0,0,0
event=trace_row ordinal=7153 kind=0 ns=268159482672660 fields=1502,2,0,0,0,0,0,0,0,0,0,0,0,0,0,0
event=trace_row ordinal=7154 kind=0 ns=268159484672353 fields=1503,2,0,0,0,0,0,0,0,0,0,0,0,0,0,0
event=trace_row ordinal=7155 kind=0 ns=268159486673796 fields=1504,2,0,25,1,0,0,0,0,0,0,0,0,0,0,0
event=trace_row ordinal=7156 kind=1 ns=268159486673796 fields=1504,2,0,304,1800,200,1000,0,1,0,0,0,0,0,0,0
event=trace_row ordinal=7157 kind=0 ns=268159488672615 fields=1505,2,0,0,0,0,0,0,0,0,0,0,0,0,0,0
event=trace_row ordinal=7158 kind=4 ns=268159489382541 fields=385,8,33,20,33,20,0,0,254,255,16,0,0,0,0,0
event=trace_row ordinal=7159 kind=4 ns=268159489497751 fields=641,5,3,0,0,0,0,0,0,0,16,0,0,0,0,0
event=trace_row ordinal=7160 kind=0 ns=268159490673766 fields=1506,2,0,0,0,0,0,0,0,0,0,0,0,0,0,0
event=trace_row ordinal=7161 kind=0 ns=268159492672293 fields=1507,2,0,0,0,0,0,0,0,0,0,0,0,0,0,0
event=trace_row ordinal=7162 kind=0 ns=268159494673736 fields=1508,2,0,25,1,0,0,0,0,0,0,0,0,0,0,0
event=trace_row ordinal=7163 kind=1 ns=268159494673736 fields=1508,2,0,304,1800,200,1000,0,1,0,0,0,0,0,0,0
event=trace_row ordinal=7164 kind=0 ns=268159496672846 fields=1509,2,0,0,0,0,0,0,0,0,0,0,0,0,0,0
event=trace_row ordinal=7165 kind=0 ns=268159498672831 fields=1510,2,0,0,0,0,0,0,0,0,0,0,0,0,0,0
event=trace_row ordinal=7166 kind=0 ns=268159500674566 fields=1511,2,0,25,1,0,0,0,0,0,0,0,0,0,0,0
event=trace_row ordinal=7167 kind=1 ns=268159500674566 fields=1511,2,0,304,1800,200,1000,0,1,0,0,0,0,0,0,0
event=trace_row ordinal=7168 kind=0 ns=268159502672801 fields=1512,2,0,0,0,0,0,0,0,0,0,0,0,0,0,0
event=trace_row ordinal=7169 kind=0 ns=268159504672495 fields=1513,2,0,0,0,0,0,0,0,0,0,0,0,0,0,0
event=trace_row ordinal=7170 kind=0 ns=268159506672480 fields=1514,2,0,0,0,0,0,0,0,0,0,0,0,0,0,0
event=trace_row ordinal=7171 kind=0 ns=268159508673923 fields=1515,2,0,25,1,0,0,0,0,0,0,0,0,0,0,0
event=trace_row ordinal=7172 kind=1 ns=268159508673923 fields=1515,2,0,304,1800,200,1000,0,1,0,0,0,0,0,0,0
event=trace_row ordinal=7173 kind=0 ns=268159510672741 fields=1516,2,0,0,0,0,0,0,0,0,0,0,0,0,0,0
event=trace_row ordinal=7174 kind=0 ns=268159512672435 fields=1517,2,0,0,0,0,0,0,0,0,0,0,0,0,0,0
event=trace_row ordinal=7175 kind=0 ns=268159514673586 fields=1518,2,0,25,1,0,0,0,0,0,0,0,0,0,0,0
event=trace_row ordinal=7176 kind=1 ns=268159514673586 fields=1518,2,0,304,1800,200,1000,0,1,0,0,0,0,0,0,0
event=trace_row ordinal=7177 kind=0 ns=268159516672696 fields=1519,2,0,0,0,0,0,0,0,0,0,0,0,0,0,0
event=trace_row ordinal=7178 kind=0 ns=268159518672681 fields=1520,2,0,0,0,0,0,0,0,0,0,0,0,0,0,0
event=trace_row ordinal=7179 kind=0 ns=268159520672958 fields=1521,2,0,0,0,0,0,0,0,0,0,0,0,0,0,0
event=trace_row ordinal=7180 kind=0 ns=268159522673235 fields=1522,2,0,25,1,0,0,0,0,0,0,0,0,0,0,0
event=trace_row ordinal=7181 kind=1 ns=268159522673235 fields=1522,2,0,304,1800,200,1000,0,1,0,0,0,0,0,0,0
event=trace_row ordinal=7182 kind=0 ns=268159524672636 fields=1523,2,0,0,0,0,0,0,0,0,0,0,0,0,0,0
event=trace_row ordinal=7183 kind=0 ns=268159526672621 fields=1524,2,0,0,0,0,0,0,0,0,0,0,0,0,0,0
event=trace_row ordinal=7184 kind=0 ns=268159528673481 fields=1525,2,0,25,1,0,0,0,0,0,0,0,0,0,0,0
event=trace_row ordinal=7185 kind=1 ns=268159528673481 fields=1525,2,0,304,1800,200,1000,0,1,0,0,0,0,0,0,0
event=trace_row ordinal=7186 kind=0 ns=268159530672883 fields=1526,2,0,0,0,0,0,0,0,0,0,0,0,0,0,0
event=trace_row ordinal=7187 kind=0 ns=268159532672576 fields=1527,2,0,0,0,0,0,0,0,0,0,0,0,0,0,0
event=trace_row ordinal=7188 kind=0 ns=268159534672853 fields=1528,2,0,0,0,0,0,0,0,0,0,0,0,0,0,0
event=trace_row ordinal=7189 kind=0 ns=268159536673713 fields=1529,2,0,25,1,0,0,0,0,0,0,0,0,0,0,0
event=trace_row ordinal=7190 kind=1 ns=268159536673713 fields=1529,2,0,304,1800,200,1000,0,1,0,0,0,0,0,0,0
event=trace_row ordinal=7191 kind=0 ns=268159538672823 fields=1530,2,0,0,0,0,0,0,0,0,0,0,0,0,0,0
event=trace_row ordinal=7192 kind=4 ns=268159539387999 fields=385,8,33,20,33,20,0,0,253,255,16,0,0,0,0,0
event=trace_row ordinal=7193 kind=4 ns=268159539572335 fields=641,5,3,0,0,0,0,0,0,0,16,0,0,0,0,0
event=trace_row ordinal=7194 kind=0 ns=268159540673099 fields=1531,2,0,0,0,0,0,0,0,0,0,0,0,0,0,0
event=trace_row ordinal=7195 kind=0 ns=268159542673084 fields=1532,2,0,25,1,0,0,0,0,0,0,0,0,0,0,0
event=trace_row ordinal=7196 kind=1 ns=268159542673084 fields=1532,2,0,304,1800,200,1000,0,1,0,0,0,0,0,0,0
event=trace_row ordinal=7197 kind=0 ns=268159544673653 fields=1533,2,0,0,0,0,0,0,0,0,0,0,0,0,0,0
event=trace_row ordinal=7198 kind=0 ns=268159546673054 fields=1534,2,0,0,0,0,0,0,0,0,0,0,0,0,0,0
event=trace_row ordinal=7199 kind=0 ns=268159548672748 fields=1535,2,0,0,0,0,0,0,0,0,0,0,0,0,0,0
event=trace_row ordinal=7200 kind=0 ns=268159550673899 fields=1536,2,0,25,1,0,0,0,0,0,0,0,0,0,0,0
event=trace_row ordinal=7201 kind=1 ns=268159550673899 fields=1536,2,0,304,1800,200,1000,0,1,0,0,0,0,0,0,0
event=trace_row ordinal=7202 kind=0 ns=268159552672426 fields=1537,2,0,0,0,0,0,0,0,0,0,0,0,0,0,0
event=trace_row ordinal=7203 kind=0 ns=268159554672703 fields=1538,2,0,0,0,0,0,0,0,0,0,0,0,0,0,0
event=trace_row ordinal=7204 kind=0 ns=268159556673854 fields=1539,2,0,25,1,0,0,0,0,0,0,0,0,0,0,0
event=trace_row ordinal=7205 kind=1 ns=268159556673854 fields=1539,2,0,304,1800,200,1000,0,1,0,0,0,0,0,0,0
event=trace_row ordinal=7206 kind=0 ns=268159558672673 fields=1540,2,0,0,0,0,0,0,0,0,0,0,0,0,0,0
event=trace_row ordinal=7207 kind=0 ns=268159560672658 fields=1541,2,0,0,0,0,0,0,0,0,0,0,0,0,0,0
event=trace_row ordinal=7208 kind=0 ns=268159562672351 fields=1542,2,0,0,0,0,0,0,0,0,0,0,0,0,0,0
event=trace_row ordinal=7209 kind=0 ns=268159564675544 fields=1543,2,0,25,1,0,0,0,0,0,0,0,0,0,0,0
event=trace_row ordinal=7210 kind=1 ns=268159564675544 fields=1543,2,0,304,1800,200,1000,0,1,0,0,0,0,0,0,0
event=trace_row ordinal=7211 kind=0 ns=268159566674363 fields=1544,2,0,0,0,0,0,0,0,0,0,0,0,0,0,0
event=trace_row ordinal=7212 kind=0 ns=268159568672598 fields=1545,2,0,0,0,0,0,0,0,0,0,0,0,0,0,0
event=trace_row ordinal=7213 kind=0 ns=268159570673458 fields=1546,2,0,25,1,0,0,0,0,0,0,0,0,0,0,0
event=trace_row ordinal=7214 kind=1 ns=268159570673458 fields=1546,2,0,304,1800,200,1000,0,1,0,0,0,0,0,0,0
event=trace_row ordinal=7215 kind=0 ns=268159572672859 fields=1547,2,0,0,0,0,0,0,0,0,0,0,0,0,0,0
event=trace_row ordinal=7216 kind=0 ns=268159574672261 fields=1548,2,0,0,0,0,0,0,0,0,0,0,0,0,0,0
event=trace_row ordinal=7217 kind=0 ns=268159576672246 fields=1549,2,0,0,0,0,0,0,0,0,0,0,0,0,0,0
event=trace_row ordinal=7218 kind=0 ns=268159578674273 fields=1550,2,0,25,1,0,0,0,0,0,0,0,0,0,0,0
event=trace_row ordinal=7219 kind=1 ns=268159578674273 fields=1550,2,0,304,1800,200,1000,0,1,0,0,0,0,0,0,0
event=trace_row ordinal=7220 kind=0 ns=268159580676299 fields=1551,2,0,0,0,0,0,0,0,0,0,0,0,0,0,0
event=trace_row ordinal=7221 kind=0 ns=268159582674243 fields=1552,2,0,0,0,0,0,0,0,0,0,0,0,0,0,0
event=trace_row ordinal=7222 kind=0 ns=268159584673644 fields=1553,2,0,25,1,0,0,0,0,0,0,0,0,0,0,0
event=trace_row ordinal=7223 kind=1 ns=268159584673644 fields=1553,2,0,304,1800,200,1000,0,1,0,0,0,0,0,0,0
event=trace_row ordinal=7224 kind=0 ns=268159586672754 fields=1554,2,0,0,0,0,0,0,0,0,0,0,0,0,0,0
event=trace_row ordinal=7225 kind=0 ns=268159588672739 fields=1555,2,0,0,0,0,0,0,0,0,0,0,0,0,0,0
event=trace_row ordinal=7226 kind=4 ns=268159589424666 fields=385,8,33,20,33,20,0,0,255,255,16,0,0,0,0,0
event=trace_row ordinal=7227 kind=4 ns=268159589585085 fields=641,5,3,0,0,0,0,0,0,0,16,0,0,0,0,0
event=trace_row ordinal=7228 kind=0 ns=268159590673599 fields=1556,2,0,0,0,0,0,0,0,0,0,0,0,0,0,0
event=trace_row ordinal=7229 kind=0 ns=268159592673584 fields=1557,2,0,25,1,0,0,0,0,0,0,0,0,0,0,0
event=trace_row ordinal=7230 kind=1 ns=268159592673584 fields=1557,2,0,304,1800,200,1000,0,1,0,0,0,0,0,0,0
event=trace_row ordinal=7231 kind=0 ns=268159594672986 fields=1558,2,0,0,0,0,0,0,0,0,0,0,0,0,0,0
event=trace_row ordinal=7232 kind=0 ns=268159596672388 fields=1559,2,0,0,0,0,0,0,0,0,0,0,0,0,0,0
event=trace_row ordinal=7233 kind=0 ns=268159598673831 fields=1560,2,0,25,1,0,0,0,0,0,0,0,0,0,0,0
event=trace_row ordinal=7234 kind=1 ns=268159598673831 fields=1560,2,0,304,1800,200,1000,0,1,0,0,0,0,0,0,0
event=trace_row ordinal=7235 kind=0 ns=268159600672941 fields=1561,2,0,0,0,0,0,0,0,0,0,0,0,0,0,0
event=trace_row ordinal=7236 kind=0 ns=268159602672343 fields=1562,2,0,0,0,0,0,0,0,0,0,0,0,0,0,0
event=trace_row ordinal=7237 kind=0 ns=268159604672328 fields=1563,2,0,0,0,0,0,0,0,0,0,0,0,0,0,0
event=trace_row ordinal=7238 kind=0 ns=268159606673771 fields=1564,2,0,25,1,0,0,0,0,0,0,0,0,0,0,0
event=trace_row ordinal=7239 kind=1 ns=268159606673771 fields=1564,2,0,304,1800,200,1000,0,1,0,0,0,0,0,0,0
event=trace_row ordinal=7240 kind=4 ns=268159607544116 fields=1793,1,5,0,0,0,0,0,0,0,16,0,0,0,0,0
event=trace_row ordinal=7241 kind=0 ns=268159608672881 fields=1565,2,0,0,0,0,0,0,0,0,0,0,0,0,0,0
event=trace_row ordinal=7242 kind=0 ns=268159610673158 fields=1566,2,0,0,0,0,0,0,0,0,0,0,0,0,0,0
event=trace_row ordinal=7243 kind=0 ns=268159612674018 fields=1567,2,0,25,1,0,0,0,0,0,0,0,0,0,0,0
event=trace_row ordinal=7244 kind=1 ns=268159612674018 fields=1567,2,0,304,1800,200,1000,0,1,0,0,0,0,0,0,0
event=trace_row ordinal=7245 kind=0 ns=268159614672253 fields=1568,2,0,0,0,0,0,0,0,0,0,0,0,0,0,0
event=trace_row ordinal=7246 kind=0 ns=268159616672238 fields=1569,2,0,0,0,0,0,0,0,0,0,0,0,0,0,0
event=trace_row ordinal=7247 kind=0 ns=268159618671931 fields=1570,2,0,0,0,0,0,0,0,0,0,0,0,0,0,0
event=trace_row ordinal=7248 kind=0 ns=268159620674541 fields=1571,2,0,25,1,0,0,0,0,0,0,0,0,0,0,0
event=trace_row ordinal=7249 kind=1 ns=268159620674541 fields=1571,2,0,304,1800,200,1000,0,1,0,0,0,0,0,0,0
event=trace_row ordinal=7250 kind=0 ns=268159622672776 fields=1572,2,0,0,0,0,0,0,0,0,0,0,0,0,0,0
event=trace_row ordinal=7251 kind=0 ns=268159624672761 fields=1573,2,0,0,0,0,0,0,0,0,0,0,0,0,0,0
event=trace_row ordinal=7252 kind=0 ns=268159626674204 fields=1574,2,0,25,1,0,0,0,0,0,0,0,0,0,0,0
event=trace_row ordinal=7253 kind=1 ns=268159626674204 fields=1574,2,0,304,1800,200,1000,0,1,0,0,0,0,0,0,0
event=trace_row ordinal=7254 kind=0 ns=268159628672731 fields=1575,2,0,0,0,0,0,0,0,0,0,0,0,0,0,0
event=trace_row ordinal=7255 kind=0 ns=268159630672716 fields=1576,2,0,0,0,0,0,0,0,0,0,0,0,0,0,0
event=trace_row ordinal=7256 kind=0 ns=268159632672409 fields=1577,2,0,0,0,0,0,0,0,0,0,0,0,0,0,0
event=trace_row ordinal=7257 kind=0 ns=268159634673853 fields=1578,2,0,25,1,0,0,0,0,0,0,0,0,0,0,0
event=trace_row ordinal=7258 kind=1 ns=268159634673853 fields=1578,2,0,304,1800,200,1000,0,1,0,0,0,0,0,0,0
event=trace_row ordinal=7259 kind=0 ns=268159636672671 fields=1579,2,0,0,0,0,0,0,0,0,0,0,0,0,0,0
event=trace_row ordinal=7260 kind=0 ns=268159638672364 fields=1580,2,0,0,0,0,0,0,0,0,0,0,0,0,0,0
event=trace_row ordinal=7261 kind=4 ns=268159639403582 fields=385,8,33,20,33,20,0,0,0,0,16,0,0,0,0,0
event=trace_row ordinal=7262 kind=4 ns=268159639596376 fields=641,5,3,0,0,0,0,0,0,0,16,0,0,0,0,0
event=trace_row ordinal=7263 kind=0 ns=268159640674099 fields=1581,2,0,25,1,0,0,0,0,0,0,0,0,0,0,0
event=trace_row ordinal=7264 kind=1 ns=268159640674099 fields=1581,2,0,304,1800,200,1000,0,1,0,0,0,0,0,0,0
event=trace_row ordinal=7265 kind=0 ns=268159642672918 fields=1582,2,0,0,0,0,0,0,0,0,0,0,0,0,0,0
event=trace_row ordinal=7266 kind=0 ns=268159644672611 fields=1583,2,0,0,0,0,0,0,0,0,0,0,0,0,0,0
event=trace_row ordinal=7267 kind=0 ns=268159646673179 fields=1584,2,0,0,0,0,0,0,0,0,0,0,0,0,0,0
event=trace_row ordinal=7268 kind=0 ns=268159648673747 fields=1585,2,0,25,1,0,0,0,0,0,0,0,0,0,0,0
event=trace_row ordinal=7269 kind=1 ns=268159648673747 fields=1585,2,0,304,1800,200,1000,0,1,0,0,0,0,0,0,0
event=trace_row ordinal=7270 kind=0 ns=268159650672857 fields=1586,2,0,0,0,0,0,0,0,0,0,0,0,0,0,0
event=trace_row ordinal=7271 kind=0 ns=268159652672551 fields=1587,2,0,0,0,0,0,0,0,0,0,0,0,0,0,0
event=trace_row ordinal=7272 kind=0 ns=268159654673702 fields=1588,2,0,25,1,0,0,0,0,0,0,0,0,0,0,0
event=trace_row ordinal=7273 kind=1 ns=268159654673702 fields=1588,2,0,304,1800,200,1000,0,1,0,0,0,0,0,0,0
event=trace_row ordinal=7274 kind=0 ns=268159656672812 fields=1589,2,0,0,0,0,0,0,0,0,0,0,0,0,0,0
event=trace_row ordinal=7275 kind=0 ns=268159658672797 fields=1590,2,0,0,0,0,0,0,0,0,0,0,0,0,0,0
event=trace_row ordinal=7276 kind=0 ns=268159660673366 fields=1591,2,0,0,0,0,0,0,0,0,0,0,0,0,0,0
event=trace_row ordinal=7277 kind=0 ns=268159662673642 fields=1592,2,0,25,1,0,0,0,0,0,0,0,0,0,0,0
event=trace_row ordinal=7278 kind=1 ns=268159662673642 fields=1592,2,0,304,1800,200,1000,0,1,0,0,0,0,0,0,0
event=trace_row ordinal=7279 kind=0 ns=268159664672752 fields=1593,2,0,0,0,0,0,0,0,0,0,0,0,0,0,0
event=trace_row ordinal=7280 kind=0 ns=268159666672737 fields=1594,2,0,0,0,0,0,0,0,0,0,0,0,0,0,0
event=trace_row ordinal=7281 kind=0 ns=268159668673014 fields=1595,2,0,25,1,0,0,0,0,0,0,0,0,0,0,0
event=trace_row ordinal=7282 kind=1 ns=268159668673014 fields=1595,2,0,304,1800,200,1000,0,1,0,0,0,0,0,0,0
event=trace_row ordinal=7283 kind=0 ns=268159670673582 fields=1596,2,0,0,0,0,0,0,0,0,0,0,0,0,0,0
event=trace_row ordinal=7284 kind=0 ns=268159672672401 fields=1597,2,0,0,0,0,0,0,0,0,0,0,0,0,0,0
event=trace_row ordinal=7285 kind=0 ns=268159674672677 fields=1598,2,0,0,0,0,0,0,0,0,0,0,0,0,0,0
event=trace_row ordinal=7286 kind=0 ns=268159676673537 fields=1599,2,0,25,1,0,0,0,0,0,0,0,0,0,0,0
event=trace_row ordinal=7287 kind=1 ns=268159676673537 fields=1599,2,0,304,1800,200,1000,0,1,0,0,0,0,0,0,0
event=trace_row ordinal=7288 kind=0 ns=268159678672356 fields=1600,2,0,0,0,0,0,0,0,0,0,0,0,0,0,0
event=trace_row ordinal=7289 kind=0 ns=268159680672632 fields=1601,2,0,0,0,0,0,0,0,0,0,0,0,0,0,0
event=trace_row ordinal=7290 kind=0 ns=268159682672909 fields=1602,2,0,25,1,0,0,0,0,0,0,0,0,0,0,0
event=trace_row ordinal=7291 kind=1 ns=268159682672909 fields=1602,2,0,304,1800,200,1000,0,1,0,0,0,0,0,0,0
event=trace_row ordinal=7292 kind=0 ns=268159684673186 fields=1603,2,0,0,0,0,0,0,0,0,0,0,0,0,0,0
event=trace_row ordinal=7293 kind=0 ns=268159686672879 fields=1604,2,0,0,0,0,0,0,0,0,0,0,0,0,0,0
event=trace_row ordinal=7294 kind=0 ns=268159688673447 fields=1605,2,0,0,0,0,0,0,0,0,0,0,0,0,0,0
event=trace_row ordinal=7295 kind=4 ns=268159689419541 fields=385,8,33,20,33,20,0,0,0,0,16,0,0,0,0,0
event=trace_row ordinal=7296 kind=4 ns=268159689546709 fields=641,5,3,0,0,0,0,0,0,0,16,0,0,0,0,0
event=trace_row ordinal=7297 kind=0 ns=268159690674599 fields=1606,2,0,25,1,0,0,0,0,0,0,0,0,0,0,0
event=trace_row ordinal=7298 kind=1 ns=268159690674599 fields=1606,2,0,304,1800,200,1000,0,1,0,0,0,0,0,0,0
event=trace_row ordinal=7299 kind=0 ns=268159692672834 fields=1607,2,0,0,0,0,0,0,0,0,0,0,0,0,0,0
event=trace_row ordinal=7300 kind=0 ns=268159694672236 fields=1608,2,0,0,0,0,0,0,0,0,0,0,0,0,0,0
event=trace_row ordinal=7301 kind=0 ns=268159696673679 fields=1609,2,0,25,1,0,0,0,0,0,0,0,0,0,0,0
event=trace_row ordinal=7302 kind=1 ns=268159696673679 fields=1609,2,0,304,1800,200,1000,0,1,0,0,0,0,0,0,0
event=trace_row ordinal=7303 kind=0 ns=268159698672497 fields=1610,2,0,0,0,0,0,0,0,0,0,0,0,0,0,0
event=trace_row ordinal=7304 kind=0 ns=268159700673357 fields=1611,2,0,0,0,0,0,0,0,0,0,0,0,0,0,0
event=trace_row ordinal=7305 kind=0 ns=268159702672759 fields=1612,2,0,0,0,0,0,0,0,0,0,0,0,0,0,0
event=trace_row ordinal=7306 kind=0 ns=268159704673911 fields=1613,2,0,25,1,0,0,0,0,0,0,0,0,0,0,0
event=trace_row ordinal=7307 kind=1 ns=268159704673911 fields=1613,2,0,304,1800,200,1000,0,1,0,0,0,0,0,0,0
event=trace_row ordinal=7308 kind=0 ns=268159706673896 fields=1614,2,0,0,0,0,0,0,0,0,0,0,0,0,0,0
event=trace_row ordinal=7309 kind=0 ns=268159708672714 fields=1615,2,0,0,0,0,0,0,0,0,0,0,0,0,0,0
event=trace_row ordinal=7310 kind=0 ns=268159710674449 fields=1616,2,0,25,1,0,0,0,0,0,0,0,0,0,0,0
event=trace_row ordinal=7311 kind=1 ns=268159710674449 fields=1616,2,0,304,1800,200,1000,0,1,0,0,0,0,0,0,0
event=trace_row ordinal=7312 kind=0 ns=268159712672684 fields=1617,2,0,0,0,0,0,0,0,0,0,0,0,0,0,0
event=trace_row ordinal=7313 kind=0 ns=268159714672086 fields=1618,2,0,0,0,0,0,0,0,0,0,0,0,0,0,0
event=trace_row ordinal=7314 kind=0 ns=268159716672946 fields=1619,2,0,0,0,0,0,0,0,0,0,0,0,0,0,0
event=trace_row ordinal=7315 kind=0 ns=268159718673806 fields=1620,2,0,25,1,0,0,0,0,0,0,0,0,0,0,0
event=trace_row ordinal=7316 kind=1 ns=268159718673806 fields=1620,2,0,304,1800,200,1000,0,1,0,0,0,0,0,0,0
event=trace_row ordinal=7317 kind=0 ns=268159720673207 fields=1621,2,0,0,0,0,0,0,0,0,0,0,0,0,0,0
event=trace_row ordinal=7318 kind=0 ns=268159722672609 fields=1622,2,0,0,0,0,0,0,0,0,0,0,0,0,0,0
event=trace_row ordinal=7319 kind=0 ns=268159724673177 fields=1623,2,0,25,1,0,0,0,0,0,0,0,0,0,0,0
event=trace_row ordinal=7320 kind=1 ns=268159724673177 fields=1623,2,0,304,1800,200,1000,0,1,0,0,0,0,0,0,0
event=trace_row ordinal=7321 kind=0 ns=268159726673162 fields=1624,2,0,0,0,0,0,0,0,0,0,0,0,0,0,0
event=trace_row ordinal=7322 kind=0 ns=268159728672856 fields=1625,2,0,0,0,0,0,0,0,0,0,0,0,0,0,0
event=trace_row ordinal=7323 kind=0 ns=268159730672841 fields=1626,2,0,0,0,0,0,0,0,0,0,0,0,0,0,0
event=trace_row ordinal=7324 kind=0 ns=268159732675159 fields=1627,2,0,25,1,0,0,0,0,0,0,0,0,0,0,0
event=trace_row ordinal=7325 kind=1 ns=268159732675159 fields=1627,2,0,304,1800,200,1000,0,1,0,0,0,0,0,0,0
event=trace_row ordinal=7326 kind=0 ns=268159734672519 fields=1628,2,0,0,0,0,0,0,0,0,0,0,0,0,0,0
event=trace_row ordinal=7327 kind=0 ns=268159736672796 fields=1629,2,0,0,0,0,0,0,0,0,0,0,0,0,0,0
event=trace_row ordinal=7328 kind=0 ns=268159738673364 fields=1630,2,0,25,1,0,0,0,0,0,0,0,0,0,0,0
event=trace_row ordinal=7329 kind=1 ns=268159738673364 fields=1630,2,0,304,1800,200,1000,0,1,0,0,0,0,0,0,0
event=trace_row ordinal=7330 kind=4 ns=268159739467874 fields=385,8,33,20,33,20,0,0,0,0,16,0,0,0,0,0
event=trace_row ordinal=7331 kind=4 ns=268159739621585 fields=641,5,3,0,0,0,0,0,0,0,16,0,0,0,0,0
event=trace_row ordinal=7332 kind=0 ns=268159740675391 fields=1631,2,0,0,0,0,0,0,0,0,0,0,0,0,0,0
event=trace_row ordinal=7333 kind=0 ns=268159742672751 fields=1632,2,0,0,0,0,0,0,0,0,0,0,0,0,0,0
event=trace_row ordinal=7334 kind=0 ns=268159744673027 fields=1633,2,0,0,0,0,0,0,0,0,0,0,0,0,0,0
event=trace_row ordinal=7335 kind=0 ns=268159746675346 fields=1634,2,0,25,1,0,0,0,0,0,0,0,0,0,0,0
event=trace_row ordinal=7336 kind=1 ns=268159746675346 fields=1634,2,0,304,1800,200,1000,0,1,0,0,0,0,0,0,0
event=trace_row ordinal=7337 kind=0 ns=268159748672122 fields=1635,2,0,0,0,0,0,0,0,0,0,0,0,0,0,0
event=trace_row ordinal=7338 kind=0 ns=268159750673857 fields=1636,2,0,0,0,0,0,0,0,0,0,0,0,0,0,0
event=trace_row ordinal=7339 kind=0 ns=268159752674717 fields=1637,2,0,25,1,0,0,0,0,0,0,0,0,0,0,0
event=trace_row ordinal=7340 kind=1 ns=268159752674717 fields=1637,2,0,304,1800,200,1000,0,1,0,0,0,0,0,0,0
event=trace_row ordinal=7341 kind=0 ns=268159754672952 fields=1638,2,0,0,0,0,0,0,0,0,0,0,0,0,0,0
event=trace_row ordinal=7342 kind=0 ns=268159756672645 fields=1639,2,0,0,0,0,0,0,0,0,0,0,0,0,0,0
event=trace_row ordinal=7343 kind=0 ns=268159758672047 fields=1640,2,0,0,0,0,0,0,0,0,0,0,0,0,0,0
event=trace_row ordinal=7344 kind=0 ns=268159760673782 fields=1641,2,0,25,1,0,0,0,0,0,0,0,0,0,0,0
event=trace_row ordinal=7345 kind=1 ns=268159760673782 fields=1641,2,0,304,1800,200,1000,0,1,0,0,0,0,0,0,0
event=trace_row ordinal=7346 kind=0 ns=268159762672309 fields=1642,2,0,0,0,0,0,0,0,0,0,0,0,0,0,0
event=trace_row ordinal=7347 kind=0 ns=268159764672585 fields=1643,2,0,0,0,0,0,0,0,0,0,0,0,0,0,0
event=trace_row ordinal=7348 kind=0 ns=268159766674612 fields=1644,2,0,25,1,0,0,0,0,0,0,0,0,0,0,0
event=trace_row ordinal=7349 kind=1 ns=268159766674612 fields=1644,2,0,304,1800,200,1000,0,1,0,0,0,0,0,0,0
event=trace_row ordinal=7350 kind=0 ns=268159768673139 fields=1645,2,0,0,0,0,0,0,0,0,0,0,0,0,0,0
event=trace_row ordinal=7351 kind=0 ns=268159770673124 fields=1646,2,0,0,0,0,0,0,0,0,0,0,0,0,0,0
event=trace_row ordinal=7352 kind=0 ns=268159772672817 fields=1647,2,0,0,0,0,0,0,0,0,0,0,0,0,0,0
event=trace_row ordinal=7353 kind=0 ns=268159774676302 fields=1648,2,0,25,1,0,0,0,0,0,0,0,0,0,0,0
event=trace_row ordinal=7354 kind=1 ns=268159774676302 fields=1648,2,0,304,1800,200,1000,0,1,0,0,0,0,0,0,0
event=trace_row ordinal=7355 kind=0 ns=268159776673079 fields=1649,2,0,0,0,0,0,0,0,0,0,0,0,0,0,0
event=trace_row ordinal=7356 kind=0 ns=268159778673064 fields=1650,2,0,0,0,0,0,0,0,0,0,0,0,0,0,0
event=trace_row ordinal=7357 kind=0 ns=268159780675090 fields=1651,2,0,25,1,0,0,0,0,0,0,0,0,0,0,0
event=trace_row ordinal=7358 kind=1 ns=268159780675090 fields=1651,2,0,304,1800,200,1000,0,1,0,0,0,0,0,0,0
event=trace_row ordinal=7359 kind=0 ns=268159782672742 fields=1652,2,0,0,0,0,0,0,0,0,0,0,0,0,0,0
event=trace_row ordinal=7360 kind=0 ns=268159784672144 fields=1653,2,0,0,0,0,0,0,0,0,0,0,0,0,0,0
event=trace_row ordinal=7361 kind=0 ns=268159786672129 fields=1654,2,0,0,0,0,0,0,0,0,0,0,0,0,0,0
event=trace_row ordinal=7362 kind=0 ns=268159788675614 fields=1655,2,0,25,1,0,0,0,0,0,0,0,0,0,0,0
event=trace_row ordinal=7363 kind=1 ns=268159788675614 fields=1655,2,0,304,1800,200,1000,0,1,0,0,0,0,0,0,0
event=trace_row ordinal=7364 kind=4 ns=268159789487333 fields=385,8,33,20,33,20,0,0,0,0,16,0,0,0,0,0
event=trace_row ordinal=7365 kind=4 ns=268159789634043 fields=641,5,3,0,0,0,0,0,0,0,16,0,0,0,0,0
event=trace_row ordinal=7366 kind=0 ns=268159790681141 fields=1656,2,0,0,0,0,0,0,0,0,0,0,0,0,0,0
event=trace_row ordinal=7367 kind=0 ns=268159792673250 fields=1657,2,0,0,0,0,0,0,0,0,0,0,0,0,0,0
event=trace_row ordinal=7368 kind=0 ns=268159794676735 fields=1658,2,0,25,1,0,0,0,0,0,0,0,0,0,0,0
event=trace_row ordinal=7369 kind=1 ns=268159794676735 fields=1658,2,0,304,1800,200,1000,0,1,0,0,0,0,0,0,0
event=trace_row ordinal=7370 kind=0 ns=268159796672929 fields=1659,2,0,0,0,0,0,0,0,0,0,0,0,0,0,0
event=trace_row ordinal=7371 kind=0 ns=268159798672622 fields=1660,2,0,0,0,0,0,0,0,0,0,0,0,0,0,0
event=trace_row ordinal=7372 kind=0 ns=268159800672899 fields=1661,2,0,0,0,0,0,0,0,0,0,0,0,0,0,0
event=trace_row ordinal=7373 kind=0 ns=268159802674050 fields=1662,2,0,25,1,0,0,0,0,0,0,0,0,0,0,0
event=trace_row ordinal=7374 kind=1 ns=268159802674050 fields=1662,2,0,304,1800,200,1000,0,1,0,0,0,0,0,0,0
event=trace_row ordinal=7375 kind=0 ns=268159804672869 fields=1663,2,0,0,0,0,0,0,0,0,0,0,0,0,0,0
event=trace_row ordinal=7376 kind=0 ns=268159806672854 fields=1664,2,0,0,0,0,0,0,0,0,0,0,0,0,0,0
event=trace_row ordinal=7377 kind=0 ns=268159808674005 fields=1665,2,0,25,1,0,0,0,0,0,0,0,0,0,0,0
event=trace_row ordinal=7378 kind=1 ns=268159808674005 fields=1665,2,0,304,1800,200,1000,0,1,0,0,0,0,0,0,0
event=trace_row ordinal=7379 kind=0 ns=268159810673115 fields=1666,2,0,0,0,0,0,0,0,0,0,0,0,0,0,0
event=trace_row ordinal=7380 kind=0 ns=268159812673100 fields=1667,2,0,0,0,0,0,0,0,0,0,0,0,0,0,0
event=trace_row ordinal=7381 kind=0 ns=268159814673377 fields=1668,2,0,0,0,0,0,0,0,0,0,0,0,0,0,0
event=trace_row ordinal=7382 kind=0 ns=268159816674529 fields=1669,2,0,25,1,0,0,0,0,0,0,0,0,0,0,0
event=trace_row ordinal=7383 kind=1 ns=268159816674529 fields=1669,2,0,304,1800,200,1000,0,1,0,0,0,0,0,0,0
event=trace_row ordinal=7384 kind=0 ns=268159818672764 fields=1670,2,0,0,0,0,0,0,0,0,0,0,0,0,0,0
event=trace_row ordinal=7385 kind=0 ns=268159820672749 fields=1671,2,0,0,0,0,0,0,0,0,0,0,0,0,0,0
event=trace_row ordinal=7386 kind=0 ns=268159822673900 fields=1672,2,0,25,1,0,0,0,0,0,0,0,0,0,0,0
event=trace_row ordinal=7387 kind=1 ns=268159822673900 fields=1672,2,0,304,1800,200,1000,0,1,0,0,0,0,0,0,0
event=trace_row ordinal=7388 kind=0 ns=268159824673594 fields=1673,2,0,0,0,0,0,0,0,0,0,0,0,0,0,0
event=trace_row ordinal=7389 kind=0 ns=268159826672704 fields=1674,2,0,0,0,0,0,0,0,0,0,0,0,0,0,0
event=trace_row ordinal=7390 kind=0 ns=268159828672980 fields=1675,2,0,0,0,0,0,0,0,0,0,0,0,0,0,0
event=trace_row ordinal=7391 kind=0 ns=268159830674424 fields=1676,2,0,25,1,0,0,0,0,0,0,0,0,0,0,0
event=trace_row ordinal=7392 kind=1 ns=268159830674424 fields=1676,2,0,304,1800,200,1000,0,1,0,0,0,0,0,0,0
event=trace_row ordinal=7393 kind=0 ns=268159832672659 fields=1677,2,0,0,0,0,0,0,0,0,0,0,0,0,0,0
event=trace_row ordinal=7394 kind=0 ns=268159834672352 fields=1678,2,0,0,0,0,0,0,0,0,0,0,0,0,0,0
event=trace_row ordinal=7395 kind=0 ns=268159836674962 fields=1679,2,0,25,1,0,0,0,0,0,0,0,0,0,0,0
event=trace_row ordinal=7396 kind=1 ns=268159836674962 fields=1679,2,0,304,1800,200,1000,0,1,0,0,0,0,0,0,0
event=trace_row ordinal=7397 kind=0 ns=268159838672614 fields=1680,2,0,0,0,0,0,0,0,0,0,0,0,0,0,0
event=trace_row ordinal=7398 kind=4 ns=268159839488999 fields=385,8,33,20,33,20,0,0,0,0,16,0,0,0,0,0
event=trace_row ordinal=7399 kind=4 ns=268159839584667 fields=641,5,3,0,0,0,0,0,0,0,16,0,0,0,0,0
event=trace_row ordinal=7400 kind=0 ns=268159840673182 fields=1681,2,0,0,0,0,0,0,0,0,0,0,0,0,0,0
event=trace_row ordinal=7401 kind=5 ns=268159840757766 fields=1537,8,35,255,96,1,0,0,0,0,16,0,0,0,0,0
event=trace_row ordinal=7402 kind=4 ns=268159841396817 fields=1409,8,96,255,96,1,0,0,0,0,16,0,0,0,0,0
event=trace_row ordinal=7403 kind=5 ns=268159842680167 fields=1537,8,64,255,96,1,0,0,0,0,16,0,0,0,0,0
event=trace_row ordinal=7404 kind=4 ns=268159843323009 fields=1409,8,67,255,96,1,0,0,0,0,16,0,0,0,0,0
event=trace_row ordinal=7405 kind=5 ns=268159844682485 fields=1537,8,35,255,96,2,0,0,0,0,16,0,0,0,0,0
event=trace_row ordinal=7406 kind=4 ns=268159845321536 fields=1409,8,96,255,96,2,0,0,0,0,16,0,0,0,0,0
event=trace_row ordinal=7407 kind=5 ns=268159846675470 fields=1537,8,64,255,96,2,0,0,0,0,16,0,0,0,0,0
event=trace_row ordinal=7408 kind=4 ns=268159847321229 fields=1409,8,67,255,96,2,0,0,0,0,16,0,0,0,0,0
event=trace_row ordinal=7409 kind=5 ns=268159848678664 fields=1537,8,43,64,96,0,0,0,0,0,16,0,0,0,0,0
event=trace_row ordinal=7410 kind=4 ns=268159849253255 fields=1409,8,96,64,96,0,0,0,0,0,16,0,0,0,0,0
event=trace_row ordinal=7411 kind=5 ns=268159850675149 fields=1537,8,64,64,96,0,0,0,0,0,16,0,0,0,0,0
event=trace_row ordinal=7412 kind=4 ns=268159851309532 fields=1409,8,75,64,96,0,0,0,0,0,16,0,0,0,0,0
event=trace_row ordinal=7413 kind=5 ns=268159852678925 fields=1537,8,64,65,96,0,0,0,0,0,16,0,0,0,0,0
event=trace_row ordinal=7414 kind=4 ns=268159853295225 fields=1409,8,67,65,96,0,96,20,96,20,16,0,0,0,0,0
event=trace_row ordinal=7415 kind=5 ns=268159854684160 fields=1537,8,64,108,96,1,0,0,0,0,16,0,0,0,0,0
event=trace_row ordinal=7416 kind=4 ns=268159855354711 fields=1409,8,67,108,96,1,0,0,0,0,16,0,0,0,0,0
event=trace_row ordinal=7417 kind=5 ns=268159856676854 fields=1537,8,64,108,96,2,0,0,0,0,16,0,0,0,0,0
event=trace_row ordinal=7418 kind=4 ns=268159857110859 fields=1793,1,5,0,0,0,0,0,0,0,16,0,0,0,0,0
event=trace_row ordinal=7419 kind=4 ns=268159857350613 fields=1409,8,67,108,96,2,0,0,0,0,16,0,0,0,0,0
event=trace_row ordinal=7420 kind=5 ns=268159858675964 fields=1537,8,64,108,96,3,0,0,0,0,16,0,0,0,0,0
event=trace_row ordinal=7421 kind=4 ns=268159859286138 fields=1409,8,67,108,96,3,0,0,0,0,16,0,0,0,0,0
event=trace_row ordinal=7422 kind=5 ns=268159860680032 fields=0,2,128,1,0,0,0,0,0,0,16,0,0,0,0,0
event=trace_row ordinal=7423 kind=4 ns=268160106627142 fields=1793,1,127,0,0,0,0,0,0,0,16,0,0,0,0,0
event=trace_row ordinal=7424 kind=5 ns=268160107696698 fields=1537,8,35,0,20,1,1,2,0,128,16,0,0,0,0,0
event=trace_row ordinal=7425 kind=4 ns=268160108353540 fields=1409,8,96,0,20,1,0,0,0,0,16,0,0,0,0,0
event=trace_row ordinal=7426 kind=5 ns=268160109678308 fields=1537,8,64,0,20,1,0,0,0,0,16,0,0,0,0,0
event=trace_row ordinal=7427 kind=4 ns=268160110341275 fields=1409,8,67,0,20,1,1,2,0,128,16,0,0,0,0,0
event=trace_row ordinal=7428 kind=5 ns=268160111679751 fields=1537,8,47,0,22,0,0,0,0,0,16,0,0,0,0,0
event=trace_row ordinal=7429 kind=4 ns=268160112346218 fields=1409,8,96,0,22,0,0,0,0,0,16,0,0,0,0,0
event=trace_row ordinal=7430 kind=5 ns=268160113675361 fields=1537,8,64,0,22,0,0,0,0,0,16,0,0,0,0,0
event=trace_row ordinal=7431 kind=4 ns=268160114335411 fields=1409,8,79,0,22,0,0,0,0,0,16,0,0,0,0,0
event=trace_row ordinal=7432 kind=5 ns=268160115676221 fields=1537,8,35,0,22,1,16,0,64,96,16,0,0,0,0,0
event=trace_row ordinal=7433 kind=4 ns=268160116276770 fields=1409,8,96,0,22,1,0,0,0,0,16,0,0,0,0,0
event=trace_row ordinal=7434 kind=5 ns=268160117674747 fields=1537,8,64,0,22,1,0,0,0,0,16,0,0,0,0,0
event=trace_row ordinal=7435 kind=4 ns=268160118321381 fields=1409,8,67,0,22,1,16,0,64,96,16,0,0,0,0,0
event=trace_row ordinal=7436 kind=5 ns=268160119676191 fields=1537,8,35,0,22,2,8,0,96,96,16,0,0,0,0,0
event=trace_row ordinal=7437 kind=4 ns=268160120325449 fields=1409,8,96,0,22,2,0,0,0,0,16,0,0,0,0,0
event=trace_row ordinal=7438 kind=5 ns=268160121674717 fields=1537,8,64,0,22,2,0,0,0,0,16,0,0,0,0,0
event=trace_row ordinal=7439 kind=4 ns=268160122314059 fields=1409,8,67,0,22,2,8,0,96,96,16,0,0,0,0,0
event=trace_row ordinal=7440 kind=5 ns=268160123677036 fields=1537,8,47,0,22,0,2,0,0,0,16,0,0,0,0,0
event=trace_row ordinal=7441 kind=4 ns=268160124317544 fields=1409,8,96,0,22,0,0,0,0,0,16,0,0,0,0,0
event=trace_row ordinal=7442 kind=5 ns=268160125674979 fields=1537,8,64,0,22,0,0,0,0,0,16,0,0,0,0,0
event=trace_row ordinal=7443 kind=4 ns=268160126313154 fields=1409,8,79,0,22,0,2,0,0,0,16,0,0,0,0,0
event=trace_row ordinal=7444 kind=5 ns=268160127676422 fields=1537,8,35,0,20,1,1,2,0,0,16,0,0,0,0,0
event=trace_row ordinal=7445 kind=4 ns=268160128306722 fields=1409,8,96,0,20,1,0,0,0,0,16,0,0,0,0,0
event=trace_row ordinal=7446 kind=5 ns=268160129674657 fields=1537,8,64,0,20,1,0,0,0,0,16,0,0,0,0,0
event=trace_row ordinal=7447 kind=4 ns=268160130295040 fields=1409,8,67,0,20,1,1,2,0,0,16,0,0,0,0,0
event=trace_row ordinal=7448 kind=5 ns=268160131681351 fields=1537,8,35,1,24,1,129,2,0,128,16,0,0,0,0,0
event=trace_row ordinal=7449 kind=4 ns=268160132299984 fields=1409,8,96,1,24,1,0,0,0,0,16,0,0,0,0,0
event=trace_row ordinal=7450 kind=5 ns=268160133675210 fields=1537,8,64,1,24,1,0,0,0,0,16,0,0,0,0,0
event=trace_row ordinal=7451 kind=4 ns=268160134293844 fields=1409,8,67,1,24,1,129,2,0,128,16,0,0,0,0,0
event=trace_row ordinal=7452 kind=5 ns=268160135677237 fields=1537,8,47,1,26,0,0,0,0,0,16,0,0,0,0,0
event=trace_row ordinal=7453 kind=4 ns=268160136352163 fields=1409,8,96,1,26,0,0,0,0,0,16,0,0,0,0,0
event=trace_row ordinal=7454 kind=5 ns=268160137674597 fields=1537,8,64,1,26,0,0,0,0,0,16,0,0,0,0,0
event=trace_row ordinal=7455 kind=4 ns=268160138343398 fields=1409,8,79,1,26,0,0,0,0,0,16,0,0,0,0,0
event=trace_row ordinal=7456 kind=5 ns=268160139677499 fields=1537,8,35,1,26,1,0,0,0,0,16,0,0,0,0,0
event=trace_row ordinal=7457 kind=4 ns=268160140339883 fields=1409,8,96,1,26,1,0,0,0,0,16,0,0,0,0,0
event=trace_row ordinal=7458 kind=5 ns=268160141674859 fields=1537,8,64,1,26,1,0,0,0,0,16,0,0,0,0,0
event=trace_row ordinal=7459 kind=4 ns=268160142330534 fields=1409,8,67,1,26,1,0,0,0,0,16,0,0,0,0,0
event=trace_row ordinal=7460 kind=5 ns=268160143677760 fields=1537,8,35,1,26,2,0,0,0,0,16,0,0,0,0,0
event=trace_row ordinal=7461 kind=4 ns=268160144329936 fields=1409,8,96,1,26,2,0,0,0,0,16,0,0,0,0,0
event=trace_row ordinal=7462 kind=5 ns=268160145674829 fields=1537,8,64,1,26,2,0,0,0,0,16,0,0,0,0,0
event=trace_row ordinal=7463 kind=4 ns=268160146322629 fields=1409,8,67,1,26,2,0,0,0,0,16,0,0,0,0,0
event=trace_row ordinal=7464 kind=5 ns=268160147677147 fields=1537,8,47,1,26,0,0,0,0,0,16,0,0,0,0,0
event=trace_row ordinal=7465 kind=4 ns=268160148321739 fields=1409,8,96,1,26,0,0,0,0,0,16,0,0,0,0,0
event=trace_row ordinal=7466 kind=5 ns=268160149674507 fields=1537,8,64,1,26,0,0,0,0,0,16,0,0,0,0,0
event=trace_row ordinal=7467 kind=4 ns=268160150317640 fields=1409,8,79,1,26,0,0,0,0,0,16,0,0,0,0,0
event=trace_row ordinal=7468 kind=5 ns=268160151677117 fields=1537,8,43,1,24,5,0,0,0,0,16,0,0,0,0,0
event=trace_row ordinal=7469 kind=4 ns=268160152312084 fields=1409,8,96,1,24,5,0,0,0,0,16,0,0,0,0,0
event=trace_row ordinal=7470 kind=5 ns=268160153675060 fields=1537,8,64,1,24,5,0,0,0,0,16,0,0,0,0,0
event=trace_row ordinal=7471 kind=4 ns=268160154304777 fields=1409,8,75,1,24,5,0,0,0,0,16,0,0,0,0,0
event=trace_row ordinal=7472 kind=5 ns=268160155677962 fields=1537,8,35,1,24,1,129,2,0,0,16,0,0,0,0,0
event=trace_row ordinal=7473 kind=4 ns=268160156244969 fields=1409,8,96,1,24,1,0,0,0,0,16,0,0,0,0,0
event=trace_row ordinal=7474 kind=5 ns=268160157673863 fields=1537,8,64,1,24,1,0,0,0,0,16,0,0,0,0,0
event=trace_row ordinal=7475 kind=4 ns=268160158295705 fields=1409,8,67,1,24,1,129,2,0,0,16,0,0,0,0,0
event=trace_row ordinal=7476 kind=5 ns=268160159677057 fields=1537,8,43,0,32,0,0,0,0,0,16,0,0,0,0,0
event=trace_row ordinal=7477 kind=4 ns=268160160359274 fields=1409,8,96,0,32,0,0,0,0,0,16,0,0,0,0,0
event=trace_row ordinal=7478 kind=5 ns=268160161675000 fields=1537,8,64,0,32,0,0,0,0,0,16,0,0,0,0,0
event=trace_row ordinal=7479 kind=4 ns=268160162354301 fields=1409,8,75,0,32,0,0,0,0,0,16,0,0,0,0,0
event=trace_row ordinal=7480 kind=5 ns=268160163677902 fields=1537,8,43,23,16,0,0,0,0,0,16,0,0,0,0,0
event=trace_row ordinal=7481 kind=4 ns=268160164351077 fields=1409,8,96,23,16,0,0,0,0,0,16,0,0,0,0,0
event=trace_row ordinal=7482 kind=5 ns=268160165674678 fields=1537,8,64,23,16,0,0,0,0,0,16,0,0,0,0,0
event=trace_row ordinal=7483 kind=4 ns=268160166343770 fields=1409,8,75,23,16,0,0,0,0,0,16,0,0,0,0,0
event=trace_end count=7484
