 (1789615967.375972)  can0  601   [8]  40 41 60 00 00 00 00 00
 (1789615967.376324)  can0  581   [8]  43 41 60 00 00 14 00 14
 (1789615967.377453)  can0  601   [8]  40 60 60 00 00 00 00 00
 (1789615967.377819)  can0  581   [8]  4F 60 60 00 03 00 00 00
 (1789615967.379338)  can0  601   [8]  40 61 60 00 00 00 00 00
 (1789615967.379692)  can0  581   [8]  4F 61 60 00 03 00 00 00
 (1789615967.381343)  can0  601   [8]  40 3F 60 00 00 00 00 00
 (1789615967.381691)  can0  581   [8]  43 3F 60 00 00 00 00 00
 (1789615967.383339)  can0  601   [8]  40 FF 60 01 00 00 00 00
 (1789615967.383688)  can0  581   [8]  43 FF 60 01 00 00 00 00
 (1789615967.385339)  can0  601   [8]  40 FF 60 02 00 00 00 00
 (1789615967.385630)  can0  581   [8]  43 FF 60 02 00 00 00 00
 (1789615967.387341)  can0  601   [8]  40 6C 60 01 00 00 00 00
 (1789615967.387674)  can0  581   [8]  43 6C 60 01 00 00 00 00
 (1789615967.389336)  can0  601   [8]  40 6C 60 02 00 00 00 00
 (1789615967.389613)  can0  581   [8]  43 6C 60 02 00 00 00 00
 (1789615967.391337)  can0  601   [8]  40 6C 60 03 00 00 00 00
 (1789615967.391665)  can0  581   [8]  43 6C 60 03 00 00 00 00
 (1789615967.393341)  can0  601   [8]  40 0F 20 00 00 00 00 00
 (1789615967.393665)  can0  581   [8]  4B 0F 20 00 01 00 00 00
 (1789615967.395339)  can0  601   [8]  40 00 20 00 00 00 00 00
 (1789615967.395663)  can0  581   [8]  4B 00 20 00 00 00 00 00
 (1789615967.397336)  can0  601   [8]  40 17 10 00 00 00 00 00
 (1789615967.397598)  can0  581   [8]  4B 17 10 00 00 00 00 00
 (1789615967.399283)  can0  601   [8]  40 00 14 01 00 00 00 00
 (1789615967.399595)  can0  581   [8]  43 00 14 01 01 02 00 00
 (1789615967.401341)  can0  601   [8]  40 00 14 02 00 00 00 00
 (1789615967.401702)  can0  581   [8]  4F 00 14 02 FF 00 00 00
 (1789615967.403339)  can0  601   [8]  40 00 14 05 00 00 00 00
 (1789615967.403700)  can0  581   [8]  4B 00 14 05 E8 03 00 00
 (1789615967.405340)  can0  601   [8]  40 00 16 00 00 00 00 00
 (1789615967.405701)  can0  581   [8]  4F 00 16 00 02 00 00 00
 (1789615967.407340)  can0  601   [8]  40 00 16 01 00 00 00 00
 (1789615967.407688)  can0  581   [8]  43 00 16 01 10 00 40 60
 (1789615967.409336)  can0  601   [8]  40 00 16 02 00 00 00 00
 (1789615967.409630)  can0  581   [8]  43 00 16 02 08 00 60 60
 (1789615967.411342)  can0  601   [8]  40 00 18 01 00 00 00 00
 (1789615967.411627)  can0  581   [8]  43 00 18 01 81 01 00 00
 (1789615967.413281)  can0  601   [8]  40 00 18 02 00 00 00 00
 (1789615967.413679)  can0  581   [8]  4F 00 18 02 FF 00 00 00
 (1789615967.415336)  can0  601   [8]  40 00 18 05 00 00 00 00
 (1789615967.415675)  can0  581   [8]  4B 00 18 05 64 00 00 00
 (1789615967.417340)  can0  601   [8]  40 00 1A 00 00 00 00 00
 (1789615967.417676)  can0  581   [8]  4F 00 1A 00 02 00 00 00
 (1789615967.419337)  can0  601   [8]  40 00 1A 01 00 00 00 00
 (1789615967.419606)  can0  581   [8]  43 00 1A 01 20 00 41 60
 (1789615967.421341)  can0  601   [8]  40 00 1A 02 00 00 00 00
 (1789615967.421658)  can0  581   [8]  43 00 1A 02 20 03 6C 60
 (1789615967.423336)  can0  601   [8]  40 01 18 01 00 00 00 00
 (1789615967.423656)  can0  581   [8]  43 01 18 01 81 02 00 00
 (1789615967.425280)  can0  601   [8]  40 01 18 02 00 00 00 00
 (1789615967.425595)  can0  581   [8]  4F 01 18 02 FF 00 00 00
 (1789615967.427337)  can0  601   [8]  40 01 18 05 00 00 00 00
 (1789615967.427645)  can0  581   [8]  4B 01 18 05 00 00 00 00
 (1789615967.429340)  can0  601   [8]  40 01 1A 00 00 00 00 00
 (1789615967.429648)  can0  581   [8]  4F 01 1A 00 00 00 00 00
 (1789615967.431340)  can0  601   [8]  40 01 1A 01 00 00 00 00
 (1789615967.431700)  can0  581   [8]  43 01 1A 01 00 00 00 00
 (1789615967.433337)  can0  601   [8]  40 01 1A 02 00 00 00 00
 (1789615967.433695)  can0  581   [8]  43 01 1A 02 00 00 00 00
 (1789615967.435348)  can0  601   [8]  2B 17 10 00 F4 01 00 00
 (1789615967.435747)  can0  581   [8]  60 17 10 00 00 00 00 00
 (1789615967.437332)  can0  601   [8]  40 17 10 00 00 00 00 00
 (1789615967.437628)  can0  581   [8]  4B 17 10 00 F4 01 00 00
 (1789615967.685136)  can0  701   [1]  7F
 (1789615967.687256)  can0  000   [2]  80 01
 (1789615967.934697)  can0  701   [1]  7F
 (1789615967.936389)  can0  601   [8]  2B 00 20 00 E8 03 00 00
 (1789615967.936756)  can0  581   [8]  60 00 20 00 00 00 00 00
 (1789615967.938342)  can0  601   [8]  40 00 20 00 00 00 00 00
 (1789615967.938681)  can0  581   [8]  4B 00 20 00 E8 03 00 00
 (1789615967.940292)  can0  601   [8]  23 00 14 01 01 02 00 80
 (1789615967.940681)  can0  581   [8]  60 00 14 01 00 00 00 00
 (1789615967.942334)  can0  601   [8]  40 00 14 01 00 00 00 00
 (1789615967.942675)  can0  581   [8]  43 00 14 01 01 02 00 80
 (1789615967.944340)  can0  601   [8]  2F 00 16 00 00 00 00 00
 (1789615967.944674)  can0  581   [8]  60 00 16 00 00 00 00 00
 (1789615967.946335)  can0  601   [8]  40 00 16 00 00 00 00 00
 (1789615967.946609)  can0  581   [8]  4F 00 16 00 00 00 00 00
 (1789615967.948331)  can0  601   [8]  23 00 16 01 10 00 40 60
 (1789615967.948666)  can0  581   [8]  60 00 16 01 00 00 00 00
 (1789615967.950331)  can0  601   [8]  40 00 16 01 00 00 00 00
 (1789615967.950651)  can0  581   [8]  43 00 16 01 10 00 40 60
 (1789615967.952333)  can0  601   [8]  23 00 16 02 20 03 FF 60
 (1789615967.952656)  can0  581   [8]  60 00 16 02 00 00 00 00
 (1789615967.954330)  can0  601   [8]  40 00 16 02 00 00 00 00
 (1789615967.954648)  can0  581   [8]  43 00 16 02 20 03 FF 60
 (1789615967.956338)  can0  601   [8]  2F 00 16 00 02 00 00 00
 (1789615967.956650)  can0  581   [8]  60 00 16 00 00 00 00 00
 (1789615967.958334)  can0  601   [8]  40 00 16 00 00 00 00 00
 (1789615967.958645)  can0  581   [8]  4F 00 16 00 02 00 00 00
 (1789615967.960335)  can0  601   [8]  23 00 14 01 01 02 00 00
 (1789615967.960696)  can0  581   [8]  60 00 14 01 00 00 00 00
 (1789615967.962332)  can0  601   [8]  40 00 14 01 00 00 00 00
 (1789615967.962689)  can0  581   [8]  43 00 14 01 01 02 00 00
 (1789615967.964447)  can0  601   [8]  23 01 18 01 81 02 00 80
 (1789615967.964815)  can0  581   [8]  60 01 18 01 00 00 00 00
 (1789615967.966331)  can0  601   [8]  40 01 18 01 00 00 00 00
 (1789615967.966677)  can0  581   [8]  43 01 18 01 81 02 00 80
 (1789615967.968288)  can0  601   [8]  2F 01 1A 00 00 00 00 00
 (1789615967.968682)  can0  581   [8]  60 01 1A 00 00 00 00 00
 (1789615967.970330)  can0  601   [8]  40 01 1A 00 00 00 00 00
 (1789615967.970617)  can0  581   [8]  4F 01 1A 00 00 00 00 00
 (1789615967.972275)  can0  601   [8]  23 01 1A 01 08 00 61 60
 (1789615967.972611)  can0  581   [8]  60 01 1A 01 00 00 00 00
 (1789615967.974331)  can0  601   [8]  40 01 1A 01 00 00 00 00
 (1789615967.974658)  can0  581   [8]  43 01 1A 01 08 00 61 60
 (1789615967.976334)  can0  601   [8]  23 01 1A 02 20 00 3F 60
 (1789615967.976603)  can0  581   [8]  60 01 1A 02 00 00 00 00
 (1789615967.978328)  can0  601   [8]  40 01 1A 02 00 00 00 00
 (1789615967.978649)  can0  581   [8]  43 01 1A 02 20 00 3F 60
 (1789615967.980306)  can0  601   [8]  2F 01 1A 00 02 00 00 00
 (1789615967.980652)  can0  581   [8]  60 01 1A 00 00 00 00 00
 (1789615967.982331)  can0  601   [8]  40 01 1A 00 00 00 00 00
 (1789615967.982646)  can0  581   [8]  4F 01 1A 00 02 00 00 00
 (1789615967.984289)  can0  601   [8]  2B 01 18 05 64 00 00 00
 (1789615967.984649)  can0  581   [8]  60 01 18 05 00 00 00 00
 (1789615967.986273)  can0  601   [8]  40 01 18 05 00 00 00 00
 (1789615967.986632)  can0  581   [8]  4B 01 18 05 64 00 00 00
 (1789615967.988337)  can0  601   [8]  23 01 18 01 81 02 00 00
 (1789615967.988697)  can0  581   [8]  60 01 18 01 00 00 00 00
 (1789615967.990330)  can0  601   [8]  40 01 18 01 00 00 00 00
 (1789615967.990687)  can0  581   [8]  43 01 18 01 81 02 00 00
 (1789615967.992228)  can0  000   [2]  01 01
 (1789615967.992621)  can0  181   [8]  00 14 00 14 00 00 00 00
 (1789615967.992758)  can0  281   [5]  03 00 00 00 00
 (1789615967.992857)  can0  381   [0] 
 (1789615967.992955)  can0  481   [0] 
 (1789615968.042585)  can0  181   [8]  00 14 00 14 00 00 00 00
 (1789615968.042710)  can0  281   [5]  03 00 00 00 00
 (1789615968.092596)  can0  181   [8]  00 14 00 14 00 00 00 00
 (1789615968.092720)  can0  281   [5]  03 00 00 00 00
 (1789615968.142623)  can0  181   [8]  00 14 00 14 00 00 00 00
 (1789615968.142734)  can0  281   [5]  03 00 00 00 00
 (1789615968.184196)  can0  701   [1]  05
 (1789615968.186393)  can0  601   [8]  23 FF 60 01 00 00 00 00
 (1789615968.186694)  can0  581   [8]  60 FF 60 01 00 00 00 00
 (1789615968.188341)  can0  601   [8]  40 FF 60 01 00 00 00 00
 (1789615968.188681)  can0  581   [8]  43 FF 60 01 00 00 00 00
 (1789615968.190365)  can0  601   [8]  23 FF 60 02 00 00 00 00
 (1789615968.190735)  can0  581   [8]  60 FF 60 02 00 00 00 00
 (1789615968.192298)  can0  601   [8]  40 FF 60 02 00 00 00 00
 (1789615968.192675)  can0  581   [8]  43 FF 60 02 00 00 00 00
 (1789615968.192861)  can0  181   [8]  00 14 00 14 00 00 00 00
 (1789615968.193053)  can0  281   [5]  03 00 00 00 00
 (1789615968.193344)  can0  601   [8]  2B 40 60 00 06 00 00 00
 (1789615968.193735)  can0  581   [8]  60 40 60 00 00 00 00 00
 (1789615968.195345)  can0  601   [8]  40 40 60 00 00 00 00 00
 (1789615968.195667)  can0  581   [8]  4B 40 60 00 06 00 00 00
 (1789615968.242743)  can0  181   [8]  21 14 21 14 00 00 00 00
 (1789615968.242878)  can0  281   [5]  03 00 00 00 00
 (1789615968.244360)  can0  601   [8]  40 00 14 01 00 00 00 00
 (1789615968.244675)  can0  581   [8]  43 00 14 01 01 02 00 00
 (1789615968.246363)  can0  601   [8]  40 00 14 02 00 00 00 00
 (1789615968.246674)  can0  581   [8]  4F 00 14 02 FF 00 00 00
 (1789615968.248294)  can0  601   [8]  40 00 16 00 00 00 00 00
 (1789615968.248673)  can0  581   [8]  4F 00 16 00 02 00 00 00
 (1789615968.250340)  can0  601   [8]  40 00 16 01 00 00 00 00
 (1789615968.250659)  can0  581   [8]  43 00 16 01 10 00 40 60
 (1789615968.252342)  can0  601   [8]  40 00 16 02 00 00 00 00
 (1789615968.252660)  can0  581   [8]  43 00 16 02 20 03 FF 60
 (1789615968.254348)  can0  601   [8]  40 00 18 01 00 00 00 00
 (1789615968.254660)  can0  581   [8]  43 00 18 01 81 01 00 00
 (1789615968.256287)  can0  601   [8]  40 00 18 02 00 00 00 00
 (1789615968.256599)  can0  581   [8]  4F 00 18 02 FF 00 00 00
 (1789615968.258343)  can0  601   [8]  40 00 1A 00 00 00 00 00
 (1789615968.258715)  can0  581   [8]  4F 00 1A 00 02 00 00 00
 (1789615968.260342)  can0  601   [8]  40 00 1A 01 00 00 00 00
 (1789615968.260699)  can0  581   [8]  43 00 1A 01 20 00 41 60
 (1789615968.262291)  can0  601   [8]  40 00 1A 02 00 00 00 00
 (1789615968.262694)  can0  581   [8]  43 00 1A 02 20 03 6C 60
 (1789615968.264344)  can0  601   [8]  40 01 18 01 00 00 00 00
 (1789615968.264695)  can0  581   [8]  43 01 18 01 81 02 00 00
 (1789615968.266340)  can0  601   [8]  40 01 18 02 00 00 00 00
 (1789615968.266636)  can0  581   [8]  4F 01 18 02 FF 00 00 00
 (1789615968.268346)  can0  601   [8]  40 01 1A 00 00 00 00 00
 (1789615968.268631)  can0  581   [8]  4F 01 1A 00 02 00 00 00
 (1789615968.270345)  can0  601   [8]  40 01 1A 01 00 00 00 00
 (1789615968.270675)  can0  581   [8]  43 01 1A 01 08 00 61 60
 (1789615968.272350)  can0  601   [8]  40 01 1A 02 00 00 00 00
 (1789615968.272673)  can0  581   [8]  43 01 1A 02 20 00 3F 60
 (1789615968.274347)  can0  601   [8]  40 0F 20 00 00 00 00 00
 (1789615968.274673)  can0  581   [8]  4B 0F 20 00 01 00 00 00
 (1789615968.292756)  can0  181   [8]  21 14 21 14 00 00 00 00
 (1789615968.292889)  can0  281   [5]  03 00 00 00 00
 (1789615968.308333)  can0  201   [6]  02 00 00 00 00 00
 (1789615968.319380)  can0  201   [6]  02 00 00 00 00 00
 (1789615968.329357)  can0  201   [6]  02 00 00 00 00 00
 (1789615968.339301)  can0  201   [6]  02 00 00 00 00 00
 (1789615968.342773)  can0  181   [8]  60 14 60 14 00 00 00 00
 (1789615968.342961)  can0  281   [5]  03 00 00 00 00
 (1789615968.349434)  can0  201   [6]  02 00 00 00 00 00
 (1789615968.359363)  can0  201   [6]  02 00 00 00 00 00
 (1789615968.369361)  can0  201   [6]  02 00 00 00 00 00
 (1789615968.379354)  can0  201   [6]  02 00 00 00 00 00
 (1789615968.389355)  can0  201   [6]  02 00 00 00 00 00
 (1789615968.392780)  can0  181   [8]  60 14 60 14 00 00 00 00
 (1789615968.392971)  can0  281   [5]  03 00 00 00 00
 (1789615968.399353)  can0  201   [6]  02 00 00 00 00 00
 (1789615968.409296)  can0  201   [6]  02 00 00 00 00 00
 (1789615968.419357)  can0  201   [6]  02 00 00 00 00 00
 (1789615968.429353)  can0  201   [6]  02 00 00 00 00 00
 (1789615968.433752)  can0  701   [1]  05
 (1789615968.439358)  can0  201   [6]  02 00 00 00 00 00
 (1789615968.442794)  can0  181   [8]  60 14 60 14 00 00 00 00
 (1789615968.442926)  can0  281   [5]  03 00 00 00 00
 (1789615968.449354)  can0  201   [6]  02 00 00 00 00 00
 (1789615968.459357)  can0  201   [6]  02 00 00 00 00 00
 (1789615968.469353)  can0  201   [6]  02 00 00 00 00 00
 (1789615968.479296)  can0  201   [6]  02 00 00 00 00 00
 (1789615968.489372)  can0  201   [6]  02 00 00 00 00 00
 (1789615968.492803)  can0  181   [8]  60 14 60 14 00 00 00 00
 (1789615968.492994)  can0  281   [5]  03 00 00 00 00
 (1789615968.499363)  can0  201   [6]  02 00 00 00 00 00
 (1789615968.509423)  can0  201   [6]  02 00 00 00 00 00
 (1789615968.519403)  can0  201   [6]  02 00 00 00 00 00
 (1789615968.529441)  can0  201   [6]  02 00 00 00 00 00
 (1789615968.539435)  can0  201   [6]  02 00 00 00 00 00
 (1789615968.542821)  can0  181   [8]  60 14 60 14 00 00 00 00
 (1789615968.543009)  can0  281   [5]  03 00 00 00 00
 (1789615968.549362)  can0  201   [6]  02 00 00 00 00 00
 (1789615968.559423)  can0  201   [6]  02 00 00 00 00 00
 (1789615968.569515)  can0  201   [6]  02 00 00 00 00 00
 (1789615968.579400)  can0  201   [6]  02 00 00 00 00 00
 (1789615968.589523)  can0  201   [6]  02 00 00 00 00 00
 (1789615968.592832)  can0  181   [8]  60 14 60 14 00 00 00 00
 (1789615968.592962)  can0  281   [5]  03 00 00 00 00
 (1789615968.599456)  can0  201   [6]  02 00 00 00 00 00
 (1789615968.609484)  can0  201   [6]  02 00 00 00 00 00
 (1789615968.619386)  can0  201   [6]  02 00 00 00 00 00
 (1789615968.629411)  can0  201   [6]  02 00 00 00 00 00
 (1789615968.639397)  can0  201   [6]  02 00 00 00 00 00
 (1789615968.642845)  can0  181   [8]  60 14 60 14 00 00 00 00
 (1789615968.643032)  can0  281   [5]  03 00 00 00 00
 (1789615968.649480)  can0  201   [6]  02 00 00 00 00 00
 (1789615968.659447)  can0  201   [6]  02 00 00 00 00 00
 (1789615968.669425)  can0  201   [6]  02 00 00 00 00 00
 (1789615968.679413)  can0  201   [6]  02 00 00 00 00 00
 (1789615968.683312)  can0  701   [1]  05
 (1789615968.689342)  can0  201   [6]  02 00 00 00 00 00
 (1789615968.692854)  can0  181   [8]  60 14 60 14 00 00 00 00
 (1789615968.693051)  can0  281   [5]  03 00 00 00 00
 (1789615968.699417)  can0  201   [6]  02 00 00 00 00 00
 (1789615968.709361)  can0  201   [6]  02 00 00 00 00 00
 (1789615968.719358)  can0  201   [6]  02 00 00 00 00 00
 (1789615968.729355)  can0  201   [6]  02 00 00 00 00 00
 (1789615968.739358)  can0  201   [6]  02 00 00 00 00 00
 (1789615968.742868)  can0  181   [8]  60 14 60 14 00 00 00 00
 (1789615968.743000)  can0  281   [5]  03 00 00 00 00
 (1789615968.749354)  can0  201   [6]  02 00 00 00 00 00
 (1789615968.759296)  can0  201   [6]  02 00 00 00 00 00
 (1789615968.769357)  can0  201   [6]  02 00 00 00 00 00
 (1789615968.779352)  can0  201   [6]  02 00 00 00 00 00
 (1789615968.789358)  can0  201   [6]  02 00 00 00 00 00
 (1789615968.792880)  can0  181   [8]  60 14 60 14 00 00 00 00
 (1789615968.793070)  can0  281   [5]  03 00 00 00 00
 (1789615968.799350)  can0  201   [6]  02 00 00 00 00 00
 (1789615968.809357)  can0  201   [6]  02 00 00 00 00 00
 (1789615968.819353)  can0  201   [6]  02 00 00 00 00 00
 (1789615968.829297)  can0  201   [6]  02 00 00 00 00 00
 (1789615968.839359)  can0  201   [6]  02 00 00 00 00 00
 (1789615968.842924)  can0  181   [8]  60 14 60 14 00 00 00 00
 (1789615968.843125)  can0  281   [5]  03 00 00 00 00
 (1789615968.849448)  can0  201   [6]  02 00 00 00 00 00
 (1789615968.859374)  can0  201   [6]  02 00 00 00 00 00
 (1789615968.869356)  can0  201   [6]  02 00 00 00 00 00
 (1789615968.879359)  can0  201   [6]  02 00 00 00 00 00
 (1789615968.889352)  can0  201   [6]  02 00 00 00 00 00
 (1789615968.892903)  can0  181   [8]  60 14 60 14 00 00 00 00
 (1789615968.893035)  can0  281   [5]  03 00 00 00 00
 (1789615968.899299)  can0  201   [6]  02 00 00 00 00 00
 (1789615968.909357)  can0  201   [6]  02 00 00 00 00 00
 (1789615968.919351)  can0  201   [6]  02 00 00 00 00 00
 (1789615968.929357)  can0  201   [6]  02 00 00 00 00 00
 (1789615968.932811)  can0  701   [1]  05
 (1789615968.939354)  can0  201   [6]  02 00 00 00 00 00
 (1789615968.942915)  can0  181   [8]  60 14 60 14 00 00 00 00
 (1789615968.943049)  can0  281   [5]  03 00 00 00 00
 (1789615968.949356)  can0  201   [6]  02 00 00 00 00 00
 (1789615968.959352)  can0  201   [6]  02 00 00 00 00 00
 (1789615968.969300)  can0  201   [6]  02 00 00 00 00 00
 (1789615968.979359)  can0  201   [6]  02 00 00 00 00 00
 (1789615968.989369)  can0  201   [6]  02 00 00 00 00 00
 (1789615968.992926)  can0  181   [8]  60 14 60 14 00 00 00 00
 (1789615968.993060)  can0  281   [5]  03 00 00 00 00
 (1789615968.999368)  can0  201   [6]  02 00 00 00 00 00
 (1789615969.009392)  can0  201   [6]  02 00 00 00 00 00
 (1789615969.019422)  can0  201   [6]  02 00 00 00 00 00
 (1789615969.029385)  can0  201   [6]  02 00 00 00 00 00
 (1789615969.039427)  can0  201   [6]  02 00 00 00 00 00
 (1789615969.042942)  can0  181   [8]  60 14 60 14 00 00 00 00
 (1789615969.043128)  can0  281   [5]  03 00 00 00 00
 (1789615969.049414)  can0  201   [6]  02 00 00 00 00 00
 (1789615969.059450)  can0  201   [6]  02 00 00 00 00 00
 (1789615969.069477)  can0  201   [6]  02 00 00 00 00 00
 (1789615969.079461)  can0  201   [6]  02 00 00 00 00 00
 (1789615969.089510)  can0  201   [6]  02 00 00 00 00 00
 (1789615969.092953)  can0  181   [8]  60 14 60 14 00 00 00 00
 (1789615969.093142)  can0  281   [5]  03 00 00 00 00
 (1789615969.099469)  can0  201   [6]  02 00 00 00 00 00
 (1789615969.109355)  can0  201   [6]  02 00 00 00 00 00
 (1789615969.119494)  can0  201   [6]  02 00 00 00 00 00
 (1789615969.129401)  can0  201   [6]  02 00 00 00 00 00
 (1789615969.139398)  can0  201   [6]  02 00 00 00 00 00
 (1789615969.142963)  can0  181   [8]  60 14 60 14 00 00 00 00
 (1789615969.143095)  can0  281   [5]  03 00 00 00 00
 (1789615969.149472)  can0  201   [6]  02 00 00 00 00 00
 (1789615969.159437)  can0  201   [6]  02 00 00 00 00 00
 (1789615969.169426)  can0  201   [6]  02 00 00 00 00 00
 (1789615969.179343)  can0  201   [6]  02 00 00 00 00 00
 (1789615969.182375)  can0  701   [1]  05
 (1789615969.189397)  can0  201   [6]  02 00 00 00 00 00
 (1789615969.192974)  can0  181   [8]  60 14 60 14 00 00 00 00
 (1789615969.193164)  can0  281   [5]  03 00 00 00 00
 (1789615969.199388)  can0  201   [6]  02 00 00 00 00 00
 (1789615969.209390)  can0  201   [6]  02 00 00 00 00 00
 (1789615969.219356)  can0  201   [6]  02 00 00 00 00 00
 (1789615969.229360)  can0  201   [6]  02 00 00 00 00 00
 (1789615969.239350)  can0  201   [6]  02 00 00 00 00 00
 (1789615969.242988)  can0  181   [8]  60 14 60 14 00 00 00 00
 (1789615969.243178)  can0  281   [5]  03 00 00 00 00
 (1789615969.249303)  can0  201   [6]  02 00 00 00 00 00
 (1789615969.259357)  can0  201   [6]  02 00 00 00 00 00
 (1789615969.269352)  can0  201   [6]  02 00 00 00 00 00
 (1789615969.279357)  can0  201   [6]  02 00 00 00 00 00
 (1789615969.289350)  can0  201   [6]  02 00 00 00 00 00
 (1789615969.292998)  can0  181   [8]  60 14 60 14 00 00 00 00
 (1789615969.293132)  can0  281   [5]  03 00 00 00 00
 (1789615969.299356)  can0  201   [6]  02 00 00 00 00 00
 (1789615969.309352)  can0  201   [6]  02 00 00 00 00 00
 (1789615969.319305)  can0  201   [6]  02 00 00 00 00 00
 (1789615969.329358)  can0  201   [6]  02 00 00 00 00 00
 (1789615969.339353)  can0  201   [6]  02 00 00 00 00 00
 (1789615969.343009)  can0  181   [8]  60 14 60 14 00 00 00 00
 (1789615969.343144)  can0  281   [5]  03 00 00 00 00
 (1789615969.349475)  can0  201   [6]  02 00 00 00 00 00
 (1789615969.359361)  can0  201   [6]  02 00 00 00 00 00
 (1789615969.369363)  can0  201   [6]  02 00 00 00 00 00
 (1789615969.379354)  can0  201   [6]  02 00 00 00 00 00
 (1789615969.389302)  can0  201   [6]  02 00 00 00 00 00
 (1789615969.393022)  can0  181   [8]  60 14 60 14 00 00 00 00
 (1789615969.393212)  can0  281   [5]  03 00 00 00 00
 (1789615969.399410)  can0  201   [6]  02 00 00 00 00 00
 (1789615969.409350)  can0  201   [6]  02 00 00 00 00 00
 (1789615969.419355)  can0  201   [6]  02 00 00 00 00 00
 (1789615969.429351)  can0  201   [6]  02 00 00 00 00 00
 (1789615969.431934)  can0  701   [1]  05
 (1789615969.439356)  can0  201   [6]  02 00 00 00 00 00
 (1789615969.443032)  can0  181   [8]  60 14 60 14 00 00 00 00
 (1789615969.443225)  can0  281   [5]  03 00 00 00 00
 (1789615969.449351)  can0  201   [6]  02 00 00 00 00 00
 (1789615969.459302)  can0  201   [6]  02 00 00 00 00 00
 (1789615969.469358)  can0  201   [6]  02 00 00 00 00 00
 (1789615969.479352)  can0  201   [6]  02 00 00 00 00 00
 (1789615969.489355)  can0  201   [6]  02 00 00 00 00 00
 (1789615969.493046)  can0  181   [8]  60 14 60 14 00 00 00 00
 (1789615969.493179)  can0  281   [5]  03 00 00 00 00
 (1789615969.499366)  can0  201   [6]  02 00 00 00 00 00
 (1789615969.509393)  can0  201   [6]  02 00 00 00 00 00
 (1789615969.519437)  can0  201   [6]  02 00 00 00 00 00
 (1789615969.529349)  can0  201   [6]  02 00 00 00 00 00
 (1789615969.539464)  can0  201   [6]  02 00 00 00 00 00
 (1789615969.543063)  can0  181   [8]  60 14 60 14 00 00 00 00
 (1789615969.543193)  can0  281   [5]  03 00 00 00 00
 (1789615969.549421)  can0  201   [6]  02 00 00 00 00 00
 (1789615969.559459)  can0  201   [6]  02 00 00 00 00 00
 (1789615969.569466)  can0  201   [6]  02 00 00 00 00 00
 (1789615969.579491)  can0  201   [6]  02 00 00 00 00 00
 (1789615969.589446)  can0  201   [6]  02 00 00 00 00 00
 (1789615969.593077)  can0  181   [8]  60 14 60 14 00 00 00 00
 (1789615969.593204)  can0  281   [5]  03 00 00 00 00
 (1789615969.599434)  can0  201   [6]  02 00 00 00 00 00
 (1789615969.609454)  can0  201   [6]  02 00 00 00 00 00
 (1789615969.619458)  can0  201   [6]  02 00 00 00 00 00
 (1789615969.629460)  can0  201   [6]  02 00 00 00 00 00
 (1789615969.639433)  can0  201   [6]  02 00 00 00 00 00
 (1789615969.643083)  can0  181   [8]  60 14 60 14 00 00 00 00
 (1789615969.643273)  can0  281   [5]  03 00 00 00 00
 (1789615969.649380)  can0  201   [6]  02 00 00 00 00 00
 (1789615969.659453)  can0  201   [6]  02 00 00 00 00 00
 (1789615969.669426)  can0  201   [6]  02 00 00 00 00 00
 (1789615969.679431)  can0  201   [6]  02 00 00 00 00 00
 (1789615969.681437)  can0  701   [1]  05
 (1789615969.689400)  can0  201   [6]  02 00 00 00 00 00
 (1789615969.693094)  can0  181   [8]  60 14 60 14 00 00 00 00
 (1789615969.693230)  can0  281   [5]  03 00 00 00 00
 (1789615969.699405)  can0  201   [6]  02 00 00 00 00 00
 (1789615969.709383)  can0  201   [6]  02 00 00 00 00 00
 (1789615969.719368)  can0  201   [6]  02 00 00 00 00 00
 (1789615969.729357)  can0  201   [6]  02 00 00 00 00 00
 (1789615969.739310)  can0  201   [6]  02 00 00 00 00 00
 (1789615969.743110)  can0  181   [8]  60 14 60 14 00 00 00 00
 (1789615969.743297)  can0  281   [5]  03 00 00 00 00
 (1789615969.749358)  can0  201   [6]  02 00 00 00 00 00
 (1789615969.759352)  can0  201   [6]  02 00 00 00 00 00
 (1789615969.769356)  can0  201   [6]  02 00 00 00 00 00
 (1789615969.779353)  can0  201   [6]  02 00 00 00 00 00
 (1789615969.789357)  can0  201   [6]  02 00 00 00 00 00
 (1789615969.793117)  can0  181   [8]  60 14 60 14 00 00 00 00
 (1789615969.793310)  can0  281   [5]  03 00 00 00 00
 (1789615969.799354)  can0  201   [6]  02 00 00 00 00 00
 (1789615969.809309)  can0  201   [6]  02 00 00 00 00 00
 (1789615969.819355)  can0  201   [6]  02 00 00 00 00 00
 (1789615969.829351)  can0  201   [6]  02 00 00 00 00 00
 (1789615969.839357)  can0  201   [6]  02 00 00 00 00 00
 (1789615969.843131)  can0  181   [8]  60 14 60 14 00 00 00 00
 (1789615969.843322)  can0  281   [5]  03 00 00 00 00
 (1789615969.849481)  can0  201   [6]  02 00 00 00 00 00
 (1789615969.859380)  can0  201   [6]  02 00 00 00 00 00
 (1789615969.869354)  can0  201   [6]  02 00 00 00 00 00
 (1789615969.879353)  can0  201   [6]  02 00 00 00 00 00
 (1789615969.889360)  can0  201   [6]  02 00 00 00 00 00
 (1789615969.893144)  can0  181   [8]  60 14 60 14 00 00 00 00
 (1789615969.893276)  can0  281   [5]  03 00 00 00 00
 (1789615969.899352)  can0  201   [6]  02 00 00 00 00 00
 (1789615969.909358)  can0  201   [6]  02 00 00 00 00 00
 (1789615969.919351)  can0  201   [6]  02 00 00 00 00 00
 (1789615969.929357)  can0  201   [6]  02 00 00 00 00 00
 (1789615969.930994)  can0  701   [1]  05
 (1789615969.939352)  can0  201   [6]  02 00 00 00 00 00
 (1789615969.943155)  can0  181   [8]  60 14 60 14 00 00 00 00
 (1789615969.943344)  can0  281   [5]  03 00 00 00 00
 (1789615969.949351)  can0  201   [6]  02 00 00 00 00 00
 (1789615969.959358)  can0  201   [6]  02 00 00 00 00 00
 (1789615969.969354)  can0  201   [6]  02 00 00 00 00 00
 (1789615969.979359)  can0  201   [6]  02 00 00 00 00 00
 (1789615969.989353)  can0  201   [6]  02 00 00 00 00 00
 (1789615969.993167)  can0  181   [8]  60 14 60 14 00 00 00 00
 (1789615969.993358)  can0  281   [5]  03 00 00 00 00
 (1789615969.999371)  can0  201   [6]  02 00 00 00 00 00
 (1789615970.009361)  can0  201   [6]  02 00 00 00 00 00
 (1789615970.019447)  can0  201   [6]  02 00 00 00 00 00
 (1789615970.029411)  can0  201   [6]  02 00 00 00 00 00
 (1789615970.039471)  can0  201   [6]  02 00 00 00 00 00
 (1789615970.043183)  can0  181   [8]  60 14 60 14 00 00 00 00
 (1789615970.043370)  can0  281   [5]  03 00 00 00 00
 (1789615970.049429)  can0  201   [6]  02 00 00 00 00 00
 (1789615970.059473)  can0  201   [6]  02 00 00 00 00 00
 (1789615970.069401)  can0  201   [6]  02 00 00 00 00 00
 (1789615970.079521)  can0  201   [6]  02 00 00 00 00 00
 (1789615970.089432)  can0  201   [6]  02 00 00 00 00 00
 (1789615970.093208)  can0  181   [8]  60 14 60 14 00 00 00 00
 (1789615970.093327)  can0  281   [5]  03 00 00 00 00
 (1789615970.099513)  can0  201   [6]  02 00 00 00 00 00
 (1789615970.109442)  can0  201   [6]  02 00 00 00 00 00
 (1789615970.119478)  can0  201   [6]  02 00 00 00 00 00
 (1789615970.129451)  can0  201   [6]  02 00 00 00 00 00
 (1789615970.139404)  can0  201   [6]  02 00 00 00 00 00
 (1789615970.143206)  can0  181   [8]  60 14 60 14 00 00 00 00
 (1789615970.143338)  can0  281   [5]  03 00 00 00 00
 (1789615970.149388)  can0  201   [6]  02 00 00 00 00 00
 (1789615970.159497)  can0  201   [6]  02 00 00 00 00 00
 (1789615970.169451)  can0  201   [6]  02 00 00 00 00 00
 (1789615970.179427)  can0  201   [6]  02 00 00 00 00 00
 (1789615970.180566)  can0  701   [1]  05
 (1789615970.189411)  can0  201   [6]  02 00 00 00 00 00
 (1789615970.193216)  can0  181   [8]  60 14 60 14 00 00 00 00
 (1789615970.193406)  can0  281   [5]  03 00 00 00 00
 (1789615970.199402)  can0  201   [6]  02 00 00 00 00 00
 (1789615970.209409)  can0  201   [6]  02 00 00 00 00 00
 (1789615970.219363)  can0  201   [6]  02 00 00 00 00 00
 (1789615970.229355)  can0  201   [6]  02 00 00 00 00 00
 (1789615970.239357)  can0  201   [6]  02 00 00 00 00 00
 (1789615970.243228)  can0  181   [8]  60 14 60 14 00 00 00 00
 (1789615970.243362)  can0  281   [5]  03 00 00 00 00
 (1789615970.249353)  can0  201   [6]  02 00 00 00 00 00
 (1789615970.259359)  can0  201   [6]  02 00 00 00 00 00
 (1789615970.269354)  can0  201   [6]  02 00 00 00 00 00
 (1789615970.279359)  can0  201   [6]  02 00 00 00 00 00
 (1789615970.289352)  can0  201   [6]  02 00 00 00 00 00
 (1789615970.293238)  can0  181   [8]  60 14 60 14 00 00 00 00
 (1789615970.293373)  can0  281   [5]  03 00 00 00 00
 (1789615970.299352)  can0  201   [6]  02 00 00 00 00 00
 (1789615970.309359)  can0  201   [6]  02 00 00 00 00 00
 (1789615970.319352)  can0  201   [6]  02 00 00 00 00 00
 (1789615970.329357)  can0  201   [6]  02 00 00 00 00 00
 (1789615970.339351)  can0  201   [6]  02 00 00 00 00 00
 (1789615970.343252)  can0  181   [8]  60 14 60 14 00 00 00 00
 (1789615970.343444)  can0  281   [5]  03 00 00 00 00
 (1789615970.349339)  can0  201   [6]  02 00 00 00 00 00
 (1789615970.359374)  can0  201   [6]  02 00 00 00 00 00
 (1789615970.369360)  can0  201   [6]  02 00 00 00 00 00
 (1789615970.379358)  can0  201   [6]  02 00 00 00 00 00
 (1789615970.389351)  can0  201   [6]  02 00 00 00 00 00
 (1789615970.393264)  can0  181   [8]  60 14 60 14 00 00 00 00
 (1789615970.393397)  can0  281   [5]  03 00 00 00 00
 (1789615970.399359)  can0  201   [6]  02 00 00 00 00 00
 (1789615970.409355)  can0  201   [6]  02 00 00 00 00 00
 (1789615970.419358)  can0  201   [6]  02 00 00 00 00 00
 (1789615970.429352)  can0  201   [6]  02 00 00 00 00 00
 (1789615970.430060)  can0  701   [1]  05
 (1789615970.439352)  can0  201   [6]  02 00 00 00 00 00
 (1789615970.443278)  can0  181   [8]  60 14 60 14 00 00 00 00
 (1789615970.443412)  can0  281   [5]  03 00 00 00 00
 (1789615970.449358)  can0  201   [6]  02 00 00 00 00 00
 (1789615970.459350)  can0  201   [6]  02 00 00 00 00 00
 (1789615970.469359)  can0  201   [6]  02 00 00 00 00 00
 (1789615970.479351)  can0  201   [6]  02 00 00 00 00 00
 (1789615970.489357)  can0  201   [6]  02 00 00 00 00 00
 (1789615970.493288)  can0  181   [8]  60 14 60 14 00 00 00 00
 (1789615970.493479)  can0  281   [5]  03 00 00 00 00
 (1789615970.499366)  can0  201   [6]  02 00 00 00 00 00
 (1789615970.509368)  can0  201   [6]  02 00 00 00 00 00
 (1789615970.519441)  can0  201   [6]  02 00 00 00 00 00
 (1789615970.529416)  can0  201   [6]  02 00 00 00 00 00
 (1789615970.539448)  can0  201   [6]  02 00 00 00 00 00
 (1789615970.543305)  can0  181   [8]  60 14 60 14 00 00 00 00
 (1789615970.543492)  can0  281   [5]  03 00 00 00 00
 (1789615970.549442)  can0  201   [6]  02 00 00 00 00 00
 (1789615970.559461)  can0  201   [6]  02 00 00 00 00 00
 (1789615970.569425)  can0  201   [6]  02 00 00 00 00 00
 (1789615970.579525)  can0  201   [6]  02 00 00 00 00 00
 (1789615970.589429)  can0  201   [6]  02 00 00 00 00 00
 (1789615970.593315)  can0  181   [8]  60 14 60 14 00 00 00 00
 (1789615970.593446)  can0  281   [5]  03 00 00 00 00
 (1789615970.599525)  can0  201   [6]  02 00 00 00 00 00
 (1789615970.609479)  can0  201   [6]  02 00 00 00 00 00
 (1789615970.619477)  can0  201   [6]  02 00 00 00 00 00
 (1789615970.629476)  can0  201   [6]  02 00 00 00 00 00
 (1789615970.639419)  can0  201   [6]  02 00 00 00 00 00
 (1789615970.643328)  can0  181   [8]  60 14 60 14 00 00 00 00
 (1789615970.643459)  can0  281   [5]  03 00 00 00 00
 (1789615970.649400)  can0  201   [6]  02 00 00 00 00 00
 (1789615970.659517)  can0  201   [6]  02 00 00 00 00 00
 (1789615970.669446)  can0  201   [6]  02 00 00 00 00 00
 (1789615970.679431)  can0  201   [6]  02 00 00 00 00 00
 (1789615970.679672)  can0  701   [1]  05
 (1789615970.689410)  can0  201   [6]  02 00 00 00 00 00
 (1789615970.693337)  can0  181   [8]  60 14 60 14 00 00 00 00
 (1789615970.693525)  can0  281   [5]  03 00 00 00 00
 (1789615970.699404)  can0  201   [6]  02 00 00 00 00 00
 (1789615970.709410)  can0  201   [6]  02 00 00 00 00 00
 (1789615970.719373)  can0  201   [6]  02 00 00 00 00 00
 (1789615970.729545)  can0  201   [6]  02 00 00 00 00 00
 (1789615970.739355)  can0  201   [6]  02 00 00 00 00 00
 (1789615970.743349)  can0  181   [8]  60 14 60 14 00 00 00 00
 (1789615970.743482)  can0  281   [5]  03 00 00 00 00
 (1789615970.749357)  can0  201   [6]  02 00 00 00 00 00
 (1789615970.759353)  can0  201   [6]  02 00 00 00 00 00
 (1789615970.769360)  can0  201   [6]  02 00 00 00 00 00
 (1789615970.779351)  can0  201   [6]  02 00 00 00 00 00
 (1789615970.789352)  can0  201   [6]  02 00 00 00 00 00
 (1789615970.793359)  can0  181   [8]  60 14 60 14 00 00 00 00
 (1789615970.793495)  can0  281   [5]  03 00 00 00 00
 (1789615970.799357)  can0  201   [6]  02 00 00 00 00 00
 (1789615970.809352)  can0  201   [6]  02 00 00 00 00 00
 (1789615970.819354)  can0  201   [6]  02 00 00 00 00 00
 (1789615970.829352)  can0  201   [6]  02 00 00 00 00 00
 (1789615970.839356)  can0  201   [6]  02 00 00 00 00 00
 (1789615970.843373)  can0  181   [8]  60 14 60 14 00 00 00 00
 (1789615970.843562)  can0  281   [5]  03 00 00 00 00
 (1789615970.849353)  can0  201   [6]  02 00 00 00 00 00
 (1789615970.859462)  can0  201   [6]  02 00 00 00 00 00
 (1789615970.869370)  can0  201   [6]  02 00 00 00 00 00
 (1789615970.879357)  can0  201   [6]  02 00 00 00 00 00
 (1789615970.889360)  can0  201   [6]  02 00 00 00 00 00
 (1789615970.893384)  can0  181   [8]  60 14 60 14 00 00 00 00
 (1789615970.893575)  can0  281   [5]  03 00 00 00 00
 (1789615970.899352)  can0  201   [6]  02 00 00 00 00 00
 (1789615970.909358)  can0  201   [6]  02 00 00 00 00 00
 (1789615970.919351)  can0  201   [6]  02 00 00 00 00 00
 (1789615970.929176)  can0  701   [1]  05
 (1789615970.929326)  can0  201   [6]  02 00 00 00 00 00
 (1789615970.939357)  can0  201   [6]  02 00 00 00 00 00
 (1789615970.943396)  can0  181   [8]  60 14 60 14 00 00 00 00
 (1789615970.943534)  can0  281   [5]  03 00 00 00 00
 (1789615970.949352)  can0  201   [6]  02 00 00 00 00 00
 (1789615970.959355)  can0  201   [6]  02 00 00 00 00 00
 (1789615970.969351)  can0  201   [6]  02 00 00 00 00 00
 (1789615970.979356)  can0  201   [6]  02 00 00 00 00 00
 (1789615970.989352)  can0  201   [6]  02 00 00 00 00 00
 (1789615970.993409)  can0  181   [8]  60 14 60 14 00 00 00 00
 (1789615970.993607)  can0  281   [5]  03 00 00 00 00
 (1789615970.999365)  can0  201   [6]  02 00 00 00 00 00
 (1789615971.009365)  can0  201   [6]  02 00 00 00 00 00
 (1789615971.019404)  can0  201   [6]  02 00 00 00 00 00
 (1789615971.029419)  can0  201   [6]  02 00 00 00 00 00
 (1789615971.039344)  can0  201   [6]  02 00 00 00 00 00
 (1789615971.043422)  can0  181   [8]  60 14 60 14 00 00 00 00
 (1789615971.043613)  can0  281   [5]  03 00 00 00 00
 (1789615971.049325)  can0  201   [6]  02 00 00 00 00 00
 (1789615971.059338)  can0  201   [6]  02 00 00 00 00 00
 (1789615971.069319)  can0  201   [6]  02 00 00 00 00 00
 (1789615971.079515)  can0  201   [6]  02 00 00 00 00 00
 (1789615971.089404)  can0  201   [6]  02 00 00 00 00 00
 (1789615971.093439)  can0  181   [8]  60 14 60 14 00 00 00 00
 (1789615971.093631)  can0  281   [5]  03 00 00 00 00
 (1789615971.099542)  can0  201   [6]  02 00 00 00 00 00
 (1789615971.109466)  can0  201   [6]  02 00 00 00 00 00
 (1789615971.119475)  can0  201   [6]  02 00 00 00 00 00
 (1789615971.129469)  can0  201   [6]  02 00 00 00 00 00
 (1789615971.139472)  can0  201   [6]  02 00 00 00 00 00
 (1789615971.143446)  can0  181   [8]  60 14 60 14 00 00 00 00
 (1789615971.143635)  can0  281   [5]  03 00 00 00 00
 (1789615971.149419)  can0  201   [6]  02 00 00 00 00 00
 (1789615971.159483)  can0  201   [6]  02 00 00 00 00 00
 (1789615971.169458)  can0  201   [6]  02 00 00 00 00 00
 (1789615971.178741)  can0  701   [1]  05
 (1789615971.179185)  can0  201   [6]  02 00 00 00 00 00
 (1789615971.189426)  can0  201   [6]  02 00 00 00 00 00
 (1789615971.193457)  can0  181   [8]  60 14 60 14 00 00 00 00
 (1789615971.193652)  can0  281   [5]  03 00 00 00 00
 (1789615971.199403)  can0  201   [6]  02 00 00 00 00 00
 (1789615971.209431)  can0  201   [6]  02 00 00 00 00 00
 (1789615971.219368)  can0  201   [6]  02 00 00 00 00 00
 (1789615971.229357)  can0  201   [6]  02 00 00 00 00 00
 (1789615971.239358)  can0  201   [6]  02 00 00 00 00 00
 (1789615971.243469)  can0  181   [8]  60 14 60 14 00 00 00 00
 (1789615971.243659)  can0  281   [5]  03 00 00 00 00
 (1789615971.249355)  can0  201   [6]  02 00 00 00 00 00
 (1789615971.259357)  can0  201   [6]  02 00 00 00 00 00
 (1789615971.269355)  can0  201   [6]  02 00 00 00 00 00
 (1789615971.279353)  can0  201   [6]  02 00 00 00 00 00
 (1789615971.289357)  can0  201   [6]  02 00 00 00 00 00
 (1789615971.293481)  can0  181   [8]  60 14 60 14 00 00 00 00
 (1789615971.293672)  can0  281   [5]  03 00 00 00 00
 (1789615971.299354)  can0  201   [6]  02 00 00 00 00 00
 (1789615971.309357)  can0  201   [6]  02 00 00 00 00 00
 (1789615971.319353)  can0  201   [6]  02 00 00 00 00 00
 (1789615971.329359)  can0  201   [6]  02 00 00 00 00 00
 (1789615971.339353)  can0  201   [6]  02 00 00 00 00 00
 (1789615971.343491)  can0  181   [8]  60 14 60 14 00 00 00 00
 (1789615971.343684)  can0  281   [5]  03 00 00 00 00
 (1789615971.349354)  can0  201   [6]  02 00 00 00 00 00
 (1789615971.359376)  can0  201   [6]  02 00 00 00 00 00
 (1789615971.369318)  can0  201   [6]  02 00 00 00 00 00
 (1789615971.379299)  can0  201   [6]  02 00 00 00 00 00
 (1789615971.389297)  can0  201   [6]  02 00 00 00 00 00
 (1789615971.393506)  can0  181   [8]  60 14 60 14 00 00 00 00
 (1789615971.393696)  can0  281   [5]  03 00 00 00 00
 (1789615971.399300)  can0  201   [6]  02 00 00 00 00 00
 (1789615971.409294)  can0  201   [6]  02 00 00 00 00 00
 (1789615971.419292)  can0  201   [6]  02 00 00 00 00 00
 (1789615971.428236)  can0  701   [1]  05
 (1789615971.428542)  can0  201   [6]  02 00 00 00 00 00
 (1789615971.439293)  can0  201   [6]  02 00 00 00 00 00
 (1789615971.443516)  can0  181   [8]  60 14 60 14 00 00 00 00
 (1789615971.443708)  can0  281   [5]  03 00 00 00 00
 (1789615971.449293)  can0  201   [6]  02 00 00 00 00 00
 (1789615971.459292)  can0  201   [6]  02 00 00 00 00 00
 (1789615971.469298)  can0  201   [6]  02 00 00 00 00 00
 (1789615971.479293)  can0  201   [6]  02 00 00 00 00 00
 (1789615971.489291)  can0  201   [6]  02 00 00 00 00 00
 (1789615971.493527)  can0  181   [8]  60 14 60 14 00 00 00 00
 (1789615971.493718)  can0  281   [5]  03 00 00 00 00
 (1789615971.499293)  can0  201   [6]  02 00 00 00 00 00
 (1789615971.509295)  can0  201   [6]  02 00 00 00 00 00
 (1789615971.519313)  can0  201   [6]  02 00 00 00 00 00
 (1789615971.529316)  can0  201   [6]  02 00 00 00 00 00
 (1789615971.539304)  can0  201   [6]  02 00 00 00 00 00
 (1789615971.543601)  can0  181   [8]  60 14 60 14 00 00 00 00
 (1789615971.543674)  can0  281   [5]  03 00 00 00 00
 (1789615971.549318)  can0  201   [6]  02 00 00 00 00 00
 (1789615971.559306)  can0  201   [6]  02 00 00 00 00 00
 (1789615971.569334)  can0  201   [6]  02 00 00 00 00 00
 (1789615971.579327)  can0  201   [6]  02 00 00 00 00 00
 (1789615971.589318)  can0  201   [6]  02 00 00 00 00 00
 (1789615971.593554)  can0  181   [8]  60 14 60 14 00 00 00 00
 (1789615971.593742)  can0  281   [5]  03 00 00 00 00
 (1789615971.599317)  can0  201   [6]  02 00 00 00 00 00
 (1789615971.609329)  can0  201   [6]  02 00 00 00 00 00
 (1789615971.619311)  can0  201   [6]  02 00 00 00 00 00
 (1789615971.629319)  can0  201   [6]  02 00 00 00 00 00
 (1789615971.639309)  can0  201   [6]  02 00 00 00 00 00
 (1789615971.643566)  can0  181   [8]  60 14 60 14 00 00 00 00
 (1789615971.643758)  can0  281   [5]  03 00 00 00 00
 (1789615971.649313)  can0  201   [6]  02 00 00 00 00 00
 (1789615971.659320)  can0  201   [6]  02 00 00 00 00 00
 (1789615971.669323)  can0  201   [6]  02 00 00 00 00 00
 (1789615971.677801)  can0  701   [1]  05
 (1789615971.679316)  can0  201   [6]  02 00 00 00 00 00
 (1789615971.689305)  can0  201   [6]  02 00 00 00 00 00
 (1789615971.693578)  can0  181   [8]  60 14 60 14 00 00 00 00
 (1789615971.693766)  can0  281   [5]  03 00 00 00 00
 (1789615971.699303)  can0  201   [6]  02 00 00 00 00 00
 (1789615971.709304)  can0  201   [6]  02 00 00 00 00 00
 (1789615971.719300)  can0  201   [6]  02 00 00 00 00 00
 (1789615971.729296)  can0  201   [6]  02 00 00 00 00 00
 (1789615971.739290)  can0  201   [6]  02 00 00 00 00 00
 (1789615971.743594)  can0  181   [8]  60 14 60 14 00 00 00 00
 (1789615971.743781)  can0  281   [5]  03 00 00 00 00
 (1789615971.749296)  can0  201   [6]  02 00 00 00 00 00
 (1789615971.759288)  can0  201   [6]  02 00 00 00 00 00
 (1789615971.769290)  can0  201   [6]  02 00 00 00 00 00
 (1789615971.779296)  can0  201   [6]  02 00 00 00 00 00
 (1789615971.789291)  can0  201   [6]  02 00 00 00 00 00
 (1789615971.793603)  can0  181   [8]  60 14 60 14 00 00 00 00
 (1789615971.793792)  can0  281   [5]  03 00 00 00 00
 (1789615971.799295)  can0  201   [6]  02 00 00 00 00 00
 (1789615971.809290)  can0  201   [6]  02 00 00 00 00 00
 (1789615971.819291)  can0  201   [6]  02 00 00 00 00 00
 (1789615971.829290)  can0  201   [6]  02 00 00 00 00 00
 (1789615971.839288)  can0  201   [6]  02 00 00 00 00 00
 (1789615971.843612)  can0  181   [8]  60 14 60 14 00 00 00 00
 (1789615971.843803)  can0  281   [5]  03 00 00 00 00
 (1789615971.849292)  can0  201   [6]  02 00 00 00 00 00
 (1789615971.859317)  can0  201   [6]  02 00 00 00 00 00
 (1789615971.869294)  can0  201   [6]  02 00 00 00 00 00
 (1789615971.879297)  can0  201   [6]  02 00 00 00 00 00
 (1789615971.889293)  can0  201   [6]  02 00 00 00 00 00
 (1789615971.893626)  can0  181   [8]  60 14 60 14 00 00 00 00
 (1789615971.893817)  can0  281   [5]  03 00 00 00 00
 (1789615971.899292)  can0  201   [6]  02 00 00 00 00 00
 (1789615971.909290)  can0  201   [6]  02 00 00 00 00 00
 (1789615971.919290)  can0  201   [6]  02 00 00 00 00 00
 (1789615971.927359)  can0  701   [1]  05
 (1789615971.929291)  can0  201   [6]  02 00 00 00 00 00
 (1789615971.939290)  can0  201   [6]  02 00 00 00 00 00
 (1789615971.943588)  can0  181   [8]  60 14 60 14 00 00 00 00
 (1789615971.943830)  can0  281   [5]  03 00 00 00 00
 (1789615971.949291)  can0  201   [6]  02 00 00 00 00 00
 (1789615971.959293)  can0  201   [6]  02 00 00 00 00 00
 (1789615971.969288)  can0  201   [6]  02 00 00 00 00 00
 (1789615971.979289)  can0  201   [6]  02 00 00 00 00 00
 (1789615971.989293)  can0  201   [6]  02 00 00 00 00 00
 (1789615971.993651)  can0  181   [8]  60 14 60 14 00 00 00 00
 (1789615971.993842)  can0  281   [5]  03 00 00 00 00
 (1789615971.999292)  can0  201   [6]  02 00 00 00 00 00
 (1789615972.009297)  can0  201   [6]  02 00 00 00 00 00
 (1789615972.019292)  can0  201   [6]  02 00 00 00 00 00
 (1789615972.029307)  can0  201   [6]  02 00 00 00 00 00
 (1789615972.039294)  can0  201   [6]  02 00 00 00 00 00
 (1789615972.043671)  can0  181   [8]  60 14 60 14 00 00 00 00
 (1789615972.043859)  can0  281   [5]  03 00 00 00 00
 (1789615972.049309)  can0  201   [6]  02 00 00 00 00 00
 (1789615972.059304)  can0  201   [6]  02 00 00 00 00 00
 (1789615972.069311)  can0  201   [6]  02 00 00 00 00 00
 (1789615972.079301)  can0  201   [6]  02 00 00 00 00 00
 (1789615972.089341)  can0  201   [6]  02 00 00 00 00 00
 (1789615972.093676)  can0  181   [8]  60 14 60 14 00 00 00 00
 (1789615972.093865)  can0  281   [5]  03 00 00 00 00
 (1789615972.099319)  can0  201   [6]  02 00 00 00 00 00
 (1789615972.109323)  can0  201   [6]  02 00 00 00 00 00
 (1789615972.119304)  can0  201   [6]  02 00 00 00 00 00
 (1789615972.129311)  can0  201   [6]  02 00 00 00 00 00
 (1789615972.139305)  can0  201   [6]  02 00 00 00 00 00
 (1789615972.143686)  can0  181   [8]  60 14 60 14 00 00 00 00
 (1789615972.143877)  can0  281   [5]  03 00 00 00 00
 (1789615972.149311)  can0  201   [6]  02 00 00 00 00 00
 (1789615972.159309)  can0  201   [6]  02 00 00 00 00 00
 (1789615972.169312)  can0  201   [6]  02 00 00 00 00 00
 (1789615972.176865)  can0  701   [1]  05
 (1789615972.179298)  can0  201   [6]  02 00 00 00 00 00
 (1789615972.189303)  can0  201   [6]  02 00 00 00 00 00
 (1789615972.193698)  can0  181   [8]  60 14 60 14 00 00 00 00
 (1789615972.193886)  can0  281   [5]  03 00 00 00 00
 (1789615972.199308)  can0  201   [6]  02 00 00 00 00 00
 (1789615972.209309)  can0  201   [6]  02 00 00 00 00 00
 (1789615972.219298)  can0  201   [6]  02 00 00 00 00 00
 (1789615972.229293)  can0  201   [6]  02 00 00 00 00 00
 (1789615972.239292)  can0  201   [6]  02 00 00 00 00 00
 (1789615972.243715)  can0  181   [8]  60 14 60 14 00 00 00 00
 (1789615972.243906)  can0  281   [5]  03 00 00 00 00
 (1789615972.249290)  can0  201   [6]  02 00 00 00 00 00
 (1789615972.259289)  can0  201   [6]  02 00 00 00 00 00
 (1789615972.269290)  can0  201   [6]  02 00 00 00 00 00
 (1789615972.279289)  can0  201   [6]  02 00 00 00 00 00
 (1789615972.289291)  can0  201   [6]  02 00 00 00 00 00
 (1789615972.293720)  can0  181   [8]  60 14 60 14 00 00 00 00
 (1789615972.293912)  can0  281   [5]  03 00 00 00 00
 (1789615972.299290)  can0  201   [6]  02 00 00 00 00 00
 (1789615972.309295)  can0  201   [6]  02 00 00 00 00 00
 (1789615972.319290)  can0  201   [6]  02 00 00 00 00 00
 (1789615972.329288)  can0  201   [6]  02 00 00 00 00 00
 (1789615972.339291)  can0  201   [6]  02 00 00 00 00 00
 (1789615972.343733)  can0  181   [8]  60 14 60 14 00 00 00 00
 (1789615972.343923)  can0  281   [5]  03 00 00 00 00
 (1789615972.349292)  can0  201   [6]  02 00 00 00 00 00
 (1789615972.359409)  can0  201   [6]  02 00 00 00 00 00
 (1789615972.369294)  can0  201   [6]  02 00 00 00 00 00
 (1789615972.379290)  can0  201   [6]  02 00 00 00 00 00
 (1789615972.389289)  can0  201   [6]  02 00 00 00 00 00
 (1789615972.393746)  can0  181   [8]  60 14 60 14 00 00 00 00
 (1789615972.393937)  can0  281   [5]  03 00 00 00 00
 (1789615972.399290)  can0  201   [6]  02 00 00 00 00 00
 (1789615972.409294)  can0  201   [6]  02 00 00 00 00 00
 (1789615972.419292)  can0  201   [6]  02 00 00 00 00 00
 (1789615972.426420)  can0  701   [1]  05
 (1789615972.429291)  can0  201   [6]  02 00 00 00 00 00
 (1789615972.439290)  can0  201   [6]  02 00 00 00 00 00
 (1789615972.443758)  can0  181   [8]  60 14 60 14 00 00 00 00
 (1789615972.443949)  can0  281   [5]  03 00 00 00 00
 (1789615972.449294)  can0  201   [6]  02 00 00 00 00 00
 (1789615972.459289)  can0  201   [6]  02 00 00 00 00 00
 (1789615972.469289)  can0  201   [6]  02 00 00 00 00 00
 (1789615972.479292)  can0  201   [6]  02 00 00 00 00 00
 (1789615972.489289)  can0  201   [6]  02 00 00 00 00 00
 (1789615972.493770)  can0  181   [8]  60 14 60 14 00 00 00 00
 (1789615972.493963)  can0  281   [5]  03 00 00 00 00
 (1789615972.499297)  can0  201   [6]  06 00 00 00 00 00
 (1789615972.509302)  can0  201   [6]  06 00 00 00 00 00
 (1789615972.519303)  can0  201   [6]  06 00 00 00 00 00
 (1789615972.529318)  can0  201   [6]  06 00 00 00 00 00
 (1789615972.539300)  can0  201   [6]  06 00 00 00 00 00
 (1789615972.543780)  can0  181   [8]  21 14 21 14 00 00 00 00
 (1789615972.543971)  can0  281   [5]  03 00 00 00 00
 (1789615972.549330)  can0  201   [6]  07 00 00 00 00 00
 (1789615972.559309)  can0  201   [6]  07 00 00 00 00 00
 (1789615972.569321)  can0  201   [6]  07 00 00 00 00 00
 (1789615972.579296)  can0  201   [6]  07 00 00 00 00 00
 (1789615972.589329)  can0  201   [6]  07 00 00 00 00 00
 (1789615972.593786)  can0  181   [8]  23 14 23 14 00 00 00 00
 (1789615972.593974)  can0  281   [5]  03 00 00 00 00
 (1789615972.599299)  can0  201   [6]  0F 00 00 00 00 00
 (1789615972.609357)  can0  201   [6]  0F 00 00 00 00 00
 (1789615972.619314)  can0  201   [6]  0F 00 00 00 00 00
 (1789615972.629325)  can0  201   [6]  0F 00 00 00 00 00
 (1789615972.639312)  can0  201   [6]  0F 00 00 00 00 00
 (1789615972.643735)  can0  181   [8]  27 14 27 14 00 00 00 00
 (1789615972.643924)  can0  281   [5]  03 00 00 00 00
 (1789615972.649303)  can0  201   [6]  0F 00 00 00 00 00
 (1789615972.659305)  can0  201   [6]  0F 00 00 00 00 00
 (1789615972.669324)  can0  201   [6]  0F 00 00 00 00 00
 (1789615972.675979)  can0  701   [1]  05
 (1789615972.679305)  can0  201   [6]  0F 00 00 00 00 00
 (1789615972.689305)  can0  201   [6]  0F 00 00 00 00 00
 (1789615972.693685)  can0  181   [8]  27 14 27 14 00 00 00 00
 (1789615972.693877)  can0  281   [5]  03 00 00 00 00
 (1789615972.699302)  can0  201   [6]  0F 00 00 00 00 00
 (1789615972.709307)  can0  201   [6]  0F 00 00 00 00 00
 (1789615972.719303)  can0  201   [6]  0F 00 00 00 00 00
 (1789615972.729296)  can0  201   [6]  0F 00 00 00 00 00
 (1789615972.739291)  can0  201   [6]  0F 00 00 00 00 00
 (1789615972.743634)  can0  181   [8]  27 14 27 14 00 00 00 00
 (1789615972.743823)  can0  281   [5]  03 00 00 00 00
 (1789615972.749293)  can0  201   [6]  0F 00 00 00 00 00
 (1789615972.759292)  can0  201   [6]  0F 00 00 00 00 00
 (1789615972.769293)  can0  201   [6]  0F 00 00 00 00 00
 (1789615972.779295)  can0  201   [6]  0F 00 00 00 00 00
 (1789615972.789291)  can0  201   [6]  0F 00 00 00 00 00
 (1789615972.793587)  can0  181   [8]  27 14 27 14 00 00 00 00
 (1789615972.793773)  can0  281   [5]  03 00 00 00 00
 (1789615972.799295)  can0  201   [6]  0F 00 00 00 00 00
 (1789615972.809293)  can0  201   [6]  0F 00 00 00 00 00
 (1789615972.819299)  can0  201   [6]  0F 00 00 00 00 00
 (1789615972.829293)  can0  201   [6]  0F 00 00 00 00 00
 (1789615972.839295)  can0  201   [6]  0F 00 00 00 00 00
 (1789615972.843533)  can0  181   [8]  27 14 27 14 00 00 00 00
 (1789615972.843725)  can0  281   [5]  03 00 00 00 00
 (1789615972.849295)  can0  201   [6]  0F 00 00 00 00 00
 (1789615972.859342)  can0  201   [6]  0F 00 00 00 00 00
 (1789615972.869302)  can0  201   [6]  0F 00 00 00 00 00
 (1789615972.879294)  can0  201   [6]  0F 00 00 00 00 00
 (1789615972.889293)  can0  201   [6]  0F 00 00 00 00 00
 (1789615972.893482)  can0  181   [8]  27 14 27 14 00 00 00 00
 (1789615972.893683)  can0  281   [5]  03 00 00 00 00
 (1789615972.899299)  can0  201   [6]  0F 00 00 00 00 00
 (1789615972.909293)  can0  201   [6]  0F 00 00 00 00 00
 (1789615972.919296)  can0  201   [6]  0F 00 00 00 00 00
 (1789615972.925477)  can0  701   [1]  05
 (1789615972.929296)  can0  201   [6]  0F 00 00 00 00 00
 (1789615972.939298)  can0  201   [6]  0F 00 00 00 00 00
 (1789615972.943432)  can0  181   [8]  27 14 27 14 00 00 00 00
 (1789615972.943645)  can0  281   [5]  03 00 00 00 00
 (1789615972.949294)  can0  201   [6]  0F 00 00 00 00 00
 (1789615972.959294)  can0  201   [6]  0F 00 00 00 00 00
 (1789615972.969293)  can0  201   [6]  0F 00 00 00 00 00
 (1789615972.979291)  can0  201   [6]  0F 00 00 00 00 00
 (1789615972.989295)  can0  201   [6]  0F 00 00 00 00 00
 (1789615972.993379)  can0  181   [8]  27 14 27 14 00 00 00 00
 (1789615972.993646)  can0  281   [5]  03 00 00 00 00
 (1789615972.999293)  can0  201   [6]  0F 00 00 00 00 00
 (1789615973.009298)  can0  201   [6]  0F 00 00 00 00 00
 (1789615973.019295)  can0  201   [6]  0F 00 00 00 00 00
 (1789615973.029326)  can0  201   [6]  0F 00 00 00 00 00
 (1789615973.039309)  can0  201   [6]  0F 00 00 00 00 00
 (1789615973.043332)  can0  181   [8]  27 14 27 14 00 00 00 00
 (1789615973.043606)  can0  281   [5]  03 00 00 00 00
 (1789615973.049317)  can0  201   [6]  0F 00 00 00 00 00
 (1789615973.059311)  can0  201   [6]  0F 00 00 00 00 00
 (1789615973.069321)  can0  201   [6]  0F 00 00 00 00 00
 (1789615973.079304)  can0  201   [6]  0F 00 00 00 00 00
 (1789615973.089323)  can0  201   [6]  0F 00 00 00 00 00
 (1789615973.093283)  can0  181   [8]  27 14 27 14 00 00 00 00
 (1789615973.093607)  can0  281   [5]  03 00 00 00 00
 (1789615973.099303)  can0  201   [6]  0F 00 00 00 00 00
 (1789615973.109335)  can0  201   [6]  0F 00 00 00 00 00
 (1789615973.119309)  can0  201   [6]  0F 00 00 00 00 00
 (1789615973.129329)  can0  201   [6]  0F 00 00 00 00 00
 (1789615973.139316)  can0  201   [6]  0F 00 00 00 00 00
 (1789615973.143234)  can0  181   [8]  27 14 27 14 00 00 00 00
 (1789615973.143570)  can0  281   [5]  03 00 00 00 00
 (1789615973.149309)  can0  201   [6]  0F 00 00 00 00 00
 (1789615973.159299)  can0  201   [6]  0F 00 00 00 00 00
 (1789615973.169324)  can0  201   [6]  0F 00 00 00 00 00
 (1789615973.175037)  can0  701   [1]  05
 (1789615973.179307)  can0  201   [6]  0F 00 00 00 00 00
 (1789615973.189300)  can0  201   [6]  0F 00 00 00 00 00
 (1789615973.193183)  can0  181   [8]  27 14 27 14 00 00 00 00
 (1789615973.193513)  can0  281   [5]  03 00 00 00 00
 (1789615973.199307)  can0  201   [6]  0F 00 00 00 00 00
 (1789615973.209298)  can0  201   [6]  0F 00 00 00 00 00
 (1789615973.219301)  can0  201   [6]  0F 00 00 00 00 00
 (1789615973.229297)  can0  201   [6]  0F 00 00 00 00 00
 (1789615973.239295)  can0  201   [6]  0F 00 00 00 00 00
 (1789615973.243130)  can0  181   [8]  27 14 27 14 00 00 00 00
 (1789615973.243471)  can0  281   [5]  03 00 00 00 00
 (1789615973.249297)  can0  201   [6]  0F 00 00 00 00 00
 (1789615973.259294)  can0  201   [6]  0F 00 00 00 00 00
 (1789615973.269293)  can0  201   [6]  0F 00 00 00 00 00
 (1789615973.279292)  can0  201   [6]  0F 00 00 00 00 00
 (1789615973.289296)  can0  201   [6]  0F 00 00 00 00 00
 (1789615973.293080)  can0  181   [8]  27 14 27 14 00 00 00 00
 (1789615973.293530)  can0  281   [5]  03 00 00 00 00
 (1789615973.299293)  can0  201   [6]  0F 00 00 00 00 00
 (1789615973.309292)  can0  201   [6]  0F 00 00 00 00 00
 (1789615973.319296)  can0  201   [6]  0F 00 00 00 00 00
 (1789615973.329293)  can0  201   [6]  0F 00 00 00 00 00
 (1789615973.339296)  can0  201   [6]  0F 00 00 00 00 00
 (1789615973.343028)  can0  181   [8]  27 14 27 14 00 00 00 00
 (1789615973.343484)  can0  281   [5]  03 00 00 00 00
 (1789615973.349295)  can0  201   [6]  0F 00 00 00 00 00
 (1789615973.359297)  can0  201   [6]  0F 00 00 00 00 00
 (1789615973.369315)  can0  201   [6]  0F 00 00 00 00 00
 (1789615973.379293)  can0  201   [6]  0F 00 00 00 00 00
 (1789615973.389294)  can0  201   [6]  0F 00 00 00 00 00
 (1789615973.392980)  can0  181   [8]  27 14 27 14 00 00 00 00
 (1789615973.393436)  can0  281   [5]  03 00 00 00 00
 (1789615973.399297)  can0  201   [6]  0F 00 00 00 00 00
 (1789615973.409294)  can0  201   [6]  0F 00 00 00 00 00
 (1789615973.419293)  can0  201   [6]  0F 00 00 00 00 00
 (1789615973.424543)  can0  701   [1]  05
 (1789615973.429294)  can0  201   [6]  0F 00 00 00 00 00
 (1789615973.439293)  can0  201   [6]  0F 00 00 00 00 00
 (1789615973.442931)  can0  181   [8]  27 14 27 14 00 00 00 00
 (1789615973.443394)  can0  281   [5]  03 00 00 00 00
 (1789615973.449293)  can0  201   [6]  0F 00 00 00 00 00
 (1789615973.459297)  can0  201   [6]  0F 00 00 00 00 00
 (1789615973.469294)  can0  201   [6]  0F 00 00 00 00 00
 (1789615973.479293)  can0  201   [6]  0F 00 00 00 00 00
 (1789615973.489291)  can0  201   [6]  0F 00 00 00 00 00
 (1789615973.492876)  can0  181   [8]  27 14 27 14 00 00 00 00
 (1789615973.493454)  can0  281   [5]  03 00 00 00 00
 (1789615973.499297)  can0  201   [6]  0F 00 00 00 00 00
 (1789615973.509296)  can0  201   [6]  0F 00 00 00 00 00
 (1789615973.519299)  can0  201   [6]  0F 00 00 00 00 00
 (1789615973.529320)  can0  201   [6]  0F 00 00 00 00 00
 (1789615973.539303)  can0  201   [6]  0F 00 00 00 00 00
 (1789615973.542828)  can0  181   [8]  27 14 27 14 00 00 00 00
 (1789615973.543407)  can0  281   [5]  03 00 00 00 00
 (1789615973.549343)  can0  201   [6]  0F 00 00 00 00 00
 (1789615973.559326)  can0  201   [6]  0F 00 00 00 00 00
 (1789615973.569305)  can0  201   [6]  0F 00 00 00 00 00
 (1789615973.579307)  can0  201   [6]  0F 00 00 00 00 00
 (1789615973.589343)  can0  201   [6]  0F 00 00 00 00 00
 (1789615973.592781)  can0  181   [8]  27 14 27 14 00 00 00 00
 (1789615973.593359)  can0  281   [5]  03 00 00 00 00
 (1789615973.599305)  can0  201   [6]  0F 00 00 00 00 00
 (1789615973.609333)  can0  201   [6]  0F 00 00 00 00 00
 (1789615973.619312)  can0  201   [6]  0F 00 00 00 00 00
 (1789615973.629332)  can0  201   [6]  0F 00 00 00 00 00
 (1789615973.639310)  can0  201   [6]  0F 00 00 00 00 00
 (1789615973.642728)  can0  181   [8]  27 14 27 14 00 00 00 00
 (1789615973.643317)  can0  281   [5]  03 00 00 00 00
 (1789615973.649305)  can0  201   [6]  0F 00 00 00 00 00
 (1789615973.659298)  can0  201   [6]  0F 00 00 00 00 00
 (1789615973.669376)  can0  201   [6]  0F 00 00 00 00 00
 (1789615973.674100)  can0  701   [1]  05
 (1789615973.679312)  can0  201   [6]  0F 00 00 00 00 00
 (1789615973.689305)  can0  201   [6]  0F 00 00 00 00 00
 (1789615973.692677)  can0  181   [8]  27 14 27 14 00 00 00 00
 (1789615973.693377)  can0  281   [5]  03 00 00 00 00
 (1789615973.699303)  can0  201   [6]  0F 00 00 00 00 00
 (1789615973.709298)  can0  201   [6]  0F 00 00 00 00 00
 (1789615973.719302)  can0  201   [6]  0F 00 00 00 00 00
 (1789615973.729295)  can0  201   [6]  0F 00 00 00 00 00
 (1789615973.739296)  can0  201   [6]  0F 00 00 00 00 00
 (1789615973.742625)  can0  181   [8]  27 14 27 14 00 00 00 00
 (1789615973.743331)  can0  281   [5]  03 00 00 00 00
 (1789615973.749296)  can0  201   [6]  0F 00 00 00 00 00
 (1789615973.759295)  can0  201   [6]  0F 00 00 00 00 00
 (1789615973.769294)  can0  201   [6]  0F 00 00 00 00 00
 (1789615973.779299)  can0  201   [6]  0F 00 00 00 00 00
 (1789615973.789291)  can0  201   [6]  0F 00 00 00 00 00
 (1789615973.792576)  can0  181   [8]  27 14 27 14 00 00 00 00
 (1789615973.793282)  can0  281   [5]  03 00 00 00 00
 (1789615973.799293)  can0  201   [6]  0F 00 00 00 00 00
 (1789615973.809294)  can0  201   [6]  0F 00 00 00 00 00
 (1789615973.819291)  can0  201   [6]  0F 00 00 00 00 00
 (1789615973.829294)  can0  201   [6]  0F 00 00 00 00 00
 (1789615973.839291)  can0  201   [6]  0F 00 00 00 00 00
 (1789615973.842526)  can0  181   [8]  27 14 27 14 00 00 00 00
 (1789615973.843300)  can0  281   [5]  03 00 00 00 00
 (1789615973.849298)  can0  201   [6]  0F 00 00 00 00 00
 (1789615973.859292)  can0  201   [6]  0F 00 00 00 00 00
 (1789615973.869316)  can0  201   [6]  0F 00 00 00 00 00
 (1789615973.879308)  can0  201   [6]  0F 00 00 00 00 00
 (1789615973.889296)  can0  201   [6]  0F 00 00 00 00 00
 (1789615973.892475)  can0  181   [8]  27 14 27 14 00 00 00 00
 (1789615973.893299)  can0  281   [5]  03 00 00 00 00
 (1789615973.899298)  can0  201   [6]  0F 00 00 00 00 00
 (1789615973.909292)  can0  201   [6]  0F 00 00 00 00 00
 (1789615973.919295)  can0  201   [6]  0F 00 00 00 00 00
 (1789615973.923660)  can0  701   [1]  05
 (1789615973.929293)  can0  201   [6]  0F 00 00 00 00 00
 (1789615973.939293)  can0  201   [6]  0F 00 00 00 00 00
 (1789615973.942426)  can0  181   [8]  27 14 27 14 00 00 00 00
 (1789615973.943254)  can0  281   [5]  03 00 00 00 00
 (1789615973.949296)  can0  201   [6]  0F 00 00 00 00 00
 (1789615973.959292)  can0  201   [6]  0F 00 00 00 00 00
 (1789615973.969294)  can0  201   [6]  0F 00 00 00 00 00
 (1789615973.979294)  can0  201   [6]  0F 00 00 00 00 00
 (1789615973.989296)  can0  201   [6]  0F 00 00 00 00 00
 (1789615973.992375)  can0  181   [8]  27 14 27 14 00 00 00 00
 (1789615973.993204)  can0  281   [5]  03 00 00 00 00
 (1789615973.999295)  can0  201   [6]  0F 00 00 00 00 00
 (1789615974.009293)  can0  201   [6]  0F 00 00 00 00 00
 (1789615974.019299)  can0  201   [6]  0F 00 00 00 00 00
 (1789615974.029303)  can0  201   [6]  0F 00 00 00 00 00
 (1789615974.039309)  can0  201   [6]  0F 00 00 00 00 00
 (1789615974.042326)  can0  181   [8]  27 14 27 14 00 00 00 00
 (1789615974.043221)  can0  281   [5]  03 00 00 00 00
 (1789615974.049298)  can0  201   [6]  0F 00 00 00 00 00
 (1789615974.059325)  can0  201   [6]  0F 00 00 00 00 00
 (1789615974.069308)  can0  201   [6]  0F 00 00 00 00 00
 (1789615974.079313)  can0  201   [6]  0F 00 00 00 00 00
 (1789615974.089337)  can0  201   [6]  0F 00 00 00 00 00
 (1789615974.092280)  can0  181   [8]  27 14 27 14 00 00 00 00
 (1789615974.093223)  can0  281   [5]  03 00 00 00 00
 (1789615974.099312)  can0  201   [6]  0F 00 00 00 00 00
 (1789615974.109330)  can0  201   [6]  0F 00 00 00 00 00
 (1789615974.119327)  can0  201   [6]  0F 00 00 00 00 00
 (1789615974.129307)  can0  201   [6]  0F 00 00 00 00 00
 (1789615974.139323)  can0  201   [6]  0F 00 00 00 00 00
 (1789615974.142224)  can0  181   [8]  27 14 27 14 00 00 00 00
 (1789615974.143120)  can0  281   [5]  03 00 00 00 00
 (1789615974.149306)  can0  201   [6]  0F 00 00 00 00 00
 (1789615974.159308)  can0  201   [6]  0F 00 00 00 00 00
 (1789615974.169316)  can0  201   [6]  0F 00 00 00 00 00
 (1789615974.173162)  can0  701   [1]  05
 (1789615974.179308)  can0  201   [6]  0F 00 00 00 00 00
 (1789615974.189304)  can0  201   [6]  0F 00 00 00 00 00
 (1789615974.192174)  can0  181   [8]  27 14 27 14 00 00 00 00
 (1789615974.193186)  can0  281   [5]  03 00 00 00 00
 (1789615974.199309)  can0  201   [6]  0F 00 00 00 00 00
 (1789615974.209299)  can0  201   [6]  0F 00 00 00 00 00
 (1789615974.219302)  can0  201   [6]  0F 00 00 00 00 00
 (1789615974.229299)  can0  201   [6]  0F 00 00 00 00 00
 (1789615974.239291)  can0  201   [6]  0F 00 00 00 00 00
 (1789615974.242124)  can0  181   [8]  27 14 27 14 00 00 00 00
 (1789615974.243145)  can0  281   [5]  03 00 00 00 00
 (1789615974.249297)  can0  201   [6]  0F 00 00 00 00 00
 (1789615974.259292)  can0  201   [6]  0F 00 00 00 00 00
 (1789615974.269294)  can0  201   [6]  0F 00 00 00 00 00
 (1789615974.279291)  can0  201   [6]  0F 00 00 00 00 00
 (1789615974.289293)  can0  201   [6]  0F 00 00 00 00 00
 (1789615974.292072)  can0  181   [8]  27 14 27 14 00 00 00 00
 (1789615974.293146)  can0  281   [5]  03 00 00 00 00
 (1789615974.299296)  can0  201   [6]  0F 00 00 00 00 00
 (1789615974.309295)  can0  201   [6]  0F 00 00 00 00 00
 (1789615974.319293)  can0  201   [6]  0F 00 00 00 00 00
 (1789615974.329293)  can0  201   [6]  0F 00 00 00 00 00
 (1789615974.339295)  can0  201   [6]  0F 00 00 00 00 00
 (1789615974.342022)  can0  181   [8]  27 14 27 14 00 00 00 00
 (1789615974.343103)  can0  281   [5]  03 00 00 00 00
 (1789615974.349294)  can0  201   [6]  0F 00 00 00 00 00
 (1789615974.359292)  can0  201   [6]  0F 00 00 00 00 00
 (1789615974.369318)  can0  201   [6]  0F 00 00 00 00 00
 (1789615974.379291)  can0  201   [6]  0F 00 00 00 00 00
 (1789615974.389296)  can0  201   [6]  0F 00 00 00 00 00
 (1789615974.391974)  can0  181   [8]  27 14 27 14 00 00 00 00
 (1789615974.393109)  can0  281   [5]  03 00 00 00 00
 (1789615974.399294)  can0  201   [6]  0F 00 00 00 00 00
 (1789615974.409293)  can0  201   [6]  0F 00 00 00 00 00
 (1789615974.419296)  can0  201   [6]  0F 00 00 00 00 00
 (1789615974.422719)  can0  701   [1]  05
 (1789615974.429295)  can0  201   [6]  0F 00 00 00 00 00
 (1789615974.439293)  can0  201   [6]  0F 00 00 00 00 00
 (1789615974.441919)  can0  181   [8]  27 14 27 14 00 00 00 00
 (1789615974.443069)  can0  281   [5]  03 00 00 00 00
 (1789615974.449295)  can0  201   [6]  0F 00 00 00 00 00
 (1789615974.459295)  can0  201   [6]  0F 00 00 00 00 00
 (1789615974.469293)  can0  201   [6]  0F 00 00 00 00 00
 (1789615974.479295)  can0  201   [6]  0F 00 00 00 00 00
 (1789615974.489290)  can0  201   [6]  0F 00 00 00 00 00
 (1789615974.491871)  can0  181   [8]  27 14 27 14 00 00 00 00
 (1789615974.493069)  can0  281   [5]  03 00 00 00 00
 (1789615974.499294)  can0  201   [6]  0F 00 00 00 00 00
 (1789615974.509294)  can0  201   [6]  0F 00 00 00 00 00
 (1789615974.519302)  can0  201   [6]  0F 00 00 00 00 00
 (1789615974.529313)  can0  201   [6]  0F 00 00 00 00 00
 (1789615974.539313)  can0  201   [6]  0F 00 00 00 00 00
 (1789615974.541821)  can0  181   [8]  27 14 27 14 00 00 00 00
 (1789615974.543025)  can0  281   [5]  03 00 00 00 00
 (1789615974.549302)  can0  201   [6]  0F 00 00 00 00 00
 (1789615974.559317)  can0  201   [6]  0F 00 00 00 00 00
 (1789615974.569307)  can0  201   [6]  0F 00 00 00 00 00
 (1789615974.579315)  can0  201   [6]  0F 00 00 00 00 00
 (1789615974.589315)  can0  201   [6]  0F 00 00 00 00 00
 (1789615974.591777)  can0  181   [8]  27 14 27 14 00 00 00 00
 (1789615974.593034)  can0  281   [5]  03 00 00 00 00
 (1789615974.599321)  can0  201   [6]  0F 00 00 00 00 00
 (1789615974.609309)  can0  201   [6]  0F 00 00 00 00 00
 (1789615974.619324)  can0  201   [6]  0F 00 00 00 00 00
 (1789615974.629315)  can0  201   [6]  0F 00 00 00 00 00
 (1789615974.639312)  can0  201   [6]  0F 00 00 00 00 00
 (1789615974.641722)  can0  181   [8]  27 14 27 14 00 00 00 00
 (1789615974.642992)  can0  281   [5]  03 00 00 00 00
 (1789615974.649311)  can0  201   [6]  0F 00 00 00 00 00
 (1789615974.659300)  can0  201   [6]  0F 00 00 00 00 00
 (1789615974.669313)  can0  201   [6]  0F 00 00 00 00 00
 (1789615974.672283)  can0  701   [1]  05
 (1789615974.679312)  can0  201   [6]  0F 00 00 00 00 00
 (1789615974.689306)  can0  201   [6]  0F 00 00 00 00 00
 (1789615974.691670)  can0  181   [8]  27 14 27 14 00 00 00 00
 (1789615974.692993)  can0  281   [5]  03 00 00 00 00
 (1789615974.699302)  can0  201   [6]  0F 00 00 00 00 00
 (1789615974.709302)  can0  201   [6]  0F 00 00 00 00 00
 (1789615974.719303)  can0  201   [6]  0F 00 00 00 00 00
 (1789615974.729302)  can0  201   [6]  0F 00 00 00 00 00
 (1789615974.739298)  can0  201   [6]  0F 00 00 00 00 00
 (1789615974.741621)  can0  181   [8]  27 14 27 14 00 00 00 00
 (1789615974.742950)  can0  281   [5]  03 00 00 00 00
 (1789615974.749295)  can0  201   [6]  0F 00 00 00 00 00
 (1789615974.759295)  can0  201   [6]  0F 00 00 00 00 00
 (1789615974.769290)  can0  201   [6]  0F 00 00 00 00 00
 (1789615974.779292)  can0  201   [6]  0F 00 00 00 00 00
 (1789615974.789292)  can0  201   [6]  0F 00 00 00 00 00
 (1789615974.791570)  can0  181   [8]  27 14 27 14 00 00 00 00
 (1789615974.792955)  can0  281   [5]  03 00 00 00 00
 (1789615974.799292)  can0  201   [6]  0F 00 00 00 00 00
 (1789615974.809298)  can0  201   [6]  0F 00 00 00 00 00
 (1789615974.819293)  can0  201   [6]  0F 00 00 00 00 00
 (1789615974.829293)  can0  201   [6]  0F 00 00 00 00 00
 (1789615974.839291)  can0  201   [6]  0F 00 00 00 00 00
 (1789615974.841519)  can0  181   [8]  27 14 27 14 00 00 00 00
 (1789615974.842916)  can0  281   [5]  03 00 00 00 00
 (1789615974.849296)  can0  201   [6]  0F 00 00 00 00 00
 (1789615974.859295)  can0  201   [6]  0F 00 00 00 00 00
 (1789615974.869323)  can0  201   [6]  0F 00 00 00 00 00
 (1789615974.879298)  can0  201   [6]  0F 00 00 00 00 00
 (1789615974.889292)  can0  201   [6]  0F 00 00 00 00 00
 (1789615974.891469)  can0  181   [8]  27 14 27 14 00 00 00 00
 (1789615974.892916)  can0  281   [5]  03 00 00 00 00
 (1789615974.899296)  can0  201   [6]  0F 00 00 00 00 00
 (1789615974.909293)  can0  201   [6]  0F 00 00 00 00 00
 (1789615974.919295)  can0  201   [6]  0F 00 00 00 00 00
 (1789615974.921778)  can0  701   [1]  05
 (1789615974.929296)  can0  201   [6]  0F 00 00 00 00 00
 (1789615974.939293)  can0  201   [6]  0F 00 00 00 00 00
 (1789615974.941416)  can0  181   [8]  27 14 27 14 00 00 00 00
 (1789615974.942877)  can0  281   [5]  03 00 00 00 00
 (1789615974.949295)  can0  201   [6]  0F 00 00 00 00 00
 (1789615974.959293)  can0  201   [6]  0F 00 00 00 00 00
 (1789615974.969292)  can0  201   [6]  0F 00 00 00 00 00
 (1789615974.979291)  can0  201   [6]  0F 00 00 00 00 00
 (1789615974.989292)  can0  201   [6]  0F 00 00 00 00 00
 (1789615974.991367)  can0  181   [8]  27 14 27 14 00 00 00 00
 (1789615974.992877)  can0  281   [5]  03 00 00 00 00
 (1789615974.999295)  can0  201   [6]  0F 00 00 00 00 00
 (1789615975.009291)  can0  201   [6]  0F 00 00 00 00 00
 (1789615975.019299)  can0  201   [6]  0F 00 00 00 00 00
 (1789615975.029292)  can0  201   [6]  0F 00 00 00 00 00
 (1789615975.039313)  can0  201   [6]  0F 00 00 00 00 00
 (1789615975.041317)  can0  181   [8]  27 14 27 14 00 00 00 00
 (1789615975.042835)  can0  281   [5]  03 00 00 00 00
 (1789615975.049305)  can0  201   [6]  0F 00 00 00 00 00
 (1789615975.059319)  can0  201   [6]  0F 00 00 00 00 00
 (1789615975.069302)  can0  201   [6]  0F 00 00 00 00 00
 (1789615975.079315)  can0  201   [6]  0F 00 00 00 00 00
 (1789615975.089299)  can0  201   [6]  0F 00 00 00 00 00
 (1789615975.091276)  can0  181   [8]  27 14 27 14 00 00 00 00
 (1789615975.092841)  can0  281   [5]  03 00 00 00 00
 (1789615975.099328)  can0  201   [6]  0F 00 00 00 00 00
 (1789615975.109248)  can0  201   [6]  0F 00 00 00 00 00
 (1789615975.119323)  can0  201   [6]  0F 00 00 00 00 00
 (1789615975.129307)  can0  201   [6]  0F 00 00 00 00 00
 (1789615975.139314)  can0  201   [6]  0F 00 00 00 00 00
 (1789615975.141219)  can0  181   [8]  27 14 27 14 00 00 00 00
 (1789615975.142801)  can0  281   [5]  03 00 00 00 00
 (1789615975.149313)  can0  201   [6]  0F 00 00 00 00 00
 (1789615975.159300)  can0  201   [6]  0F 00 00 00 00 00
 (1789615975.169302)  can0  201   [6]  0F 00 00 00 00 00
 (1789615975.171343)  can0  701   [1]  05
 (1789615975.179323)  can0  201   [6]  0F 00 00 00 00 00
 (1789615975.189304)  can0  201   [6]  0F 00 00 00 00 00
 (1789615975.191166)  can0  181   [8]  27 14 27 14 00 00 00 00
 (1789615975.192764)  can0  281   [5]  03 00 00 00 00
 (1789615975.199309)  can0  201   [6]  0F 00 00 00 00 00
 (1789615975.209303)  can0  201   [6]  0F 00 00 00 00 00
 (1789615975.219303)  can0  201   [6]  0F 00 00 00 00 00
 (1789615975.229304)  can0  201   [6]  0F 00 00 00 00 00
 (1789615975.239294)  can0  201   [6]  0F 00 00 00 00 00
 (1789615975.241117)  can0  181   [8]  27 14 27 14 00 00 00 00
 (1789615975.242760)  can0  281   [5]  03 00 00 00 00
 (1789615975.249296)  can0  201   [6]  0F 00 00 00 00 00
 (1789615975.259297)  can0  201   [6]  0F 00 00 00 00 00
 (1789615975.269293)  can0  201   [6]  0F 00 00 00 00 00
 (1789615975.279293)  can0  201   [6]  0F 00 00 00 00 00
 (1789615975.289291)  can0  201   [6]  0F 00 00 00 00 00
 (1789615975.291065)  can0  181   [8]  27 14 27 14 00 00 00 00
 (1789615975.292762)  can0  281   [5]  03 00 00 00 00
 (1789615975.299294)  can0  201   [6]  0F 00 00 00 00 00
 (1789615975.309293)  can0  201   [6]  0F 00 00 00 00 00
 (1789615975.319291)  can0  201   [6]  0F 00 00 00 00 00
 (1789615975.329290)  can0  201   [6]  0F 00 00 00 00 00
 (1789615975.339293)  can0  201   [6]  0F 00 00 00 00 00
 (1789615975.341013)  can0  181   [8]  27 14 27 14 00 00 00 00
 (1789615975.342720)  can0  281   [5]  03 00 00 00 00
 (1789615975.349295)  can0  201   [6]  0F 00 00 00 00 00
 (1789615975.359294)  can0  201   [6]  0F 00 00 00 00 00
 (1789615975.369276)  can0  201   [6]  0F 00 00 00 00 00
 (1789615975.379297)  can0  201   [6]  0F 00 00 00 00 00
 (1789615975.389240)  can0  201   [6]  0F 00 00 00 00 00
 (1789615975.390967)  can0  181   [8]  27 14 27 14 00 00 00 00
 (1789615975.392727)  can0  281   [5]  03 00 00 00 00
 (1789615975.399296)  can0  201   [6]  0F 00 00 00 00 00
 (1789615975.409293)  can0  201   [6]  0F 00 00 00 00 00
 (1789615975.419294)  can0  201   [6]  0F 00 00 00 00 00
 (1789615975.420903)  can0  701   [1]  05
 (1789615975.429293)  can0  201   [6]  0F 00 00 00 00 00
 (1789615975.439295)  can0  201   [6]  0F 00 00 00 00 00
 (1789615975.440916)  can0  181   [8]  27 14 27 14 00 00 00 00
 (1789615975.442684)  can0  281   [5]  03 00 00 00 00
 (1789615975.449293)  can0  201   [6]  0F 00 00 00 00 00
 (1789615975.459293)  can0  201   [6]  0F 00 00 00 00 00
 (1789615975.469295)  can0  201   [6]  0F 00 00 00 00 00
 (1789615975.479292)  can0  201   [6]  0F 00 00 00 00 00
 (1789615975.489292)  can0  201   [6]  0F 00 00 00 00 00
 (1789615975.490864)  can0  181   [8]  27 14 27 14 00 00 00 00
 (1789615975.492688)  can0  281   [5]  03 00 00 00 00
 (1789615975.499293)  can0  201   [6]  0F 00 00 00 00 00
 (1789615975.509294)  can0  201   [6]  0F 00 00 00 00 00
 (1789615975.519301)  can0  201   [6]  0F 00 00 00 00 00
 (1789615975.529297)  can0  201   [6]  0F 00 00 00 00 00
 (1789615975.539311)  can0  201   [6]  0F 00 00 00 00 00
 (1789615975.540815)  can0  181   [8]  27 14 27 14 00 00 00 00
 (1789615975.542645)  can0  281   [5]  03 00 00 00 00
 (1789615975.549303)  can0  201   [6]  0F 00 00 00 00 00
 (1789615975.559315)  can0  201   [6]  0F 00 00 00 00 00
 (1789615975.569321)  can0  201   [6]  0F 00 00 00 00 00
 (1789615975.579315)  can0  201   [6]  0F 00 00 00 00 00
 (1789615975.589302)  can0  201   [6]  0F 00 00 00 00 00
 (1789615975.590764)  can0  181   [8]  27 14 27 14 00 00 00 00
 (1789615975.592592)  can0  281   [5]  03 00 00 00 00
 (1789615975.599337)  can0  201   [6]  0F 00 00 00 00 00
 (1789615975.609305)  can0  201   [6]  0F 00 00 00 00 00
 (1789615975.619331)  can0  201   [6]  0F 00 00 00 00 00
 (1789615975.629312)  can0  201   [6]  0F 00 00 00 00 00
 (1789615975.639314)  can0  201   [6]  0F 00 00 00 00 00
 (1789615975.640717)  can0  181   [8]  27 14 27 14 00 00 00 00
 (1789615975.642609)  can0  281   [5]  03 00 00 00 00
 (1789615975.649322)  can0  201   [6]  0F 00 00 00 00 00
 (1789615975.659297)  can0  201   [6]  0F 00 00 00 00 00
 (1789615975.669303)  can0  201   [6]  0F 00 00 00 00 00
 (1789615975.670402)  can0  701   [1]  05
 (1789615975.679340)  can0  201   [6]  0F 00 00 00 00 00
 (1789615975.689310)  can0  201   [6]  0F 00 00 00 00 00
 (1789615975.690663)  can0  181   [8]  27 14 27 14 00 00 00 00
 (1789615975.692609)  can0  281   [5]  03 00 00 00 00
 (1789615975.699305)  can0  201   [6]  0F 00 00 00 00 00
 (1789615975.709304)  can0  201   [6]  0F 00 00 00 00 00
 (1789615975.719298)  can0  201   [6]  0F 00 00 00 00 00
 (1789615975.729301)  can0  201   [6]  0F 00 00 00 00 00
 (1789615975.739295)  can0  201   [6]  0F 00 00 00 00 00
 (1789615975.740615)  can0  181   [8]  27 14 27 14 00 00 00 00
 (1789615975.742569)  can0  281   [5]  03 00 00 00 00
 (1789615975.749297)  can0  201   [6]  0F 00 00 00 00 00
 (1789615975.759293)  can0  201   [6]  0F 00 00 00 00 00
 (1789615975.769295)  can0  201   [6]  0F 00 00 00 00 00
 (1789615975.779293)  can0  201   [6]  0F 00 00 00 00 00
 (1789615975.789297)  can0  201   [6]  0F 00 00 00 00 00
 (1789615975.790564)  can0  181   [8]  27 14 27 14 00 00 00 00
 (1789615975.792571)  can0  281   [5]  03 00 00 00 00
 (1789615975.799294)  can0  201   [6]  0F 00 00 00 00 00
 (1789615975.809239)  can0  201   [6]  0F 00 00 00 00 00
 (1789615975.819291)  can0  201   [6]  0F 00 00 00 00 00
 (1789615975.829291)  can0  201   [6]  0F 00 00 00 00 00
 (1789615975.839293)  can0  201   [6]  0F 00 00 00 00 00
 (1789615975.840577)  can0  181   [8]  27 14 27 14 00 00 00 00
 (1789615975.842523)  can0  281   [5]  03 00 00 00 00
 (1789615975.849294)  can0  201   [6]  0F 00 00 00 00 00
 (1789615975.859296)  can0  201   [6]  0F 00 00 00 00 00
 (1789615975.869292)  can0  201   [6]  0F 00 00 00 00 00
 (1789615975.879312)  can0  201   [6]  0F 00 00 00 00 00
 (1789615975.889297)  can0  201   [6]  0F 00 00 00 00 00
 (1789615975.890526)  can0  181   [8]  27 14 27 14 00 00 00 00
 (1789615975.892470)  can0  281   [5]  03 00 00 00 00
 (1789615975.899295)  can0  201   [6]  0F 00 00 00 00 00
 (1789615975.909296)  can0  201   [6]  0F 00 00 00 00 00
 (1789615975.919293)  can0  201   [6]  0F 00 00 00 00 00
 (1789615975.919905)  can0  701   [1]  05
 (1789615975.929295)  can0  201   [6]  0F 00 00 00 00 00
 (1789615975.939292)  can0  201   [6]  0F 00 00 00 00 00
 (1789615975.940474)  can0  181   [8]  27 14 27 14 00 00 00 00
 (1789615975.942364)  can0  281   [5]  03 00 00 00 00
 (1789615975.949296)  can0  201   [6]  0F 00 00 00 00 00
 (1789615975.959294)  can0  201   [6]  0F 00 00 00 00 00
 (1789615975.969293)  can0  201   [6]  0F 00 00 00 00 00
 (1789615975.979295)  can0  201   [6]  0F 00 00 00 00 00
 (1789615975.989290)  can0  201   [6]  0F 00 00 00 00 00
 (1789615975.990424)  can0  181   [8]  27 14 27 14 00 00 00 00
 (1789615975.992369)  can0  281   [5]  03 00 00 00 00
 (1789615975.999298)  can0  201   [6]  0F 00 00 00 00 00
 (1789615976.009293)  can0  201   [6]  0F 00 00 00 00 00
 (1789615976.019298)  can0  201   [6]  0F 00 00 00 00 00
 (1789615976.029293)  can0  201   [6]  0F 00 00 00 00 00
 (1789615976.039308)  can0  201   [6]  0F 00 00 00 00 00
 (1789615976.040374)  can0  181   [8]  27 14 27 14 00 00 00 00
 (1789615976.042320)  can0  281   [5]  03 00 00 00 00
 (1789615976.049303)  can0  201   [6]  0F 00 00 00 00 00
 (1789615976.059298)  can0  201   [6]  0F 00 00 00 00 00
 (1789615976.069297)  can0  201   [6]  0F 00 00 00 00 00
 (1789615976.079297)  can0  201   [6]  0F 00 00 00 00 00
 (1789615976.089246)  can0  201   [6]  0F 00 00 00 00 00
 (1789615976.090322)  can0  181   [8]  27 14 27 14 00 00 00 00
 (1789615976.092270)  can0  281   [5]  03 00 00 00 00
 (1789615976.099299)  can0  201   [6]  0F 00 00 00 00 00
 (1789615976.109294)  can0  201   [6]  0F 00 00 00 00 00
 (1789615976.119293)  can0  201   [6]  0F 00 00 00 00 00
 (1789615976.129291)  can0  201   [6]  0F 00 00 00 00 00
 (1789615976.139293)  can0  201   [6]  0F 00 00 00 00 00
 (1789615976.140272)  can0  181   [8]  27 14 27 14 00 00 00 00
 (1789615976.142220)  can0  281   [5]  03 00 00 00 00
 (1789615976.149292)  can0  201   [6]  0F 00 00 00 00 00
 (1789615976.159293)  can0  201   [6]  0F 00 00 00 00 00
 (1789615976.169293)  can0  201   [6]  0F 00 00 00 00 00
 (1789615976.169469)  can0  701   [1]  05
 (1789615976.179293)  can0  201   [6]  0F 00 00 00 00 00
 (1789615976.189296)  can0  201   [6]  0F 00 00 00 00 00
 (1789615976.190221)  can0  181   [8]  27 14 27 14 00 00 00 00
 (1789615976.192167)  can0  281   [5]  03 00 00 00 00
 (1789615976.199294)  can0  201   [6]  0F 00 00 00 00 00
 (1789615976.209296)  can0  201   [6]  0F 00 00 00 00 00
 (1789615976.219295)  can0  201   [6]  0F 00 00 00 00 00
 (1789615976.229293)  can0  201   [6]  0F 00 00 00 00 00
 (1789615976.239311)  can0  201   [6]  0F 00 00 00 00 00
 (1789615976.240174)  can0  181   [8]  27 14 27 14 00 00 00 00
 (1789615976.242118)  can0  281   [5]  03 00 00 00 00
 (1789615976.249296)  can0  201   [6]  0F 00 00 00 00 00
 (1789615976.259297)  can0  201   [6]  0F 00 00 00 00 00
 (1789615976.269294)  can0  201   [6]  0F 00 00 00 00 00
 (1789615976.279294)  can0  201   [6]  0F 00 00 00 00 00
 (1789615976.289293)  can0  201   [6]  0F 00 00 00 00 00
 (1789615976.290065)  can0  181   [8]  27 14 27 14 00 00 00 00
 (1789615976.292066)  can0  281   [5]  03 00 00 00 00
 (1789615976.299295)  can0  201   [6]  0F 00 00 00 00 00
 (1789615976.309296)  can0  201   [6]  0F 00 00 00 00 00
 (1789615976.319294)  can0  201   [6]  0F 00 00 00 00 00
 (1789615976.329293)  can0  201   [6]  0F 00 00 00 00 00
 (1789615976.339292)  can0  201   [6]  0F 00 00 00 00 00
 (1789615976.340070)  can0  181   [8]  27 14 27 14 00 00 00 00
 (1789615976.342016)  can0  281   [5]  03 00 00 00 00
 (1789615976.349297)  can0  201   [6]  0F 00 00 00 00 00
 (1789615976.359294)  can0  201   [6]  0F 00 00 00 00 00
 (1789615976.369293)  can0  201   [6]  0F 00 00 00 00 00
 (1789615976.379299)  can0  201   [6]  0F 00 00 00 00 00
 (1789615976.389294)  can0  201   [6]  0F 00 00 00 00 00
 (1789615976.390020)  can0  181   [8]  27 14 27 14 00 00 00 00
 (1789615976.391966)  can0  281   [5]  03 00 00 00 00
 (1789615976.399314)  can0  201   [6]  0F 00 00 00 00 00
 (1789615976.409311)  can0  201   [6]  0F 00 00 00 00 00
 (1789615976.419031)  can0  701   [1]  05
 (1789615976.419310)  can0  201   [6]  0F 00 00 00 00 00
 (1789615976.429314)  can0  201   [6]  0F 00 00 00 00 00
 (1789615976.439306)  can0  201   [6]  0F 00 00 00 00 00
 (1789615976.439978)  can0  181   [8]  27 14 27 14 00 00 00 00
 (1789615976.441919)  can0  281   [5]  03 00 00 00 00
 (1789615976.449306)  can0  201   [6]  0F 00 00 00 00 00
 (1789615976.459345)  can0  201   [6]  0F 00 00 00 00 00
 (1789615976.469299)  can0  201   [6]  0F 00 00 00 00 00
 (1789615976.479329)  can0  201   [6]  0F 00 00 00 00 00
 (1789615976.489319)  can0  201   [6]  0F 00 00 00 00 00
 (1789615976.489865)  can0  181   [8]  27 14 27 14 00 00 00 00
 (1789615976.491868)  can0  281   [5]  03 00 00 00 00
 (1789615976.499316)  can0  201   [6]  0F 00 00 00 00 00
 (1789615976.509313)  can0  201   [6]  0F 00 00 00 00 00
 (1789615976.519312)  can0  201   [6]  0F 00 00 00 00 00
 (1789615976.529307)  can0  201   [6]  0F 00 00 00 00 00
 (1789615976.539322)  can0  201   [6]  0F 00 00 00 00 00
 (1789615976.539872)  can0  181   [8]  27 14 27 14 00 00 00 00
 (1789615976.541816)  can0  281   [5]  03 00 00 00 00
 (1789615976.549316)  can0  201   [6]  0F 00 00 00 00 00
 (1789615976.559303)  can0  201   [6]  0F 00 00 00 00 00
 (1789615976.569307)  can0  201   [6]  0F 00 00 00 00 00
 (1789615976.579300)  can0  201   [6]  0F 00 00 00 00 00
 (1789615976.589310)  can0  201   [6]  0F 00 00 00 00 00
 (1789615976.589763)  can0  181   [8]  27 14 27 14 00 00 00 00
 (1789615976.591768)  can0  281   [5]  03 00 00 00 00
 (1789615976.599296)  can0  201   [6]  0F 00 00 00 00 00
 (1789615976.609297)  can0  201   [6]  0F 00 00 00 00 00
 (1789615976.619292)  can0  201   [6]  0F 00 00 00 00 00
 (1789615976.629296)  can0  201   [6]  0F 00 00 00 00 00
 (1789615976.639293)  can0  201   [6]  0F 00 00 00 00 00
 (1789615976.639769)  can0  181   [8]  27 14 27 14 00 00 00 00
 (1789615976.641719)  can0  281   [5]  03 00 00 00 00
 (1789615976.649296)  can0  201   [6]  0F 00 00 00 00 00
 (1789615976.659293)  can0  201   [6]  0F 00 00 00 00 00
 (1789615976.668582)  can0  701   [1]  05
 (1789615976.668883)  can0  201   [6]  0F 00 00 00 00 00
 (1789615976.679294)  can0  201   [6]  0F 00 00 00 00 00
 (1789615976.689293)  can0  201   [6]  0F 00 00 00 00 00
 (1789615976.689662)  can0  181   [8]  27 14 27 14 00 00 00 00
 (1789615976.691666)  can0  281   [5]  03 00 00 00 00
 (1789615976.699298)  can0  201   [6]  0F 00 00 00 00 00
 (1789615976.709293)  can0  201   [6]  0F 00 00 00 00 00
 (1789615976.719295)  can0  201   [6]  0F 00 00 00 00 00
 (1789615976.729296)  can0  201   [6]  0F 00 00 00 00 00
 (1789615976.739315)  can0  201   [6]  0F 00 00 00 00 00
 (1789615976.739733)  can0  181   [8]  27 14 27 14 00 00 00 00
 (1789615976.741617)  can0  281   [5]  03 00 00 00 00
 (1789615976.749256)  can0  201   [6]  0F 00 00 00 00 00
 (1789615976.759255)  can0  201   [6]  0F 00 00 00 00 00
 (1789615976.769253)  can0  201   [6]  0F 00 00 00 00 00
 (1789615976.779248)  can0  201   [6]  0F 00 00 00 00 00
 (1789615976.789250)  can0  201   [6]  0F 00 00 00 00 00
 (1789615976.789688)  can0  181   [8]  27 14 27 14 00 00 00 00
 (1789615976.791507)  can0  281   [5]  03 00 00 00 00
 (1789615976.799268)  can0  201   [6]  0F 00 00 00 00 00
 (1789615976.809259)  can0  201   [6]  0F 00 00 00 00 00
 (1789615976.819307)  can0  201   [6]  0F 00 00 00 00 00
 (1789615976.829308)  can0  201   [6]  0F 00 00 00 00 00
 (1789615976.839295)  can0  201   [6]  0F 00 00 00 00 00
 (1789615976.839638)  can0  181   [8]  27 14 27 14 00 00 00 00
 (1789615976.841515)  can0  281   [5]  03 00 00 00 00
 (1789615976.849296)  can0  201   [6]  0F 00 00 00 00 00
 (1789615976.859295)  can0  201   [6]  0F 00 00 00 00 00
 (1789615976.869294)  can0  201   [6]  0F 00 00 00 00 00
 (1789615976.879294)  can0  201   [6]  0F 00 00 00 00 00
 (1789615976.889298)  can0  201   [6]  0F 00 00 00 00 00
 (1789615976.889651)  can0  181   [8]  27 14 27 14 00 00 00 00
 (1789615976.891463)  can0  281   [5]  03 00 00 00 00
 (1789615976.899311)  can0  201   [6]  0F 00 00 00 00 00
 (1789615976.909317)  can0  201   [6]  0F 00 00 00 00 00
 (1789615976.918140)  can0  701   [1]  05
 (1789615976.918459)  can0  201   [6]  0F 00 00 00 00 00
 (1789615976.929304)  can0  201   [6]  0F 00 00 00 00 00
 (1789615976.939307)  can0  201   [6]  0F 00 00 00 00 00
 (1789615976.939663)  can0  181   [8]  27 14 27 14 00 00 00 00
 (1789615976.941411)  can0  281   [5]  03 00 00 00 00
 (1789615976.949350)  can0  201   [6]  0F 00 00 00 00 00
 (1789615976.959294)  can0  201   [6]  0F 00 00 00 00 00
 (1789615976.969292)  can0  201   [6]  0F 00 00 00 00 00
 (1789615976.979296)  can0  201   [6]  0F 00 00 00 00 00
 (1789615976.989292)  can0  201   [6]  0F 00 00 00 00 00
 (1789615976.989612)  can0  181   [8]  27 14 27 14 00 00 00 00
 (1789615976.991364)  can0  281   [5]  03 00 00 00 00
 (1789615976.999294)  can0  201   [6]  0F 00 00 00 00 00
 (1789615977.009294)  can0  201   [6]  0F 00 00 00 00 00
 (1789615977.019294)  can0  201   [6]  0F 00 00 00 00 00
 (1789615977.029294)  can0  201   [6]  0F 00 00 00 00 00
 (1789615977.039292)  can0  201   [6]  0F 00 00 00 00 00
 (1789615977.039624)  can0  181   [8]  27 14 27 14 00 00 00 00
 (1789615977.041314)  can0  281   [5]  03 00 00 00 00
 (1789615977.049299)  can0  201   [6]  0F 00 00 00 00 00
 (1789615977.059294)  can0  201   [6]  0F 00 00 00 00 00
 (1789615977.069294)  can0  201   [6]  0F 00 00 00 00 00
 (1789615977.079293)  can0  201   [6]  0F 00 00 00 00 00
 (1789615977.089292)  can0  201   [6]  0F 00 00 00 00 00
 (1789615977.089695)  can0  181   [8]  27 14 27 14 00 00 00 00
 (1789615977.091262)  can0  281   [5]  03 00 00 00 00
 (1789615977.099333)  can0  201   [6]  0F 00 00 00 00 00
 (1789615977.109297)  can0  201   [6]  0F 00 00 00 00 00
 (1789615977.119297)  can0  201   [6]  0F 00 00 00 00 00
 (1789615977.129292)  can0  201   [6]  0F 00 00 00 00 00
 (1789615977.139295)  can0  201   [6]  0F 00 00 00 00 00
 (1789615977.139649)  can0  181   [8]  27 14 27 14 00 00 00 00
 (1789615977.141210)  can0  281   [5]  03 00 00 00 00
 (1789615977.149296)  can0  201   [6]  0F 00 00 00 00 00
 (1789615977.159295)  can0  201   [6]  0F 00 00 00 00 00
 (1789615977.167643)  can0  701   [1]  05
 (1789615977.169295)  can0  201   [6]  0F 00 00 00 00 00
 (1789615977.179292)  can0  201   [6]  0F 00 00 00 00 00
 (1789615977.189293)  can0  201   [6]  0F 00 00 00 00 00
 (1789615977.189655)  can0  181   [8]  27 14 27 14 00 00 00 00
 (1789615977.191225)  can0  281   [5]  03 00 00 00 00
 (1789615977.199295)  can0  201   [6]  0F 00 00 00 00 00
 (1789615977.209296)  can0  201   [6]  0F 00 00 00 00 00
 (1789615977.219295)  can0  201   [6]  0F 00 00 00 00 00
 (1789615977.229294)  can0  201   [6]  0F 00 00 00 00 00
 (1789615977.239295)  can0  201   [6]  0F 00 00 00 00 00
 (1789615977.239668)  can0  181   [8]  27 14 27 14 00 00 00 00
 (1789615977.241186)  can0  281   [5]  03 00 00 00 00
 (1789615977.249299)  can0  201   [6]  0F 00 00 00 00 00
 (1789615977.259315)  can0  201   [6]  0F 00 00 00 00 00
 (1789615977.269310)  can0  201   [6]  0F 00 00 00 00 00
 (1789615977.279301)  can0  201   [6]  0F 00 00 00 00 00
 (1789615977.289313)  can0  201   [6]  0F 00 00 00 00 00
 (1789615977.289629)  can0  181   [8]  27 14 27 14 00 00 00 00
 (1789615977.291185)  can0  281   [5]  03 00 00 00 00
 (1789615977.299307)  can0  201   [6]  0F 00 00 00 00 00
 (1789615977.309315)  can0  201   [6]  0F 00 00 00 00 00
 (1789615977.319323)  can0  201   [6]  0F 00 00 00 00 00
 (1789615977.329324)  can0  201   [6]  0F 00 00 00 00 00
 (1789615977.339307)  can0  201   [6]  0F 00 00 00 00 00
 (1789615977.339634)  can0  181   [8]  27 14 27 14 00 00 00 00
 (1789615977.341148)  can0  281   [5]  03 00 00 00 00
 (1789615977.349329)  can0  201   [6]  0F 00 00 00 00 00
 (1789615977.359316)  can0  201   [6]  0F 00 00 00 00 00
 (1789615977.369318)  can0  201   [6]  0F 00 00 00 00 00
 (1789615977.379305)  can0  201   [6]  0F 00 00 00 00 00
 (1789615977.389302)  can0  201   [6]  0F 00 00 00 00 00
 (1789615977.389702)  can0  181   [8]  27 14 27 14 00 00 00 00
 (1789615977.391148)  can0  281   [5]  03 00 00 00 00
 (1789615977.399333)  can0  201   [6]  0F 00 00 00 00 00
 (1789615977.409307)  can0  201   [6]  0F 00 00 00 00 00
 (1789615977.417269)  can0  701   [1]  05
 (1789615977.419307)  can0  201   [6]  0F 00 00 00 00 00
 (1789615977.429299)  can0  201   [6]  0F 00 00 00 00 00
 (1789615977.439298)  can0  201   [6]  0F 00 00 00 00 00
 (1789615977.439715)  can0  181   [8]  27 14 27 14 00 00 00 00
 (1789615977.441110)  can0  281   [5]  03 00 00 00 00
 (1789615977.449302)  can0  201   [6]  0F 00 00 00 00 00
 (1789615977.459303)  can0  201   [6]  0F 00 00 00 00 00
 (1789615977.469297)  can0  201   [6]  0F 00 00 00 00 00
 (1789615977.479293)  can0  201   [6]  0F 00 00 00 00 00
 (1789615977.489295)  can0  201   [6]  0F 00 00 00 00 00
 (1789615977.489679)  can0  181   [8]  27 14 27 14 00 00 00 00
 (1789615977.491108)  can0  281   [5]  03 00 00 00 00
 (1789615977.499293)  can0  201   [6]  0F 00 00 00 00 00
 (1789615977.509292)  can0  201   [6]  0F 00 00 00 00 00
 (1789615977.519299)  can0  201   [6]  0F 00 00 00 00 00
 (1789615977.529294)  can0  201   [6]  0F 00 00 00 00 00
 (1789615977.539294)  can0  201   [6]  0F 00 00 00 00 00
 (1789615977.539679)  can0  181   [8]  27 14 27 14 00 00 00 00
 (1789615977.541062)  can0  281   [5]  03 00 00 00 00
 (1789615977.549293)  can0  201   [6]  0F 00 00 00 00 00
 (1789615977.559295)  can0  201   [6]  0F 00 00 00 00 00
 (1789615977.569291)  can0  201   [6]  0F 00 00 00 00 00
 (1789615977.579293)  can0  201   [6]  0F 00 00 00 00 00
 (1789615977.589293)  can0  201   [6]  0F 00 00 00 00 00
 (1789615977.589633)  can0  181   [8]  27 14 27 14 00 00 00 00
 (1789615977.591009)  can0  281   [5]  03 00 00 00 00
 (1789615977.599332)  can0  201   [6]  0F 00 00 00 00 00
 (1789615977.609298)  can0  201   [6]  0F 00 00 00 00 00
 (1789615977.619293)  can0  201   [6]  0F 00 00 00 00 00
 (1789615977.629298)  can0  201   [6]  0F 00 00 00 00 00
 (1789615977.639294)  can0  201   [6]  0F 00 00 00 00 00
 (1789615977.639644)  can0  181   [8]  27 14 27 14 00 00 00 00
 (1789615977.640957)  can0  281   [5]  03 00 00 00 00
 (1789615977.649295)  can0  201   [6]  0F 00 00 00 00 00
 (1789615977.659295)  can0  201   [6]  0F 00 00 00 00 00
 (1789615977.666766)  can0  701   [1]  05
 (1789615977.669292)  can0  201   [6]  0F 00 00 00 00 00
 (1789615977.679297)  can0  201   [6]  0F 00 00 00 00 00
 (1789615977.689293)  can0  201   [6]  0F 00 00 00 00 00
 (1789615977.689654)  can0  181   [8]  27 14 27 14 00 00 00 00
 (1789615977.690908)  can0  281   [5]  03 00 00 00 00
 (1789615977.699295)  can0  201   [6]  0F 00 00 00 00 00
 (1789615977.709292)  can0  201   [6]  0F 00 00 00 00 00
 (1789615977.719292)  can0  201   [6]  0F 00 00 00 00 00
 (1789615977.729294)  can0  201   [6]  0F 00 00 00 00 00
 (1789615977.739292)  can0  201   [6]  0F 00 00 00 00 00
 (1789615977.739720)  can0  181   [8]  27 14 27 14 00 00 00 00
 (1789615977.740859)  can0  281   [5]  03 00 00 00 00
 (1789615977.749301)  can0  201   [6]  0F 00 00 00 00 00
 (1789615977.759293)  can0  201   [6]  0F 00 00 00 00 00
 (1789615977.769311)  can0  201   [6]  0F 00 00 00 00 00
 (1789615977.779309)  can0  201   [6]  0F 00 00 00 00 00
 (1789615977.789318)  can0  201   [6]  0F 00 00 00 00 00
 (1789615977.789677)  can0  181   [8]  27 14 27 14 00 00 00 00
 (1789615977.790806)  can0  281   [5]  03 00 00 00 00
 (1789615977.799310)  can0  201   [6]  0F 00 00 00 00 00
 (1789615977.809319)  can0  201   [6]  0F 00 00 00 00 00
 (1789615977.819298)  can0  201   [6]  0F 00 00 00 00 00
 (1789615977.829320)  can0  201   [6]  0F 00 00 00 00 00
 (1789615977.839307)  can0  201   [6]  0F 00 00 00 00 00
 (1789615977.839689)  can0  181   [8]  27 14 27 14 00 00 00 00
 (1789615977.840755)  can0  281   [5]  03 00 00 00 00
 (1789615977.849341)  can0  201   [6]  0F 00 00 00 00 00
 (1789615977.859309)  can0  201   [6]  0F 00 00 00 00 00
 (1789615977.869315)  can0  201   [6]  0F 00 00 00 00 00
 (1789615977.879319)  can0  201   [6]  0F 00 00 00 00 00
 (1789615977.889312)  can0  201   [6]  0F 00 00 00 00 00
 (1789615977.889712)  can0  181   [8]  27 14 27 14 00 00 00 00
 (1789615977.890705)  can0  281   [5]  03 00 00 00 00
 (1789615977.899318)  can0  201   [6]  0F 00 00 00 00 00
 (1789615977.909318)  can0  201   [6]  0F 00 00 00 00 00
 (1789615977.916329)  can0  701   [1]  05
 (1789615977.919301)  can0  201   [6]  0F 00 00 00 00 00
 (1789615977.929304)  can0  201   [6]  0F 00 00 00 00 00
 (1789615977.939305)  can0  201   [6]  0F 00 00 00 00 00
 (1789615977.939654)  can0  181   [8]  27 14 27 14 00 00 00 00
 (1789615977.940655)  can0  281   [5]  03 00 00 00 00
 (1789615977.949306)  can0  201   [6]  0F 00 00 00 00 00
 (1789615977.959303)  can0  201   [6]  0F 00 00 00 00 00
 (1789615977.969297)  can0  201   [6]  0F 00 00 00 00 00
 (1789615977.979294)  can0  201   [6]  0F 00 00 00 00 00
 (1789615977.989297)  can0  201   [6]  0F 00 00 00 00 00
 (1789615977.989662)  can0  181   [8]  27 14 27 14 00 00 00 00
 (1789615977.990606)  can0  281   [5]  03 00 00 00 00
 (1789615977.999294)  can0  201   [6]  0F 00 00 00 00 00
 (1789615978.009293)  can0  201   [6]  0F 00 00 00 00 00
 (1789615978.019291)  can0  201   [6]  0F 00 00 00 00 00
 (1789615978.029292)  can0  201   [6]  0F 00 00 00 00 00
 (1789615978.039290)  can0  201   [6]  0F 00 00 00 00 00
 (1789615978.039614)  can0  181   [8]  27 14 27 14 00 00 00 00
 (1789615978.040555)  can0  281   [5]  03 00 00 00 00
 (1789615978.049298)  can0  201   [6]  0F 00 00 00 00 00
 (1789615978.059292)  can0  201   [6]  0F 00 00 00 00 00
 (1789615978.069293)  can0  201   [6]  0F 00 00 00 00 00
 (1789615978.079295)  can0  201   [6]  0F 00 00 00 00 00
 (1789615978.089291)  can0  201   [6]  0F 00 00 00 00 00
 (1789615978.089683)  can0  181   [8]  27 14 27 14 00 00 00 00
 (1789615978.090505)  can0  281   [5]  03 00 00 00 00
 (1789615978.099449)  can0  201   [6]  0F 00 00 00 00 00
 (1789615978.109298)  can0  201   [6]  0F 00 00 00 00 00
 (1789615978.119296)  can0  201   [6]  0F 00 00 00 00 00
 (1789615978.129293)  can0  201   [6]  0F 00 00 00 00 00
 (1789615978.139292)  can0  201   [6]  0F 00 00 00 00 00
 (1789615978.139638)  can0  181   [8]  27 14 27 14 00 00 00 00
 (1789615978.140454)  can0  281   [5]  03 00 00 00 00
 (1789615978.149298)  can0  201   [6]  0F 00 00 00 00 00
 (1789615978.159292)  can0  201   [6]  0F 00 00 00 00 00
 (1789615978.165886)  can0  701   [1]  05
 (1789615978.169296)  can0  201   [6]  0F 00 00 00 00 00
 (1789615978.179294)  can0  201   [6]  0F 00 00 00 00 00
 (1789615978.189294)  can0  201   [6]  0F 00 00 00 00 00
 (1789615978.189766)  can0  181   [8]  27 14 27 14 00 00 00 00
 (1789615978.190466)  can0  281   [5]  03 00 00 00 00
 (1789615978.199296)  can0  201   [6]  0F 00 00 00 00 00
 (1789615978.209292)  can0  201   [6]  0F 00 00 00 00 00
 (1789615978.219294)  can0  201   [6]  0F 00 00 00 00 00
 (1789615978.229292)  can0  201   [6]  0F 00 00 00 00 00
 (1789615978.239294)  can0  201   [6]  0F 00 00 00 00 00
 (1789615978.239725)  can0  181   [8]  27 14 27 14 00 00 00 00
 (1789615978.240476)  can0  281   [5]  03 00 00 00 00
 (1789615978.249298)  can0  201   [6]  0F 00 00 00 00 00
 (1789615978.259300)  can0  201   [6]  0F 00 00 00 00 00
 (1789615978.269308)  can0  201   [6]  0F 00 00 00 00 00
 (1789615978.279301)  can0  201   [6]  0F 00 00 00 00 00
 (1789615978.289316)  can0  201   [6]  0F 00 00 00 00 00
 (1789615978.289686)  can0  181   [8]  27 14 27 14 00 00 00 00
 (1789615978.290427)  can0  281   [5]  03 00 00 00 00
 (1789615978.299317)  can0  201   [6]  0F 00 00 00 00 00
 (1789615978.309318)  can0  201   [6]  0F 00 00 00 00 00
 (1789615978.319299)  can0  201   [6]  0F 00 00 00 00 00
 (1789615978.329332)  can0  201   [6]  0F 00 00 00 00 00
 (1789615978.339305)  can0  201   [6]  0F 00 00 00 00 00
 (1789615978.339685)  can0  181   [8]  27 14 27 14 00 00 00 00
 (1789615978.340387)  can0  281   [5]  03 00 00 00 00
 (1789615978.349338)  can0  201   [6]  0F 00 00 00 00 00
 (1789615978.359317)  can0  201   [6]  0F 00 00 00 00 00
 (1789615978.369311)  can0  201   [6]  0F 00 00 00 00 00
 (1789615978.379312)  can0  201   [6]  0F 00 00 00 00 00
 (1789615978.389299)  can0  201   [6]  0F 00 00 00 00 00
 (1789615978.389638)  can0  181   [8]  27 14 27 14 00 00 00 00
 (1789615978.390294)  can0  281   [5]  03 00 00 00 00
 (1789615978.399313)  can0  201   [6]  0F 00 00 00 00 00
 (1789615978.409355)  can0  201   [6]  0F 00 00 00 00 00
 (1789615978.415515)  can0  701   [1]  05
 (1789615978.419313)  can0  201   [6]  0F 00 00 00 00 00
 (1789615978.429303)  can0  201   [6]  0F 00 00 00 00 00
 (1789615978.439300)  can0  201   [6]  0F 00 00 00 00 00
 (1789615978.439649)  can0  181   [8]  27 14 27 14 00 00 00 00
 (1789615978.440281)  can0  281   [5]  03 00 00 00 00
 (1789615978.449306)  can0  201   [6]  0F 00 00 00 00 00
 (1789615978.459304)  can0  201   [6]  0F 00 00 00 00 00
 (1789615978.469297)  can0  201   [6]  0F 00 00 00 00 00
 (1789615978.479293)  can0  201   [6]  0F 00 00 00 00 00
 (1789615978.489292)  can0  201   [6]  0F 00 00 00 00 00
 (1789615978.489715)  can0  181   [8]  27 14 27 14 00 00 00 00
 (1789615978.490289)  can0  281   [5]  03 00 00 00 00
 (1789615978.499297)  can0  201   [6]  0F 00 00 00 00 00
 (1789615978.509291)  can0  201   [6]  0F 00 00 00 00 00
 (1789615978.519302)  can0  201   [6]  0F 00 00 00 00 00
 (1789615978.529294)  can0  201   [6]  0F 00 00 00 00 00
 (1789615978.539293)  can0  201   [6]  0F 00 00 00 00 00
 (1789615978.539726)  can0  181   [8]  27 14 27 14 00 00 00 00
 (1789615978.540247)  can0  281   [5]  03 00 00 00 00
 (1789615978.549293)  can0  201   [6]  0F 00 00 00 00 00
 (1789615978.559291)  can0  201   [6]  0F 00 00 00 00 00
 (1789615978.569294)  can0  201   [6]  0F 00 00 00 00 00
 (1789615978.579294)  can0  201   [6]  0F 00 00 00 00 00
 (1789615978.589293)  can0  201   [6]  0F 00 00 00 00 00
 (1789615978.589681)  can0  181   [8]  27 14 27 14 00 00 00 00
 (1789615978.590199)  can0  281   [5]  03 00 00 00 00
 (1789615978.599293)  can0  201   [6]  0F 00 00 00 00 00
 (1789615978.609309)  can0  201   [6]  0F 00 00 00 00 00
 (1789615978.619298)  can0  201   [6]  0F 00 00 00 00 00
 (1789615978.629293)  can0  201   [6]  0F 00 00 00 00 00
 (1789615978.639292)  can0  201   [6]  0F 00 00 00 00 00
 (1789615978.639693)  can0  181   [8]  27 14 27 14 00 00 00 00
 (1789615978.640150)  can0  281   [5]  03 00 00 00 00
 (1789615978.649293)  can0  201   [6]  0F 00 00 00 00 00
 (1789615978.659293)  can0  201   [6]  0F 00 00 00 00 00
 (1789615978.665012)  can0  701   [1]  05
 (1789615978.669295)  can0  201   [6]  0F 00 00 00 00 00
 (1789615978.679297)  can0  201   [6]  0F 00 00 00 00 00
 (1789615978.689293)  can0  201   [6]  0F 00 00 00 00 00
 (1789615978.689705)  can0  181   [8]  27 14 27 14 00 00 00 00
 (1789615978.690154)  can0  281   [5]  03 00 00 00 00
 (1789615978.699294)  can0  201   [6]  0F 00 00 00 00 00
 (1789615978.709293)  can0  201   [6]  0F 00 00 00 00 00
 (1789615978.719292)  can0  201   [6]  0F 00 00 00 00 00
 (1789615978.729296)  can0  201   [6]  0F 00 00 00 00 00
 (1789615978.739292)  can0  201   [6]  0F 00 00 00 00 00
 (1789615978.739772)  can0  181   [8]  27 14 27 14 00 00 00 00
 (1789615978.740171)  can0  281   [5]  03 00 00 00 00
 (1789615978.749300)  can0  201   [6]  0F 00 00 00 00 00
 (1789615978.759293)  can0  201   [6]  0F 00 00 00 00 00
 (1789615978.769312)  can0  201   [6]  0F 00 00 00 00 00
 (1789615978.779305)  can0  201   [6]  0F 00 00 00 00 00
 (1789615978.789315)  can0  201   [6]  0F 00 00 00 00 00
 (1789615978.789791)  can0  181   [8]  27 14 27 14 00 00 00 00
 (1789615978.790171)  can0  281   [5]  03 00 00 00 00
 (1789615978.799312)  can0  201   [6]  0F 00 00 00 00 00
 (1789615978.809309)  can0  201   [6]  0F 00 00 00 00 00
 (1789615978.819304)  can0  201   [6]  0F 00 00 00 00 00
 (1789615978.829347)  can0  201   [6]  0F 00 00 00 00 00
 (1789615978.839299)  can0  201   [6]  0F 00 00 00 00 00
 (1789615978.839742)  can0  181   [8]  27 14 27 14 00 00 00 00
 (1789615978.840072)  can0  281   [5]  03 00 00 00 00
 (1789615978.849342)  can0  201   [6]  0F 00 00 00 00 00
 (1789615978.859309)  can0  201   [6]  0F 00 00 00 00 00
 (1789615978.869317)  can0  201   [6]  0F 00 00 00 00 00
 (1789615978.879308)  can0  201   [6]  0F 00 00 00 00 00
 (1789615978.889308)  can0  201   [6]  0F 00 00 00 00 00
 (1789615978.889760)  can0  181   [8]  27 14 27 14 00 00 00 00
 (1789615978.890136)  can0  281   [5]  03 00 00 00 00
 (1789615978.899304)  can0  201   [6]  0F 00 00 00 00 00
 (1789615978.909320)  can0  201   [6]  0F 00 00 00 00 00
 (1789615978.914572)  can0  701   [1]  05
 (1789615978.919307)  can0  201   [6]  0F 00 00 00 00 00
 (1789615978.929308)  can0  201   [6]  0F 00 00 00 00 00
 (1789615978.939301)  can0  201   [6]  0F 00 00 00 00 00
 (1789615978.939760)  can0  181   [8]  27 14 27 14 00 00 00 00
 (1789615978.940095)  can0  281   [5]  03 00 00 00 00
 (1789615978.949304)  can0  201   [6]  0F 00 00 00 00 00
 (1789615978.959303)  can0  201   [6]  0F 00 00 00 00 00
 (1789615978.969293)  can0  201   [6]  0F 00 00 00 00 00
 (1789615978.979294)  can0  201   [6]  0F 00 00 00 00 00
 (1789615978.989297)  can0  201   [6]  0F 00 00 00 00 00
 (1789615978.989712)  can0  181   [8]  27 14 27 14 00 00 00 00
 (1789615978.990096)  can0  281   [5]  03 00 00 00 00
 (1789615978.999295)  can0  201   [6]  0F 00 00 00 00 00
 (1789615979.009294)  can0  201   [6]  0F 00 00 00 00 00
 (1789615979.019293)  can0  201   [6]  0F 00 00 00 00 00
 (1789615979.029291)  can0  201   [6]  0F 00 00 00 00 00
 (1789615979.039297)  can0  201   [6]  0F 00 00 00 00 00
 (1789615979.039613)  can0  181   [8]  27 14 27 14 00 00 00 00
 (1789615979.039998)  can0  281   [5]  03 00 00 00 00
 (1789615979.049293)  can0  201   [6]  0F 00 00 00 00 00
 (1789615979.059294)  can0  201   [6]  0F 00 00 00 00 00
 (1789615979.069291)  can0  201   [6]  0F 00 00 00 00 00
 (1789615979.079295)  can0  201   [6]  0F 00 00 00 00 00
 (1789615979.089292)  can0  201   [6]  0F 00 00 00 00 00
 (1789615979.089617)  can0  181   [8]  27 14 27 14 00 00 00 00
 (1789615979.090000)  can0  281   [5]  03 00 00 00 00
 (1789615979.099292)  can0  201   [6]  0F 00 00 00 00 00
 (1789615979.109321)  can0  201   [6]  0F 00 00 00 00 00
 (1789615979.119296)  can0  201   [6]  0F 00 00 00 00 00
 (1789615979.129294)  can0  201   [6]  0F 00 00 00 00 00
 (1789615979.139296)  can0  201   [6]  0F 00 00 00 00 00
 (1789615979.139686)  can0  181   [8]  27 14 27 14 00 00 00 00
 (1789615979.140014)  can0  281   [5]  03 00 00 00 00
 (1789615979.149296)  can0  201   [6]  0F 00 00 00 00 00
 (1789615979.159290)  can0  201   [6]  0F 00 00 00 00 00
 (1789615979.164130)  can0  701   [1]  05
 (1789615979.169293)  can0  201   [6]  0F 00 00 00 00 00
 (1789615979.179291)  can0  201   [6]  0F 00 00 00 00 00
 (1789615979.189293)  can0  201   [6]  0F 00 00 00 00 00
 (1789615979.189757)  can0  181   [8]  27 14 27 14 00 00 00 00
 (1789615979.190021)  can0  281   [5]  03 00 00 00 00
 (1789615979.199295)  can0  201   [6]  0F 00 00 00 00 00
 (1789615979.209292)  can0  201   [6]  0F 00 00 00 00 00
 (1789615979.219294)  can0  201   [6]  0F 00 00 00 00 00
 (1789615979.229291)  can0  201   [6]  0F 00 00 00 00 00
 (1789615979.239295)  can0  201   [6]  0F 00 00 00 00 00
 (1789615979.239651)  can0  181   [8]  27 14 27 14 00 00 00 00
 (1789615979.239924)  can0  281   [5]  03 00 00 00 00
 (1789615979.249303)  can0  201   [6]  0F 00 00 00 00 00
 (1789615979.259296)  can0  201   [6]  0F 00 00 00 00 00
 (1789615979.269307)  can0  201   [6]  0F 00 00 00 00 00
 (1789615979.279304)  can0  201   [6]  0F 00 00 00 00 00
 (1789615979.289299)  can0  201   [6]  0F 00 00 00 00 00
 (1789615979.289722)  can0  181   [8]  27 14 27 14 00 00 00 00
 (1789615979.289987)  can0  281   [5]  03 00 00 00 00
 (1789615979.299318)  can0  201   [6]  0F 00 00 00 00 00
 (1789615979.309298)  can0  201   [6]  0F 00 00 00 00 00
 (1789615979.319314)  can0  201   [6]  0F 00 00 00 00 00
 (1789615979.329353)  can0  201   [6]  0F 00 00 00 00 00
 (1789615979.339308)  can0  201   [6]  0F 00 00 00 00 00
 (1789615979.339735)  can0  181   [8]  27 14 27 14 00 00 00 00
 (1789615979.339937)  can0  281   [5]  03 00 00 00 00
 (1789615979.349383)  can0  201   [6]  0F 00 00 00 00 00
 (1789615979.359317)  can0  201   [6]  0F 00 00 00 00 00
 (1789615979.369316)  can0  201   [6]  0F 00 00 00 00 00
 (1789615979.379316)  can0  201   [6]  0F 00 00 00 00 00
 (1789615979.389304)  can0  201   [6]  0F 00 00 00 03 00
 (1789615979.389745)  can0  181   [8]  27 14 27 14 00 00 00 00
 (1789615979.389943)  can0  281   [5]  03 00 00 00 00
 (1789615979.399309)  can0  201   [6]  0F 00 00 00 03 00
 (1789615979.409334)  can0  201   [6]  0F 00 00 00 03 00
 (1789615979.413587)  can0  701   [1]  05
 (1789615979.419312)  can0  201   [6]  0F 00 00 00 03 00
 (1789615979.429302)  can0  201   [6]  0F 00 00 00 03 00
 (1789615979.439300)  can0  201   [6]  0F 00 00 00 04 00
 (1789615979.439633)  can0  181   [8]  27 14 27 44 00 00 0B 00
 (1789615979.439845)  can0  281   [5]  03 00 00 00 00
 (1789615979.449252)  can0  201   [6]  0F 00 00 00 04 00
 (1789615979.459368)  can0  201   [6]  0F 00 00 00 04 00
 (1789615979.469295)  can0  201   [6]  0F 00 00 00 04 00
 (1789615979.479295)  can0  201   [6]  0F 00 00 00 04 00
 (1789615979.489293)  can0  201   [6]  0F 00 00 00 04 00
 (1789615979.489702)  can0  181   [8]  27 14 27 44 00 00 25 00
 (1789615979.489904)  can0  281   [5]  03 00 00 00 00
 (1789615979.499296)  can0  201   [6]  0F 00 00 00 04 00
 (1789615979.509293)  can0  201   [6]  0F 00 00 00 04 00
 (1789615979.519242)  can0  201   [6]  0F 00 00 00 04 00
 (1789615979.529293)  can0  201   [6]  0F 00 00 00 05 00
 (1789615979.539295)  can0  201   [6]  0F 00 00 00 05 00
 (1789615979.539713)  can0  181   [8]  27 14 27 40 00 00 25 00
 (1789615979.539905)  can0  281   [5]  03 00 00 00 00
 (1789615979.549295)  can0  201   [6]  0F 00 00 00 05 00
 (1789615979.559294)  can0  201   [6]  0F 00 00 00 05 00
 (1789615979.569296)  can0  201   [6]  0F 00 00 00 05 00
 (1789615979.579295)  can0  201   [6]  0F 00 00 00 05 00
 (1789615979.589293)  can0  201   [6]  0F 00 00 00 05 00
 (1789615979.589604)  can0  181   [8]  27 14 27 44 00 00 2E 00
 (1789615979.589806)  can0  281   [5]  03 00 00 00 00
 (1789615979.599297)  can0  201   [6]  0F 00 00 00 05 00
 (1789615979.609324)  can0  201   [6]  0F 00 00 00 05 00
 (1789615979.619300)  can0  201   [6]  0F 00 00 00 05 00
 (1789615979.629293)  can0  201   [6]  0F 00 00 00 05 00
 (1789615979.639239)  can0  201   [6]  0F 00 00 00 05 00
 (1789615979.639616)  can0  181   [8]  27 14 27 44 00 00 34 00
 (1789615979.639807)  can0  281   [5]  03 00 00 00 00
 (1789615979.649294)  can0  201   [6]  0F 00 00 00 05 00
 (1789615979.659292)  can0  201   [6]  0F 00 00 00 05 00
 (1789615979.663190)  can0  701   [1]  05
 (1789615979.669296)  can0  201   [6]  0F 00 00 00 05 00
 (1789615979.679294)  can0  201   [6]  0F 00 00 00 05 00
 (1789615979.689296)  can0  201   [6]  0F 00 00 00 05 00
 (1789615979.689631)  can0  181   [8]  27 14 27 44 00 00 2E 00
 (1789615979.689821)  can0  281   [5]  03 00 00 00 00
 (1789615979.699295)  can0  201   [6]  0F 00 00 00 05 00
 (1789615979.709296)  can0  201   [6]  0F 00 00 00 05 00
 (1789615979.719295)  can0  201   [6]  0F 00 00 00 05 00
 (1789615979.729237)  can0  201   [6]  0F 00 00 00 05 00
 (1789615979.739294)  can0  201   [6]  0F 00 00 00 05 00
 (1789615979.739702)  can0  181   [8]  27 14 27 44 00 00 30 00
 (1789615979.739893)  can0  281   [5]  03 00 00 00 00
 (1789615979.749294)  can0  201   [6]  0F 00 00 00 05 00
 (1789615979.759298)  can0  201   [6]  0F 00 00 00 05 00
 (1789615979.769305)  can0  201   [6]  0F 00 00 00 05 00
 (1789615979.779322)  can0  201   [6]  0F 00 00 00 05 00
 (1789615979.789302)  can0  201   [6]  0F 00 00 00 05 00
 (1789615979.789712)  can0  181   [8]  27 14 27 44 00 00 34 00
 (1789615979.789901)  can0  281   [5]  03 00 00 00 00
 (1789615979.799268)  can0  201   [6]  0F 00 00 00 05 00
 (1789615979.809309)  can0  201   [6]  0F 00 00 00 05 00
 (1789615979.819311)  can0  201   [6]  0F 00 00 00 05 00
 (1789615979.829317)  can0  201   [6]  0F 00 00 00 05 00
 (1789615979.839316)  can0  201   [6]  0F 00 00 00 05 00
 (1789615979.839727)  can0  181   [8]  27 14 27 44 00 00 35 00
 (1789615979.839914)  can0  281   [5]  03 00 00 00 00
 (1789615979.849317)  can0  201   [6]  0F 00 00 00 05 00
 (1789615979.859321)  can0  201   [6]  0F 00 00 00 05 00
 (1789615979.869307)  can0  201   [6]  0F 00 00 00 05 00
 (1789615979.879341)  can0  201   [6]  0F 00 00 00 05 00
 (1789615979.889309)  can0  201   [6]  0F 00 00 00 05 00
 (1789615979.889735)  can0  181   [8]  27 14 27 44 00 00 30 00
 (1789615979.889926)  can0  281   [5]  03 00 00 00 00
 (1789615979.899310)  can0  201   [6]  0F 00 00 00 05 00
 (1789615979.909327)  can0  201   [6]  0F 00 00 00 05 00
 (1789615979.912752)  can0  701   [1]  05
 (1789615979.919315)  can0  201   [6]  0F 00 00 00 05 00
 (1789615979.929306)  can0  201   [6]  0F 00 00 00 05 00
 (1789615979.939246)  can0  201   [6]  0F 00 00 00 05 00
 (1789615979.939627)  can0  181   [8]  27 14 27 44 00 00 32 00
 (1789615979.939816)  can0  281   [5]  03 00 00 00 00
 (1789615979.949311)  can0  201   [6]  0F 00 00 00 05 00
 (1789615979.959299)  can0  201   [6]  0F 00 00 00 05 00
 (1789615979.969304)  can0  201   [6]  0F 00 00 00 05 00
 (1789615979.979294)  can0  201   [6]  0F 00 00 00 05 00
 (1789615979.989301)  can0  201   [6]  0F 00 00 00 05 00
 (1789615979.989694)  can0  181   [8]  27 14 27 44 00 00 2F 00
 (1789615979.989887)  can0  281   [5]  03 00 00 00 00
 (1789615979.999295)  can0  201   [6]  0F 00 00 00 05 00
 (1789615980.009293)  can0  201   [6]  0F 00 00 00 05 00
 (1789615980.019294)  can0  201   [6]  0F 00 00 00 05 00
 (1789615980.029294)  can0  201   [6]  0F 00 00 00 05 00
 (1789615980.039294)  can0  201   [6]  0F 00 00 00 05 00
 (1789615980.039706)  can0  181   [8]  27 14 27 44 00 00 34 00
 (1789615980.039896)  can0  281   [5]  03 00 00 00 00
 (1789615980.049293)  can0  201   [6]  0F 00 00 00 05 00
 (1789615980.059296)  can0  201   [6]  0F 00 00 00 05 00
 (1789615980.069292)  can0  201   [6]  0F 00 00 00 05 00
 (1789615980.079293)  can0  201   [6]  0F 00 00 00 05 00
 (1789615980.089296)  can0  201   [6]  0F 00 00 00 05 00
 (1789615980.089666)  can0  181   [8]  27 14 27 44 00 00 30 00
 (1789615980.089857)  can0  281   [5]  03 00 00 00 00
 (1789615980.099294)  can0  201   [6]  0F 00 00 00 05 00
 (1789615980.109325)  can0  201   [6]  0F 00 00 00 05 00
 (1789615980.119295)  can0  201   [6]  0F 00 00 00 05 00
 (1789615980.129295)  can0  201   [6]  0F 00 00 00 05 00
 (1789615980.139296)  can0  201   [6]  0F 00 00 00 05 00
 (1789615980.139612)  can0  181   [8]  27 14 27 44 00 00 2F 00
 (1789615980.139802)  can0  281   [5]  03 00 00 00 00
 (1789615980.149295)  can0  201   [6]  0F 00 00 00 05 00
 (1789615980.159296)  can0  201   [6]  0F 00 00 00 05 00
 (1789615980.162251)  can0  701   [1]  05
 (1789615980.169293)  can0  201   [6]  0F 00 00 00 05 00
 (1789615980.179296)  can0  201   [6]  0F 00 00 00 05 00
 (1789615980.189292)  can0  201   [6]  0F 00 00 00 05 00
 (1789615980.189679)  can0  181   [8]  27 14 27 44 00 00 33 00
 (1789615980.189872)  can0  281   [5]  03 00 00 00 00
 (1789615980.199295)  can0  201   [6]  0F 00 00 00 05 00
 (1789615980.209296)  can0  201   [6]  0F 00 00 00 05 00
 (1789615980.219293)  can0  201   [6]  0F 00 00 00 05 00
 (1789615980.229294)  can0  201   [6]  0F 00 00 00 05 00
 (1789615980.239309)  can0  201   [6]  0F 00 00 00 05 00
 (1789615980.239692)  can0  181   [8]  27 14 27 44 00 00 36 00
 (1789615980.239883)  can0  281   [5]  03 00 00 00 00
 (1789615980.249311)  can0  201   [6]  0F 00 00 00 05 00
 (1789615980.259311)  can0  201   [6]  0F 00 00 00 05 00
 (1789615980.269388)  can0  201   [6]  0F 00 00 00 05 00
 (1789615980.279335)  can0  201   [6]  0F 00 00 00 05 00
 (1789615980.289308)  can0  201   [6]  0F 00 00 00 05 00
 (1789615980.289708)  can0  181   [8]  27 14 27 44 00 00 2F 00
 (1789615980.289894)  can0  281   [5]  03 00 00 00 00
 (1789615980.299333)  can0  201   [6]  0F 00 00 00 05 00
 (1789615980.309322)  can0  201   [6]  0F 00 00 00 05 00
 (1789615980.319327)  can0  201   [6]  0F 00 00 00 05 00
 (1789615980.329301)  can0  201   [6]  0F 00 00 00 05 00
 (1789615980.339340)  can0  201   [6]  0F 00 00 00 05 00
 (1789615980.339659)  can0  181   [8]  27 14 27 44 00 00 33 00
 (1789615980.339848)  can0  281   [5]  03 00 00 00 00
 (1789615980.349312)  can0  201   [6]  0F 00 00 00 05 00
 (1789615980.359325)  can0  201   [6]  0F 00 00 00 05 00
 (1789615980.369308)  can0  201   [6]  0F 00 00 00 05 00
 (1789615980.379314)  can0  201   [6]  0F 00 00 00 05 00
 (1789615980.389309)  can0  201   [6]  0F 00 00 00 05 00
 (1789615980.389673)  can0  181   [8]  27 14 27 44 00 00 2D 00
 (1789615980.389862)  can0  281   [5]  03 00 00 00 00
 (1789615980.399310)  can0  201   [6]  0F 00 00 00 05 00
 (1789615980.409313)  can0  201   [6]  0F 00 00 00 05 00
 (1789615980.411813)  can0  701   [1]  05
 (1789615980.419328)  can0  201   [6]  0F 00 00 00 05 00
 (1789615980.429307)  can0  201   [6]  0F 00 00 00 05 00
 (1789615980.439304)  can0  201   [6]  0F 00 00 00 05 00
 (1789615980.439675)  can0  181   [8]  27 14 27 44 00 00 33 00
 (1789615980.439867)  can0  281   [5]  03 00 00 00 00
 (1789615980.449305)  can0  201   [6]  0F 00 00 00 05 00
 (1789615980.459309)  can0  201   [6]  0F 00 00 00 05 00
 (1789615980.469301)  can0  201   [6]  0F 00 00 00 05 00
 (1789615980.479297)  can0  201   [6]  0F 00 00 00 05 00
 (1789615980.489293)  can0  201   [6]  0F 00 00 00 05 00
 (1789615980.489690)  can0  181   [8]  27 14 27 44 00 00 31 00
 (1789615980.489881)  can0  281   [5]  03 00 00 00 00
 (1789615980.499295)  can0  201   [6]  0F 00 00 00 05 00
 (1789615980.509294)  can0  201   [6]  0F 00 00 00 05 00
 (1789615980.519302)  can0  201   [6]  0F 00 00 00 05 00
 (1789615980.529301)  can0  201   [6]  0F 00 00 00 05 00
 (1789615980.539293)  can0  201   [6]  0F 00 00 00 05 00
 (1789615980.539648)  can0  181   [8]  27 14 27 44 00 00 2E 00
 (1789615980.539837)  can0  281   [5]  03 00 00 00 00
 (1789615980.549298)  can0  201   [6]  0F 00 00 00 05 00
 (1789615980.559294)  can0  201   [6]  0F 00 00 00 05 00
 (1789615980.569292)  can0  201   [6]  0F 00 00 00 05 00
 (1789615980.579294)  can0  201   [6]  0F 00 00 00 05 00
 (1789615980.589292)  can0  201   [6]  0F 00 00 00 05 00
 (1789615980.589660)  can0  181   [8]  27 14 27 44 00 00 32 00
 (1789615980.589852)  can0  281   [5]  03 00 00 00 00
 (1789615980.599295)  can0  201   [6]  0F 00 00 00 05 00
 (1789615980.609334)  can0  201   [6]  0F 00 00 00 05 00
 (1789615980.619305)  can0  201   [6]  0F 00 00 00 05 00
 (1789615980.629295)  can0  201   [6]  0F 00 00 00 05 00
 (1789615980.639296)  can0  201   [6]  0F 00 00 00 05 00
 (1789615980.639664)  can0  181   [8]  27 14 27 44 00 00 36 00
 (1789615980.639855)  can0  281   [5]  03 00 00 00 00
 (1789615980.649296)  can0  201   [6]  0F 00 00 00 05 00
 (1789615980.659293)  can0  201   [6]  0F 00 00 00 05 00
 (1789615980.661367)  can0  701   [1]  05
 (1789615980.669298)  can0  201   [6]  0F 00 00 00 05 00
 (1789615980.679292)  can0  201   [6]  0F 00 00 00 05 00
 (1789615980.689295)  can0  201   [6]  0F 00 00 00 05 00
 (1789615980.689676)  can0  181   [8]  27 14 27 44 00 00 30 00
 (1789615980.689869)  can0  281   [5]  03 00 00 00 00
 (1789615980.699295)  can0  201   [6]  0F 00 00 00 05 00
 (1789615980.709293)  can0  201   [6]  0F 00 00 00 05 00
 (1789615980.719294)  can0  201   [6]  0F 00 00 00 05 00
 (1789615980.729293)  can0  201   [6]  0F 00 00 00 05 00
 (1789615980.739294)  can0  201   [6]  0F 00 00 00 05 00
 (1789615980.739629)  can0  181   [8]  27 14 27 44 00 00 33 00
 (1789615980.739820)  can0  281   [5]  03 00 00 00 00
 (1789615980.749296)  can0  201   [6]  0F 00 00 00 05 00
 (1789615980.759303)  can0  201   [6]  0F 00 00 00 05 00
 (1789615980.769294)  can0  201   [6]  0F 00 00 00 05 00
 (1789615980.779316)  can0  201   [6]  0F 00 00 00 05 00
 (1789615980.789302)  can0  201   [6]  0F 00 00 00 05 00
 (1789615980.789700)  can0  181   [8]  27 14 27 44 00 00 2E 00
 (1789615980.789888)  can0  281   [5]  03 00 00 00 00
 (1789615980.799321)  can0  201   [6]  0F 00 00 00 05 00
 (1789615980.809310)  can0  201   [6]  0F 00 00 00 05 00
 (1789615980.819319)  can0  201   [6]  0F 00 00 00 05 00
 (1789615980.829299)  can0  201   [6]  0F 00 00 00 05 00
 (1789615980.839337)  can0  201   [6]  0F 00 00 00 05 00
 (1789615980.839716)  can0  181   [8]  27 14 27 44 00 00 32 00
 (1789615980.839907)  can0  281   [5]  03 00 00 00 00
 (1789615980.849316)  can0  201   [6]  0F 00 00 00 05 00
 (1789615980.859336)  can0  201   [6]  0F 00 00 00 05 00
 (1789615980.869315)  can0  201   [6]  0F 00 00 00 05 00
 (1789615980.879319)  can0  201   [6]  0F 00 00 00 05 00
 (1789615980.889312)  can0  201   [6]  0F 00 00 00 05 00
 (1789615980.889675)  can0  181   [8]  27 14 27 44 00 00 31 00
 (1789615980.889863)  can0  281   [5]  03 00 00 00 00
 (1789615980.899304)  can0  201   [6]  0F 00 00 00 05 00
 (1789615980.909304)  can0  201   [6]  0F 00 00 00 05 00
 (1789615980.910934)  can0  701   [1]  05
 (1789615980.919315)  can0  201   [6]  0F 00 00 00 05 00
 (1789615980.929308)  can0  201   [6]  0F 00 00 00 05 00
 (1789615980.939301)  can0  201   [6]  0F 00 00 00 05 00
 (1789615980.939679)  can0  181   [8]  27 14 27 44 00 00 2E 00
 (1789615980.939868)  can0  281   [5]  03 00 00 00 00
 (1789615980.949305)  can0  201   [6]  0F 00 00 00 05 00
 (1789615980.959313)  can0  201   [6]  0F 00 00 00 05 00
 (1789615980.969305)  can0  201   [6]  0F 00 00 00 05 00
 (1789615980.979293)  can0  201   [6]  0F 00 00 00 05 00
 (1789615980.989294)  can0  201   [6]  0F 00 00 00 05 00
 (1789615980.989683)  can0  181   [8]  27 14 27 44 00 00 31 00
 (1789615980.989873)  can0  281   [5]  03 00 00 00 00
 (1789615980.999297)  can0  201   [6]  0F 00 00 00 05 00
 (1789615981.009293)  can0  201   [6]  0F 00 00 00 05 00
 (1789615981.019295)  can0  201   [6]  0F 00 00 00 05 00
 (1789615981.029293)  can0  201   [6]  0F 00 00 00 05 00
 (1789615981.039294)  can0  201   [6]  0F 00 00 00 05 00
 (1789615981.039696)  can0  181   [8]  27 14 27 44 00 00 36 00
 (1789615981.039888)  can0  281   [5]  03 00 00 00 00
 (1789615981.049293)  can0  201   [6]  0F 00 00 00 05 00
 (1789615981.059292)  can0  201   [6]  0F 00 00 00 05 00
 (1789615981.069311)  can0  201   [6]  0F 00 00 00 05 00
 (1789615981.079303)  can0  201   [6]  0F 00 00 00 05 00
 (1789615981.089297)  can0  201   [6]  0F 00 00 00 05 00
 (1789615981.089708)  can0  181   [8]  27 14 27 44 00 00 2F 00
 (1789615981.089899)  can0  281   [5]  03 00 00 00 00
 (1789615981.099296)  can0  201   [6]  0F 00 00 00 05 00
 (1789615981.109367)  can0  201   [6]  0F 00 00 00 05 00
 (1789615981.119298)  can0  201   [6]  0F 00 00 00 05 00
 (1789615981.129296)  can0  201   [6]  0F 00 00 00 05 00
 (1789615981.139296)  can0  201   [6]  0F 00 00 00 05 00
 (1789615981.139608)  can0  181   [8]  27 14 27 44 00 00 35 00
 (1789615981.139797)  can0  281   [5]  03 00 00 00 00
 (1789615981.149296)  can0  201   [6]  0F 00 00 00 05 00
 (1789615981.159294)  can0  201   [6]  0F 00 00 00 05 00
 (1789615981.160493)  can0  701   [1]  05
 (1789615981.169297)  can0  201   [6]  0F 00 00 00 05 00
 (1789615981.179296)  can0  201   [6]  0F 00 00 00 05 00
 (1789615981.189294)  can0  201   [6]  0F 00 00 00 05 00
 (1789615981.189731)  can0  181   [8]  27 14 27 44 00 00 2B 00
 (1789615981.189923)  can0  281   [5]  03 00 00 00 00
 (1789615981.199295)  can0  201   [6]  0F 00 00 00 05 00
 (1789615981.209295)  can0  201   [6]  0F 00 00 00 05 00
 (1789615981.219293)  can0  201   [6]  0F 00 00 00 05 00
 (1789615981.229296)  can0  201   [6]  0F 00 00 00 05 00
 (1789615981.239292)  can0  201   [6]  0F 00 00 00 05 00
 (1789615981.239693)  can0  181   [8]  27 14 27 44 00 00 32 00
 (1789615981.239885)  can0  281   [5]  03 00 00 00 00
 (1789615981.249295)  can0  201   [6]  0F 00 00 00 05 00
 (1789615981.259298)  can0  201   [6]  0F 00 00 00 05 00
 (1789615981.269304)  can0  201   [6]  0F 00 00 00 05 00
 (1789615981.279316)  can0  201   [6]  0F 00 00 00 05 00
 (1789615981.289305)  can0  201   [6]  0F 00 00 00 05 00
 (1789615981.289697)  can0  181   [8]  27 14 27 44 00 00 31 00
 (1789615981.289886)  can0  281   [5]  03 00 00 00 00
 (1789615981.299323)  can0  201   [6]  0F 00 00 00 05 00
 (1789615981.309309)  can0  201   [6]  0F 00 00 00 05 00
 (1789615981.319316)  can0  201   [6]  0F 00 00 00 05 00
 (1789615981.329303)  can0  201   [6]  0F 00 00 00 05 00
 (1789615981.339334)  can0  201   [6]  0F 00 00 00 05 00
 (1789615981.339654)  can0  181   [8]  27 14 27 44 00 00 2E 00
 (1789615981.339843)  can0  281   [5]  03 00 00 00 00
 (1789615981.349307)  can0  201   [6]  0F 00 00 00 05 00
 (1789615981.359342)  can0  201   [6]  0F 00 00 00 05 00
 (1789615981.369321)  can0  201   [6]  0F 00 00 00 05 00
 (1789615981.379321)  can0  201   [6]  0F 00 00 00 05 00
 (1789615981.389318)  can0  201   [6]  0F 00 00 00 05 00
 (1789615981.389726)  can0  181   [8]  27 14 27 44 00 00 30 00
 (1789615981.389913)  can0  281   [5]  03 00 00 00 00
 (1789615981.399309)  can0  201   [6]  0F 00 00 00 05 00
 (1789615981.409300)  can0  201   [6]  0F 00 00 00 05 00
 (1789615981.410056)  can0  701   [1]  05
 (1789615981.419342)  can0  201   [6]  0F 00 00 00 05 00
 (1789615981.429308)  can0  201   [6]  0F 00 00 00 05 00
 (1789615981.439306)  can0  201   [6]  0F 00 00 00 05 00
 (1789615981.439680)  can0  181   [8]  27 14 27 44 00 00 37 00
 (1789615981.439876)  can0  281   [5]  03 00 00 00 00
 (1789615981.449305)  can0  201   [6]  0F 00 00 00 05 00
 (1789615981.459303)  can0  201   [6]  0F 00 00 00 05 00
 (1789615981.469303)  can0  201   [6]  0F 00 00 00 05 00
 (1789615981.479300)  can0  201   [6]  0F 00 00 00 05 00
 (1789615981.489298)  can0  201   [6]  0F 00 00 00 05 00
 (1789615981.489683)  can0  181   [8]  27 14 27 44 00 00 30 00
 (1789615981.489874)  can0  281   [5]  03 00 00 00 00
 (1789615981.499297)  can0  201   [6]  0F 00 00 00 05 00
 (1789615981.509296)  can0  201   [6]  0F 00 00 00 05 00
 (1789615981.519297)  can0  201   [6]  0F 00 00 00 05 00
 (1789615981.529298)  can0  201   [6]  0F 00 00 00 05 00
 (1789615981.539293)  can0  201   [6]  0F 00 00 00 05 00
 (1789615981.539635)  can0  181   [8]  27 14 27 44 00 00 34 00
 (1789615981.539825)  can0  281   [5]  03 00 00 00 00
 (1789615981.549293)  can0  201   [6]  0F 00 00 00 05 00
 (1789615981.559295)  can0  201   [6]  0F 00 00 00 05 00
 (1789615981.569293)  can0  201   [6]  0F 00 00 00 05 00
 (1789615981.579295)  can0  201   [6]  0F 00 00 00 05 00
 (1789615981.589297)  can0  201   [6]  0F 00 00 00 05 00
 (1789615981.589702)  can0  181   [8]  27 14 27 44 00 00 2D 00
 (1789615981.589892)  can0  281   [5]  03 00 00 00 00
 (1789615981.599298)  can0  201   [6]  0F 00 00 00 05 00
 (1789615981.609293)  can0  201   [6]  0F 00 00 00 05 00
 (1789615981.619322)  can0  201   [6]  0F 00 00 00 05 00
 (1789615981.629298)  can0  201   [6]  0F 00 00 00 05 00
 (1789615981.639294)  can0  201   [6]  0F 00 00 00 05 00
 (1789615981.639662)  can0  181   [8]  27 14 27 44 00 00 32 00
 (1789615981.639854)  can0  281   [5]  03 00 00 00 00
 (1789615981.649297)  can0  201   [6]  0F 00 00 00 05 00
 (1789615981.659293)  can0  201   [6]  0F 00 00 00 05 00
 (1789615981.659558)  can0  701   [1]  05
 (1789615981.669296)  can0  201   [6]  0F 00 00 00 05 00
 (1789615981.679292)  can0  201   [6]  0F 00 00 00 05 00
 (1789615981.689294)  can0  201   [6]  0F 00 00 00 05 00
 (1789615981.689666)  can0  181   [8]  27 14 27 44 00 00 32 00
 (1789615981.689856)  can0  281   [5]  03 00 00 00 00
 (1789615981.699302)  can0  201   [6]  0F 00 00 00 05 00
 (1789615981.709294)  can0  201   [6]  0F 00 00 00 05 00
 (1789615981.719295)  can0  201   [6]  0F 00 00 00 05 00
 (1789615981.729292)  can0  201   [6]  0F 00 00 00 05 00
 (1789615981.739293)  can0  201   [6]  0F 00 00 00 05 00
 (1789615981.739618)  can0  181   [8]  27 14 27 44 00 00 2D 00
 (1789615981.739809)  can0  281   [5]  03 00 00 00 00
 (1789615981.749294)  can0  201   [6]  0F 00 00 00 05 00
 (1789615981.759297)  can0  201   [6]  0F 00 00 00 05 00
 (1789615981.769293)  can0  201   [6]  0F 00 00 00 05 00
 (1789615981.779313)  can0  201   [6]  0F 00 00 00 05 00
 (1789615981.789303)  can0  201   [6]  0F 00 00 00 05 00
 (1789615981.789691)  can0  181   [8]  27 14 27 44 00 00 30 00
 (1789615981.789880)  can0  281   [5]  03 00 00 00 00
 (1789615981.799339)  can0  201   [6]  0F 00 00 00 05 00
 (1789615981.809314)  can0  201   [6]  0F 00 00 00 05 00
 (1789615981.819311)  can0  201   [6]  0F 00 00 00 05 00
 (1789615981.829313)  can0  201   [6]  0F 00 00 00 05 00
 (1789615981.839353)  can0  201   [6]  0F 00 00 00 05 00
 (1789615981.839710)  can0  181   [8]  27 14 27 44 00 00 35 00
 (1789615981.839898)  can0  281   [5]  03 00 00 00 00
 (1789615981.849301)  can0  201   [6]  0F 00 00 00 05 00
 (1789615981.859340)  can0  201   [6]  0F 00 00 00 05 00
 (1789615981.869315)  can0  201   [6]  0F 00 00 00 05 00
 (1789615981.879323)  can0  201   [6]  0F 00 00 00 05 00
 (1789615981.889310)  can0  201   [6]  0F 00 00 00 05 00
 (1789615981.889775)  can0  181   [8]  27 14 27 44 00 00 31 00
 (1789615981.889963)  can0  281   [5]  03 00 00 00 00
 (1789615981.899308)  can0  201   [6]  0F 00 00 00 05 00
 (1789615981.909119)  can0  701   [1]  05
 (1789615981.909323)  can0  201   [6]  0F 00 00 00 05 00
 (1789615981.919332)  can0  201   [6]  0F 00 00 00 05 00
 (1789615981.929312)  can0  201   [6]  0F 00 00 00 05 00
 (1789615981.939307)  can0  201   [6]  0F 00 00 00 05 00
 (1789615981.939678)  can0  181   [8]  27 14 27 44 00 00 33 00
 (1789615981.939868)  can0  281   [5]  03 00 00 00 00
 (1789615981.949314)  can0  201   [6]  0F 00 00 00 05 00
 (1789615981.959298)  can0  201   [6]  0F 00 00 00 05 00
 (1789615981.969310)  can0  201   [6]  0F 00 00 00 05 00
 (1789615981.979297)  can0  201   [6]  0F 00 00 00 05 00
 (1789615981.989295)  can0  201   [6]  0F 00 00 00 05 00
 (1789615981.989736)  can0  181   [8]  27 14 27 44 00 00 2D 00
 (1789615981.989926)  can0  281   [5]  03 00 00 00 00
 (1789615981.999296)  can0  201   [6]  0F 00 00 00 05 00
 (1789615982.009298)  can0  201   [6]  0F 00 00 00 05 00
 (1789615982.019295)  can0  201   [6]  0F 00 00 00 05 00
 (1789615982.029292)  can0  201   [6]  0F 00 00 00 05 00
 (1789615982.039292)  can0  201   [6]  0F 00 00 00 05 00
 (1789615982.039690)  can0  181   [8]  27 14 27 44 00 00 32 00
 (1789615982.039881)  can0  281   [5]  03 00 00 00 00
 (1789615982.049296)  can0  201   [6]  0F 00 00 00 05 00
 (1789615982.059293)  can0  201   [6]  0F 00 00 00 05 00
 (1789615982.069294)  can0  201   [6]  0F 00 00 00 05 00
 (1789615982.079292)  can0  201   [6]  0F 00 00 00 05 00
 (1789615982.089293)  can0  201   [6]  0F 00 00 00 05 00
 (1789615982.089697)  can0  181   [8]  27 14 27 44 00 00 33 00
 (1789615982.089887)  can0  281   [5]  03 00 00 00 00
 (1789615982.099292)  can0  201   [6]  0F 00 00 00 05 00
 (1789615982.109297)  can0  201   [6]  0F 00 00 00 05 00
 (1789615982.119342)  can0  201   [6]  0F 00 00 00 05 00
 (1789615982.129297)  can0  201   [6]  0F 00 00 00 05 00
 (1789615982.139296)  can0  201   [6]  0F 00 00 00 05 00
 (1789615982.139653)  can0  181   [8]  27 14 27 44 00 00 2D 00
 (1789615982.139842)  can0  281   [5]  03 00 00 00 00
 (1789615982.149296)  can0  201   [6]  0F 00 00 00 05 00
 (1789615982.158739)  can0  701   [1]  05
 (1789615982.159043)  can0  201   [6]  0F 00 00 00 05 00
 (1789615982.169295)  can0  201   [6]  0F 00 00 00 05 00
 (1789615982.179294)  can0  201   [6]  0F 00 00 00 05 00
 (1789615982.189294)  can0  201   [6]  0F 00 00 00 05 00
 (1789615982.189729)  can0  181   [8]  27 14 27 44 00 00 30 00
 (1789615982.189920)  can0  281   [5]  03 00 00 00 00
 (1789615982.199293)  can0  201   [6]  0F 00 00 00 05 00
 (1789615982.209295)  can0  201   [6]  0F 00 00 00 05 00
 (1789615982.219295)  can0  201   [6]  0F 00 00 00 05 00
 (1789615982.229295)  can0  201   [6]  0F 00 00 00 05 00
 (1789615982.239294)  can0  201   [6]  0F 00 00 00 05 00
 (1789615982.239673)  can0  181   [8]  27 14 27 44 00 00 35 00
 (1789615982.239865)  can0  281   [5]  03 00 00 00 00
 (1789615982.249295)  can0  201   [6]  0F 00 00 00 05 00
 (1789615982.259294)  can0  201   [6]  0F 00 00 00 05 00
 (1789615982.269295)  can0  201   [6]  0F 00 00 00 05 00
 (1789615982.279305)  can0  201   [6]  0F 00 00 00 05 00
 (1789615982.289308)  can0  201   [6]  0F 00 00 00 05 00
 (1789615982.289683)  can0  181   [8]  27 14 27 44 00 00 32 00
 (1789615982.289874)  can0  281   [5]  03 00 00 00 00
 (1789615982.299301)  can0  201   [6]  0F 00 00 00 05 00
 (1789615982.309319)  can0  201   [6]  0F 00 00 00 05 00
 (1789615982.319314)  can0  201   [6]  0F 00 00 00 05 00
 (1789615982.329322)  can0  201   [6]  0F 00 00 00 05 00
 (1789615982.339357)  can0  201   [6]  0F 00 00 00 05 00
 (1789615982.339577)  can0  201   [6]  06 00 00 00 00 00
 (1789615982.339824)  can0  181   [8]  27 14 27 44 00 00 34 00
 (1789615982.340012)  can0  281   [5]  03 00 00 00 00
 (1789615982.389668)  can0  181   [8]  21 14 21 14 00 00 15 00
 (1789615982.389850)  can0  281   [5]  03 00 00 00 00
 (1789615982.408307)  can0  701   [1]  05
 (1789615982.439669)  can0  181   [8]  21 14 21 14 00 00 F6 FF
 (1789615982.439797)  can0  281   [5]  03 00 00 00 00
 (1789615982.489687)  can0  181   [8]  21 14 21 14 00 00 03 00
 (1789615982.489812)  can0  281   [5]  03 00 00 00 00
 (1789615982.539692)  can0  181   [8]  21 14 21 14 00 00 FE FF
 (1789615982.539823)  can0  281   [5]  03 00 00 00 00
 (1789615982.589705)  can0  181   [8]  21 14 21 14 00 00 FD FF
 (1789615982.589895)  can0  281   [5]  03 00 00 00 00
 (1789615982.639723)  can0  181   [8]  21 14 21 14 00 00 FF FF
 (1789615982.639907)  can0  281   [5]  03 00 00 00 00
 (1789615982.657863)  can0  701   [1]  05
 (1789615982.689725)  can0  181   [8]  21 14 21 14 00 00 00 00
 (1789615982.689918)  can0  281   [5]  03 00 00 00 00
 (1789615982.739740)  can0  181   [8]  21 14 21 14 00 00 00 00
 (1789615982.739872)  can0  281   [5]  03 00 00 00 00
 (1789615982.789761)  can0  181   [8]  21 14 21 14 00 00 00 00
 (1789615982.789943)  can0  281   [5]  03 00 00 00 00
 (1789615982.839778)  can0  181   [8]  21 14 21 14 00 00 00 00
 (1789615982.839956)  can0  281   [5]  03 00 00 00 00
 (1789615982.889783)  can0  181   [8]  21 14 21 14 00 00 00 00
 (1789615982.889910)  can0  281   [5]  03 00 00 00 00
 (1789615982.891392)  can0  601   [8]  23 FF 60 01 00 00 00 00
 (1789615982.891715)  can0  581   [8]  60 FF 60 01 00 00 00 00
 (1789615982.893309)  can0  601   [8]  40 FF 60 01 00 00 00 00
 (1789615982.893644)  can0  581   [8]  43 FF 60 01 00 00 00 00
 (1789615982.895320)  can0  601   [8]  23 FF 60 02 00 00 00 00
 (1789615982.895643)  can0  581   [8]  60 FF 60 02 00 00 00 00
 (1789615982.897309)  can0  601   [8]  40 FF 60 02 00 00 00 00
 (1789615982.897639)  can0  581   [8]  43 FF 60 02 00 00 00 00
 (1789615982.899313)  can0  601   [8]  2B 40 60 00 00 00 00 00
 (1789615982.899578)  can0  581   [8]  60 40 60 00 00 00 00 00
 (1789615982.901311)  can0  601   [8]  40 40 60 00 00 00 00 00
 (1789615982.901631)  can0  581   [8]  4B 40 60 00 00 00 00 00
 (1789615982.903312)  can0  601   [8]  40 41 60 00 00 00 00 00
 (1789615982.903617)  can0  581   [8]  43 41 60 00 60 14 60 14
 (1789615982.905316)  can0  601   [8]  40 6C 60 01 00 00 00 00
 (1789615982.905676)  can0  581   [8]  43 6C 60 01 00 00 00 00
 (1789615982.907308)  can0  601   [8]  40 6C 60 02 00 00 00 00
 (1789615982.907433)  can0  701   [1]  05
 (1789615982.907671)  can0  581   [8]  43 6C 60 02 00 00 00 00
 (1789615982.909306)  can0  601   [8]  40 6C 60 03 00 00 00 00
 (1789615982.909610)  can0  581   [8]  43 6C 60 03 00 00 00 00
 (1789615982.911148)  can0  000   [2]  80 01
 (1789615983.156930)  can0  701   [1]  7F
 (1789615983.158320)  can0  601   [8]  23 00 14 01 01 02 00 80
 (1789615983.158674)  can0  581   [8]  60 00 14 01 00 00 00 00
 (1789615983.160310)  can0  601   [8]  40 00 14 01 00 00 00 00
 (1789615983.160663)  can0  581   [8]  43 00 14 01 01 02 00 80
 (1789615983.162310)  can0  601   [8]  2F 00 16 00 00 00 00 00
 (1789615983.162666)  can0  581   [8]  60 00 16 00 00 00 00 00
 (1789615983.164311)  can0  601   [8]  40 00 16 00 00 00 00 00
 (1789615983.164658)  can0  581   [8]  4F 00 16 00 00 00 00 00
 (1789615983.166303)  can0  601   [8]  23 00 16 01 10 00 40 60
 (1789615983.166600)  can0  581   [8]  60 00 16 01 00 00 00 00
 (1789615983.168304)  can0  601   [8]  40 00 16 01 00 00 00 00
 (1789615983.168643)  can0  581   [8]  43 00 16 01 10 00 40 60
 (1789615983.170306)  can0  601   [8]  23 00 16 02 08 00 60 60
 (1789615983.170647)  can0  581   [8]  60 00 16 02 00 00 00 00
 (1789615983.172304)  can0  601   [8]  40 00 16 02 00 00 00 00
 (1789615983.172636)  can0  581   [8]  43 00 16 02 08 00 60 60
 (1789615983.174309)  can0  601   [8]  2F 00 16 00 02 00 00 00
 (1789615983.174639)  can0  581   [8]  60 00 16 00 00 00 00 00
 (1789615983.176308)  can0  601   [8]  40 00 16 00 00 00 00 00
 (1789615983.176635)  can0  581   [8]  4F 00 16 00 02 00 00 00
 (1789615983.178305)  can0  601   [8]  23 00 14 01 01 02 00 00
 (1789615983.178629)  can0  581   [8]  60 00 14 01 00 00 00 00
 (1789615983.180251)  can0  601   [8]  40 00 14 01 00 00 00 00
 (1789615983.180617)  can0  581   [8]  43 00 14 01 01 02 00 00
 (1789615983.182307)  can0  601   [8]  23 01 18 01 81 02 00 80
 (1789615983.182622)  can0  581   [8]  60 01 18 01 00 00 00 00
 (1789615983.184306)  can0  601   [8]  40 01 18 01 00 00 00 00
 (1789615983.184614)  can0  581   [8]  43 01 18 01 81 02 00 80
 (1789615983.186308)  can0  601   [8]  2F 01 1A 00 00 00 00 00
 (1789615983.186673)  can0  581   [8]  60 01 1A 00 00 00 00 00
 (1789615983.188306)  can0  601   [8]  40 01 1A 00 00 00 00 00
 (1789615983.188665)  can0  581   [8]  4F 01 1A 00 00 00 00 00
 (1789615983.190307)  can0  601   [8]  23 01 1A 01 00 00 00 00
 (1789615983.190661)  can0  581   [8]  60 01 1A 01 00 00 00 00
 (1789615983.192307)  can0  601   [8]  40 01 1A 01 00 00 00 00
 (1789615983.192652)  can0  581   [8]  43 01 1A 01 00 00 00 00
 (1789615983.194307)  can0  601   [8]  23 01 1A 02 00 00 00 00
 (1789615983.194650)  can0  581   [8]  60 01 1A 02 00 00 00 00
 (1789615983.196304)  can0  601   [8]  40 01 1A 02 00 00 00 00
 (1789615983.196644)  can0  581   [8]  43 01 1A 02 00 00 00 00
 (1789615983.198307)  can0  601   [8]  2F 01 1A 00 00 00 00 00
 (1789615983.198644)  can0  581   [8]  60 01 1A 00 00 00 00 00
 (1789615983.200307)  can0  601   [8]  40 01 1A 00 00 00 00 00
 (1789615983.200640)  can0  581   [8]  4F 01 1A 00 00 00 00 00
 (1789615983.202307)  can0  601   [8]  2B 01 18 05 00 00 00 00
 (1789615983.202634)  can0  581   [8]  60 01 18 05 00 00 00 00
 (1789615983.204304)  can0  601   [8]  40 01 18 05 00 00 00 00
 (1789615983.204627)  can0  581   [8]  4B 01 18 05 00 00 00 00
 (1789615983.206307)  can0  601   [8]  23 01 18 01 81 02 00 00
 (1789615983.206570)  can0  581   [8]  60 01 18 01 00 00 00 00
 (1789615983.208305)  can0  601   [8]  40 01 18 01 00 00 00 00
 (1789615983.208618)  can0  581   [8]  43 01 18 01 81 02 00 00
 (1789615983.210311)  can0  601   [8]  2B 00 20 00 00 00 00 00
 (1789615983.210681)  can0  581   [8]  60 00 20 00 00 00 00 00
 (1789615983.212310)  can0  601   [8]  40 00 20 00 00 00 00 00
 (1789615983.212676)  can0  581   [8]  4B 00 20 00 00 00 00 00
 (1789615983.214307)  can0  601   [8]  2B 17 10 00 00 00 00 00
 (1789615983.214673)  can0  581   [8]  60 17 10 00 00 00 00 00
 (1789615983.216304)  can0  601   [8]  40 17 10 00 00 00 00 00
 (1789615983.216664)  can0  581   [8]  4B 17 10 00 00 00 00 00
