CAN Interface "can0" RX buffer set to 477 messages (212992 Bytes)
hil_read index=24641 sub=0 raw=341840992
hil_read index=24672 sub=0 raw=3
hil_read index=24673 sub=0 raw=3
hil_read index=24639 sub=0 raw=0
hil_read index=24831 sub=1 raw=0
hil_read index=24831 sub=2 raw=0
hil_read index=8207 sub=0 raw=1
hil_read index=8192 sub=0 raw=0
hil_read index=4119 sub=0 raw=0
hil_read index=5120 sub=1 raw=513
hil_read index=5120 sub=2 raw=255
hil_read index=5120 sub=5 raw=1000
hil_read index=5632 sub=0 raw=2
hil_read index=5632 sub=1 raw=1614807056
hil_read index=5632 sub=2 raw=1616904200
hil_read index=6144 sub=1 raw=385
hil_read index=6144 sub=2 raw=255
hil_read index=6144 sub=5 raw=100
hil_read index=6656 sub=0 raw=2
hil_read index=6656 sub=1 raw=1614872608
hil_read index=6656 sub=2 raw=1617691424
hil_read index=6145 sub=1 raw=641
hil_read index=6145 sub=2 raw=255
hil_read index=6145 sub=5 raw=0
hil_read index=6657 sub=0 raw=0
hil_read index=6657 sub=1 raw=0
hil_read index=6657 sub=2 raw=0
hil_read index=24684 sub=1 raw=0
hil_read index=24684 sub=2 raw=0
hil_read index=24684 sub=3 raw=0
hil_read index=24684 sub=1 raw=0
hil_read index=24684 sub=2 raw=0
hil_read index=24684 sub=3 raw=0
hil_read index=24684 sub=1 raw=0
hil_read index=24684 sub=2 raw=0
hil_read index=24684 sub=3 raw=0
hil_read index=24684 sub=1 raw=0
hil_read index=24684 sub=2 raw=0
hil_read index=24684 sub=3 raw=0
hil_read index=24684 sub=1 raw=0
hil_read index=24684 sub=2 raw=0
hil_read index=24684 sub=3 raw=0
hil_read index=24684 sub=1 raw=0
hil_read index=24684 sub=2 raw=0
hil_read index=24684 sub=3 raw=0
hil_read index=24684 sub=1 raw=0
hil_read index=24684 sub=2 raw=0
hil_read index=24684 sub=3 raw=0
event=standstill_verified tolerance_tenths_rpm=15 elapsed_us=162020
hil_read index=5120 sub=1 raw=513
hil_read index=5120 sub=2 raw=255
hil_read index=5632 sub=0 raw=2
hil_read index=5632 sub=1 raw=1614807056
hil_read index=5632 sub=2 raw=1627325216
hil_read index=6144 sub=1 raw=385
hil_read index=6144 sub=2 raw=255
hil_read index=6656 sub=0 raw=2
hil_read index=6656 sub=1 raw=1614872608
hil_read index=6656 sub=2 raw=1617691424
hil_read index=6145 sub=1 raw=641
hil_read index=6145 sub=2 raw=255
hil_read index=6657 sub=0 raw=2
hil_read index=6657 sub=1 raw=1616969736
hil_read index=6657 sub=2 raw=1614741536
hil_read index=8207 sub=0 raw=1
event=control_start duration_ms=60000 targets=right_positive zero_feedback_tenths_rpm=15 input_profile=right_throttle operator=neutral_release_then_press
event=control elapsed_ms=0 source_health=1 authorization=0 armed=0 status=337712161 word=2 left_tenths_rpm=0 right_tenths_rpm=0 enabled_samples=0
event=control elapsed_ms=100 source_health=2 authorization=0 armed=0 status=341840992 word=2 left_tenths_rpm=0 right_tenths_rpm=0 enabled_samples=0
event=control elapsed_ms=200 source_health=2 authorization=0 armed=0 status=341840992 word=2 left_tenths_rpm=0 right_tenths_rpm=0 enabled_samples=0
event=control elapsed_ms=300 source_health=2 authorization=0 armed=0 status=341840992 word=2 left_tenths_rpm=0 right_tenths_rpm=0 enabled_samples=0
event=control elapsed_ms=410 source_health=2 authorization=0 armed=0 status=341840992 word=2 left_tenths_rpm=0 right_tenths_rpm=0 enabled_samples=0
event=control elapsed_ms=520 source_health=2 authorization=0 armed=0 status=341840992 word=2 left_tenths_rpm=0 right_tenths_rpm=0 enabled_samples=0
event=control elapsed_ms=630 source_health=2 authorization=0 armed=0 status=341840992 word=2 left_tenths_rpm=0 right_tenths_rpm=0 enabled_samples=0
event=control elapsed_ms=730 source_health=2 authorization=0 armed=0 status=341840992 word=2 left_tenths_rpm=0 right_tenths_rpm=0 enabled_samples=0
event=control elapsed_ms=830 source_health=2 authorization=0 armed=0 status=341840992 word=2 left_tenths_rpm=0 right_tenths_rpm=0 enabled_samples=0
event=control elapsed_ms=940 source_health=2 authorization=0 armed=0 status=341840992 word=2 left_tenths_rpm=0 right_tenths_rpm=0 enabled_samples=0
event=control elapsed_ms=1050 source_health=2 authorization=0 armed=0 status=341840992 word=2 left_tenths_rpm=0 right_tenths_rpm=0 enabled_samples=0
event=control elapsed_ms=1150 source_health=2 authorization=0 armed=0 status=341840992 word=2 left_tenths_rpm=0 right_tenths_rpm=0 enabled_samples=0
event=control elapsed_ms=1260 source_health=2 authorization=0 armed=0 status=341840992 word=2 left_tenths_rpm=0 right_tenths_rpm=0 enabled_samples=0
event=control elapsed_ms=1360 source_health=2 authorization=0 armed=0 status=341840992 word=2 left_tenths_rpm=0 right_tenths_rpm=0 enabled_samples=0
event=control elapsed_ms=1470 source_health=2 authorization=0 armed=0 status=341840992 word=2 left_tenths_rpm=0 right_tenths_rpm=0 enabled_samples=0
event=control elapsed_ms=1580 source_health=2 authorization=0 armed=0 status=341840992 word=2 left_tenths_rpm=0 right_tenths_rpm=0 enabled_samples=0
event=control elapsed_ms=1680 source_health=2 authorization=0 armed=0 status=341840992 word=2 left_tenths_rpm=0 right_tenths_rpm=0 enabled_samples=0
event=control elapsed_ms=1790 source_health=2 authorization=0 armed=0 status=341840992 word=2 left_tenths_rpm=0 right_tenths_rpm=0 enabled_samples=0
event=control elapsed_ms=1890 source_health=3 authorization=1 armed=0 status=341840992 word=2 left_tenths_rpm=0 right_tenths_rpm=0 enabled_samples=0
event=control elapsed_ms=2000 source_health=3 authorization=1 armed=0 status=341840992 word=2 left_tenths_rpm=0 right_tenths_rpm=0 enabled_samples=0
event=control elapsed_ms=2110 source_health=3 authorization=1 armed=1 status=337712161 word=7 left_tenths_rpm=0 right_tenths_rpm=0 enabled_samples=0
event=control elapsed_ms=2210 source_health=3 authorization=1 armed=1 status=338105383 word=15 left_tenths_rpm=0 right_tenths_rpm=0 enabled_samples=3
event=control elapsed_ms=2310 source_health=3 authorization=1 armed=1 status=338105383 word=15 left_tenths_rpm=0 right_tenths_rpm=0 enabled_samples=13
event=motion_ready wheel=right max_rpm=5 maximum_nonzero_ms=3000
event=control elapsed_ms=2420 source_health=3 authorization=1 armed=1 status=338105383 word=15 left_tenths_rpm=0 right_tenths_rpm=0 enabled_samples=24
event=control elapsed_ms=2520 source_health=3 authorization=1 armed=1 status=338105383 word=15 left_tenths_rpm=0 right_tenths_rpm=0 enabled_samples=34
event=control elapsed_ms=2630 source_health=3 authorization=1 armed=1 status=338105383 word=15 left_tenths_rpm=0 right_tenths_rpm=0 enabled_samples=45
event=control elapsed_ms=2730 source_health=3 authorization=1 armed=1 status=338105383 word=15 left_tenths_rpm=0 right_tenths_rpm=0 enabled_samples=55
event=control elapsed_ms=2830 source_health=3 authorization=1 armed=1 status=338105383 word=15 left_tenths_rpm=0 right_tenths_rpm=0 enabled_samples=65
event=control elapsed_ms=2940 source_health=3 authorization=1 armed=1 status=338105383 word=15 left_tenths_rpm=0 right_tenths_rpm=0 enabled_samples=76
event=control elapsed_ms=3050 source_health=3 authorization=1 armed=1 status=338105383 word=15 left_tenths_rpm=0 right_tenths_rpm=0 enabled_samples=87
event=control elapsed_ms=3150 source_health=3 authorization=1 armed=1 status=338105383 word=15 left_tenths_rpm=0 right_tenths_rpm=0 enabled_samples=97
event=control elapsed_ms=3250 source_health=3 authorization=1 armed=1 status=338105383 word=15 left_tenths_rpm=0 right_tenths_rpm=0 enabled_samples=107
event=control elapsed_ms=3350 source_health=3 authorization=1 armed=1 status=338105383 word=15 left_tenths_rpm=0 right_tenths_rpm=0 enabled_samples=117
event=control elapsed_ms=3460 source_health=3 authorization=1 armed=1 status=338105383 word=15 left_tenths_rpm=0 right_tenths_rpm=0 enabled_samples=128
event=control elapsed_ms=3570 source_health=3 authorization=1 armed=1 status=338105383 word=15 left_tenths_rpm=0 right_tenths_rpm=0 enabled_samples=139
event=control elapsed_ms=3670 source_health=3 authorization=1 armed=1 status=338105383 word=15 left_tenths_rpm=0 right_tenths_rpm=0 enabled_samples=149
event=control elapsed_ms=3770 source_health=3 authorization=1 armed=1 status=338105383 word=15 left_tenths_rpm=0 right_tenths_rpm=0 enabled_samples=159
event=control elapsed_ms=3870 source_health=3 authorization=1 armed=1 status=338105383 word=15 left_tenths_rpm=0 right_tenths_rpm=0 enabled_samples=169
event=control elapsed_ms=3980 source_health=3 authorization=1 armed=1 status=338105383 word=15 left_tenths_rpm=0 right_tenths_rpm=0 enabled_samples=180
event=control elapsed_ms=4090 source_health=3 authorization=1 armed=1 status=338105383 word=15 left_tenths_rpm=0 right_tenths_rpm=0 enabled_samples=191
event=control elapsed_ms=4200 source_health=3 authorization=1 armed=1 status=338105383 word=15 left_tenths_rpm=0 right_tenths_rpm=0 enabled_samples=202
event=control elapsed_ms=4300 source_health=3 authorization=1 armed=1 status=338105383 word=15 left_tenths_rpm=0 right_tenths_rpm=0 enabled_samples=212
event=control elapsed_ms=4400 source_health=3 authorization=1 armed=1 status=338105383 word=15 left_tenths_rpm=0 right_tenths_rpm=0 enabled_samples=222
event=control elapsed_ms=4510 source_health=3 authorization=1 armed=1 status=338105383 word=15 left_tenths_rpm=0 right_tenths_rpm=0 enabled_samples=233
event=control elapsed_ms=4620 source_health=3 authorization=1 armed=1 status=338105383 word=15 left_tenths_rpm=0 right_tenths_rpm=0 enabled_samples=244
event=control elapsed_ms=4720 source_health=3 authorization=1 armed=1 status=338105383 word=15 left_tenths_rpm=0 right_tenths_rpm=0 enabled_samples=254
event=control elapsed_ms=4830 source_health=3 authorization=1 armed=1 status=338105383 word=15 left_tenths_rpm=0 right_tenths_rpm=0 enabled_samples=265
event=control elapsed_ms=4930 source_health=3 authorization=1 armed=1 status=338105383 word=15 left_tenths_rpm=0 right_tenths_rpm=0 enabled_samples=275
event=control elapsed_ms=5040 source_health=3 authorization=1 armed=1 status=338105383 word=15 left_tenths_rpm=0 right_tenths_rpm=0 enabled_samples=286
event=control elapsed_ms=5150 source_health=3 authorization=1 armed=1 status=338105383 word=15 left_tenths_rpm=0 right_tenths_rpm=0 enabled_samples=297
event=control elapsed_ms=5260 source_health=3 authorization=1 armed=1 status=338105383 word=15 left_tenths_rpm=0 right_tenths_rpm=0 enabled_samples=308
event=control elapsed_ms=5360 source_health=3 authorization=1 armed=1 status=338105383 word=15 left_tenths_rpm=0 right_tenths_rpm=0 enabled_samples=318
event=control elapsed_ms=5460 source_health=3 authorization=1 armed=1 status=338105383 word=15 left_tenths_rpm=0 right_tenths_rpm=0 enabled_samples=328
event=control elapsed_ms=5570 source_health=3 authorization=1 armed=1 status=338105383 word=15 left_tenths_rpm=0 right_tenths_rpm=0 enabled_samples=339
event=control elapsed_ms=5680 source_health=3 authorization=1 armed=1 status=338105383 word=15 left_tenths_rpm=0 right_tenths_rpm=0 enabled_samples=350
event=control elapsed_ms=5790 source_health=3 authorization=1 armed=1 status=338105383 word=15 left_tenths_rpm=0 right_tenths_rpm=0 enabled_samples=361
event=control elapsed_ms=5890 source_health=3 authorization=1 armed=1 status=338105383 word=15 left_tenths_rpm=0 right_tenths_rpm=0 enabled_samples=371
event=control elapsed_ms=5990 source_health=3 authorization=1 armed=1 status=338105383 word=15 left_tenths_rpm=0 right_tenths_rpm=0 enabled_samples=381
event=control elapsed_ms=6100 source_health=3 authorization=1 armed=1 status=338105383 word=15 left_tenths_rpm=0 right_tenths_rpm=0 enabled_samples=392
event=control elapsed_ms=6210 source_health=3 authorization=1 armed=1 status=338105383 word=15 left_tenths_rpm=0 right_tenths_rpm=0 enabled_samples=403
event=control elapsed_ms=6320 source_health=3 authorization=1 armed=1 status=338105383 word=15 left_tenths_rpm=0 right_tenths_rpm=0 enabled_samples=414
event=control elapsed_ms=6420 source_health=3 authorization=1 armed=1 status=338105383 word=15 left_tenths_rpm=0 right_tenths_rpm=0 enabled_samples=424
event=control elapsed_ms=6520 source_health=3 authorization=1 armed=1 status=1076302887 word=15 left_tenths_rpm=0 right_tenths_rpm=4 enabled_samples=434
event=control elapsed_ms=6630 source_health=3 authorization=1 armed=1 status=1143411751 word=15 left_tenths_rpm=0 right_tenths_rpm=45 enabled_samples=445
event=control elapsed_ms=6740 source_health=3 authorization=1 armed=1 status=1143411751 word=15 left_tenths_rpm=0 right_tenths_rpm=53 enabled_samples=456
event=control elapsed_ms=6840 source_health=3 authorization=1 armed=1 status=1143411751 word=15 left_tenths_rpm=0 right_tenths_rpm=48 enabled_samples=466
event=control elapsed_ms=6950 source_health=3 authorization=1 armed=1 status=1143411751 word=15 left_tenths_rpm=0 right_tenths_rpm=49 enabled_samples=477
event=control elapsed_ms=7050 source_health=3 authorization=1 armed=1 status=1143411751 word=15 left_tenths_rpm=0 right_tenths_rpm=49 enabled_samples=487
event=control elapsed_ms=7160 source_health=3 authorization=1 armed=1 status=1143411751 word=15 left_tenths_rpm=0 right_tenths_rpm=53 enabled_samples=498
event=control elapsed_ms=7270 source_health=3 authorization=1 armed=1 status=1143411751 word=15 left_tenths_rpm=0 right_tenths_rpm=48 enabled_samples=509
event=control elapsed_ms=7380 source_health=3 authorization=1 armed=1 status=1143411751 word=15 left_tenths_rpm=0 right_tenths_rpm=50 enabled_samples=520
event=control elapsed_ms=7480 source_health=3 authorization=1 armed=1 status=1143411751 word=15 left_tenths_rpm=0 right_tenths_rpm=48 enabled_samples=530
event=control elapsed_ms=7580 source_health=3 authorization=1 armed=1 status=1143411751 word=15 left_tenths_rpm=0 right_tenths_rpm=45 enabled_samples=540
event=control elapsed_ms=7690 source_health=3 authorization=1 armed=1 status=1143411751 word=15 left_tenths_rpm=0 right_tenths_rpm=52 enabled_samples=551
event=control elapsed_ms=7800 source_health=3 authorization=1 armed=1 status=1143411751 word=15 left_tenths_rpm=0 right_tenths_rpm=49 enabled_samples=562
event=control elapsed_ms=7910 source_health=3 authorization=1 armed=1 status=1143411751 word=15 left_tenths_rpm=0 right_tenths_rpm=47 enabled_samples=573
event=stop_cause code=5 signal_exit=4 at_ns=285260351130809
phase=runtime_stop ok=1 operation= context= errno=0
event=motion_stop verified=1 elapsed_us=294978 moving_feedback=30
hil_read index=24641 sub=0 raw=341873760
hil_read index=24684 sub=1 raw=0
hil_read index=24684 sub=2 raw=0
hil_read index=24684 sub=3 raw=0
hil_read index=24684 sub=1 raw=0
hil_read index=24684 sub=2 raw=0
hil_read index=24684 sub=3 raw=0
hil_read index=24684 sub=1 raw=0
hil_read index=24684 sub=2 raw=0
hil_read index=24684 sub=3 raw=0
hil_read index=24684 sub=1 raw=0
hil_read index=24684 sub=2 raw=0
hil_read index=24684 sub=3 raw=0
hil_read index=24684 sub=1 raw=0
hil_read index=24684 sub=2 raw=0
hil_read index=24684 sub=3 raw=0
hil_read index=24684 sub=1 raw=0
hil_read index=24684 sub=2 raw=0
hil_read index=24684 sub=3 raw=0
hil_read index=24684 sub=1 raw=0
hil_read index=24684 sub=2 raw=0
hil_read index=24684 sub=3 raw=0
event=standstill_verified tolerance_tenths_rpm=15 elapsed_us=159002
phase=control ok=0 operation=control_hil_motion_envelope context=can0 healthy=0 armed=0 reason=3 status=1076335655 source_fault=0 source_age_ms=0 errno=13
phase=restore ok=1 operation= context= errno=0
event=summary cycles=799 enabled_samples=579 missed_periods=3 maximum_lateness_us=36596 maximum_cycle_us=266 shutdown_us=7 primary_ok=0 restore_ok=1
event=trace_header version=1 count=4445 overflow=0 feedback_bad=0 capacity=65536 zero_feedback_tenths_rpm=15 timestamp=steady_receive_ns storage_bytes=9437184
event=trace_row ordinal=0 kind=5 ns=285251271807224 fields=1537,8,64,65,96,0,0,0,0,0,16,0,0,0,0,0
event=trace_row ordinal=1 kind=4 ns=285251272491190 fields=1409,8,67,65,96,0,96,20,96,20,16,0,0,0,0,0
event=trace_row ordinal=2 kind=5 ns=285251273251574 fields=1537,8,64,96,96,0,0,0,0,0,16,0,0,0,0,0
event=trace_row ordinal=3 kind=4 ns=285251273932623 fields=1409,8,79,96,96,0,3,0,0,0,16,0,0,0,0,0
event=trace_row ordinal=4 kind=5 ns=285251275133136 fields=1537,8,64,97,96,0,0,0,0,0,16,0,0,0,0,0
event=trace_row ordinal=5 kind=4 ns=285251275799894 fields=1409,8,79,97,96,0,3,0,0,0,16,0,0,0,0,0
event=trace_row ordinal=6 kind=5 ns=285251277129909 fields=1537,8,64,63,96,0,0,0,0,0,16,0,0,0,0,0
event=trace_row ordinal=7 kind=4 ns=285251277738624 fields=1409,8,67,63,96,0,0,0,0,0,16,0,0,0,0,0
event=trace_row ordinal=8 kind=5 ns=285251279129598 fields=1537,8,64,255,96,1,0,0,0,0,16,0,0,0,0,0
event=trace_row ordinal=9 kind=4 ns=285251279794022 fields=1409,8,67,255,96,1,0,0,0,0,16,0,0,0,0,0
event=trace_row ordinal=10 kind=5 ns=285251281129286 fields=1537,8,64,255,96,2,0,0,0,0,16,0,0,0,0,0
event=trace_row ordinal=11 kind=4 ns=285251281796336 fields=1409,8,67,255,96,2,0,0,0,0,16,0,0,0,0,0
event=trace_row ordinal=12 kind=5 ns=285251283129850 fields=1537,8,64,15,32,0,0,0,0,0,16,0,0,0,0,0
event=trace_row ordinal=13 kind=4 ns=285251283781441 fields=1409,8,75,15,32,0,1,0,0,0,16,0,0,0,0,0
event=trace_row ordinal=14 kind=5 ns=285251285130414 fields=1537,8,64,0,32,0,0,0,0,0,16,0,0,0,0,0
event=trace_row ordinal=15 kind=4 ns=285251285783463 fields=1409,8,75,0,32,0,0,0,0,0,16,0,0,0,0,0
event=trace_row ordinal=16 kind=5 ns=285251287129812 fields=1537,8,64,23,16,0,0,0,0,0,16,0,0,0,0,0
event=trace_row ordinal=17 kind=4 ns=285251287773819 fields=1409,8,75,23,16,0,0,0,0,0,16,0,0,0,0,0
event=trace_row ordinal=18 kind=5 ns=285251289129209 fields=1537,8,64,0,20,1,0,0,0,0,16,0,0,0,0,0
event=trace_row ordinal=19 kind=4 ns=285251289767091 fields=1409,8,67,0,20,1,1,2,0,0,16,0,0,0,0,0
event=trace_row ordinal=20 kind=5 ns=285251291128606 fields=1537,8,64,0,20,2,0,0,0,0,16,0,0,0,0,0
event=trace_row ordinal=21 kind=4 ns=285251291763863 fields=1409,8,79,0,20,2,255,0,0,0,16,0,0,0,0,0
event=trace_row ordinal=22 kind=5 ns=285251293129753 fields=1537,8,64,0,20,5,0,0,0,0,16,0,0,0,0,0
event=trace_row ordinal=23 kind=4 ns=285251293816344 fields=1409,8,75,0,20,5,232,3,0,0,16,0,0,0,0,0
event=trace_row ordinal=24 kind=5 ns=285251295128859 fields=1537,8,64,0,22,0,0,0,0,0,16,0,0,0,0,0
event=trace_row ordinal=25 kind=4 ns=285251295819825 fields=1409,8,79,0,22,0,2,0,0,0,16,0,0,0,0,0
event=trace_row ordinal=26 kind=5 ns=285251297128256 fields=1537,8,64,0,22,1,0,0,0,0,16,0,0,0,0,0
event=trace_row ordinal=27 kind=4 ns=285251297747472 fields=1409,8,67,0,22,1,16,0,64,96,16,0,0,0,0,0
event=trace_row ordinal=28 kind=5 ns=285251299129404 fields=1537,8,64,0,22,2,0,0,0,0,16,0,0,0,0,0
event=trace_row ordinal=29 kind=4 ns=285251299745119 fields=1409,8,67,0,22,2,8,0,96,96,16,0,0,0,0,0
event=trace_row ordinal=30 kind=5 ns=285251301129968 fields=1537,8,64,0,24,1,0,0,0,0,16,0,0,0,0,0
event=trace_row ordinal=31 kind=4 ns=285251301801392 fields=1409,8,67,0,24,1,129,1,0,0,16,0,0,0,0,0
event=trace_row ordinal=32 kind=5 ns=285251303129073 fields=1537,8,64,0,24,2,0,0,0,0,16,0,0,0,0,0
event=trace_row ordinal=33 kind=4 ns=285251303741872 fields=1409,8,79,0,24,2,255,0,0,0,16,0,0,0,0,0
event=trace_row ordinal=34 kind=5 ns=285251305132262 fields=1537,8,64,0,24,5,0,0,0,0,16,0,0,0,0,0
event=trace_row ordinal=35 kind=4 ns=285251305794061 fields=1409,8,75,0,24,5,100,0,0,0,16,0,0,0,0,0
event=trace_row ordinal=36 kind=5 ns=285251307132243 fields=1537,8,64,0,26,0,0,0,0,0,16,0,0,0,0,0
event=trace_row ordinal=37 kind=4 ns=285251307735125 fields=1409,8,79,0,26,0,2,0,0,0,16,0,0,0,0,0
event=trace_row ordinal=38 kind=5 ns=285251309131348 fields=1537,8,64,0,26,1,0,0,0,0,16,0,0,0,0,0
event=trace_row ordinal=39 kind=4 ns=285251309723147 fields=1409,8,67,0,26,1,32,0,65,96,16,0,0,0,0,0
event=trace_row ordinal=40 kind=5 ns=285251311132204 fields=1537,8,64,0,26,2,0,0,0,0,16,0,0,0,0,0
event=trace_row ordinal=41 kind=4 ns=285251311775628 fields=1409,8,67,0,26,2,32,3,108,96,16,0,0,0,0,0
event=trace_row ordinal=42 kind=5 ns=285251313131601 fields=1537,8,64,1,24,1,0,0,0,0,16,0,0,0,0,0
event=trace_row ordinal=43 kind=4 ns=285251313777358 fields=1409,8,67,1,24,1,129,2,0,0,16,0,0,0,0,0
event=trace_row ordinal=44 kind=5 ns=285251315131582 fields=1537,8,64,1,24,2,0,0,0,0,16,0,0,0,0,0
event=trace_row ordinal=45 kind=4 ns=285251315712005 fields=1409,8,79,1,24,2,255,0,0,0,16,0,0,0,0,0
event=trace_row ordinal=46 kind=5 ns=285251317132146 fields=1537,8,64,1,24,5,0,0,0,0,16,0,0,0,0,0
event=trace_row ordinal=47 kind=4 ns=285251317704111 fields=1409,8,75,1,24,5,0,0,0,0,16,0,0,0,0,0
event=trace_row ordinal=48 kind=5 ns=285251319132126 fields=1537,8,64,1,26,0,0,0,0,0,16,0,0,0,0,0
event=trace_row ordinal=49 kind=4 ns=285251319763884 fields=1409,8,79,1,26,0,0,0,0,0,16,0,0,0,0,0
event=trace_row ordinal=50 kind=5 ns=285251321132107 fields=1537,8,64,1,26,1,0,0,0,0,16,0,0,0,0,0
event=trace_row ordinal=51 kind=4 ns=285251321817240 fields=1409,8,67,1,26,1,0,0,0,0,16,0,0,0,0,0
event=trace_row ordinal=52 kind=5 ns=285251323130921 fields=1537,8,64,1,26,2,0,0,0,0,16,0,0,0,0,0
event=trace_row ordinal=53 kind=4 ns=285251323816929 fields=1409,8,67,1,26,2,0,0,0,0,16,0,0,0,0,0
event=trace_row ordinal=54 kind=5 ns=285251325132360 fields=1537,8,64,108,96,1,0,0,0,0,16,0,0,0,0,0
event=trace_row ordinal=55 kind=4 ns=285251325810493 fields=1409,8,67,108,96,1,0,0,0,0,16,0,0,0,0,0
event=trace_row ordinal=56 kind=5 ns=285251327131757 fields=1537,8,64,108,96,2,0,0,0,0,16,0,0,0,0,0
event=trace_row ordinal=57 kind=4 ns=285251327805515 fields=1409,8,67,108,96,2,0,0,0,0,16,0,0,0,0,0
event=trace_row ordinal=58 kind=5 ns=285251329130571 fields=1537,8,64,108,96,3,0,0,0,0,16,0,0,0,0,0
event=trace_row ordinal=59 kind=4 ns=285251329800829 fields=1409,8,67,108,96,3,0,0,0,0,16,0,0,0,0,0
event=trace_row ordinal=60 kind=5 ns=285251352178328 fields=1537,8,64,108,96,1,0,0,0,0,16,0,0,0,0,0
event=trace_row ordinal=61 kind=4 ns=285251352824960 fields=1409,8,67,108,96,1,0,0,0,0,16,0,0,0,0,0
event=trace_row ordinal=62 kind=5 ns=285251354145933 fields=1537,8,64,108,96,2,0,0,0,0,16,0,0,0,0,0
event=trace_row ordinal=63 kind=4 ns=285251354823482 fields=1409,8,67,108,96,2,0,0,0,0,16,0,0,0,0,0
event=trace_row ordinal=64 kind=5 ns=285251356133664 fields=1537,8,64,108,96,3,0,0,0,0,16,0,0,0,0,0
event=trace_row ordinal=65 kind=4 ns=285251356806838 fields=1409,8,67,108,96,3,0,0,0,0,16,0,0,0,0,0
event=trace_row ordinal=66 kind=5 ns=285251379123670 fields=1537,8,64,108,96,1,0,0,0,0,16,0,0,0,0,0
event=trace_row ordinal=67 kind=4 ns=285251379808802 fields=1409,8,67,108,96,1,0,0,0,0,16,0,0,0,0,0
event=trace_row ordinal=68 kind=5 ns=285251381131817 fields=1537,8,64,108,96,2,0,0,0,0,16,0,0,0,0,0
event=trace_row ordinal=69 kind=4 ns=285251381805866 fields=1409,8,67,108,96,2,0,0,0,0,16,0,0,0,0,0
event=trace_row ordinal=70 kind=5 ns=285251383130339 fields=1537,8,64,108,96,3,0,0,0,0,16,0,0,0,0,0
event=trace_row ordinal=71 kind=4 ns=285251383801180 fields=1409,8,67,108,96,3,0,0,0,0,16,0,0,0,0,0
event=trace_row ordinal=72 kind=5 ns=285251406122387 fields=1537,8,64,108,96,1,0,0,0,0,16,0,0,0,0,0
event=trace_row ordinal=73 kind=4 ns=285251406808687 fields=1409,8,67,108,96,1,0,0,0,0,16,0,0,0,0,0
event=trace_row ordinal=74 kind=5 ns=285251408130535 fields=1537,8,64,108,96,2,0,0,0,0,16,0,0,0,0,0
event=trace_row ordinal=75 kind=4 ns=285251408807792 fields=1409,8,67,108,96,2,0,0,0,0,16,0,0,0,0,0
event=trace_row ordinal=76 kind=5 ns=285251410131099 fields=1537,8,64,108,96,3,0,0,0,0,16,0,0,0,0,0
event=trace_row ordinal=77 kind=4 ns=285251410803106 fields=1409,8,67,108,96,3,0,0,0,0,16,0,0,0,0,0
event=trace_row ordinal=78 kind=5 ns=285251433122563 fields=1537,8,64,108,96,1,0,0,0,0,16,0,0,0,0,0
event=trace_row ordinal=79 kind=4 ns=285251433810612 fields=1409,8,67,108,96,1,0,0,0,0,16,0,0,0,0,0
event=trace_row ordinal=80 kind=5 ns=285251435131002 fields=1537,8,64,108,96,2,0,0,0,0,16,0,0,0,0,0
event=trace_row ordinal=81 kind=4 ns=285251435806801 fields=1409,8,67,108,96,2,0,0,0,0,16,0,0,0,0,0
event=trace_row ordinal=82 kind=5 ns=285251437130691 fields=1537,8,64,108,96,3,0,0,0,0,16,0,0,0,0,0
event=trace_row ordinal=83 kind=4 ns=285251437802407 fields=1409,8,67,108,96,3,0,0,0,0,16,0,0,0,0,0
event=trace_row ordinal=84 kind=5 ns=285251460124489 fields=1537,8,64,108,96,1,0,0,0,0,16,0,0,0,0,0
event=trace_row ordinal=85 kind=4 ns=285251460812538 fields=1409,8,67,108,96,1,0,0,0,0,16,0,0,0,0,0
event=trace_row ordinal=86 kind=5 ns=285251462130886 fields=1537,8,64,108,96,2,0,0,0,0,16,0,0,0,0,0
event=trace_row ordinal=87 kind=4 ns=285251462807852 fields=1409,8,67,108,96,2,0,0,0,0,16,0,0,0,0,0
event=trace_row ordinal=88 kind=5 ns=285251464129408 fields=1537,8,64,108,96,3,0,0,0,0,16,0,0,0,0,0
event=trace_row ordinal=89 kind=4 ns=285251464806083 fields=1409,8,67,108,96,3,0,0,0,0,16,0,0,0,0,0
event=trace_row ordinal=90 kind=5 ns=285251487123498 fields=1537,8,64,108,96,1,0,0,0,0,16,0,0,0,0,0
event=trace_row ordinal=91 kind=4 ns=285251487808047 fields=1409,8,67,108,96,1,0,0,0,0,16,0,0,0,0,0
event=trace_row ordinal=92 kind=5 ns=285251489132229 fields=1537,8,64,108,96,2,0,0,0,0,16,0,0,0,0,0
event=trace_row ordinal=93 kind=4 ns=285251489806861 fields=1409,8,67,108,96,2,0,0,0,0,16,0,0,0,0,0
event=trace_row ordinal=94 kind=5 ns=285251491129876 fields=1537,8,64,108,96,3,0,0,0,0,16,0,0,0,0,0
event=trace_row ordinal=95 kind=4 ns=285251491800717 fields=1409,8,67,108,96,3,0,0,0,0,16,0,0,0,0,0
event=trace_row ordinal=96 kind=5 ns=285251493175065 fields=1537,8,43,23,16,0,244,1,0,0,16,0,0,0,0,0
event=trace_row ordinal=97 kind=4 ns=285251493865740 fields=1409,8,96,23,16,0,0,0,0,0,16,0,0,0,0,0
event=trace_row ordinal=98 kind=5 ns=285251495125170 fields=1537,8,64,23,16,0,0,0,0,0,16,0,0,0,0,0
event=trace_row ordinal=99 kind=4 ns=285251495791636 fields=1409,8,75,23,16,0,244,1,0,0,16,0,0,0,0,0
event=trace_row ordinal=100 kind=4 ns=285251743295727 fields=1793,1,127,0,0,0,0,0,0,0,16,0,0,0,0,0
event=trace_row ordinal=101 kind=5 ns=285251745159206 fields=0,2,128,1,0,0,0,0,0,0,16,0,0,0,0,0
event=trace_row ordinal=102 kind=4 ns=285251992822548 fields=1793,1,127,0,0,0,0,0,0,0,16,0,0,0,0,0
event=trace_row ordinal=103 kind=5 ns=285251994177063 fields=1537,8,43,0,32,0,232,3,0,0,16,0,0,0,0,0
event=trace_row ordinal=104 kind=4 ns=285251994843529 fields=1409,8,96,0,32,0,0,0,0,0,16,0,0,0,0,0
event=trace_row ordinal=105 kind=5 ns=285251996132710 fields=1537,8,64,0,32,0,0,0,0,0,16,0,0,0,0,0
event=trace_row ordinal=106 kind=4 ns=285251996822217 fields=1409,8,75,0,32,0,232,3,0,0,16,0,0,0,0,0
event=trace_row ordinal=107 kind=5 ns=285251998162732 fields=1537,8,35,0,20,1,1,2,0,128,16,0,0,0,0,0
event=trace_row ordinal=108 kind=4 ns=285251998823948 fields=1409,8,96,0,20,1,0,0,0,0,16,0,0,0,0,0
event=trace_row ordinal=109 kind=5 ns=285252000125671 fields=1537,8,64,0,20,1,0,0,0,0,16,0,0,0,0,0
event=trace_row ordinal=110 kind=4 ns=285252000812553 fields=1409,8,67,0,20,1,1,2,0,128,16,0,0,0,0,0
event=trace_row ordinal=111 kind=5 ns=285252002132068 fields=1537,8,47,0,22,0,0,0,0,0,16,0,0,0,0,0
event=trace_row ordinal=112 kind=4 ns=285252002816909 fields=1409,8,96,0,22,0,0,0,0,0,16,0,0,0,0,0
event=trace_row ordinal=113 kind=5 ns=285252004124757 fields=1537,8,64,0,22,0,0,0,0,0,16,0,0,0,0,0
event=trace_row ordinal=114 kind=4 ns=285252004821556 fields=1409,8,79,0,22,0,0,0,0,0,16,0,0,0,0,0
event=trace_row ordinal=115 kind=5 ns=285252006129113 fields=1537,8,35,0,22,1,16,0,64,96,16,0,0,0,0,0
event=trace_row ordinal=116 kind=4 ns=285252006807245 fields=1409,8,96,0,22,1,0,0,0,0,16,0,0,0,0,0
event=trace_row ordinal=117 kind=5 ns=285252008124135 fields=1537,8,64,0,22,1,0,0,0,0,16,0,0,0,0,0
event=trace_row ordinal=118 kind=4 ns=285252008793226 fields=1409,8,67,0,22,1,16,0,64,96,16,0,0,0,0,0
event=trace_row ordinal=119 kind=5 ns=285252010129657 fields=1537,8,35,0,22,2,32,3,255,96,16,0,0,0,0,0
event=trace_row ordinal=120 kind=4 ns=285252010798456 fields=1409,8,96,0,22,2,0,0,0,0,16,0,0,0,0,0
event=trace_row ordinal=121 kind=5 ns=285252012125263 fields=1537,8,64,0,22,2,0,0,0,0,16,0,0,0,0,0
event=trace_row ordinal=122 kind=4 ns=285252012730478 fields=1409,8,67,0,22,2,32,3,255,96,16,0,0,0,0,0
event=trace_row ordinal=123 kind=5 ns=285252014129618 fields=1537,8,47,0,22,0,2,0,0,0,16,0,0,0,0,0
event=trace_row ordinal=124 kind=4 ns=285252014729583 fields=1409,8,96,0,22,0,0,0,0,0,16,0,0,0,0,0
event=trace_row ordinal=125 kind=5 ns=285252016124057 fields=1537,8,64,0,22,0,0,0,0,0,16,0,0,0,0,0
event=trace_row ordinal=126 kind=4 ns=285252016784690 fields=1409,8,79,0,22,0,2,0,0,0,16,0,0,0,0,0
event=trace_row ordinal=127 kind=5 ns=285252018128705 fields=1537,8,35,0,20,1,1,2,0,0,16,0,0,0,0,0
event=trace_row ordinal=128 kind=4 ns=285252018721378 fields=1409,8,96,0,20,1,0,0,0,0,16,0,0,0,0,0
event=trace_row ordinal=129 kind=5 ns=285252020125185 fields=1537,8,64,0,20,1,0,0,0,0,16,0,0,0,0,0
event=trace_row ordinal=130 kind=4 ns=285252020706775 fields=1409,8,67,0,20,1,1,2,0,0,16,0,0,0,0,0
event=trace_row ordinal=131 kind=5 ns=285252022140916 fields=1537,8,35,1,24,1,129,2,0,128,16,0,0,0,0,0
event=trace_row ordinal=132 kind=4 ns=285252022773548 fields=1409,8,96,1,24,1,0,0,0,0,16,0,0,0,0,0
event=trace_row ordinal=133 kind=5 ns=285252024123980 fields=1537,8,64,1,24,1,0,0,0,0,16,0,0,0,0,0
event=trace_row ordinal=134 kind=4 ns=285252024699153 fields=1409,8,67,1,24,1,129,2,0,128,16,0,0,0,0,0
event=trace_row ordinal=135 kind=5 ns=285252026133585 fields=1537,8,47,1,26,0,0,0,0,0,16,0,0,0,0,0
event=trace_row ordinal=136 kind=4 ns=285252026759217 fields=1409,8,96,1,26,0,0,0,0,0,16,0,0,0,0,0
event=trace_row ordinal=137 kind=5 ns=285252028124233 fields=1537,8,64,1,26,0,0,0,0,0,16,0,0,0,0,0
event=trace_row ordinal=138 kind=4 ns=285252028814907 fields=1409,8,79,1,26,0,0,0,0,0,16,0,0,0,0,0
event=trace_row ordinal=139 kind=5 ns=285252030133255 fields=1537,8,35,1,26,1,8,0,97,96,16,0,0,0,0,0
event=trace_row ordinal=140 kind=4 ns=285252030748970 fields=1409,8,96,1,26,1,0,0,0,0,16,0,0,0,0,0
event=trace_row ordinal=141 kind=5 ns=285252032131194 fields=1537,8,64,1,26,1,0,0,0,0,16,0,0,0,0,0
event=trace_row ordinal=142 kind=4 ns=285252032740784 fields=1409,8,67,1,26,1,8,0,97,96,16,0,0,0,0,0
event=trace_row ordinal=143 kind=5 ns=285252034134675 fields=1537,8,35,1,26,2,32,0,63,96,16,0,0,0,0,0
event=trace_row ordinal=144 kind=4 ns=285252034739015 fields=1409,8,96,1,26,2,0,0,0,0,16,0,0,0,0,0
event=trace_row ordinal=145 kind=5 ns=285252036124155 fields=1537,8,64,1,26,2,0,0,0,0,16,0,0,0,0,0
event=trace_row ordinal=146 kind=4 ns=285252036792079 fields=1409,8,67,1,26,2,32,0,63,96,16,0,0,0,0,0
event=trace_row ordinal=147 kind=5 ns=285252038131719 fields=1537,8,47,1,26,0,2,0,0,0,16,0,0,0,0,0
event=trace_row ordinal=148 kind=4 ns=285252038791768 fields=1409,8,96,1,26,0,0,0,0,0,16,0,0,0,0,0
event=trace_row ordinal=149 kind=5 ns=285252040124700 fields=1537,8,64,1,26,0,0,0,0,0,16,0,0,0,0,0
event=trace_row ordinal=150 kind=4 ns=285252040725831 fields=1409,8,79,1,26,0,2,0,0,0,16,0,0,0,0,0
event=trace_row ordinal=151 kind=5 ns=285252042131680 fields=1537,8,43,1,24,5,100,0,0,0,16,0,0,0,0,0
event=trace_row ordinal=152 kind=4 ns=285252042723770 fields=1409,8,96,1,24,5,0,0,0,0,16,0,0,0,0,0
event=trace_row ordinal=153 kind=5 ns=285252044124953 fields=1537,8,64,1,24,5,0,0,0,0,16,0,0,0,0,0
event=trace_row ordinal=154 kind=4 ns=285252044714417 fields=1409,8,75,1,24,5,100,0,0,0,16,0,0,0,0,0
event=trace_row ordinal=155 kind=5 ns=285252046132225 fields=1537,8,35,1,24,1,129,2,0,0,16,0,0,0,0,0
event=trace_row ordinal=156 kind=4 ns=285252046775940 fields=1409,8,96,1,24,1,0,0,0,0,16,0,0,0,0,0
event=trace_row ordinal=157 kind=5 ns=285252048123455 fields=1537,8,64,1,24,1,0,0,0,0,16,0,0,0,0,0
event=trace_row ordinal=158 kind=4 ns=285252048765713 fields=1409,8,67,1,24,1,129,2,0,0,16,0,0,0,0,0
event=trace_row ordinal=159 kind=5 ns=285252050129269 fields=0,2,1,1,0,0,0,0,0,0,16,0,0,0,0,0
event=trace_row ordinal=160 kind=4 ns=285252050765110 fields=385,8,96,20,96,20,0,0,0,0,16,0,0,0,0,0
event=trace_row ordinal=161 kind=4 ns=285252050951487 fields=641,5,3,0,0,0,0,0,0,0,16,0,0,0,0,0
event=trace_row ordinal=162 kind=4 ns=285252051049780 fields=897,0,0,0,0,0,0,0,0,0,16,0,0,0,0,0
event=trace_row ordinal=163 kind=4 ns=285252051166156 fields=1153,0,0,0,0,0,0,0,0,0,16,0,0,0,0,0
event=trace_row ordinal=164 kind=4 ns=285252100783875 fields=385,8,96,20,96,20,0,0,0,0,16,0,0,0,0,0
event=trace_row ordinal=165 kind=4 ns=285252100903168 fields=641,5,3,0,0,0,0,0,0,0,16,0,0,0,0,0
event=trace_row ordinal=166 kind=4 ns=285252150789224 fields=385,8,96,20,96,20,0,0,0,0,16,0,0,0,0,0
event=trace_row ordinal=167 kind=4 ns=285252150911142 fields=641,5,3,0,0,0,0,0,0,0,16,0,0,0,0,0
event=trace_row ordinal=168 kind=4 ns=285252200801572 fields=385,8,96,20,96,20,0,0,0,0,16,0,0,0,0,0
event=trace_row ordinal=169 kind=4 ns=285252200847073 fields=641,5,3,0,0,0,0,0,0,0,16,0,0,0,0,0
event=trace_row ordinal=170 kind=4 ns=285252242310868 fields=1793,1,5,0,0,0,0,0,0,0,16,0,0,0,0,0
event=trace_row ordinal=171 kind=5 ns=285252244183097 fields=1537,8,35,255,96,1,0,0,0,0,16,0,0,0,0,0
event=trace_row ordinal=172 kind=4 ns=285252244762062 fields=1409,8,96,255,96,1,0,0,0,0,16,0,0,0,0,0
event=trace_row ordinal=173 kind=5 ns=285252246137577 fields=1537,8,64,255,96,1,0,0,0,0,16,0,0,0,0,0
event=trace_row ordinal=174 kind=4 ns=285252246815418 fields=1409,8,67,255,96,1,0,0,0,0,16,0,0,0,0,0
event=trace_row ordinal=175 kind=5 ns=285252248167308 fields=1537,8,35,255,96,2,0,0,0,0,16,0,0,0,0,0
event=trace_row ordinal=176 kind=4 ns=285252248814232 fields=1409,8,96,255,96,2,0,0,0,0,16,0,0,0,0,0
event=trace_row ordinal=177 kind=5 ns=285252250127913 fields=1537,8,64,255,96,2,0,0,0,0,16,0,0,0,0,0
event=trace_row ordinal=178 kind=4 ns=285252250817421 fields=1409,8,67,255,96,2,0,0,0,0,16,0,0,0,0,0
event=trace_row ordinal=179 kind=4 ns=285252250986298 fields=385,8,96,20,96,20,0,0,0,0,16,0,0,0,0,0
event=trace_row ordinal=180 kind=5 ns=285252251204467 fields=1537,8,43,64,96,0,6,0,0,0,16,0,0,0,0,0
event=trace_row ordinal=181 kind=4 ns=285252251221384 fields=641,5,3,0,0,0,0,0,0,0,16,0,0,0,0,0
event=trace_row ordinal=182 kind=4 ns=285252251867725 fields=1409,8,96,64,96,0,0,0,0,0,16,0,0,0,0,0
event=trace_row ordinal=183 kind=5 ns=285252253136489 fields=1537,8,64,64,96,0,0,0,0,0,16,0,0,0,0,0
event=trace_row ordinal=184 kind=4 ns=285252253800329 fields=1409,8,75,64,96,0,6,0,0,0,16,0,0,0,0,0
event=trace_row ordinal=185 kind=4 ns=285252300884312 fields=385,8,33,20,33,20,0,0,0,0,16,0,0,0,0,0
event=trace_row ordinal=186 kind=4 ns=285252301057856 fields=641,5,3,0,0,0,0,0,0,0,16,0,0,0,0,0
event=trace_row ordinal=187 kind=5 ns=285252302152493 fields=1537,8,64,0,20,1,0,0,0,0,16,0,0,0,0,0
event=trace_row ordinal=188 kind=4 ns=285252302806417 fields=1409,8,67,0,20,1,1,2,0,0,16,0,0,0,0,0
event=trace_row ordinal=189 kind=5 ns=285252304152474 fields=1537,8,64,0,20,2,0,0,0,0,16,0,0,0,0,0
event=trace_row ordinal=190 kind=4 ns=285252304801731 fields=1409,8,79,0,20,2,255,0,0,0,16,0,0,0,0,0
event=trace_row ordinal=191 kind=5 ns=285252306138162 fields=1537,8,64,0,22,0,0,0,0,0,16,0,0,0,0,0
event=trace_row ordinal=192 kind=4 ns=285252306800836 fields=1409,8,79,0,22,0,2,0,0,0,16,0,0,0,0,0
event=trace_row ordinal=193 kind=5 ns=285252308137268 fields=1537,8,64,0,22,1,0,0,0,0,16,0,0,0,0,0
event=trace_row ordinal=194 kind=4 ns=285252308789442 fields=1409,8,67,0,22,1,16,0,64,96,16,0,0,0,0,0
event=trace_row ordinal=195 kind=5 ns=285252310136373 fields=1537,8,64,0,22,2,0,0,0,0,16,0,0,0,0,0
event=trace_row ordinal=196 kind=4 ns=285252310729338 fields=1409,8,67,0,22,2,32,3,255,96,16,0,0,0,0,0
event=trace_row ordinal=197 kind=5 ns=285252312136354 fields=1537,8,64,0,24,1,0,0,0,0,16,0,0,0,0,0
event=trace_row ordinal=198 kind=4 ns=285252312787653 fields=1409,8,67,0,24,1,129,1,0,0,16,0,0,0,0,0
event=trace_row ordinal=199 kind=5 ns=285252314134876 fields=1537,8,64,0,24,2,0,0,0,0,16,0,0,0,0,0
event=trace_row ordinal=200 kind=4 ns=285252314724050 fields=1409,8,79,0,24,2,255,0,0,0,16,0,0,0,0,0
event=trace_row ordinal=201 kind=5 ns=285252316135440 fields=1537,8,64,0,26,0,0,0,0,0,16,0,0,0,0,0
event=trace_row ordinal=202 kind=4 ns=285252316728405 fields=1409,8,79,0,26,0,2,0,0,0,16,0,0,0,0,0
event=trace_row ordinal=203 kind=5 ns=285252318138046 fields=1537,8,64,0,26,1,0,0,0,0,16,0,0,0,0,0
event=trace_row ordinal=204 kind=4 ns=285252318768928 fields=1409,8,67,0,26,1,32,0,65,96,16,0,0,0,0,0
event=trace_row ordinal=205 kind=5 ns=285252320137735 fields=1537,8,64,0,26,2,0,0,0,0,16,0,0,0,0,0
event=trace_row ordinal=206 kind=4 ns=285252320821992 fields=1409,8,67,0,26,2,32,3,108,96,16,0,0,0,0,0
event=trace_row ordinal=207 kind=5 ns=285252322137424 fields=1537,8,64,1,24,1,0,0,0,0,16,0,0,0,0,0
event=trace_row ordinal=208 kind=4 ns=285252322759556 fields=1409,8,67,1,24,1,129,2,0,0,16,0,0,0,0,0
event=trace_row ordinal=209 kind=5 ns=285252324136238 fields=1537,8,64,1,24,2,0,0,0,0,16,0,0,0,0,0
event=trace_row ordinal=210 kind=4 ns=285252324758953 fields=1409,8,79,1,24,2,255,0,0,0,16,0,0,0,0,0
event=trace_row ordinal=211 kind=5 ns=285252326136218 fields=1537,8,64,1,26,0,0,0,0,0,16,0,0,0,0,0
event=trace_row ordinal=212 kind=4 ns=285252326761559 fields=1409,8,79,1,26,0,2,0,0,0,16,0,0,0,0,0
event=trace_row ordinal=213 kind=5 ns=285252328137074 fields=1537,8,64,1,26,1,0,0,0,0,16,0,0,0,0,0
event=trace_row ordinal=214 kind=4 ns=285252328802081 fields=1409,8,67,1,26,1,8,0,97,96,16,0,0,0,0,0
event=trace_row ordinal=215 kind=5 ns=285252330135888 fields=1537,8,64,1,26,2,0,0,0,0,16,0,0,0,0,0
event=trace_row ordinal=216 kind=4 ns=285252330800312 fields=1409,8,67,1,26,2,32,0,63,96,16,0,0,0,0,0
event=trace_row ordinal=217 kind=5 ns=285252332136744 fields=1537,8,64,15,32,0,0,0,0,0,16,0,0,0,0,0
event=trace_row ordinal=218 kind=4 ns=285252332800293 fields=1409,8,75,15,32,0,1,0,0,0,16,0,0,0,0,0
event=trace_row ordinal=219 kind=5 ns=285252371026843 fields=513,6,2,0,0,0,0,0,0,0,16,0,0,0,0,0
event=trace_row ordinal=220 kind=0 ns=285252370895884 fields=1,2,0,25,1,0,0,0,0,0,0,0,0,0,0,0
event=trace_row ordinal=221 kind=1 ns=285252370895884 fields=1,2,0,1005,997,200,1000,0,1,0,0,0,0,0,0,0
event=trace_row ordinal=222 kind=3 ns=285252371045510 fields=1,2,0,2,285252370895884,0,0,0,0,0,0,0,0,6,0,1
event=trace_row ordinal=223 kind=4 ns=285252371123678 fields=385,8,33,20,33,20,0,0,0,0,16,0,0,0,0,0
event=trace_row ordinal=224 kind=4 ns=285252371158678 fields=641,5,3,0,0,0,0,0,0,0,16,0,0,0,0,0
event=trace_row ordinal=225 kind=5 ns=285252381204957 fields=513,6,2,0,0,0,0,0,0,0,16,0,0,0,0,0
event=trace_row ordinal=226 kind=0 ns=285252381133498 fields=2,2,0,25,1,0,0,0,0,0,0,0,0,0,0,0
event=trace_row ordinal=227 kind=1 ns=285252381133498 fields=2,2,0,1005,997,200,1000,0,1,0,0,0,0,0,0,0
event=trace_row ordinal=228 kind=3 ns=285252381216332 fields=2,3,0,2,285252381133498,0,0,0,0,0,0,0,0,6,0,1
event=trace_row ordinal=229 kind=5 ns=285252391181234 fields=513,6,2,0,0,0,0,0,0,0,16,0,0,0,0,0
event=trace_row ordinal=230 kind=0 ns=285252391126984 fields=3,2,0,25,1,0,0,0,0,0,0,0,0,0,0,0
event=trace_row ordinal=231 kind=1 ns=285252391126984 fields=3,2,0,1005,997,200,1000,0,1,0,0,0,0,0,0,0
event=trace_row ordinal=232 kind=3 ns=285252391189985 fields=3,4,0,2,285252391126984,0,0,0,0,0,0,0,0,6,0,2
event=trace_row ordinal=233 kind=4 ns=285252400830842 fields=385,8,96,20,96,20,0,0,0,0,16,0,0,0,0,0
event=trace_row ordinal=234 kind=4 ns=285252400960052 fields=641,5,3,0,0,0,0,0,0,0,16,0,0,0,0,0
event=trace_row ordinal=235 kind=5 ns=285252401186096 fields=513,6,2,0,0,0,0,0,0,0,16,0,0,0,0,0
event=trace_row ordinal=236 kind=0 ns=285252401127470 fields=4,2,0,50,2,0,0,0,0,0,0,0,0,0,0,0
event=trace_row ordinal=237 kind=1 ns=285252401127470 fields=4,2,0,1005,997,200,1000,0,1,0,0,0,0,0,0,0
event=trace_row ordinal=238 kind=1 ns=285252401127470 fields=4,2,1,1005,997,200,1000,0,1,0,0,0,0,0,0,0
event=trace_row ordinal=239 kind=3 ns=285252401195429 fields=4,5,0,2,285252401127470,0,0,0,0,0,0,0,0,6,0,2
event=trace_row ordinal=240 kind=5 ns=285252411296250 fields=513,6,2,0,0,0,0,0,0,0,16,0,0,0,0,0
event=trace_row ordinal=241 kind=0 ns=285252411172874 fields=5,2,0,25,1,0,0,0,0,0,0,0,0,0,0,0
event=trace_row ordinal=242 kind=1 ns=285252411172874 fields=5,2,0,1005,997,200,1000,0,1,0,0,0,0,0,0,0
event=trace_row ordinal=243 kind=3 ns=285252411317834 fields=5,6,0,2,285252411172874,0,0,0,0,0,0,0,0,6,0,2
event=trace_row ordinal=244 kind=5 ns=285252421210986 fields=513,6,2,0,0,0,0,0,0,0,16,0,0,0,0,0
event=trace_row ordinal=245 kind=0 ns=285252421137193 fields=6,2,0,50,2,0,0,0,0,0,0,0,0,0,0,0
event=trace_row ordinal=246 kind=1 ns=285252421137193 fields=6,2,0,1005,997,200,1000,0,1,0,0,0,0,0,0,0
event=trace_row ordinal=247 kind=1 ns=285252421137193 fields=6,2,1,1005,997,200,1000,0,1,0,0,0,0,0,0,0
event=trace_row ordinal=248 kind=3 ns=285252421222944 fields=6,7,0,2,285252421137193,0,0,0,0,0,0,0,0,6,0,2
event=trace_row ordinal=249 kind=5 ns=285252431181722 fields=513,6,2,0,0,0,0,0,0,0,16,0,0,0,0,0
event=trace_row ordinal=250 kind=0 ns=285252431129513 fields=7,2,0,25,1,0,0,0,0,0,0,0,0,0,0,0
event=trace_row ordinal=251 kind=1 ns=285252431129513 fields=7,2,0,1005,997,200,1000,0,1,0,0,0,0,0,0,0
event=trace_row ordinal=252 kind=3 ns=285252431190763 fields=7,8,0,2,285252431129513,0,0,0,0,0,0,0,0,6,0,2
event=trace_row ordinal=253 kind=5 ns=285252441185125 fields=513,6,2,0,0,0,0,0,0,0,16,0,0,0,0,0
event=trace_row ordinal=254 kind=0 ns=285252441129124 fields=8,2,0,50,2,0,0,0,0,0,0,0,0,0,0,0
event=trace_row ordinal=255 kind=1 ns=285252441129124 fields=8,2,0,1004,997,200,1000,0,1,0,0,0,0,0,0,0
event=trace_row ordinal=256 kind=1 ns=285252441129124 fields=8,2,1,1004,997,200,1000,0,1,0,0,0,0,0,0,0
event=trace_row ordinal=257 kind=3 ns=285252441194750 fields=8,9,0,2,285252441129124,0,0,0,0,0,0,0,0,6,0,2
event=trace_row ordinal=258 kind=4 ns=285252450856024 fields=385,8,96,20,96,20,0,0,0,0,16,0,0,0,0,0
event=trace_row ordinal=259 kind=4 ns=285252451031901 fields=641,5,3,0,0,0,0,0,0,0,16,0,0,0,0,0
event=trace_row ordinal=260 kind=5 ns=285252451135735 fields=513,6,2,0,0,0,0,0,0,0,16,0,0,0,0,0
event=trace_row ordinal=261 kind=0 ns=285252451079152 fields=9,2,0,25,1,0,0,0,0,0,0,0,0,0,0,0
event=trace_row ordinal=262 kind=1 ns=285252451079152 fields=9,2,0,1004,997,200,1000,0,1,0,0,0,0,0,0,0
event=trace_row ordinal=263 kind=3 ns=285252451144777 fields=9,10,0,2,285252451079152,0,0,0,0,0,0,0,0,6,0,2
event=trace_row ordinal=264 kind=5 ns=285252461179681 fields=513,6,2,0,0,0,0,0,0,0,16,0,0,0,0,0
event=trace_row ordinal=265 kind=0 ns=285252461128055 fields=10,2,0,25,1,0,0,0,0,0,0,0,0,0,0,0
event=trace_row ordinal=266 kind=1 ns=285252461128055 fields=10,2,0,1005,997,200,1000,0,1,0,0,0,0,0,0,0
event=trace_row ordinal=267 kind=3 ns=285252461188722 fields=10,11,0,2,285252461128055,0,0,0,0,0,0,0,0,6,0,2
event=trace_row ordinal=268 kind=5 ns=285252471183375 fields=513,6,2,0,0,0,0,0,0,0,16,0,0,0,0,0
event=trace_row ordinal=269 kind=0 ns=285252471127375 fields=11,2,0,50,2,0,0,0,0,0,0,0,0,0,0,0
event=trace_row ordinal=270 kind=1 ns=285252471127375 fields=11,2,0,1005,997,200,1000,0,1,0,0,0,0,0,0,0
event=trace_row ordinal=271 kind=1 ns=285252471127375 fields=11,2,1,1005,997,200,1000,0,1,0,0,0,0,0,0,0
event=trace_row ordinal=272 kind=3 ns=285252471192709 fields=11,12,0,2,285252471127375,0,0,0,0,0,0,0,0,6,0,2
event=trace_row ordinal=273 kind=5 ns=285252481179195 fields=513,6,2,0,0,0,0,0,0,0,16,0,0,0,0,0
event=trace_row ordinal=274 kind=0 ns=285252481127570 fields=12,2,0,25,1,0,0,0,0,0,0,0,0,0,0,0
event=trace_row ordinal=275 kind=1 ns=285252481127570 fields=12,2,0,1005,997,200,1000,0,1,0,0,0,0,0,0,0
event=trace_row ordinal=276 kind=3 ns=285252481188529 fields=12,13,0,2,285252481127570,0,0,0,0,0,0,0,0,6,0,2
event=trace_row ordinal=277 kind=5 ns=285252491186098 fields=513,6,2,0,0,0,0,0,0,0,16,0,0,0,0,0
event=trace_row ordinal=278 kind=0 ns=285252491128056 fields=13,2,0,50,2,0,0,0,0,0,0,0,0,0,0,0
event=trace_row ordinal=279 kind=1 ns=285252491128056 fields=13,2,0,1005,997,200,1000,0,1,0,0,0,0,0,0,0
event=trace_row ordinal=280 kind=1 ns=285252491128056 fields=13,2,1,1005,997,200,1000,0,1,0,0,0,0,0,0,0
event=trace_row ordinal=281 kind=3 ns=285252491195432 fields=13,14,0,2,285252491128056,0,0,0,0,0,0,0,0,6,0,2
event=trace_row ordinal=282 kind=4 ns=285252491812022 fields=1793,1,5,0,0,0,0,0,0,0,16,0,0,0,0,0
event=trace_row ordinal=283 kind=4 ns=285252500849706 fields=385,8,96,20,96,20,0,0,0,0,16,0,0,0,0,0
event=trace_row ordinal=284 kind=4 ns=285252500981249 fields=641,5,3,0,0,0,0,0,0,0,16,0,0,0,0,0
event=trace_row ordinal=285 kind=5 ns=285252501182210 fields=513,6,2,0,0,0,0,0,0,0,16,0,0,0,0,0
event=trace_row ordinal=286 kind=0 ns=285252501130001 fields=14,2,0,25,1,0,0,0,0,0,0,0,0,0,0,0
event=trace_row ordinal=287 kind=1 ns=285252501130001 fields=14,2,0,1005,997,200,1000,0,1,0,0,0,0,0,0,0
event=trace_row ordinal=288 kind=3 ns=285252501191251 fields=14,15,0,2,285252501130001,0,0,0,0,0,0,0,0,6,0,2
event=trace_row ordinal=289 kind=5 ns=285252511184446 fields=513,6,2,0,0,0,0,0,0,0,16,0,0,0,0,0
event=trace_row ordinal=290 kind=0 ns=285252511127862 fields=15,2,0,50,2,0,0,0,0,0,0,0,0,0,0,0
event=trace_row ordinal=291 kind=1 ns=285252511127862 fields=15,2,0,1005,997,200,1000,0,1,0,0,0,0,0,0,0
event=trace_row ordinal=292 kind=1 ns=285252511127862 fields=15,2,1,1005,997,200,1000,0,1,0,0,0,0,0,0,0
event=trace_row ordinal=293 kind=3 ns=285252511193779 fields=15,16,0,2,285252511127862,0,0,0,0,0,0,0,0,6,0,2
event=trace_row ordinal=294 kind=5 ns=285252521179682 fields=513,6,2,0,0,0,0,0,0,0,16,0,0,0,0,0
event=trace_row ordinal=295 kind=0 ns=285252521128348 fields=16,2,0,25,1,0,0,0,0,0,0,0,0,0,0,0
event=trace_row ordinal=296 kind=1 ns=285252521128348 fields=16,2,0,1005,997,200,1000,0,1,0,0,0,0,0,0,0
event=trace_row ordinal=297 kind=3 ns=285252521189016 fields=16,17,0,2,285252521128348,0,0,0,0,0,0,0,0,6,0,2
event=trace_row ordinal=298 kind=5 ns=285252531178710 fields=513,6,2,0,0,0,0,0,0,0,16,0,0,0,0,0
event=trace_row ordinal=299 kind=0 ns=285252531127668 fields=17,2,0,25,1,0,0,0,0,0,0,0,0,0,0,0
event=trace_row ordinal=300 kind=1 ns=285252531127668 fields=17,2,0,1005,997,200,1000,0,1,0,0,0,0,0,0,0
event=trace_row ordinal=301 kind=3 ns=285252531187752 fields=17,18,0,2,285252531127668,0,0,0,0,0,0,0,0,6,0,2
event=trace_row ordinal=302 kind=5 ns=285252541186488 fields=513,6,2,0,0,0,0,0,0,0,16,0,0,0,0,0
event=trace_row ordinal=303 kind=0 ns=285252541129321 fields=18,2,0,50,2,0,0,0,0,0,0,0,0,0,0,0
event=trace_row ordinal=304 kind=1 ns=285252541129321 fields=18,2,0,1005,997,200,1000,0,1,0,0,0,0,0,0,0
event=trace_row ordinal=305 kind=1 ns=285252541129321 fields=18,2,1,1005,997,200,1000,0,1,0,0,0,0,0,0,0
event=trace_row ordinal=306 kind=3 ns=285252541196114 fields=18,19,0,2,285252541129321,0,0,0,0,0,0,0,0,6,0,2
event=trace_row ordinal=307 kind=4 ns=285252550862638 fields=385,8,96,20,96,20,0,0,0,0,16,0,0,0,0,0
event=trace_row ordinal=308 kind=4 ns=285252550990098 fields=641,5,3,0,0,0,0,0,0,0,16,0,0,0,0,0
event=trace_row ordinal=309 kind=5 ns=285252551181725 fields=513,6,2,0,0,0,0,0,0,0,16,0,0,0,0,0
event=trace_row ordinal=310 kind=0 ns=285252551129516 fields=19,2,0,25,1,0,0,0,0,0,0,0,0,0,0,0
event=trace_row ordinal=311 kind=1 ns=285252551129516 fields=19,2,0,1005,997,200,1000,0,1,0,0,0,0,0,0,0
event=trace_row ordinal=312 kind=3 ns=285252551190766 fields=19,20,0,2,285252551129516,0,0,0,0,0,0,0,0,6,0,2
event=trace_row ordinal=313 kind=5 ns=285252561186003 fields=513,6,2,0,0,0,0,0,0,0,16,0,0,0,0,0
event=trace_row ordinal=314 kind=0 ns=285252561129127 fields=20,2,0,50,2,0,0,0,0,0,0,0,0,0,0,0
event=trace_row ordinal=315 kind=1 ns=285252561129127 fields=20,2,0,1005,997,200,1000,0,1,0,0,0,0,0,0,0
event=trace_row ordinal=316 kind=1 ns=285252561129127 fields=20,2,1,1005,997,200,1000,0,1,0,0,0,0,0,0,0
event=trace_row ordinal=317 kind=3 ns=285252561195628 fields=20,21,0,2,285252561129127,0,0,0,0,0,0,0,0,6,0,2
event=trace_row ordinal=318 kind=5 ns=285252571204281 fields=513,6,2,0,0,0,0,0,0,0,16,0,0,0,0,0
event=trace_row ordinal=319 kind=0 ns=285252571135739 fields=21,2,0,25,1,0,0,0,0,0,0,0,0,0,0,0
event=trace_row ordinal=320 kind=1 ns=285252571135739 fields=21,2,0,1005,997,200,1000,0,1,0,0,0,0,0,0,0
event=trace_row ordinal=321 kind=3 ns=285252571214490 fields=21,22,0,2,285252571135739,0,0,0,0,0,0,0,0,6,0,2
event=trace_row ordinal=322 kind=5 ns=285252581202142 fields=513,6,2,0,0,0,0,0,0,0,16,0,0,0,0,0
event=trace_row ordinal=323 kind=0 ns=285252581133017 fields=22,2,0,50,2,0,0,0,0,0,0,0,0,0,0,0
event=trace_row ordinal=324 kind=1 ns=285252581133017 fields=22,2,0,1005,997,200,1000,0,1,0,0,0,0,0,0,0
event=trace_row ordinal=325 kind=1 ns=285252581133017 fields=22,2,1,1005,997,200,1000,0,1,0,0,0,0,0,0,0
event=trace_row ordinal=326 kind=3 ns=285252581212351 fields=22,23,0,2,285252581133017,0,0,0,0,0,0,0,0,6,0,2
event=trace_row ordinal=327 kind=5 ns=285252591280796 fields=513,6,2,0,0,0,0,0,0,0,16,0,0,0,0,0
event=trace_row ordinal=328 kind=0 ns=285252591163253 fields=23,2,0,25,1,0,0,0,0,0,0,0,0,0,0,0
event=trace_row ordinal=329 kind=1 ns=285252591163253 fields=23,2,0,1005,997,200,1000,0,1,0,0,0,0,0,0,0
event=trace_row ordinal=330 kind=3 ns=285252591299172 fields=23,24,0,2,285252591163253,0,0,0,0,0,0,0,0,6,0,2
event=trace_row ordinal=331 kind=4 ns=285252600895987 fields=385,8,96,20,96,20,0,0,0,0,16,0,0,0,0,0
event=trace_row ordinal=332 kind=5 ns=285252601184448 fields=513,6,2,0,0,0,0,0,0,0,16,0,0,0,0,0
event=trace_row ordinal=333 kind=0 ns=285252601103656 fields=24,2,0,25,1,0,0,0,0,0,0,0,0,0,0,0
event=trace_row ordinal=334 kind=1 ns=285252601103656 fields=24,2,0,1005,997,200,1000,0,1,0,0,0,0,0,0,0
event=trace_row ordinal=335 kind=3 ns=285252601195532 fields=24,25,0,2,285252601103656,0,0,0,0,0,0,0,0,6,0,2
event=trace_row ordinal=336 kind=4 ns=285252601221199 fields=641,5,3,0,0,0,0,0,0,0,16,0,0,0,0,0
event=trace_row ordinal=337 kind=5 ns=285252611298394 fields=513,6,2,0,0,0,0,0,0,0,16,0,0,0,0,0
event=trace_row ordinal=338 kind=0 ns=285252611168893 fields=25,2,0,50,2,0,0,0,0,0,0,0,0,0,0,0
event=trace_row ordinal=339 kind=1 ns=285252611168893 fields=25,2,0,1005,997,200,1000,0,1,0,0,0,0,0,0,0
event=trace_row ordinal=340 kind=1 ns=285252611168893 fields=25,2,1,1005,997,200,1000,0,1,0,0,0,0,0,0,0
event=trace_row ordinal=341 kind=3 ns=285252611318228 fields=25,26,0,2,285252611168893,0,0,0,0,0,0,0,0,6,0,2
event=trace_row ordinal=342 kind=5 ns=285252621257464 fields=513,6,2,0,0,0,0,0,0,0,16,0,0,0,0,0
event=trace_row ordinal=343 kind=0 ns=285252621157421 fields=26,2,0,25,1,0,0,0,0,0,0,0,0,0,0,0
event=trace_row ordinal=344 kind=1 ns=285252621157421 fields=26,2,0,1005,997,200,1000,0,1,0,0,0,0,0,0,0
event=trace_row ordinal=345 kind=3 ns=285252621275255 fields=26,27,0,2,285252621157421,0,0,0,0,0,0,0,0,6,0,2
event=trace_row ordinal=346 kind=5 ns=285252631291784 fields=513,6,2,0,0,0,0,0,0,0,16,0,0,0,0,0
event=trace_row ordinal=347 kind=0 ns=285252631168407 fields=27,2,0,50,2,0,0,0,0,0,0,0,0,0,0,0
event=trace_row ordinal=348 kind=1 ns=285252631168407 fields=27,2,0,1005,997,200,1000,0,1,0,0,0,0,0,0,0
event=trace_row ordinal=349 kind=1 ns=285252631168407 fields=27,2,1,1005,997,200,1000,0,1,0,0,0,0,0,0,0
event=trace_row ordinal=350 kind=3 ns=285252631313659 fields=27,28,0,2,285252631168407,0,0,0,0,0,0,0,0,6,0,2
event=trace_row ordinal=351 kind=5 ns=285252641212061 fields=513,6,2,0,0,0,0,0,0,0,16,0,0,0,0,0
event=trace_row ordinal=352 kind=0 ns=285252641141477 fields=28,2,0,25,1,0,0,0,0,0,0,0,0,0,0,0
event=trace_row ordinal=353 kind=1 ns=285252641141477 fields=28,2,0,1005,997,200,1000,0,1,0,0,0,0,0,0,0
event=trace_row ordinal=354 kind=3 ns=285252641224894 fields=28,29,0,2,285252641141477,0,0,0,0,0,0,0,0,6,0,2
event=trace_row ordinal=355 kind=4 ns=285252650945961 fields=385,8,96,20,96,20,0,0,0,0,16,0,0,0,0,0
event=trace_row ordinal=356 kind=5 ns=285252651295090 fields=513,6,2,0,0,0,0,0,0,0,16,0,0,0,0,0
event=trace_row ordinal=357 kind=0 ns=285252651152755 fields=29,2,0,50,2,0,0,0,0,0,0,0,0,0,0,0
event=trace_row ordinal=358 kind=1 ns=285252651152755 fields=29,2,0,1005,997,200,1000,0,1,0,0,0,0,0,0,0
event=trace_row ordinal=359 kind=1 ns=285252651152755 fields=29,2,1,1005,997,200,1000,0,1,0,0,0,0,0,0,0
event=trace_row ordinal=360 kind=3 ns=285252651315507 fields=29,30,0,2,285252651152755,0,0,0,0,0,0,0,0,6,0,2
event=trace_row ordinal=361 kind=4 ns=285252651355174 fields=641,5,3,0,0,0,0,0,0,0,16,0,0,0,0,0
event=trace_row ordinal=362 kind=5 ns=285252661215367 fields=513,6,2,0,0,0,0,0,0,0,16,0,0,0,0,0
event=trace_row ordinal=363 kind=0 ns=285252661141866 fields=30,2,0,25,1,0,0,0,0,0,0,0,0,0,0,0
event=trace_row ordinal=364 kind=1 ns=285252661141866 fields=30,2,0,1005,997,200,1000,0,1,0,0,0,0,0,0,0
event=trace_row ordinal=365 kind=3 ns=285252661225867 fields=30,31,0,2,285252661141866,0,0,0,0,0,0,0,0,6,0,2
event=trace_row ordinal=366 kind=5 ns=285252671350021 fields=513,6,2,0,0,0,0,0,0,0,16,0,0,0,0,0
event=trace_row ordinal=367 kind=0 ns=285252671190478 fields=31,2,0,25,1,0,0,0,0,0,0,0,0,0,0,0
event=trace_row ordinal=368 kind=1 ns=285252671190478 fields=31,2,0,1005,997,200,1000,0,1,0,0,0,0,0,0,0
event=trace_row ordinal=369 kind=3 ns=285252671373647 fields=31,32,0,2,285252671190478,0,0,0,0,0,0,0,0,6,0,2
event=trace_row ordinal=370 kind=5 ns=285252681297424 fields=513,6,2,0,0,0,0,0,0,0,16,0,0,0,0,0
event=trace_row ordinal=371 kind=0 ns=285252681171714 fields=32,2,0,50,2,0,0,0,0,0,0,0,0,0,0,0
event=trace_row ordinal=372 kind=1 ns=285252681171714 fields=32,2,0,1005,997,200,1000,0,1,0,0,0,0,0,0,0
event=trace_row ordinal=373 kind=1 ns=285252681171714 fields=32,2,1,1005,997,200,1000,0,1,0,0,0,0,0,0,0
event=trace_row ordinal=374 kind=3 ns=285252681318716 fields=32,33,0,2,285252681171714,0,0,0,0,0,0,0,0,6,0,2
event=trace_row ordinal=375 kind=5 ns=285252691312494 fields=513,6,2,0,0,0,0,0,0,0,16,0,0,0,0,0
event=trace_row ordinal=376 kind=0 ns=285252691175117 fields=33,2,0,25,1,0,0,0,0,0,0,0,0,0,0,0
event=trace_row ordinal=377 kind=1 ns=285252691175117 fields=33,2,0,1005,997,200,1000,0,1,0,0,0,0,0,0,0
event=trace_row ordinal=378 kind=3 ns=285252691334661 fields=33,34,0,2,285252691175117,0,0,0,0,0,0,0,0,6,0,2
event=trace_row ordinal=379 kind=4 ns=285252700931768 fields=385,8,96,20,96,20,0,0,0,0,16,0,0,0,0,0
event=trace_row ordinal=380 kind=5 ns=285252701263688 fields=513,6,2,0,0,0,0,0,0,0,16,0,0,0,0,0
event=trace_row ordinal=381 kind=0 ns=285252701144103 fields=34,2,0,50,2,0,0,0,0,0,0,0,0,0,0,0
event=trace_row ordinal=382 kind=1 ns=285252701144103 fields=34,2,0,1005,997,200,1000,0,1,0,0,0,0,0,0,0
event=trace_row ordinal=383 kind=1 ns=285252701144103 fields=34,2,1,1005,997,200,1000,0,1,0,0,0,0,0,0,0
event=trace_row ordinal=384 kind=3 ns=285252701281771 fields=34,35,0,2,285252701144103,0,0,0,0,0,0,0,0,6,0,2
event=trace_row ordinal=385 kind=4 ns=285252701312980 fields=641,5,3,0,0,0,0,0,0,0,16,0,0,0,0,0
event=trace_row ordinal=386 kind=5 ns=285252711249007 fields=513,6,2,0,0,0,0,0,0,0,16,0,0,0,0,0
event=trace_row ordinal=387 kind=0 ns=285252711154506 fields=35,2,0,25,1,0,0,0,0,0,0,0,0,0,0,0
event=trace_row ordinal=388 kind=1 ns=285252711154506 fields=35,2,0,1005,997,200,1000,0,1,0,0,0,0,0,0,0
event=trace_row ordinal=389 kind=3 ns=285252711263591 fields=35,36,0,2,285252711154506,0,0,0,0,0,0,0,0,6,0,2
event=trace_row ordinal=390 kind=5 ns=285252721243952 fields=513,6,2,0,0,0,0,0,0,0,16,0,0,0,0,0
event=trace_row ordinal=391 kind=0 ns=285252721151201 fields=36,2,0,50,2,0,0,0,0,0,0,0,0,0,0,0
event=trace_row ordinal=392 kind=1 ns=285252721151201 fields=36,2,0,1005,997,200,1000,0,1,0,0,0,0,0,0,0
event=trace_row ordinal=393 kind=1 ns=285252721151201 fields=36,2,1,1005,997,200,1000,0,1,0,0,0,0,0,0,0
event=trace_row ordinal=394 kind=3 ns=285252721259411 fields=36,37,0,2,285252721151201,0,0,0,0,0,0,0,0,6,0,2
event=trace_row ordinal=395 kind=5 ns=285252731331648 fields=513,6,2,0,0,0,0,0,0,0,16,0,0,0,0,0
event=trace_row ordinal=396 kind=0 ns=285252731185813 fields=37,2,0,25,1,0,0,0,0,0,0,0,0,0,0,0
event=trace_row ordinal=397 kind=1 ns=285252731185813 fields=37,2,0,1005,997,200,1000,0,1,0,0,0,0,0,0,0
event=trace_row ordinal=398 kind=3 ns=285252731353523 fields=37,38,0,2,285252731185813,0,0,0,0,0,0,0,0,6,0,2
event=trace_row ordinal=399 kind=5 ns=285252741270883 fields=513,6,2,0,0,0,0,0,0,0,16,0,0,0,0,0
event=trace_row ordinal=400 kind=0 ns=285252741158882 fields=38,2,0,25,1,0,0,0,0,0,0,0,0,0,0,0
event=trace_row ordinal=401 kind=1 ns=285252741158882 fields=38,2,0,1005,997,200,1000,0,1,0,0,0,0,0,0,0
event=trace_row ordinal=402 kind=3 ns=285252741290134 fields=38,39,0,2,285252741158882,0,0,0,0,0,0,0,0,6,0,2
event=trace_row ordinal=403 kind=4 ns=285252741408843 fields=1793,1,5,0,0,0,0,0,0,0,16,0,0,0,0,0
event=trace_row ordinal=404 kind=4 ns=285252750912616 fields=385,8,96,20,96,20,0,0,0,0,16,0,0,0,0,0
event=trace_row ordinal=405 kind=4 ns=285252751028992 fields=641,5,3,0,0,0,0,0,0,0,16,0,0,0,0,0
event=trace_row ordinal=406 kind=5 ns=285252751209536 fields=513,6,2,0,0,0,0,0,0,0,16,0,0,0,0,0
event=trace_row ordinal=407 kind=0 ns=285252751106868 fields=39,2,0,50,2,0,0,0,0,0,0,0,0,0,0,0
event=trace_row ordinal=408 kind=1 ns=285252751106868 fields=39,2,0,1005,997,200,1000,0,1,0,0,0,0,0,0,0
event=trace_row ordinal=409 kind=1 ns=285252751106868 fields=39,2,1,1005,997,200,1000,0,1,0,0,0,0,0,0,0
event=trace_row ordinal=410 kind=3 ns=285252751224119 fields=39,40,0,2,285252751106868,0,0,0,0,0,0,0,0,6,0,2
event=trace_row ordinal=411 kind=5 ns=285252761232189 fields=513,6,2,0,0,0,0,0,0,0,16,0,0,0,0,0
event=trace_row ordinal=412 kind=0 ns=285252761146438 fields=40,2,0,25,1,0,0,0,0,0,0,0,0,0,0,0
event=trace_row ordinal=413 kind=1 ns=285252761146438 fields=40,2,0,1005,997,200,1000,0,1,0,0,0,0,0,0,0
event=trace_row ordinal=414 kind=3 ns=285252761245898 fields=40,41,0,2,285252761146438,0,0,0,0,0,0,0,0,6,0,2
event=trace_row ordinal=415 kind=5 ns=285252771236759 fields=513,6,2,0,0,0,0,0,0,0,16,0,0,0,0,0
event=trace_row ordinal=416 kind=0 ns=285252771144883 fields=41,2,0,50,2,0,0,0,0,0,0,0,0,0,0,0
event=trace_row ordinal=417 kind=1 ns=285252771144883 fields=41,2,0,1005,997,200,1000,0,1,0,0,0,0,0,0,0
event=trace_row ordinal=418 kind=1 ns=285252771144883 fields=41,2,1,1005,997,200,1000,0,1,0,0,0,0,0,0,0
event=trace_row ordinal=419 kind=3 ns=285252771249884 fields=41,42,0,2,285252771144883,0,0,0,0,0,0,0,0,6,0,2
event=trace_row ordinal=420 kind=5 ns=285252781217412 fields=513,6,2,0,0,0,0,0,0,0,16,0,0,0,0,0
event=trace_row ordinal=421 kind=0 ns=285252781143328 fields=42,2,0,25,1,0,0,0,0,0,0,0,0,0,0,0
event=trace_row ordinal=422 kind=1 ns=285252781143328 fields=42,2,0,1005,997,200,1000,0,1,0,0,0,0,0,0,0
event=trace_row ordinal=423 kind=3 ns=285252781228787 fields=42,43,0,2,285252781143328,0,0,0,0,0,0,0,0,6,0,2
event=trace_row ordinal=424 kind=5 ns=285252791224606 fields=513,6,2,0,0,0,0,0,0,0,16,0,0,0,0,0
event=trace_row ordinal=425 kind=0 ns=285252791142356 fields=43,2,0,50,2,0,0,0,0,0,0,0,0,0,0,0
event=trace_row ordinal=426 kind=1 ns=285252791142356 fields=43,2,0,1005,997,200,1000,0,1,0,0,0,0,0,0,0
event=trace_row ordinal=427 kind=1 ns=285252791142356 fields=43,2,1,1004,997,200,1000,0,1,0,0,0,0,0,0,0
event=trace_row ordinal=428 kind=3 ns=285252791238023 fields=43,44,0,2,285252791142356,0,0,0,0,0,0,0,0,6,0,2
event=trace_row ordinal=429 kind=4 ns=285252800925548 fields=385,8,96,20,96,20,0,0,0,0,16,0,0,0,0,0
event=trace_row ordinal=430 kind=5 ns=285252801176676 fields=513,6,2,0,0,0,0,0,0,0,16,0,0,0,0,0
event=trace_row ordinal=431 kind=0 ns=285252801123008 fields=44,2,0,25,1,0,0,0,0,0,0,0,0,0,0,0
event=trace_row ordinal=432 kind=1 ns=285252801123008 fields=44,2,0,1004,997,200,1000,0,1,0,0,0,0,0,0,0
event=trace_row ordinal=433 kind=3 ns=285252801185717 fields=44,45,0,2,285252801123008,0,0,0,0,0,0,0,0,6,0,2
event=trace_row ordinal=434 kind=4 ns=285252801223635 fields=641,5,3,0,0,0,0,0,0,0,16,0,0,0,0,0
event=trace_row ordinal=435 kind=5 ns=285252811179495 fields=513,6,2,0,0,0,0,0,0,0,16,0,0,0,0,0
event=trace_row ordinal=436 kind=0 ns=285252811128453 fields=45,2,0,25,1,0,0,0,0,0,0,0,0,0,0,0
event=trace_row ordinal=437 kind=1 ns=285252811128453 fields=45,2,0,1004,997,200,1000,0,1,0,0,0,0,0,0,0
event=trace_row ordinal=438 kind=3 ns=285252811188537 fields=45,46,0,2,285252811128453,0,0,0,0,0,0,0,0,6,0,2
event=trace_row ordinal=439 kind=5 ns=285252821186399 fields=513,6,2,0,0,0,0,0,0,0,16,0,0,0,0,0
event=trace_row ordinal=440 kind=0 ns=285252821128356 fields=46,2,0,50,2,0,0,0,0,0,0,0,0,0,0,0
event=trace_row ordinal=441 kind=1 ns=285252821128356 fields=46,2,0,1005,997,200,1000,0,1,0,0,0,0,0,0,0
event=trace_row ordinal=442 kind=1 ns=285252821128356 fields=46,2,1,1005,997,200,1000,0,1,0,0,0,0,0,0,0
event=trace_row ordinal=443 kind=3 ns=285252821196024 fields=46,47,0,2,285252821128356,0,0,0,0,0,0,0,0,6,0,2
event=trace_row ordinal=444 kind=5 ns=285252831178426 fields=513,6,2,0,0,0,0,0,0,0,16,0,0,0,0,0
event=trace_row ordinal=445 kind=0 ns=285252831127093 fields=47,2,0,25,1,0,0,0,0,0,0,0,0,0,0,0
event=trace_row ordinal=446 kind=1 ns=285252831127093 fields=47,2,0,1005,997,200,1000,0,1,0,0,0,0,0,0,0
event=trace_row ordinal=447 kind=3 ns=285252831188052 fields=47,48,0,2,285252831127093,0,0,0,0,0,0,0,0,6,0,2
event=trace_row ordinal=448 kind=5 ns=285252841184455 fields=513,6,2,0,0,0,0,0,0,0,16,0,0,0,0,0
event=trace_row ordinal=449 kind=0 ns=285252841127871 fields=48,2,0,50,2,0,0,0,0,0,0,0,0,0,0,0
event=trace_row ordinal=450 kind=1 ns=285252841127871 fields=48,2,0,1005,997,200,1000,0,1,0,0,0,0,0,0,0
event=trace_row ordinal=451 kind=1 ns=285252841127871 fields=48,2,1,1005,997,200,1000,0,1,0,0,0,0,0,0,0
event=trace_row ordinal=452 kind=3 ns=285252841194080 fields=48,49,0,2,285252841127871,0,0,0,0,0,0,0,0,6,0,2
event=trace_row ordinal=453 kind=4 ns=285252850920688 fields=385,8,96,20,96,20,0,0,0,0,16,0,0,0,0,0
event=trace_row ordinal=454 kind=5 ns=285252851182608 fields=513,6,2,0,0,0,0,0,0,0,16,0,0,0,0,0
event=trace_row ordinal=455 kind=0 ns=285252851130399 fields=49,2,0,25,1,0,0,0,0,0,0,0,0,0,0,0
event=trace_row ordinal=456 kind=1 ns=285252851130399 fields=49,2,0,1005,997,200,1000,0,1,0,0,0,0,0,0,0
event=trace_row ordinal=457 kind=3 ns=285252851191941 fields=49,50,0,2,285252851130399,0,0,0,0,0,0,0,0,6,0,2
event=trace_row ordinal=458 kind=4 ns=285252851213816 fields=641,5,3,0,0,0,0,0,0,0,16,0,0,0,0,0
event=trace_row ordinal=459 kind=5 ns=285252861184261 fields=513,6,2,0,0,0,0,0,0,0,16,0,0,0,0,0
event=trace_row ordinal=460 kind=0 ns=285252861127677 fields=50,2,0,52,2,0,0,0,0,0,0,0,0,0,0,0
event=trace_row ordinal=461 kind=1 ns=285252861127677 fields=50,2,0,1005,997,200,1000,0,1,0,0,0,0,0,0,0
event=trace_row ordinal=462 kind=1 ns=285252861127677 fields=50,2,1,1005,997,200,1000,0,1,0,0,0,0,0,0,0
event=trace_row ordinal=463 kind=3 ns=285252861193886 fields=50,51,0,2,285252861127677,0,0,0,0,0,0,0,0,6,0,2
event=trace_row ordinal=464 kind=5 ns=285252871179497 fields=513,6,2,0,0,0,0,0,0,0,16,0,0,0,0,0
event=trace_row ordinal=465 kind=0 ns=285252871128163 fields=51,2,0,26,1,0,0,0,0,0,0,0,0,0,0,0
event=trace_row ordinal=466 kind=1 ns=285252871128163 fields=51,2,0,1005,997,200,1000,0,1,0,0,0,0,0,0,0
event=trace_row ordinal=467 kind=3 ns=285252871188539 fields=51,52,0,2,285252871128163,0,0,0,0,0,0,0,0,6,0,2
event=trace_row ordinal=468 kind=5 ns=285252881179108 fields=513,6,2,0,0,0,0,0,0,0,16,0,0,0,0,0
event=trace_row ordinal=469 kind=0 ns=285252881127483 fields=52,2,0,26,1,0,0,0,0,0,0,0,0,0,0,0
event=trace_row ordinal=470 kind=1 ns=285252881127483 fields=52,2,0,1005,997,200,1000,0,1,0,0,0,0,0,0,0
event=trace_row ordinal=471 kind=3 ns=285252881188150 fields=52,53,0,2,285252881127483,0,0,0,0,0,0,0,0,6,0,2
event=trace_row ordinal=472 kind=5 ns=285252891183970 fields=513,6,2,0,0,0,0,0,0,0,16,0,0,0,0,0
event=trace_row ordinal=473 kind=0 ns=285252891127386 fields=53,2,0,51,2,0,0,0,0,0,0,0,0,0,0,0
event=trace_row ordinal=474 kind=1 ns=285252891127386 fields=53,2,0,1005,997,200,1000,0,1,0,0,0,0,0,0,0
event=trace_row ordinal=475 kind=1 ns=285252891127386 fields=53,2,1,1005,996,200,1000,0,1,0,0,0,0,0,0,0
event=trace_row ordinal=476 kind=3 ns=285252891193595 fields=53,54,0,2,285252891127386,0,0,0,0,0,0,0,0,6,0,2
event=trace_row ordinal=477 kind=4 ns=285252900929828 fields=385,8,96,20,96,20,0,0,0,0,16,0,0,0,0,0
event=trace_row ordinal=478 kind=5 ns=285252901132247 fields=513,6,2,0,0,0,0,0,0,0,16,0,0,0,0,0
event=trace_row ordinal=479 kind=0 ns=285252901075080 fields=54,2,0,25,1,0,0,0,0,0,0,0,0,0,0,0
event=trace_row ordinal=480 kind=1 ns=285252901075080 fields=54,2,0,1005,996,200,1000,0,1,0,0,0,0,0,0,0
event=trace_row ordinal=481 kind=3 ns=285252901141289 fields=54,55,0,2,285252901075080,0,0,0,0,0,0,0,0,6,0,2
event=trace_row ordinal=482 kind=4 ns=285252901163164 fields=641,5,3,0,0,0,0,0,0,0,16,0,0,0,0,0
event=trace_row ordinal=483 kind=5 ns=285252911184068 fields=513,6,2,0,0,0,0,0,0,0,16,0,0,0,0,0
event=trace_row ordinal=484 kind=0 ns=285252911127775 fields=55,2,0,50,2,0,0,0,0,0,0,0,0,0,0,0
event=trace_row ordinal=485 kind=1 ns=285252911127775 fields=55,2,0,1005,996,200,1000,0,1,0,0,0,0,0,0,0
event=trace_row ordinal=486 kind=1 ns=285252911127775 fields=55,2,1,1005,997,200,1000,0,1,0,0,0,0,0,0,0
event=trace_row ordinal=487 kind=3 ns=285252911194568 fields=55,56,0,2,285252911127775,0,0,0,0,0,0,0,0,6,0,2
event=trace_row ordinal=488 kind=5 ns=285252921179012 fields=513,6,2,0,0,0,0,0,0,0,16,0,0,0,0,0
event=trace_row ordinal=489 kind=0 ns=285252921127970 fields=56,2,0,25,1,0,0,0,0,0,0,0,0,0,0,0
event=trace_row ordinal=490 kind=1 ns=285252921127970 fields=56,2,0,1005,997,200,1000,0,1,0,0,0,0,0,0,0
event=trace_row ordinal=491 kind=3 ns=285252921188346 fields=56,57,0,2,285252921127970,0,0,0,0,0,0,0,0,6,0,2
event=trace_row ordinal=492 kind=5 ns=285252931185915 fields=513,6,2,0,0,0,0,0,0,0,16,0,0,0,0,0
event=trace_row ordinal=493 kind=0 ns=285252931129331 fields=57,2,0,50,2,0,0,0,0,0,0,0,0,0,0,0
event=trace_row ordinal=494 kind=1 ns=285252931129331 fields=57,2,0,1005,997,200,1000,0,1,0,0,0,0,0,0,0
event=trace_row ordinal=495 kind=1 ns=285252931129331 fields=57,2,1,1005,997,200,1000,0,1,0,0,0,0,0,0,0
event=trace_row ordinal=496 kind=3 ns=285252931195249 fields=57,58,0,2,285252931129331,0,0,0,0,0,0,0,0,6,0,2
event=trace_row ordinal=497 kind=5 ns=285252941311820 fields=513,6,2,0,0,0,0,0,0,0,16,0,0,0,0,0
event=trace_row ordinal=498 kind=0 ns=285252941180568 fields=58,2,0,25,1,0,0,0,0,0,0,0,0,0,0,0
event=trace_row ordinal=499 kind=1 ns=285252941180568 fields=58,2,0,1005,997,200,1000,0,1,0,0,0,0,0,0,0
event=trace_row ordinal=500 kind=3 ns=285252941332820 fields=58,59,0,2,285252941180568,0,0,0,0,0,0,0,0,6,0,2
event=trace_row ordinal=501 kind=4 ns=285252950960552 fields=385,8,96,20,96,20,0,0,0,0,16,0,0,0,0,0
event=trace_row ordinal=502 kind=5 ns=285252951202347 fields=513,6,2,0,0,0,0,0,0,0,16,0,0,0,0,0
event=trace_row ordinal=503 kind=0 ns=285252951136137 fields=59,2,0,25,1,0,0,0,0,0,0,0,0,0,0,0
event=trace_row ordinal=504 kind=1 ns=285252951136137 fields=59,2,0,1005,997,200,1000,0,1,0,0,0,0,0,0,0
event=trace_row ordinal=505 kind=3 ns=285252951212847 fields=59,60,0,2,285252951136137,0,0,0,0,0,0,0,0,6,0,2
event=trace_row ordinal=506 kind=4 ns=285252951237055 fields=641,5,3,0,0,0,0,0,0,0,16,0,0,0,0,0
event=trace_row ordinal=507 kind=5 ns=285252961186208 fields=513,6,2,0,0,0,0,0,0,0,16,0,0,0,0,0
event=trace_row ordinal=508 kind=0 ns=285252961128457 fields=60,2,0,50,2,0,0,0,0,0,0,0,0,0,0,0
event=trace_row ordinal=509 kind=1 ns=285252961128457 fields=60,2,0,1005,997,200,1000,0,1,0,0,0,0,0,0,0
event=trace_row ordinal=510 kind=1 ns=285252961128457 fields=60,2,1,1005,997,200,1000,0,1,0,0,0,0,0,0,0
event=trace_row ordinal=511 kind=3 ns=285252961195833 fields=60,61,0,2,285252961128457,0,0,0,0,0,0,0,0,6,0,2
event=trace_row ordinal=512 kind=5 ns=285252971178527 fields=513,6,2,0,0,0,0,0,0,0,16,0,0,0,0,0
event=trace_row ordinal=513 kind=0 ns=285252971127485 fields=61,2,0,25,1,0,0,0,0,0,0,0,0,0,0,0
event=trace_row ordinal=514 kind=1 ns=285252971127485 fields=61,2,0,1005,997,200,1000,0,1,0,0,0,0,0,0,0
event=trace_row ordinal=515 kind=3 ns=285252971187569 fields=61,62,0,2,285252971127485,0,0,0,0,0,0,0,0,6,0,2
event=trace_row ordinal=516 kind=5 ns=285252981183389 fields=513,6,2,0,0,0,0,0,0,0,16,0,0,0,0,0
event=trace_row ordinal=517 kind=0 ns=285252981127096 fields=62,2,0,50,2,0,0,0,0,0,0,0,0,0,0,0
event=trace_row ordinal=518 kind=1 ns=285252981127096 fields=62,2,0,1005,997,200,1000,0,1,0,0,0,0,0,0,0
event=trace_row ordinal=519 kind=1 ns=285252981127096 fields=62,2,1,1005,997,200,1000,0,1,0,0,0,0,0,0,0
event=trace_row ordinal=520 kind=3 ns=285252981193014 fields=62,63,0,2,285252981127096,0,0,0,0,0,0,0,0,6,0,2
event=trace_row ordinal=521 kind=4 ns=285252990903872 fields=1793,1,5,0,0,0,0,0,0,0,16,0,0,0,0,0
event=trace_row ordinal=522 kind=5 ns=285252991180667 fields=513,6,2,0,0,0,0,0,0,0,16,0,0,0,0,0
event=trace_row ordinal=523 kind=0 ns=285252991129041 fields=63,2,0,25,1,0,0,0,0,0,0,0,0,0,0,0
event=trace_row ordinal=524 kind=1 ns=285252991129041 fields=63,2,0,1005,997,200,1000,0,1,0,0,0,0,0,0,0
event=trace_row ordinal=525 kind=3 ns=285252991190000 fields=63,64,0,2,285252991129041,0,0,0,0,0,0,0,0,6,0,2
event=trace_row ordinal=526 kind=4 ns=285253000947234 fields=385,8,96,20,96,20,0,0,0,0,16,0,0,0,0,0
event=trace_row ordinal=527 kind=5 ns=285253001186111 fields=513,6,2,0,0,0,0,0,0,0,16,0,0,0,0,0
event=trace_row ordinal=528 kind=0 ns=285253001129527 fields=64,2,0,50,2,0,0,0,0,0,0,0,0,0,0,0
event=trace_row ordinal=529 kind=1 ns=285253001129527 fields=64,2,0,1005,997,200,1000,0,1,0,0,0,0,0,0,0
event=trace_row ordinal=530 kind=1 ns=285253001129527 fields=64,2,1,1005,997,200,1000,0,1,0,0,0,0,0,0,0
event=trace_row ordinal=531 kind=3 ns=285253001195445 fields=64,65,0,2,285253001129527,0,0,0,0,0,0,0,0,6,0,2
event=trace_row ordinal=532 kind=4 ns=285253001270696 fields=641,5,3,0,0,0,0,0,0,0,16,0,0,0,0,0
event=trace_row ordinal=533 kind=5 ns=285253011180473 fields=513,6,2,0,0,0,0,0,0,0,16,0,0,0,0,0
event=trace_row ordinal=534 kind=0 ns=285253011128264 fields=65,2,0,25,1,0,0,0,0,0,0,0,0,0,0,0
event=trace_row ordinal=535 kind=1 ns=285253011128264 fields=65,2,0,1005,997,200,1000,0,1,0,0,0,0,0,0,0
event=trace_row ordinal=536 kind=3 ns=285253011189514 fields=65,66,0,2,285253011128264,0,0,0,0,0,0,0,0,6,0,2
event=trace_row ordinal=537 kind=5 ns=285253021179209 fields=513,6,2,0,0,0,0,0,0,0,16,0,0,0,0,0
event=trace_row ordinal=538 kind=0 ns=285253021128458 fields=66,2,0,25,1,0,0,0,0,0,0,0,0,0,0,0
event=trace_row ordinal=539 kind=1 ns=285253021128458 fields=66,2,0,1005,997,200,1000,0,1,0,0,0,0,0,0,0
event=trace_row ordinal=540 kind=3 ns=285253021188251 fields=66,67,0,2,285253021128458,0,0,0,0,0,0,0,0,6,0,2
event=trace_row ordinal=541 kind=5 ns=285253031184070 fields=513,6,2,0,0,0,0,0,0,0,16,0,0,0,0,0
event=trace_row ordinal=542 kind=0 ns=285253031127486 fields=67,2,0,50,2,0,0,0,0,0,0,0,0,0,0,0
event=trace_row ordinal=543 kind=1 ns=285253031127486 fields=67,2,0,1005,997,200,1000,0,1,0,0,0,0,0,0,0
event=trace_row ordinal=544 kind=1 ns=285253031127486 fields=67,2,1,1005,997,200,1000,0,1,0,0,0,0,0,0,0
event=trace_row ordinal=545 kind=3 ns=285253031193404 fields=67,68,0,2,285253031127486,0,0,0,0,0,0,0,0,6,0,2
event=trace_row ordinal=546 kind=5 ns=285253041179890 fields=513,6,2,0,0,0,0,0,0,0,16,0,0,0,0,0
event=trace_row ordinal=547 kind=0 ns=285253041127973 fields=68,2,0,25,1,0,0,0,0,0,0,0,0,0,0,0
event=trace_row ordinal=548 kind=1 ns=285253041127973 fields=68,2,0,1005,997,200,1000,0,1,0,0,0,0,0,0,0
event=trace_row ordinal=549 kind=3 ns=285253041188932 fields=68,69,0,2,285253041127973,0,0,0,0,0,0,0,0,6,0,2
event=trace_row ordinal=550 kind=4 ns=285253050962499 fields=385,8,96,20,96,20,0,0,0,0,16,0,0,0,0,0
event=trace_row ordinal=551 kind=5 ns=285253051186502 fields=513,6,2,0,0,0,0,0,0,0,16,0,0,0,0,0
event=trace_row ordinal=552 kind=0 ns=285253051129918 fields=69,2,0,50,2,0,0,0,0,0,0,0,0,0,0,0
event=trace_row ordinal=553 kind=1 ns=285253051129918 fields=69,2,0,1005,997,200,1000,0,1,0,0,0,0,0,0,0
event=trace_row ordinal=554 kind=1 ns=285253051129918 fields=69,2,1,1005,997,200,1000,0,1,0,0,0,0,0,0,0
event=trace_row ordinal=555 kind=3 ns=285253051195835 fields=69,70,0,2,285253051129918,0,0,0,0,0,0,0,0,6,0,2
event=trace_row ordinal=556 kind=4 ns=285253051218002 fields=641,5,3,0,0,0,0,0,0,0,16,0,0,0,0,0
event=trace_row ordinal=557 kind=5 ns=285253061179113 fields=513,6,2,0,0,0,0,0,0,0,16,0,0,0,0,0
event=trace_row ordinal=558 kind=0 ns=285253061127196 fields=70,2,0,25,1,0,0,0,0,0,0,0,0,0,0,0
event=trace_row ordinal=559 kind=1 ns=285253061127196 fields=70,2,0,1005,997,200,1000,0,1,0,0,0,0,0,0,0
event=trace_row ordinal=560 kind=3 ns=285253061188155 fields=70,71,0,2,285253061127196,0,0,0,0,0,0,0,0,6,0,2
event=trace_row ordinal=561 kind=5 ns=285253071183974 fields=513,6,2,0,0,0,0,0,0,0,16,0,0,0,0,0
event=trace_row ordinal=562 kind=0 ns=285253071127390 fields=71,2,0,50,2,0,0,0,0,0,0,0,0,0,0,0
event=trace_row ordinal=563 kind=1 ns=285253071127390 fields=71,2,0,1005,997,200,1000,0,1,0,0,0,0,0,0,0
event=trace_row ordinal=564 kind=1 ns=285253071127390 fields=71,2,1,1005,997,200,1000,0,1,0,0,0,0,0,0,0
event=trace_row ordinal=565 kind=3 ns=285253071193599 fields=71,72,0,2,285253071127390,0,0,0,0,0,0,0,0,6,0,2
event=trace_row ordinal=566 kind=5 ns=285253081180377 fields=513,6,2,0,0,0,0,0,0,0,16,0,0,0,0,0
event=trace_row ordinal=567 kind=0 ns=285253081128168 fields=72,2,0,25,1,0,0,0,0,0,0,0,0,0,0,0
event=trace_row ordinal=568 kind=1 ns=285253081128168 fields=72,2,0,1005,997,200,1000,0,1,0,0,0,0,0,0,0
event=trace_row ordinal=569 kind=3 ns=285253081189711 fields=72,73,0,2,285253081128168,0,0,0,0,0,0,0,0,6,0,2
event=trace_row ordinal=570 kind=5 ns=285253091179405 fields=513,6,2,0,0,0,0,0,0,0,16,0,0,0,0,0
event=trace_row ordinal=571 kind=0 ns=285253091127780 fields=73,2,0,25,1,0,0,0,0,0,0,0,0,0,0,0
event=trace_row ordinal=572 kind=1 ns=285253091127780 fields=73,2,0,1005,997,200,1000,0,1,0,0,0,0,0,0,0
event=trace_row ordinal=573 kind=3 ns=285253091188447 fields=73,74,0,2,285253091127780,0,0,0,0,0,0,0,0,6,0,2
event=trace_row ordinal=574 kind=4 ns=285253100976889 fields=385,8,96,20,96,20,0,0,0,0,16,0,0,0,0,0
event=trace_row ordinal=575 kind=5 ns=285253101195350 fields=513,6,2,0,0,0,0,0,0,0,16,0,0,0,0,0
event=trace_row ordinal=576 kind=0 ns=285253101123599 fields=74,2,0,50,2,0,0,0,0,0,0,0,0,0,0,0
event=trace_row ordinal=577 kind=1 ns=285253101123599 fields=74,2,0,1005,997,200,1000,0,1,0,0,0,0,0,0,0
event=trace_row ordinal=578 kind=1 ns=285253101123599 fields=74,2,1,1005,997,200,1000,0,1,0,0,0,0,0,0,0
event=trace_row ordinal=579 kind=3 ns=285253101205558 fields=74,75,0,2,285253101123599,0,0,0,0,0,0,0,0,6,0,2
event=trace_row ordinal=580 kind=4 ns=285253101291893 fields=641,5,3,0,0,0,0,0,0,0,16,0,0,0,0,0
event=trace_row ordinal=581 kind=5 ns=285253111192920 fields=513,6,2,0,0,0,0,0,0,0,16,0,0,0,0,0
event=trace_row ordinal=582 kind=0 ns=285253111132544 fields=75,2,0,25,1,0,0,0,0,0,0,0,0,0,0,0
event=trace_row ordinal=583 kind=1 ns=285253111132544 fields=75,2,0,1005,997,200,1000,0,1,0,0,0,0,0,0,0
event=trace_row ordinal=584 kind=3 ns=285253111201961 fields=75,76,0,2,285253111132544,0,0,0,0,0,0,0,0,6,0,2
event=trace_row ordinal=585 kind=5 ns=285253121297532 fields=513,6,2,0,0,0,0,0,0,0,16,0,0,0,0,0
event=trace_row ordinal=586 kind=0 ns=285253121165989 fields=76,2,0,50,2,0,0,0,0,0,0,0,0,0,0,0
event=trace_row ordinal=587 kind=1 ns=285253121165989 fields=76,2,0,1005,997,200,1000,0,1,0,0,0,0,0,0,0
event=trace_row ordinal=588 kind=1 ns=285253121165989 fields=76,2,1,1005,997,200,1000,0,1,0,0,0,0,0,0,0
event=trace_row ordinal=589 kind=3 ns=285253121317074 fields=76,77,0,2,285253121165989,0,0,0,0,0,0,0,0,6,0,2
event=trace_row ordinal=590 kind=5 ns=285253131243185 fields=513,6,2,0,0,0,0,0,0,0,16,0,0,0,0,0
event=trace_row ordinal=591 kind=0 ns=285253131152184 fields=77,2,0,25,1,0,0,0,0,0,0,0,0,0,0,0
event=trace_row ordinal=592 kind=1 ns=285253131152184 fields=77,2,0,1005,997,200,1000,0,1,0,0,0,0,0,0,0
event=trace_row ordinal=593 kind=3 ns=285253131259810 fields=77,78,0,2,285253131152184,0,0,0,0,0,0,0,0,6,0,2
event=trace_row ordinal=594 kind=5 ns=285253141292671 fields=513,6,2,0,0,0,0,0,0,0,16,0,0,0,0,0
event=trace_row ordinal=595 kind=0 ns=285253141169003 fields=78,2,0,50,2,0,0,0,0,0,0,0,0,0,0,0
event=trace_row ordinal=596 kind=1 ns=285253141169003 fields=78,2,0,1005,997,200,1000,0,1,0,0,0,0,0,0,0
event=trace_row ordinal=597 kind=1 ns=285253141169003 fields=78,2,1,1005,997,200,1000,0,1,0,0,0,0,0,0,0
event=trace_row ordinal=598 kind=3 ns=285253141314255 fields=78,79,0,2,285253141169003,0,0,0,0,0,0,0,0,6,0,2
event=trace_row ordinal=599 kind=4 ns=285253151015780 fields=385,8,96,20,96,20,0,0,0,0,16,0,0,0,0,0
event=trace_row ordinal=600 kind=5 ns=285253151213824 fields=513,6,2,0,0,0,0,0,0,0,16,0,0,0,0,0
event=trace_row ordinal=601 kind=0 ns=285253151120489 fields=79,2,0,25,1,0,0,0,0,0,0,0,0,0,0,0
event=trace_row ordinal=602 kind=1 ns=285253151120489 fields=79,2,0,1005,997,200,1000,0,1,0,0,0,0,0,0,0
event=trace_row ordinal=603 kind=3 ns=285253151229865 fields=79,80,0,2,285253151120489,0,0,0,0,0,0,0,0,6,0,2
event=trace_row ordinal=604 kind=4 ns=285253151259324 fields=641,5,3,0,0,0,0,0,0,0,16,0,0,0,0,0
event=trace_row ordinal=605 kind=5 ns=285253161293353 fields=513,6,2,0,0,0,0,0,0,0,16,0,0,0,0,0
event=trace_row ordinal=606 kind=0 ns=285253161171726 fields=80,2,0,25,1,0,0,0,0,0,0,0,0,0,0,0
event=trace_row ordinal=607 kind=1 ns=285253161171726 fields=80,2,0,1005,997,200,1000,0,1,0,0,0,0,0,0,0
event=trace_row ordinal=608 kind=3 ns=285253161312894 fields=80,81,0,2,285253161171726,0,0,0,0,0,0,0,0,6,0,2
event=trace_row ordinal=609 kind=5 ns=285253171224713 fields=513,6,2,0,0,0,0,0,0,0,16,0,0,0,0,0
event=trace_row ordinal=610 kind=0 ns=285253171145379 fields=81,2,0,50,2,0,0,0,0,0,0,0,0,0,0,0
event=trace_row ordinal=611 kind=1 ns=285253171145379 fields=81,2,0,1005,997,200,1000,0,1,0,0,0,0,0,0,0
event=trace_row ordinal=612 kind=1 ns=285253171145379 fields=81,2,1,1005,997,200,1000,0,1,0,0,0,0,0,0,0
event=trace_row ordinal=613 kind=3 ns=285253171236088 fields=81,82,0,2,285253171145379,0,0,0,0,0,0,0,0,6,0,2
event=trace_row ordinal=614 kind=5 ns=285253181355868 fields=513,6,2,0,0,0,0,0,0,0,16,0,0,0,0,0
event=trace_row ordinal=615 kind=0 ns=285253181197199 fields=82,2,0,25,1,0,0,0,0,0,0,0,0,0,0,0
event=trace_row ordinal=616 kind=1 ns=285253181197199 fields=82,2,0,1005,997,200,1000,0,1,0,0,0,0,0,0,0
event=trace_row ordinal=617 kind=3 ns=285253181379785 fields=82,83,0,2,285253181197199,0,0,0,0,0,0,0,0,6,0,2
event=trace_row ordinal=618 kind=5 ns=285253191235603 fields=513,6,2,0,0,0,0,0,0,0,16,0,0,0,0,0
event=trace_row ordinal=619 kind=0 ns=285253191149268 fields=83,2,0,50,2,0,0,0,0,0,0,0,0,0,0,0
event=trace_row ordinal=620 kind=1 ns=285253191149268 fields=83,2,0,1005,997,200,1000,0,1,0,0,0,0,0,0,0
event=trace_row ordinal=621 kind=1 ns=285253191149268 fields=83,2,1,1005,997,200,1000,0,1,0,0,0,0,0,0,0
event=trace_row ordinal=622 kind=3 ns=285253191250186 fields=83,84,0,2,285253191149268,0,0,0,0,0,0,0,0,6,0,2
event=trace_row ordinal=623 kind=5 ns=285253201277506 fields=513,6,2,0,0,0,0,0,0,0,16,0,0,0,0,0
event=trace_row ordinal=624 kind=0 ns=285253201137505 fields=84,2,0,25,1,0,0,0,0,0,0,0,0,0,0,0
event=trace_row ordinal=625 kind=1 ns=285253201137505 fields=84,2,0,1005,997,200,1000,0,1,0,0,0,0,0,0,0
event=trace_row ordinal=626 kind=3 ns=285253201302298 fields=84,85,0,2,285253201137505,0,0,0,0,0,0,0,0,6,0,2
event=trace_row ordinal=627 kind=4 ns=285253201415466 fields=385,8,96,20,96,20,0,0,0,0,16,0,0,0,0,0
event=trace_row ordinal=628 kind=4 ns=285253201501509 fields=641,5,3,0,0,0,0,0,0,0,16,0,0,0,0,0
event=trace_row ordinal=629 kind=5 ns=285253211292284 fields=513,6,2,0,0,0,0,0,0,0,16,0,0,0,0,0
event=trace_row ordinal=630 kind=0 ns=285253211169200 fields=85,2,0,50,2,0,0,0,0,0,0,0,0,0,0,0
event=trace_row ordinal=631 kind=1 ns=285253211169200 fields=85,2,0,1005,997,200,1000,0,1,0,0,0,0,0,0,0
event=trace_row ordinal=632 kind=1 ns=285253211169200 fields=85,2,1,1005,997,200,1000,0,1,0,0,0,0,0,0,0
event=trace_row ordinal=633 kind=3 ns=285253211312409 fields=85,86,0,2,285253211169200,0,0,0,0,0,0,0,0,6,0,2
event=trace_row ordinal=634 kind=5 ns=285253221248728 fields=513,6,2,0,0,0,0,0,0,0,16,0,0,0,0,0
event=trace_row ordinal=635 kind=0 ns=285253221153936 fields=86,2,0,25,1,0,0,0,0,0,0,0,0,0,0,0
event=trace_row ordinal=636 kind=1 ns=285253221153936 fields=86,2,0,1005,997,200,1000,0,1,0,0,0,0,0,0,0
event=trace_row ordinal=637 kind=3 ns=285253221265062 fields=86,87,0,2,285253221153936,0,0,0,0,0,0,0,0,6,0,2
event=trace_row ordinal=638 kind=5 ns=285253231301715 fields=513,6,2,0,0,0,0,0,0,0,16,0,0,0,0,0
event=trace_row ordinal=639 kind=0 ns=285253231173381 fields=87,2,0,25,1,0,0,0,0,0,0,0,0,0,0,0
event=trace_row ordinal=640 kind=1 ns=285253231173381 fields=87,2,0,1005,997,200,1000,0,1,0,0,0,0,0,0,0
event=trace_row ordinal=641 kind=3 ns=285253231323299 fields=87,88,0,2,285253231173381,0,0,0,0,0,0,0,0,6,0,2
event=trace_row ordinal=642 kind=4 ns=285253240419609 fields=1793,1,5,0,0,0,0,0,0,0,16,0,0,0,0,0
event=trace_row ordinal=643 kind=5 ns=285253241266035 fields=513,6,2,0,0,0,0,0,0,0,16,0,0,0,0,0
event=trace_row ordinal=644 kind=0 ns=285253241159575 fields=88,2,0,50,2,0,0,0,0,0,0,0,0,0,0,0
event=trace_row ordinal=645 kind=1 ns=285253241159575 fields=88,2,0,1005,997,200,1000,0,1,0,0,0,0,0,0,0
event=trace_row ordinal=646 kind=1 ns=285253241159575 fields=88,2,1,1005,997,200,1000,0,1,0,0,0,0,0,0,0
event=trace_row ordinal=647 kind=3 ns=285253241282077 fields=88,89,0,2,285253241159575,0,0,0,0,0,0,0,0,6,0,2
event=trace_row ordinal=648 kind=4 ns=285253251010143 fields=385,8,96,20,96,20,0,0,0,0,16,0,0,0,0,0
event=trace_row ordinal=649 kind=5 ns=285253251191562 fields=513,6,2,0,0,0,0,0,0,0,16,0,0,0,0,0
event=trace_row ordinal=650 kind=0 ns=285253251098227 fields=89,2,0,25,1,0,0,0,0,0,0,0,0,0,0,0
event=trace_row ordinal=651 kind=1 ns=285253251098227 fields=89,2,0,1005,997,200,1000,0,1,0,0,0,0,0,0,0
event=trace_row ordinal=652 kind=3 ns=285253251204979 fields=89,90,0,2,285253251098227,0,0,0,0,0,0,0,0,6,0,2
event=trace_row ordinal=653 kind=4 ns=285253251231521 fields=641,5,3,0,0,0,0,0,0,0,16,0,0,0,0,0
event=trace_row ordinal=654 kind=5 ns=285253261321258 fields=513,6,2,0,0,0,0,0,0,0,16,0,0,0,0,0
event=trace_row ordinal=655 kind=0 ns=285253261180090 fields=90,2,0,52,2,0,0,0,0,0,0,0,0,0,0,0
event=trace_row ordinal=656 kind=1 ns=285253261180090 fields=90,2,0,1005,997,200,1000,0,1,0,0,0,0,0,0,0
event=trace_row ordinal=657 kind=1 ns=285253261180090 fields=90,2,1,1005,997,200,1000,0,1,0,0,0,0,0,0,0
event=trace_row ordinal=658 kind=3 ns=285253261344592 fields=90,91,0,2,285253261180090,0,0,0,0,0,0,0,0,6,0,2
event=trace_row ordinal=659 kind=5 ns=285253271274202 fields=513,6,2,0,0,0,0,0,0,0,16,0,0,0,0,0
event=trace_row ordinal=660 kind=0 ns=285253271160743 fields=91,2,0,26,1,0,0,0,0,0,0,0,0,0,0,0
event=trace_row ordinal=661 kind=1 ns=285253271160743 fields=91,2,0,1005,997,200,1000,0,1,0,0,0,0,0,0,0
event=trace_row ordinal=662 kind=3 ns=285253271295202 fields=91,92,0,2,285253271160743,0,0,0,0,0,0,0,0,6,0,2
event=trace_row ordinal=663 kind=5 ns=285253281265063 fields=513,6,2,0,0,0,0,0,0,0,16,0,0,0,0,0
event=trace_row ordinal=664 kind=0 ns=285253281155979 fields=92,2,0,52,2,0,0,0,0,0,0,0,0,0,0,0
event=trace_row ordinal=665 kind=1 ns=285253281155979 fields=92,2,0,1005,997,200,1000,0,1,0,0,0,0,0,0,0
event=trace_row ordinal=666 kind=1 ns=285253281155979 fields=92,2,1,1005,997,200,1000,0,1,0,0,0,0,0,0,0
event=trace_row ordinal=667 kind=3 ns=285253281282564 fields=92,93,0,2,285253281155979,0,0,0,0,0,0,0,0,6,0,2
event=trace_row ordinal=668 kind=5 ns=285253291238424 fields=513,6,2,0,0,0,0,0,0,0,16,0,0,0,0,0
event=trace_row ordinal=669 kind=0 ns=285253291151215 fields=93,2,0,26,1,0,0,0,0,0,0,0,0,0,0,0
event=trace_row ordinal=670 kind=1 ns=285253291151215 fields=93,2,0,1005,997,200,1000,0,1,0,0,0,0,0,0,0
event=trace_row ordinal=671 kind=3 ns=285253291253008 fields=93,94,0,2,285253291151215,0,0,0,0,0,0,0,0,6,0,2
event=trace_row ordinal=672 kind=4 ns=285253301031825 fields=385,8,96,20,96,20,0,0,0,0,16,0,0,0,0,0
event=trace_row ordinal=673 kind=5 ns=285253301207119 fields=513,6,2,0,0,0,0,0,0,0,16,0,0,0,0,0
event=trace_row ordinal=674 kind=0 ns=285253301123993 fields=94,2,0,26,1,0,0,0,0,0,0,0,0,0,0,0
event=trace_row ordinal=675 kind=1 ns=285253301123993 fields=94,2,0,1005,997,200,1000,0,1,0,0,0,0,0,0,0
event=trace_row ordinal=676 kind=3 ns=285253301219369 fields=94,95,0,2,285253301123993,0,0,0,0,0,0,0,0,6,0,2
event=trace_row ordinal=677 kind=4 ns=285253301246494 fields=641,5,3,0,0,0,0,0,0,0,16,0,0,0,0,0
event=trace_row ordinal=678 kind=5 ns=285253311228605 fields=513,6,2,0,0,0,0,0,0,0,16,0,0,0,0,0
event=trace_row ordinal=679 kind=0 ns=285253311145188 fields=95,2,0,52,2,0,0,0,0,0,0,0,0,0,0,0
event=trace_row ordinal=680 kind=1 ns=285253311145188 fields=95,2,0,1005,997,200,1000,0,1,0,0,0,0,0,0,0
event=trace_row ordinal=681 kind=1 ns=285253311145188 fields=95,2,1,1004,997,200,1000,0,1,0,0,0,0,0,0,0
event=trace_row ordinal=682 kind=3 ns=285253311241147 fields=95,96,0,2,285253311145188,0,0,0,0,0,0,0,0,6,0,2
event=trace_row ordinal=683 kind=5 ns=285253321224717 fields=513,6,2,0,0,0,0,0,0,0,16,0,0,0,0,0
event=trace_row ordinal=684 kind=0 ns=285253321144507 fields=96,2,0,26,1,0,0,0,0,0,0,0,0,0,0,0
event=trace_row ordinal=685 kind=1 ns=285253321144507 fields=96,2,0,1004,997,200,1000,0,1,0,0,0,0,0,0,0
event=trace_row ordinal=686 kind=3 ns=285253321237550 fields=96,97,0,2,285253321144507,0,0,0,0,0,0,0,0,6,0,2
event=trace_row ordinal=687 kind=5 ns=285253331187578 fields=513,6,2,0,0,0,0,0,0,0,16,0,0,0,0,0
event=trace_row ordinal=688 kind=0 ns=285253331129244 fields=97,2,0,51,2,0,0,0,0,0,0,0,0,0,0,0
event=trace_row ordinal=689 kind=1 ns=285253331129244 fields=97,2,0,1004,997,200,1000,0,1,0,0,0,0,0,0,0
event=trace_row ordinal=690 kind=1 ns=285253331129244 fields=97,2,1,1005,997,200,1000,0,1,0,0,0,0,0,0,0
event=trace_row ordinal=691 kind=3 ns=285253331197203 fields=97,98,0,2,285253331129244,0,0,0,0,0,0,0,0,6,0,2
event=trace_row ordinal=692 kind=5 ns=285253341180481 fields=513,6,2,0,0,0,0,0,0,0,16,0,0,0,0,0
event=trace_row ordinal=693 kind=0 ns=285253341127688 fields=98,2,0,25,1,0,0,0,0,0,0,0,0,0,0,0
event=trace_row ordinal=694 kind=1 ns=285253341127688 fields=98,2,0,1005,997,200,1000,0,1,0,0,0,0,0,0,0
event=trace_row ordinal=695 kind=3 ns=285253341189522 fields=98,99,0,2,285253341127688,0,0,0,0,0,0,0,0,6,0,2
event=trace_row ordinal=696 kind=4 ns=285253351026382 fields=385,8,96,20,96,20,0,0,0,0,16,0,0,0,0,0
event=trace_row ordinal=697 kind=5 ns=285253351143633 fields=513,6,2,0,0,0,0,0,0,0,16,0,0,0,0,0
event=trace_row ordinal=698 kind=0 ns=285253351087341 fields=99,2,0,50,2,0,0,0,0,0,0,0,0,0,0,0
event=trace_row ordinal=699 kind=1 ns=285253351087341 fields=99,2,0,1005,997,200,1000,0,1,0,0,0,0,0,0,0
event=trace_row ordinal=700 kind=1 ns=285253351087341 fields=99,2,1,1005,997,200,1000,0,1,0,0,0,0,0,0,0
event=trace_row ordinal=701 kind=3 ns=285253351152967 fields=99,100,0,2,285253351087341,0,0,0,0,0,0,0,0,6,0,2
event=trace_row ordinal=702 kind=4 ns=285253351216551 fields=641,5,3,0,0,0,0,0,0,0,16,0,0,0,0,0
event=trace_row ordinal=703 kind=5 ns=285253361179995 fields=513,6,2,0,0,0,0,0,0,0,16,0,0,0,0,0
event=trace_row ordinal=704 kind=0 ns=285253361128078 fields=100,2,0,25,1,0,0,0,0,0,0,0,0,0,0,0
event=trace_row ordinal=705 kind=1 ns=285253361128078 fields=100,2,0,1005,997,200,1000,0,1,0,0,0,0,0,0,0
event=trace_row ordinal=706 kind=3 ns=285253361189037 fields=100,101,0,2,285253361128078,0,0,0,0,0,0,0,0,6,0,2
event=trace_row ordinal=707 kind=5 ns=285253371179606 fields=513,6,2,0,0,0,0,0,0,0,16,0,0,0,0,0
event=trace_row ordinal=708 kind=0 ns=285253371127397 fields=101,2,0,25,1,0,0,0,0,0,0,0,0,0,0,0
event=trace_row ordinal=709 kind=1 ns=285253371127397 fields=101,2,0,1005,997,200,1000,0,1,0,0,0,0,0,0,0
event=trace_row ordinal=710 kind=3 ns=285253371188648 fields=101,102,0,2,285253371127397,0,0,0,0,0,0,0,0,6,0,2
event=trace_row ordinal=711 kind=5 ns=285253381184759 fields=513,6,2,0,0,0,0,0,0,0,16,0,0,0,0,0
event=trace_row ordinal=712 kind=0 ns=285253381127884 fields=102,2,0,50,2,0,0,0,0,0,0,0,0,0,0,0
event=trace_row ordinal=713 kind=1 ns=285253381127884 fields=102,2,0,1005,997,200,1000,0,1,0,0,0,0,0,0,0
event=trace_row ordinal=714 kind=1 ns=285253381127884 fields=102,2,1,1005,997,200,1000,0,1,0,0,0,0,0,0,0
event=trace_row ordinal=715 kind=3 ns=285253381194384 fields=102,103,0,2,285253381127884,0,0,0,0,0,0,0,0,6,0,2
event=trace_row ordinal=716 kind=5 ns=285253391179996 fields=513,6,2,0,0,0,0,0,0,0,16,0,0,0,0,0
event=trace_row ordinal=717 kind=0 ns=285253391127787 fields=103,2,0,25,1,0,0,0,0,0,0,0,0,0,0,0
event=trace_row ordinal=718 kind=1 ns=285253391127787 fields=103,2,0,1005,997,200,1000,0,1,0,0,0,0,0,0,0
event=trace_row ordinal=719 kind=3 ns=285253391189037 fields=103,104,0,2,285253391127787,0,0,0,0,0,0,0,0,6,0,2
event=trace_row ordinal=720 kind=4 ns=285253401025605 fields=385,8,96,20,96,20,0,0,0,0,16,0,0,0,0,0
event=trace_row ordinal=721 kind=5 ns=285253401140523 fields=513,6,2,0,0,0,0,0,0,0,16,0,0,0,0,0
event=trace_row ordinal=722 kind=0 ns=285253401078397 fields=104,2,0,50,2,0,0,0,0,0,0,0,0,0,0,0
event=trace_row ordinal=723 kind=1 ns=285253401078397 fields=104,2,0,1005,997,200,1000,0,1,0,0,0,0,0,0,0
event=trace_row ordinal=724 kind=1 ns=285253401078397 fields=104,2,1,1005,997,200,1000,0,1,0,0,0,0,0,0,0
event=trace_row ordinal=725 kind=3 ns=285253401150148 fields=104,105,0,2,285253401078397,0,0,0,0,0,0,0,0,6,0,2
event=trace_row ordinal=726 kind=4 ns=285253401212857 fields=641,5,3,0,0,0,0,0,0,0,16,0,0,0,0,0
event=trace_row ordinal=727 kind=5 ns=285253411179218 fields=513,6,2,0,0,0,0,0,0,0,16,0,0,0,0,0
event=trace_row ordinal=728 kind=0 ns=285253411127884 fields=105,2,0,25,1,0,0,0,0,0,0,0,0,0,0,0
event=trace_row ordinal=729 kind=1 ns=285253411127884 fields=105,2,0,1005,997,200,1000,0,1,0,0,0,0,0,0,0
event=trace_row ordinal=730 kind=3 ns=285253411188260 fields=105,106,0,2,285253411127884,0,0,0,0,0,0,0,0,6,0,2
event=trace_row ordinal=731 kind=5 ns=285253421183496 fields=513,6,2,0,0,0,0,0,0,0,16,0,0,0,0,0
event=trace_row ordinal=732 kind=0 ns=285253421127496 fields=106,2,0,50,2,0,0,0,0,0,0,0,0,0,0,0
event=trace_row ordinal=733 kind=1 ns=285253421127496 fields=106,2,0,1005,997,200,1000,0,1,0,0,0,0,0,0,0
event=trace_row ordinal=734 kind=1 ns=285253421127496 fields=106,2,1,1005,997,200,1000,0,1,0,0,0,0,0,0,0
event=trace_row ordinal=735 kind=3 ns=285253421193121 fields=106,107,0,2,285253421127496,0,0,0,0,0,0,0,0,6,0,2
event=trace_row ordinal=736 kind=5 ns=285253431178733 fields=513,6,2,0,0,0,0,0,0,0,16,0,0,0,0,0
event=trace_row ordinal=737 kind=0 ns=285253431127690 fields=107,2,0,26,1,0,0,0,0,0,0,0,0,0,0,0
event=trace_row ordinal=738 kind=1 ns=285253431127690 fields=107,2,0,1005,997,200,1000,0,1,0,0,0,0,0,0,0
event=trace_row ordinal=739 kind=3 ns=285253431187774 fields=107,108,0,2,285253431127690,0,0,0,0,0,0,0,0,6,0,2
event=trace_row ordinal=740 kind=5 ns=285253441179219 fields=513,6,2,0,0,0,0,0,0,0,16,0,0,0,0,0
event=trace_row ordinal=741 kind=0 ns=285253441127885 fields=108,2,0,26,1,0,0,0,0,0,0,0,0,0,0,0
event=trace_row ordinal=742 kind=1 ns=285253441127885 fields=108,2,0,1005,997,200,1000,0,1,0,0,0,0,0,0,0
event=trace_row ordinal=743 kind=3 ns=285253441188261 fields=108,109,0,2,285253441127885,0,0,0,0,0,0,0,0,6,0,2
event=trace_row ordinal=744 kind=4 ns=285253451033870 fields=385,8,96,20,96,20,0,0,0,0,16,0,0,0,0,0
event=trace_row ordinal=745 kind=5 ns=285253451142955 fields=513,6,2,0,0,0,0,0,0,0,16,0,0,0,0,0
event=trace_row ordinal=746 kind=0 ns=285253451082288 fields=109,2,0,52,2,0,0,0,0,0,0,0,0,0,0,0
event=trace_row ordinal=747 kind=1 ns=285253451082288 fields=109,2,0,1005,997,200,1000,0,1,0,0,0,0,0,0,0
event=trace_row ordinal=748 kind=1 ns=285253451082288 fields=109,2,1,1005,997,200,1000,0,1,0,0,0,0,0,0,0
event=trace_row ordinal=749 kind=3 ns=285253451152288 fields=109,110,0,2,285253451082288,0,0,0,0,0,0,0,0,6,0,2
event=trace_row ordinal=750 kind=4 ns=285253451229873 fields=641,5,3,0,0,0,0,0,0,0,16,0,0,0,0,0
event=trace_row ordinal=751 kind=5 ns=285253461179900 fields=513,6,2,0,0,0,0,0,0,0,16,0,0,0,0,0
event=trace_row ordinal=752 kind=0 ns=285253461127983 fields=110,2,0,26,1,0,0,0,0,0,0,0,0,0,0,0
event=trace_row ordinal=753 kind=1 ns=285253461127983 fields=110,2,0,1005,997,200,1000,0,1,0,0,0,0,0,0,0
event=trace_row ordinal=754 kind=3 ns=285253461188942 fields=110,111,0,2,285253461127983,0,0,0,0,0,0,0,0,6,0,2
event=trace_row ordinal=755 kind=5 ns=285253471317471 fields=513,6,2,0,0,0,0,0,0,0,16,0,0,0,0,0
event=trace_row ordinal=756 kind=0 ns=285253471181553 fields=111,2,0,52,2,0,0,0,0,0,0,0,0,0,0,0
event=trace_row ordinal=757 kind=1 ns=285253471181553 fields=111,2,0,1005,997,200,1000,0,1,0,0,0,0,0,0,0
event=trace_row ordinal=758 kind=1 ns=285253471181553 fields=111,2,1,1005,997,200,1000,0,1,0,0,0,0,0,0,0
event=trace_row ordinal=759 kind=3 ns=285253471339055 fields=111,112,0,2,285253471181553,0,0,0,0,0,0,0,0,6,0,2
event=trace_row ordinal=760 kind=5 ns=285253481203623 fields=513,6,2,0,0,0,0,0,0,0,16,0,0,0,0,0
event=trace_row ordinal=761 kind=0 ns=285253481135956 fields=112,2,0,26,1,0,0,0,0,0,0,0,0,0,0,0
event=trace_row ordinal=762 kind=1 ns=285253481135956 fields=112,2,0,1005,997,200,1000,0,1,0,0,0,0,0,0,0
event=trace_row ordinal=763 kind=3 ns=285253481214706 fields=112,113,0,2,285253481135956,0,0,0,0,0,0,0,0,6,0,2
event=trace_row ordinal=764 kind=4 ns=285253489955179 fields=1793,1,5,0,0,0,0,0,0,0,16,0,0,0,0,0
event=trace_row ordinal=765 kind=5 ns=285253491188651 fields=513,6,2,0,0,0,0,0,0,0,16,0,0,0,0,0
event=trace_row ordinal=766 kind=0 ns=285253491130025 fields=113,2,0,52,2,0,0,0,0,0,0,0,0,0,0,0
event=trace_row ordinal=767 kind=1 ns=285253491130025 fields=113,2,0,1005,997,200,1000,0,1,0,0,0,0,0,0,0
event=trace_row ordinal=768 kind=1 ns=285253491130025 fields=113,2,1,1005,997,200,1000,0,1,0,0,0,0,0,0,0
event=trace_row ordinal=769 kind=3 ns=285253491198276 fields=113,114,0,2,285253491130025,0,0,0,0,0,0,0,0,6,0,2
event=trace_row ordinal=770 kind=4 ns=285253501048261 fields=385,8,96,20,96,20,0,0,0,0,16,0,0,0,0,0
event=trace_row ordinal=771 kind=5 ns=285253501158220 fields=513,6,2,0,0,0,0,0,0,0,16,0,0,0,0,0
event=trace_row ordinal=772 kind=0 ns=285253501105428 fields=114,2,0,26,1,0,0,0,0,0,0,0,0,0,0,0
event=trace_row ordinal=773 kind=1 ns=285253501105428 fields=114,2,0,1005,997,200,1000,0,1,0,0,0,0,0,0,0
event=trace_row ordinal=774 kind=3 ns=285253501167262 fields=114,115,0,2,285253501105428,0,0,0,0,0,0,0,0,6,0,2
event=trace_row ordinal=775 kind=4 ns=285253501189137 fields=641,5,3,0,0,0,0,0,0,0,16,0,0,0,0,0
event=trace_row ordinal=776 kind=5 ns=285253511179998 fields=513,6,2,0,0,0,0,0,0,0,16,0,0,0,0,0
event=trace_row ordinal=777 kind=0 ns=285253511128665 fields=115,2,0,26,1,0,0,0,0,0,0,0,0,0,0,0
event=trace_row ordinal=778 kind=1 ns=285253511128665 fields=115,2,0,1005,997,200,1000,0,1,0,0,0,0,0,0,0
event=trace_row ordinal=779 kind=3 ns=285253511189040 fields=115,116,0,2,285253511128665,0,0,0,0,0,0,0,0,6,0,2
event=trace_row ordinal=780 kind=5 ns=285253521183985 fields=513,6,2,0,0,0,0,0,0,0,16,0,0,0,0,0
event=trace_row ordinal=781 kind=0 ns=285253521127693 fields=116,2,0,50,2,0,0,0,0,0,0,0,0,0,0,0
event=trace_row ordinal=782 kind=1 ns=285253521127693 fields=116,2,0,1005,997,200,1000,0,1,0,0,0,0,0,0,0
event=trace_row ordinal=783 kind=1 ns=285253521127693 fields=116,2,1,1005,997,200,1000,0,1,0,0,0,0,0,0,0
event=trace_row ordinal=784 kind=3 ns=285253521193318 fields=116,117,0,2,285253521127693,0,0,0,0,0,0,0,0,6,0,2
event=trace_row ordinal=785 kind=5 ns=285253531180679 fields=513,6,2,0,0,0,0,0,0,0,16,0,0,0,0,0
event=trace_row ordinal=786 kind=0 ns=285253531128471 fields=117,2,0,25,1,0,0,0,0,0,0,0,0,0,0,0
event=trace_row ordinal=787 kind=1 ns=285253531128471 fields=117,2,0,1005,997,200,1000,0,1,0,0,0,0,0,0,0
event=trace_row ordinal=788 kind=3 ns=285253531190013 fields=117,118,0,2,285253531128471,0,0,0,0,0,0,0,0,6,0,2
event=trace_row ordinal=789 kind=5 ns=285253541183499 fields=513,6,2,0,0,0,0,0,0,0,16,0,0,0,0,0
event=trace_row ordinal=790 kind=0 ns=285253541126915 fields=118,2,0,50,2,0,0,0,0,0,0,0,0,0,0,0
event=trace_row ordinal=791 kind=1 ns=285253541126915 fields=118,2,0,1005,997,200,1000,0,1,0,0,0,0,0,0,0
event=trace_row ordinal=792 kind=1 ns=285253541126915 fields=118,2,1,1005,997,200,1000,0,1,0,0,0,0,0,0,0
event=trace_row ordinal=793 kind=3 ns=285253541193416 fields=118,119,0,2,285253541126915,0,0,0,0,0,0,0,0,6,0,2
event=trace_row ordinal=794 kind=5 ns=285253551126818 fields=513,6,2,0,0,0,0,0,0,0,16,0,0,0,0,0
event=trace_row ordinal=795 kind=0 ns=285253551070818 fields=119,2,0,25,1,0,0,0,0,0,0,0,0,0,0,0
event=trace_row ordinal=796 kind=1 ns=285253551070818 fields=119,2,0,1005,997,200,1000,0,1,0,0,0,0,0,0,0
event=trace_row ordinal=797 kind=3 ns=285253551135860 fields=119,120,0,2,285253551070818,0,0,0,0,0,0,0,0,6,0,2
event=trace_row ordinal=798 kind=4 ns=285253551158319 fields=385,8,96,20,96,20,0,0,0,0,16,0,0,0,0,0
event=trace_row ordinal=799 kind=4 ns=285253551244945 fields=641,5,3,0,0,0,0,0,0,0,16,0,0,0,0,0
event=trace_row ordinal=800 kind=5 ns=285253561185639 fields=513,6,2,0,0,0,0,0,0,0,16,0,0,0,0,0
event=trace_row ordinal=801 kind=0 ns=285253561127596 fields=120,2,0,50,2,0,0,0,0,0,0,0,0,0,0,0
event=trace_row ordinal=802 kind=1 ns=285253561127596 fields=120,2,0,1005,997,200,1000,0,1,0,0,0,0,0,0,0
event=trace_row ordinal=803 kind=1 ns=285253561127596 fields=120,2,1,1005,997,200,1000,0,1,0,0,0,0,0,0,0
event=trace_row ordinal=804 kind=3 ns=285253561194972 fields=120,121,0,2,285253561127596,0,0,0,0,0,0,0,0,6,0,2
event=trace_row ordinal=805 kind=5 ns=285253571180000 fields=513,6,2,0,0,0,0,0,0,0,16,0,0,0,0,0
event=trace_row ordinal=806 kind=0 ns=285253571127791 fields=121,2,0,25,1,0,0,0,0,0,0,0,0,0,0,0
event=trace_row ordinal=807 kind=1 ns=285253571127791 fields=121,2,0,1005,997,200,1000,0,1,0,0,0,0,0,0,0
event=trace_row ordinal=808 kind=3 ns=285253571189042 fields=121,122,0,2,285253571127791,0,0,0,0,0,0,0,0,6,0,2
event=trace_row ordinal=809 kind=5 ns=285253581179320 fields=513,6,2,0,0,0,0,0,0,0,16,0,0,0,0,0
event=trace_row ordinal=810 kind=0 ns=285253581127694 fields=122,2,0,25,1,0,0,0,0,0,0,0,0,0,0,0
event=trace_row ordinal=811 kind=1 ns=285253581127694 fields=122,2,0,1005,997,200,1000,0,1,0,0,0,0,0,0,0
event=trace_row ordinal=812 kind=3 ns=285253581188653 fields=122,123,0,2,285253581127694,0,0,0,0,0,0,0,0,6,0,2
event=trace_row ordinal=813 kind=5 ns=285253591184181 fields=513,6,2,0,0,0,0,0,0,0,16,0,0,0,0,0
event=trace_row ordinal=814 kind=0 ns=285253591127597 fields=123,2,0,50,2,0,0,0,0,0,0,0,0,0,0,0
event=trace_row ordinal=815 kind=1 ns=285253591127597 fields=123,2,0,1005,997,200,1000,0,1,0,0,0,0,0,0,0
event=trace_row ordinal=816 kind=1 ns=285253591127597 fields=123,2,1,1005,997,200,1000,0,1,0,0,0,0,0,0,0
event=trace_row ordinal=817 kind=3 ns=285253591193514 fields=123,124,0,2,285253591127597,0,0,0,0,0,0,0,0,6,0,2
event=trace_row ordinal=818 kind=5 ns=285253601135958 fields=513,6,2,0,0,0,0,0,0,0,16,0,0,0,0,0
event=trace_row ordinal=819 kind=0 ns=285253601080249 fields=124,2,0,25,1,0,0,0,0,0,0,0,0,0,0,0
event=trace_row ordinal=820 kind=1 ns=285253601080249 fields=124,2,0,1005,997,200,1000,0,1,0,0,0,0,0,0,0
event=trace_row ordinal=821 kind=3 ns=285253601145000 fields=124,125,0,2,285253601080249,0,0,0,0,0,0,0,0,6,0,2
event=trace_row ordinal=822 kind=4 ns=285253601166875 fields=385,8,96,20,96,20,0,0,0,0,16,0,0,0,0,0
event=trace_row ordinal=823 kind=4 ns=285253601252918 fields=641,5,3,0,0,0,0,0,0,0,16,0,0,0,0,0
event=trace_row ordinal=824 kind=5 ns=285253611184279 fields=513,6,2,0,0,0,0,0,0,0,16,0,0,0,0,0
event=trace_row ordinal=825 kind=0 ns=285253611127986 fields=125,2,0,50,2,0,0,0,0,0,0,0,0,0,0,0
event=trace_row ordinal=826 kind=1 ns=285253611127986 fields=125,2,0,1005,997,200,1000,0,1,0,0,0,0,0,0,0
event=trace_row ordinal=827 kind=1 ns=285253611127986 fields=125,2,1,1005,997,200,1000,0,1,0,0,0,0,0,0,0
event=trace_row ordinal=828 kind=3 ns=285253611193904 fields=125,126,0,2,285253611127986,0,0,0,0,0,0,0,0,6,0,2
event=trace_row ordinal=829 kind=5 ns=285253621178640 fields=513,6,2,0,0,0,0,0,0,0,16,0,0,0,0,0
event=trace_row ordinal=830 kind=0 ns=285253621127598 fields=126,2,0,25,1,0,0,0,0,0,0,0,0,0,0,0
event=trace_row ordinal=831 kind=1 ns=285253621127598 fields=126,2,0,1005,997,200,1000,0,1,0,0,0,0,0,0,0
event=trace_row ordinal=832 kind=3 ns=285253621187682 fields=126,127,0,2,285253621127598,0,0,0,0,0,0,0,0,6,0,2
event=trace_row ordinal=833 kind=5 ns=285253631204210 fields=513,6,2,0,0,0,0,0,0,0,16,0,0,0,0,0
event=trace_row ordinal=834 kind=0 ns=285253631133917 fields=127,2,0,50,2,0,0,0,0,0,0,0,0,0,0,0
event=trace_row ordinal=835 kind=1 ns=285253631133917 fields=127,2,0,1005,997,200,1000,0,1,0,0,0,0,0,0,0
event=trace_row ordinal=836 kind=1 ns=285253631133917 fields=127,2,1,1005,997,200,1000,0,1,0,0,0,0,0,0,0
event=trace_row ordinal=837 kind=3 ns=285253631215002 fields=127,128,0,2,285253631133917,0,0,0,0,0,0,0,0,6,0,2
event=trace_row ordinal=838 kind=5 ns=285253641193029 fields=513,6,2,0,0,0,0,0,0,0,16,0,0,0,0,0
event=trace_row ordinal=839 kind=0 ns=285253641134112 fields=128,2,0,25,1,0,0,0,0,0,0,0,0,0,0,0
event=trace_row ordinal=840 kind=1 ns=285253641134112 fields=128,2,0,1005,997,200,1000,0,1,0,0,0,0,0,0,0
event=trace_row ordinal=841 kind=3 ns=285253641203238 fields=128,129,0,2,285253641134112,0,0,0,0,0,0,0,0,6,0,2
event=trace_row ordinal=842 kind=5 ns=285253651256225 fields=513,6,2,0,0,0,0,0,0,0,16,0,0,0,0,0
event=trace_row ordinal=843 kind=0 ns=285253651147724 fields=129,2,0,25,1,0,0,0,0,0,0,0,0,0,0,0
event=trace_row ordinal=844 kind=1 ns=285253651147724 fields=129,2,0,1005,997,200,1000,0,1,0,0,0,0,0,0,0
event=trace_row ordinal=845 kind=3 ns=285253651274892 fields=129,130,0,2,285253651147724,0,0,0,0,0,0,0,0,6,0,2
event=trace_row ordinal=846 kind=4 ns=285253651320976 fields=385,8,96,20,96,20,0,0,0,0,16,0,0,0,0,0
event=trace_row ordinal=847 kind=4 ns=285253651380185 fields=641,5,3,0,0,0,0,0,0,0,16,0,0,0,0,0
event=trace_row ordinal=848 kind=5 ns=285253661252336 fields=513,6,2,0,0,0,0,0,0,0,16,0,0,0,0,0
event=trace_row ordinal=849 kind=0 ns=285253661153460 fields=130,2,0,50,2,0,0,0,0,0,0,0,0,0,0,0
event=trace_row ordinal=850 kind=1 ns=285253661153460 fields=130,2,0,1005,997,200,1000,0,1,0,0,0,0,0,0,0
event=trace_row ordinal=851 kind=1 ns=285253661153460 fields=130,2,1,1005,997,200,1000,0,1,0,0,0,0,0,0,0
event=trace_row ordinal=852 kind=3 ns=285253661267503 fields=130,131,0,2,285253661153460,0,0,0,0,0,0,0,0,6,0,2
event=trace_row ordinal=853 kind=5 ns=285253671285490 fields=513,6,2,0,0,0,0,0,0,0,16,0,0,0,0,0
event=trace_row ordinal=854 kind=0 ns=285253671166488 fields=131,2,0,25,1,0,0,0,0,0,0,0,0,0,0,0
event=trace_row ordinal=855 kind=1 ns=285253671166488 fields=131,2,0,1005,997,200,1000,0,1,0,0,0,0,0,0,0
event=trace_row ordinal=856 kind=3 ns=285253671305906 fields=131,132,0,2,285253671166488,0,0,0,0,0,0,0,0,6,0,2
event=trace_row ordinal=857 kind=5 ns=285253681270809 fields=513,6,2,0,0,0,0,0,0,0,16,0,0,0,0,0
event=trace_row ordinal=858 kind=0 ns=285253681160558 fields=132,2,0,50,2,0,0,0,0,0,0,0,0,0,0,0
event=trace_row ordinal=859 kind=1 ns=285253681160558 fields=132,2,0,1005,997,200,1000,0,1,0,0,0,0,0,0,0
event=trace_row ordinal=860 kind=1 ns=285253681160558 fields=132,2,1,1005,997,200,1000,0,1,0,0,0,0,0,0,0
event=trace_row ordinal=861 kind=3 ns=285253681289476 fields=132,133,0,2,285253681160558,0,0,0,0,0,0,0,0,6,0,2
event=trace_row ordinal=862 kind=5 ns=285253691259045 fields=513,6,2,0,0,0,0,0,0,0,16,0,0,0,0,0
event=trace_row ordinal=863 kind=0 ns=285253691159294 fields=133,2,0,25,1,0,0,0,0,0,0,0,0,0,0,0
event=trace_row ordinal=864 kind=1 ns=285253691159294 fields=133,2,0,1005,997,200,1000,0,1,0,0,0,0,0,0,0
event=trace_row ordinal=865 kind=3 ns=285253691276837 fields=133,134,0,2,285253691159294,0,0,0,0,0,0,0,0,6,0,2
event=trace_row ordinal=866 kind=5 ns=285253701227156 fields=513,6,2,0,0,0,0,0,0,0,16,0,0,0,0,0
event=trace_row ordinal=867 kind=0 ns=285253701139947 fields=134,2,0,50,2,0,0,0,0,0,0,0,0,0,0,0
event=trace_row ordinal=868 kind=1 ns=285253701139947 fields=134,2,0,1005,997,200,1000,0,1,0,0,0,0,0,0,0
event=trace_row ordinal=869 kind=1 ns=285253701139947 fields=134,2,1,1005,997,200,1000,0,1,0,0,0,0,0,0,0
event=trace_row ordinal=870 kind=3 ns=285253701242031 fields=134,135,0,2,285253701139947,0,0,0,0,0,0,0,0,6,0,2
event=trace_row ordinal=871 kind=4 ns=285253701293365 fields=385,8,96,20,96,20,0,0,0,0,16,0,0,0,0,0
event=trace_row ordinal=872 kind=4 ns=285253701339741 fields=641,5,3,0,0,0,0,0,0,0,16,0,0,0,0,0
event=trace_row ordinal=873 kind=5 ns=285253711364144 fields=513,6,2,0,0,0,0,0,0,0,16,0,0,0,0,0
event=trace_row ordinal=874 kind=0 ns=285253711198476 fields=135,2,0,25,1,0,0,0,0,0,0,0,0,0,0,0
event=trace_row ordinal=875 kind=1 ns=285253711198476 fields=135,2,0,1005,997,200,1000,0,1,0,0,0,0,0,0,0
event=trace_row ordinal=876 kind=3 ns=285253711388353 fields=135,136,0,2,285253711198476,0,0,0,0,0,0,0,0,6,0,2
event=trace_row ordinal=877 kind=5 ns=285253721222004 fields=513,6,2,0,0,0,0,0,0,0,16,0,0,0,0,0
event=trace_row ordinal=878 kind=0 ns=285253721145295 fields=136,2,0,25,1,0,0,0,0,0,0,0,0,0,0,0
event=trace_row ordinal=879 kind=1 ns=285253721145295 fields=136,2,0,1005,997,200,1000,0,1,0,0,0,0,0,0,0
event=trace_row ordinal=880 kind=3 ns=285253721234546 fields=136,137,0,2,285253721145295,0,0,0,0,0,0,0,0,6,0,2
event=trace_row ordinal=881 kind=5 ns=285253731356075 fields=513,6,2,0,0,0,0,0,0,0,16,0,0,0,0,0
event=trace_row ordinal=882 kind=0 ns=285253731193323 fields=137,2,0,51,2,0,0,0,0,0,0,0,0,0,0,0
event=trace_row ordinal=883 kind=1 ns=285253731193323 fields=137,2,0,1005,997,200,1000,0,1,0,0,0,0,0,0,0
event=trace_row ordinal=884 kind=1 ns=285253731193323 fields=137,2,1,1005,997,200,1000,0,1,0,0,0,0,0,0,0
event=trace_row ordinal=885 kind=3 ns=285253731381159 fields=137,138,0,2,285253731193323,0,0,0,0,0,0,0,0,6,0,2
event=trace_row ordinal=886 kind=4 ns=285253739537708 fields=1793,1,5,0,0,0,0,0,0,0,16,0,0,0,0,0
event=trace_row ordinal=887 kind=5 ns=285253741288602 fields=513,6,2,0,0,0,0,0,0,0,16,0,0,0,0,0
event=trace_row ordinal=888 kind=0 ns=285253741170768 fields=138,2,0,26,1,0,0,0,0,0,0,0,0,0,0,0
event=trace_row ordinal=889 kind=1 ns=285253741170768 fields=138,2,0,1005,997,200,1000,0,1,0,0,0,0,0,0,0
event=trace_row ordinal=890 kind=3 ns=285253741306978 fields=138,139,0,2,285253741170768,0,0,0,0,0,0,0,0,6,0,2
event=trace_row ordinal=891 kind=5 ns=285253751257297 fields=513,6,2,0,0,0,0,0,0,0,16,0,0,0,0,0
event=trace_row ordinal=892 kind=0 ns=285253751156087 fields=139,2,0,52,2,0,0,0,0,0,0,0,0,0,0,0
event=trace_row ordinal=893 kind=1 ns=285253751156087 fields=139,2,0,1005,997,200,1000,0,1,0,0,0,0,0,0,0
event=trace_row ordinal=894 kind=1 ns=285253751156087 fields=139,2,1,1004,997,200,1000,0,1,0,0,0,0,0,0,0
event=trace_row ordinal=895 kind=3 ns=285253751273630 fields=139,140,0,2,285253751156087,0,0,0,0,0,0,0,0,6,0,2
event=trace_row ordinal=896 kind=4 ns=285253751312131 fields=385,8,96,20,96,20,0,0,0,0,16,0,0,0,0,0
event=trace_row ordinal=897 kind=4 ns=285253751356464 fields=641,5,3,0,0,0,0,0,0,0,16,0,0,0,0,0
event=trace_row ordinal=898 kind=5 ns=285253761322825 fields=513,6,2,0,0,0,0,0,0,0,16,0,0,0,0,0
event=trace_row ordinal=899 kind=0 ns=285253761181074 fields=140,2,0,26,1,0,0,0,0,0,0,0,0,0,0,0
event=trace_row ordinal=900 kind=1 ns=285253761181074 fields=140,2,0,1004,997,200,1000,0,1,0,0,0,0,0,0,0
event=trace_row ordinal=901 kind=3 ns=285253761345284 fields=140,141,0,2,285253761181074,0,0,0,0,0,0,0,0,6,0,2
event=trace_row ordinal=902 kind=5 ns=285253771271686 fields=513,6,2,0,0,0,0,0,0,0,16,0,0,0,0,0
event=trace_row ordinal=903 kind=0 ns=285253771159977 fields=141,2,0,52,2,0,0,0,0,0,0,0,0,0,0,0
event=trace_row ordinal=904 kind=1 ns=285253771159977 fields=141,2,0,1004,997,200,1000,0,1,0,0,0,0,0,0,0
event=trace_row ordinal=905 kind=1 ns=285253771159977 fields=141,2,1,1005,997,200,1000,0,1,0,0,0,0,0,0,0
event=trace_row ordinal=906 kind=3 ns=285253771288311 fields=141,142,0,2,285253771159977,0,0,0,0,0,0,0,0,6,0,2
event=trace_row ordinal=907 kind=5 ns=285253781240964 fields=513,6,2,0,0,0,0,0,0,0,16,0,0,0,0,0
event=trace_row ordinal=908 kind=0 ns=285253781149379 fields=142,2,0,26,1,0,0,0,0,0,0,0,0,0,0,0
event=trace_row ordinal=909 kind=1 ns=285253781149379 fields=142,2,0,1005,997,200,1000,0,1,0,0,0,0,0,0,0
event=trace_row ordinal=910 kind=3 ns=285253781255256 fields=142,143,0,2,285253781149379,0,0,0,0,0,0,0,0,6,0,2
event=trace_row ordinal=911 kind=5 ns=285253791275284 fields=513,6,2,0,0,0,0,0,0,0,16,0,0,0,0,0
event=trace_row ordinal=912 kind=0 ns=285253791161241 fields=143,2,0,26,1,0,0,0,0,0,0,0,0,0,0,0
event=trace_row ordinal=913 kind=1 ns=285253791161241 fields=143,2,0,1005,997,200,1000,0,1,0,0,0,0,0,0,0
event=trace_row ordinal=914 kind=3 ns=285253791293367 fields=143,144,0,2,285253791161241,0,0,0,0,0,0,0,0,6,0,2
event=trace_row ordinal=915 kind=5 ns=285253801288312 fields=513,6,2,0,0,0,0,0,0,0,16,0,0,0,0,0
event=trace_row ordinal=916 kind=0 ns=285253801162311 fields=144,2,0,52,2,0,0,0,0,0,0,0,0,0,0,0
event=trace_row ordinal=917 kind=1 ns=285253801162311 fields=144,2,0,1005,997,200,1000,0,1,0,0,0,0,0,0,0
event=trace_row ordinal=918 kind=1 ns=285253801162311 fields=144,2,1,1005,997,200,1000,0,1,0,0,0,0,0,0,0
event=trace_row ordinal=919 kind=3 ns=285253801307854 fields=144,145,0,2,285253801162311,0,0,0,0,0,0,0,0,6,0,2
event=trace_row ordinal=920 kind=4 ns=285253801352771 fields=385,8,96,20,96,20,0,0,0,0,16,0,0,0,0,0
event=trace_row ordinal=921 kind=4 ns=285253801400022 fields=641,5,3,0,0,0,0,0,0,0,16,0,0,0,0,0
event=trace_row ordinal=922 kind=5 ns=285253811259340 fields=513,6,2,0,0,0,0,0,0,0,16,0,0,0,0,0
event=trace_row ordinal=923 kind=0 ns=285253811155214 fields=145,2,0,26,1,0,0,0,0,0,0,0,0,0,0,0
event=trace_row ordinal=924 kind=1 ns=285253811155214 fields=145,2,0,1005,997,200,1000,0,1,0,0,0,0,0,0,0
event=trace_row ordinal=925 kind=3 ns=285253811275965 fields=145,146,0,2,285253811155214,0,0,0,0,0,0,0,0,6,0,2
event=trace_row ordinal=926 kind=5 ns=285253821249618 fields=513,6,2,0,0,0,0,0,0,0,16,0,0,0,0,0
event=trace_row ordinal=927 kind=0 ns=285253821150158 fields=146,2,0,52,2,0,0,0,0,0,0,0,0,0,0,0
event=trace_row ordinal=928 kind=1 ns=285253821150158 fields=146,2,0,1005,997,200,1000,0,1,0,0,0,0,0,0,0
event=trace_row ordinal=929 kind=1 ns=285253821150158 fields=146,2,1,1005,997,200,1000,0,1,0,0,0,0,0,0,0
event=trace_row ordinal=930 kind=3 ns=285253821263909 fields=146,147,0,2,285253821150158,0,0,0,0,0,0,0,0,6,0,2
event=trace_row ordinal=931 kind=5 ns=285253831242229 fields=513,6,2,0,0,0,0,0,0,0,16,0,0,0,0,0
event=trace_row ordinal=932 kind=0 ns=285253831150645 fields=147,2,0,26,1,0,0,0,0,0,0,0,0,0,0,0
event=trace_row ordinal=933 kind=1 ns=285253831150645 fields=147,2,0,1005,997,200,1000,0,1,0,0,0,0,0,0,0
event=trace_row ordinal=934 kind=3 ns=285253831255646 fields=147,148,0,2,285253831150645,0,0,0,0,0,0,0,0,6,0,2
event=trace_row ordinal=935 kind=5 ns=285253841233382 fields=513,6,2,0,0,0,0,0,0,0,16,0,0,0,0,0
event=trace_row ordinal=936 kind=0 ns=285253841145298 fields=148,2,0,52,2,0,0,0,0,0,0,0,0,0,0,0
event=trace_row ordinal=937 kind=1 ns=285253841145298 fields=148,2,0,1005,997,200,1000,0,1,0,0,0,0,0,0,0
event=trace_row ordinal=938 kind=1 ns=285253841145298 fields=148,2,1,1005,997,200,1000,0,1,0,0,0,0,0,0,0
event=trace_row ordinal=939 kind=3 ns=285253841246799 fields=148,149,0,2,285253841145298,0,0,0,0,0,0,0,0,6,0,2
event=trace_row ordinal=940 kind=5 ns=285253851232993 fields=513,6,2,0,0,0,0,0,0,0,16,0,0,0,0,0
event=trace_row ordinal=941 kind=0 ns=285253851148701 fields=149,2,0,26,1,0,0,0,0,0,0,0,0,0,0,0
event=trace_row ordinal=942 kind=1 ns=285253851148701 fields=149,2,0,1005,997,200,1000,0,1,0,0,0,0,0,0,0
event=trace_row ordinal=943 kind=3 ns=285253851248160 fields=149,150,0,2,285253851148701,0,0,0,0,0,0,0,0,6,0,2
event=trace_row ordinal=944 kind=4 ns=285253851290452 fields=385,8,96,20,96,20,0,0,0,0,16,0,0,0,0,0
event=trace_row ordinal=945 kind=4 ns=285253851363953 fields=641,5,3,0,0,0,0,0,0,0,16,0,0,0,0,0
event=trace_row ordinal=946 kind=5 ns=285253861183604 fields=513,6,2,0,0,0,0,0,0,0,16,0,0,0,0,0
event=trace_row ordinal=947 kind=0 ns=285253861129353 fields=150,2,0,26,1,0,0,0,0,0,0,0,0,0,0,0
event=trace_row ordinal=948 kind=1 ns=285253861129353 fields=150,2,0,1005,997,200,1000,0,1,0,0,0,0,0,0,0
event=trace_row ordinal=949 kind=3 ns=285253861193229 fields=150,151,0,2,285253861129353,0,0,0,0,0,0,0,0,6,0,2
event=trace_row ordinal=950 kind=5 ns=285253871184674 fields=513,6,2,0,0,0,0,0,0,0,16,0,0,0,0,0
event=trace_row ordinal=951 kind=0 ns=285253871127798 fields=151,2,0,52,2,0,0,0,0,0,0,0,0,0,0,0
event=trace_row ordinal=952 kind=1 ns=285253871127798 fields=151,2,0,1005,997,200,1000,0,1,0,0,0,0,0,0,0
event=trace_row ordinal=953 kind=1 ns=285253871127798 fields=151,2,1,1005,997,200,1000,0,1,0,0,0,0,0,0,0
event=trace_row ordinal=954 kind=3 ns=285253871194007 fields=151,152,0,2,285253871127798,0,0,0,0,0,0,0,0,6,0,2
event=trace_row ordinal=955 kind=5 ns=285253881179618 fields=513,6,2,0,0,0,0,0,0,0,16,0,0,0,0,0
event=trace_row ordinal=956 kind=0 ns=285253881127993 fields=152,2,0,26,1,0,0,0,0,0,0,0,0,0,0,0
event=trace_row ordinal=957 kind=1 ns=285253881127993 fields=152,2,0,1005,997,200,1000,0,1,0,0,0,0,0,0,0
event=trace_row ordinal=958 kind=3 ns=285253881188660 fields=152,153,0,2,285253881127993,0,0,0,0,0,0,0,0,6,0,2
event=trace_row ordinal=959 kind=5 ns=285253891184188 fields=513,6,2,0,0,0,0,0,0,0,16,0,0,0,0,0
event=trace_row ordinal=960 kind=0 ns=285253891127021 fields=153,2,0,51,2,0,0,0,0,0,0,0,0,0,0,0
event=trace_row ordinal=961 kind=1 ns=285253891127021 fields=153,2,0,1005,997,200,1000,0,1,0,0,0,0,0,0,0
event=trace_row ordinal=962 kind=1 ns=285253891127021 fields=153,2,1,1005,997,200,1000,0,1,0,0,0,0,0,0,0
event=trace_row ordinal=963 kind=3 ns=285253891193813 fields=153,154,0,2,285253891127021,0,0,0,0,0,0,0,0,6,0,2
event=trace_row ordinal=964 kind=5 ns=285253901180299 fields=513,6,2,0,0,0,0,0,0,0,16,0,0,0,0,0
event=trace_row ordinal=965 kind=0 ns=285253901128090 fields=154,2,0,25,1,0,0,0,0,0,0,0,0,0,0,0
event=trace_row ordinal=966 kind=1 ns=285253901128090 fields=154,2,0,1005,997,200,1000,0,1,0,0,0,0,0,0,0
event=trace_row ordinal=967 kind=3 ns=285253901189633 fields=154,155,0,2,285253901128090,0,0,0,0,0,0,0,0,6,0,2
event=trace_row ordinal=968 kind=4 ns=285253901217050 fields=385,8,96,20,96,20,0,0,0,0,16,0,0,0,0,0
event=trace_row ordinal=969 kind=4 ns=285253901317384 fields=641,5,3,0,0,0,0,0,0,0,16,0,0,0,0,0
event=trace_row ordinal=970 kind=5 ns=285253911184286 fields=513,6,2,0,0,0,0,0,0,0,16,0,0,0,0,0
event=trace_row ordinal=971 kind=0 ns=285253911127702 fields=155,2,0,50,2,0,0,0,0,0,0,0,0,0,0,0
event=trace_row ordinal=972 kind=1 ns=285253911127702 fields=155,2,0,1005,997,200,1000,0,1,0,0,0,0,0,0,0
event=trace_row ordinal=973 kind=1 ns=285253911127702 fields=155,2,1,1005,997,200,1000,0,1,0,0,0,0,0,0,0
event=trace_row ordinal=974 kind=3 ns=285253911193619 fields=155,156,0,2,285253911127702,0,0,0,0,0,0,0,0,6,0,2
event=trace_row ordinal=975 kind=5 ns=285253921178939 fields=513,6,2,0,0,0,0,0,0,0,16,0,0,0,0,0
event=trace_row ordinal=976 kind=0 ns=285253921127313 fields=156,2,0,25,1,0,0,0,0,0,0,0,0,0,0,0
event=trace_row ordinal=977 kind=1 ns=285253921127313 fields=156,2,0,1005,997,200,1000,0,1,0,0,0,0,0,0,0
event=trace_row ordinal=978 kind=3 ns=285253921188272 fields=156,157,0,2,285253921127313,0,0,0,0,0,0,0,0,6,0,2
event=trace_row ordinal=979 kind=5 ns=285253931178842 fields=513,6,2,0,0,0,0,0,0,0,16,0,0,0,0,0
event=trace_row ordinal=980 kind=0 ns=285253931127508 fields=157,2,0,25,1,0,0,0,0,0,0,0,0,0,0,0
event=trace_row ordinal=981 kind=1 ns=285253931127508 fields=157,2,0,1005,997,200,1000,0,1,0,0,0,0,0,0,0
event=trace_row ordinal=982 kind=3 ns=285253931187883 fields=157,158,0,2,285253931127508,0,0,0,0,0,0,0,0,6,0,2
event=trace_row ordinal=983 kind=5 ns=285253941183703 fields=513,6,2,0,0,0,0,0,0,0,16,0,0,0,0,0
event=trace_row ordinal=984 kind=0 ns=285253941127702 fields=158,2,0,50,2,0,0,0,0,0,0,0,0,0,0,0
event=trace_row ordinal=985 kind=1 ns=285253941127702 fields=158,2,0,1005,997,200,1000,0,1,0,0,0,0,0,0,0
event=trace_row ordinal=986 kind=1 ns=285253941127702 fields=158,2,1,1005,997,200,1000,0,1,0,0,0,0,0,0,0
event=trace_row ordinal=987 kind=3 ns=285253941193328 fields=158,159,0,2,285253941127702,0,0,0,0,0,0,0,0,6,0,2
event=trace_row ordinal=988 kind=5 ns=285253951180106 fields=513,6,2,0,0,0,0,0,0,0,16,0,0,0,0,0
event=trace_row ordinal=989 kind=0 ns=285253951127605 fields=159,2,0,25,1,0,0,0,0,0,0,0,0,0,0,0
event=trace_row ordinal=990 kind=1 ns=285253951127605 fields=159,2,0,1005,997,200,1000,0,1,0,0,0,0,0,0,0
event=trace_row ordinal=991 kind=3 ns=285253951189148 fields=159,160,0,2,285253951127605,0,0,0,0,0,0,0,0,6,0,2
event=trace_row ordinal=992 kind=4 ns=285253951270815 fields=385,8,96,20,96,20,0,0,0,0,16,0,0,0,0,0
event=trace_row ordinal=993 kind=4 ns=285253951332649 fields=641,5,3,0,0,0,0,0,0,0,16,0,0,0,0,0
event=trace_row ordinal=994 kind=5 ns=285253961183801 fields=513,6,2,0,0,0,0,0,0,0,16,0,0,0,0,0
event=trace_row ordinal=995 kind=0 ns=285253961127217 fields=160,2,0,50,2,0,0,0,0,0,0,0,0,0,0,0
event=trace_row ordinal=996 kind=1 ns=285253961127217 fields=160,2,0,1005,997,200,1000,0,1,0,0,0,0,0,0,0
event=trace_row ordinal=997 kind=1 ns=285253961127217 fields=160,2,1,1005,997,200,1000,0,1,0,0,0,0,0,0,0
event=trace_row ordinal=998 kind=3 ns=285253961193426 fields=160,161,0,2,285253961127217,0,0,0,0,0,0,0,0,6,0,2
event=trace_row ordinal=999 kind=5 ns=285253971178745 fields=513,6,2,0,0,0,0,0,0,0,16,0,0,0,0,0
event=trace_row ordinal=1000 kind=0 ns=285253971127703 fields=161,2,0,25,1,0,0,0,0,0,0,0,0,0,0,0
event=trace_row ordinal=1001 kind=1 ns=285253971127703 fields=161,2,0,1005,997,200,1000,0,1,0,0,0,0,0,0,0
event=trace_row ordinal=1002 kind=3 ns=285253971187787 fields=161,162,0,2,285253971127703,0,0,0,0,0,0,0,0,6,0,2
event=trace_row ordinal=1003 kind=5 ns=285253981185065 fields=513,6,2,0,0,0,0,0,0,0,16,0,0,0,0,0
event=trace_row ordinal=1004 kind=0 ns=285253981129064 fields=162,2,0,50,2,0,0,0,0,0,0,0,0,0,0,0
event=trace_row ordinal=1005 kind=1 ns=285253981129064 fields=162,2,0,1005,997,200,1000,0,1,0,0,0,0,0,0,0
event=trace_row ordinal=1006 kind=1 ns=285253981129064 fields=162,2,1,1005,997,200,1000,0,1,0,0,0,0,0,0,0
event=trace_row ordinal=1007 kind=3 ns=285253981194690 fields=162,163,0,2,285253981129064,0,0,0,0,0,0,0,0,6,0,2
event=trace_row ordinal=1008 kind=4 ns=285253989045278 fields=1793,1,5,0,0,0,0,0,0,0,16,0,0,0,0,0
event=trace_row ordinal=1009 kind=5 ns=285253991179718 fields=513,6,2,0,0,0,0,0,0,0,16,0,0,0,0,0
event=trace_row ordinal=1010 kind=0 ns=285253991127801 fields=163,2,0,25,1,0,0,0,0,0,0,0,0,0,0,0
event=trace_row ordinal=1011 kind=1 ns=285253991127801 fields=163,2,0,1005,997,200,1000,0,1,0,0,0,0,0,0,0
event=trace_row ordinal=1012 kind=3 ns=285253991188760 fields=163,164,0,2,285253991127801,0,0,0,0,0,0,0,0,6,0,2
event=trace_row ordinal=1013 kind=5 ns=285254001412374 fields=513,6,2,0,0,0,0,0,0,0,16,0,0,0,0,0
event=trace_row ordinal=1014 kind=0 ns=285254001246122 fields=164,2,0,25,1,0,0,0,0,0,0,0,0,0,0,0
event=trace_row ordinal=1015 kind=1 ns=285254001246122 fields=164,2,0,1005,997,200,1000,0,1,0,0,0,0,0,0,0
event=trace_row ordinal=1016 kind=3 ns=285254001435999 fields=164,165,0,2,285254001246122,0,0,0,0,0,0,0,0,6,0,2
event=trace_row ordinal=1017 kind=4 ns=285254001499000 fields=385,8,96,20,96,20,0,0,0,0,16,0,0,0,0,0
event=trace_row ordinal=1018 kind=4 ns=285254001522333 fields=641,5,3,0,0,0,0,0,0,0,16,0,0,0,0,0
event=trace_row ordinal=1019 kind=5 ns=285254011219774 fields=513,6,2,0,0,0,0,0,0,0,16,0,0,0,0,0
event=trace_row ordinal=1020 kind=0 ns=285254011142190 fields=165,2,0,50,2,0,0,0,0,0,0,0,0,0,0,0
event=trace_row ordinal=1021 kind=1 ns=285254011142190 fields=165,2,0,1005,997,200,1000,0,1,0,0,0,0,0,0,0
event=trace_row ordinal=1022 kind=1 ns=285254011142190 fields=165,2,1,1005,997,200,1000,0,1,0,0,0,0,0,0,0
event=trace_row ordinal=1023 kind=3 ns=285254011230566 fields=165,166,0,2,285254011142190,0,0,0,0,0,0,0,0,6,0,2
event=trace_row ordinal=1024 kind=5 ns=285254021182927 fields=513,6,2,0,0,0,0,0,0,0,16,0,0,0,0,0
event=trace_row ordinal=1025 kind=0 ns=285254021129260 fields=166,2,0,25,1,0,0,0,0,0,0,0,0,0,0,0
event=trace_row ordinal=1026 kind=1 ns=285254021129260 fields=166,2,0,1005,997,200,1000,0,1,0,0,0,0,0,0,0
event=trace_row ordinal=1027 kind=3 ns=285254021191969 fields=166,167,0,2,285254021129260,0,0,0,0,0,0,0,0,6,0,2
event=trace_row ordinal=1028 kind=5 ns=285254031186622 fields=513,6,2,0,0,0,0,0,0,0,16,0,0,0,0,0
event=trace_row ordinal=1029 kind=0 ns=285254031127996 fields=167,2,0,50,2,0,0,0,0,0,0,0,0,0,0,0
event=trace_row ordinal=1030 kind=1 ns=285254031127996 fields=167,2,0,1005,997,200,1000,0,1,0,0,0,0,0,0,0
event=trace_row ordinal=1031 kind=1 ns=285254031127996 fields=167,2,1,1005,997,200,1000,0,1,0,0,0,0,0,0,0
event=trace_row ordinal=1032 kind=3 ns=285254031195955 fields=167,168,0,2,285254031127996,0,0,0,0,0,0,0,0,6,0,2
event=trace_row ordinal=1033 kind=5 ns=285254041178650 fields=513,6,2,0,0,0,0,0,0,0,16,0,0,0,0,0
event=trace_row ordinal=1034 kind=0 ns=285254041127316 fields=168,2,0,25,1,0,0,0,0,0,0,0,0,0,0,0
event=trace_row ordinal=1035 kind=1 ns=285254041127316 fields=168,2,0,1005,997,200,1000,0,1,0,0,0,0,0,0,0
event=trace_row ordinal=1036 kind=3 ns=285254041187691 fields=168,169,0,2,285254041127316,0,0,0,0,0,0,0,0,6,0,2
event=trace_row ordinal=1037 kind=5 ns=285254051186136 fields=513,6,2,0,0,0,0,0,0,0,16,0,0,0,0,0
event=trace_row ordinal=1038 kind=0 ns=285254051127510 fields=169,2,0,51,2,0,0,0,0,0,0,0,0,0,0,0
event=trace_row ordinal=1039 kind=1 ns=285254051127510 fields=169,2,0,1005,997,200,1000,0,1,0,0,0,0,0,0,0
event=trace_row ordinal=1040 kind=1 ns=285254051127510 fields=169,2,1,1005,997,200,1000,0,1,0,0,0,0,0,0,0
event=trace_row ordinal=1041 kind=3 ns=285254051195761 fields=169,170,0,2,285254051127510,0,0,0,0,0,0,0,0,6,0,2
event=trace_row ordinal=1042 kind=4 ns=285254051282095 fields=385,8,96,20,96,20,0,0,0,0,16,0,0,0,0,0
event=trace_row ordinal=1043 kind=4 ns=285254051407222 fields=641,5,3,0,0,0,0,0,0,0,16,0,0,0,0,0
event=trace_row ordinal=1044 kind=5 ns=285254061179331 fields=513,6,2,0,0,0,0,0,0,0,16,0,0,0,0,0
event=trace_row ordinal=1045 kind=0 ns=285254061127705 fields=170,2,0,26,1,0,0,0,0,0,0,0,0,0,0,0
event=trace_row ordinal=1046 kind=1 ns=285254061127705 fields=170,2,0,1005,997,200,1000,0,1,0,0,0,0,0,0,0
event=trace_row ordinal=1047 kind=3 ns=285254061188372 fields=170,171,0,2,285254061127705,0,0,0,0,0,0,0,0,6,0,2
event=trace_row ordinal=1048 kind=5 ns=285254071178650 fields=513,6,2,0,0,0,0,0,0,0,16,0,0,0,0,0
event=trace_row ordinal=1049 kind=0 ns=285254071127316 fields=171,2,0,26,1,0,0,0,0,0,0,0,0,0,0,0
event=trace_row ordinal=1050 kind=1 ns=285254071127316 fields=171,2,0,1005,997,200,1000,0,1,0,0,0,0,0,0,0
event=trace_row ordinal=1051 kind=3 ns=285254071187692 fields=171,172,0,2,285254071127316,0,0,0,0,0,0,0,0,6,0,2
event=trace_row ordinal=1052 kind=5 ns=285254081184095 fields=513,6,2,0,0,0,0,0,0,0,16,0,0,0,0,0
event=trace_row ordinal=1053 kind=0 ns=285254081127219 fields=172,2,0,52,2,0,0,0,0,0,0,0,0,0,0,0
event=trace_row ordinal=1054 kind=1 ns=285254081127219 fields=172,2,0,1005,997,200,1000,0,1,0,0,0,0,0,0,0
event=trace_row ordinal=1055 kind=1 ns=285254081127219 fields=172,2,1,1005,997,200,1000,0,1,0,0,0,0,0,0,0
event=trace_row ordinal=1056 kind=3 ns=285254081193720 fields=172,173,0,2,285254081127219,0,0,0,0,0,0,0,0,6,0,2
event=trace_row ordinal=1057 kind=5 ns=285254091179331 fields=513,6,2,0,0,0,0,0,0,0,16,0,0,0,0,0
event=trace_row ordinal=1058 kind=0 ns=285254091127706 fields=173,2,0,26,1,0,0,0,0,0,0,0,0,0,0,0
event=trace_row ordinal=1059 kind=1 ns=285254091127706 fields=173,2,0,1005,997,200,1000,0,1,0,0,0,0,0,0,0
event=trace_row ordinal=1060 kind=3 ns=285254091188373 fields=173,174,0,2,285254091127706,0,0,0,0,0,0,0,0,6,0,2
event=trace_row ordinal=1061 kind=5 ns=285254101184776 fields=513,6,2,0,0,0,0,0,0,0,16,0,0,0,0,0
event=trace_row ordinal=1062 kind=0 ns=285254101127609 fields=174,2,0,52,2,0,0,0,0,0,0,0,0,0,0,0
event=trace_row ordinal=1063 kind=1 ns=285254101127609 fields=174,2,0,1005,997,200,1000,0,1,0,0,0,0,0,0,0
event=trace_row ordinal=1064 kind=1 ns=285254101127609 fields=174,2,1,1005,997,200,1000,0,1,0,0,0,0,0,0,0
event=trace_row ordinal=1065 kind=3 ns=285254101194401 fields=174,175,0,2,285254101127609,0,0,0,0,0,0,0,0,6,0,2
event=trace_row ordinal=1066 kind=4 ns=285254101218901 fields=385,8,96,20,96,20,0,0,0,0,16,0,0,0,0,0
event=trace_row ordinal=1067 kind=4 ns=285254101355111 fields=641,5,3,0,0,0,0,0,0,0,16,0,0,0,0,0
event=trace_row ordinal=1068 kind=5 ns=285254111180304 fields=513,6,2,0,0,0,0,0,0,0,16,0,0,0,0,0
event=trace_row ordinal=1069 kind=0 ns=285254111127803 fields=175,2,0,26,1,0,0,0,0,0,0,0,0,0,0,0
event=trace_row ordinal=1070 kind=1 ns=285254111127803 fields=175,2,0,1005,997,200,1000,0,1,0,0,0,0,0,0,0
event=trace_row ordinal=1071 kind=3 ns=285254111189346 fields=175,176,0,2,285254111127803,0,0,0,0,0,0,0,0,6,0,2
event=trace_row ordinal=1072 kind=5 ns=285254121184290 fields=513,6,2,0,0,0,0,0,0,0,16,0,0,0,0,0
event=trace_row ordinal=1073 kind=0 ns=285254121127415 fields=176,2,0,52,2,0,0,0,0,0,0,0,0,0,0,0
event=trace_row ordinal=1074 kind=1 ns=285254121127415 fields=176,2,0,1005,997,200,1000,0,1,0,0,0,0,0,0,0
event=trace_row ordinal=1075 kind=1 ns=285254121127415 fields=176,2,1,1005,997,200,1000,0,1,0,0,0,0,0,0,0
event=trace_row ordinal=1076 kind=3 ns=285254121193624 fields=176,177,0,2,285254121127415,0,0,0,0,0,0,0,0,6,0,2
event=trace_row ordinal=1077 kind=5 ns=285254131178943 fields=513,6,2,0,0,0,0,0,0,0,16,0,0,0,0,0
event=trace_row ordinal=1078 kind=0 ns=285254131127318 fields=177,2,0,26,1,0,0,0,0,0,0,0,0,0,0,0
event=trace_row ordinal=1079 kind=1 ns=285254131127318 fields=177,2,0,1005,997,200,1000,0,1,0,0,0,0,0,0,0
event=trace_row ordinal=1080 kind=3 ns=285254131187985 fields=177,178,0,2,285254131127318,0,0,0,0,0,0,0,0,6,0,2
event=trace_row ordinal=1081 kind=5 ns=285254141180013 fields=513,6,2,0,0,0,0,0,0,0,16,0,0,0,0,0
event=trace_row ordinal=1082 kind=0 ns=285254141127512 fields=178,2,0,26,1,0,0,0,0,0,0,0,0,0,0,0
event=trace_row ordinal=1083 kind=1 ns=285254141127512 fields=178,2,0,1005,997,200,1000,0,1,0,0,0,0,0,0,0
event=trace_row ordinal=1084 kind=3 ns=285254141189055 fields=178,179,0,2,285254141127512,0,0,0,0,0,0,0,0,6,0,2
event=trace_row ordinal=1085 kind=5 ns=285254151185749 fields=513,6,2,0,0,0,0,0,0,0,16,0,0,0,0,0
event=trace_row ordinal=1086 kind=0 ns=285254151128290 fields=179,2,0,52,2,0,0,0,0,0,0,0,0,0,0,0
event=trace_row ordinal=1087 kind=1 ns=285254151128290 fields=179,2,0,1005,997,200,1000,0,1,0,0,0,0,0,0,0
event=trace_row ordinal=1088 kind=1 ns=285254151128290 fields=179,2,1,1005,997,200,1000,0,1,0,0,0,0,0,0,0
event=trace_row ordinal=1089 kind=3 ns=285254151195374 fields=179,180,0,2,285254151128290,0,0,0,0,0,0,0,0,6,0,2
event=trace_row ordinal=1090 kind=4 ns=285254151254000 fields=385,8,96,20,96,20,0,0,0,0,16,0,0,0,0,0
event=trace_row ordinal=1091 kind=4 ns=285254151363668 fields=641,5,3,0,0,0,0,0,0,0,16,0,0,0,0,0
event=trace_row ordinal=1092 kind=5 ns=285254161143652 fields=513,6,2,0,0,0,0,0,0,0,16,0,0,0,0,0
event=trace_row ordinal=1093 kind=0 ns=285254161106318 fields=180,2,0,26,1,0,0,0,0,0,0,0,0,0,0,0
event=trace_row ordinal=1094 kind=1 ns=285254161106318 fields=180,2,0,1005,997,200,1000,0,1,0,0,0,0,0,0,0
event=trace_row ordinal=1095 kind=3 ns=285254161149485 fields=180,181,0,2,285254161106318,0,0,0,0,0,0,0,0,6,0,2
event=trace_row ordinal=1096 kind=5 ns=285254171198680 fields=513,6,2,0,0,0,0,0,0,0,16,0,0,0,0,0
event=trace_row ordinal=1097 kind=0 ns=285254171133638 fields=181,2,0,52,2,0,0,0,0,0,0,0,0,0,0,0
event=trace_row ordinal=1098 kind=1 ns=285254171133638 fields=181,2,0,1005,997,200,1000,0,1,0,0,0,0,0,0,0
event=trace_row ordinal=1099 kind=1 ns=285254171133638 fields=181,2,1,1005,997,200,1000,0,1,0,0,0,0,0,0,0
event=trace_row ordinal=1100 kind=3 ns=285254171209764 fields=181,182,0,2,285254171133638,0,0,0,0,0,0,0,0,6,0,2
event=trace_row ordinal=1101 kind=5 ns=285254181268001 fields=513,6,2,0,0,0,0,0,0,0,16,0,0,0,0,0
event=trace_row ordinal=1102 kind=0 ns=285254181159500 fields=182,2,0,26,1,0,0,0,0,0,0,0,0,0,0,0
event=trace_row ordinal=1103 kind=1 ns=285254181159500 fields=182,2,0,1005,997,200,1000,0,1,0,0,0,0,0,0,0
event=trace_row ordinal=1104 kind=3 ns=285254181287251 fields=182,183,0,2,285254181159500,0,0,0,0,0,0,0,0,6,0,2
event=trace_row ordinal=1105 kind=5 ns=285254191249237 fields=513,6,2,0,0,0,0,0,0,0,16,0,0,0,0,0
event=trace_row ordinal=1106 kind=0 ns=285254191152111 fields=183,2,0,52,2,0,0,0,0,0,0,0,0,0,0,0
event=trace_row ordinal=1107 kind=1 ns=285254191152111 fields=183,2,0,1005,997,200,1000,0,1,0,0,0,0,0,0,0
event=trace_row ordinal=1108 kind=1 ns=285254191152111 fields=183,2,1,1005,997,200,1000,0,1,0,0,0,0,0,0,0
event=trace_row ordinal=1109 kind=3 ns=285254191265279 fields=183,184,0,2,285254191152111,0,0,0,0,0,0,0,0,6,0,2
event=trace_row ordinal=1110 kind=5 ns=285254201263432 fields=513,6,2,0,0,0,0,0,0,0,16,0,0,0,0,0
event=trace_row ordinal=1111 kind=0 ns=285254201161639 fields=184,2,0,26,1,0,0,0,0,0,0,0,0,0,0,0
event=trace_row ordinal=1112 kind=1 ns=285254201161639 fields=184,2,0,1005,997,200,1000,0,1,0,0,0,0,0,0,0
event=trace_row ordinal=1113 kind=3 ns=285254201282099 fields=184,185,0,2,285254201161639,0,0,0,0,0,0,0,0,6,0,2
event=trace_row ordinal=1114 kind=4 ns=285254201332849 fields=385,8,96,20,96,20,0,0,0,0,16,0,0,0,0,0
event=trace_row ordinal=1115 kind=4 ns=285254201387100 fields=641,5,3,0,0,0,0,0,0,0,16,0,0,0,0,0
event=trace_row ordinal=1116 kind=5 ns=285254211264501 fields=513,6,2,0,0,0,0,0,0,0,16,0,0,0,0,0
event=trace_row ordinal=1117 kind=0 ns=285254211158334 fields=185,2,0,26,1,0,0,0,0,0,0,0,0,0,0,0
event=trace_row ordinal=1118 kind=1 ns=285254211158334 fields=185,2,0,1005,997,200,1000,0,1,0,0,0,0,0,0,0
event=trace_row ordinal=1119 kind=3 ns=285254211284043 fields=185,186,0,2,285254211158334,0,0,0,0,0,0,0,0,6,0,2
event=trace_row ordinal=1120 kind=5 ns=285254221254196 fields=513,6,2,0,0,0,0,0,0,0,16,0,0,0,0,0
event=trace_row ordinal=1121 kind=0 ns=285254221155320 fields=186,2,0,52,2,0,0,0,0,0,0,0,0,0,0,0
event=trace_row ordinal=1122 kind=1 ns=285254221155320 fields=186,2,0,1005,997,200,1000,0,1,0,0,0,0,0,0,0
event=trace_row ordinal=1123 kind=1 ns=285254221155320 fields=186,2,1,1005,997,200,1000,0,1,0,0,0,0,0,0,0
event=trace_row ordinal=1124 kind=3 ns=285254221270238 fields=186,187,0,2,285254221155320,0,0,0,0,0,0,0,0,6,0,2
event=trace_row ordinal=1125 kind=5 ns=285254231250307 fields=513,6,2,0,0,0,0,0,0,0,16,0,0,0,0,0
event=trace_row ordinal=1126 kind=0 ns=285254231157265 fields=187,2,0,26,1,0,0,0,0,0,0,0,0,0,0,0
event=trace_row ordinal=1127 kind=1 ns=285254231157265 fields=187,2,0,1005,997,200,1000,0,1,0,0,0,0,0,0,0
event=trace_row ordinal=1128 kind=3 ns=285254231264599 fields=187,188,0,2,285254231157265,0,0,0,0,0,0,0,0,6,0,2
event=trace_row ordinal=1129 kind=4 ns=285254238623723 fields=1793,1,5,0,0,0,0,0,0,0,16,0,0,0,0,0
event=trace_row ordinal=1130 kind=5 ns=285254241366878 fields=513,6,2,0,0,0,0,0,0,0,16,0,0,0,0,0
event=trace_row ordinal=1131 kind=0 ns=285254241184584 fields=188,2,0,50,2,0,0,0,0,0,0,0,0,0,0,0
event=trace_row ordinal=1132 kind=1 ns=285254241184584 fields=188,2,0,1005,997,1800,1000,0,1,0,0,0,0,0,0,0
event=trace_row ordinal=1133 kind=1 ns=285254241184584 fields=188,2,1,1005,997,1800,1000,0,1,0,0,0,0,0,0,0
event=trace_row ordinal=1134 kind=3 ns=285254241393712 fields=188,189,1,2,285254241184584,0,0,0,0,0,0,0,0,6,1,3
event=trace_row ordinal=1135 kind=5 ns=285254251242821 fields=513,6,2,0,0,0,0,0,0,0,16,0,0,0,0,0
event=trace_row ordinal=1136 kind=0 ns=285254251156779 fields=189,2,0,25,1,0,0,0,0,0,0,0,0,0,0,0
event=trace_row ordinal=1137 kind=1 ns=285254251156779 fields=189,2,0,1005,997,1800,1000,0,1,0,0,0,0,0,0,0
event=trace_row ordinal=1138 kind=3 ns=285254251254488 fields=189,190,1,2,285254251156779,0,0,0,0,0,0,0,0,6,1,3
event=trace_row ordinal=1139 kind=4 ns=285254251295614 fields=385,8,96,20,96,20,0,0,0,0,16,0,0,0,0,0
event=trace_row ordinal=1140 kind=4 ns=285254251382240 fields=641,5,3,0,0,0,0,0,0,0,16,0,0,0,0,0
event=trace_row ordinal=1141 kind=5 ns=285254261372226 fields=513,6,2,0,0,0,0,0,0,0,16,0,0,0,0,0
event=trace_row ordinal=1142 kind=0 ns=285254261194599 fields=190,2,0,50,2,0,0,0,0,0,0,0,0,0,0,0
event=trace_row ordinal=1143 kind=1 ns=285254261194599 fields=190,2,0,1005,997,1800,1000,0,1,0,0,0,0,0,0,0
event=trace_row ordinal=1144 kind=1 ns=285254261194599 fields=190,2,1,1005,997,1800,1000,0,1,0,0,0,0,0,0,0
event=trace_row ordinal=1145 kind=3 ns=285254261395559 fields=190,191,1,2,285254261194599,0,0,0,0,0,0,0,0,6,1,3
event=trace_row ordinal=1146 kind=5 ns=285254271304461 fields=513,6,2,0,0,0,0,0,0,0,16,0,0,0,0,0
event=trace_row ordinal=1147 kind=0 ns=285254271174377 fields=191,2,0,25,1,0,0,0,0,0,0,0,0,0,0,0
event=trace_row ordinal=1148 kind=1 ns=285254271174377 fields=191,2,0,1005,997,1800,1000,0,1,0,0,0,0,0,0,0
event=trace_row ordinal=1149 kind=3 ns=285254271325462 fields=191,192,1,2,285254271174377,0,0,0,0,0,0,0,0,6,1,3
event=trace_row ordinal=1150 kind=5 ns=285254281267322 fields=513,6,2,0,0,0,0,0,0,0,16,0,0,0,0,0
event=trace_row ordinal=1151 kind=0 ns=285254281162321 fields=192,2,0,25,1,0,0,0,0,0,0,0,0,0,0,0
event=trace_row ordinal=1152 kind=1 ns=285254281162321 fields=192,2,0,1005,997,1800,1000,0,1,0,0,0,0,0,0,0
event=trace_row ordinal=1153 kind=3 ns=285254281284239 fields=192,193,1,2,285254281162321,0,0,0,0,0,0,0,0,6,1,3
event=trace_row ordinal=1154 kind=5 ns=285254291319143 fields=513,6,2,0,0,0,0,0,0,0,16,0,0,0,0,0
event=trace_row ordinal=1155 kind=0 ns=285254291173891 fields=193,2,0,50,2,0,0,0,0,0,0,0,0,0,0,0
event=trace_row ordinal=1156 kind=1 ns=285254291173891 fields=193,2,0,1005,997,1800,1000,0,1,0,0,0,0,0,0,0
event=trace_row ordinal=1157 kind=1 ns=285254291173891 fields=193,2,1,1005,997,1800,1000,0,1,0,0,0,0,0,0,0
event=trace_row ordinal=1158 kind=3 ns=285254291339851 fields=193,194,1,2,285254291173891,0,0,0,0,0,0,0,0,6,1,3
event=trace_row ordinal=1159 kind=5 ns=285254301268587 fields=513,6,2,0,0,0,0,0,0,0,16,0,0,0,0,0
event=trace_row ordinal=1160 kind=0 ns=285254301161544 fields=194,2,0,25,1,0,0,0,0,0,0,0,0,0,0,0
event=trace_row ordinal=1161 kind=1 ns=285254301161544 fields=194,2,0,1005,997,1800,1000,0,1,0,0,0,0,0,0,0
event=trace_row ordinal=1162 kind=3 ns=285254301285212 fields=194,195,1,2,285254301161544,0,0,0,0,0,0,0,0,6,1,3
event=trace_row ordinal=1163 kind=4 ns=285254301331587 fields=385,8,96,20,96,20,0,0,0,0,16,0,0,0,0,0
event=trace_row ordinal=1164 kind=4 ns=285254301378838 fields=641,5,3,0,0,0,0,0,0,0,16,0,0,0,0,0
event=trace_row ordinal=1165 kind=5 ns=285254311263823 fields=513,6,2,0,0,0,0,0,0,0,16,0,0,0,0,0
event=trace_row ordinal=1166 kind=0 ns=285254311157655 fields=195,2,0,50,2,0,0,0,0,0,0,0,0,0,0,0
event=trace_row ordinal=1167 kind=1 ns=285254311157655 fields=195,2,0,1005,997,1800,1000,0,1,0,0,0,0,0,0,0
event=trace_row ordinal=1168 kind=1 ns=285254311157655 fields=195,2,1,1005,997,1800,1000,0,1,0,0,0,0,0,0,0
event=trace_row ordinal=1169 kind=3 ns=285254311278990 fields=195,196,1,2,285254311157655,0,0,0,0,0,0,0,0,6,1,3
event=trace_row ordinal=1170 kind=5 ns=285254321276851 fields=513,6,2,0,0,0,0,0,0,0,16,0,0,0,0,0
event=trace_row ordinal=1171 kind=0 ns=285254321166600 fields=196,2,0,25,1,0,0,0,0,0,0,0,0,0,0,0
event=trace_row ordinal=1172 kind=1 ns=285254321166600 fields=196,2,0,1005,997,1800,1000,0,1,0,0,0,0,0,0,0
event=trace_row ordinal=1173 kind=3 ns=285254321293185 fields=196,197,1,2,285254321166600,0,0,0,0,0,0,0,0,6,1,3
event=trace_row ordinal=1174 kind=5 ns=285254331289004 fields=513,6,2,0,0,0,0,0,0,0,16,0,0,0,0,0
event=trace_row ordinal=1175 kind=0 ns=285254331165336 fields=197,2,0,50,2,0,0,0,0,0,0,0,0,0,0,0
event=trace_row ordinal=1176 kind=1 ns=285254331165336 fields=197,2,0,1005,997,1800,1000,0,1,0,0,0,0,0,0,0
event=trace_row ordinal=1177 kind=1 ns=285254331165336 fields=197,2,1,1005,997,1800,1000,0,1,0,0,0,0,0,0,0
event=trace_row ordinal=1178 kind=3 ns=285254331308546 fields=197,198,1,2,285254331165336,0,0,0,0,0,0,0,0,6,1,3
event=trace_row ordinal=1179 kind=5 ns=285254341265282 fields=513,6,2,0,0,0,0,0,0,0,16,0,0,0,0,0
event=trace_row ordinal=1180 kind=0 ns=285254341158239 fields=198,2,0,25,1,0,0,0,0,0,0,0,0,0,0,0
event=trace_row ordinal=1181 kind=1 ns=285254341158239 fields=198,2,0,1005,997,1800,1000,0,1,0,0,0,0,0,0,0
event=trace_row ordinal=1182 kind=3 ns=285254341283074 fields=198,199,1,2,285254341158239,0,0,0,0,0,0,0,0,6,1,3
event=trace_row ordinal=1183 kind=5 ns=285254351251185 fields=513,6,2,0,0,0,0,0,0,0,16,0,0,0,0,0
event=trace_row ordinal=1184 kind=0 ns=285254351154642 fields=199,2,0,25,1,0,0,0,0,0,0,0,0,0,0,0
event=trace_row ordinal=1185 kind=1 ns=285254351154642 fields=199,2,0,1005,997,1800,1000,0,1,0,0,0,0,0,0,0
event=trace_row ordinal=1186 kind=3 ns=285254351266352 fields=199,200,1,2,285254351154642,0,0,0,0,0,0,0,0,6,1,3
event=trace_row ordinal=1187 kind=4 ns=285254351311852 fields=385,8,96,20,96,20,0,0,0,0,16,0,0,0,0,0
event=trace_row ordinal=1188 kind=4 ns=285254351467896 fields=641,5,3,0,0,0,0,0,0,0,16,0,0,0,0,0
event=trace_row ordinal=1189 kind=5 ns=285254361253129 fields=513,6,2,0,0,0,0,0,0,0,16,0,0,0,0,0
event=trace_row ordinal=1190 kind=0 ns=285254361154837 fields=200,2,0,50,2,0,0,0,0,0,0,0,0,0,0,0
event=trace_row ordinal=1191 kind=1 ns=285254361154837 fields=200,2,0,1005,997,200,1000,0,1,0,0,0,0,0,0,0
event=trace_row ordinal=1192 kind=1 ns=285254361154837 fields=200,2,1,1005,997,200,1000,0,1,0,0,0,0,0,0,0
event=trace_row ordinal=1193 kind=3 ns=285254361266255 fields=200,201,1,2,285254361154837,0,0,0,0,0,0,0,0,6,1,3
event=trace_row ordinal=1194 kind=5 ns=285254371223282 fields=513,6,2,0,0,0,0,0,0,0,16,0,0,0,0,0
event=trace_row ordinal=1195 kind=0 ns=285254371144531 fields=201,2,0,25,1,0,0,0,0,0,0,0,0,0,0,0
event=trace_row ordinal=1196 kind=1 ns=285254371144531 fields=201,2,0,1005,997,200,1000,0,1,0,0,0,0,0,0,0
event=trace_row ordinal=1197 kind=3 ns=285254371235824 fields=201,202,1,2,285254371144531,0,0,0,0,0,0,0,0,6,1,3
event=trace_row ordinal=1198 kind=5 ns=285254381250602 fields=513,6,2,0,0,0,0,0,0,0,16,0,0,0,0,0
event=trace_row ordinal=1199 kind=0 ns=285254381149976 fields=202,2,0,50,2,0,0,0,0,0,0,0,0,0,0,0
event=trace_row ordinal=1200 kind=1 ns=285254381149976 fields=202,2,0,1005,997,200,1000,0,1,0,0,0,0,0,0,0
event=trace_row ordinal=1201 kind=1 ns=285254381149976 fields=202,2,1,1005,997,200,1000,0,1,0,0,0,0,0,0,0
event=trace_row ordinal=1202 kind=3 ns=285254381268977 fields=202,203,1,2,285254381149976,0,0,0,0,0,0,0,0,6,1,3
event=trace_row ordinal=1203 kind=5 ns=285254391188088 fields=513,6,2,0,0,0,0,0,0,0,16,0,0,0,0,0
event=trace_row ordinal=1204 kind=0 ns=285254391131212 fields=203,2,0,25,1,0,0,0,0,0,0,0,0,0,0,0
event=trace_row ordinal=1205 kind=1 ns=285254391131212 fields=203,2,0,1005,997,200,1000,0,1,0,0,0,0,0,0,0
event=trace_row ordinal=1206 kind=3 ns=285254391197713 fields=203,204,1,2,285254391131212,0,0,0,0,0,0,0,0,6,1,3
event=trace_row ordinal=1207 kind=5 ns=285254401192366 fields=513,6,6,0,0,0,0,0,0,0,16,0,0,0,0,0
event=trace_row ordinal=1208 kind=0 ns=285254401129365 fields=204,2,0,50,2,0,0,0,0,0,0,0,0,0,0,0
event=trace_row ordinal=1209 kind=1 ns=285254401129365 fields=204,2,0,1005,997,200,1000,0,1,0,0,0,0,0,0,0
event=trace_row ordinal=1210 kind=1 ns=285254401129365 fields=204,2,1,1005,997,200,1000,0,1,0,0,0,0,0,0,0
event=trace_row ordinal=1211 kind=3 ns=285254401202283 fields=204,205,1,2,285254401129365,0,0,0,0,0,0,0,0,2,1,3
event=trace_row ordinal=1212 kind=4 ns=285254401295034 fields=385,8,96,20,96,20,0,0,0,0,16,0,0,0,0,0
event=trace_row ordinal=1213 kind=4 ns=285254401681496 fields=641,5,3,0,0,0,0,0,0,0,16,0,0,0,0,0
event=trace_row ordinal=1214 kind=5 ns=285254411186144 fields=513,6,6,0,0,0,0,0,0,0,16,0,0,0,0,0
event=trace_row ordinal=1215 kind=0 ns=285254411129268 fields=205,2,0,25,1,0,0,0,0,0,0,0,0,0,0,0
event=trace_row ordinal=1216 kind=1 ns=285254411129268 fields=205,2,0,1005,997,200,1000,0,1,0,0,0,0,0,0,0
event=trace_row ordinal=1217 kind=3 ns=285254411195477 fields=205,206,1,2,285254411129268,0,0,0,0,0,0,0,0,2,1,3
event=trace_row ordinal=1218 kind=5 ns=285254421181963 fields=513,6,6,0,0,0,0,0,0,0,16,0,0,0,0,0
event=trace_row ordinal=1219 kind=0 ns=285254421128004 fields=206,2,0,25,1,0,0,0,0,0,0,0,0,0,0,0
event=trace_row ordinal=1220 kind=1 ns=285254421128004 fields=206,2,0,1005,997,200,1000,0,1,0,0,0,0,0,0,0
event=trace_row ordinal=1221 kind=3 ns=285254421191297 fields=206,207,1,2,285254421128004,0,0,0,0,0,0,0,0,2,1,3
event=trace_row ordinal=1222 kind=5 ns=285254431185950 fields=513,6,6,0,0,0,0,0,0,0,16,0,0,0,0,0
event=trace_row ordinal=1223 kind=0 ns=285254431127907 fields=207,2,0,50,2,0,0,0,0,0,0,0,0,0,0,0
event=trace_row ordinal=1224 kind=1 ns=285254431127907 fields=207,2,0,1005,997,200,1000,0,1,0,0,0,0,0,0,0
event=trace_row ordinal=1225 kind=1 ns=285254431127907 fields=207,2,1,1005,997,200,1000,0,1,0,0,0,0,0,0,0
event=trace_row ordinal=1226 kind=3 ns=285254431196158 fields=207,208,1,2,285254431127907,0,0,0,0,0,0,0,0,2,1,3
event=trace_row ordinal=1227 kind=5 ns=285254441181478 fields=513,6,6,0,0,0,0,0,0,0,16,0,0,0,0,0
event=trace_row ordinal=1228 kind=0 ns=285254441128394 fields=208,2,0,25,1,0,0,0,0,0,0,0,0,0,0,0
event=trace_row ordinal=1229 kind=1 ns=285254441128394 fields=208,2,0,1005,997,200,1000,0,1,0,0,0,0,0,0,0
event=trace_row ordinal=1230 kind=3 ns=285254441190811 fields=208,209,1,2,285254441128394,0,0,0,0,0,0,0,0,2,1,3
event=trace_row ordinal=1231 kind=5 ns=285254451186631 fields=513,6,6,0,0,0,0,0,0,0,16,0,0,0,0,0
event=trace_row ordinal=1232 kind=0 ns=285254451128005 fields=209,2,0,50,2,0,0,0,0,0,0,0,0,0,0,0
event=trace_row ordinal=1233 kind=1 ns=285254451128005 fields=209,2,0,1005,997,200,1000,0,1,0,0,0,0,0,0,0
event=trace_row ordinal=1234 kind=1 ns=285254451128005 fields=209,2,1,1005,997,200,1000,0,1,0,0,0,0,0,0,0
event=trace_row ordinal=1235 kind=3 ns=285254451196256 fields=209,210,1,2,285254451128005,0,0,0,0,0,0,0,0,2,1,3
event=trace_row ordinal=1236 kind=4 ns=285254451291048 fields=385,8,33,20,33,20,0,0,0,0,16,0,0,0,0,0
event=trace_row ordinal=1237 kind=4 ns=285254451690053 fields=641,5,3,0,0,0,0,0,0,0,16,0,0,0,0,0
event=trace_row ordinal=1238 kind=5 ns=285254461181867 fields=513,6,7,0,0,0,0,0,0,0,16,0,0,0,0,0
event=trace_row ordinal=1239 kind=0 ns=285254461127908 fields=210,2,0,25,1,0,0,0,0,0,0,0,0,0,0,0
event=trace_row ordinal=1240 kind=1 ns=285254461127908 fields=210,2,0,1005,997,200,1000,0,1,0,0,0,0,0,0,0
event=trace_row ordinal=1241 kind=3 ns=285254461191200 fields=210,211,1,2,285254461127908,0,0,0,0,0,0,0,0,3,1,3
event=trace_row ordinal=1242 kind=5 ns=285254471186437 fields=513,6,7,0,0,0,0,0,0,0,16,0,0,0,0,0
event=trace_row ordinal=1243 kind=0 ns=285254471128103 fields=211,2,0,50,2,0,0,0,0,0,0,0,0,0,0,0
event=trace_row ordinal=1244 kind=1 ns=285254471128103 fields=211,2,0,1005,997,200,1000,0,1,0,0,0,0,0,0,0
event=trace_row ordinal=1245 kind=1 ns=285254471128103 fields=211,2,1,1005,997,200,1000,0,1,0,0,0,0,0,0,0
event=trace_row ordinal=1246 kind=3 ns=285254471195770 fields=211,212,1,2,285254471128103,0,0,0,0,0,0,0,0,3,1,3
event=trace_row ordinal=1247 kind=5 ns=285254481181965 fields=513,6,7,0,0,0,0,0,0,0,16,0,0,0,0,0
event=trace_row ordinal=1248 kind=0 ns=285254481128006 fields=212,2,0,25,1,0,0,0,0,0,0,0,0,0,0,0
event=trace_row ordinal=1249 kind=1 ns=285254481128006 fields=212,2,0,1005,997,200,1000,0,1,0,0,0,0,0,0,0
event=trace_row ordinal=1250 kind=3 ns=285254481191006 fields=212,213,1,2,285254481128006,0,0,0,0,0,0,0,0,3,1,3
event=trace_row ordinal=1251 kind=4 ns=285254488086083 fields=1793,1,5,0,0,0,0,0,0,0,16,0,0,0,0,0
event=trace_row ordinal=1252 kind=5 ns=285254491181284 fields=513,6,7,0,0,0,0,0,0,0,16,0,0,0,0,0
event=trace_row ordinal=1253 kind=0 ns=285254491127325 fields=213,2,0,25,1,0,0,0,0,0,0,0,0,0,0,0
event=trace_row ordinal=1254 kind=1 ns=285254491127325 fields=213,2,0,1005,997,200,1000,0,1,0,0,0,0,0,0,0
event=trace_row ordinal=1255 kind=3 ns=285254491190618 fields=213,214,1,2,285254491127325,0,0,0,0,0,0,0,0,3,1,3
event=trace_row ordinal=1256 kind=5 ns=285254501187021 fields=513,6,7,0,0,0,0,0,0,0,16,0,0,0,0,0
event=trace_row ordinal=1257 kind=0 ns=285254501128103 fields=214,2,0,50,2,0,0,0,0,0,0,0,0,0,0,0
event=trace_row ordinal=1258 kind=1 ns=285254501128103 fields=214,2,0,1005,997,200,1000,0,1,0,0,0,0,0,0,0
event=trace_row ordinal=1259 kind=1 ns=285254501128103 fields=214,2,1,1005,997,200,1000,0,1,0,0,0,0,0,0,0
event=trace_row ordinal=1260 kind=3 ns=285254501196646 fields=214,215,1,2,285254501128103,0,0,0,0,0,0,0,0,3,1,3
event=trace_row ordinal=1261 kind=4 ns=285254501289397 fields=385,8,35,20,35,20,0,0,0,0,16,0,0,0,0,0
event=trace_row ordinal=1262 kind=4 ns=285254501688984 fields=641,5,3,0,0,0,0,0,0,0,16,0,0,0,0,0
event=trace_row ordinal=1263 kind=5 ns=285254511182549 fields=513,6,15,0,0,0,0,0,0,0,16,0,0,0,0,0
event=trace_row ordinal=1264 kind=0 ns=285254511127715 fields=215,2,0,25,1,0,0,0,0,0,0,0,0,0,0,0
event=trace_row ordinal=1265 kind=1 ns=285254511127715 fields=215,2,0,1005,997,200,1000,0,1,0,0,0,0,0,0,0
event=trace_row ordinal=1266 kind=3 ns=285254511191882 fields=215,216,1,2,285254511127715,0,0,0,0,0,0,0,0,4,1,3
event=trace_row ordinal=1267 kind=5 ns=285254521187118 fields=513,6,15,0,0,0,0,0,0,0,16,0,0,0,0,0
event=trace_row ordinal=1268 kind=0 ns=285254521127909 fields=216,2,0,50,2,0,0,0,0,0,0,0,0,0,0,0
event=trace_row ordinal=1269 kind=1 ns=285254521127909 fields=216,2,0,1005,997,200,1000,0,1,0,0,0,0,0,0,0
event=trace_row ordinal=1270 kind=1 ns=285254521127909 fields=216,2,1,1005,997,200,1000,0,1,0,0,0,0,0,0,0
event=trace_row ordinal=1271 kind=3 ns=285254521196452 fields=216,217,1,2,285254521127909,0,0,0,0,0,0,0,0,4,1,3
event=trace_row ordinal=1272 kind=5 ns=285254531293189 fields=513,6,15,0,0,0,0,0,0,0,16,0,0,0,0,0
event=trace_row ordinal=1273 kind=0 ns=285254531161354 fields=217,2,0,25,1,0,0,0,0,0,0,0,0,0,0,0
event=trace_row ordinal=1274 kind=1 ns=285254531161354 fields=217,2,0,1005,997,200,1000,0,1,0,0,0,0,0,0,0
event=trace_row ordinal=1275 kind=3 ns=285254531314481 fields=217,218,1,2,285254531161354,0,0,0,0,0,0,0,0,4,1,3
event=trace_row ordinal=1276 kind=5 ns=285254541222216 fields=513,6,15,0,0,0,0,0,0,0,16,0,0,0,0,0
event=trace_row ordinal=1277 kind=0 ns=285254541141424 fields=218,2,0,50,2,0,0,0,0,0,0,0,0,0,0,0
event=trace_row ordinal=1278 kind=1 ns=285254541141424 fields=218,2,0,1005,997,200,1000,0,1,0,0,0,0,0,0,0
event=trace_row ordinal=1279 kind=1 ns=285254541141424 fields=218,2,1,1005,997,200,1000,0,1,0,0,0,0,0,0,0
event=trace_row ordinal=1280 kind=3 ns=285254541234466 fields=218,219,1,2,285254541141424,0,0,0,0,0,0,0,0,4,1,3
event=trace_row ordinal=1281 kind=5 ns=285254551184785 fields=513,6,15,0,0,0,0,0,0,0,16,0,0,0,0,0
event=trace_row ordinal=1282 kind=0 ns=285254551129077 fields=219,2,0,26,1,0,0,0,0,0,0,0,0,0,0,0
event=trace_row ordinal=1283 kind=1 ns=285254551129077 fields=219,2,0,1005,997,200,1000,0,1,0,0,0,0,0,0,0
event=trace_row ordinal=1284 kind=3 ns=285254551194119 fields=219,220,1,2,285254551129077,0,0,0,0,0,0,0,0,4,1,3
event=trace_row ordinal=1285 kind=4 ns=285254551252745 fields=385,8,39,20,39,20,0,0,0,0,16,0,0,0,0,0
event=trace_row ordinal=1286 kind=4 ns=285254551430663 fields=641,5,3,0,0,0,0,0,0,0,16,0,0,0,0,0
event=trace_row ordinal=1287 kind=5 ns=285254561183522 fields=513,6,15,0,0,0,0,0,0,0,16,0,0,0,0,0
event=trace_row ordinal=1288 kind=0 ns=285254561128396 fields=220,2,0,26,1,0,0,0,0,0,0,0,0,0,0,0
event=trace_row ordinal=1289 kind=1 ns=285254561128396 fields=220,2,0,1005,997,200,1000,0,1,0,0,0,0,0,0,0
event=trace_row ordinal=1290 kind=3 ns=285254561193147 fields=220,221,1,2,285254561128396,0,0,0,0,0,0,0,0,4,1,3
event=trace_row ordinal=1291 kind=5 ns=285254571186925 fields=513,6,15,0,0,0,0,0,0,0,16,0,0,0,0,0
event=trace_row ordinal=1292 kind=0 ns=285254571128591 fields=221,2,0,52,2,0,0,0,0,0,0,0,0,0,0,0
event=trace_row ordinal=1293 kind=1 ns=285254571128591 fields=221,2,0,1005,997,200,1000,0,1,0,0,0,0,0,0,0
event=trace_row ordinal=1294 kind=1 ns=285254571128591 fields=221,2,1,1005,997,200,1000,0,1,0,0,0,0,0,0,0
event=trace_row ordinal=1295 kind=3 ns=285254571196550 fields=221,222,1,2,285254571128591,0,0,0,0,0,0,0,0,4,1,3
event=trace_row ordinal=1296 kind=5 ns=285254581182161 fields=513,6,15,0,0,0,0,0,0,0,16,0,0,0,0,0
event=trace_row ordinal=1297 kind=0 ns=285254581127910 fields=222,2,0,26,1,0,0,0,0,0,0,0,0,0,0,0
event=trace_row ordinal=1298 kind=1 ns=285254581127910 fields=222,2,0,1005,997,200,1000,0,1,0,0,0,0,0,0,0
event=trace_row ordinal=1299 kind=3 ns=285254581191495 fields=222,223,1,2,285254581127910,0,0,0,0,0,0,0,0,4,1,3
event=trace_row ordinal=1300 kind=5 ns=285254591187022 fields=513,6,15,0,0,0,0,0,0,0,16,0,0,0,0,0
event=trace_row ordinal=1301 kind=0 ns=285254591128397 fields=223,2,0,52,2,0,0,0,0,0,0,0,0,0,0,0
event=trace_row ordinal=1302 kind=1 ns=285254591128397 fields=223,2,0,1005,997,200,1000,0,1,0,0,0,0,0,0,0
event=trace_row ordinal=1303 kind=1 ns=285254591128397 fields=223,2,1,1005,997,200,1000,0,1,0,0,0,0,0,0,0
event=trace_row ordinal=1304 kind=3 ns=285254591196939 fields=223,224,1,2,285254591128397,0,0,0,0,0,0,0,0,4,1,3
event=trace_row ordinal=1305 kind=5 ns=285254601182550 fields=513,6,15,0,0,0,0,0,0,0,16,0,0,0,0,0
event=trace_row ordinal=1306 kind=0 ns=285254601128591 fields=224,2,0,26,1,0,0,0,0,0,0,0,0,0,0,0
event=trace_row ordinal=1307 kind=1 ns=285254601128591 fields=224,2,0,1005,997,200,1000,0,1,0,0,0,0,0,0,0
event=trace_row ordinal=1308 kind=3 ns=285254601191592 fields=224,225,1,2,285254601128591,0,0,0,0,0,0,0,0,4,1,3
event=trace_row ordinal=1309 kind=4 ns=285254601215509 fields=385,8,39,20,39,20,0,0,0,0,16,0,0,0,0,0
event=trace_row ordinal=1310 kind=4 ns=285254601377969 fields=641,5,3,0,0,0,0,0,0,0,16,0,0,0,0,0
event=trace_row ordinal=1311 kind=5 ns=285254611185953 fields=513,6,15,0,0,0,0,0,0,0,16,0,0,0,0,0
event=trace_row ordinal=1312 kind=0 ns=285254611126744 fields=225,2,0,52,2,0,0,0,0,0,0,0,0,0,0,0
event=trace_row ordinal=1313 kind=1 ns=285254611126744 fields=225,2,0,1005,997,200,1000,0,1,0,0,0,0,0,0,0
event=trace_row ordinal=1314 kind=1 ns=285254611126744 fields=225,2,1,1005,997,200,1000,0,1,0,0,0,0,0,0,0
event=trace_row ordinal=1315 kind=3 ns=285254611195579 fields=225,226,1,2,285254611126744,0,0,0,0,0,0,0,0,4,1,3
event=trace_row ordinal=1316 kind=5 ns=285254621180898 fields=513,6,15,0,0,0,0,0,0,0,16,0,0,0,0,0
event=trace_row ordinal=1317 kind=0 ns=285254621127522 fields=226,2,0,26,1,0,0,0,0,0,0,0,0,0,0,0
event=trace_row ordinal=1318 kind=1 ns=285254621127522 fields=226,2,0,1005,997,200,1000,0,1,0,0,0,0,0,0,0
event=trace_row ordinal=1319 kind=3 ns=285254621190231 fields=226,227,1,2,285254621127522,0,0,0,0,0,0,0,0,4,1,3
event=trace_row ordinal=1320 kind=5 ns=285254631181968 fields=513,6,15,0,0,0,0,0,0,0,16,0,0,0,0,0
event=trace_row ordinal=1321 kind=0 ns=285254631128009 fields=227,2,0,26,1,0,0,0,0,0,0,0,0,0,0,0
event=trace_row ordinal=1322 kind=1 ns=285254631128009 fields=227,2,0,1005,997,200,1000,0,1,0,0,0,0,0,0,0
event=trace_row ordinal=1323 kind=3 ns=285254631191301 fields=227,228,1,2,285254631128009,0,0,0,0,0,0,0,0,4,1,3
event=trace_row ordinal=1324 kind=5 ns=285254641186829 fields=513,6,15,0,0,0,0,0,0,0,16,0,0,0,0,0
event=trace_row ordinal=1325 kind=0 ns=285254641128203 fields=228,2,0,50,2,0,0,0,0,0,0,0,0,0,0,0
event=trace_row ordinal=1326 kind=1 ns=285254641128203 fields=228,2,0,1005,997,200,1000,0,1,0,0,0,0,0,0,0
event=trace_row ordinal=1327 kind=1 ns=285254641128203 fields=228,2,1,1005,997,200,1000,0,1,0,0,0,0,0,0,0
event=trace_row ordinal=1328 kind=3 ns=285254641196454 fields=228,229,1,2,285254641128203,0,0,0,0,0,0,0,0,4,1,3
event=trace_row ordinal=1329 kind=5 ns=285254651183232 fields=513,6,15,0,0,0,0,0,0,0,16,0,0,0,0,0
event=trace_row ordinal=1330 kind=0 ns=285254651128398 fields=229,2,0,25,1,0,0,0,0,0,0,0,0,0,0,0
event=trace_row ordinal=1331 kind=1 ns=285254651128398 fields=229,2,0,1005,997,200,1000,0,1,0,0,0,0,0,0,0
event=trace_row ordinal=1332 kind=3 ns=285254651192565 fields=229,230,1,2,285254651128398,0,0,0,0,0,0,0,0,4,1,3
event=trace_row ordinal=1333 kind=4 ns=285254651217649 fields=385,8,39,20,39,20,0,0,0,0,16,0,0,0,0,0
event=trace_row ordinal=1334 kind=4 ns=285254651252941 fields=641,5,3,0,0,0,0,0,0,0,16,0,0,0,0,0
event=trace_row ordinal=1335 kind=5 ns=285254661188385 fields=513,6,15,0,0,0,0,0,0,0,16,0,0,0,0,0
event=trace_row ordinal=1336 kind=0 ns=285254661128301 fields=230,2,0,50,2,0,0,0,0,0,0,0,0,0,0,0
event=trace_row ordinal=1337 kind=1 ns=285254661128301 fields=230,2,0,1005,997,200,1000,0,1,0,0,0,0,0,0,0
event=trace_row ordinal=1338 kind=1 ns=285254661128301 fields=230,2,1,1005,997,200,1000,0,1,0,0,0,0,0,0,0
event=trace_row ordinal=1339 kind=3 ns=285254661198885 fields=230,231,1,2,285254661128301,0,0,0,0,0,0,0,0,4,1,3
event=trace_row ordinal=1340 kind=5 ns=285254671181871 fields=513,6,15,0,0,0,0,0,0,0,16,0,0,0,0,0
event=trace_row ordinal=1341 kind=0 ns=285254671128204 fields=231,2,0,25,1,0,0,0,0,0,0,0,0,0,0,0
event=trace_row ordinal=1342 kind=1 ns=285254671128204 fields=231,2,0,1005,997,200,1000,0,1,0,0,0,0,0,0,0
event=trace_row ordinal=1343 kind=3 ns=285254671191496 fields=231,232,1,2,285254671128204,0,0,0,0,0,0,0,0,4,1,3
event=trace_row ordinal=1344 kind=5 ns=285254681188483 fields=513,6,15,0,0,0,0,0,0,0,16,0,0,0,0,0
event=trace_row ordinal=1345 kind=0 ns=285254681129565 fields=232,2,0,50,2,0,0,0,0,0,0,0,0,0,0,0
event=trace_row ordinal=1346 kind=1 ns=285254681129565 fields=232,2,0,1005,997,200,1000,0,1,0,0,0,0,0,0,0
event=trace_row ordinal=1347 kind=1 ns=285254681129565 fields=232,2,1,1005,997,200,1000,0,1,0,0,0,0,0,0,0
event=trace_row ordinal=1348 kind=3 ns=285254681198108 fields=232,233,1,2,285254681129565,0,0,0,0,0,0,0,0,4,1,3
event=trace_row ordinal=1349 kind=5 ns=285254691202094 fields=513,6,15,0,0,0,0,0,0,0,16,0,0,0,0,0
event=trace_row ordinal=1350 kind=0 ns=285254691135010 fields=233,2,0,25,1,0,0,0,0,0,0,0,0,0,0,0
event=trace_row ordinal=1351 kind=1 ns=285254691135010 fields=233,2,0,1005,997,200,1000,0,1,0,0,0,0,0,0,0
event=trace_row ordinal=1352 kind=3 ns=285254691212594 fields=233,234,1,2,285254691135010,0,0,0,0,0,0,0,0,4,1,3
event=trace_row ordinal=1353 kind=5 ns=285254701166122 fields=513,6,15,0,0,0,0,0,0,0,16,0,0,0,0,0
event=trace_row ordinal=1354 kind=0 ns=285254701105163 fields=234,2,0,25,1,0,0,0,0,0,0,0,0,0,0,0
event=trace_row ordinal=1355 kind=1 ns=285254701105163 fields=234,2,0,1005,997,200,1000,0,1,0,0,0,0,0,0,0
event=trace_row ordinal=1356 kind=3 ns=285254701176039 fields=234,235,1,2,285254701105163,0,0,0,0,0,0,0,0,4,1,3
event=trace_row ordinal=1357 kind=4 ns=285254701205206 fields=385,8,39,20,39,20,0,0,0,0,16,0,0,0,0,0
event=trace_row ordinal=1358 kind=4 ns=285254701260331 fields=641,5,3,0,0,0,0,0,0,0,16,0,0,0,0,0
event=trace_row ordinal=1359 kind=5 ns=285254711293776 fields=513,6,15,0,0,0,0,0,0,0,16,0,0,0,0,0
event=trace_row ordinal=1360 kind=0 ns=285254711161941 fields=235,2,0,50,2,0,0,0,0,0,0,0,0,0,0,0
event=trace_row ordinal=1361 kind=1 ns=285254711161941 fields=235,2,0,1005,997,200,1000,0,1,0,0,0,0,0,0,0
event=trace_row ordinal=1362 kind=1 ns=285254711161941 fields=235,2,1,1005,997,200,1000,0,1,0,0,0,0,0,0,0
event=trace_row ordinal=1363 kind=3 ns=285254711315360 fields=235,236,1,2,285254711161941,0,0,0,0,0,0,0,0,4,1,3
event=trace_row ordinal=1364 kind=5 ns=285254721258970 fields=513,6,15,0,0,0,0,0,0,0,16,0,0,0,0,0
event=trace_row ordinal=1365 kind=0 ns=285254721154844 fields=236,2,0,25,1,0,0,0,0,0,0,0,0,0,0,0
event=trace_row ordinal=1366 kind=1 ns=285254721154844 fields=236,2,0,1005,997,200,1000,0,1,0,0,0,0,0,0,0
event=trace_row ordinal=1367 kind=3 ns=285254721276179 fields=236,237,1,2,285254721154844,0,0,0,0,0,0,0,0,4,1,3
event=trace_row ordinal=1368 kind=5 ns=285254731236415 fields=513,6,15,0,0,0,0,0,0,0,16,0,0,0,0,0
event=trace_row ordinal=1369 kind=0 ns=285254731146581 fields=237,2,0,50,2,0,0,0,0,0,0,0,0,0,0,0
event=trace_row ordinal=1370 kind=1 ns=285254731146581 fields=237,2,0,1005,997,200,1000,0,1,0,0,0,0,0,0,0
event=trace_row ordinal=1371 kind=1 ns=285254731146581 fields=237,2,1,1005,997,200,1000,0,1,0,0,0,0,0,0,0
event=trace_row ordinal=1372 kind=3 ns=285254731249540 fields=237,238,1,2,285254731146581,0,0,0,0,0,0,0,0,4,1,3
event=trace_row ordinal=1373 kind=4 ns=285254737646736 fields=1793,1,5,0,0,0,0,0,0,0,16,0,0,0,0,0
event=trace_row ordinal=1374 kind=5 ns=285254741226401 fields=513,6,15,0,0,0,0,0,0,0,16,0,0,0,0,0
event=trace_row ordinal=1375 kind=0 ns=285254741147650 fields=238,2,0,25,1,0,0,0,0,0,0,0,0,0,0,0
event=trace_row ordinal=1376 kind=1 ns=285254741147650 fields=238,2,0,1005,997,200,1000,0,1,0,0,0,0,0,0,0
event=trace_row ordinal=1377 kind=3 ns=285254741237776 fields=238,239,1,2,285254741147650,0,0,0,0,0,0,0,0,4,1,3
event=trace_row ordinal=1378 kind=4 ns=285254751051302 fields=385,8,39,20,39,20,0,0,0,0,16,0,0,0,0,0
event=trace_row ordinal=1379 kind=5 ns=285254751216971 fields=513,6,15,0,0,0,0,0,0,0,16,0,0,0,0,0
event=trace_row ordinal=1380 kind=0 ns=285254751137345 fields=239,2,0,50,2,0,0,0,0,0,0,0,0,0,0,0
event=trace_row ordinal=1381 kind=1 ns=285254751137345 fields=239,2,0,1005,997,200,1000,0,1,0,0,0,0,0,0,0
event=trace_row ordinal=1382 kind=1 ns=285254751137345 fields=239,2,1,1005,997,200,1000,0,1,0,0,0,0,0,0,0
event=trace_row ordinal=1383 kind=3 ns=285254751227762 fields=239,240,1,2,285254751137345,0,0,0,0,0,0,0,0,4,1,3
event=trace_row ordinal=1384 kind=4 ns=285254751290180 fields=641,5,3,0,0,0,0,0,0,0,16,0,0,0,0,0
event=trace_row ordinal=1385 kind=5 ns=285254761236999 fields=513,6,15,0,0,0,0,0,0,0,16,0,0,0,0,0
event=trace_row ordinal=1386 kind=0 ns=285254761146581 fields=240,2,0,25,1,0,0,0,0,0,0,0,0,0,0,0
event=trace_row ordinal=1387 kind=1 ns=285254761146581 fields=240,2,0,1005,997,200,1000,0,1,0,0,0,0,0,0,0
event=trace_row ordinal=1388 kind=3 ns=285254761252749 fields=240,241,1,2,285254761146581,0,0,0,0,0,0,0,0,4,1,3
event=trace_row ordinal=1389 kind=5 ns=285254771142109 fields=513,6,15,0,0,0,0,0,0,0,16,0,0,0,0,0
event=trace_row ordinal=1390 kind=0 ns=285254771105359 fields=241,2,0,25,1,0,0,0,0,0,0,0,0,0,0,0
event=trace_row ordinal=1391 kind=1 ns=285254771105359 fields=241,2,0,1005,997,200,1000,0,1,0,0,0,0,0,0,0
event=trace_row ordinal=1392 kind=3 ns=285254771148234 fields=241,242,1,2,285254771105359,0,0,0,0,0,0,0,0,4,1,3
event=trace_row ordinal=1393 kind=5 ns=285254781120720 fields=513,6,15,0,0,0,0,0,0,0,16,0,0,0,0,0
event=trace_row ordinal=1394 kind=0 ns=285254781098262 fields=242,2,0,50,2,0,0,0,0,0,0,0,0,0,0,0
event=trace_row ordinal=1395 kind=1 ns=285254781098262 fields=242,2,0,1005,997,200,1000,0,1,0,0,0,0,0,0,0
event=trace_row ordinal=1396 kind=1 ns=285254781098262 fields=242,2,1,1005,997,200,1000,0,1,0,0,0,0,0,0,0
event=trace_row ordinal=1397 kind=3 ns=285254781124804 fields=242,243,1,2,285254781098262,0,0,0,0,0,0,0,0,4,1,3
event=trace_row ordinal=1398 kind=5 ns=285254791186832 fields=513,6,15,0,0,0,0,0,0,0,16,0,0,0,0,0
event=trace_row ordinal=1399 kind=0 ns=285254791129665 fields=243,2,0,25,1,0,0,0,0,0,0,0,0,0,0,0
event=trace_row ordinal=1400 kind=1 ns=285254791129665 fields=243,2,0,1005,997,200,1000,0,1,0,0,0,0,0,0,0
event=trace_row ordinal=1401 kind=3 ns=285254791196457 fields=243,244,1,2,285254791129665,0,0,0,0,0,0,0,0,4,1,3
event=trace_row ordinal=1402 kind=4 ns=285254800983733 fields=385,8,39,20,39,20,0,0,0,0,16,0,0,0,0,0
event=trace_row ordinal=1403 kind=5 ns=285254801190527 fields=513,6,15,0,0,0,0,0,0,0,16,0,0,0,0,0
event=trace_row ordinal=1404 kind=0 ns=285254801129860 fields=244,2,0,50,2,0,0,0,0,0,0,0,0,0,0,0
event=trace_row ordinal=1405 kind=1 ns=285254801129860 fields=244,2,0,1005,997,200,1000,0,1,0,0,0,0,0,0,0
event=trace_row ordinal=1406 kind=1 ns=285254801129860 fields=244,2,1,1005,997,200,1000,0,1,0,0,0,0,0,0,0
event=trace_row ordinal=1407 kind=3 ns=285254801200152 fields=244,245,1,2,285254801129860,0,0,0,0,0,0,0,0,4,1,3
event=trace_row ordinal=1408 kind=4 ns=285254801221736 fields=641,5,3,0,0,0,0,0,0,0,16,0,0,0,0,0
event=trace_row ordinal=1409 kind=5 ns=285254811180805 fields=513,6,15,0,0,0,0,0,0,0,16,0,0,0,0,0
event=trace_row ordinal=1410 kind=0 ns=285254811127138 fields=245,2,0,25,1,0,0,0,0,0,0,0,0,0,0,0
event=trace_row ordinal=1411 kind=1 ns=285254811127138 fields=245,2,0,1005,997,200,1000,0,1,0,0,0,0,0,0,0
event=trace_row ordinal=1412 kind=3 ns=285254811190138 fields=245,246,1,2,285254811127138,0,0,0,0,0,0,0,0,4,1,3
event=trace_row ordinal=1413 kind=5 ns=285254821188000 fields=513,6,15,0,0,0,0,0,0,0,16,0,0,0,0,0
event=trace_row ordinal=1414 kind=0 ns=285254821129374 fields=246,2,0,50,2,0,0,0,0,0,0,0,0,0,0,0
event=trace_row ordinal=1415 kind=1 ns=285254821129374 fields=246,2,0,1005,997,200,1000,0,1,0,0,0,0,0,0,0
event=trace_row ordinal=1416 kind=1 ns=285254821129374 fields=246,2,1,1005,997,200,1000,0,1,0,0,0,0,0,0,0
event=trace_row ordinal=1417 kind=3 ns=285254821198500 fields=246,247,1,2,285254821129374,0,0,0,0,0,0,0,0,4,1,3
event=trace_row ordinal=1418 kind=5 ns=285254831181194 fields=513,6,15,0,0,0,0,0,0,0,16,0,0,0,0,0
event=trace_row ordinal=1419 kind=0 ns=285254831128402 fields=247,2,0,25,1,0,0,0,0,0,0,0,0,0,0,0
event=trace_row ordinal=1420 kind=1 ns=285254831128402 fields=247,2,0,1004,997,200,1000,0,1,0,0,0,0,0,0,0
event=trace_row ordinal=1421 kind=3 ns=285254831190528 fields=247,248,1,2,285254831128402,0,0,0,0,0,0,0,0,4,1,3
event=trace_row ordinal=1422 kind=5 ns=285254841181389 fields=513,6,15,0,0,0,0,0,0,0,16,0,0,0,0,0
event=trace_row ordinal=1423 kind=0 ns=285254841128013 fields=248,2,0,25,1,0,0,0,0,0,0,0,0,0,0,0
event=trace_row ordinal=1424 kind=1 ns=285254841128013 fields=248,2,0,1004,997,200,1000,0,1,0,0,0,0,0,0,0
event=trace_row ordinal=1425 kind=3 ns=285254841191014 fields=248,249,1,2,285254841128013,0,0,0,0,0,0,0,0,4,1,3
event=trace_row ordinal=1426 kind=4 ns=285254850922872 fields=385,8,39,20,39,20,0,0,0,0,16,0,0,0,0,0
event=trace_row ordinal=1427 kind=5 ns=285254851134625 fields=513,6,15,0,0,0,0,0,0,0,16,0,0,0,0,0
event=trace_row ordinal=1428 kind=0 ns=285254851069291 fields=249,2,0,50,2,0,0,0,0,0,0,0,0,0,0,0
event=trace_row ordinal=1429 kind=1 ns=285254851069291 fields=249,2,0,1004,997,200,1000,0,1,0,0,0,0,0,0,0
event=trace_row ordinal=1430 kind=1 ns=285254851069291 fields=249,2,1,1005,997,200,1000,0,1,0,0,0,0,0,0,0
event=trace_row ordinal=1431 kind=3 ns=285254851144250 fields=249,250,1,2,285254851069291,0,0,0,0,0,0,0,0,4,1,3
event=trace_row ordinal=1432 kind=4 ns=285254851166125 fields=641,5,3,0,0,0,0,0,0,0,16,0,0,0,0,0
event=trace_row ordinal=1433 kind=5 ns=285254861181778 fields=513,6,15,0,0,0,0,0,0,0,16,0,0,0,0,0
event=trace_row ordinal=1434 kind=0 ns=285254861128111 fields=250,2,0,25,1,0,0,0,0,0,0,0,0,0,0,0
event=trace_row ordinal=1435 kind=1 ns=285254861128111 fields=250,2,0,1005,997,200,1000,0,1,0,0,0,0,0,0,0
event=trace_row ordinal=1436 kind=3 ns=285254861191112 fields=250,251,1,2,285254861128111,0,0,0,0,0,0,0,0,4,1,3
event=trace_row ordinal=1437 kind=5 ns=285254871186640 fields=513,6,15,0,0,0,0,0,0,0,16,0,0,0,0,0
event=trace_row ordinal=1438 kind=0 ns=285254871127722 fields=251,2,0,50,2,0,0,0,0,0,0,0,0,0,0,0
event=trace_row ordinal=1439 kind=1 ns=285254871127722 fields=251,2,0,1005,997,200,1000,0,1,0,0,0,0,0,0,0
event=trace_row ordinal=1440 kind=1 ns=285254871127722 fields=251,2,1,1005,997,200,1000,0,1,0,0,0,0,0,0,0
event=trace_row ordinal=1441 kind=3 ns=285254871196265 fields=251,252,1,2,285254871127722,0,0,0,0,0,0,0,0,4,1,3
event=trace_row ordinal=1442 kind=5 ns=285254881181584 fields=513,6,15,0,0,0,0,0,0,0,16,0,0,0,0,0
event=trace_row ordinal=1443 kind=0 ns=285254881127917 fields=252,2,0,25,1,0,0,0,0,0,0,0,0,0,0,0
event=trace_row ordinal=1444 kind=1 ns=285254881127917 fields=252,2,0,1005,997,200,1000,0,1,0,0,0,0,0,0,0
event=trace_row ordinal=1445 kind=3 ns=285254881190918 fields=252,253,1,2,285254881127917,0,0,0,0,0,0,0,0,4,1,3
event=trace_row ordinal=1446 kind=5 ns=285254891188487 fields=513,6,15,0,0,0,0,0,0,0,16,0,0,0,0,0
event=trace_row ordinal=1447 kind=0 ns=285254891130153 fields=253,2,0,50,2,0,0,0,0,0,0,0,0,0,0,0
event=trace_row ordinal=1448 kind=1 ns=285254891130153 fields=253,2,0,1005,997,200,1000,0,1,0,0,0,0,0,0,0
event=trace_row ordinal=1449 kind=1 ns=285254891130153 fields=253,2,1,1005,997,200,1000,0,1,0,0,0,0,0,0,0
event=trace_row ordinal=1450 kind=3 ns=285254891198404 fields=253,254,1,2,285254891130153,0,0,0,0,0,0,0,0,4,1,3
event=trace_row ordinal=1451 kind=4 ns=285254900869303 fields=385,8,39,20,39,20,0,0,0,0,16,0,0,0,0,0
event=trace_row ordinal=1452 kind=5 ns=285254901138806 fields=513,6,15,0,0,0,0,0,0,0,16,0,0,0,0,0
event=trace_row ordinal=1453 kind=0 ns=285254901079597 fields=254,2,0,25,1,0,0,0,0,0,0,0,0,0,0,0
event=trace_row ordinal=1454 kind=1 ns=285254901079597 fields=254,2,0,1005,997,200,1000,0,1,0,0,0,0,0,0,0
event=trace_row ordinal=1455 kind=3 ns=285254901148140 fields=254,255,1,2,285254901079597,0,0,0,0,0,0,0,0,4,1,3
event=trace_row ordinal=1456 kind=4 ns=285254901170890 fields=641,5,3,0,0,0,0,0,0,0,16,0,0,0,0,0
event=trace_row ordinal=1457 kind=5 ns=285254911181876 fields=513,6,15,0,0,0,0,0,0,0,16,0,0,0,0,0
event=trace_row ordinal=1458 kind=0 ns=285254911128501 fields=255,2,0,25,1,0,0,0,0,0,0,0,0,0,0,0
event=trace_row ordinal=1459 kind=1 ns=285254911128501 fields=255,2,0,1005,997,200,1000,0,1,0,0,0,0,0,0,0
event=trace_row ordinal=1460 kind=3 ns=285254911191210 fields=255,256,1,2,285254911128501,0,0,0,0,0,0,0,0,4,1,3
event=trace_row ordinal=1461 kind=5 ns=285254921309239 fields=513,6,15,0,0,0,0,0,0,0,16,0,0,0,0,0
event=trace_row ordinal=1462 kind=0 ns=285254921173321 fields=256,2,0,52,2,0,0,0,0,0,0,0,0,0,0,0
event=trace_row ordinal=1463 kind=1 ns=285254921173321 fields=256,2,0,1005,997,200,1000,0,1,0,0,0,0,0,0,0
event=trace_row ordinal=1464 kind=1 ns=285254921173321 fields=256,2,1,1005,997,200,1000,0,1,0,0,0,0,0,0,0
event=trace_row ordinal=1465 kind=3 ns=285254921330239 fields=256,257,1,2,285254921173321,0,0,0,0,0,0,0,0,4,1,3
event=trace_row ordinal=1466 kind=5 ns=285254931202683 fields=513,6,15,0,0,0,0,0,0,0,16,0,0,0,0,0
event=trace_row ordinal=1467 kind=0 ns=285254931135599 fields=257,2,0,26,1,0,0,0,0,0,0,0,0,0,0,0
event=trace_row ordinal=1468 kind=1 ns=285254931135599 fields=257,2,0,1005,997,200,1000,0,1,0,0,0,0,0,0,0
event=trace_row ordinal=1469 kind=3 ns=285254931213474 fields=257,258,1,2,285254931135599,0,0,0,0,0,0,0,0,4,1,3
event=trace_row ordinal=1470 kind=5 ns=285254941190627 fields=513,6,15,0,0,0,0,0,0,0,16,0,0,0,0,0
event=trace_row ordinal=1471 kind=0 ns=285254941129668 fields=258,2,0,52,2,0,0,0,0,0,0,0,0,0,0,0
event=trace_row ordinal=1472 kind=1 ns=285254941129668 fields=258,2,0,1005,997,200,1000,0,1,0,0,0,0,0,0,0
event=trace_row ordinal=1473 kind=1 ns=285254941129668 fields=258,2,1,1005,997,200,1000,0,1,0,0,0,0,0,0,0
event=trace_row ordinal=1474 kind=3 ns=285254941200252 fields=258,259,1,2,285254941129668,0,0,0,0,0,0,0,0,4,1,3
event=trace_row ordinal=1475 kind=4 ns=285254950828859 fields=385,8,39,20,39,20,0,0,0,0,16,0,0,0,0,0
event=trace_row ordinal=1476 kind=4 ns=285254951007653 fields=641,5,3,0,0,0,0,0,0,0,16,0,0,0,0,0
event=trace_row ordinal=1477 kind=5 ns=285254951184405 fields=513,6,15,0,0,0,0,0,0,0,16,0,0,0,0,0
event=trace_row ordinal=1478 kind=0 ns=285254951129571 fields=259,2,0,26,1,0,0,0,0,0,0,0,0,0,0,0
event=trace_row ordinal=1479 kind=1 ns=285254951129571 fields=259,2,0,1005,997,200,1000,0,1,0,0,0,0,0,0,0
event=trace_row ordinal=1480 kind=3 ns=285254951193739 fields=259,260,1,2,285254951129571,0,0,0,0,0,0,0,0,4,1,3
event=trace_row ordinal=1481 kind=5 ns=285254961187516 fields=513,6,15,0,0,0,0,0,0,0,16,0,0,0,0,0
event=trace_row ordinal=1482 kind=0 ns=285254961128016 fields=260,2,0,50,2,0,0,0,0,0,0,0,0,0,0,0
event=trace_row ordinal=1483 kind=1 ns=285254961128016 fields=260,2,0,1005,997,200,1000,0,1,0,0,0,0,0,0,0
event=trace_row ordinal=1484 kind=1 ns=285254961128016 fields=260,2,1,1005,997,200,1000,0,1,0,0,0,0,0,0,0
event=trace_row ordinal=1485 kind=3 ns=285254961197142 fields=260,261,1,2,285254961128016,0,0,0,0,0,0,0,0,4,1,3
event=trace_row ordinal=1486 kind=5 ns=285254971180711 fields=513,6,15,0,0,0,0,0,0,0,16,0,0,0,0,0
event=trace_row ordinal=1487 kind=0 ns=285254971127627 fields=261,2,0,25,1,0,0,0,0,0,0,0,0,0,0,0
event=trace_row ordinal=1488 kind=1 ns=285254971127627 fields=261,2,0,1005,997,200,1000,0,1,0,0,0,0,0,0,0
event=trace_row ordinal=1489 kind=3 ns=285254971190044 fields=261,262,1,2,285254971127627,0,0,0,0,0,0,0,0,4,1,3
event=trace_row ordinal=1490 kind=5 ns=285254981181489 fields=513,6,15,0,0,0,0,0,0,0,16,0,0,0,0,0
event=trace_row ordinal=1491 kind=0 ns=285254981127822 fields=262,2,0,25,1,0,0,0,0,0,0,0,0,0,0,0
event=trace_row ordinal=1492 kind=1 ns=285254981127822 fields=262,2,0,1005,997,200,1000,0,1,0,0,0,0,0,0,0
event=trace_row ordinal=1493 kind=3 ns=285254981190822 fields=262,263,1,2,285254981127822,0,0,0,0,0,0,0,0,4,1,3
event=trace_row ordinal=1494 kind=4 ns=285254987175306 fields=1793,1,5,0,0,0,0,0,0,0,16,0,0,0,0,0
event=trace_row ordinal=1495 kind=5 ns=285254991187517 fields=513,6,15,0,0,0,0,0,0,0,16,0,0,0,0,0
event=trace_row ordinal=1496 kind=0 ns=285254991128308 fields=263,2,0,50,2,0,0,0,0,0,0,0,0,0,0,0
event=trace_row ordinal=1497 kind=1 ns=285254991128308 fields=263,2,0,1005,997,200,1000,0,1,0,0,0,0,0,0,0
event=trace_row ordinal=1498 kind=1 ns=285254991128308 fields=263,2,1,1005,997,200,1000,0,1,0,0,0,0,0,0,0
event=trace_row ordinal=1499 kind=3 ns=285254991197725 fields=263,264,1,2,285254991128308,0,0,0,0,0,0,0,0,4,1,3
event=trace_row ordinal=1500 kind=4 ns=285255000762749 fields=385,8,39,20,39,20,0,0,0,0,16,0,0,0,0,0
event=trace_row ordinal=1501 kind=4 ns=285255000955251 fields=641,5,3,0,0,0,0,0,0,0,16,0,0,0,0,0
event=trace_row ordinal=1502 kind=5 ns=285255001186253 fields=513,6,15,0,0,0,0,0,0,0,16,0,0,0,0,0
event=trace_row ordinal=1503 kind=0 ns=285255001131419 fields=264,2,0,25,1,0,0,0,0,0,0,0,0,0,0,0
event=trace_row ordinal=1504 kind=1 ns=285255001131419 fields=264,2,0,1005,997,200,1000,0,1,0,0,0,0,0,0,0
event=trace_row ordinal=1505 kind=3 ns=285255001195587 fields=264,265,1,2,285255001131419,0,0,0,0,0,0,0,0,4,1,3
event=trace_row ordinal=1506 kind=5 ns=285255011185573 fields=513,6,15,0,0,0,0,0,0,0,16,0,0,0,0,0
event=trace_row ordinal=1507 kind=0 ns=285255011126947 fields=265,2,0,50,2,0,0,0,0,0,0,0,0,0,0,0
event=trace_row ordinal=1508 kind=1 ns=285255011126947 fields=265,2,0,1005,997,200,1000,0,1,0,0,0,0,0,0,0
event=trace_row ordinal=1509 kind=1 ns=285255011126947 fields=265,2,1,1005,997,200,1000,0,1,0,0,0,0,0,0,0
event=trace_row ordinal=1510 kind=3 ns=285255011195198 fields=265,266,1,2,285255011126947,0,0,0,0,0,0,0,0,4,1,3
event=trace_row ordinal=1511 kind=5 ns=285255021182559 fields=513,6,15,0,0,0,0,0,0,0,16,0,0,0,0,0
event=trace_row ordinal=1512 kind=0 ns=285255021129184 fields=266,2,0,25,1,0,0,0,0,0,0,0,0,0,0,0
event=trace_row ordinal=1513 kind=1 ns=285255021129184 fields=266,2,0,1005,997,200,1000,0,1,0,0,0,0,0,0,0
event=trace_row ordinal=1514 kind=3 ns=285255021191893 fields=266,267,1,2,285255021129184,0,0,0,0,0,0,0,0,4,1,3
event=trace_row ordinal=1515 kind=5 ns=285255031186837 fields=513,6,15,0,0,0,0,0,0,0,16,0,0,0,0,0
event=trace_row ordinal=1516 kind=0 ns=285255031127336 fields=267,2,0,50,2,0,0,0,0,0,0,0,0,0,0,0
event=trace_row ordinal=1517 kind=1 ns=285255031127336 fields=267,2,0,1005,997,200,1000,0,1,0,0,0,0,0,0,0
event=trace_row ordinal=1518 kind=1 ns=285255031127336 fields=267,2,1,1005,997,200,1000,0,1,0,0,0,0,0,0,0
event=trace_row ordinal=1519 kind=3 ns=285255031196462 fields=267,268,1,2,285255031127336,0,0,0,0,0,0,0,0,4,1,3
event=trace_row ordinal=1520 kind=5 ns=285255041181782 fields=513,6,15,0,0,0,0,0,0,0,16,0,0,0,0,0
event=trace_row ordinal=1521 kind=0 ns=285255041127823 fields=268,2,0,25,1,0,0,0,0,0,0,0,0,0,0,0
event=trace_row ordinal=1522 kind=1 ns=285255041127823 fields=268,2,0,1005,997,200,1000,0,1,0,0,0,0,0,0,0
event=trace_row ordinal=1523 kind=3 ns=285255041191115 fields=268,269,1,2,285255041127823,0,0,0,0,0,0,0,0,4,1,3
event=trace_row ordinal=1524 kind=4 ns=285255050712388 fields=385,8,39,20,39,20,0,0,0,0,16,0,0,0,0,0
event=trace_row ordinal=1525 kind=4 ns=285255050839264 fields=641,5,3,0,0,0,0,0,0,0,16,0,0,0,0,0
event=trace_row ordinal=1526 kind=5 ns=285255051187226 fields=513,6,15,0,0,0,0,0,0,0,16,0,0,0,0,0
event=trace_row ordinal=1527 kind=0 ns=285255051131226 fields=269,2,0,25,1,0,0,0,0,0,0,0,0,0,0,0
event=trace_row ordinal=1528 kind=1 ns=285255051131226 fields=269,2,0,1005,997,200,1000,0,1,0,0,0,0,0,0,0
event=trace_row ordinal=1529 kind=3 ns=285255051196560 fields=269,270,1,2,285255051131226,0,0,0,0,0,0,0,0,4,1,3
event=trace_row ordinal=1530 kind=5 ns=285255061186838 fields=513,6,15,0,0,0,0,0,0,0,16,0,0,0,0,0
event=trace_row ordinal=1531 kind=0 ns=285255061128504 fields=270,2,0,50,2,0,0,0,0,0,0,0,0,0,0,0
event=trace_row ordinal=1532 kind=1 ns=285255061128504 fields=270,2,0,1005,997,200,1000,0,1,0,0,0,0,0,0,0
event=trace_row ordinal=1533 kind=1 ns=285255061128504 fields=270,2,1,1005,997,200,1000,0,1,0,0,0,0,0,0,0
event=trace_row ordinal=1534 kind=3 ns=285255061196463 fields=270,271,1,2,285255061128504,0,0,0,0,0,0,0,0,4,1,3
event=trace_row ordinal=1535 kind=5 ns=285255071196657 fields=513,6,15,0,0,0,0,0,0,0,16,0,0,0,0,0
event=trace_row ordinal=1536 kind=0 ns=285255071133365 fields=271,2,0,25,1,0,0,0,0,0,0,0,0,0,0,0
event=trace_row ordinal=1537 kind=1 ns=285255071133365 fields=271,2,0,1005,997,200,1000,0,1,0,0,0,0,0,0,0
event=trace_row ordinal=1538 kind=3 ns=285255071207158 fields=271,272,1,2,285255071133365,0,0,0,0,0,0,0,0,4,1,3
event=trace_row ordinal=1539 kind=5 ns=285255081190435 fields=513,6,15,0,0,0,0,0,0,0,16,0,0,0,0,0
event=trace_row ordinal=1540 kind=0 ns=285255081128601 fields=272,2,0,50,2,0,0,0,0,0,0,0,0,0,0,0
event=trace_row ordinal=1541 kind=1 ns=285255081128601 fields=272,2,0,1005,997,200,1000,0,1,0,0,0,0,0,0,0
event=trace_row ordinal=1542 kind=1 ns=285255081128601 fields=272,2,1,1005,997,200,1000,0,1,0,0,0,0,0,0,0
event=trace_row ordinal=1543 kind=3 ns=285255081200352 fields=272,273,1,2,285255081128601,0,0,0,0,0,0,0,0,4,1,3
event=trace_row ordinal=1544 kind=5 ns=285255091206672 fields=513,6,15,0,0,0,0,0,0,0,16,0,0,0,0,0
event=trace_row ordinal=1545 kind=0 ns=285255091138129 fields=273,2,0,25,1,0,0,0,0,0,0,0,0,0,0,0
event=trace_row ordinal=1546 kind=1 ns=285255091138129 fields=273,2,0,1005,997,200,1000,0,1,0,0,0,0,0,0,0
event=trace_row ordinal=1547 kind=3 ns=285255091217755 fields=273,274,1,2,285255091138129,0,0,0,0,0,0,0,0,4,1,3
event=trace_row ordinal=1548 kind=4 ns=285255100675444 fields=385,8,39,20,39,20,0,0,0,0,16,0,0,0,0,0
event=trace_row ordinal=1549 kind=4 ns=285255100785403 fields=641,5,3,0,0,0,0,0,0,0,16,0,0,0,0,0
event=trace_row ordinal=1550 kind=5 ns=285255101208908 fields=513,6,15,0,0,0,0,0,0,0,16,0,0,0,0,0
event=trace_row ordinal=1551 kind=0 ns=285255101137741 fields=274,2,0,50,2,0,0,0,0,0,0,0,0,0,0,0
event=trace_row ordinal=1552 kind=1 ns=285255101137741 fields=274,2,0,1005,997,200,1000,0,1,0,0,0,0,0,0,0
event=trace_row ordinal=1553 kind=1 ns=285255101137741 fields=274,2,1,1005,997,200,1000,0,1,0,0,0,0,0,0,0
event=trace_row ordinal=1554 kind=3 ns=285255101219992 fields=274,275,1,2,285255101137741,0,0,0,0,0,0,0,0,4,1,3
event=trace_row ordinal=1555 kind=5 ns=285255111189853 fields=513,6,15,0,0,0,0,0,0,0,16,0,0,0,0,0
event=trace_row ordinal=1556 kind=0 ns=285255111131519 fields=275,2,0,25,1,0,0,0,0,0,0,0,0,0,0,0
event=trace_row ordinal=1557 kind=1 ns=285255111131519 fields=275,2,0,1005,997,200,1000,0,1,0,0,0,0,0,0,0
event=trace_row ordinal=1558 kind=3 ns=285255111199478 fields=275,276,1,2,285255111131519,0,0,0,0,0,0,0,0,4,1,3
event=trace_row ordinal=1559 kind=5 ns=285255121249548 fields=513,6,15,0,0,0,0,0,0,0,16,0,0,0,0,0
event=trace_row ordinal=1560 kind=0 ns=285255121153005 fields=276,2,0,25,1,0,0,0,0,0,0,0,0,0,0,0
event=trace_row ordinal=1561 kind=1 ns=285255121153005 fields=276,2,0,1005,997,200,1000,0,1,0,0,0,0,0,0,0
event=trace_row ordinal=1562 kind=3 ns=285255121266465 fields=276,277,1,2,285255121153005,0,0,0,0,0,0,0,0,4,1,3
event=trace_row ordinal=1563 kind=5 ns=285255131234284 fields=513,6,15,0,0,0,0,0,0,0,16,0,0,0,0,0
event=trace_row ordinal=1564 kind=0 ns=285255131143866 fields=277,2,0,50,2,0,0,0,0,0,0,0,0,0,0,0
event=trace_row ordinal=1565 kind=1 ns=285255131143866 fields=277,2,0,1005,997,200,1000,0,1,0,0,0,0,0,0,0
event=trace_row ordinal=1566 kind=1 ns=285255131143866 fields=277,2,1,1005,997,200,1000,0,1,0,0,0,0,0,0,0
event=trace_row ordinal=1567 kind=3 ns=285255131249742 fields=277,278,1,2,285255131143866,0,0,0,0,0,0,0,0,4,1,3
event=trace_row ordinal=1568 kind=5 ns=285255141272104 fields=513,6,15,0,0,0,0,0,0,0,16,0,0,0,0,0
event=trace_row ordinal=1569 kind=0 ns=285255141158936 fields=278,2,0,25,1,0,0,0,0,0,0,0,0,0,0,0
event=trace_row ordinal=1570 kind=1 ns=285255141158936 fields=278,2,0,1005,997,200,1000,0,1,0,0,0,0,0,0,0
event=trace_row ordinal=1571 kind=3 ns=285255141292813 fields=278,279,1,2,285255141158936,0,0,0,0,0,0,0,0,4,1,3
event=trace_row ordinal=1572 kind=4 ns=285255150633542 fields=385,8,39,20,39,20,0,0,0,0,16,0,0,0,0,0
event=trace_row ordinal=1573 kind=4 ns=285255150796002 fields=641,5,3,0,0,0,0,0,0,0,16,0,0,0,0,0
event=trace_row ordinal=1574 kind=5 ns=285255151229132 fields=513,6,15,0,0,0,0,0,0,0,16,0,0,0,0,0
event=trace_row ordinal=1575 kind=0 ns=285255151145714 fields=279,2,0,50,2,0,0,0,0,0,0,0,0,0,0,0
event=trace_row ordinal=1576 kind=1 ns=285255151145714 fields=279,2,0,1005,997,200,1000,0,1,0,0,0,0,0,0,0
event=trace_row ordinal=1577 kind=1 ns=285255151145714 fields=279,2,1,1005,997,200,1000,0,1,0,0,0,0,0,0,0
event=trace_row ordinal=1578 kind=3 ns=285255151242840 fields=279,280,1,2,285255151145714,0,0,0,0,0,0,0,0,4,1,3
event=trace_row ordinal=1579 kind=5 ns=285255161345119 fields=513,6,15,0,0,0,0,0,0,0,16,0,0,0,0,0
event=trace_row ordinal=1580 kind=0 ns=285255161189367 fields=280,2,0,25,1,0,0,0,0,0,0,0,0,0,0,0
event=trace_row ordinal=1581 kind=1 ns=285255161189367 fields=280,2,0,1005,997,200,1000,0,1,0,0,0,0,0,0,0
event=trace_row ordinal=1582 kind=3 ns=285255161366703 fields=280,281,1,2,285255161189367,0,0,0,0,0,0,0,0,4,1,3
event=trace_row ordinal=1583 kind=5 ns=285255171290771 fields=513,6,15,0,0,0,0,0,0,0,16,0,0,0,0,0
event=trace_row ordinal=1584 kind=0 ns=285255171168562 fields=281,2,0,50,2,0,0,0,0,0,0,0,0,0,0,0
event=trace_row ordinal=1585 kind=1 ns=285255171168562 fields=281,2,0,1005,997,200,1000,0,1,0,0,0,0,0,0,0
event=trace_row ordinal=1586 kind=1 ns=285255171168562 fields=281,2,1,1005,997,200,1000,0,1,0,0,0,0,0,0,0
event=trace_row ordinal=1587 kind=3 ns=285255171307105 fields=281,282,1,2,285255171168562,0,0,0,0,0,0,0,0,4,1,3
event=trace_row ordinal=1588 kind=5 ns=285255181346967 fields=513,6,15,0,0,0,0,0,0,0,16,0,0,0,0,0
event=trace_row ordinal=1589 kind=0 ns=285255181188590 fields=282,2,0,25,1,0,0,0,0,0,0,0,0,0,0,0
event=trace_row ordinal=1590 kind=1 ns=285255181188590 fields=282,2,0,1005,997,200,1000,0,1,0,0,0,0,0,0,0
event=trace_row ordinal=1591 kind=3 ns=285255181371467 fields=282,283,1,2,285255181188590,0,0,0,0,0,0,0,0,4,1,3
event=trace_row ordinal=1592 kind=5 ns=285255191293202 fields=513,6,15,0,0,0,0,0,0,0,16,0,0,0,0,0
event=trace_row ordinal=1593 kind=0 ns=285255191168659 fields=283,2,0,25,1,0,0,0,0,0,0,0,0,0,0,0
event=trace_row ordinal=1594 kind=1 ns=285255191168659 fields=283,2,0,1005,997,200,1000,0,1,0,0,0,0,0,0,0
event=trace_row ordinal=1595 kind=3 ns=285255191314203 fields=283,284,1,2,285255191168659,0,0,0,0,0,0,0,0,4,1,3
event=trace_row ordinal=1596 kind=4 ns=285255200591056 fields=385,8,39,20,39,20,0,0,0,0,16,0,0,0,0,0
event=trace_row ordinal=1597 kind=4 ns=285255200677682 fields=641,5,3,0,0,0,0,0,0,0,16,0,0,0,0,0
event=trace_row ordinal=1598 kind=5 ns=285255201295730 fields=513,6,15,0,0,0,0,0,0,0,16,0,0,0,0,0
event=trace_row ordinal=1599 kind=0 ns=285255201169729 fields=284,2,0,50,2,0,0,0,0,0,0,0,0,0,0,0
event=trace_row ordinal=1600 kind=1 ns=285255201169729 fields=284,2,0,1005,997,200,1000,0,1,0,0,0,0,0,0,0
event=trace_row ordinal=1601 kind=1 ns=285255201169729 fields=284,2,1,1005,997,200,1000,0,1,0,0,0,0,0,0,0
event=trace_row ordinal=1602 kind=3 ns=285255201314106 fields=284,285,1,2,285255201169729,0,0,0,0,0,0,0,0,4,1,3
event=trace_row ordinal=1603 kind=5 ns=285255211297967 fields=513,6,15,0,0,0,0,0,0,0,16,0,0,0,0,0
event=trace_row ordinal=1604 kind=0 ns=285255211170799 fields=285,2,0,25,1,0,0,0,0,0,0,0,0,0,0,0
event=trace_row ordinal=1605 kind=1 ns=285255211170799 fields=285,2,0,1005,997,200,1000,0,1,0,0,0,0,0,0,0
event=trace_row ordinal=1606 kind=3 ns=285255211317509 fields=285,286,1,2,285255211170799,0,0,0,0,0,0,0,0,4,1,3
event=trace_row ordinal=1607 kind=5 ns=285255221231369 fields=513,6,15,0,0,0,0,0,0,0,16,0,0,0,0,0
event=trace_row ordinal=1608 kind=0 ns=285255221144160 fields=286,2,0,50,2,0,0,0,0,0,0,0,0,0,0,0
event=trace_row ordinal=1609 kind=1 ns=285255221144160 fields=286,2,0,1005,997,200,1000,0,1,0,0,0,0,0,0,0
event=trace_row ordinal=1610 kind=1 ns=285255221144160 fields=286,2,1,1005,997,200,1000,0,1,0,0,0,0,0,0,0
event=trace_row ordinal=1611 kind=3 ns=285255221243911 fields=286,287,1,2,285255221144160,0,0,0,0,0,0,0,0,4,1,3
event=trace_row ordinal=1612 kind=5 ns=285255231232147 fields=513,6,15,0,0,0,0,0,0,0,16,0,0,0,0,0
event=trace_row ordinal=1613 kind=0 ns=285255231146688 fields=287,2,0,25,1,0,0,0,0,0,0,0,0,0,0,0
event=trace_row ordinal=1614 kind=1 ns=285255231146688 fields=287,2,0,1005,997,200,1000,0,1,0,0,0,0,0,0,0
event=trace_row ordinal=1615 kind=3 ns=285255231244689 fields=287,288,1,2,285255231146688,0,0,0,0,0,0,0,0,4,1,3
event=trace_row ordinal=1616 kind=4 ns=285255236765417 fields=1793,1,5,0,0,0,0,0,0,0,16,0,0,0,0,0
event=trace_row ordinal=1617 kind=5 ns=285255241325093 fields=513,6,15,0,0,0,0,0,0,0,16,0,0,0,0,0
event=trace_row ordinal=1618 kind=0 ns=285255241179841 fields=288,2,0,50,2,0,0,0,0,0,0,0,0,0,0,0
event=trace_row ordinal=1619 kind=1 ns=285255241179841 fields=288,2,0,1005,997,200,1000,0,1,0,0,0,0,0,0,0
event=trace_row ordinal=1620 kind=1 ns=285255241179841 fields=288,2,1,1005,997,200,1000,0,1,0,0,0,0,0,0,0
event=trace_row ordinal=1621 kind=3 ns=285255241346093 fields=288,289,1,2,285255241179841,0,0,0,0,0,0,0,0,4,1,3
event=trace_row ordinal=1622 kind=4 ns=285255250537487 fields=385,8,39,20,39,20,0,0,0,0,16,0,0,0,0,0
event=trace_row ordinal=1623 kind=4 ns=285255250690030 fields=641,5,3,0,0,0,0,0,0,0,16,0,0,0,0,0
event=trace_row ordinal=1624 kind=5 ns=285255251263162 fields=513,6,15,0,0,0,0,0,0,0,16,0,0,0,0,0
event=trace_row ordinal=1625 kind=0 ns=285255251161077 fields=289,2,0,25,1,0,0,0,0,0,0,0,0,0,0,0
event=trace_row ordinal=1626 kind=1 ns=285255251161077 fields=289,2,0,1005,997,200,1000,0,1,0,0,0,0,0,0,0
event=trace_row ordinal=1627 kind=3 ns=285255251279787 fields=289,290,1,2,285255251161077,0,0,0,0,0,0,0,0,4,1,3
event=trace_row ordinal=1628 kind=5 ns=285255261244689 fields=513,6,15,0,0,0,0,0,0,0,16,0,0,0,0,0
event=trace_row ordinal=1629 kind=0 ns=285255261155438 fields=290,2,0,25,1,0,0,0,0,0,0,0,0,0,0,0
event=trace_row ordinal=1630 kind=1 ns=285255261155438 fields=290,2,0,1005,997,200,1000,0,1,0,0,0,0,0,0,0
event=trace_row ordinal=1631 kind=3 ns=285255261258981 fields=290,291,1,2,285255261155438,0,0,0,0,0,0,0,0,4,1,3
event=trace_row ordinal=1632 kind=5 ns=285255271243717 fields=513,6,15,0,0,0,0,0,0,0,16,0,0,0,0,0
event=trace_row ordinal=1633 kind=0 ns=285255271151841 fields=291,2,0,50,2,0,0,0,0,0,0,0,0,0,0,0
event=trace_row ordinal=1634 kind=1 ns=285255271151841 fields=291,2,0,1005,997,200,1000,0,1,0,0,0,0,0,0,0
event=trace_row ordinal=1635 kind=1 ns=285255271151841 fields=291,2,1,1005,997,200,1000,0,1,0,0,0,0,0,0,0
event=trace_row ordinal=1636 kind=3 ns=285255271257426 fields=291,292,1,2,285255271151841,0,0,0,0,0,0,0,0,4,1,3
event=trace_row ordinal=1637 kind=5 ns=285255281230203 fields=513,6,15,0,0,0,0,0,0,0,16,0,0,0,0,0
event=trace_row ordinal=1638 kind=0 ns=285255281148244 fields=292,2,0,25,1,0,0,0,0,0,0,0,0,0,0,0
event=trace_row ordinal=1639 kind=1 ns=285255281148244 fields=292,2,0,1005,997,200,1000,0,1,0,0,0,0,0,0,0
event=trace_row ordinal=1640 kind=3 ns=285255281243329 fields=292,293,1,2,285255281148244,0,0,0,0,0,0,0,0,4,1,3
event=trace_row ordinal=1641 kind=5 ns=285255291371566 fields=513,6,15,0,0,0,0,0,0,0,16,0,0,0,0,0
event=trace_row ordinal=1642 kind=0 ns=285255291198023 fields=293,2,0,50,2,0,0,0,0,0,0,0,0,0,0,0
event=trace_row ordinal=1643 kind=1 ns=285255291198023 fields=293,2,0,1005,997,200,1000,0,1,0,0,0,0,0,0,0
event=trace_row ordinal=1644 kind=1 ns=285255291198023 fields=293,2,1,1005,997,200,1000,0,1,0,0,0,0,0,0,0
event=trace_row ordinal=1645 kind=3 ns=285255291396358 fields=293,294,1,2,285255291198023,0,0,0,0,0,0,0,0,4,1,3
event=trace_row ordinal=1646 kind=4 ns=285255300462334 fields=385,8,39,20,39,20,0,0,0,0,16,0,0,0,0,0
event=trace_row ordinal=1647 kind=4 ns=285255300633836 fields=641,5,3,0,0,0,0,0,0,0,16,0,0,0,0,0
event=trace_row ordinal=1648 kind=5 ns=285255301208717 fields=513,6,15,0,0,0,0,0,0,0,16,0,0,0,0,0
event=trace_row ordinal=1649 kind=0 ns=285255301138717 fields=294,2,0,25,1,0,0,0,0,0,0,0,0,0,0,0
event=trace_row ordinal=1650 kind=1 ns=285255301138717 fields=294,2,0,1005,997,200,1000,0,1,0,0,0,0,0,0,0
event=trace_row ordinal=1651 kind=3 ns=285255301219218 fields=294,295,1,2,285255301138717,0,0,0,0,0,0,0,0,4,1,3
event=trace_row ordinal=1652 kind=5 ns=285255311191412 fields=513,6,15,0,0,0,0,0,0,0,16,0,0,0,0,0
event=trace_row ordinal=1653 kind=0 ns=285255311129870 fields=295,2,0,51,2,0,0,0,0,0,0,0,0,0,0,0
event=trace_row ordinal=1654 kind=1 ns=285255311129870 fields=295,2,0,1005,997,200,1000,0,1,0,0,0,0,0,0,0
event=trace_row ordinal=1655 kind=1 ns=285255311129870 fields=295,2,1,1005,997,200,1000,0,1,0,0,0,0,0,0,0
event=trace_row ordinal=1656 kind=3 ns=285255311201037 fields=295,296,1,2,285255311129870,0,0,0,0,0,0,0,0,4,1,3
event=trace_row ordinal=1657 kind=5 ns=285255321182856 fields=513,6,15,0,0,0,0,0,0,0,16,0,0,0,0,0
event=trace_row ordinal=1658 kind=0 ns=285255321128022 fields=296,2,0,26,1,0,0,0,0,0,0,0,0,0,0,0
event=trace_row ordinal=1659 kind=1 ns=285255321128022 fields=296,2,0,1005,997,200,1000,0,1,0,0,0,0,0,0,0
event=trace_row ordinal=1660 kind=3 ns=285255321192482 fields=296,297,1,2,285255321128022,0,0,0,0,0,0,0,0,4,1,3
event=trace_row ordinal=1661 kind=5 ns=285255331180718 fields=513,6,15,0,0,0,0,0,0,0,16,0,0,0,0,0
event=trace_row ordinal=1662 kind=0 ns=285255331127634 fields=297,2,0,26,1,0,0,0,0,0,0,0,0,0,0,0
event=trace_row ordinal=1663 kind=1 ns=285255331127634 fields=297,2,0,1005,997,200,1000,0,1,0,0,0,0,0,0,0
event=trace_row ordinal=1664 kind=3 ns=285255331190343 fields=297,298,1,2,285255331127634,0,0,0,0,0,0,0,0,4,1,3
event=trace_row ordinal=1665 kind=5 ns=285255341186746 fields=513,6,15,0,0,0,0,0,0,0,16,0,0,0,0,0
event=trace_row ordinal=1666 kind=0 ns=285255341128120 fields=298,2,0,52,2,0,0,0,0,0,0,0,0,0,0,0
event=trace_row ordinal=1667 kind=1 ns=285255341128120 fields=298,2,0,1005,997,200,1000,0,1,0,0,0,0,0,0,0
event=trace_row ordinal=1668 kind=1 ns=285255341128120 fields=298,2,1,1005,997,200,1000,0,1,0,0,0,0,0,0,0
event=trace_row ordinal=1669 kind=3 ns=285255341196662 fields=298,299,1,2,285255341128120,0,0,0,0,0,0,0,0,4,1,3
event=trace_row ordinal=1670 kind=4 ns=285255350395640 fields=385,8,39,20,39,20,0,0,0,0,16,0,0,0,0,0
event=trace_row ordinal=1671 kind=4 ns=285255350582892 fields=641,5,3,0,0,0,0,0,0,0,16,0,0,0,0,0
event=trace_row ordinal=1672 kind=5 ns=285255351184899 fields=513,6,15,0,0,0,0,0,0,0,16,0,0,0,0,0
event=trace_row ordinal=1673 kind=0 ns=285255351129773 fields=299,2,0,26,1,0,0,0,0,0,0,0,0,0,0,0
event=trace_row ordinal=1674 kind=1 ns=285255351129773 fields=299,2,0,1005,997,200,1000,0,1,0,0,0,0,0,0,0
event=trace_row ordinal=1675 kind=3 ns=285255351194232 fields=299,300,1,2,285255351129773,0,0,0,0,0,0,0,0,4,1,3
event=trace_row ordinal=1676 kind=5 ns=285255361188302 fields=513,6,15,0,0,0,0,0,0,0,16,0,0,0,0,0
event=trace_row ordinal=1677 kind=0 ns=285255361128801 fields=300,2,0,52,2,0,0,0,0,0,0,0,0,0,0,0
event=trace_row ordinal=1678 kind=1 ns=285255361128801 fields=300,2,0,1005,997,200,1000,0,1,0,0,0,0,0,0,0
event=trace_row ordinal=1679 kind=1 ns=285255361128801 fields=300,2,1,1005,997,200,1000,0,1,0,0,0,0,0,0,0
event=trace_row ordinal=1680 kind=3 ns=285255361198218 fields=300,301,1,2,285255361128801,0,0,0,0,0,0,0,0,4,1,3
event=trace_row ordinal=1681 kind=5 ns=285255371181496 fields=513,6,15,0,0,0,0,0,0,0,16,0,0,0,0,0
event=trace_row ordinal=1682 kind=0 ns=285255371127537 fields=301,2,0,26,1,0,0,0,0,0,0,0,0,0,0,0
event=trace_row ordinal=1683 kind=1 ns=285255371127537 fields=301,2,0,1005,997,200,1000,0,1,0,0,0,0,0,0,0
event=trace_row ordinal=1684 kind=3 ns=285255371190830 fields=301,302,1,2,285255371127537,0,0,0,0,0,0,0,0,4,1,3
event=trace_row ordinal=1685 kind=5 ns=285255381189274 fields=513,6,15,0,0,0,0,0,0,0,16,0,0,0,0,0
event=trace_row ordinal=1686 kind=0 ns=285255381130649 fields=302,2,0,50,2,0,0,0,0,0,0,0,0,0,0,0
event=trace_row ordinal=1687 kind=1 ns=285255381130649 fields=302,2,0,1005,997,200,1000,0,1,0,0,0,0,0,0,0
event=trace_row ordinal=1688 kind=1 ns=285255381130649 fields=302,2,1,1005,997,200,1000,0,1,0,0,0,0,0,0,0
event=trace_row ordinal=1689 kind=3 ns=285255381198899 fields=302,303,1,2,285255381130649,0,0,0,0,0,0,0,0,4,1,3
event=trace_row ordinal=1690 kind=5 ns=285255391181885 fields=513,6,15,0,0,0,0,0,0,0,16,0,0,0,0,0
event=trace_row ordinal=1691 kind=0 ns=285255391128218 fields=303,2,0,26,1,0,0,0,0,0,0,0,0,0,0,0
event=trace_row ordinal=1692 kind=1 ns=285255391128218 fields=303,2,0,1005,997,200,1000,0,1,0,0,0,0,0,0,0
event=trace_row ordinal=1693 kind=3 ns=285255391191219 fields=303,304,1,2,285255391128218,0,0,0,0,0,0,0,0,4,1,3
event=trace_row ordinal=1694 kind=4 ns=285255400330987 fields=385,8,39,20,39,20,0,0,0,0,16,0,0,0,0,0
event=trace_row ordinal=1695 kind=4 ns=285255400514156 fields=641,5,3,0,0,0,0,0,0,0,16,0,0,0,0,0
event=trace_row ordinal=1696 kind=5 ns=285255401128413 fields=513,6,15,0,0,0,0,0,0,0,16,0,0,0,0,0
event=trace_row ordinal=1697 kind=0 ns=285255401101579 fields=304,2,0,26,1,0,0,0,0,0,0,0,0,0,0,0
event=trace_row ordinal=1698 kind=1 ns=285255401101579 fields=304,2,0,1005,997,200,1000,0,1,0,0,0,0,0,0,0
event=trace_row ordinal=1699 kind=3 ns=285255401132496 fields=304,305,1,2,285255401101579,0,0,0,0,0,0,0,0,4,1,3
event=trace_row ordinal=1700 kind=5 ns=285255411121024 fields=513,6,15,0,0,0,0,0,0,0,16,0,0,0,0,0
event=trace_row ordinal=1701 kind=0 ns=285255411098274 fields=305,2,0,52,2,0,0,0,0,0,0,0,0,0,0,0
event=trace_row ordinal=1702 kind=1 ns=285255411098274 fields=305,2,0,1005,997,200,1000,0,1,0,0,0,0,0,0,0
event=trace_row ordinal=1703 kind=1 ns=285255411098274 fields=305,2,1,1005,997,200,1000,0,1,0,0,0,0,0,0,0
event=trace_row ordinal=1704 kind=3 ns=285255411124524 fields=305,306,1,2,285255411098274,0,0,0,0,0,0,0,0,4,1,3
event=trace_row ordinal=1705 kind=5 ns=285255421184511 fields=513,6,15,0,0,0,0,0,0,0,16,0,0,0,0,0
event=trace_row ordinal=1706 kind=0 ns=285255421128802 fields=306,2,0,26,1,0,0,0,0,0,0,0,0,0,0,0
event=trace_row ordinal=1707 kind=1 ns=285255421128802 fields=306,2,0,1005,997,200,1000,0,1,0,0,0,0,0,0,0
event=trace_row ordinal=1708 kind=3 ns=285255421194136 fields=306,307,1,2,285255421128802,0,0,0,0,0,0,0,0,4,1,3
event=trace_row ordinal=1709 kind=5 ns=285255431187914 fields=513,6,15,0,0,0,0,0,0,0,16,0,0,0,0,0
event=trace_row ordinal=1710 kind=0 ns=285255431128997 fields=307,2,0,51,2,0,0,0,0,0,0,0,0,0,0,0
event=trace_row ordinal=1711 kind=1 ns=285255431128997 fields=307,2,0,1005,997,200,1000,0,1,0,0,0,0,0,0,0
event=trace_row ordinal=1712 kind=1 ns=285255431128997 fields=307,2,1,1005,997,200,1000,0,1,0,0,0,0,0,0,0
event=trace_row ordinal=1713 kind=3 ns=285255431197539 fields=307,308,1,2,285255431128997,0,0,0,0,0,0,0,0,4,1,3
event=trace_row ordinal=1714 kind=5 ns=285255441181109 fields=513,6,15,0,0,0,0,0,0,0,16,0,0,0,0,0
event=trace_row ordinal=1715 kind=0 ns=285255441127441 fields=308,2,0,25,1,0,0,0,0,0,0,0,0,0,0,0
event=trace_row ordinal=1716 kind=1 ns=285255441127441 fields=308,2,0,1005,997,200,1000,0,1,0,0,0,0,0,0,0
event=trace_row ordinal=1717 kind=3 ns=285255441190442 fields=308,309,1,2,285255441127441,0,0,0,0,0,0,0,0,4,1,3
event=trace_row ordinal=1718 kind=4 ns=285255450334877 fields=385,8,39,20,39,20,0,0,0,0,16,0,0,0,0,0
event=trace_row ordinal=1719 kind=4 ns=285255450478087 fields=641,5,3,0,0,0,0,0,0,0,16,0,0,0,0,0
event=trace_row ordinal=1720 kind=5 ns=285255451296221 fields=513,6,15,0,0,0,0,0,0,0,16,0,0,0,0,0
event=trace_row ordinal=1721 kind=0 ns=285255451174595 fields=309,2,0,50,2,0,0,0,0,0,0,0,0,0,0,0
event=trace_row ordinal=1722 kind=1 ns=285255451174595 fields=309,2,0,1005,997,200,1000,0,1,0,0,0,0,0,0,0
event=trace_row ordinal=1723 kind=1 ns=285255451174595 fields=309,2,1,1005,997,200,1000,0,1,0,0,0,0,0,0,0
event=trace_row ordinal=1724 kind=3 ns=285255451315763 fields=309,310,1,2,285255451174595,0,0,0,0,0,0,0,0,4,1,3
event=trace_row ordinal=1725 kind=5 ns=285255461212998 fields=513,6,15,0,0,0,0,0,0,0,16,0,0,0,0,0
event=trace_row ordinal=1726 kind=0 ns=285255461140372 fields=310,2,0,25,1,0,0,0,0,0,0,0,0,0,0,0
event=trace_row ordinal=1727 kind=1 ns=285255461140372 fields=310,2,0,1005,997,200,1000,0,1,0,0,0,0,0,0,0
event=trace_row ordinal=1728 kind=3 ns=285255461224665 fields=310,311,1,2,285255461140372,0,0,0,0,0,0,0,0,4,1,3
event=trace_row ordinal=1729 kind=5 ns=285255471183734 fields=513,6,15,0,0,0,0,0,0,0,16,0,0,0,0,0
event=trace_row ordinal=1730 kind=0 ns=285255471129192 fields=311,2,0,25,1,0,0,0,0,0,0,0,0,0,0,0
event=trace_row ordinal=1731 kind=1 ns=285255471129192 fields=311,2,0,1005,997,200,1000,0,1,0,0,0,0,0,0,0
event=trace_row ordinal=1732 kind=3 ns=285255471193068 fields=311,312,1,2,285255471129192,0,0,0,0,0,0,0,0,4,1,3
event=trace_row ordinal=1733 kind=5 ns=285255481186262 fields=513,6,15,0,0,0,0,0,0,0,16,0,0,0,0,0
event=trace_row ordinal=1734 kind=0 ns=285255481127928 fields=312,2,0,50,2,0,0,0,0,0,0,0,0,0,0,0
event=trace_row ordinal=1735 kind=1 ns=285255481127928 fields=312,2,0,1005,997,200,1000,0,1,0,0,0,0,0,0,0
event=trace_row ordinal=1736 kind=1 ns=285255481127928 fields=312,2,1,1005,997,200,1000,0,1,0,0,0,0,0,0,0
event=trace_row ordinal=1737 kind=3 ns=285255481196179 fields=312,313,1,2,285255481127928,0,0,0,0,0,0,0,0,4,1,3
event=trace_row ordinal=1738 kind=4 ns=285255486211735 fields=1793,1,5,0,0,0,0,0,0,0,16,0,0,0,0,0
event=trace_row ordinal=1739 kind=5 ns=285255491182373 fields=513,6,15,0,0,0,0,0,0,0,16,0,0,0,0,0
event=trace_row ordinal=1740 kind=0 ns=285255491128706 fields=313,2,0,25,1,0,0,0,0,0,0,0,0,0,0,0
event=trace_row ordinal=1741 kind=1 ns=285255491128706 fields=313,2,0,1005,997,200,1000,0,1,0,0,0,0,0,0,0
event=trace_row ordinal=1742 kind=3 ns=285255491191707 fields=313,314,1,2,285255491128706,0,0,0,0,0,0,0,0,4,1,3
event=trace_row ordinal=1743 kind=4 ns=285255500175724 fields=385,8,39,20,39,20,0,0,0,0,16,0,0,0,0,0
event=trace_row ordinal=1744 kind=4 ns=285255500361809 fields=641,5,3,0,0,0,0,0,0,0,16,0,0,0,0,0
event=trace_row ordinal=1745 kind=5 ns=285255501190443 fields=513,6,15,0,0,0,0,0,0,0,16,0,0,0,0,0
event=trace_row ordinal=1746 kind=0 ns=285255501130943 fields=314,2,0,50,2,0,0,0,0,0,0,0,0,0,0,0
event=trace_row ordinal=1747 kind=1 ns=285255501130943 fields=314,2,0,1005,997,200,1000,0,1,0,0,0,0,0,0,0
event=trace_row ordinal=1748 kind=1 ns=285255501130943 fields=314,2,1,1005,997,200,1000,0,1,0,0,0,0,0,0,0
event=trace_row ordinal=1749 kind=3 ns=285255501200068 fields=314,315,1,2,285255501130943,0,0,0,0,0,0,0,0,4,1,3
event=trace_row ordinal=1750 kind=5 ns=285255511181596 fields=513,6,15,0,0,0,0,0,0,0,16,0,0,0,0,0
event=trace_row ordinal=1751 kind=0 ns=285255511128512 fields=315,2,0,25,1,0,0,0,0,0,0,0,0,0,0,0
event=trace_row ordinal=1752 kind=1 ns=285255511128512 fields=315,2,0,1005,997,200,1000,0,1,0,0,0,0,0,0,0
event=trace_row ordinal=1753 kind=3 ns=285255511190929 fields=315,316,1,2,285255511128512,0,0,0,0,0,0,0,0,4,1,3
event=trace_row ordinal=1754 kind=5 ns=285255521187332 fields=513,6,15,0,0,0,0,0,0,0,16,0,0,0,0,0
event=trace_row ordinal=1755 kind=0 ns=285255521128415 fields=316,2,0,50,2,0,0,0,0,0,0,0,0,0,0,0
event=trace_row ordinal=1756 kind=1 ns=285255521128415 fields=316,2,0,1005,997,200,1000,0,1,0,0,0,0,0,0,0
event=trace_row ordinal=1757 kind=1 ns=285255521128415 fields=316,2,1,1005,997,200,1000,0,1,0,0,0,0,0,0,0
event=trace_row ordinal=1758 kind=3 ns=285255521196958 fields=316,317,1,2,285255521128415,0,0,0,0,0,0,0,0,4,1,3
event=trace_row ordinal=1759 kind=5 ns=285255531181402 fields=513,6,15,0,0,0,0,0,0,0,16,0,0,0,0,0
event=trace_row ordinal=1760 kind=0 ns=285255531127735 fields=317,2,0,25,1,0,0,0,0,0,0,0,0,0,0,0
event=trace_row ordinal=1761 kind=1 ns=285255531127735 fields=317,2,0,1005,997,200,1000,0,1,0,0,0,0,0,0,0
event=trace_row ordinal=1762 kind=3 ns=285255531190735 fields=317,318,1,2,285255531127735,0,0,0,0,0,0,0,0,4,1,3
event=trace_row ordinal=1763 kind=5 ns=285255541181013 fields=513,6,15,0,0,0,0,0,0,0,16,0,0,0,0,0
event=trace_row ordinal=1764 kind=0 ns=285255541127638 fields=318,2,0,25,1,0,0,0,0,0,0,0,0,0,0,0
event=trace_row ordinal=1765 kind=1 ns=285255541127638 fields=318,2,0,1005,997,200,1000,0,1,0,0,0,0,0,0,0
event=trace_row ordinal=1766 kind=3 ns=285255541190930 fields=318,319,1,2,285255541127638,0,0,0,0,0,0,0,0,4,1,3
event=trace_row ordinal=1767 kind=4 ns=285255550179030 fields=385,8,39,20,39,20,0,0,0,0,16,0,0,0,0,0
event=trace_row ordinal=1768 kind=4 ns=285255550371532 fields=641,5,3,0,0,0,0,0,0,0,16,0,0,0,0,0
event=trace_row ordinal=1769 kind=5 ns=285255551187041 fields=513,6,15,0,0,0,0,0,0,0,16,0,0,0,0,0
event=trace_row ordinal=1770 kind=0 ns=285255551129291 fields=319,2,0,50,2,0,0,0,0,0,0,0,0,0,0,0
event=trace_row ordinal=1771 kind=1 ns=285255551129291 fields=319,2,0,1005,997,200,1000,0,1,0,0,0,0,0,0,0
event=trace_row ordinal=1772 kind=1 ns=285255551129291 fields=319,2,1,1005,997,200,1000,0,1,0,0,0,0,0,0,0
event=trace_row ordinal=1773 kind=3 ns=285255551196666 fields=319,320,1,2,285255551129291,0,0,0,0,0,0,0,0,4,1,3
event=trace_row ordinal=1774 kind=5 ns=285255561182861 fields=513,6,15,0,0,0,0,0,0,0,16,0,0,0,0,0
event=trace_row ordinal=1775 kind=0 ns=285255561129777 fields=320,2,0,25,1,0,0,0,0,0,0,0,0,0,0,0
event=trace_row ordinal=1776 kind=1 ns=285255561129777 fields=320,2,0,1005,997,200,1000,0,1,0,0,0,0,0,0,0
event=trace_row ordinal=1777 kind=3 ns=285255561192194 fields=320,321,1,2,285255561129777,0,0,0,0,0,0,0,0,4,1,3
event=trace_row ordinal=1778 kind=5 ns=285255571187722 fields=513,6,15,0,0,0,0,0,0,0,16,0,0,0,0,0
event=trace_row ordinal=1779 kind=0 ns=285255571128222 fields=321,2,0,50,2,0,0,0,0,0,0,0,0,0,0,0
event=trace_row ordinal=1780 kind=1 ns=285255571128222 fields=321,2,0,1005,997,200,1000,0,1,0,0,0,0,0,0,0
event=trace_row ordinal=1781 kind=1 ns=285255571128222 fields=321,2,1,1005,997,200,1000,0,1,0,0,0,0,0,0,0
event=trace_row ordinal=1782 kind=3 ns=285255571197347 fields=321,322,1,2,285255571128222,0,0,0,0,0,0,0,0,4,1,3
event=trace_row ordinal=1783 kind=5 ns=285255581181792 fields=513,6,15,0,0,0,0,0,0,0,16,0,0,0,0,0
event=trace_row ordinal=1784 kind=0 ns=285255581127833 fields=322,2,0,25,1,0,0,0,0,0,0,0,0,0,0,0
event=trace_row ordinal=1785 kind=1 ns=285255581127833 fields=322,2,0,1005,997,200,1000,0,1,0,0,0,0,0,0,0
event=trace_row ordinal=1786 kind=3 ns=285255581191709 fields=322,323,1,2,285255581127833,0,0,0,0,0,0,0,0,4,1,3
event=trace_row ordinal=1787 kind=5 ns=285255591188112 fields=513,6,15,0,0,0,0,0,0,0,16,0,0,0,0,0
event=trace_row ordinal=1788 kind=0 ns=285255591130069 fields=323,2,0,50,2,0,0,0,0,0,0,0,0,0,0,0
event=trace_row ordinal=1789 kind=1 ns=285255591130069 fields=323,2,0,1005,997,200,1000,0,1,0,0,0,0,0,0,0
event=trace_row ordinal=1790 kind=1 ns=285255591130069 fields=323,2,1,1005,997,200,1000,0,1,0,0,0,0,0,0,0
event=trace_row ordinal=1791 kind=3 ns=285255591197737 fields=323,324,1,2,285255591130069,0,0,0,0,0,0,0,0,4,1,3
event=trace_row ordinal=1792 kind=4 ns=285255600128378 fields=385,8,39,20,39,20,0,0,0,0,16,0,0,0,0,0
event=trace_row ordinal=1793 kind=4 ns=285255600315921 fields=641,5,3,0,0,0,0,0,0,0,16,0,0,0,0,0
event=trace_row ordinal=1794 kind=5 ns=285255601196765 fields=513,6,15,0,0,0,0,0,0,0,16,0,0,0,0,0
event=trace_row ordinal=1795 kind=0 ns=285255601134931 fields=324,2,0,25,1,0,0,0,0,0,0,0,0,0,0,0
event=trace_row ordinal=1796 kind=1 ns=285255601134931 fields=324,2,0,1005,997,200,1000,0,1,0,0,0,0,0,0,0
event=trace_row ordinal=1797 kind=3 ns=285255601206973 fields=324,325,1,2,285255601134931,0,0,0,0,0,0,0,0,4,1,3
event=trace_row ordinal=1798 kind=5 ns=285255611191709 fields=513,6,15,0,0,0,0,0,0,0,16,0,0,0,0,0
event=trace_row ordinal=1799 kind=0 ns=285255611131333 fields=325,2,0,25,1,0,0,0,0,0,0,0,0,0,0,0
event=trace_row ordinal=1800 kind=1 ns=285255611131333 fields=325,2,0,1005,997,200,1000,0,1,0,0,0,0,0,0,0
event=trace_row ordinal=1801 kind=3 ns=285255611201334 fields=325,326,1,2,285255611131333,0,0,0,0,0,0,0,0,4,1,3
event=trace_row ordinal=1802 kind=5 ns=285255621244113 fields=513,6,15,0,0,0,0,0,0,0,16,0,0,0,0,0
event=trace_row ordinal=1803 kind=0 ns=285255621148153 fields=326,2,0,50,2,0,0,0,0,0,0,0,0,0,0,0
event=trace_row ordinal=1804 kind=1 ns=285255621148153 fields=326,2,0,1005,997,200,1000,0,1,0,0,0,0,0,0,0
event=trace_row ordinal=1805 kind=1 ns=285255621148153 fields=326,2,1,1005,997,200,1000,0,1,0,0,0,0,0,0,0
event=trace_row ordinal=1806 kind=3 ns=285255621260155 fields=326,327,1,2,285255621148153,0,0,0,0,0,0,0,0,4,1,3
event=trace_row ordinal=1807 kind=5 ns=285255631265891 fields=513,6,15,0,0,0,0,0,0,0,16,0,0,0,0,0
event=trace_row ordinal=1808 kind=0 ns=285255631157098 fields=327,2,0,25,1,0,0,0,0,0,0,0,0,0,0,0
event=trace_row ordinal=1809 kind=1 ns=285255631157098 fields=327,2,0,1005,997,200,1000,0,1,0,0,0,0,0,0,0
event=trace_row ordinal=1810 kind=3 ns=285255631284558 fields=327,328,1,2,285255631157098,0,0,0,0,0,0,0,0,4,1,3
event=trace_row ordinal=1811 kind=5 ns=285255641241294 fields=513,6,15,0,0,0,0,0,0,0,16,0,0,0,0,0
event=trace_row ordinal=1812 kind=0 ns=285255641147959 fields=328,2,0,50,2,0,0,0,0,0,0,0,0,0,0,0
event=trace_row ordinal=1813 kind=1 ns=285255641147959 fields=328,2,0,1005,997,200,1000,0,1,0,0,0,0,0,0,0
event=trace_row ordinal=1814 kind=1 ns=285255641147959 fields=328,2,1,1005,997,200,1000,0,1,0,0,0,0,0,0,0
event=trace_row ordinal=1815 kind=3 ns=285255641256460 fields=328,329,1,2,285255641147959,0,0,0,0,0,0,0,0,4,1,3
event=trace_row ordinal=1816 kind=4 ns=285255650122059 fields=385,8,39,20,39,20,0,0,0,0,16,0,0,0,0,0
event=trace_row ordinal=1817 kind=4 ns=285255650272561 fields=641,5,3,0,0,0,0,0,0,0,16,0,0,0,0,0
event=trace_row ordinal=1818 kind=5 ns=285255651279114 fields=513,6,15,0,0,0,0,0,0,0,16,0,0,0,0,0
event=trace_row ordinal=1819 kind=0 ns=285255651165362 fields=329,2,0,25,1,0,0,0,0,0,0,0,0,0,0,0
event=trace_row ordinal=1820 kind=1 ns=285255651165362 fields=329,2,0,1005,997,200,1000,0,1,0,0,0,0,0,0,0
event=trace_row ordinal=1821 kind=3 ns=285255651297781 fields=329,330,1,2,285255651165362,0,0,0,0,0,0,0,0,4,1,3
event=trace_row ordinal=1822 kind=5 ns=285255661262975 fields=513,6,15,0,0,0,0,0,0,0,16,0,0,0,0,0
event=trace_row ordinal=1823 kind=0 ns=285255661156515 fields=330,2,0,50,2,0,0,0,0,0,0,0,0,0,0,0
event=trace_row ordinal=1824 kind=1 ns=285255661156515 fields=330,2,0,1005,997,200,1000,0,1,0,0,0,0,0,0,0
event=trace_row ordinal=1825 kind=1 ns=285255661156515 fields=330,2,1,1005,997,200,1000,0,1,0,0,0,0,0,0,0
event=trace_row ordinal=1826 kind=3 ns=285255661279600 fields=330,331,1,2,285255661156515,0,0,0,0,0,0,0,0,4,1,3
event=trace_row ordinal=1827 kind=5 ns=285255671290586 fields=513,6,15,0,0,0,0,0,0,0,16,0,0,0,0,0
event=trace_row ordinal=1828 kind=0 ns=285255671168960 fields=331,2,0,25,1,0,0,0,0,0,0,0,0,0,0,0
event=trace_row ordinal=1829 kind=1 ns=285255671168960 fields=331,2,0,1004,997,200,1000,0,1,0,0,0,0,0,0,0
event=trace_row ordinal=1830 kind=3 ns=285255671308670 fields=331,332,1,2,285255671168960,0,0,0,0,0,0,0,0,4,1,3
event=trace_row ordinal=1831 kind=5 ns=285255681232447 fields=513,6,15,0,0,0,0,0,0,0,16,0,0,0,0,0
event=trace_row ordinal=1832 kind=0 ns=285255681146696 fields=332,2,0,25,1,0,0,0,0,0,0,0,0,0,0,0
event=trace_row ordinal=1833 kind=1 ns=285255681146696 fields=332,2,0,1004,997,200,1000,0,1,0,0,0,0,0,0,0
event=trace_row ordinal=1834 kind=3 ns=285255681246447 fields=332,333,1,2,285255681146696,0,0,0,0,0,0,0,0,4,1,3
event=trace_row ordinal=1835 kind=5 ns=285255691326559 fields=513,6,15,0,0,0,0,0,0,0,16,0,0,0,0,0
event=trace_row ordinal=1836 kind=0 ns=285255691183349 fields=333,2,0,50,2,0,0,0,0,0,0,0,0,0,0,0
event=trace_row ordinal=1837 kind=1 ns=285255691183349 fields=333,2,0,1004,997,200,1000,0,1,0,0,0,0,0,0,0
event=trace_row ordinal=1838 kind=1 ns=285255691183349 fields=333,2,1,1005,997,200,1000,0,1,0,0,0,0,0,0,0
event=trace_row ordinal=1839 kind=3 ns=285255691350768 fields=333,334,1,2,285255691183349,0,0,0,0,0,0,0,0,4,1,3
event=trace_row ordinal=1840 kind=4 ns=285255700048656 fields=385,8,39,20,39,20,0,0,0,0,16,0,0,0,0,0
event=trace_row ordinal=1841 kind=4 ns=285255700151033 fields=641,5,3,0,0,0,0,0,0,0,16,0,0,0,0,0
event=trace_row ordinal=1842 kind=5 ns=285255701275712 fields=513,6,15,0,0,0,0,0,0,0,16,0,0,0,0,0
event=trace_row ordinal=1843 kind=0 ns=285255701165752 fields=334,2,0,25,1,0,0,0,0,0,0,0,0,0,0,0
event=trace_row ordinal=1844 kind=1 ns=285255701165752 fields=334,2,0,1005,997,200,1000,0,1,0,0,0,0,0,0,0
event=trace_row ordinal=1845 kind=3 ns=285255701291754 fields=334,335,1,2,285255701165752,0,0,0,0,0,0,0,0,4,1,3
event=trace_row ordinal=1846 kind=5 ns=285255711355824 fields=513,6,15,0,0,0,0,0,0,0,16,0,0,0,0,0
event=trace_row ordinal=1847 kind=0 ns=285255711190155 fields=335,2,0,50,2,0,0,0,0,0,0,0,0,0,0,0
event=trace_row ordinal=1848 kind=1 ns=285255711190155 fields=335,2,0,1005,997,200,1000,0,1,0,0,0,0,0,0,0
event=trace_row ordinal=1849 kind=1 ns=285255711190155 fields=335,2,1,1005,997,200,1000,0,1,0,0,0,0,0,0,0
event=trace_row ordinal=1850 kind=3 ns=285255711381199 fields=335,336,1,2,285255711190155,0,0,0,0,0,0,0,0,4,1,3
event=trace_row ordinal=1851 kind=5 ns=285255721301768 fields=513,6,15,0,0,0,0,0,0,0,16,0,0,0,0,0
event=trace_row ordinal=1852 kind=0 ns=285255721170225 fields=336,2,0,25,1,0,0,0,0,0,0,0,0,0,0,0
event=trace_row ordinal=1853 kind=1 ns=285255721170225 fields=336,2,0,1005,997,200,1000,0,1,0,0,0,0,0,0,0
event=trace_row ordinal=1854 kind=3 ns=285255721322768 fields=336,337,1,2,285255721170225,0,0,0,0,0,0,0,0,4,1,3
event=trace_row ordinal=1855 kind=5 ns=285255731305754 fields=513,6,15,0,0,0,0,0,0,0,16,0,0,0,0,0
event=trace_row ordinal=1856 kind=0 ns=285255731171878 fields=337,2,0,25,1,0,0,0,0,0,0,0,0,0,0,0
event=trace_row ordinal=1857 kind=1 ns=285255731171878 fields=337,2,0,1005,997,200,1000,0,1,0,0,0,0,0,0,0
event=trace_row ordinal=1858 kind=3 ns=285255731327921 fields=337,338,1,2,285255731171878,0,0,0,0,0,0,0,0,4,1,3
event=trace_row ordinal=1859 kind=4 ns=285255735790471 fields=1793,1,5,0,0,0,0,0,0,0,16,0,0,0,0,0
event=trace_row ordinal=1860 kind=5 ns=285255741293115 fields=513,6,15,0,0,0,0,0,0,0,16,0,0,0,0,0
event=trace_row ordinal=1861 kind=0 ns=285255741167697 fields=338,2,0,50,2,0,0,0,0,0,0,0,0,0,0,0
event=trace_row ordinal=1862 kind=1 ns=285255741167697 fields=338,2,0,1005,997,200,1000,0,1,0,0,0,0,0,0,0
event=trace_row ordinal=1863 kind=1 ns=285255741167697 fields=338,2,1,1005,997,200,1000,0,1,0,0,0,0,0,0,0
event=trace_row ordinal=1864 kind=3 ns=285255741313824 fields=338,339,1,2,285255741167697,0,0,0,0,0,0,0,0,4,1,3
event=trace_row ordinal=1865 kind=4 ns=285255749988671 fields=385,8,39,20,39,20,0,0,0,0,16,0,0,0,0,0
event=trace_row ordinal=1866 kind=4 ns=285255750161923 fields=641,5,3,0,0,0,0,0,0,0,16,0,0,0,0,0
event=trace_row ordinal=1867 kind=5 ns=285255751230309 fields=513,6,15,0,0,0,0,0,0,0,16,0,0,0,0,0
event=trace_row ordinal=1868 kind=0 ns=285255751148350 fields=339,2,0,25,1,0,0,0,0,0,0,0,0,0,0,0
event=trace_row ordinal=1869 kind=1 ns=285255751148350 fields=339,2,0,1005,997,200,1000,0,1,0,0,0,0,0,0,0
event=trace_row ordinal=1870 kind=3 ns=285255751243726 fields=339,340,1,2,285255751148350,0,0,0,0,0,0,0,0,4,1,3
event=trace_row ordinal=1871 kind=5 ns=285255761240712 fields=513,6,15,0,0,0,0,0,0,0,16,0,0,0,0,0
event=trace_row ordinal=1872 kind=0 ns=285255761148545 fields=340,2,0,50,2,0,0,0,0,0,0,0,0,0,0,0
event=trace_row ordinal=1873 kind=1 ns=285255761148545 fields=340,2,0,1005,997,200,1000,0,1,0,0,0,0,0,0,0
event=trace_row ordinal=1874 kind=1 ns=285255761148545 fields=340,2,1,1005,997,200,1000,0,1,0,0,0,0,0,0,0
event=trace_row ordinal=1875 kind=3 ns=285255761255004 fields=340,341,1,2,285255761148545,0,0,0,0,0,0,0,0,4,1,3
event=trace_row ordinal=1876 kind=5 ns=285255771328408 fields=513,6,15,0,0,0,0,0,0,0,16,0,0,0,0,0
event=trace_row ordinal=1877 kind=0 ns=285255771183156 fields=341,2,0,25,1,0,0,0,0,0,0,0,0,0,0,0
event=trace_row ordinal=1878 kind=1 ns=285255771183156 fields=341,2,0,1005,997,200,1000,0,1,0,0,0,0,0,0,0
event=trace_row ordinal=1879 kind=3 ns=285255771350575 fields=341,342,1,2,285255771183156,0,0,0,0,0,0,0,0,4,1,3
event=trace_row ordinal=1880 kind=5 ns=285255781280186 fields=513,6,15,0,0,0,0,0,0,0,16,0,0,0,0,0
event=trace_row ordinal=1881 kind=0 ns=285255781160601 fields=342,2,0,50,2,0,0,0,0,0,0,0,0,0,0,0
event=trace_row ordinal=1882 kind=1 ns=285255781160601 fields=342,2,0,1005,997,200,1000,0,1,0,0,0,0,0,0,0
event=trace_row ordinal=1883 kind=1 ns=285255781160601 fields=342,2,1,1005,997,200,1000,0,1,0,0,0,0,0,0,0
event=trace_row ordinal=1884 kind=3 ns=285255781299727 fields=342,343,1,2,285255781160601,0,0,0,0,0,0,0,0,4,1,3
event=trace_row ordinal=1885 kind=5 ns=285255791250922 fields=513,6,15,0,0,0,0,0,0,0,16,0,0,0,0,0
event=trace_row ordinal=1886 kind=0 ns=285255791154087 fields=343,2,0,25,1,0,0,0,0,0,0,0,0,0,0,0
event=trace_row ordinal=1887 kind=1 ns=285255791154087 fields=343,2,0,1005,997,200,1000,0,1,0,0,0,0,0,0,0
event=trace_row ordinal=1888 kind=3 ns=285255791266672 fields=343,344,1,2,285255791154087,0,0,0,0,0,0,0,0,4,1,3
event=trace_row ordinal=1889 kind=4 ns=285255800194104 fields=385,8,39,20,39,20,0,0,0,0,16,0,0,0,0,0
event=trace_row ordinal=1890 kind=4 ns=285255800366773 fields=641,5,3,0,0,0,0,0,0,0,16,0,0,0,0,0
event=trace_row ordinal=1891 kind=5 ns=285255801238574 fields=513,6,15,0,0,0,0,0,0,0,16,0,0,0,0,0
event=trace_row ordinal=1892 kind=0 ns=285255801151365 fields=344,2,0,25,1,0,0,0,0,0,0,0,0,0,0,0
event=trace_row ordinal=1893 kind=1 ns=285255801151365 fields=344,2,0,1005,997,200,1000,0,1,0,0,0,0,0,0,0
event=trace_row ordinal=1894 kind=3 ns=285255801250824 fields=344,345,1,2,285255801151365,0,0,0,0,0,0,0,0,4,1,3
event=trace_row ordinal=1895 kind=5 ns=285255811235852 fields=513,6,15,0,0,0,0,0,0,0,16,0,0,0,0,0
event=trace_row ordinal=1896 kind=0 ns=285255811146310 fields=345,2,0,50,2,0,0,0,0,0,0,0,0,0,0,0
event=trace_row ordinal=1897 kind=1 ns=285255811146310 fields=345,2,0,1005,997,200,1000,0,1,0,0,0,0,0,0,0
event=trace_row ordinal=1898 kind=1 ns=285255811146310 fields=345,2,1,1005,997,200,1000,0,1,0,0,0,0,0,0,0
event=trace_row ordinal=1899 kind=3 ns=285255811246644 fields=345,346,1,2,285255811146310,0,0,0,0,0,0,0,0,4,1,3
event=trace_row ordinal=1900 kind=5 ns=285255821224963 fields=513,6,15,0,0,0,0,0,0,0,16,0,0,0,0,0
event=trace_row ordinal=1901 kind=0 ns=285255821143588 fields=346,2,0,25,1,0,0,0,0,0,0,0,0,0,0,0
event=trace_row ordinal=1902 kind=1 ns=285255821143588 fields=346,2,0,1005,997,200,1000,0,1,0,0,0,0,0,0,0
event=trace_row ordinal=1903 kind=3 ns=285255821235755 fields=346,347,1,2,285255821143588,0,0,0,0,0,0,0,0,4,1,3
event=trace_row ordinal=1904 kind=5 ns=285255831222825 fields=513,6,15,0,0,0,0,0,0,0,16,0,0,0,0,0
event=trace_row ordinal=1905 kind=0 ns=285255831141740 fields=347,2,0,50,2,0,0,0,0,0,0,0,0,0,0,0
event=trace_row ordinal=1906 kind=1 ns=285255831141740 fields=347,2,0,1005,997,200,1000,0,1,0,0,0,0,0,0,0
event=trace_row ordinal=1907 kind=1 ns=285255831141740 fields=347,2,1,1005,997,200,1000,0,1,0,0,0,0,0,0,0
event=trace_row ordinal=1908 kind=3 ns=285255831234492 fields=347,348,1,2,285255831141740,0,0,0,0,0,0,0,0,4,1,3
event=trace_row ordinal=1909 kind=5 ns=285255841185394 fields=513,6,15,0,0,0,0,0,0,0,16,0,0,0,0,0
event=trace_row ordinal=1910 kind=0 ns=285255841128810 fields=348,2,0,25,1,0,0,0,0,0,0,0,0,0,0,0
event=trace_row ordinal=1911 kind=1 ns=285255841128810 fields=348,2,0,1005,997,200,1000,0,1,0,0,0,0,0,0,0
event=trace_row ordinal=1912 kind=3 ns=285255841194727 fields=348,349,1,2,285255841128810,0,0,0,0,0,0,0,0,4,1,3
event=trace_row ordinal=1913 kind=4 ns=285255849878907 fields=385,8,39,20,39,20,0,0,0,0,16,0,0,0,0,0
event=trace_row ordinal=1914 kind=4 ns=285255850054493 fields=641,5,3,0,0,0,0,0,0,0,16,0,0,0,0,0
event=trace_row ordinal=1915 kind=5 ns=285255851186755 fields=513,6,15,0,0,0,0,0,0,0,16,0,0,0,0,0
event=trace_row ordinal=1916 kind=0 ns=285255851128130 fields=349,2,0,50,2,0,0,0,0,0,0,0,0,0,0,0
event=trace_row ordinal=1917 kind=1 ns=285255851128130 fields=349,2,0,1005,997,200,1000,0,1,0,0,0,0,0,0,0
event=trace_row ordinal=1918 kind=1 ns=285255851128130 fields=349,2,1,1005,997,200,1000,0,1,0,0,0,0,0,0,0
event=trace_row ordinal=1919 kind=3 ns=285255851196672 fields=349,350,1,2,285255851128130,0,0,0,0,0,0,0,0,4,1,3
event=trace_row ordinal=1920 kind=5 ns=285255861182283 fields=513,6,15,0,0,0,0,0,0,0,16,0,0,0,0,0
event=trace_row ordinal=1921 kind=0 ns=285255861128908 fields=350,2,0,25,1,0,0,0,0,0,0,0,0,0,0,0
event=trace_row ordinal=1922 kind=1 ns=285255861128908 fields=350,2,0,1005,997,200,1000,0,1,0,0,0,0,0,0,0
event=trace_row ordinal=1923 kind=3 ns=285255861191617 fields=350,351,1,2,285255861128908,0,0,0,0,0,0,0,0,4,1,3
event=trace_row ordinal=1924 kind=5 ns=285255871181311 fields=513,6,15,0,0,0,0,0,0,0,16,0,0,0,0,0
event=trace_row ordinal=1925 kind=0 ns=285255871127644 fields=351,2,0,25,1,0,0,0,0,0,0,0,0,0,0,0
event=trace_row ordinal=1926 kind=1 ns=285255871127644 fields=351,2,0,1005,997,200,1000,0,1,0,0,0,0,0,0,0
event=trace_row ordinal=1927 kind=3 ns=285255871190353 fields=351,352,1,2,285255871127644,0,0,0,0,0,0,0,0,4,1,3
event=trace_row ordinal=1928 kind=5 ns=285255881186464 fields=513,6,15,0,0,0,0,0,0,0,16,0,0,0,0,0
event=trace_row ordinal=1929 kind=0 ns=285255881127838 fields=352,2,0,50,2,0,0,0,0,0,0,0,0,0,0,0
event=trace_row ordinal=1930 kind=1 ns=285255881127838 fields=352,2,0,1005,997,200,1000,0,1,0,0,0,0,0,0,0
event=trace_row ordinal=1931 kind=1 ns=285255881127838 fields=352,2,1,1005,997,200,1000,0,1,0,0,0,0,0,0,0
event=trace_row ordinal=1932 kind=3 ns=285255881196089 fields=352,353,1,2,285255881127838,0,0,0,0,0,0,0,0,4,1,3
event=trace_row ordinal=1933 kind=5 ns=285255891184909 fields=513,6,15,0,0,0,0,0,0,0,16,0,0,0,0,0
event=trace_row ordinal=1934 kind=0 ns=285255891130366 fields=353,2,0,25,1,0,0,0,0,0,0,0,0,0,0,0
event=trace_row ordinal=1935 kind=1 ns=285255891130366 fields=353,2,0,1005,997,200,1000,0,1,0,0,0,0,0,0,0
event=trace_row ordinal=1936 kind=3 ns=285255891194534 fields=353,354,1,2,285255891130366,0,0,0,0,0,0,0,0,4,1,3
event=trace_row ordinal=1937 kind=4 ns=285255899819213 fields=385,8,39,20,39,20,0,0,0,0,16,0,0,0,0,0
event=trace_row ordinal=1938 kind=4 ns=285255900002674 fields=641,5,3,0,0,0,0,0,0,0,16,0,0,0,0,0
event=trace_row ordinal=1939 kind=5 ns=285255901186853 fields=513,6,15,0,0,0,0,0,0,0,16,0,0,0,0,0
event=trace_row ordinal=1940 kind=0 ns=285255901128228 fields=354,2,0,50,2,0,0,0,0,0,0,0,0,0,0,0
event=trace_row ordinal=1941 kind=1 ns=285255901128228 fields=354,2,0,1005,997,200,1000,0,1,0,0,0,0,0,0,0
event=trace_row ordinal=1942 kind=1 ns=285255901128228 fields=354,2,1,1005,997,200,1000,0,1,0,0,0,0,0,0,0
event=trace_row ordinal=1943 kind=3 ns=285255901196479 fields=354,355,1,2,285255901128228,0,0,0,0,0,0,0,0,4,1,3
event=trace_row ordinal=1944 kind=5 ns=285255911181215 fields=513,6,15,0,0,0,0,0,0,0,16,0,0,0,0,0
event=trace_row ordinal=1945 kind=0 ns=285255911127839 fields=355,2,0,25,1,0,0,0,0,0,0,0,0,0,0,0
event=trace_row ordinal=1946 kind=1 ns=285255911127839 fields=355,2,0,1005,997,200,1000,0,1,0,0,0,0,0,0,0
event=trace_row ordinal=1947 kind=3 ns=285255911190548 fields=355,356,1,2,285255911127839,0,0,0,0,0,0,0,0,4,1,3
event=trace_row ordinal=1948 kind=5 ns=285255921186076 fields=513,6,15,0,0,0,0,0,0,0,16,0,0,0,0,0
event=trace_row ordinal=1949 kind=0 ns=285255921127742 fields=356,2,0,50,2,0,0,0,0,0,0,0,0,0,0,0
event=trace_row ordinal=1950 kind=1 ns=285255921127742 fields=356,2,0,1005,997,200,1000,0,1,0,0,0,0,0,0,0
event=trace_row ordinal=1951 kind=1 ns=285255921127742 fields=356,2,1,1005,997,200,1000,0,1,0,0,0,0,0,0,0
event=trace_row ordinal=1952 kind=3 ns=285255921195701 fields=356,357,1,2,285255921127742,0,0,0,0,0,0,0,0,4,1,3
event=trace_row ordinal=1953 kind=5 ns=285255931181021 fields=513,6,15,0,0,0,0,0,0,0,16,0,0,0,0,0
event=trace_row ordinal=1954 kind=0 ns=285255931127645 fields=357,2,0,25,1,0,0,0,0,0,0,0,0,0,0,0
event=trace_row ordinal=1955 kind=1 ns=285255931127645 fields=357,2,0,1005,997,200,1000,0,1,0,0,0,0,0,0,0
event=trace_row ordinal=1956 kind=3 ns=285255931190646 fields=357,358,1,2,285255931127645,0,0,0,0,0,0,0,0,4,1,3
event=trace_row ordinal=1957 kind=5 ns=285255941181799 fields=513,6,15,0,0,0,0,0,0,0,16,0,0,0,0,0
event=trace_row ordinal=1958 kind=0 ns=285255941127840 fields=358,2,0,25,1,0,0,0,0,0,0,0,0,0,0,0
event=trace_row ordinal=1959 kind=1 ns=285255941127840 fields=358,2,0,1005,997,200,1000,0,1,0,0,0,0,0,0,0
event=trace_row ordinal=1960 kind=3 ns=285255941191132 fields=358,359,1,2,285255941127840,0,0,0,0,0,0,0,0,4,1,3
event=trace_row ordinal=1961 kind=4 ns=285255949761269 fields=385,8,39,20,39,20,0,0,0,0,16,0,0,0,0,0
event=trace_row ordinal=1962 kind=4 ns=285255949948813 fields=641,5,3,0,0,0,0,0,0,0,16,0,0,0,0,0
event=trace_row ordinal=1963 kind=5 ns=285255951187243 fields=513,6,15,0,0,0,0,0,0,0,16,0,0,0,0,0
event=trace_row ordinal=1964 kind=0 ns=285255951128618 fields=359,2,0,50,2,0,0,0,0,0,0,0,0,0,0,0
event=trace_row ordinal=1965 kind=1 ns=285255951128618 fields=359,2,0,1005,997,200,1000,0,1,0,0,0,0,0,0,0
event=trace_row ordinal=1966 kind=1 ns=285255951128618 fields=359,2,1,1005,997,200,1000,0,1,0,0,0,0,0,0,0
event=trace_row ordinal=1967 kind=3 ns=285255951196868 fields=359,360,1,2,285255951128618,0,0,0,0,0,0,0,0,4,1,3
event=trace_row ordinal=1968 kind=5 ns=285255961181604 fields=513,6,15,0,0,0,0,0,0,0,16,0,0,0,0,0
event=trace_row ordinal=1969 kind=0 ns=285255961127937 fields=360,2,0,25,1,0,0,0,0,0,0,0,0,0,0,0
event=trace_row ordinal=1970 kind=1 ns=285255961127937 fields=360,2,0,1005,997,200,1000,0,1,0,0,0,0,0,0,0
event=trace_row ordinal=1971 kind=3 ns=285255961191230 fields=360,361,1,2,285255961127937,0,0,0,0,0,0,0,0,4,1,3
event=trace_row ordinal=1972 kind=5 ns=285255971186466 fields=513,6,15,0,0,0,0,0,0,0,16,0,0,0,0,0
event=trace_row ordinal=1973 kind=0 ns=285255971127840 fields=361,2,0,50,2,0,0,0,0,0,0,0,0,0,0,0
event=trace_row ordinal=1974 kind=1 ns=285255971127840 fields=361,2,0,1005,997,200,1000,0,1,0,0,0,0,0,0,0
event=trace_row ordinal=1975 kind=1 ns=285255971127840 fields=361,2,1,1005,997,200,1000,0,1,0,0,0,0,0,0,0
event=trace_row ordinal=1976 kind=3 ns=285255971196674 fields=361,362,1,2,285255971127840,0,0,0,0,0,0,0,0,4,1,3
event=trace_row ordinal=1977 kind=5 ns=285255981316453 fields=513,6,15,0,0,0,0,0,0,0,16,0,0,0,0,0
event=trace_row ordinal=1978 kind=0 ns=285255981178202 fields=362,2,0,25,1,0,0,0,0,0,0,0,0,0,0,0
event=trace_row ordinal=1979 kind=1 ns=285255981178202 fields=362,2,0,1005,997,200,1000,0,1,0,0,0,0,0,0,0
event=trace_row ordinal=1980 kind=3 ns=285255981337454 fields=362,363,1,2,285255981178202,0,0,0,0,0,0,0,0,4,1,3
event=trace_row ordinal=1981 kind=4 ns=285255985319623 fields=1793,1,5,0,0,0,0,0,0,0,16,0,0,0,0,0
event=trace_row ordinal=1982 kind=5 ns=285255991210772 fields=513,6,15,0,0,0,0,0,0,0,16,0,0,0,0,0
event=trace_row ordinal=1983 kind=0 ns=285255991137271 fields=363,2,0,50,2,0,0,0,0,0,0,0,0,0,0,0
event=trace_row ordinal=1984 kind=1 ns=285255991137271 fields=363,2,0,1005,997,200,1000,0,1,0,0,0,0,0,0,0
event=trace_row ordinal=1985 kind=1 ns=285255991137271 fields=363,2,1,1005,997,200,1000,0,1,0,0,0,0,0,0,0
event=trace_row ordinal=1986 kind=3 ns=285255991221855 fields=363,364,1,2,285255991137271,0,0,0,0,0,0,0,0,4,1,3
event=trace_row ordinal=1987 kind=4 ns=285255999707991 fields=385,8,39,20,39,20,0,0,0,0,16,0,0,0,0,0
event=trace_row ordinal=1988 kind=4 ns=285255999895827 fields=641,5,3,0,0,0,0,0,0,0,16,0,0,0,0,0
event=trace_row ordinal=1989 kind=5 ns=285256001187341 fields=513,6,15,0,0,0,0,0,0,0,16,0,0,0,0,0
event=trace_row ordinal=1990 kind=0 ns=285256001131341 fields=364,2,0,25,1,0,0,0,0,0,0,0,0,0,0,0
event=trace_row ordinal=1991 kind=1 ns=285256001131341 fields=364,2,0,1005,997,200,1000,0,1,0,0,0,0,0,0,0
event=trace_row ordinal=1992 kind=3 ns=285256001197550 fields=364,365,1,2,285256001131341,0,0,0,0,0,0,0,0,4,1,3
event=trace_row ordinal=1993 kind=5 ns=285256011182577 fields=513,6,15,0,0,0,0,0,0,0,16,0,0,0,0,0
event=trace_row ordinal=1994 kind=0 ns=285256011128619 fields=365,2,0,25,1,0,0,0,0,0,0,0,0,0,0,0
event=trace_row ordinal=1995 kind=1 ns=285256011128619 fields=365,2,0,1005,997,200,1000,0,1,0,0,0,0,0,0,0
event=trace_row ordinal=1996 kind=3 ns=285256011191911 fields=365,366,1,2,285256011128619,0,0,0,0,0,0,0,0,4,1,3
event=trace_row ordinal=1997 kind=5 ns=285256021188022 fields=513,6,15,0,0,0,0,0,0,0,16,0,0,0,0,0
event=trace_row ordinal=1998 kind=0 ns=285256021128521 fields=366,2,0,50,2,0,0,0,0,0,0,0,0,0,0,0
event=trace_row ordinal=1999 kind=1 ns=285256021128521 fields=366,2,0,1005,997,200,1000,0,1,0,0,0,0,0,0,0
event=trace_row ordinal=2000 kind=1 ns=285256021128521 fields=366,2,1,1005,997,200,1000,0,1,0,0,0,0,0,0,0
event=trace_row ordinal=2001 kind=3 ns=285256021197647 fields=366,367,1,2,285256021128521,0,0,0,0,0,0,0,0,4,1,3
event=trace_row ordinal=2002 kind=5 ns=285256031181508 fields=513,6,15,0,0,0,0,0,0,0,16,0,0,0,0,0
event=trace_row ordinal=2003 kind=0 ns=285256031127841 fields=367,2,0,25,1,0,0,0,0,0,0,0,0,0,0,0
event=trace_row ordinal=2004 kind=1 ns=285256031127841 fields=367,2,0,1005,997,200,1000,0,1,0,0,0,0,0,0,0
event=trace_row ordinal=2005 kind=3 ns=285256031190842 fields=367,368,1,2,285256031127841,0,0,0,0,0,0,0,0,4,1,3
event=trace_row ordinal=2006 kind=5 ns=285256041186953 fields=513,6,15,0,0,0,0,0,0,0,16,0,0,0,0,0
event=trace_row ordinal=2007 kind=0 ns=285256041127744 fields=368,2,0,50,2,0,0,0,0,0,0,0,0,0,0,0
event=trace_row ordinal=2008 kind=1 ns=285256041127744 fields=368,2,0,1005,997,200,1000,0,1,0,0,0,0,0,0,0
event=trace_row ordinal=2009 kind=1 ns=285256041127744 fields=368,2,1,1005,997,200,1000,0,1,0,0,0,0,0,0,0
event=trace_row ordinal=2010 kind=3 ns=285256041196578 fields=368,369,1,2,285256041127744,0,0,0,0,0,0,0,0,4,1,3
event=trace_row ordinal=2011 kind=4 ns=285256049655881 fields=385,8,39,20,39,20,0,0,0,0,16,0,0,0,0,0
event=trace_row ordinal=2012 kind=4 ns=285256049844299 fields=641,5,3,0,0,0,0,0,0,0,16,0,0,0,0,0
event=trace_row ordinal=2013 kind=5 ns=285256051183939 fields=513,6,15,0,0,0,0,0,0,0,16,0,0,0,0,0
event=trace_row ordinal=2014 kind=0 ns=285256051129105 fields=369,2,0,25,1,0,0,0,0,0,0,0,0,0,0,0
event=trace_row ordinal=2015 kind=1 ns=285256051129105 fields=369,2,0,1005,997,200,1000,0,1,0,0,0,0,0,0,0
event=trace_row ordinal=2016 kind=3 ns=285256051193273 fields=369,370,1,2,285256051129105,0,0,0,0,0,0,0,0,4,1,3
event=trace_row ordinal=2017 kind=5 ns=285256061186759 fields=513,6,15,0,0,0,0,0,0,0,16,0,0,0,0,0
event=trace_row ordinal=2018 kind=0 ns=285256061128133 fields=370,2,0,50,2,0,0,0,0,0,0,0,0,0,0,0
event=trace_row ordinal=2019 kind=1 ns=285256061128133 fields=370,2,0,1005,997,200,1000,0,1,0,0,0,0,0,0,0
event=trace_row ordinal=2020 kind=1 ns=285256061128133 fields=370,2,1,1005,997,200,1000,0,1,0,0,0,0,0,0,0
event=trace_row ordinal=2021 kind=3 ns=285256061196676 fields=370,371,1,2,285256061128133,0,0,0,0,0,0,0,0,4,1,3
event=trace_row ordinal=2022 kind=5 ns=285256071181703 fields=513,6,15,0,0,0,0,0,0,0,16,0,0,0,0,0
event=trace_row ordinal=2023 kind=0 ns=285256071128328 fields=371,2,0,25,1,0,0,0,0,0,0,0,0,0,0,0
event=trace_row ordinal=2024 kind=1 ns=285256071128328 fields=371,2,0,1005,997,200,1000,0,1,0,0,0,0,0,0,0
event=trace_row ordinal=2025 kind=3 ns=285256071191037 fields=371,372,1,2,285256071128328,0,0,0,0,0,0,0,0,4,1,3
event=trace_row ordinal=2026 kind=5 ns=285256081181606 fields=513,6,15,0,0,0,0,0,0,0,16,0,0,0,0,0
event=trace_row ordinal=2027 kind=0 ns=285256081128231 fields=372,2,0,25,1,0,0,0,0,0,0,0,0,0,0,0
event=trace_row ordinal=2028 kind=1 ns=285256081128231 fields=372,2,0,1005,997,200,1000,0,1,0,0,0,0,0,0,0
event=trace_row ordinal=2029 kind=3 ns=285256081190940 fields=372,373,1,2,285256081128231,0,0,0,0,0,0,0,0,4,1,3
event=trace_row ordinal=2030 kind=5 ns=285256091185884 fields=513,6,15,0,0,0,0,0,0,0,16,0,0,0,0,0
event=trace_row ordinal=2031 kind=0 ns=285256091127842 fields=373,2,0,50,2,0,0,0,0,0,0,0,0,0,0,0
event=trace_row ordinal=2032 kind=1 ns=285256091127842 fields=373,2,0,1005,997,200,1000,0,1,0,0,0,0,0,0,0
event=trace_row ordinal=2033 kind=1 ns=285256091127842 fields=373,2,1,1005,997,200,1000,0,1,0,0,0,0,0,0,0
event=trace_row ordinal=2034 kind=3 ns=285256091195509 fields=373,374,1,2,285256091127842,0,0,0,0,0,0,0,0,4,1,3
event=trace_row ordinal=2035 kind=4 ns=285256099601728 fields=385,8,39,20,39,20,0,0,0,0,16,0,0,0,0,0
event=trace_row ordinal=2036 kind=4 ns=285256099791897 fields=641,5,3,0,0,0,0,0,0,0,16,0,0,0,0,0
event=trace_row ordinal=2037 kind=5 ns=285256101182287 fields=513,6,15,0,0,0,0,0,0,0,16,0,0,0,0,0
event=trace_row ordinal=2038 kind=0 ns=285256101128620 fields=374,2,0,25,1,0,0,0,0,0,0,0,0,0,0,0
event=trace_row ordinal=2039 kind=1 ns=285256101128620 fields=374,2,0,1005,997,200,1000,0,1,0,0,0,0,0,0,0
event=trace_row ordinal=2040 kind=3 ns=285256101191621 fields=374,375,1,2,285256101128620,0,0,0,0,0,0,0,0,4,1,3
event=trace_row ordinal=2041 kind=5 ns=285256111187732 fields=513,6,15,0,0,0,0,0,0,0,16,0,0,0,0,0
event=trace_row ordinal=2042 kind=0 ns=285256111127940 fields=375,2,0,50,2,0,0,0,0,0,0,0,0,0,0,0
event=trace_row ordinal=2043 kind=1 ns=285256111127940 fields=375,2,0,1005,997,200,1000,0,1,0,0,0,0,0,0,0
event=trace_row ordinal=2044 kind=1 ns=285256111127940 fields=375,2,1,1005,997,200,1000,0,1,0,0,0,0,0,0,0
event=trace_row ordinal=2045 kind=3 ns=285256111198232 fields=375,376,1,2,285256111127940,0,0,0,0,0,0,0,0,4,1,3
event=trace_row ordinal=2046 kind=5 ns=285256121182093 fields=513,6,15,0,0,0,0,0,0,0,16,0,0,0,0,0
event=trace_row ordinal=2047 kind=0 ns=285256121127843 fields=376,2,0,25,1,0,0,0,0,0,0,0,0,0,0,0
event=trace_row ordinal=2048 kind=1 ns=285256121127843 fields=376,2,0,1005,997,200,1000,0,1,0,0,0,0,0,0,0
event=trace_row ordinal=2049 kind=3 ns=285256121191718 fields=376,377,1,2,285256121127843,0,0,0,0,0,0,0,0,4,1,3
event=trace_row ordinal=2050 kind=5 ns=285256131187538 fields=513,6,15,0,0,0,0,0,0,0,16,0,0,0,0,0
event=trace_row ordinal=2051 kind=0 ns=285256131128912 fields=377,2,0,50,2,0,0,0,0,0,0,0,0,0,0,0
event=trace_row ordinal=2052 kind=1 ns=285256131128912 fields=377,2,0,1005,997,200,1000,0,1,0,0,0,0,0,0,0
event=trace_row ordinal=2053 kind=1 ns=285256131128912 fields=377,2,1,1005,997,200,1000,0,1,0,0,0,0,0,0,0
event=trace_row ordinal=2054 kind=3 ns=285256131197163 fields=377,378,1,2,285256131128912,0,0,0,0,0,0,0,0,4,1,3
event=trace_row ordinal=2055 kind=5 ns=285256141207858 fields=513,6,15,0,0,0,0,0,0,0,16,0,0,0,0,0
event=trace_row ordinal=2056 kind=0 ns=285256141136982 fields=378,2,0,25,1,0,0,0,0,0,0,0,0,0,0,0
event=trace_row ordinal=2057 kind=1 ns=285256141136982 fields=378,2,0,1005,997,200,1000,0,1,0,0,0,0,0,0,0
event=trace_row ordinal=2058 kind=3 ns=285256141218066 fields=378,379,1,2,285256141136982,0,0,0,0,0,0,0,0,4,1,3
event=trace_row ordinal=2059 kind=4 ns=285256149558951 fields=385,8,39,20,39,20,0,0,0,0,16,0,0,0,0,0
event=trace_row ordinal=2060 kind=4 ns=285256149737453 fields=641,5,3,0,0,0,0,0,0,0,16,0,0,0,0,0
event=trace_row ordinal=2061 kind=5 ns=285256151216219 fields=513,6,15,0,0,0,0,0,0,0,16,0,0,0,0,0
event=trace_row ordinal=2062 kind=0 ns=285256151141843 fields=379,2,0,25,1,0,0,0,0,0,0,0,0,0,0,0
event=trace_row ordinal=2063 kind=1 ns=285256151141843 fields=379,2,0,1005,997,200,1000,0,1,0,0,0,0,0,0,0
event=trace_row ordinal=2064 kind=3 ns=285256151227302 fields=379,380,1,2,285256151141843,0,0,0,0,0,0,0,0,4,1,3
event=trace_row ordinal=2065 kind=5 ns=285256161282914 fields=513,6,15,0,0,0,0,0,0,0,16,0,0,0,0,0
event=trace_row ordinal=2066 kind=0 ns=285256161164496 fields=380,2,0,50,2,0,0,0,0,0,0,0,0,0,0,0
event=trace_row ordinal=2067 kind=1 ns=285256161164496 fields=380,2,0,1005,997,200,1000,0,1,0,0,0,0,0,0,0
event=trace_row ordinal=2068 kind=1 ns=285256161164496 fields=380,2,1,1005,997,200,1000,0,1,0,0,0,0,0,0,0
event=trace_row ordinal=2069 kind=3 ns=285256161300998 fields=380,381,1,2,285256161164496,0,0,0,0,0,0,0,0,4,1,3
event=trace_row ordinal=2070 kind=5 ns=285256171239942 fields=513,6,15,0,0,0,0,0,0,0,16,0,0,0,0,0
event=trace_row ordinal=2071 kind=0 ns=285256171150691 fields=381,2,0,25,1,0,0,0,0,0,0,0,0,0,0,0
event=trace_row ordinal=2072 kind=1 ns=285256171150691 fields=381,2,0,1005,997,200,1000,0,1,0,0,0,0,0,0,0
event=trace_row ordinal=2073 kind=3 ns=285256171255109 fields=381,382,1,2,285256171150691,0,0,0,0,0,0,0,0,4,1,3
event=trace_row ordinal=2074 kind=5 ns=285256181293804 fields=513,6,15,0,0,0,0,0,0,0,16,0,0,0,0,0
event=trace_row ordinal=2075 kind=0 ns=285256181166927 fields=382,2,0,50,2,0,0,0,0,0,0,0,0,0,0,0
event=trace_row ordinal=2076 kind=1 ns=285256181166927 fields=382,2,0,1005,997,200,1000,0,1,0,0,0,0,0,0,0
event=trace_row ordinal=2077 kind=1 ns=285256181166927 fields=382,2,1,1005,997,200,1000,0,1,0,0,0,0,0,0,0
event=trace_row ordinal=2078 kind=3 ns=285256181314221 fields=382,383,1,2,285256181166927,0,0,0,0,0,0,0,0,4,1,3
event=trace_row ordinal=2079 kind=5 ns=285256191265123 fields=513,6,15,0,0,0,0,0,0,0,16,0,0,0,0,0
event=trace_row ordinal=2080 kind=0 ns=285256191157205 fields=383,2,0,25,1,0,0,0,0,0,0,0,0,0,0,0
event=trace_row ordinal=2081 kind=1 ns=285256191157205 fields=383,2,0,1005,997,200,1000,0,1,0,0,0,0,0,0,0
event=trace_row ordinal=2082 kind=3 ns=285256191282623 fields=383,384,1,2,285256191157205,0,0,0,0,0,0,0,0,4,1,3
event=trace_row ordinal=2083 kind=4 ns=285256199544757 fields=385,8,39,20,39,20,0,0,0,0,16,0,0,0,0,0
event=trace_row ordinal=2084 kind=4 ns=285256199691467 fields=641,5,3,0,0,0,0,0,0,0,16,0,0,0,0,0
event=trace_row ordinal=2085 kind=5 ns=285256201276984 fields=513,6,15,0,0,0,0,0,0,0,16,0,0,0,0,0
event=trace_row ordinal=2086 kind=0 ns=285256201164108 fields=384,2,0,50,2,0,0,0,0,0,0,0,0,0,0,0
event=trace_row ordinal=2087 kind=1 ns=285256201164108 fields=384,2,0,1005,997,200,1000,0,1,0,0,0,0,0,0,0
event=trace_row ordinal=2088 kind=1 ns=285256201164108 fields=384,2,1,1005,997,200,1000,0,1,0,0,0,0,0,0,0
event=trace_row ordinal=2089 kind=3 ns=285256201295943 fields=384,385,1,2,285256201164108,0,0,0,0,0,0,0,0,4,1,3
event=trace_row ordinal=2090 kind=5 ns=285256211233720 fields=513,6,15,0,0,0,0,0,0,0,16,0,0,0,0,0
event=trace_row ordinal=2091 kind=0 ns=285256211149428 fields=385,2,0,25,1,0,0,0,0,0,0,0,0,0,0,0
event=trace_row ordinal=2092 kind=1 ns=285256211149428 fields=385,2,0,1005,997,200,1000,0,1,0,0,0,0,0,0,0
event=trace_row ordinal=2093 kind=3 ns=285256211248595 fields=385,386,1,2,285256211149428,0,0,0,0,0,0,0,0,4,1,3
event=trace_row ordinal=2094 kind=5 ns=285256221349708 fields=513,6,15,0,0,0,0,0,0,0,16,0,0,0,0,0
event=trace_row ordinal=2095 kind=0 ns=285256221191331 fields=386,2,0,25,1,0,0,0,0,0,0,0,0,0,0,0
event=trace_row ordinal=2096 kind=1 ns=285256221191331 fields=386,2,0,1005,997,200,1000,0,1,0,0,0,0,0,0,0
event=trace_row ordinal=2097 kind=3 ns=285256221373041 fields=386,387,1,2,285256221191331,0,0,0,0,0,0,0,0,4,1,3
event=trace_row ordinal=2098 kind=5 ns=285256231259193 fields=513,6,15,0,0,0,0,0,0,0,16,0,0,0,0,0
event=trace_row ordinal=2099 kind=0 ns=285256231155359 fields=387,2,0,50,2,0,0,0,0,0,0,0,0,0,0,0
event=trace_row ordinal=2100 kind=1 ns=285256231155359 fields=387,2,0,1005,997,200,1000,0,1,0,0,0,0,0,0,0
event=trace_row ordinal=2101 kind=1 ns=285256231155359 fields=387,2,1,1005,997,200,1000,0,1,0,0,0,0,0,0,0
event=trace_row ordinal=2102 kind=3 ns=285256231276693 fields=387,388,1,2,285256231155359,0,0,0,0,0,0,0,0,4,1,3
event=trace_row ordinal=2103 kind=4 ns=285256234838566 fields=1793,1,5,0,0,0,0,0,0,0,16,0,0,0,0,0
event=trace_row ordinal=2104 kind=5 ns=285256241358847 fields=513,6,15,0,0,0,0,0,0,0,16,0,0,0,0,0
event=trace_row ordinal=2105 kind=0 ns=285256241197262 fields=388,2,0,25,1,0,0,0,0,0,0,0,0,0,0,0
event=trace_row ordinal=2106 kind=1 ns=285256241197262 fields=388,2,0,1005,997,200,1000,0,1,0,0,0,0,0,0,0
event=trace_row ordinal=2107 kind=3 ns=285256241383639 fields=388,389,1,2,285256241197262,0,0,0,0,0,0,0,0,4,1,3
event=trace_row ordinal=2108 kind=4 ns=285256249437229 fields=385,8,39,20,39,20,0,0,0,0,16,0,0,0,0,0
event=trace_row ordinal=2109 kind=4 ns=285256249634397 fields=641,5,3,0,0,0,0,0,0,0,16,0,0,0,0,0
event=trace_row ordinal=2110 kind=5 ns=285256251309749 fields=513,6,15,0,0,0,0,0,0,0,16,0,0,0,0,0
event=trace_row ordinal=2111 kind=0 ns=285256251173248 fields=389,2,0,50,2,0,0,0,0,0,0,0,0,0,0,0
event=trace_row ordinal=2112 kind=1 ns=285256251173248 fields=389,2,0,1005,997,200,1000,0,1,0,0,0,0,0,0,0
event=trace_row ordinal=2113 kind=1 ns=285256251173248 fields=389,2,1,1005,997,200,1000,0,1,0,0,0,0,0,0,0
event=trace_row ordinal=2114 kind=3 ns=285256251330458 fields=389,390,1,2,285256251173248,0,0,0,0,0,0,0,0,4,1,3
event=trace_row ordinal=2115 kind=5 ns=285256261311694 fields=513,6,15,0,0,0,0,0,0,0,16,0,0,0,0,0
event=trace_row ordinal=2116 kind=0 ns=285256261176651 fields=390,2,0,25,1,0,0,0,0,0,0,0,0,0,0,0
event=trace_row ordinal=2117 kind=1 ns=285256261176651 fields=390,2,0,1005,997,200,1000,0,1,0,0,0,0,0,0,0
event=trace_row ordinal=2118 kind=3 ns=285256261333278 fields=390,391,1,2,285256261176651,0,0,0,0,0,0,0,0,4,1,3
event=trace_row ordinal=2119 kind=5 ns=285256271311014 fields=513,6,15,0,0,0,0,0,0,0,16,0,0,0,0,0
event=trace_row ordinal=2120 kind=0 ns=285256271177137 fields=391,2,0,50,2,0,0,0,0,0,0,0,0,0,0,0
event=trace_row ordinal=2121 kind=1 ns=285256271177137 fields=391,2,0,1005,997,200,1000,0,1,0,0,0,0,0,0,0
event=trace_row ordinal=2122 kind=1 ns=285256271177137 fields=391,2,1,1005,997,200,1000,0,1,0,0,0,0,0,0,0
event=trace_row ordinal=2123 kind=3 ns=285256271332014 fields=391,392,1,2,285256271177137,0,0,0,0,0,0,0,0,4,1,3
event=trace_row ordinal=2124 kind=5 ns=285256281230124 fields=513,6,15,0,0,0,0,0,0,0,16,0,0,0,0,0
event=trace_row ordinal=2125 kind=0 ns=285256281143790 fields=392,2,0,25,1,0,0,0,0,0,0,0,0,0,0,0
event=trace_row ordinal=2126 kind=1 ns=285256281143790 fields=392,2,0,1005,997,200,1000,0,1,0,0,0,0,0,0,0
event=trace_row ordinal=2127 kind=3 ns=285256281244416 fields=392,393,1,2,285256281143790,0,0,0,0,0,0,0,0,4,1,3
event=trace_row ordinal=2128 kind=5 ns=285256291233819 fields=513,6,15,0,0,0,0,0,0,0,16,0,0,0,0,0
event=trace_row ordinal=2129 kind=0 ns=285256291146026 fields=393,2,0,25,1,0,0,0,0,0,0,0,0,0,0,0
event=trace_row ordinal=2130 kind=1 ns=285256291146026 fields=393,2,0,1005,997,200,1000,0,1,0,0,0,0,0,0,0
event=trace_row ordinal=2131 kind=3 ns=285256291246944 fields=393,394,1,2,285256291146026,0,0,0,0,0,0,0,0,4,1,3
event=trace_row ordinal=2132 kind=4 ns=285256299439368 fields=385,8,39,20,39,20,0,0,0,0,16,0,0,0,0,0
event=trace_row ordinal=2133 kind=4 ns=285256299589578 fields=641,5,3,0,0,0,0,0,0,0,16,0,0,0,0,0
event=trace_row ordinal=2134 kind=5 ns=285256301309556 fields=513,6,15,0,0,0,0,0,0,0,16,0,0,0,0,0
event=trace_row ordinal=2135 kind=0 ns=285256301173054 fields=394,2,0,50,2,0,0,0,0,0,0,0,0,0,0,0
event=trace_row ordinal=2136 kind=1 ns=285256301173054 fields=394,2,0,1005,997,200,1000,0,1,0,0,0,0,0,0,0
event=trace_row ordinal=2137 kind=1 ns=285256301173054 fields=394,2,1,1005,997,200,1000,0,1,0,0,0,0,0,0,0
event=trace_row ordinal=2138 kind=3 ns=285256301328514 fields=394,395,1,2,285256301173054,0,0,0,0,0,0,0,0,4,1,3
event=trace_row ordinal=2139 kind=5 ns=285256311266000 fields=513,6,15,0,0,0,0,0,0,0,16,0,0,0,0,0
event=trace_row ordinal=2140 kind=0 ns=285256311156040 fields=395,2,0,25,1,0,0,0,0,0,0,0,0,0,0,0
event=trace_row ordinal=2141 kind=1 ns=285256311156040 fields=395,2,0,1005,997,200,1000,0,1,0,0,0,0,0,0,0
event=trace_row ordinal=2142 kind=3 ns=285256311283500 fields=395,396,1,2,285256311156040,0,0,0,0,0,0,0,0,4,1,3
event=trace_row ordinal=2143 kind=5 ns=285256321251319 fields=513,6,15,0,0,0,0,0,0,0,16,0,0,0,0,0
event=trace_row ordinal=2144 kind=0 ns=285256321151860 fields=396,2,0,50,2,0,0,0,0,0,0,0,0,0,0,0
event=trace_row ordinal=2145 kind=1 ns=285256321151860 fields=396,2,0,1005,997,200,1000,0,1,0,0,0,0,0,0,0
event=trace_row ordinal=2146 kind=1 ns=285256321151860 fields=396,2,1,1005,997,200,1000,0,1,0,0,0,0,0,0,0
event=trace_row ordinal=2147 kind=3 ns=285256321266195 fields=396,397,1,2,285256321151860,0,0,0,0,0,0,0,0,4,1,3
event=trace_row ordinal=2148 kind=5 ns=285256331229930 fields=513,6,15,0,0,0,0,0,0,0,16,0,0,0,0,0
event=trace_row ordinal=2149 kind=0 ns=285256331146804 fields=397,2,0,25,1,0,0,0,0,0,0,0,0,0,0,0
event=trace_row ordinal=2150 kind=1 ns=285256331146804 fields=397,2,0,1005,997,200,1000,0,1,0,0,0,0,0,0,0
event=trace_row ordinal=2151 kind=3 ns=285256331243056 fields=397,398,1,2,285256331146804,0,0,0,0,0,0,0,0,4,1,3
event=trace_row ordinal=2152 kind=5 ns=285256341231875 fields=513,6,15,0,0,0,0,0,0,0,16,0,0,0,0,0
event=trace_row ordinal=2153 kind=0 ns=285256341145541 fields=398,2,0,50,2,0,0,0,0,0,0,0,0,0,0,0
event=trace_row ordinal=2154 kind=1 ns=285256341145541 fields=398,2,0,1005,997,200,1000,0,1,0,0,0,0,0,0,0
event=trace_row ordinal=2155 kind=1 ns=285256341145541 fields=398,2,1,1005,997,200,1000,0,1,0,0,0,0,0,0,0
event=trace_row ordinal=2156 kind=3 ns=285256341244417 fields=398,399,1,2,285256341145541,0,0,0,0,0,0,0,0,4,1,3
event=trace_row ordinal=2157 kind=4 ns=285256349355465 fields=385,8,39,20,39,20,0,0,0,0,16,0,0,0,0,0
event=trace_row ordinal=2158 kind=4 ns=285256349537467 fields=641,5,3,0,0,0,0,0,0,0,16,0,0,0,0,0
event=trace_row ordinal=2159 kind=5 ns=285256351219528 fields=513,6,15,0,0,0,0,0,0,0,16,0,0,0,0,0
event=trace_row ordinal=2160 kind=0 ns=285256351141944 fields=399,2,0,25,1,0,0,0,0,0,0,0,0,0,0,0
event=trace_row ordinal=2161 kind=1 ns=285256351141944 fields=399,2,0,1005,997,200,1000,0,1,0,0,0,0,0,0,0
event=trace_row ordinal=2162 kind=3 ns=285256351230903 fields=399,400,1,2,285256351141944,0,0,0,0,0,0,0,0,4,1,3
event=trace_row ordinal=2163 kind=5 ns=285256361233139 fields=513,6,15,0,0,0,0,0,0,0,16,0,0,0,0,0
event=trace_row ordinal=2164 kind=0 ns=285256361145638 fields=400,2,0,25,1,0,0,0,0,0,0,0,0,0,0,0
event=trace_row ordinal=2165 kind=1 ns=285256361145638 fields=400,2,0,1005,997,200,1000,0,1,0,0,0,0,0,0,0
event=trace_row ordinal=2166 kind=3 ns=285256361246848 fields=400,401,1,2,285256361145638,0,0,0,0,0,0,0,0,4,1,3
event=trace_row ordinal=2167 kind=5 ns=285256371192500 fields=513,6,15,0,0,0,0,0,0,0,16,0,0,0,0,0
event=trace_row ordinal=2168 kind=0 ns=285256371129499 fields=401,2,0,50,2,0,0,0,0,0,0,0,0,0,0,0
event=trace_row ordinal=2169 kind=1 ns=285256371129499 fields=401,2,0,1005,997,200,1000,0,1,0,0,0,0,0,0,0
event=trace_row ordinal=2170 kind=1 ns=285256371129499 fields=401,2,1,1005,997,200,1000,0,1,0,0,0,0,0,0,0
event=trace_row ordinal=2171 kind=3 ns=285256371202125 fields=401,402,1,2,285256371129499,0,0,0,0,0,0,0,0,4,1,3
event=trace_row ordinal=2172 kind=5 ns=285256381182778 fields=513,6,15,0,0,0,0,0,0,0,16,0,0,0,0,0
event=trace_row ordinal=2173 kind=0 ns=285256381128236 fields=402,2,0,25,1,0,0,0,0,0,0,0,0,0,0,0
event=trace_row ordinal=2174 kind=1 ns=285256381128236 fields=402,2,0,1005,997,200,1000,0,1,0,0,0,0,0,0,0
event=trace_row ordinal=2175 kind=3 ns=285256381192111 fields=402,403,1,2,285256381128236,0,0,0,0,0,0,0,0,4,1,3
event=trace_row ordinal=2176 kind=5 ns=285256391187931 fields=513,6,15,0,0,0,0,0,0,0,16,0,0,0,0,0
event=trace_row ordinal=2177 kind=0 ns=285256391128139 fields=403,2,0,50,2,0,0,0,0,0,0,0,0,0,0,0
event=trace_row ordinal=2178 kind=1 ns=285256391128139 fields=403,2,0,1005,997,200,1000,0,1,0,0,0,0,0,0,0
event=trace_row ordinal=2179 kind=1 ns=285256391128139 fields=403,2,1,1005,997,200,1000,0,1,0,0,0,0,0,0,0
event=trace_row ordinal=2180 kind=3 ns=285256391197556 fields=403,404,1,2,285256391128139,0,0,0,0,0,0,0,0,4,1,3
event=trace_row ordinal=2181 kind=4 ns=285256399293438 fields=385,8,39,20,39,20,0,0,0,0,16,0,0,0,0,0
event=trace_row ordinal=2182 kind=4 ns=285256399493232 fields=641,5,3,0,0,0,0,0,0,0,16,0,0,0,0,0
event=trace_row ordinal=2183 kind=5 ns=285256401184334 fields=513,6,15,0,0,0,0,0,0,0,16,0,0,0,0,0
event=trace_row ordinal=2184 kind=0 ns=285256401128917 fields=404,2,0,25,1,0,0,0,0,0,0,0,0,0,0,0
event=trace_row ordinal=2185 kind=1 ns=285256401128917 fields=404,2,0,1005,997,200,1000,0,1,0,0,0,0,0,0,0
event=trace_row ordinal=2186 kind=3 ns=285256401193959 fields=404,405,1,2,285256401128917,0,0,0,0,0,0,0,0,4,1,3
event=trace_row ordinal=2187 kind=5 ns=285256411187153 fields=513,6,15,0,0,0,0,0,0,0,16,0,0,0,0,0
event=trace_row ordinal=2188 kind=0 ns=285256411127944 fields=405,2,0,50,2,0,0,0,0,0,0,0,0,0,0,0
event=trace_row ordinal=2189 kind=1 ns=285256411127944 fields=405,2,0,1005,997,200,1000,0,1,0,0,0,0,0,0,0
event=trace_row ordinal=2190 kind=1 ns=285256411127944 fields=405,2,1,1005,997,200,1000,0,1,0,0,0,0,0,0,0
event=trace_row ordinal=2191 kind=3 ns=285256411197070 fields=405,406,1,2,285256411127944,0,0,0,0,0,0,0,0,4,1,3
event=trace_row ordinal=2192 kind=5 ns=285256421183848 fields=513,6,15,0,0,0,0,0,0,0,16,0,0,0,0,0
event=trace_row ordinal=2193 kind=0 ns=285256421129306 fields=406,2,0,25,1,0,0,0,0,0,0,0,0,0,0,0
event=trace_row ordinal=2194 kind=1 ns=285256421129306 fields=406,2,0,1005,997,200,1000,0,1,0,0,0,0,0,0,0
event=trace_row ordinal=2195 kind=3 ns=285256421193181 fields=406,407,1,2,285256421129306,0,0,0,0,0,0,0,0,4,1,3
event=trace_row ordinal=2196 kind=5 ns=285256431181709 fields=513,6,15,0,0,0,0,0,0,0,16,0,0,0,0,0
event=trace_row ordinal=2197 kind=0 ns=285256431128042 fields=407,2,0,25,1,0,0,0,0,0,0,0,0,0,0,0
event=trace_row ordinal=2198 kind=1 ns=285256431128042 fields=407,2,0,1005,997,200,1000,0,1,0,0,0,0,0,0,0
event=trace_row ordinal=2199 kind=3 ns=285256431191043 fields=407,408,1,2,285256431128042,0,0,0,0,0,0,0,0,4,1,3
event=trace_row ordinal=2200 kind=5 ns=285256441185987 fields=513,6,15,0,0,0,0,0,0,0,16,0,0,0,0,0
event=trace_row ordinal=2201 kind=0 ns=285256441127945 fields=408,2,0,50,2,0,0,0,0,0,0,0,0,0,0,0
event=trace_row ordinal=2202 kind=1 ns=285256441127945 fields=408,2,0,1005,997,200,1000,0,1,0,0,0,0,0,0,0
event=trace_row ordinal=2203 kind=1 ns=285256441127945 fields=408,2,1,1005,997,200,1000,0,1,0,0,0,0,0,0,0
event=trace_row ordinal=2204 kind=3 ns=285256441195321 fields=408,409,1,2,285256441127945,0,0,0,0,0,0,0,0,4,1,3
event=trace_row ordinal=2205 kind=4 ns=285256449232285 fields=385,8,39,20,39,20,0,0,0,0,16,0,0,0,0,0
event=trace_row ordinal=2206 kind=4 ns=285256449493913 fields=641,5,3,0,0,0,0,0,0,0,16,0,0,0,0,0
event=trace_row ordinal=2207 kind=5 ns=285256451183557 fields=513,6,15,0,0,0,0,0,0,0,16,0,0,0,0,0
event=trace_row ordinal=2208 kind=0 ns=285256451129015 fields=409,2,0,25,1,0,0,0,0,0,0,0,0,0,0,0
event=trace_row ordinal=2209 kind=1 ns=285256451129015 fields=409,2,0,1005,997,200,1000,0,1,0,0,0,0,0,0,0
event=trace_row ordinal=2210 kind=3 ns=285256451192599 fields=409,410,1,2,285256451129015,0,0,0,0,0,0,0,0,4,1,3
event=trace_row ordinal=2211 kind=5 ns=285256461186960 fields=513,6,15,0,0,0,0,0,0,0,16,0,0,0,0,0
event=trace_row ordinal=2212 kind=0 ns=285256461127751 fields=410,2,0,50,2,0,0,0,0,0,0,0,0,0,0,0
event=trace_row ordinal=2213 kind=1 ns=285256461127751 fields=410,2,0,1005,997,200,1000,0,1,0,0,0,0,0,0,0
event=trace_row ordinal=2214 kind=1 ns=285256461127751 fields=410,2,1,1005,997,200,1000,0,1,0,0,0,0,0,0,0
event=trace_row ordinal=2215 kind=3 ns=285256461196585 fields=410,411,1,2,285256461127751,0,0,0,0,0,0,0,0,4,1,3
event=trace_row ordinal=2216 kind=5 ns=285256471181321 fields=513,6,15,0,0,0,0,0,0,0,16,0,0,0,0,0
event=trace_row ordinal=2217 kind=0 ns=285256471128237 fields=411,2,0,25,1,0,0,0,0,0,0,0,0,0,0,0
event=trace_row ordinal=2218 kind=1 ns=285256471128237 fields=411,2,0,1005,997,200,1000,0,1,0,0,0,0,0,0,0
event=trace_row ordinal=2219 kind=3 ns=285256471191238 fields=411,412,1,2,285256471128237,0,0,0,0,0,0,0,0,4,1,3
event=trace_row ordinal=2220 kind=5 ns=285256481187057 fields=513,6,15,0,0,0,0,0,0,0,16,0,0,0,0,0
event=trace_row ordinal=2221 kind=0 ns=285256481128432 fields=412,2,0,50,2,0,0,0,0,0,0,0,0,0,0,0
event=trace_row ordinal=2222 kind=1 ns=285256481128432 fields=412,2,0,1005,997,200,1000,0,1,0,0,0,0,0,0,0
event=trace_row ordinal=2223 kind=1 ns=285256481128432 fields=412,2,1,1005,997,200,1000,0,1,0,0,0,0,0,0,0
event=trace_row ordinal=2224 kind=3 ns=285256481196682 fields=412,413,1,2,285256481128432,0,0,0,0,0,0,0,0,4,1,3
event=trace_row ordinal=2225 kind=4 ns=285256484343509 fields=1793,1,5,0,0,0,0,0,0,0,16,0,0,0,0,0
event=trace_row ordinal=2226 kind=5 ns=285256491180835 fields=513,6,15,0,0,0,0,0,0,0,16,0,0,0,0,0
event=trace_row ordinal=2227 kind=0 ns=285256491128043 fields=413,2,0,25,1,0,0,0,0,0,0,0,0,0,0,0
event=trace_row ordinal=2228 kind=1 ns=285256491128043 fields=413,2,0,1005,997,200,1000,0,1,0,0,0,0,0,0,0
event=trace_row ordinal=2229 kind=3 ns=285256491190460 fields=413,414,1,2,285256491128043,0,0,0,0,0,0,0,0,4,1,3
event=trace_row ordinal=2230 kind=4 ns=285256499177841 fields=385,8,39,20,39,20,0,0,0,0,16,0,0,0,0,0
event=trace_row ordinal=2231 kind=4 ns=285256499451719 fields=641,5,3,0,0,0,0,0,0,0,16,0,0,0,0,0
event=trace_row ordinal=2232 kind=5 ns=285256501182197 fields=513,6,15,0,0,0,0,0,0,0,16,0,0,0,0,0
event=trace_row ordinal=2233 kind=0 ns=285256501128238 fields=414,2,0,25,1,0,0,0,0,0,0,0,0,0,0,0
event=trace_row ordinal=2234 kind=1 ns=285256501128238 fields=414,2,0,1005,997,200,1000,0,1,0,0,0,0,0,0,0
event=trace_row ordinal=2235 kind=3 ns=285256501191530 fields=414,415,1,2,285256501128238,0,0,0,0,0,0,0,0,4,1,3
event=trace_row ordinal=2236 kind=5 ns=285256511334643 fields=513,6,15,0,0,0,0,0,0,0,16,0,0,0,0,0
event=trace_row ordinal=2237 kind=0 ns=285256511182974 fields=415,2,0,50,2,0,0,0,0,0,0,0,0,0,0,0
event=trace_row ordinal=2238 kind=1 ns=285256511182974 fields=415,2,0,1005,997,200,1000,0,1,0,0,0,0,0,0,0
event=trace_row ordinal=2239 kind=1 ns=285256511182974 fields=415,2,1,1005,997,200,1000,0,1,0,0,0,0,0,0,0
event=trace_row ordinal=2240 kind=3 ns=285256511357685 fields=415,416,1,2,285256511182974,0,0,0,0,0,0,0,0,4,1,3
event=trace_row ordinal=2241 kind=5 ns=285256521205044 fields=513,6,15,0,0,0,0,0,0,0,16,0,0,0,0,0
event=trace_row ordinal=2242 kind=0 ns=285256521135919 fields=416,2,0,25,1,0,0,0,0,0,0,0,0,0,0,0
event=trace_row ordinal=2243 kind=1 ns=285256521135919 fields=416,2,0,1005,997,200,1000,0,1,0,0,0,0,0,0,0
event=trace_row ordinal=2244 kind=3 ns=285256521216419 fields=416,417,1,2,285256521135919,0,0,0,0,0,0,0,0,4,1,3
event=trace_row ordinal=2245 kind=5 ns=285256531189489 fields=513,6,15,0,0,0,0,0,0,0,16,0,0,0,0,0
event=trace_row ordinal=2246 kind=0 ns=285256531128821 fields=417,2,0,50,2,0,0,0,0,0,0,0,0,0,0,0
event=trace_row ordinal=2247 kind=1 ns=285256531128821 fields=417,2,0,1005,997,200,1000,0,1,0,0,0,0,0,0,0
event=trace_row ordinal=2248 kind=1 ns=285256531128821 fields=417,2,1,1005,997,200,1000,0,1,0,0,0,0,0,0,0
event=trace_row ordinal=2249 kind=3 ns=285256531199406 fields=417,418,1,2,285256531128821,0,0,0,0,0,0,0,0,4,1,3
event=trace_row ordinal=2250 kind=5 ns=285256541182683 fields=513,6,15,0,0,0,0,0,0,0,16,0,0,0,0,0
event=trace_row ordinal=2251 kind=0 ns=285256541128141 fields=418,2,0,25,1,0,0,0,0,0,0,0,0,0,0,0
event=trace_row ordinal=2252 kind=1 ns=285256541128141 fields=418,2,0,1005,997,200,1000,0,1,0,0,0,0,0,0,0
event=trace_row ordinal=2253 kind=3 ns=285256541192017 fields=418,419,1,2,285256541128141,0,0,0,0,0,0,0,0,4,1,3
event=trace_row ordinal=2254 kind=4 ns=285256549135355 fields=385,8,39,20,39,20,0,0,0,0,16,0,0,0,0,0
event=trace_row ordinal=2255 kind=4 ns=285256549450359 fields=641,5,3,0,0,0,0,0,0,0,16,0,0,0,0,0
event=trace_row ordinal=2256 kind=5 ns=285256551189295 fields=513,6,15,0,0,0,0,0,0,0,16,0,0,0,0,0
event=trace_row ordinal=2257 kind=0 ns=285256551130377 fields=419,2,0,50,2,0,0,0,0,0,0,0,0,0,0,0
event=trace_row ordinal=2258 kind=1 ns=285256551130377 fields=419,2,0,1005,997,200,1000,0,1,0,0,0,0,0,0,0
event=trace_row ordinal=2259 kind=1 ns=285256551130377 fields=419,2,1,1005,997,200,1000,0,1,0,0,0,0,0,0,0
event=trace_row ordinal=2260 kind=3 ns=285256551198920 fields=419,420,1,2,285256551130377,0,0,0,0,0,0,0,0,4,1,3
event=trace_row ordinal=2261 kind=5 ns=285256561182489 fields=513,6,15,0,0,0,0,0,0,0,16,0,0,0,0,0
event=trace_row ordinal=2262 kind=0 ns=285256561128239 fields=420,2,0,25,1,0,0,0,0,0,0,0,0,0,0,0
event=trace_row ordinal=2263 kind=1 ns=285256561128239 fields=420,2,0,1005,997,200,1000,0,1,0,0,0,0,0,0,0
event=trace_row ordinal=2264 kind=3 ns=285256561191823 fields=420,421,1,2,285256561128239,0,0,0,0,0,0,0,0,4,1,3
event=trace_row ordinal=2265 kind=5 ns=285256571182100 fields=513,6,15,0,0,0,0,0,0,0,16,0,0,0,0,0
event=trace_row ordinal=2266 kind=0 ns=285256571128725 fields=421,2,0,25,1,0,0,0,0,0,0,0,0,0,0,0
event=trace_row ordinal=2267 kind=1 ns=285256571128725 fields=421,2,0,1005,997,200,1000,0,1,0,0,0,0,0,0,0
event=trace_row ordinal=2268 kind=3 ns=285256571191434 fields=421,422,1,2,285256571128725,0,0,0,0,0,0,0,0,4,1,3
event=trace_row ordinal=2269 kind=5 ns=285256581188128 fields=513,6,15,0,0,0,0,0,0,0,16,0,0,0,0,0
event=trace_row ordinal=2270 kind=0 ns=285256581128628 fields=422,2,0,50,2,0,0,0,0,0,0,0,0,0,0,0
event=trace_row ordinal=2271 kind=1 ns=285256581128628 fields=422,2,0,1005,997,200,1000,0,1,0,0,0,0,0,0,0
event=trace_row ordinal=2272 kind=1 ns=285256581128628 fields=422,2,1,1005,997,200,1000,0,1,0,0,0,0,0,0,0
event=trace_row ordinal=2273 kind=3 ns=285256581198045 fields=422,423,1,2,285256581128628,0,0,0,0,0,0,0,0,4,1,3
event=trace_row ordinal=2274 kind=5 ns=285256591181031 fields=513,6,15,0,0,0,0,0,0,0,16,0,0,0,0,0
event=trace_row ordinal=2275 kind=0 ns=285256591127947 fields=423,2,0,25,1,0,0,0,0,0,0,0,0,0,0,0
event=trace_row ordinal=2276 kind=1 ns=285256591127947 fields=423,2,0,1005,997,200,1000,0,1,0,0,0,0,0,0,0
event=trace_row ordinal=2277 kind=3 ns=285256591190656 fields=423,424,1,2,285256591127947,0,0,0,0,0,0,0,0,4,1,3
event=trace_row ordinal=2278 kind=4 ns=285256599076536 fields=385,8,39,20,39,20,0,0,0,0,16,0,0,0,0,0
event=trace_row ordinal=2279 kind=4 ns=285256599346914 fields=641,5,3,0,0,0,0,0,0,0,16,0,0,0,0,0
event=trace_row ordinal=2280 kind=5 ns=285256601187351 fields=513,6,15,0,0,0,0,0,0,0,16,0,0,0,0,0
event=trace_row ordinal=2281 kind=0 ns=285256601128434 fields=424,2,0,50,2,0,0,0,0,0,0,0,0,0,0,0
event=trace_row ordinal=2282 kind=1 ns=285256601128434 fields=424,2,0,1005,997,200,1000,0,1,0,0,0,0,0,0,0
event=trace_row ordinal=2283 kind=1 ns=285256601128434 fields=424,2,1,1005,997,200,1000,0,1,0,0,0,0,0,0,0
event=trace_row ordinal=2284 kind=3 ns=285256601196976 fields=424,425,1,2,285256601128434,0,0,0,0,0,0,0,0,4,1,3
event=trace_row ordinal=2285 kind=5 ns=285256611181712 fields=513,6,15,0,0,0,0,0,0,0,16,0,0,0,0,0
event=trace_row ordinal=2286 kind=0 ns=285256611126295 fields=425,2,0,25,1,0,0,0,0,0,0,0,0,0,0,0
event=trace_row ordinal=2287 kind=1 ns=285256611126295 fields=425,2,0,1005,997,200,1000,0,1,0,0,0,0,0,0,0
event=trace_row ordinal=2288 kind=3 ns=285256611191046 fields=425,426,1,2,285256611126295,0,0,0,0,0,0,0,0,4,1,3
event=trace_row ordinal=2289 kind=5 ns=285256621186574 fields=513,6,15,0,0,0,0,0,0,0,16,0,0,0,0,0
event=trace_row ordinal=2290 kind=0 ns=285256621127948 fields=426,2,0,50,2,0,0,0,0,0,0,0,0,0,0,0
event=trace_row ordinal=2291 kind=1 ns=285256621127948 fields=426,2,0,1005,997,200,1000,0,1,0,0,0,0,0,0,0
event=trace_row ordinal=2292 kind=1 ns=285256621127948 fields=426,2,1,1005,997,200,1000,0,1,0,0,0,0,0,0,0
event=trace_row ordinal=2293 kind=3 ns=285256621196199 fields=426,427,1,2,285256621127948,0,0,0,0,0,0,0,0,4,1,3
event=trace_row ordinal=2294 kind=5 ns=285256631180935 fields=513,6,15,0,0,0,0,0,0,0,16,0,0,0,0,0
event=trace_row ordinal=2295 kind=0 ns=285256631127851 fields=427,2,0,25,1,0,0,0,0,0,0,0,0,0,0,0
event=trace_row ordinal=2296 kind=1 ns=285256631127851 fields=427,2,0,1005,997,200,1000,0,1,0,0,0,0,0,0,0
event=trace_row ordinal=2297 kind=3 ns=285256631190268 fields=427,428,1,2,285256631127851,0,0,0,0,0,0,0,0,4,1,3
event=trace_row ordinal=2298 kind=5 ns=285256641182588 fields=513,6,15,0,0,0,0,0,0,0,16,0,0,0,0,0
event=trace_row ordinal=2299 kind=0 ns=285256641128045 fields=428,2,0,25,1,0,0,0,0,0,0,0,0,0,0,0
event=trace_row ordinal=2300 kind=1 ns=285256641128045 fields=428,2,0,1005,997,200,1000,0,1,0,0,0,0,0,0,0
event=trace_row ordinal=2301 kind=3 ns=285256641191921 fields=428,429,1,2,285256641128045,0,0,0,0,0,0,0,0,4,1,3
event=trace_row ordinal=2302 kind=4 ns=285256649019758 fields=385,8,39,20,39,20,0,0,0,0,16,0,0,0,0,0
event=trace_row ordinal=2303 kind=4 ns=285256649407971 fields=641,5,3,0,0,0,0,0,0,0,16,0,0,0,0,0
event=trace_row ordinal=2304 kind=5 ns=285256651187157 fields=513,6,15,0,0,0,0,0,0,0,16,0,0,0,0,0
event=trace_row ordinal=2305 kind=0 ns=285256651128823 fields=429,2,0,50,2,0,0,0,0,0,0,0,0,0,0,0
event=trace_row ordinal=2306 kind=1 ns=285256651128823 fields=429,2,0,1005,997,200,1000,0,1,0,0,0,0,0,0,0
event=trace_row ordinal=2307 kind=1 ns=285256651128823 fields=429,2,1,1005,997,200,1000,0,1,0,0,0,0,0,0,0
event=trace_row ordinal=2308 kind=3 ns=285256651196782 fields=429,430,1,2,285256651128823,0,0,0,0,0,0,0,0,4,1,3
event=trace_row ordinal=2309 kind=5 ns=285256661182394 fields=513,6,15,0,0,0,0,0,0,0,16,0,0,0,0,0
event=trace_row ordinal=2310 kind=0 ns=285256661128726 fields=430,2,0,25,1,0,0,0,0,0,0,0,0,0,0,0
event=trace_row ordinal=2311 kind=1 ns=285256661128726 fields=430,2,0,1005,997,200,1000,0,1,0,0,0,0,0,0,0
event=trace_row ordinal=2312 kind=3 ns=285256661191727 fields=430,431,1,2,285256661128726,0,0,0,0,0,0,0,0,4,1,3
event=trace_row ordinal=2313 kind=5 ns=285256671209130 fields=513,6,15,0,0,0,0,0,0,0,16,0,0,0,0,0
event=trace_row ordinal=2314 kind=0 ns=285256671135338 fields=431,2,0,50,2,0,0,0,0,0,0,0,0,0,0,0
event=trace_row ordinal=2315 kind=1 ns=285256671135338 fields=431,2,0,1005,997,200,1000,0,1,0,0,0,0,0,0,0
event=trace_row ordinal=2316 kind=1 ns=285256671135338 fields=431,2,1,1005,997,200,1000,0,1,0,0,0,0,0,0,0
event=trace_row ordinal=2317 kind=3 ns=285256671219922 fields=431,432,1,2,285256671135338,0,0,0,0,0,0,0,0,4,1,3
event=trace_row ordinal=2318 kind=5 ns=285256681197075 fields=513,6,15,0,0,0,0,0,0,0,16,0,0,0,0,0
event=trace_row ordinal=2319 kind=0 ns=285256681133491 fields=432,2,0,25,1,0,0,0,0,0,0,0,0,0,0,0
event=trace_row ordinal=2320 kind=1 ns=285256681133491 fields=432,2,0,1005,997,200,1000,0,1,0,0,0,0,0,0,0
event=trace_row ordinal=2321 kind=3 ns=285256681207866 fields=432,433,1,2,285256681133491,0,0,0,0,0,0,0,0,4,1,3
event=trace_row ordinal=2322 kind=5 ns=285256691291770 fields=513,6,15,0,0,0,0,0,0,0,16,0,0,0,0,0
event=trace_row ordinal=2323 kind=0 ns=285256691164311 fields=433,2,0,50,2,0,0,0,0,0,0,0,0,0,0,0
event=trace_row ordinal=2324 kind=1 ns=285256691164311 fields=433,2,0,1005,997,200,1000,0,1,0,0,0,0,0,0,0
event=trace_row ordinal=2325 kind=1 ns=285256691164311 fields=433,2,1,1005,997,200,1000,0,1,0,0,0,0,0,0,0
event=trace_row ordinal=2326 kind=3 ns=285256691309562 fields=433,434,1,2,285256691164311,0,0,0,0,0,0,0,0,4,1,3
event=trace_row ordinal=2327 kind=4 ns=285256698998273 fields=385,8,39,20,39,20,0,0,0,0,16,0,0,0,0,0
event=trace_row ordinal=2328 kind=4 ns=285256699371319 fields=641,5,3,0,0,0,0,0,0,0,16,0,0,0,0,0
event=trace_row ordinal=2329 kind=5 ns=285256701243839 fields=513,6,15,0,0,0,0,0,0,0,16,0,0,0,0,0
event=trace_row ordinal=2330 kind=0 ns=285256701152255 fields=434,2,0,25,1,0,0,0,0,0,0,0,0,0,0,0
event=trace_row ordinal=2331 kind=1 ns=285256701152255 fields=434,2,0,1005,997,200,1000,0,1,0,0,0,0,0,0,0
event=trace_row ordinal=2332 kind=3 ns=285256701256673 fields=434,435,1,2,285256701152255,0,0,0,0,0,0,0,0,4,1,3
event=trace_row ordinal=2333 kind=5 ns=285256711279326 fields=513,6,15,0,0,0,0,0,0,0,16,0,0,0,0,0
event=trace_row ordinal=2334 kind=0 ns=285256711163533 fields=435,2,0,25,1,0,0,0,0,0,0,0,0,0,0,0
event=trace_row ordinal=2335 kind=1 ns=285256711163533 fields=435,2,0,1005,997,200,1000,0,1,0,0,0,0,0,0,0
event=trace_row ordinal=2336 kind=3 ns=285256711299743 fields=435,436,1,2,285256711163533,0,0,0,0,0,0,0,0,4,1,3
event=trace_row ordinal=2337 kind=5 ns=285256721272229 fields=513,6,15,0,0,0,0,0,0,0,16,0,0,0,0,0
event=trace_row ordinal=2338 kind=0 ns=285256721160228 fields=436,2,0,50,2,0,0,0,0,0,0,0,0,0,0,0
event=trace_row ordinal=2339 kind=1 ns=285256721160228 fields=436,2,0,1005,997,200,1000,0,1,0,0,0,0,0,0,0
event=trace_row ordinal=2340 kind=1 ns=285256721160228 fields=436,2,1,1005,997,200,1000,0,1,0,0,0,0,0,0,0
event=trace_row ordinal=2341 kind=3 ns=285256721291187 fields=436,437,1,2,285256721160228,0,0,0,0,0,0,0,0,4,1,3
event=trace_row ordinal=2342 kind=5 ns=285256731289924 fields=513,6,15,0,0,0,0,0,0,0,16,0,0,0,0,0
event=trace_row ordinal=2343 kind=0 ns=285256731169172 fields=437,2,0,25,1,0,0,0,0,0,0,0,0,0,0,0
event=trace_row ordinal=2344 kind=1 ns=285256731169172 fields=437,2,0,1005,997,200,1000,0,1,0,0,0,0,0,0,0
event=trace_row ordinal=2345 kind=3 ns=285256731309757 fields=437,438,1,2,285256731169172,0,0,0,0,0,0,0,0,4,1,3
event=trace_row ordinal=2346 kind=4 ns=285256733918161 fields=1793,1,5,0,0,0,0,0,0,0,16,0,0,0,0,0
event=trace_row ordinal=2347 kind=5 ns=285256741253368 fields=513,6,15,0,0,0,0,0,0,0,16,0,0,0,0,0
event=trace_row ordinal=2348 kind=0 ns=285256741155367 fields=438,2,0,50,2,0,0,0,0,0,0,0,0,0,0,0
event=trace_row ordinal=2349 kind=1 ns=285256741155367 fields=438,2,0,1005,997,200,1000,0,1,0,0,0,0,0,0,0
event=trace_row ordinal=2350 kind=1 ns=285256741155367 fields=438,2,1,1005,997,200,1000,0,1,0,0,0,0,0,0,0
event=trace_row ordinal=2351 kind=3 ns=285256741268243 fields=438,439,1,2,285256741155367,0,0,0,0,0,0,0,0,4,1,3
event=trace_row ordinal=2352 kind=4 ns=285256749066038 fields=385,8,39,20,39,20,0,0,0,0,16,0,0,0,0,0
event=trace_row ordinal=2353 kind=4 ns=285256749434417 fields=641,5,3,0,0,0,0,0,0,0,16,0,0,0,0,0
event=trace_row ordinal=2354 kind=5 ns=285256751325022 fields=513,6,15,0,0,0,0,0,0,0,16,0,0,0,0,0
event=trace_row ordinal=2355 kind=0 ns=285256751183562 fields=439,2,0,25,1,0,0,0,0,0,0,0,0,0,0,0
event=trace_row ordinal=2356 kind=1 ns=285256751183562 fields=439,2,0,1005,997,200,1000,0,1,0,0,0,0,0,0,0
event=trace_row ordinal=2357 kind=3 ns=285256751346022 fields=439,440,1,2,285256751183562,0,0,0,0,0,0,0,0,4,1,3
event=trace_row ordinal=2358 kind=5 ns=285256761258715 fields=513,6,15,0,0,0,0,0,0,0,16,0,0,0,0,0
event=trace_row ordinal=2359 kind=0 ns=285256761156923 fields=440,2,0,50,2,0,0,0,0,0,0,0,0,0,0,0
event=trace_row ordinal=2360 kind=1 ns=285256761156923 fields=440,2,0,1005,997,200,1000,0,1,0,0,0,0,0,0,0
event=trace_row ordinal=2361 kind=1 ns=285256761156923 fields=440,2,1,1005,997,200,1000,0,1,0,0,0,0,0,0,0
event=trace_row ordinal=2362 kind=3 ns=285256761272424 fields=440,441,1,2,285256761156923,0,0,0,0,0,0,0,0,4,1,3
event=trace_row ordinal=2363 kind=5 ns=285256771358953 fields=513,6,15,0,0,0,0,0,0,0,16,0,0,0,0,0
event=trace_row ordinal=2364 kind=0 ns=285256771194159 fields=441,2,0,25,1,0,0,0,0,0,0,0,0,0,0,0
event=trace_row ordinal=2365 kind=1 ns=285256771194159 fields=441,2,0,1005,997,200,1000,0,1,0,0,0,0,0,0,0
event=trace_row ordinal=2366 kind=3 ns=285256771382870 fields=441,442,1,2,285256771194159,0,0,0,0,0,0,0,0,4,1,3
event=trace_row ordinal=2367 kind=5 ns=285256781308105 fields=513,6,15,0,0,0,0,0,0,0,16,0,0,0,0,0
event=trace_row ordinal=2368 kind=0 ns=285256781175395 fields=442,2,0,25,1,0,0,0,0,0,0,0,0,0,0,0
event=trace_row ordinal=2369 kind=1 ns=285256781175395 fields=442,2,0,1005,997,200,1000,0,1,0,0,0,0,0,0,0
event=trace_row ordinal=2370 kind=3 ns=285256781330272 fields=442,443,1,2,285256781175395,0,0,0,0,0,0,0,0,4,1,3
event=trace_row ordinal=2371 kind=5 ns=285256791302758 fields=513,6,15,0,0,0,0,0,0,0,16,0,0,0,0,0
event=trace_row ordinal=2372 kind=0 ns=285256791171215 fields=443,2,0,50,2,0,0,0,0,0,0,0,0,0,0,0
event=trace_row ordinal=2373 kind=1 ns=285256791171215 fields=443,2,0,1005,997,200,1000,0,1,0,0,0,0,0,0,0
event=trace_row ordinal=2374 kind=1 ns=285256791171215 fields=443,2,1,1005,998,200,1000,0,1,0,0,0,0,0,0,0
event=trace_row ordinal=2375 kind=3 ns=285256791326383 fields=443,444,1,2,285256791171215,0,0,0,0,0,0,0,0,4,1,3
event=trace_row ordinal=2376 kind=4 ns=285256799036386 fields=385,8,39,20,39,20,0,0,0,0,16,0,0,0,0,0
event=trace_row ordinal=2377 kind=4 ns=285256799442974 fields=641,5,3,0,0,0,0,0,0,0,16,0,0,0,0,0
event=trace_row ordinal=2378 kind=5 ns=285256801297119 fields=513,6,15,0,0,0,0,0,0,0,16,0,0,0,0,0
event=trace_row ordinal=2379 kind=0 ns=285256801172868 fields=444,2,0,25,1,0,0,0,0,0,0,0,0,0,0,0
event=trace_row ordinal=2380 kind=1 ns=285256801172868 fields=444,2,0,1005,998,200,1000,0,1,0,0,0,0,0,0,0
event=trace_row ordinal=2381 kind=3 ns=285256801316661 fields=444,445,1,2,285256801172868,0,0,0,0,0,0,0,0,4,1,3
event=trace_row ordinal=2382 kind=5 ns=285256811228188 fields=513,6,15,0,0,0,0,0,0,0,16,0,0,0,0,0
event=trace_row ordinal=2383 kind=0 ns=285256811143896 fields=445,2,0,50,2,0,0,0,0,0,0,0,0,0,0,0
event=trace_row ordinal=2384 kind=1 ns=285256811143896 fields=445,2,0,1005,998,200,1000,0,1,0,0,0,0,0,0,0
event=trace_row ordinal=2385 kind=1 ns=285256811143896 fields=445,2,1,1005,997,200,1000,0,1,0,0,0,0,0,0,0
event=trace_row ordinal=2386 kind=3 ns=285256811241313 fields=445,446,1,2,285256811143896,0,0,0,0,0,0,0,0,4,1,3
event=trace_row ordinal=2387 kind=5 ns=285256821235091 fields=513,6,15,0,0,0,0,0,0,0,16,0,0,0,0,0
event=trace_row ordinal=2388 kind=0 ns=285256821145257 fields=446,2,0,25,1,0,0,0,0,0,0,0,0,0,0,0
event=trace_row ordinal=2389 kind=1 ns=285256821145257 fields=446,2,0,1005,997,200,1000,0,1,0,0,0,0,0,0,0
event=trace_row ordinal=2390 kind=3 ns=285256821248800 fields=446,447,1,2,285256821145257,0,0,0,0,0,0,0,0,4,1,3
event=trace_row ordinal=2391 kind=5 ns=285256831351954 fields=513,6,15,0,0,0,0,0,0,0,16,0,0,0,0,0
event=trace_row ordinal=2392 kind=0 ns=285256831172868 fields=447,2,0,50,2,0,0,0,0,0,0,0,0,0,0,0
event=trace_row ordinal=2393 kind=1 ns=285256831172868 fields=447,2,0,1005,997,200,1000,0,1,0,0,0,0,0,0,0
event=trace_row ordinal=2394 kind=1 ns=285256831172868 fields=447,2,1,1005,998,200,1000,0,1,0,0,0,0,0,0,0
event=trace_row ordinal=2395 kind=3 ns=285256831372662 fields=447,448,1,2,285256831172868,0,0,0,0,0,0,0,0,4,1,3
event=trace_row ordinal=2396 kind=5 ns=285256841263481 fields=513,6,15,0,0,0,0,0,0,0,16,0,0,0,0,0
event=trace_row ordinal=2397 kind=0 ns=285256841155563 fields=448,2,0,25,1,0,0,0,0,0,0,0,0,0,0,0
event=trace_row ordinal=2398 kind=1 ns=285256841155563 fields=448,2,0,1005,998,200,1000,0,1,0,0,0,0,0,0,0
event=trace_row ordinal=2399 kind=3 ns=285256841282439 fields=448,449,1,2,285256841155563,0,0,0,0,0,0,0,0,4,1,3
event=trace_row ordinal=2400 kind=4 ns=285256848964150 fields=385,8,39,20,39,20,0,0,0,0,16,0,0,0,0,0
event=trace_row ordinal=2401 kind=4 ns=285256849445405 fields=641,5,3,0,0,0,0,0,0,0,16,0,0,0,0,0
event=trace_row ordinal=2402 kind=5 ns=285256851241217 fields=513,6,15,0,0,0,0,0,0,0,16,0,0,0,0,0
event=trace_row ordinal=2403 kind=0 ns=285256851149049 fields=449,2,0,25,1,0,0,0,0,0,0,0,0,0,0,0
event=trace_row ordinal=2404 kind=1 ns=285256851149049 fields=449,2,0,1005,998,200,1000,0,1,0,0,0,0,0,0,0
event=trace_row ordinal=2405 kind=3 ns=285256851255509 fields=449,450,1,2,285256851149049,0,0,0,0,0,0,0,0,4,1,3
event=trace_row ordinal=2406 kind=5 ns=285256861233828 fields=513,6,15,0,0,0,0,0,0,0,16,0,0,0,0,0
event=trace_row ordinal=2407 kind=0 ns=285256861144869 fields=450,2,0,50,2,0,0,0,0,0,0,0,0,0,0,0
event=trace_row ordinal=2408 kind=1 ns=285256861144869 fields=450,2,0,1005,998,200,1000,0,1,0,0,0,0,0,0,0
event=trace_row ordinal=2409 kind=1 ns=285256861144869 fields=450,2,1,1005,998,200,1000,0,1,0,0,0,0,0,0,0
event=trace_row ordinal=2410 kind=3 ns=285256861246953 fields=450,451,1,2,285256861144869,0,0,0,0,0,0,0,0,4,1,3
event=trace_row ordinal=2411 kind=5 ns=285256871229647 fields=513,6,15,0,0,0,0,0,0,0,16,0,0,0,0,0
event=trace_row ordinal=2412 kind=0 ns=285256871146813 fields=451,2,0,25,1,0,0,0,0,0,0,0,0,0,0,0
event=trace_row ordinal=2413 kind=1 ns=285256871146813 fields=451,2,0,1005,998,200,1000,0,1,0,0,0,0,0,0,0
event=trace_row ordinal=2414 kind=3 ns=285256871241898 fields=451,452,1,2,285256871146813,0,0,0,0,0,0,0,0,4,1,3
event=trace_row ordinal=2415 kind=5 ns=285256881226342 fields=513,6,15,0,0,0,0,0,0,0,16,0,0,0,0,0
event=trace_row ordinal=2416 kind=0 ns=285256881141174 fields=452,2,0,50,2,0,0,0,0,0,0,0,0,0,0,0
event=trace_row ordinal=2417 kind=1 ns=285256881141174 fields=452,2,0,1005,998,200,1000,0,1,0,0,0,0,0,0,0
event=trace_row ordinal=2418 kind=1 ns=285256881141174 fields=452,2,1,1005,998,200,1000,0,1,0,0,0,0,0,0,0
event=trace_row ordinal=2419 kind=3 ns=285256881239176 fields=452,453,1,2,285256881141174,0,0,0,0,0,0,0,0,4,1,3
event=trace_row ordinal=2420 kind=5 ns=285256891230037 fields=513,6,15,0,0,0,0,0,0,0,16,0,0,0,0,0
event=trace_row ordinal=2421 kind=0 ns=285256891144869 fields=453,2,0,25,1,0,0,0,0,0,0,0,0,0,0,0
event=trace_row ordinal=2422 kind=1 ns=285256891144869 fields=453,2,0,1005,998,200,1000,0,1,0,0,0,0,0,0,0
event=trace_row ordinal=2423 kind=3 ns=285256891243454 fields=453,454,1,2,285256891144869,0,0,0,0,0,0,0,0,4,1,3
event=trace_row ordinal=2424 kind=4 ns=285256898904747 fields=385,8,39,20,39,20,0,0,0,0,16,0,0,0,0,0
event=trace_row ordinal=2425 kind=4 ns=285256899455712 fields=641,5,3,0,0,0,0,0,0,0,16,0,0,0,0,0
event=trace_row ordinal=2426 kind=5 ns=285256901196106 fields=513,6,15,0,0,0,0,0,0,0,16,0,0,0,0,0
event=trace_row ordinal=2427 kind=0 ns=285256901130189 fields=454,2,0,50,2,0,0,0,0,0,0,0,0,0,0,0
event=trace_row ordinal=2428 kind=1 ns=285256901130189 fields=454,2,0,1005,998,200,1000,0,1,0,0,0,0,0,0,0
event=trace_row ordinal=2429 kind=1 ns=285256901130189 fields=454,2,1,1005,998,200,1000,0,1,0,0,0,0,0,0,0
event=trace_row ordinal=2430 kind=3 ns=285256901205731 fields=454,455,1,2,285256901130189,0,0,0,0,0,0,0,0,4,1,3
event=trace_row ordinal=2431 kind=5 ns=285256911183467 fields=513,6,15,0,0,0,0,0,0,0,16,0,0,0,0,0
event=trace_row ordinal=2432 kind=0 ns=285256911129508 fields=455,2,0,25,1,0,0,0,0,0,0,0,0,0,0,0
event=trace_row ordinal=2433 kind=1 ns=285256911129508 fields=455,2,0,1005,998,200,1000,0,1,0,0,0,0,0,0,0
event=trace_row ordinal=2434 kind=3 ns=285256911192801 fields=455,456,1,2,285256911129508,0,0,0,0,0,0,0,0,4,1,3
event=trace_row ordinal=2435 kind=5 ns=285256921181912 fields=513,6,15,0,0,0,0,0,0,0,16,0,0,0,0,0
event=trace_row ordinal=2436 kind=0 ns=285256921128244 fields=456,2,0,25,1,0,0,0,0,0,0,0,0,0,0,0
event=trace_row ordinal=2437 kind=1 ns=285256921128244 fields=456,2,0,1005,997,200,1000,0,1,0,0,0,0,0,0,0
event=trace_row ordinal=2438 kind=3 ns=285256921191537 fields=456,457,1,2,285256921128244,0,0,0,0,0,0,0,0,4,1,3
event=trace_row ordinal=2439 kind=5 ns=285256931188231 fields=513,6,15,0,0,0,0,0,0,0,16,0,0,0,0,0
event=trace_row ordinal=2440 kind=0 ns=285256931129314 fields=457,2,0,50,2,0,0,0,0,0,0,0,0,0,0,0
event=trace_row ordinal=2441 kind=1 ns=285256931129314 fields=457,2,0,1005,997,200,1000,0,1,0,0,0,0,0,0,0
event=trace_row ordinal=2442 kind=1 ns=285256931129314 fields=457,2,1,1005,997,200,1000,0,1,0,0,0,0,0,0,0
event=trace_row ordinal=2443 kind=3 ns=285256931197565 fields=457,458,1,2,285256931129314,0,0,0,0,0,0,0,0,4,1,3
event=trace_row ordinal=2444 kind=5 ns=285256941182301 fields=513,6,15,0,0,0,0,0,0,0,16,0,0,0,0,0
event=trace_row ordinal=2445 kind=0 ns=285256941128050 fields=458,2,0,25,1,0,0,0,0,0,0,0,0,0,0,0
event=trace_row ordinal=2446 kind=1 ns=285256941128050 fields=458,2,0,1005,997,200,1000,0,1,0,0,0,0,0,0,0
event=trace_row ordinal=2447 kind=3 ns=285256941191634 fields=458,459,1,2,285256941128050,0,0,0,0,0,0,0,0,4,1,3
event=trace_row ordinal=2448 kind=4 ns=285256948831928 fields=385,8,39,20,39,20,0,0,0,0,16,0,0,0,0,0
event=trace_row ordinal=2449 kind=4 ns=285256949465435 fields=641,5,3,0,0,0,0,0,0,0,16,0,0,0,0,0
event=trace_row ordinal=2450 kind=5 ns=285256951186287 fields=513,6,15,0,0,0,0,0,0,0,16,0,0,0,0,0
event=trace_row ordinal=2451 kind=0 ns=285256951127953 fields=459,2,0,50,2,0,0,0,0,0,0,0,0,0,0,0
event=trace_row ordinal=2452 kind=1 ns=285256951127953 fields=459,2,0,1005,997,200,1000,0,1,0,0,0,0,0,0,0
event=trace_row ordinal=2453 kind=1 ns=285256951127953 fields=459,2,1,1005,997,200,1000,0,1,0,0,0,0,0,0,0
event=trace_row ordinal=2454 kind=3 ns=285256951195912 fields=459,460,1,2,285256951127953,0,0,0,0,0,0,0,0,4,1,3
event=trace_row ordinal=2455 kind=5 ns=285256961182690 fields=513,6,15,0,0,0,0,0,0,0,16,0,0,0,0,0
event=trace_row ordinal=2456 kind=0 ns=285256961127856 fields=460,2,0,25,1,0,0,0,0,0,0,0,0,0,0,0
event=trace_row ordinal=2457 kind=1 ns=285256961127856 fields=460,2,0,1005,997,200,1000,0,1,0,0,0,0,0,0,0
event=trace_row ordinal=2458 kind=3 ns=285256961192024 fields=460,461,1,2,285256961127856,0,0,0,0,0,0,0,0,4,1,3
event=trace_row ordinal=2459 kind=5 ns=285256971187551 fields=513,6,15,0,0,0,0,0,0,0,16,0,0,0,0,0
event=trace_row ordinal=2460 kind=0 ns=285256971128634 fields=461,2,0,50,2,0,0,0,0,0,0,0,0,0,0,0
event=trace_row ordinal=2461 kind=1 ns=285256971128634 fields=461,2,0,1005,997,200,1000,0,1,0,0,0,0,0,0,0
event=trace_row ordinal=2462 kind=1 ns=285256971128634 fields=461,2,1,1005,997,200,1000,0,1,0,0,0,0,0,0,0
event=trace_row ordinal=2463 kind=3 ns=285256971197176 fields=461,462,1,2,285256971128634,0,0,0,0,0,0,0,0,4,1,3
event=trace_row ordinal=2464 kind=5 ns=285256981182496 fields=513,6,15,0,0,0,0,0,0,0,16,0,0,0,0,0
event=trace_row ordinal=2465 kind=0 ns=285256981127662 fields=462,2,0,25,1,0,0,0,0,0,0,0,0,0,0,0
event=trace_row ordinal=2466 kind=1 ns=285256981127662 fields=462,2,0,1005,997,200,1000,0,1,0,0,0,0,0,0,0
event=trace_row ordinal=2467 kind=3 ns=285256981191829 fields=462,463,1,2,285256981127662,0,0,0,0,0,0,0,0,4,1,3
event=trace_row ordinal=2468 kind=4 ns=285256983501855 fields=1793,1,5,0,0,0,0,0,0,0,16,0,0,0,0,0
event=trace_row ordinal=2469 kind=5 ns=285256991181815 fields=513,6,15,0,0,0,0,0,0,0,16,0,0,0,0,0
event=trace_row ordinal=2470 kind=0 ns=285256991128148 fields=463,2,0,25,1,0,0,0,0,0,0,0,0,0,0,0
event=trace_row ordinal=2471 kind=1 ns=285256991128148 fields=463,2,0,1005,997,200,1000,0,1,0,0,0,0,0,0,0
event=trace_row ordinal=2472 kind=3 ns=285256991190857 fields=463,464,1,2,285256991128148,0,0,0,0,0,0,0,0,4,1,3
event=trace_row ordinal=2473 kind=4 ns=285256998774858 fields=385,8,39,20,39,20,0,0,0,0,16,0,0,0,0,0
event=trace_row ordinal=2474 kind=4 ns=285256999473699 fields=641,5,3,0,0,0,0,0,0,0,16,0,0,0,0,0
event=trace_row ordinal=2475 kind=5 ns=285257001188718 fields=513,6,15,0,0,0,0,0,0,0,16,0,0,0,0,0
event=trace_row ordinal=2476 kind=0 ns=285257001129218 fields=464,2,0,50,2,0,0,0,0,0,0,0,0,0,0,0
event=trace_row ordinal=2477 kind=1 ns=285257001129218 fields=464,2,0,1005,997,200,1000,0,1,0,0,0,0,0,0,0
event=trace_row ordinal=2478 kind=1 ns=285257001129218 fields=464,2,1,1005,997,200,1000,0,1,0,0,0,0,0,0,0
event=trace_row ordinal=2479 kind=3 ns=285257001198635 fields=464,465,1,2,285257001129218,0,0,0,0,0,0,0,0,4,1,3
event=trace_row ordinal=2480 kind=5 ns=285257011200580 fields=513,6,15,0,0,0,0,0,0,0,16,0,0,0,0,0
event=trace_row ordinal=2481 kind=0 ns=285257011133496 fields=465,2,0,25,1,0,0,0,0,0,0,0,0,0,0,0
event=trace_row ordinal=2482 kind=1 ns=285257011133496 fields=465,2,0,1005,997,200,1000,0,1,0,0,0,0,0,0,0
event=trace_row ordinal=2483 kind=3 ns=285257011211372 fields=465,466,1,2,285257011133496,0,0,0,0,0,0,0,0,4,1,3
event=trace_row ordinal=2484 kind=5 ns=285257021190858 fields=513,6,15,0,0,0,0,0,0,0,16,0,0,0,0,0
event=trace_row ordinal=2485 kind=0 ns=285257021128732 fields=466,2,0,50,2,0,0,0,0,0,0,0,0,0,0,0
event=trace_row ordinal=2486 kind=1 ns=285257021128732 fields=466,2,0,1005,997,200,1000,0,1,0,0,0,0,0,0,0
event=trace_row ordinal=2487 kind=1 ns=285257021128732 fields=466,2,1,1005,997,200,1000,0,1,0,0,0,0,0,0,0
event=trace_row ordinal=2488 kind=3 ns=285257021200483 fields=466,467,1,2,285257021128732,0,0,0,0,0,0,0,0,4,1,3
event=trace_row ordinal=2489 kind=5 ns=285257031182885 fields=513,6,15,0,0,0,0,0,0,0,16,0,0,0,0,0
event=trace_row ordinal=2490 kind=0 ns=285257031128635 fields=467,2,0,25,1,0,0,0,0,0,0,0,0,0,0,0
event=trace_row ordinal=2491 kind=1 ns=285257031128635 fields=467,2,0,1005,997,200,1000,0,1,0,0,0,0,0,0,0
event=trace_row ordinal=2492 kind=3 ns=285257031192219 fields=467,468,1,2,285257031128635,0,0,0,0,0,0,0,0,4,1,3
event=trace_row ordinal=2493 kind=5 ns=285257041306456 fields=513,6,15,0,0,0,0,0,0,0,16,0,0,0,0,0
event=trace_row ordinal=2494 kind=0 ns=285257041176955 fields=468,2,0,50,2,0,0,0,0,0,0,0,0,0,0,0
event=trace_row ordinal=2495 kind=1 ns=285257041176955 fields=468,2,0,1005,997,200,1000,0,1,0,0,0,0,0,0,0
event=trace_row ordinal=2496 kind=1 ns=285257041176955 fields=468,2,1,1005,997,200,1000,0,1,0,0,0,0,0,0,0
event=trace_row ordinal=2497 kind=3 ns=285257041327165 fields=468,469,1,2,285257041176955,0,0,0,0,0,0,0,0,4,1,3
event=trace_row ordinal=2498 kind=4 ns=285257048685122 fields=385,8,39,20,39,20,0,0,0,0,16,0,0,0,0,0
event=trace_row ordinal=2499 kind=4 ns=285257049381046 fields=641,5,3,0,0,0,0,0,0,0,16,0,0,0,0,0
event=trace_row ordinal=2500 kind=5 ns=285257051212150 fields=513,6,15,0,0,0,0,0,0,0,16,0,0,0,0,0
event=trace_row ordinal=2501 kind=0 ns=285257051138066 fields=469,2,0,25,1,0,0,0,0,0,0,0,0,0,0,0
event=trace_row ordinal=2502 kind=1 ns=285257051138066 fields=469,2,0,1005,997,200,1000,0,1,0,0,0,0,0,0,0
event=trace_row ordinal=2503 kind=3 ns=285257051224692 fields=469,470,1,2,285257051138066,0,0,0,0,0,0,0,0,4,1,3
event=trace_row ordinal=2504 kind=5 ns=285257061187844 fields=513,6,15,0,0,0,0,0,0,0,16,0,0,0,0,0
event=trace_row ordinal=2505 kind=0 ns=285257061130677 fields=470,2,0,25,1,0,0,0,0,0,0,0,0,0,0,0
event=trace_row ordinal=2506 kind=1 ns=285257061130677 fields=470,2,0,1005,997,200,1000,0,1,0,0,0,0,0,0,0
event=trace_row ordinal=2507 kind=3 ns=285257061197469 fields=470,471,1,2,285257061130677,0,0,0,0,0,0,0,0,4,1,3
event=trace_row ordinal=2508 kind=5 ns=285257071188039 fields=513,6,15,0,0,0,0,0,0,0,16,0,0,0,0,0
event=trace_row ordinal=2509 kind=0 ns=285257071128247 fields=471,2,0,50,2,0,0,0,0,0,0,0,0,0,0,0
event=trace_row ordinal=2510 kind=1 ns=285257071128247 fields=471,2,0,1005,997,200,1000,0,1,0,0,0,0,0,0,0
event=trace_row ordinal=2511 kind=1 ns=285257071128247 fields=471,2,1,1005,998,200,1000,0,1,0,0,0,0,0,0,0
event=trace_row ordinal=2512 kind=3 ns=285257071198247 fields=471,472,1,2,285257071128247,0,0,0,0,0,0,0,0,4,1,3
event=trace_row ordinal=2513 kind=5 ns=285257081181525 fields=513,6,15,0,0,0,0,0,0,0,16,0,0,0,0,0
event=trace_row ordinal=2514 kind=0 ns=285257081127858 fields=472,2,0,25,1,0,0,0,0,0,0,0,0,0,0,0
event=trace_row ordinal=2515 kind=1 ns=285257081127858 fields=472,2,0,1005,998,200,1000,0,1,0,0,0,0,0,0,0
event=trace_row ordinal=2516 kind=3 ns=285257081191150 fields=472,473,1,2,285257081127858,0,0,0,0,0,0,0,0,4,1,3
event=trace_row ordinal=2517 kind=5 ns=285257091188428 fields=513,6,15,0,0,0,0,0,0,0,16,0,0,0,0,0
event=trace_row ordinal=2518 kind=0 ns=285257091128344 fields=473,2,0,50,2,0,0,0,0,0,0,0,0,0,0,0
event=trace_row ordinal=2519 kind=1 ns=285257091128344 fields=473,2,0,1005,998,200,1000,0,1,0,0,0,0,0,0,0
event=trace_row ordinal=2520 kind=1 ns=285257091128344 fields=473,2,1,1005,1000,200,1000,0,1,0,0,0,0,0,0,0
event=trace_row ordinal=2521 kind=3 ns=285257091198053 fields=473,474,1,2,285257091128344,0,0,0,0,0,0,0,0,4,1,3
event=trace_row ordinal=2522 kind=4 ns=285257098703303 fields=385,8,39,20,39,20,0,0,0,0,16,0,0,0,0,0
event=trace_row ordinal=2523 kind=4 ns=285257099437436 fields=641,5,3,0,0,0,0,0,0,0,16,0,0,0,0,0
event=trace_row ordinal=2524 kind=5 ns=285257101183373 fields=513,6,15,0,0,0,0,0,0,0,16,0,0,0,0,0
event=trace_row ordinal=2525 kind=0 ns=285257101128539 fields=474,2,0,25,1,0,0,0,0,0,0,0,0,0,0,0
event=trace_row ordinal=2526 kind=1 ns=285257101128539 fields=474,2,0,1005,1000,200,1000,0,1,0,0,0,0,0,0,0
event=trace_row ordinal=2527 kind=3 ns=285257101192706 fields=474,475,1,2,285257101128539,0,0,0,0,0,0,0,0,4,1,3
event=trace_row ordinal=2528 kind=5 ns=285257111188526 fields=513,6,15,0,0,0,0,0,0,0,16,0,0,0,0,0
event=trace_row ordinal=2529 kind=0 ns=285257111128733 fields=475,2,0,50,2,0,0,0,0,0,0,0,0,0,0,0
event=trace_row ordinal=2530 kind=1 ns=285257111128733 fields=475,2,0,1005,1000,200,1000,0,1,0,0,0,0,0,0,0
event=trace_row ordinal=2531 kind=1 ns=285257111128733 fields=475,2,1,1004,1000,200,1000,0,1,0,0,0,0,0,0,0
event=trace_row ordinal=2532 kind=3 ns=285257111198442 fields=475,476,1,2,285257111128733,0,0,0,0,0,0,0,0,4,1,3
event=trace_row ordinal=2533 kind=5 ns=285257121182595 fields=513,6,15,0,0,0,0,0,0,0,16,0,0,0,0,0
event=trace_row ordinal=2534 kind=0 ns=285257121128344 fields=476,2,0,25,1,0,0,0,0,0,0,0,0,0,0,0
event=trace_row ordinal=2535 kind=1 ns=285257121128344 fields=476,2,0,1004,1000,200,1000,0,1,0,0,0,0,0,0,0
event=trace_row ordinal=2536 kind=3 ns=285257121191928 fields=476,477,1,2,285257121128344,0,0,0,0,0,0,0,0,4,1,3
event=trace_row ordinal=2537 kind=5 ns=285257131181623 fields=513,6,15,0,0,0,0,0,0,0,16,0,0,0,0,0
event=trace_row ordinal=2538 kind=0 ns=285257131127956 fields=477,2,0,25,1,0,0,0,0,0,0,0,0,0,0,0
event=trace_row ordinal=2539 kind=1 ns=285257131127956 fields=477,2,0,1004,1000,200,1000,0,1,0,0,0,0,0,0,0
event=trace_row ordinal=2540 kind=3 ns=285257131190956 fields=477,478,1,2,285257131127956,0,0,0,0,0,0,0,0,4,1,3
event=trace_row ordinal=2541 kind=5 ns=285257141187943 fields=513,6,15,0,0,0,0,0,0,0,16,0,0,0,0,0
event=trace_row ordinal=2542 kind=0 ns=285257141128150 fields=478,2,0,50,2,0,0,0,0,0,0,0,0,0,0,0
event=trace_row ordinal=2543 kind=1 ns=285257141128150 fields=478,2,0,1005,1000,200,1000,0,1,0,0,0,0,0,0,0
event=trace_row ordinal=2544 kind=1 ns=285257141128150 fields=478,2,1,1005,1000,200,1000,0,1,0,0,0,0,0,0,0
event=trace_row ordinal=2545 kind=3 ns=285257141197859 fields=478,479,1,2,285257141128150,0,0,0,0,0,0,0,0,4,1,3
event=trace_row ordinal=2546 kind=4 ns=285257148621442 fields=385,8,39,20,39,20,0,0,0,0,16,0,0,0,0,0
event=trace_row ordinal=2547 kind=4 ns=285257149442784 fields=641,5,3,0,0,0,0,0,0,0,16,0,0,0,0,0
event=trace_row ordinal=2548 kind=5 ns=285257151184929 fields=513,6,15,0,0,0,0,0,0,0,16,0,0,0,0,0
event=trace_row ordinal=2549 kind=0 ns=285257151129220 fields=479,2,0,25,1,0,0,0,0,0,0,0,0,0,0,0
event=trace_row ordinal=2550 kind=1 ns=285257151129220 fields=479,2,0,1005,1000,200,1000,0,1,0,0,0,0,0,0,0
event=trace_row ordinal=2551 kind=3 ns=285257151194262 fields=479,480,1,2,285257151129220,0,0,0,0,0,0,0,0,4,1,3
event=trace_row ordinal=2552 kind=5 ns=285257161187165 fields=513,6,15,0,0,0,0,0,0,0,16,0,0,0,0,0
event=trace_row ordinal=2553 kind=0 ns=285257161127956 fields=480,2,0,50,2,0,0,0,0,0,0,0,0,0,0,0
event=trace_row ordinal=2554 kind=1 ns=285257161127956 fields=480,2,0,1004,1000,200,1000,0,1,0,0,0,0,0,0,0
event=trace_row ordinal=2555 kind=1 ns=285257161127956 fields=480,2,1,1004,1000,200,1000,0,1,0,0,0,0,0,0,0
event=trace_row ordinal=2556 kind=3 ns=285257161196790 fields=480,481,1,2,285257161127956,0,0,0,0,0,0,0,0,4,1,3
event=trace_row ordinal=2557 kind=5 ns=285257171181818 fields=513,6,15,0,0,0,0,0,0,0,16,0,0,0,0,0
event=trace_row ordinal=2558 kind=0 ns=285257171127859 fields=481,2,0,25,1,0,0,0,0,0,0,0,0,0,0,0
event=trace_row ordinal=2559 kind=1 ns=285257171127859 fields=481,2,0,1004,1000,200,1000,0,1,0,0,0,0,0,0,0
event=trace_row ordinal=2560 kind=3 ns=285257171191735 fields=481,482,1,2,285257171127859,0,0,0,0,0,0,0,0,4,1,3
event=trace_row ordinal=2561 kind=5 ns=285257181188138 fields=513,6,15,0,0,0,0,0,0,0,16,0,0,0,0,0
event=trace_row ordinal=2562 kind=0 ns=285257181128345 fields=482,2,0,50,2,0,0,0,0,0,0,0,0,0,0,0
event=trace_row ordinal=2563 kind=1 ns=285257181128345 fields=482,2,0,1005,999,200,1000,0,1,0,0,0,0,0,0,0
event=trace_row ordinal=2564 kind=1 ns=285257181128345 fields=482,2,1,1005,999,200,1000,0,1,0,0,0,0,0,0,0
event=trace_row ordinal=2565 kind=3 ns=285257181198054 fields=482,483,1,2,285257181128345,0,0,0,0,0,0,0,0,4,1,3
event=trace_row ordinal=2566 kind=5 ns=285257191181332 fields=513,6,15,0,0,0,0,0,0,0,16,0,0,0,0,0
event=trace_row ordinal=2567 kind=0 ns=285257191127957 fields=483,2,0,25,1,0,0,0,0,0,0,0,0,0,0,0
event=trace_row ordinal=2568 kind=1 ns=285257191127957 fields=483,2,0,1005,999,200,1000,0,1,0,0,0,0,0,0,0
event=trace_row ordinal=2569 kind=3 ns=285257191190666 fields=483,484,1,2,285257191127957,0,0,0,0,0,0,0,0,4,1,3
event=trace_row ordinal=2570 kind=4 ns=285257198573123 fields=385,8,39,20,39,20,0,0,0,0,16,0,0,0,0,0
event=trace_row ordinal=2571 kind=4 ns=285257199451632 fields=641,5,3,0,0,0,0,0,0,0,16,0,0,0,0,0
event=trace_row ordinal=2572 kind=5 ns=285257201199902 fields=513,6,15,0,0,0,0,0,0,0,16,0,0,0,0,0
event=trace_row ordinal=2573 kind=0 ns=285257201134860 fields=484,2,0,25,1,0,0,0,0,0,0,0,0,0,0,0
event=trace_row ordinal=2574 kind=1 ns=285257201134860 fields=484,2,0,1004,999,200,1000,0,1,0,0,0,0,0,0,0
event=trace_row ordinal=2575 kind=3 ns=285257201210110 fields=484,485,1,2,285257201134860,0,0,0,0,0,0,0,0,4,1,3
event=trace_row ordinal=2576 kind=5 ns=285257211199513 fields=513,6,15,0,0,0,0,0,0,0,16,0,0,0,0,0
event=trace_row ordinal=2577 kind=0 ns=285257211133012 fields=485,2,0,50,2,0,0,0,0,0,0,0,0,0,0,0
event=trace_row ordinal=2578 kind=1 ns=285257211133012 fields=485,2,0,1004,999,200,1000,0,1,0,0,0,0,0,0,0
event=trace_row ordinal=2579 kind=1 ns=285257211133012 fields=485,2,1,1005,998,200,1000,0,1,0,0,0,0,0,0,0
event=trace_row ordinal=2580 kind=3 ns=285257211209430 fields=485,486,1,2,285257211133012,0,0,0,0,0,0,0,0,4,1,3
event=trace_row ordinal=2581 kind=5 ns=285257221283417 fields=513,6,15,0,0,0,0,0,0,0,16,0,0,0,0,0
event=trace_row ordinal=2582 kind=0 ns=285257221165874 fields=486,2,0,25,1,0,0,0,0,0,0,0,0,0,0,0
event=trace_row ordinal=2583 kind=1 ns=285257221165874 fields=486,2,0,1005,998,200,1000,0,1,0,0,0,0,0,0,0
event=trace_row ordinal=2584 kind=3 ns=285257221302376 fields=486,487,1,2,285257221165874,0,0,0,0,0,0,0,0,4,1,3
event=trace_row ordinal=2585 kind=5 ns=285257231251528 fields=513,6,15,0,0,0,0,0,0,0,16,0,0,0,0,0
event=trace_row ordinal=2586 kind=0 ns=285257231151777 fields=487,2,0,50,2,0,0,0,0,0,0,0,0,0,0,0
event=trace_row ordinal=2587 kind=1 ns=285257231151777 fields=487,2,0,1005,998,200,1000,0,1,0,0,0,0,0,0,0
event=trace_row ordinal=2588 kind=1 ns=285257231151777 fields=487,2,1,1004,998,200,1000,0,1,0,0,0,0,0,0,0
event=trace_row ordinal=2589 kind=3 ns=285257231267570 fields=487,488,1,2,285257231151777,0,0,0,0,0,0,0,0,4,1,3
event=trace_row ordinal=2590 kind=4 ns=285257233012339 fields=1793,1,5,0,0,0,0,0,0,0,16,0,0,0,0,0
event=trace_row ordinal=2591 kind=5 ns=285257241260764 fields=513,6,15,0,0,0,0,0,0,0,16,0,0,0,0,0
event=trace_row ordinal=2592 kind=0 ns=285257241157513 fields=488,2,0,25,1,0,0,0,0,0,0,0,0,0,0,0
event=trace_row ordinal=2593 kind=1 ns=285257241157513 fields=488,2,0,1004,998,200,1000,0,1,0,0,0,0,0,0,0
event=trace_row ordinal=2594 kind=3 ns=285257241280889 fields=488,489,1,2,285257241157513,0,0,0,0,0,0,0,0,4,1,3
event=trace_row ordinal=2595 kind=4 ns=285257248602679 fields=385,8,39,20,39,20,0,0,0,0,16,0,0,0,0,0
event=trace_row ordinal=2596 kind=4 ns=285257249526981 fields=641,5,3,0,0,0,0,0,0,0,16,0,0,0,0,0
event=trace_row ordinal=2597 kind=5 ns=285257251256292 fields=513,6,15,0,0,0,0,0,0,0,16,0,0,0,0,0
event=trace_row ordinal=2598 kind=0 ns=285257251155666 fields=489,2,0,50,2,0,0,0,0,0,0,0,0,0,0,0
event=trace_row ordinal=2599 kind=1 ns=285257251155666 fields=489,2,0,1004,998,200,1000,0,1,0,0,0,0,0,0,0
event=trace_row ordinal=2600 kind=1 ns=285257251155666 fields=489,2,1,1004,998,200,1000,0,1,0,0,0,0,0,0,0
event=trace_row ordinal=2601 kind=3 ns=285257251272334 fields=489,490,1,2,285257251155666,0,0,0,0,0,0,0,0,4,1,3
event=trace_row ordinal=2602 kind=5 ns=285257261285070 fields=513,6,15,0,0,0,0,0,0,0,16,0,0,0,0,0
event=trace_row ordinal=2603 kind=0 ns=285257261169277 fields=490,2,0,25,1,0,0,0,0,0,0,0,0,0,0,0
event=trace_row ordinal=2604 kind=1 ns=285257261169277 fields=490,2,0,1004,998,200,1000,0,1,0,0,0,0,0,0,0
event=trace_row ordinal=2605 kind=3 ns=285257261303737 fields=490,491,1,2,285257261169277,0,0,0,0,0,0,0,0,4,1,3
event=trace_row ordinal=2606 kind=5 ns=285257271235973 fields=513,6,15,0,0,0,0,0,0,0,16,0,0,0,0,0
event=trace_row ordinal=2607 kind=0 ns=285257271150805 fields=491,2,0,25,1,0,0,0,0,0,0,0,0,0,0,0
event=trace_row ordinal=2608 kind=1 ns=285257271150805 fields=491,2,0,1004,998,200,1000,0,1,0,0,0,0,0,0,0
event=trace_row ordinal=2609 kind=3 ns=285257271250265 fields=491,492,1,2,285257271150805,0,0,0,0,0,0,0,0,4,1,3
event=trace_row ordinal=2610 kind=5 ns=285257281353127 fields=513,6,15,0,0,0,0,0,0,0,16,0,0,0,0,0
event=trace_row ordinal=2611 kind=0 ns=285257281192708 fields=492,2,0,50,2,0,0,0,0,0,0,0,0,0,0,0
event=trace_row ordinal=2612 kind=1 ns=285257281192708 fields=492,2,0,1004,998,200,1000,0,1,0,0,0,0,0,0,0
event=trace_row ordinal=2613 kind=1 ns=285257281192708 fields=492,2,1,1004,998,200,1000,0,1,0,0,0,0,0,0,0
event=trace_row ordinal=2614 kind=3 ns=285257281377627 fields=492,493,1,2,285257281192708,0,0,0,0,0,0,0,0,4,1,3
event=trace_row ordinal=2615 kind=5 ns=285257291241029 fields=513,6,15,0,0,0,0,0,0,0,16,0,0,0,0,0
event=trace_row ordinal=2616 kind=0 ns=285257291151778 fields=493,2,0,25,1,0,0,0,0,0,0,0,0,0,0,0
event=trace_row ordinal=2617 kind=1 ns=285257291151778 fields=493,2,0,1004,998,200,1000,0,1,0,0,0,0,0,0,0
event=trace_row ordinal=2618 kind=3 ns=285257291256487 fields=493,494,1,2,285257291151778,0,0,0,0,0,0,0,0,4,1,3
event=trace_row ordinal=2619 kind=4 ns=285257298547943 fields=385,8,39,20,39,20,0,0,0,0,16,0,0,0,0,0
event=trace_row ordinal=2620 kind=4 ns=285257299508996 fields=641,5,3,0,0,0,0,0,0,0,16,0,0,0,0,0
event=trace_row ordinal=2621 kind=5 ns=285257301329307 fields=513,6,15,0,0,0,0,0,0,0,16,0,0,0,0,0
event=trace_row ordinal=2622 kind=0 ns=285257301183473 fields=494,2,0,50,2,0,0,0,0,0,0,0,0,0,0,0
event=trace_row ordinal=2623 kind=1 ns=285257301183473 fields=494,2,0,1005,996,200,1000,0,1,0,0,0,0,0,0,0
event=trace_row ordinal=2624 kind=1 ns=285257301183473 fields=494,2,1,1005,996,200,1000,0,1,0,0,0,0,0,0,0
event=trace_row ordinal=2625 kind=3 ns=285257301351183 fields=494,495,1,2,285257301183473,0,0,0,0,0,0,0,0,4,1,3
event=trace_row ordinal=2626 kind=5 ns=285257311299460 fields=513,6,15,0,0,0,0,0,0,0,16,0,0,0,0,0
event=trace_row ordinal=2627 kind=0 ns=285257311172000 fields=495,2,0,25,1,0,0,0,0,0,0,0,0,0,0,0
event=trace_row ordinal=2628 kind=1 ns=285257311172000 fields=495,2,0,1005,996,200,1000,0,1,0,0,0,0,0,0,0
event=trace_row ordinal=2629 kind=3 ns=285257311318710 fields=495,496,1,2,285257311172000,0,0,0,0,0,0,0,0,4,1,3
event=trace_row ordinal=2630 kind=5 ns=285257321252987 fields=513,6,15,0,0,0,0,0,0,0,16,0,0,0,0,0
event=trace_row ordinal=2631 kind=0 ns=285257321152361 fields=496,2,0,50,2,0,0,0,0,0,0,0,0,0,0,0
event=trace_row ordinal=2632 kind=1 ns=285257321152361 fields=496,2,0,1004,996,200,1000,0,1,0,0,0,0,0,0,0
event=trace_row ordinal=2633 kind=1 ns=285257321152361 fields=496,2,1,1004,996,200,1000,0,1,0,0,0,0,0,0,0
event=trace_row ordinal=2634 kind=3 ns=285257321267863 fields=496,497,1,2,285257321152361,0,0,0,0,0,0,0,0,4,1,3
event=trace_row ordinal=2635 kind=5 ns=285257331312683 fields=513,6,15,0,0,0,0,0,0,0,16,0,0,0,0,0
event=trace_row ordinal=2636 kind=0 ns=285257331177348 fields=497,2,0,25,1,0,0,0,0,0,0,0,0,0,0,0
event=trace_row ordinal=2637 kind=1 ns=285257331177348 fields=497,2,0,1004,996,200,1000,0,1,0,0,0,0,0,0,0
event=trace_row ordinal=2638 kind=3 ns=285257331335433 fields=497,498,1,2,285257331177348,0,0,0,0,0,0,0,0,4,1,3
event=trace_row ordinal=2639 kind=5 ns=285257341240251 fields=513,6,15,0,0,0,0,0,0,0,16,0,0,0,0,0
event=trace_row ordinal=2640 kind=0 ns=285257341149542 fields=498,2,0,25,1,0,0,0,0,0,0,0,0,0,0,0
event=trace_row ordinal=2641 kind=1 ns=285257341149542 fields=498,2,0,1005,996,200,1000,0,1,0,0,0,0,0,0,0
event=trace_row ordinal=2642 kind=3 ns=285257341254543 fields=498,499,1,2,285257341149542,0,0,0,0,0,0,0,0,4,1,3
event=trace_row ordinal=2643 kind=4 ns=285257348561166 fields=385,8,39,20,39,20,0,0,0,0,16,0,0,0,0,0
event=trace_row ordinal=2644 kind=4 ns=285257349481385 fields=641,5,3,0,0,0,0,0,0,0,16,0,0,0,0,0
event=trace_row ordinal=2645 kind=5 ns=285257351238113 fields=513,6,15,0,0,0,0,0,0,0,16,0,0,0,0,0
event=trace_row ordinal=2646 kind=0 ns=285257351147695 fields=499,2,0,50,2,0,0,0,0,0,0,0,0,0,0,0
event=trace_row ordinal=2647 kind=1 ns=285257351147695 fields=499,2,0,1005,996,200,1000,0,1,0,0,0,0,0,0,0
event=trace_row ordinal=2648 kind=1 ns=285257351147695 fields=499,2,1,1004,996,200,1000,0,1,0,0,0,0,0,0,0
event=trace_row ordinal=2649 kind=3 ns=285257351250946 fields=499,500,1,2,285257351147695,0,0,0,0,0,0,0,0,4,1,3
event=trace_row ordinal=2650 kind=5 ns=285257361312683 fields=513,6,15,0,0,0,0,0,0,0,16,0,0,0,0,0
event=trace_row ordinal=2651 kind=0 ns=285257361182015 fields=500,2,0,25,1,0,0,0,0,0,0,0,0,0,0,0
event=trace_row ordinal=2652 kind=1 ns=285257361182015 fields=500,2,0,1004,996,200,1000,0,1,0,0,0,0,0,0,0
event=trace_row ordinal=2653 kind=3 ns=285257361335142 fields=500,501,1,2,285257361182015,0,0,0,0,0,0,0,0,4,1,3
event=trace_row ordinal=2654 kind=5 ns=285257371275544 fields=513,6,15,0,0,0,0,0,0,0,16,0,0,0,0,0
event=trace_row ordinal=2655 kind=0 ns=285257371157709 fields=501,2,0,50,2,0,0,0,0,0,0,0,0,0,0,0
event=trace_row ordinal=2656 kind=1 ns=285257371157709 fields=501,2,0,1004,996,200,1000,0,1,0,0,0,0,0,0,0
event=trace_row ordinal=2657 kind=1 ns=285257371157709 fields=501,2,1,1004,996,200,1000,0,1,0,0,0,0,0,0,0
event=trace_row ordinal=2658 kind=3 ns=285257371293919 fields=501,502,1,2,285257371157709,0,0,0,0,0,0,0,0,4,1,3
event=trace_row ordinal=2659 kind=5 ns=285257381244238 fields=513,6,15,0,0,0,0,0,0,0,16,0,0,0,0,0
event=trace_row ordinal=2660 kind=0 ns=285257381151779 fields=502,2,0,25,1,0,0,0,0,0,0,0,0,0,0,0
event=trace_row ordinal=2661 kind=1 ns=285257381151779 fields=502,2,0,1004,996,200,1000,0,1,0,0,0,0,0,0,0
event=trace_row ordinal=2662 kind=3 ns=285257381259697 fields=502,503,1,2,285257381151779,0,0,0,0,0,0,0,0,4,1,3
event=trace_row ordinal=2663 kind=5 ns=285257391241516 fields=513,6,15,0,0,0,0,0,0,0,16,0,0,0,0,0
event=trace_row ordinal=2664 kind=0 ns=285257391148182 fields=503,2,0,50,2,0,0,0,0,0,0,0,0,0,0,0
event=trace_row ordinal=2665 kind=1 ns=285257391148182 fields=503,2,0,1004,996,200,1000,0,1,0,0,0,0,0,0,0
event=trace_row ordinal=2666 kind=1 ns=285257391148182 fields=503,2,1,1004,996,200,1000,0,1,0,0,0,0,0,0,0
event=trace_row ordinal=2667 kind=3 ns=285257391256391 fields=503,504,1,2,285257391148182,0,0,0,0,0,0,0,0,4,1,3
event=trace_row ordinal=2668 kind=4 ns=285257398479888 fields=385,8,39,20,39,20,0,0,0,0,16,0,0,0,0,0
event=trace_row ordinal=2669 kind=4 ns=285257399411482 fields=641,5,3,0,0,0,0,0,0,0,16,0,0,0,0,0
event=trace_row ordinal=2670 kind=5 ns=285257401154793 fields=513,6,15,0,0,0,0,0,0,0,16,0,0,0,0,0
event=trace_row ordinal=2671 kind=0 ns=285257401110751 fields=504,2,0,25,1,0,0,0,0,0,0,0,0,0,0,0
event=trace_row ordinal=2672 kind=1 ns=285257401110751 fields=504,2,0,1004,996,200,1000,0,1,0,0,0,0,0,0,0
event=trace_row ordinal=2673 kind=3 ns=285257401160335 fields=504,505,1,2,285257401110751,0,0,0,0,0,0,0,0,4,1,3
event=trace_row ordinal=2674 kind=5 ns=285257411131946 fields=513,6,15,0,0,0,0,0,0,0,16,0,0,0,0,0
event=trace_row ordinal=2675 kind=0 ns=285257411103654 fields=505,2,0,25,1,0,0,0,0,0,0,0,0,0,0,0
event=trace_row ordinal=2676 kind=1 ns=285257411103654 fields=505,2,0,1004,996,200,1000,0,1,0,0,0,0,0,0,0
event=trace_row ordinal=2677 kind=3 ns=285257411136029 fields=505,506,1,2,285257411103654,0,0,0,0,0,0,0,0,4,1,3
event=trace_row ordinal=2678 kind=5 ns=285257421139724 fields=513,6,15,0,0,0,0,0,0,0,16,0,0,0,0,0
event=trace_row ordinal=2679 kind=0 ns=285257421105307 fields=506,2,0,50,2,0,0,0,0,0,0,0,0,0,0,0
event=trace_row ordinal=2680 kind=1 ns=285257421105307 fields=506,2,0,1005,994,200,1000,0,1,0,0,0,0,0,0,0
event=trace_row ordinal=2681 kind=1 ns=285257421105307 fields=506,2,1,1005,994,200,1000,0,1,0,0,0,0,0,0,0
event=trace_row ordinal=2682 kind=3 ns=285257421144974 fields=506,507,1,2,285257421105307,0,0,0,0,0,0,0,0,4,1,3
event=trace_row ordinal=2683 kind=5 ns=285257431118335 fields=513,6,15,0,0,0,0,0,0,0,16,0,0,0,0,0
event=trace_row ordinal=2684 kind=0 ns=285257431098501 fields=507,2,0,25,1,0,0,0,0,0,0,0,0,0,0,0
event=trace_row ordinal=2685 kind=1 ns=285257431098501 fields=507,2,0,1005,994,200,1000,0,1,0,0,0,0,0,0,0
event=trace_row ordinal=2686 kind=3 ns=285257431121835 fields=507,508,1,2,285257431098501,0,0,0,0,0,0,0,0,4,1,3
event=trace_row ordinal=2687 kind=5 ns=285257441118529 fields=513,6,15,0,0,0,0,0,0,0,16,0,0,0,0,0
event=trace_row ordinal=2688 kind=0 ns=285257441097529 fields=508,2,0,50,2,0,0,0,0,0,0,0,0,0,0,0
event=trace_row ordinal=2689 kind=1 ns=285257441097529 fields=508,2,0,1004,994,200,1000,0,1,0,0,0,0,0,0,0
event=trace_row ordinal=2690 kind=1 ns=285257441097529 fields=508,2,1,1004,994,200,1000,0,1,0,0,0,0,0,0,0
event=trace_row ordinal=2691 kind=3 ns=285257441121738 fields=508,509,1,2,285257441097529,0,0,0,0,0,0,0,0,4,1,3
event=trace_row ordinal=2692 kind=4 ns=285257448418152 fields=385,8,39,20,39,20,0,0,0,0,16,0,0,0,0,0
event=trace_row ordinal=2693 kind=4 ns=285257449361996 fields=641,5,3,0,0,0,0,0,0,0,16,0,0,0,0,0
event=trace_row ordinal=2694 kind=5 ns=285257451117849 fields=513,6,15,0,0,0,0,0,0,0,16,0,0,0,0,0
event=trace_row ordinal=2695 kind=0 ns=285257451098307 fields=509,2,0,25,1,0,0,0,0,0,0,0,0,0,0,0
event=trace_row ordinal=2696 kind=1 ns=285257451098307 fields=509,2,0,1004,994,200,1000,0,1,0,0,0,0,0,0,0
event=trace_row ordinal=2697 kind=3 ns=285257451121057 fields=509,510,1,2,285257451098307,0,0,0,0,0,0,0,0,4,1,3
event=trace_row ordinal=2698 kind=5 ns=285257461119210 fields=513,6,15,0,0,0,0,0,0,0,16,0,0,0,0,0
event=trace_row ordinal=2699 kind=0 ns=285257461098210 fields=510,2,0,50,2,0,0,0,0,0,0,0,0,0,0,0
event=trace_row ordinal=2700 kind=1 ns=285257461098210 fields=510,2,0,1005,994,200,1000,0,1,0,0,0,0,0,0,0
event=trace_row ordinal=2701 kind=1 ns=285257461098210 fields=510,2,1,1005,994,200,1000,0,1,0,0,0,0,0,0,0
event=trace_row ordinal=2702 kind=3 ns=285257461122710 fields=510,511,1,2,285257461098210,0,0,0,0,0,0,0,0,4,1,3
event=trace_row ordinal=2703 kind=5 ns=285257471116488 fields=513,6,15,0,0,0,0,0,0,0,16,0,0,0,0,0
event=trace_row ordinal=2704 kind=0 ns=285257471097821 fields=511,2,0,25,1,0,0,0,0,0,0,0,0,0,0,0
event=trace_row ordinal=2705 kind=1 ns=285257471097821 fields=511,2,0,1005,994,200,1000,0,1,0,0,0,0,0,0,0
event=trace_row ordinal=2706 kind=3 ns=285257471119988 fields=511,512,1,2,285257471097821,0,0,0,0,0,0,0,0,4,1,3
event=trace_row ordinal=2707 kind=5 ns=285257481116683 fields=513,6,15,0,0,0,0,0,0,0,16,0,0,0,0,0
event=trace_row ordinal=2708 kind=0 ns=285257481097724 fields=512,2,0,25,1,0,0,0,0,0,0,0,0,0,0,0
event=trace_row ordinal=2709 kind=1 ns=285257481097724 fields=512,2,0,1004,994,200,1000,0,1,0,0,0,0,0,0,0
event=trace_row ordinal=2710 kind=3 ns=285257481119891 fields=512,513,1,2,285257481097724,0,0,0,0,0,0,0,0,4,1,3
event=trace_row ordinal=2711 kind=4 ns=285257482651450 fields=1793,1,5,0,0,0,0,0,0,0,16,0,0,0,0,0
event=trace_row ordinal=2712 kind=5 ns=285257491119502 fields=513,6,15,0,0,0,0,0,0,0,16,0,0,0,0,0
event=trace_row ordinal=2713 kind=0 ns=285257491097919 fields=513,2,0,50,2,0,0,0,0,0,0,0,0,0,0,0
event=trace_row ordinal=2714 kind=1 ns=285257491097919 fields=513,2,0,1004,994,200,1000,0,1,0,0,0,0,0,0,0
event=trace_row ordinal=2715 kind=1 ns=285257491097919 fields=513,2,1,1004,994,200,1000,0,1,0,0,0,0,0,0,0
event=trace_row ordinal=2716 kind=3 ns=285257491122711 fields=513,514,1,2,285257491097919,0,0,0,0,0,0,0,0,4,1,3
event=trace_row ordinal=2717 kind=4 ns=285257498356999 fields=385,8,39,20,39,20,0,0,0,0,16,0,0,0,0,0
event=trace_row ordinal=2718 kind=4 ns=285257499305802 fields=641,5,3,0,0,0,0,0,0,0,16,0,0,0,0,0
event=trace_row ordinal=2719 kind=5 ns=285257501117072 fields=513,6,15,0,0,0,0,0,0,0,16,0,0,0,0,0
event=trace_row ordinal=2720 kind=0 ns=285257501098113 fields=514,2,0,25,1,0,0,0,0,0,0,0,0,0,0,0
event=trace_row ordinal=2721 kind=1 ns=285257501098113 fields=514,2,0,1004,994,200,1000,0,1,0,0,0,0,0,0,0
event=trace_row ordinal=2722 kind=3 ns=285257501120572 fields=514,515,1,2,285257501098113,0,0,0,0,0,0,0,0,4,1,3
event=trace_row ordinal=2723 kind=5 ns=285257511126016 fields=513,6,15,0,0,0,0,0,0,0,16,0,0,0,0,0
event=trace_row ordinal=2724 kind=0 ns=285257511100641 fields=515,2,0,50,2,0,0,0,0,0,0,0,0,0,0,0
event=trace_row ordinal=2725 kind=1 ns=285257511100641 fields=515,2,0,1004,994,200,1000,0,1,0,0,0,0,0,0,0
event=trace_row ordinal=2726 kind=1 ns=285257511100641 fields=515,2,1,1004,993,200,1000,0,1,0,0,0,0,0,0,0
event=trace_row ordinal=2727 kind=3 ns=285257511130683 fields=515,516,1,2,285257511100641,0,0,0,0,0,0,0,0,4,1,3
event=trace_row ordinal=2728 kind=5 ns=285257521117169 fields=513,6,15,0,0,0,0,0,0,0,16,0,0,0,0,0
event=trace_row ordinal=2729 kind=0 ns=285257521097336 fields=516,2,0,25,1,0,0,0,0,0,0,0,0,0,0,0
event=trace_row ordinal=2730 kind=1 ns=285257521097336 fields=516,2,0,1004,993,200,1000,0,1,0,0,0,0,0,0,0
event=trace_row ordinal=2731 kind=3 ns=285257521120378 fields=516,517,1,2,285257521097336,0,0,0,0,0,0,0,0,4,1,3
event=trace_row ordinal=2732 kind=5 ns=285257531122322 fields=513,6,15,0,0,0,0,0,0,0,16,0,0,0,0,0
event=trace_row ordinal=2733 kind=0 ns=285257531098989 fields=517,2,0,50,2,0,0,0,0,0,0,0,0,0,0,0
event=trace_row ordinal=2734 kind=1 ns=285257531098989 fields=517,2,0,1004,993,200,1000,0,1,0,0,0,0,0,0,0
event=trace_row ordinal=2735 kind=1 ns=285257531098989 fields=517,2,1,1004,992,200,1000,0,1,0,0,0,0,0,0,0
event=trace_row ordinal=2736 kind=3 ns=285257531126406 fields=517,518,1,2,285257531098989,0,0,0,0,0,0,0,0,4,1,3
event=trace_row ordinal=2737 kind=5 ns=285257541117558 fields=513,6,15,0,0,0,0,0,0,0,16,0,0,0,0,0
event=trace_row ordinal=2738 kind=0 ns=285257541098017 fields=518,2,0,25,1,0,0,0,0,0,0,0,0,0,0,0
event=trace_row ordinal=2739 kind=1 ns=285257541098017 fields=518,2,0,1004,992,200,1000,0,1,0,0,0,0,0,0,0
event=trace_row ordinal=2740 kind=3 ns=285257541120767 fields=518,519,1,2,285257541098017,0,0,0,0,0,0,0,0,4,1,3
event=trace_row ordinal=2741 kind=4 ns=285257548248013 fields=385,8,39,20,39,20,0,0,0,0,16,0,0,0,0,0
event=trace_row ordinal=2742 kind=4 ns=285257549253982 fields=641,5,3,0,0,0,0,0,0,0,16,0,0,0,0,0
event=trace_row ordinal=2743 kind=5 ns=285257551118045 fields=513,6,15,0,0,0,0,0,0,0,16,0,0,0,0,0
event=trace_row ordinal=2744 kind=0 ns=285257551097919 fields=519,2,0,25,1,0,0,0,0,0,0,0,0,0,0,0
event=trace_row ordinal=2745 kind=1 ns=285257551097919 fields=519,2,0,1004,992,200,1000,0,1,0,0,0,0,0,0,0
event=trace_row ordinal=2746 kind=3 ns=285257551121253 fields=519,520,1,2,285257551097919,0,0,0,0,0,0,0,0,4,1,3
event=trace_row ordinal=2747 kind=5 ns=285257561118239 fields=513,6,15,0,0,0,0,0,0,0,16,0,0,0,0,0
event=trace_row ordinal=2748 kind=0 ns=285257561097531 fields=520,2,0,50,2,0,0,0,0,0,0,0,0,0,0,0
event=trace_row ordinal=2749 kind=1 ns=285257561097531 fields=520,2,0,1004,992,200,1000,0,1,0,0,0,0,0,0,0
event=trace_row ordinal=2750 kind=1 ns=285257561097531 fields=520,2,1,1004,992,200,1000,0,1,0,0,0,0,0,0,0
event=trace_row ordinal=2751 kind=3 ns=285257561121739 fields=520,521,1,2,285257561097531,0,0,0,0,0,0,0,0,4,1,3
event=trace_row ordinal=2752 kind=5 ns=285257571144684 fields=513,6,15,0,0,0,0,0,0,0,16,0,0,0,0,0
event=trace_row ordinal=2753 kind=0 ns=285257571108225 fields=521,2,0,25,1,0,0,0,0,0,0,0,0,0,0,0
event=trace_row ordinal=2754 kind=1 ns=285257571108225 fields=521,2,0,1004,992,200,1000,0,1,0,0,0,0,0,0,0
event=trace_row ordinal=2755 kind=3 ns=285257571149059 fields=521,522,1,2,285257571108225,0,0,0,0,0,0,0,0,4,1,3
event=trace_row ordinal=2756 kind=5 ns=285257581121253 fields=513,6,15,0,0,0,0,0,0,0,16,0,0,0,0,0
event=trace_row ordinal=2757 kind=0 ns=285257581098795 fields=522,2,0,50,2,0,0,0,0,0,0,0,0,0,0,0
event=trace_row ordinal=2758 kind=1 ns=285257581098795 fields=522,2,0,1005,992,200,1000,0,1,0,0,0,0,0,0,0
event=trace_row ordinal=2759 kind=1 ns=285257581098795 fields=522,2,1,1005,992,200,1000,0,1,0,0,0,0,0,0,0
event=trace_row ordinal=2760 kind=3 ns=285257581124753 fields=522,523,1,2,285257581098795,0,0,0,0,0,0,0,0,4,1,3
event=trace_row ordinal=2761 kind=5 ns=285257591117073 fields=513,6,15,0,0,0,0,0,0,0,16,0,0,0,0,0
event=trace_row ordinal=2762 kind=0 ns=285257591098114 fields=523,2,0,25,1,0,0,0,0,0,0,0,0,0,0,0
event=trace_row ordinal=2763 kind=1 ns=285257591098114 fields=523,2,0,1005,992,200,1000,0,1,0,0,0,0,0,0,0
event=trace_row ordinal=2764 kind=3 ns=285257591120865 fields=523,524,1,2,285257591098114,0,0,0,0,0,0,0,0,4,1,3
event=trace_row ordinal=2765 kind=4 ns=285257598255986 fields=385,8,39,20,39,20,0,0,0,0,16,0,0,0,0,0
event=trace_row ordinal=2766 kind=4 ns=285257599200996 fields=641,5,3,0,0,0,0,0,0,0,16,0,0,0,0,0
event=trace_row ordinal=2767 kind=5 ns=285257601120184 fields=513,6,15,0,0,0,0,0,0,0,16,0,0,0,0,0
event=trace_row ordinal=2768 kind=0 ns=285257601098017 fields=524,2,0,50,2,0,0,0,0,0,0,0,0,0,0,0
event=trace_row ordinal=2769 kind=1 ns=285257601098017 fields=524,2,0,1004,992,200,1000,0,1,0,0,0,0,0,0,0
event=trace_row ordinal=2770 kind=1 ns=285257601098017 fields=524,2,1,1004,992,200,1000,0,1,0,0,0,0,0,0,0
event=trace_row ordinal=2771 kind=3 ns=285257601123684 fields=524,525,1,2,285257601098017,0,0,0,0,0,0,0,0,4,1,3
event=trace_row ordinal=2772 kind=5 ns=285257611118337 fields=513,6,15,0,0,0,0,0,0,0,16,0,0,0,0,0
event=trace_row ordinal=2773 kind=0 ns=285257611098504 fields=525,2,0,25,1,0,0,0,0,0,0,0,0,0,0,0
event=trace_row ordinal=2774 kind=1 ns=285257611098504 fields=525,2,0,1004,992,200,1000,0,1,0,0,0,0,0,0,0
event=trace_row ordinal=2775 kind=3 ns=285257611121546 fields=525,526,1,2,285257611098504,0,0,0,0,0,0,0,0,4,1,3
event=trace_row ordinal=2776 kind=5 ns=285257621117657 fields=513,6,15,0,0,0,0,0,0,0,16,0,0,0,0,0
event=trace_row ordinal=2777 kind=0 ns=285257621098407 fields=526,2,0,25,1,0,0,0,0,0,0,0,0,0,0,0
event=trace_row ordinal=2778 kind=1 ns=285257621098407 fields=526,2,0,1004,992,200,1000,0,1,0,0,0,0,0,0,0
event=trace_row ordinal=2779 kind=3 ns=285257621120865 fields=526,527,1,2,285257621098407,0,0,0,0,0,0,0,0,4,1,3
event=trace_row ordinal=2780 kind=5 ns=285257631119601 fields=513,6,15,0,0,0,0,0,0,0,16,0,0,0,0,0
event=trace_row ordinal=2781 kind=0 ns=285257631098309 fields=527,2,0,50,2,0,0,0,0,0,0,0,0,0,0,0
event=trace_row ordinal=2782 kind=1 ns=285257631098309 fields=527,2,0,1004,992,200,1000,0,1,0,0,0,0,0,0,0
event=trace_row ordinal=2783 kind=1 ns=285257631098309 fields=527,2,1,1004,992,200,1000,0,1,0,0,0,0,0,0,0
event=trace_row ordinal=2784 kind=3 ns=285257631123101 fields=527,528,1,2,285257631098309,0,0,0,0,0,0,0,0,4,1,3
event=trace_row ordinal=2785 kind=5 ns=285257641118338 fields=513,6,15,0,0,0,0,0,0,0,16,0,0,0,0,0
event=trace_row ordinal=2786 kind=0 ns=285257641098212 fields=528,2,0,25,1,0,0,0,0,0,0,0,0,0,0,0
event=trace_row ordinal=2787 kind=1 ns=285257641098212 fields=528,2,0,1004,992,200,1000,0,1,0,0,0,0,0,0,0
event=trace_row ordinal=2788 kind=3 ns=285257641122129 fields=528,529,1,2,285257641098212,0,0,0,0,0,0,0,0,4,1,3
event=trace_row ordinal=2789 kind=4 ns=285257648199500 fields=385,8,39,20,39,20,0,0,0,0,16,0,0,0,0,0
event=trace_row ordinal=2790 kind=4 ns=285257649146260 fields=641,5,3,0,0,0,0,0,0,0,16,0,0,0,0,0
event=trace_row ordinal=2791 kind=5 ns=285257651119699 fields=513,6,15,0,0,0,0,0,0,0,16,0,0,0,0,0
event=trace_row ordinal=2792 kind=0 ns=285257651098407 fields=529,2,0,50,2,0,0,0,0,0,0,0,0,0,0,0
event=trace_row ordinal=2793 kind=1 ns=285257651098407 fields=529,2,0,1004,992,200,1000,0,1,0,0,0,0,0,0,0
event=trace_row ordinal=2794 kind=1 ns=285257651098407 fields=529,2,1,1005,992,200,1000,0,1,0,0,0,0,0,0,0
event=trace_row ordinal=2795 kind=3 ns=285257651123782 fields=529,530,1,2,285257651098407,0,0,0,0,0,0,0,0,4,1,3
event=trace_row ordinal=2796 kind=5 ns=285257661116393 fields=513,6,15,0,0,0,0,0,0,0,16,0,0,0,0,0
event=trace_row ordinal=2797 kind=0 ns=285257661097435 fields=530,2,0,25,1,0,0,0,0,0,0,0,0,0,0,0
event=trace_row ordinal=2798 kind=1 ns=285257661097435 fields=530,2,0,1005,992,200,1000,0,1,0,0,0,0,0,0,0
event=trace_row ordinal=2799 kind=3 ns=285257661119602 fields=530,531,1,2,285257661097435,0,0,0,0,0,0,0,0,4,1,3
event=trace_row ordinal=2800 kind=5 ns=285257671117755 fields=513,6,15,0,0,0,0,0,0,0,16,0,0,0,0,0
event=trace_row ordinal=2801 kind=0 ns=285257671097629 fields=531,2,0,50,2,0,0,0,0,0,0,0,0,0,0,0
event=trace_row ordinal=2802 kind=1 ns=285257671097629 fields=531,2,0,1005,992,200,1000,0,1,0,0,0,0,0,0,0
event=trace_row ordinal=2803 kind=1 ns=285257671097629 fields=531,2,1,1004,992,200,1000,0,1,0,0,0,0,0,0,0
event=trace_row ordinal=2804 kind=3 ns=285257671121255 fields=531,532,1,2,285257671097629,0,0,0,0,0,0,0,0,4,1,3
event=trace_row ordinal=2805 kind=5 ns=285257681116491 fields=513,6,15,0,0,0,0,0,0,0,16,0,0,0,0,0
event=trace_row ordinal=2806 kind=0 ns=285257681097532 fields=532,2,0,25,1,0,0,0,0,0,0,0,0,0,0,0
event=trace_row ordinal=2807 kind=1 ns=285257681097532 fields=532,2,0,1004,992,200,1000,0,1,0,0,0,0,0,0,0
event=trace_row ordinal=2808 kind=3 ns=285257681119699 fields=532,533,1,2,285257681097532,0,0,0,0,0,0,0,0,4,1,3
event=trace_row ordinal=2809 kind=5 ns=285257691115810 fields=513,6,15,0,0,0,0,0,0,0,16,0,0,0,0,0
event=trace_row ordinal=2810 kind=0 ns=285257691097435 fields=533,2,0,25,1,0,0,0,0,0,0,0,0,0,0,0
event=trace_row ordinal=2811 kind=1 ns=285257691097435 fields=533,2,0,1004,992,200,1000,0,1,0,0,0,0,0,0,0
event=trace_row ordinal=2812 kind=3 ns=285257691119019 fields=533,534,1,2,285257691097435,0,0,0,0,0,0,0,0,4,1,3
event=trace_row ordinal=2813 kind=4 ns=285257698152055 fields=385,8,39,20,39,20,0,0,0,0,16,0,0,0,0,0
event=trace_row ordinal=2814 kind=4 ns=285257699096191 fields=641,5,3,0,0,0,0,0,0,0,16,0,0,0,0,0
event=trace_row ordinal=2815 kind=5 ns=285257701119797 fields=513,6,15,0,0,0,0,0,0,0,16,0,0,0,0,0
event=trace_row ordinal=2816 kind=0 ns=285257701098213 fields=534,2,0,50,2,0,0,0,0,0,0,0,0,0,0,0
event=trace_row ordinal=2817 kind=1 ns=285257701098213 fields=534,2,0,1005,992,200,1000,0,1,0,0,0,0,0,0,0
event=trace_row ordinal=2818 kind=1 ns=285257701098213 fields=534,2,1,1005,992,200,1000,0,1,0,0,0,0,0,0,0
event=trace_row ordinal=2819 kind=3 ns=285257701123588 fields=534,535,1,2,285257701098213,0,0,0,0,0,0,0,0,4,1,3
event=trace_row ordinal=2820 kind=5 ns=285257711116491 fields=513,6,15,0,0,0,0,0,0,0,16,0,0,0,0,0
event=trace_row ordinal=2821 kind=0 ns=285257711097824 fields=535,2,0,25,1,0,0,0,0,0,0,0,0,0,0,0
event=trace_row ordinal=2822 kind=1 ns=285257711097824 fields=535,2,0,1005,992,200,1000,0,1,0,0,0,0,0,0,0
event=trace_row ordinal=2823 kind=3 ns=285257711119700 fields=535,536,1,2,285257711097824,0,0,0,0,0,0,0,0,4,1,3
event=trace_row ordinal=2824 kind=5 ns=285257721119603 fields=513,6,15,0,0,0,0,0,0,0,16,0,0,0,0,0
event=trace_row ordinal=2825 kind=0 ns=285257721098311 fields=536,2,0,50,2,0,0,0,0,0,0,0,0,0,0,0
event=trace_row ordinal=2826 kind=1 ns=285257721098311 fields=536,2,0,1004,992,200,1000,0,1,0,0,0,0,0,0,0
event=trace_row ordinal=2827 kind=1 ns=285257721098311 fields=536,2,1,1004,992,200,1000,0,1,0,0,0,0,0,0,0
event=trace_row ordinal=2828 kind=3 ns=285257721122811 fields=536,537,1,2,285257721098311,0,0,0,0,0,0,0,0,4,1,3
event=trace_row ordinal=2829 kind=5 ns=285257731120381 fields=513,6,15,0,0,0,0,0,0,0,16,0,0,0,0,0
event=trace_row ordinal=2830 kind=0 ns=285257731099089 fields=537,2,0,25,1,0,0,0,0,0,0,0,0,0,0,0
event=trace_row ordinal=2831 kind=1 ns=285257731099089 fields=537,2,0,1004,992,200,1000,0,1,0,0,0,0,0,0,0
event=trace_row ordinal=2832 kind=3 ns=285257731123881 fields=537,538,1,2,285257731099089,0,0,0,0,0,0,0,0,4,1,3
event=trace_row ordinal=2833 kind=4 ns=285257732136558 fields=1793,1,5,0,0,0,0,0,0,0,16,0,0,0,0,0
event=trace_row ordinal=2834 kind=5 ns=285257741128742 fields=513,6,15,0,0,0,0,0,0,0,16,0,0,0,0,0
event=trace_row ordinal=2835 kind=0 ns=285257741102492 fields=538,2,0,50,2,0,0,0,0,0,0,0,0,0,0,0
event=trace_row ordinal=2836 kind=1 ns=285257741102492 fields=538,2,0,1004,992,200,1000,0,1,0,0,0,0,0,0,0
event=trace_row ordinal=2837 kind=1 ns=285257741102492 fields=538,2,1,1004,992,200,1000,0,1,0,0,0,0,0,0,0
event=trace_row ordinal=2838 kind=3 ns=285257741132825 fields=538,539,1,2,285257741102492,0,0,0,0,0,0,0,0,4,1,3
event=trace_row ordinal=2839 kind=4 ns=285257748049486 fields=385,8,39,20,39,20,0,0,0,0,16,0,0,0,0,0
event=trace_row ordinal=2840 kind=4 ns=285257749041747 fields=641,5,3,0,0,0,0,0,0,0,16,0,0,0,0,0
event=trace_row ordinal=2841 kind=5 ns=285257751141187 fields=513,6,15,0,0,0,0,0,0,0,16,0,0,0,0,0
event=trace_row ordinal=2842 kind=0 ns=285257751107353 fields=539,2,0,25,1,0,0,0,0,0,0,0,0,0,0,0
event=trace_row ordinal=2843 kind=1 ns=285257751107353 fields=539,2,0,1004,992,200,1000,0,1,0,0,0,0,0,0,0
event=trace_row ordinal=2844 kind=3 ns=285257751145853 fields=539,540,1,2,285257751107353,0,0,0,0,0,0,0,0,4,1,3
event=trace_row ordinal=2845 kind=5 ns=285257761126214 fields=513,6,15,0,0,0,0,0,0,0,16,0,0,0,0,0
event=trace_row ordinal=2846 kind=0 ns=285257761101714 fields=540,2,0,25,1,0,0,0,0,0,0,0,0,0,0,0
event=trace_row ordinal=2847 kind=1 ns=285257761101714 fields=540,2,0,1004,992,200,1000,0,1,0,0,0,0,0,0,0
event=trace_row ordinal=2848 kind=3 ns=285257761130298 fields=540,541,1,2,285257761101714,0,0,0,0,0,0,0,0,4,1,3
event=trace_row ordinal=2849 kind=5 ns=285257771136034 fields=513,6,15,0,0,0,0,0,0,0,16,0,0,0,0,0
event=trace_row ordinal=2850 kind=0 ns=285257771105992 fields=541,2,0,50,2,0,0,0,0,0,0,0,0,0,0,0
event=trace_row ordinal=2851 kind=1 ns=285257771105992 fields=541,2,0,1004,992,200,1000,0,1,0,0,0,0,0,0,0
event=trace_row ordinal=2852 kind=1 ns=285257771105992 fields=541,2,1,1005,992,200,1000,0,1,0,0,0,0,0,0,0
event=trace_row ordinal=2853 kind=3 ns=285257771140701 fields=541,542,1,2,285257771105992,0,0,0,0,0,0,0,0,4,1,3
event=trace_row ordinal=2854 kind=5 ns=285257781130104 fields=513,6,15,0,0,0,0,0,0,0,16,0,0,0,0,0
event=trace_row ordinal=2855 kind=0 ns=285257781103853 fields=542,2,0,25,1,0,0,0,0,0,0,0,0,0,0,0
event=trace_row ordinal=2856 kind=1 ns=285257781103853 fields=542,2,0,1005,992,200,1000,0,1,0,0,0,0,0,0,0
event=trace_row ordinal=2857 kind=3 ns=285257781133895 fields=542,543,1,2,285257781103853,0,0,0,0,0,0,0,0,4,1,3
event=trace_row ordinal=2858 kind=5 ns=285257791131465 fields=513,6,15,0,0,0,0,0,0,0,16,0,0,0,0,0
event=trace_row ordinal=2859 kind=0 ns=285257791104923 fields=543,2,0,50,2,0,0,0,0,0,0,0,0,0,0,0
event=trace_row ordinal=2860 kind=1 ns=285257791104923 fields=543,2,0,1005,992,200,1000,0,1,0,0,0,0,0,0,0
event=trace_row ordinal=2861 kind=1 ns=285257791104923 fields=543,2,1,1004,992,200,1000,0,1,0,0,0,0,0,0,0
event=trace_row ordinal=2862 kind=3 ns=285257791135548 fields=543,544,1,2,285257791104923,0,0,0,0,0,0,0,0,4,1,3
event=trace_row ordinal=2863 kind=4 ns=285257798055125 fields=385,8,39,20,39,20,0,0,0,0,16,0,0,0,0,0
event=trace_row ordinal=2864 kind=4 ns=285257798990802 fields=641,5,3,0,0,0,0,0,0,0,16,0,0,0,0,0
event=trace_row ordinal=2865 kind=5 ns=285257801126701 fields=513,6,15,0,0,0,0,0,0,0,16,0,0,0,0,0
event=trace_row ordinal=2866 kind=0 ns=285257801102492 fields=544,2,0,25,1,0,0,0,0,0,0,0,0,0,0,0
event=trace_row ordinal=2867 kind=1 ns=285257801102492 fields=544,2,0,1004,992,200,1000,0,1,0,0,0,0,0,0,0
event=trace_row ordinal=2868 kind=3 ns=285257801130493 fields=544,545,1,2,285257801102492,0,0,0,0,0,0,0,0,4,1,3
event=trace_row ordinal=2869 kind=5 ns=285257811174729 fields=513,6,15,0,0,0,0,0,0,0,16,0,0,0,0,0
event=trace_row ordinal=2870 kind=0 ns=285257811120479 fields=545,2,0,50,2,0,0,0,0,0,0,0,0,0,0,0
event=trace_row ordinal=2871 kind=1 ns=285257811120479 fields=545,2,0,1004,992,200,1000,0,1,0,0,0,0,0,0,0
event=trace_row ordinal=2872 kind=1 ns=285257811120479 fields=545,2,1,1005,992,200,1000,0,1,0,0,0,0,0,0,0
event=trace_row ordinal=2873 kind=3 ns=285257811180271 fields=545,546,1,2,285257811120479,0,0,0,0,0,0,0,0,4,1,3
event=trace_row ordinal=2874 kind=5 ns=285257821127090 fields=513,6,15,0,0,0,0,0,0,0,16,0,0,0,0,0
event=trace_row ordinal=2875 kind=0 ns=285257821102298 fields=546,2,0,25,1,0,0,0,0,0,0,0,0,0,0,0
event=trace_row ordinal=2876 kind=1 ns=285257821102298 fields=546,2,0,1005,992,200,1000,0,1,0,0,0,0,0,0,0
event=trace_row ordinal=2877 kind=3 ns=285257821130007 fields=546,547,1,2,285257821102298,0,0,0,0,0,0,0,0,4,1,3
event=trace_row ordinal=2878 kind=5 ns=285257831152368 fields=513,6,15,0,0,0,0,0,0,0,16,0,0,0,0,0
event=trace_row ordinal=2879 kind=0 ns=285257831113285 fields=547,2,0,25,1,0,0,0,0,0,0,0,0,0,0,0
event=trace_row ordinal=2880 kind=1 ns=285257831113285 fields=547,2,0,1005,992,200,1000,0,1,0,0,0,0,0,0,0
event=trace_row ordinal=2881 kind=3 ns=285257831157035 fields=547,548,1,2,285257831113285,0,0,0,0,0,0,0,0,4,1,3
event=trace_row ordinal=2882 kind=5 ns=285257841152855 fields=513,6,15,0,0,0,0,0,0,0,16,0,0,0,0,0
event=trace_row ordinal=2883 kind=0 ns=285257841111437 fields=548,2,0,50,2,0,0,0,0,0,0,0,0,0,0,0
event=trace_row ordinal=2884 kind=1 ns=285257841111437 fields=548,2,0,1004,992,200,1000,0,1,0,0,0,0,0,0,0
event=trace_row ordinal=2885 kind=1 ns=285257841111437 fields=548,2,1,1004,992,200,1000,0,1,0,0,0,0,0,0,0
event=trace_row ordinal=2886 kind=3 ns=285257841157521 fields=548,549,1,2,285257841111437,0,0,0,0,0,0,0,0,4,1,3
event=trace_row ordinal=2887 kind=4 ns=285257847998347 fields=385,8,39,20,39,20,0,0,0,0,16,0,0,0,0,0
event=trace_row ordinal=2888 kind=4 ns=285257848937233 fields=641,5,3,0,0,0,0,0,0,0,16,0,0,0,0,0
event=trace_row ordinal=2889 kind=5 ns=285257851130299 fields=513,6,15,0,0,0,0,0,0,0,16,0,0,0,0,0
event=trace_row ordinal=2890 kind=0 ns=285257851105215 fields=549,2,0,25,1,0,0,0,0,0,0,0,0,0,0,0
event=trace_row ordinal=2891 kind=1 ns=285257851105215 fields=549,2,0,1004,992,200,1000,0,1,0,0,0,0,0,0,0
event=trace_row ordinal=2892 kind=3 ns=285257851134091 fields=549,550,1,2,285257851105215,0,0,0,0,0,0,0,0,4,1,3
event=trace_row ordinal=2893 kind=5 ns=285257861146827 fields=513,6,15,0,0,0,0,0,0,0,16,0,0,0,0,0
event=trace_row ordinal=2894 kind=0 ns=285257861110368 fields=550,2,0,50,2,0,0,0,0,0,0,0,0,0,0,0
event=trace_row ordinal=2895 kind=1 ns=285257861110368 fields=550,2,0,1004,992,200,1000,0,1,0,0,0,0,0,0,0
event=trace_row ordinal=2896 kind=1 ns=285257861110368 fields=550,2,1,1004,992,200,1000,0,1,0,0,0,0,0,0,0
event=trace_row ordinal=2897 kind=3 ns=285257861151494 fields=550,551,1,2,285257861110368,0,0,0,0,0,0,0,0,4,1,3
event=trace_row ordinal=2898 kind=5 ns=285257871125730 fields=513,6,15,0,0,0,0,0,0,0,16,0,0,0,0,0
event=trace_row ordinal=2899 kind=0 ns=285257871102396 fields=551,2,0,25,1,0,0,0,0,0,0,0,0,0,0,0
event=trace_row ordinal=2900 kind=1 ns=285257871102396 fields=551,2,0,1004,992,200,1000,0,1,0,0,0,0,0,0,0
event=trace_row ordinal=2901 kind=3 ns=285257871129230 fields=551,552,1,2,285257871102396,0,0,0,0,0,0,0,0,4,1,3
event=trace_row ordinal=2902 kind=5 ns=285257881129716 fields=513,6,15,0,0,0,0,0,0,0,16,0,0,0,0,0
event=trace_row ordinal=2903 kind=0 ns=285257881102882 fields=552,2,0,50,2,0,0,0,0,0,0,0,0,0,0,0
event=trace_row ordinal=2904 kind=1 ns=285257881102882 fields=552,2,0,1004,992,200,1000,0,1,0,0,0,0,0,0,0
event=trace_row ordinal=2905 kind=1 ns=285257881102882 fields=552,2,1,1004,992,200,1000,0,1,0,0,0,0,0,0,0
event=trace_row ordinal=2906 kind=3 ns=285257881133508 fields=552,553,1,2,285257881102882,0,0,0,0,0,0,0,0,4,1,3
event=trace_row ordinal=2907 kind=5 ns=285257891132244 fields=513,6,15,0,0,0,0,0,0,0,16,0,0,0,0,0
event=trace_row ordinal=2908 kind=0 ns=285257891105994 fields=553,2,0,25,1,0,0,0,0,0,0,0,0,0,0,0
event=trace_row ordinal=2909 kind=1 ns=285257891105994 fields=553,2,0,1004,992,200,1000,0,1,0,0,0,0,0,0,0
event=trace_row ordinal=2910 kind=3 ns=285257891136036 fields=553,554,1,2,285257891105994,0,0,0,0,0,0,0,0,4,1,3
event=trace_row ordinal=2911 kind=4 ns=285257897955862 fields=385,8,39,20,39,20,0,0,0,0,16,0,0,0,0,0
event=trace_row ordinal=2912 kind=4 ns=285257898883080 fields=641,5,3,0,0,0,0,0,0,0,16,0,0,0,0,0
event=trace_row ordinal=2913 kind=5 ns=285257901129230 fields=513,6,15,0,0,0,0,0,0,0,16,0,0,0,0,0
event=trace_row ordinal=2914 kind=0 ns=285257901103563 fields=554,2,0,25,1,0,0,0,0,0,0,0,0,0,0,0
event=trace_row ordinal=2915 kind=1 ns=285257901103563 fields=554,2,0,1004,992,200,1000,0,1,0,0,0,0,0,0,0
event=trace_row ordinal=2916 kind=3 ns=285257901133022 fields=554,555,1,2,285257901103563,0,0,0,0,0,0,0,0,4,1,3
event=trace_row ordinal=2917 kind=5 ns=285257911125050 fields=513,6,15,0,0,0,0,0,0,0,16,0,0,0,0,0
event=trace_row ordinal=2918 kind=0 ns=285257911101716 fields=555,2,0,50,2,0,0,0,0,0,0,0,0,0,0,0
event=trace_row ordinal=2919 kind=1 ns=285257911101716 fields=555,2,0,1004,992,200,1000,0,1,0,0,0,0,0,0,0
event=trace_row ordinal=2920 kind=1 ns=285257911101716 fields=555,2,1,1004,992,200,1000,0,1,0,0,0,0,0,0,0
event=trace_row ordinal=2921 kind=3 ns=285257911128841 fields=555,556,1,2,285257911101716,0,0,0,0,0,0,0,0,4,1,3
event=trace_row ordinal=2922 kind=5 ns=285257921122036 fields=513,6,15,0,0,0,0,0,0,0,16,0,0,0,0,0
event=trace_row ordinal=2923 kind=0 ns=285257921100744 fields=556,2,0,25,1,0,0,0,0,0,0,0,0,0,0,0
event=trace_row ordinal=2924 kind=1 ns=285257921100744 fields=556,2,0,1004,992,200,1000,0,1,0,0,0,0,0,0,0
event=trace_row ordinal=2925 kind=3 ns=285257921125536 fields=556,557,1,2,285257921100744,0,0,0,0,0,0,0,0,4,1,3
event=trace_row ordinal=2926 kind=5 ns=285257931127189 fields=513,6,15,0,0,0,0,0,0,0,16,0,0,0,0,0
event=trace_row ordinal=2927 kind=0 ns=285257931101814 fields=557,2,0,50,2,0,0,0,0,0,0,0,0,0,0,0
event=trace_row ordinal=2928 kind=1 ns=285257931101814 fields=557,2,0,1004,992,200,1000,0,1,0,0,0,0,0,0,0
event=trace_row ordinal=2929 kind=1 ns=285257931101814 fields=557,2,1,1005,992,200,1000,0,1,0,0,0,0,0,0,0
event=trace_row ordinal=2930 kind=3 ns=285257931130689 fields=557,558,1,2,285257931101814,0,0,0,0,0,0,0,0,4,1,3
event=trace_row ordinal=2931 kind=5 ns=285257941123300 fields=513,6,15,0,0,0,0,0,0,0,16,0,0,0,0,0
event=trace_row ordinal=2932 kind=0 ns=285257941099966 fields=558,2,0,25,1,0,0,0,0,0,0,0,0,0,0,0
event=trace_row ordinal=2933 kind=1 ns=285257941099966 fields=558,2,0,1005,992,200,1000,0,1,0,0,0,0,0,0,0
event=trace_row ordinal=2934 kind=3 ns=285257941126217 fields=558,559,1,2,285257941099966,0,0,0,0,0,0,0,0,4,1,3
event=trace_row ordinal=2935 kind=4 ns=285257947900834 fields=385,8,39,20,39,20,0,0,0,0,16,0,0,0,0,0
event=trace_row ordinal=2936 kind=4 ns=285257948831553 fields=641,5,3,0,0,0,0,0,0,0,16,0,0,0,0,0
event=trace_row ordinal=2937 kind=5 ns=285257951140120 fields=513,6,15,0,0,0,0,0,0,0,16,0,0,0,0,0
event=trace_row ordinal=2938 kind=0 ns=285257951108328 fields=559,2,0,50,2,0,0,0,0,0,0,0,0,0,0,0
event=trace_row ordinal=2939 kind=1 ns=285257951108328 fields=559,2,0,1005,992,200,1000,0,1,0,0,0,0,0,0,0
event=trace_row ordinal=2940 kind=1 ns=285257951108328 fields=559,2,1,1004,992,200,1000,0,1,0,0,0,0,0,0,0
event=trace_row ordinal=2941 kind=3 ns=285257951143912 fields=559,560,1,2,285257951108328,0,0,0,0,0,0,0,0,4,1,3
event=trace_row ordinal=2942 kind=5 ns=285257961118148 fields=513,6,15,0,0,0,0,0,0,0,16,0,0,0,0,0
event=trace_row ordinal=2943 kind=0 ns=285257961098897 fields=560,2,0,25,1,0,0,0,0,0,0,0,0,0,0,0
event=trace_row ordinal=2944 kind=1 ns=285257961098897 fields=560,2,0,1004,992,200,1000,0,1,0,0,0,0,0,0,0
event=trace_row ordinal=2945 kind=3 ns=285257961121356 fields=560,561,1,2,285257961098897,0,0,0,0,0,0,0,0,4,1,3
event=trace_row ordinal=2946 kind=5 ns=285257971117467 fields=513,6,15,0,0,0,0,0,0,0,16,0,0,0,0,0
event=trace_row ordinal=2947 kind=0 ns=285257971097925 fields=561,2,0,25,1,0,0,0,0,0,0,0,0,0,0,0
event=trace_row ordinal=2948 kind=1 ns=285257971097925 fields=561,2,0,1004,992,200,1000,0,1,0,0,0,0,0,0,0
event=trace_row ordinal=2949 kind=3 ns=285257971120675 fields=561,562,1,2,285257971097925,0,0,0,0,0,0,0,0,4,1,3
event=trace_row ordinal=2950 kind=5 ns=285257981118537 fields=513,6,15,0,0,0,0,0,0,0,16,0,0,0,0,0
event=trace_row ordinal=2951 kind=0 ns=285257981097828 fields=562,2,0,52,2,0,0,0,0,0,0,0,0,0,0,0
event=trace_row ordinal=2952 kind=1 ns=285257981097828 fields=562,2,0,1004,992,200,1000,0,1,0,0,0,0,0,0,0
event=trace_row ordinal=2953 kind=1 ns=285257981097828 fields=562,2,1,1004,992,200,1000,0,1,0,0,0,0,0,0,0
event=trace_row ordinal=2954 kind=3 ns=285257981121745 fields=562,563,1,2,285257981097828,0,0,0,0,0,0,0,0,4,1,3
event=trace_row ordinal=2955 kind=4 ns=285257981689626 fields=1793,1,5,0,0,0,0,0,0,0,16,0,0,0,0,0
event=trace_row ordinal=2956 kind=5 ns=285257991117856 fields=513,6,15,0,0,0,0,0,0,0,16,0,0,0,0,0
event=trace_row ordinal=2957 kind=0 ns=285257991098314 fields=563,2,0,26,1,0,0,0,0,0,0,0,0,0,0,0
event=trace_row ordinal=2958 kind=1 ns=285257991098314 fields=563,2,0,1004,992,200,1000,0,1,0,0,0,0,0,0,0
event=trace_row ordinal=2959 kind=3 ns=285257991121648 fields=563,564,1,2,285257991098314,0,0,0,0,0,0,0,0,4,1,3
event=trace_row ordinal=2960 kind=4 ns=285257997830639 fields=385,8,39,20,39,20,0,0,0,0,16,0,0,0,0,0
event=trace_row ordinal=2961 kind=4 ns=285257998780608 fields=641,5,3,0,0,0,0,0,0,0,16,0,0,0,0,0
event=trace_row ordinal=2962 kind=5 ns=285258001119509 fields=513,6,15,0,0,0,0,0,0,0,16,0,0,0,0,0
event=trace_row ordinal=2963 kind=0 ns=285258001098217 fields=564,2,0,52,2,0,0,0,0,0,0,0,0,0,0,0
event=trace_row ordinal=2964 kind=1 ns=285258001098217 fields=564,2,0,1004,992,200,1000,0,1,0,0,0,0,0,0,0
event=trace_row ordinal=2965 kind=1 ns=285258001098217 fields=564,2,1,1004,992,200,1000,0,1,0,0,0,0,0,0,0
event=trace_row ordinal=2966 kind=3 ns=285258001123592 fields=564,565,1,2,285258001098217,0,0,0,0,0,0,0,0,4,1,3
event=trace_row ordinal=2967 kind=5 ns=285258011118537 fields=513,6,15,0,0,0,0,0,0,0,16,0,0,0,0,0
event=trace_row ordinal=2968 kind=0 ns=285258011098703 fields=565,2,0,26,1,0,0,0,0,0,0,0,0,0,0,0
event=trace_row ordinal=2969 kind=1 ns=285258011098703 fields=565,2,0,1004,992,200,1000,0,1,0,0,0,0,0,0,0
event=trace_row ordinal=2970 kind=3 ns=285258011121745 fields=565,566,1,2,285258011098703,0,0,0,0,0,0,0,0,4,1,3
event=trace_row ordinal=2971 kind=5 ns=285258021118148 fields=513,6,15,0,0,0,0,0,0,0,16,0,0,0,0,0
event=trace_row ordinal=2972 kind=0 ns=285258021098023 fields=566,2,0,50,2,0,0,0,0,0,0,0,0,0,0,0
event=trace_row ordinal=2973 kind=1 ns=285258021098023 fields=566,2,0,1005,992,200,1000,0,1,0,0,0,0,0,0,0
event=trace_row ordinal=2974 kind=1 ns=285258021098023 fields=566,2,1,1005,992,200,1000,0,1,0,0,0,0,0,0,0
event=trace_row ordinal=2975 kind=3 ns=285258021121357 fields=566,567,1,2,285258021098023,0,0,0,0,0,0,0,0,4,1,3
event=trace_row ordinal=2976 kind=5 ns=285258031116593 fields=513,6,15,0,0,0,0,0,0,0,16,0,0,0,0,0
event=trace_row ordinal=2977 kind=0 ns=285258031097634 fields=567,2,0,25,1,0,0,0,0,0,0,0,0,0,0,0
event=trace_row ordinal=2978 kind=1 ns=285258031097634 fields=567,2,0,1005,992,200,1000,0,1,0,0,0,0,0,0,0
event=trace_row ordinal=2979 kind=3 ns=285258031119801 fields=567,568,1,2,285258031097634,0,0,0,0,0,0,0,0,4,1,3
event=trace_row ordinal=2980 kind=5 ns=285258041116496 fields=513,6,15,0,0,0,0,0,0,0,16,0,0,0,0,0
event=trace_row ordinal=2981 kind=0 ns=285258041097829 fields=568,2,0,25,1,0,0,0,0,0,0,0,0,0,0,0
event=trace_row ordinal=2982 kind=1 ns=285258041097829 fields=568,2,0,1004,994,200,1000,0,1,0,0,0,0,0,0,0
event=trace_row ordinal=2983 kind=3 ns=285258041119704 fields=568,569,1,2,285258041097829,0,0,0,0,0,0,0,0,4,1,3
event=trace_row ordinal=2984 kind=4 ns=285258047780570 fields=385,8,39,20,39,20,0,0,0,0,16,0,0,0,0,0
event=trace_row ordinal=2985 kind=4 ns=285258048728497 fields=641,5,3,0,0,0,0,0,0,0,16,0,0,0,0,0
event=trace_row ordinal=2986 kind=5 ns=285258051120774 fields=513,6,15,0,0,0,0,0,0,0,16,0,0,0,0,0
event=trace_row ordinal=2987 kind=0 ns=285258051098607 fields=569,2,0,50,2,0,0,0,0,0,0,0,0,0,0,0
event=trace_row ordinal=2988 kind=1 ns=285258051098607 fields=569,2,0,1004,994,200,1000,0,1,0,0,0,0,0,0,0
event=trace_row ordinal=2989 kind=1 ns=285258051098607 fields=569,2,1,1004,994,200,1000,0,1,0,0,0,0,0,0,0
event=trace_row ordinal=2990 kind=3 ns=285258051124565 fields=569,570,1,2,285258051098607,0,0,0,0,0,0,0,0,4,1,3
event=trace_row ordinal=2991 kind=5 ns=285258061119218 fields=513,6,15,0,0,0,0,0,0,0,16,0,0,0,0,0
event=trace_row ordinal=2992 kind=0 ns=285258061098510 fields=570,2,0,25,1,0,0,0,0,0,0,0,0,0,0,0
event=trace_row ordinal=2993 kind=1 ns=285258061098510 fields=570,2,0,1004,994,200,1000,0,1,0,0,0,0,0,0,0
event=trace_row ordinal=2994 kind=3 ns=285258061122426 fields=570,571,1,2,285258061098510,0,0,0,0,0,0,0,0,4,1,3
event=trace_row ordinal=2995 kind=5 ns=285258071134579 fields=513,6,15,0,0,0,0,0,0,0,16,0,0,0,0,0
event=trace_row ordinal=2996 kind=0 ns=285258071104829 fields=571,2,0,50,2,0,0,0,0,0,0,0,0,0,0,0
event=trace_row ordinal=2997 kind=1 ns=285258071104829 fields=571,2,0,1004,994,200,1000,0,1,0,0,0,0,0,0,0
event=trace_row ordinal=2998 kind=1 ns=285258071104829 fields=571,2,1,1004,995,200,1000,0,1,0,0,0,0,0,0,0
event=trace_row ordinal=2999 kind=3 ns=285258071139830 fields=571,572,1,2,285258071104829,0,0,0,0,0,0,0,0,4,1,3
event=trace_row ordinal=3000 kind=5 ns=285258081119899 fields=513,6,15,0,0,0,0,0,0,0,16,0,0,0,0,0
event=trace_row ordinal=3001 kind=0 ns=285258081099774 fields=572,2,0,25,1,0,0,0,0,0,0,0,0,0,0,0
event=trace_row ordinal=3002 kind=1 ns=285258081099774 fields=572,2,0,1004,995,200,1000,0,1,0,0,0,0,0,0,0
event=trace_row ordinal=3003 kind=3 ns=285258081123107 fields=572,573,1,2,285258081099774,0,0,0,0,0,0,0,0,4,1,3
event=trace_row ordinal=3004 kind=5 ns=285258091118635 fields=513,6,15,0,0,0,0,0,0,0,16,0,0,0,0,0
event=trace_row ordinal=3005 kind=0 ns=285258091097927 fields=573,2,0,50,2,0,0,0,0,0,0,0,0,0,0,0
event=trace_row ordinal=3006 kind=1 ns=285258091097927 fields=573,2,0,1004,995,200,1000,0,1,0,0,0,0,0,0,0
event=trace_row ordinal=3007 kind=1 ns=285258091097927 fields=573,2,1,1004,995,200,1000,0,1,0,0,0,0,0,0,0
event=trace_row ordinal=3008 kind=3 ns=285258091121843 fields=573,574,1,2,285258091097927,0,0,0,0,0,0,0,0,4,1,3
event=trace_row ordinal=3009 kind=4 ns=285258097728750 fields=385,8,39,20,39,20,0,0,0,0,16,0,0,0,0,0
event=trace_row ordinal=3010 kind=4 ns=285258098673469 fields=641,5,3,0,0,0,0,0,0,0,16,0,0,0,0,0
event=trace_row ordinal=3011 kind=5 ns=285258101229664 fields=513,6,15,0,0,0,0,0,0,0,16,0,0,0,0,0
event=trace_row ordinal=3012 kind=0 ns=285258101147705 fields=574,2,0,25,1,0,0,0,0,0,0,0,0,0,0,0
event=trace_row ordinal=3013 kind=1 ns=285258101147705 fields=574,2,0,1004,995,200,1000,0,1,0,0,0,0,0,0,0
event=trace_row ordinal=3014 kind=3 ns=285258101242206 fields=574,575,1,2,285258101147705,0,0,0,0,0,0,0,0,4,1,3
event=trace_row ordinal=3015 kind=5 ns=285258111122524 fields=513,6,15,0,0,0,0,0,0,0,16,0,0,0,0,0
event=trace_row ordinal=3016 kind=0 ns=285258111100649 fields=575,2,0,25,1,0,0,0,0,0,0,0,0,0,0,0
event=trace_row ordinal=3017 kind=1 ns=285258111100649 fields=575,2,0,1004,995,200,1000,0,1,0,0,0,0,0,0,0
event=trace_row ordinal=3018 kind=3 ns=285258111126899 fields=575,576,1,2,285258111100649,0,0,0,0,0,0,0,0,4,1,3
event=trace_row ordinal=3019 kind=5 ns=285258121118052 fields=513,6,15,0,0,0,0,0,0,0,16,0,0,0,0,0
event=trace_row ordinal=3020 kind=0 ns=285258121097635 fields=576,2,0,50,2,0,0,0,0,0,0,0,0,0,0,0
event=trace_row ordinal=3021 kind=1 ns=285258121097635 fields=576,2,0,1004,995,200,1000,0,1,0,0,0,0,0,0,0
event=trace_row ordinal=3022 kind=1 ns=285258121097635 fields=576,2,1,1004,995,200,1000,0,1,0,0,0,0,0,0,0
event=trace_row ordinal=3023 kind=3 ns=285258121121260 fields=576,577,1,2,285258121097635,0,0,0,0,0,0,0,0,4,1,3
event=trace_row ordinal=3024 kind=5 ns=285258131117372 fields=513,6,15,0,0,0,0,0,0,0,16,0,0,0,0,0
event=trace_row ordinal=3025 kind=0 ns=285258131098121 fields=577,2,0,25,1,0,0,0,0,0,0,0,0,0,0,0
event=trace_row ordinal=3026 kind=1 ns=285258131098121 fields=577,2,0,1004,995,200,1000,0,1,0,0,0,0,0,0,0
event=trace_row ordinal=3027 kind=3 ns=285258131120580 fields=577,578,1,2,285258131098121,0,0,0,0,0,0,0,0,4,1,3
event=trace_row ordinal=3028 kind=5 ns=285258141118441 fields=513,6,15,0,0,0,0,0,0,0,16,0,0,0,0,0
event=trace_row ordinal=3029 kind=0 ns=285258141097733 fields=578,2,0,52,2,0,0,0,0,0,0,0,0,0,0,0
event=trace_row ordinal=3030 kind=1 ns=285258141097733 fields=578,2,0,1004,995,200,1000,0,1,0,0,0,0,0,0,0
event=trace_row ordinal=3031 kind=1 ns=285258141097733 fields=578,2,1,1004,995,200,1000,0,1,0,0,0,0,0,0,0
event=trace_row ordinal=3032 kind=3 ns=285258141121650 fields=578,579,1,2,285258141097733,0,0,0,0,0,0,0,0,4,1,3
event=trace_row ordinal=3033 kind=4 ns=285258147674597 fields=385,8,39,20,39,20,0,0,0,0,16,0,0,0,0,0
event=trace_row ordinal=3034 kind=4 ns=285258148619316 fields=641,5,3,0,0,0,0,0,0,0,16,0,0,0,0,0
event=trace_row ordinal=3035 kind=5 ns=285258151120969 fields=513,6,15,0,0,0,0,0,0,0,16,0,0,0,0,0
event=trace_row ordinal=3036 kind=0 ns=285258151099969 fields=579,2,0,26,1,0,0,0,0,0,0,0,0,0,0,0
event=trace_row ordinal=3037 kind=1 ns=285258151099969 fields=579,2,0,1004,995,200,1000,0,1,0,0,0,0,0,0,0
event=trace_row ordinal=3038 kind=3 ns=285258151124761 fields=579,580,1,2,285258151099969,0,0,0,0,0,0,0,0,4,1,3
event=trace_row ordinal=3039 kind=5 ns=285258161119414 fields=513,6,15,0,0,0,0,0,0,0,16,0,0,0,0,0
event=trace_row ordinal=3040 kind=0 ns=285258161098122 fields=580,2,0,52,2,0,0,0,0,0,0,0,0,0,0,0
event=trace_row ordinal=3041 kind=1 ns=285258161098122 fields=580,2,0,1004,994,200,1000,0,1,0,0,0,0,0,0,0
event=trace_row ordinal=3042 kind=1 ns=285258161098122 fields=580,2,1,1004,994,200,1000,0,1,0,0,0,0,0,0,0
event=trace_row ordinal=3043 kind=3 ns=285258161122622 fields=580,581,1,2,285258161098122,0,0,0,0,0,0,0,0,4,1,3
event=trace_row ordinal=3044 kind=5 ns=285258171119317 fields=513,6,15,0,0,0,0,0,0,0,16,0,0,0,0,0
event=trace_row ordinal=3045 kind=0 ns=285258171098608 fields=581,2,0,26,1,0,0,0,0,0,0,0,0,0,0,0
event=trace_row ordinal=3046 kind=1 ns=285258171098608 fields=581,2,0,1004,994,200,1000,0,1,0,0,0,0,0,0,0
event=trace_row ordinal=3047 kind=3 ns=285258171123108 fields=581,582,1,2,285258171098608,0,0,0,0,0,0,0,0,4,1,3
event=trace_row ordinal=3048 kind=5 ns=285258181116594 fields=513,6,15,0,0,0,0,0,0,0,16,0,0,0,0,0
event=trace_row ordinal=3049 kind=0 ns=285258181097636 fields=582,2,0,26,1,0,0,0,0,0,0,0,0,0,0,0
event=trace_row ordinal=3050 kind=1 ns=285258181097636 fields=582,2,0,1005,994,200,1000,0,1,0,0,0,0,0,0,0
event=trace_row ordinal=3051 kind=3 ns=285258181119803 fields=582,583,1,2,285258181097636,0,0,0,0,0,0,0,0,4,1,3
event=trace_row ordinal=3052 kind=5 ns=285258191118539 fields=513,6,15,0,0,0,0,0,0,0,16,0,0,0,0,0
event=trace_row ordinal=3053 kind=0 ns=285258191097830 fields=583,2,0,51,2,0,0,0,0,0,0,0,0,0,0,0
event=trace_row ordinal=3054 kind=1 ns=285258191097830 fields=583,2,0,1005,994,200,1000,0,1,0,0,0,0,0,0,0
event=trace_row ordinal=3055 kind=1 ns=285258191097830 fields=583,2,1,1004,994,200,1000,0,1,0,0,0,0,0,0,0
event=trace_row ordinal=3056 kind=3 ns=285258191121747 fields=583,584,1,2,285258191097830,0,0,0,0,0,0,0,0,4,1,3
event=trace_row ordinal=3057 kind=4 ns=285258197620153 fields=385,8,39,20,39,20,0,0,0,0,16,0,0,0,0,0
event=trace_row ordinal=3058 kind=4 ns=285258198566913 fields=641,5,3,0,0,0,0,0,0,0,16,0,0,0,0,0
event=trace_row ordinal=3059 kind=5 ns=285258201118150 fields=513,6,15,0,0,0,0,0,0,0,16,0,0,0,0,0
event=trace_row ordinal=3060 kind=0 ns=285258201099192 fields=584,2,0,25,1,0,0,0,0,0,0,0,0,0,0,0
event=trace_row ordinal=3061 kind=1 ns=285258201099192 fields=584,2,0,1004,994,200,1000,0,1,0,0,0,0,0,0,0
event=trace_row ordinal=3062 kind=3 ns=285258201121359 fields=584,585,1,2,285258201099192,0,0,0,0,0,0,0,0,4,1,3
event=trace_row ordinal=3063 kind=5 ns=285258211117761 fields=513,6,15,0,0,0,0,0,0,0,16,0,0,0,0,0
event=trace_row ordinal=3064 kind=0 ns=285258211097053 fields=585,2,0,50,2,0,0,0,0,0,0,0,0,0,0,0
event=trace_row ordinal=3065 kind=1 ns=285258211097053 fields=585,2,0,1004,994,200,1000,0,1,0,0,0,0,0,0,0
event=trace_row ordinal=3066 kind=1 ns=285258211097053 fields=585,2,1,1004,994,200,1000,0,1,0,0,0,0,0,0,0
event=trace_row ordinal=3067 kind=3 ns=285258211121261 fields=585,586,1,2,285258211097053,0,0,0,0,0,0,0,0,4,1,3
event=trace_row ordinal=3068 kind=5 ns=285258221117664 fields=513,6,15,0,0,0,0,0,0,0,16,0,0,0,0,0
event=trace_row ordinal=3069 kind=0 ns=285258221098122 fields=586,2,0,25,1,0,0,0,0,0,0,0,0,0,0,0
event=trace_row ordinal=3070 kind=1 ns=285258221098122 fields=586,2,0,1004,994,200,1000,0,1,0,0,0,0,0,0,0
event=trace_row ordinal=3071 kind=3 ns=285258221120873 fields=586,587,1,2,285258221098122,0,0,0,0,0,0,0,0,4,1,3
event=trace_row ordinal=3072 kind=5 ns=285258231119901 fields=513,6,15,0,0,0,0,0,0,0,16,0,0,0,0,0
event=trace_row ordinal=3073 kind=0 ns=285258231098317 fields=587,2,0,50,2,0,0,0,0,0,0,0,0,0,0,0
event=trace_row ordinal=3074 kind=1 ns=285258231098317 fields=587,2,0,1004,994,200,1000,0,1,0,0,0,0,0,0,0
event=trace_row ordinal=3075 kind=1 ns=285258231098317 fields=587,2,1,1004,994,200,1000,0,1,0,0,0,0,0,0,0
event=trace_row ordinal=3076 kind=3 ns=285258231123692 fields=587,588,1,2,285258231098317,0,0,0,0,0,0,0,0,4,1,3
event=trace_row ordinal=3077 kind=4 ns=285258231237735 fields=1793,1,5,0,0,0,0,0,0,0,16,0,0,0,0,0
event=trace_row ordinal=3078 kind=5 ns=285258241117762 fields=513,6,15,0,0,0,0,0,0,0,16,0,0,0,0,0
event=trace_row ordinal=3079 kind=0 ns=285258241097928 fields=588,2,0,25,1,0,0,0,0,0,0,0,0,0,0,0
event=trace_row ordinal=3080 kind=1 ns=285258241097928 fields=588,2,0,1004,994,200,1000,0,1,0,0,0,0,0,0,0
event=trace_row ordinal=3081 kind=3 ns=285258241120970 fields=588,589,1,2,285258241097928,0,0,0,0,0,0,0,0,4,1,3
event=trace_row ordinal=3082 kind=4 ns=285258247508833 fields=385,8,39,20,39,20,0,0,0,0,16,0,0,0,0,0
event=trace_row ordinal=3083 kind=4 ns=285258248513636 fields=641,5,3,0,0,0,0,0,0,0,16,0,0,0,0,0
event=trace_row ordinal=3084 kind=5 ns=285258251117956 fields=513,6,15,0,0,0,0,0,0,0,16,0,0,0,0,0
event=trace_row ordinal=3085 kind=0 ns=285258251098123 fields=589,2,0,25,1,0,0,0,0,0,0,0,0,0,0,0
event=trace_row ordinal=3086 kind=1 ns=285258251098123 fields=589,2,0,1004,994,200,1000,0,1,0,0,0,0,0,0,0
event=trace_row ordinal=3087 kind=3 ns=285258251121165 fields=589,590,1,2,285258251098123,0,0,0,0,0,0,0,0,4,1,3
event=trace_row ordinal=3088 kind=5 ns=285258261129818 fields=513,6,15,0,0,0,0,0,0,0,16,0,0,0,0,0
event=trace_row ordinal=3089 kind=0 ns=285258261101526 fields=590,2,0,50,2,0,0,0,0,0,0,0,0,0,0,0
event=trace_row ordinal=3090 kind=1 ns=285258261101526 fields=590,2,0,1005,994,200,1000,0,1,0,0,0,0,0,0,0
event=trace_row ordinal=3091 kind=1 ns=285258261101526 fields=590,2,1,1005,994,200,1000,0,1,0,0,0,0,0,0,0
event=trace_row ordinal=3092 kind=3 ns=285258261133318 fields=590,591,1,2,285258261101526,0,0,0,0,0,0,0,0,4,1,3
event=trace_row ordinal=3093 kind=5 ns=285258271125637 fields=513,6,15,0,0,0,0,0,0,0,16,0,0,0,0,0
event=trace_row ordinal=3094 kind=0 ns=285258271102012 fields=591,2,0,25,1,0,0,0,0,0,0,0,0,0,0,0
event=trace_row ordinal=3095 kind=1 ns=285258271102012 fields=591,2,0,1005,994,200,1000,0,1,0,0,0,0,0,0,0
event=trace_row ordinal=3096 kind=3 ns=285258271129429 fields=591,592,1,2,285258271102012,0,0,0,0,0,0,0,0,4,1,3
event=trace_row ordinal=3097 kind=5 ns=285258281142749 fields=513,6,15,0,0,0,0,0,0,0,16,0,0,0,0,0
event=trace_row ordinal=3098 kind=0 ns=285258281105415 fields=592,2,0,50,2,0,0,0,0,0,0,0,0,0,0,0
event=trace_row ordinal=3099 kind=1 ns=285258281105415 fields=592,2,0,1004,994,200,1000,0,1,0,0,0,0,0,0,0
event=trace_row ordinal=3100 kind=1 ns=285258281105415 fields=592,2,1,1004,994,200,1000,0,1,0,0,0,0,0,0,0
event=trace_row ordinal=3101 kind=3 ns=285258281147415 fields=592,593,1,2,285258281105415,0,0,0,0,0,0,0,0,4,1,3
event=trace_row ordinal=3102 kind=5 ns=285258291128943 fields=513,6,15,0,0,0,0,0,0,0,16,0,0,0,0,0
event=trace_row ordinal=3103 kind=0 ns=285258291102109 fields=593,2,0,25,1,0,0,0,0,0,0,0,0,0,0,0
event=trace_row ordinal=3104 kind=1 ns=285258291102109 fields=593,2,0,1004,994,200,1000,0,1,0,0,0,0,0,0,0
event=trace_row ordinal=3105 kind=3 ns=285258291132735 fields=593,594,1,2,285258291102109,0,0,0,0,0,0,0,0,4,1,3
event=trace_row ordinal=3106 kind=4 ns=285258297526723 fields=385,8,39,20,39,20,0,0,0,0,16,0,0,0,0,0
event=trace_row ordinal=3107 kind=4 ns=285258298460941 fields=641,5,3,0,0,0,0,0,0,0,16,0,0,0,0,0
event=trace_row ordinal=3108 kind=5 ns=285258301139638 fields=513,6,15,0,0,0,0,0,0,0,16,0,0,0,0,0
event=trace_row ordinal=3109 kind=0 ns=285258301106971 fields=594,2,0,50,2,0,0,0,0,0,0,0,0,0,0,0
event=trace_row ordinal=3110 kind=1 ns=285258301106971 fields=594,2,0,1005,994,200,1000,0,1,0,0,0,0,0,0,0
event=trace_row ordinal=3111 kind=1 ns=285258301106971 fields=594,2,1,1005,994,200,1000,0,1,0,0,0,0,0,0,0
event=trace_row ordinal=3112 kind=3 ns=285258301144888 fields=594,595,1,2,285258301106971,0,0,0,0,0,0,0,0,4,1,3
event=trace_row ordinal=3113 kind=5 ns=285258311135457 fields=513,6,15,0,0,0,0,0,0,0,16,0,0,0,0,0
event=trace_row ordinal=3114 kind=0 ns=285258311106874 fields=595,2,0,25,1,0,0,0,0,0,0,0,0,0,0,0
event=trace_row ordinal=3115 kind=1 ns=285258311106874 fields=595,2,0,1005,994,200,1000,0,1,0,0,0,0,0,0,0
event=trace_row ordinal=3116 kind=3 ns=285258311138957 fields=595,596,1,2,285258311106874,0,0,0,0,0,0,0,0,4,1,3
event=trace_row ordinal=3117 kind=5 ns=285258321127777 fields=513,6,15,0,0,0,0,0,0,0,16,0,0,0,0,0
event=trace_row ordinal=3118 kind=0 ns=285258321102985 fields=596,2,0,25,1,0,0,0,0,0,0,0,0,0,0,0
event=trace_row ordinal=3119 kind=1 ns=285258321102985 fields=596,2,0,1004,994,200,1000,0,1,0,0,0,0,0,0,0
event=trace_row ordinal=3120 kind=3 ns=285258321131277 fields=596,597,1,2,285258321102985,0,0,0,0,0,0,0,0,4,1,3
event=trace_row ordinal=3121 kind=5 ns=285258331132346 fields=513,6,15,0,0,0,0,0,0,0,16,0,0,0,0,0
event=trace_row ordinal=3122 kind=0 ns=285258331104054 fields=597,2,0,50,2,0,0,0,0,0,0,0,0,0,0,0
event=trace_row ordinal=3123 kind=1 ns=285258331104054 fields=597,2,0,1004,994,200,1000,0,1,0,0,0,0,0,0,0
event=trace_row ordinal=3124 kind=1 ns=285258331104054 fields=597,2,1,1004,994,200,1000,0,1,0,0,0,0,0,0,0
event=trace_row ordinal=3125 kind=3 ns=285258331136138 fields=597,598,1,2,285258331104054,0,0,0,0,0,0,0,0,4,1,3
event=trace_row ordinal=3126 kind=5 ns=285258341157333 fields=513,6,15,0,0,0,0,0,0,0,16,0,0,0,0,0
event=trace_row ordinal=3127 kind=0 ns=285258341112124 fields=598,2,0,25,1,0,0,0,0,0,0,0,0,0,0,0
event=trace_row ordinal=3128 kind=1 ns=285258341112124 fields=598,2,0,1004,994,200,1000,0,1,0,0,0,0,0,0,0
event=trace_row ordinal=3129 kind=3 ns=285258341162291 fields=598,599,1,2,285258341112124,0,0,0,0,0,0,0,0,4,1,3
event=trace_row ordinal=3130 kind=4 ns=285258347474611 fields=385,8,39,20,39,20,0,0,0,0,16,0,0,0,0,0
event=trace_row ordinal=3131 kind=4 ns=285258348411163 fields=641,5,3,0,0,0,0,0,0,0,16,0,0,0,0,0
event=trace_row ordinal=3132 kind=5 ns=285258351129819 fields=513,6,15,0,0,0,0,0,0,0,16,0,0,0,0,0
event=trace_row ordinal=3133 kind=0 ns=285258351102693 fields=599,2,0,50,2,0,0,0,0,0,0,0,0,0,0,0
event=trace_row ordinal=3134 kind=1 ns=285258351102693 fields=599,2,0,1004,994,200,1000,0,1,0,0,0,0,0,0,0
event=trace_row ordinal=3135 kind=1 ns=285258351102693 fields=599,2,1,1004,995,200,1000,0,1,0,0,0,0,0,0,0
event=trace_row ordinal=3136 kind=3 ns=285258351133027 fields=599,600,1,2,285258351102693,0,0,0,0,0,0,0,0,4,1,3
event=trace_row ordinal=3137 kind=5 ns=285258361171430 fields=513,6,15,0,0,0,0,0,0,0,16,0,0,0,0,0
event=trace_row ordinal=3138 kind=0 ns=285258361119513 fields=600,2,0,25,1,0,0,0,0,0,0,0,0,0,0,0
event=trace_row ordinal=3139 kind=1 ns=285258361119513 fields=600,2,0,1004,995,200,1000,0,1,0,0,0,0,0,0,0
event=trace_row ordinal=3140 kind=3 ns=285258361176389 fields=600,601,1,2,285258361119513,0,0,0,0,0,0,0,0,4,1,3
event=trace_row ordinal=3141 kind=5 ns=285258371158791 fields=513,6,15,0,0,0,0,0,0,0,16,0,0,0,0,0
event=trace_row ordinal=3142 kind=0 ns=285258371115041 fields=601,2,0,50,2,0,0,0,0,0,0,0,0,0,0,0
event=trace_row ordinal=3143 kind=1 ns=285258371115041 fields=601,2,0,1004,995,200,1000,0,1,0,0,0,0,0,0,0
event=trace_row ordinal=3144 kind=1 ns=285258371115041 fields=601,2,1,1004,995,200,1000,0,1,0,0,0,0,0,0,0
event=trace_row ordinal=3145 kind=3 ns=285258371163750 fields=601,602,1,2,285258371115041,0,0,0,0,0,0,0,0,4,1,3
event=trace_row ordinal=3146 kind=5 ns=285258381129819 fields=513,6,15,0,0,0,0,0,0,0,16,0,0,0,0,0
event=trace_row ordinal=3147 kind=0 ns=285258381103569 fields=602,2,0,25,1,0,0,0,0,0,0,0,0,0,0,0
event=trace_row ordinal=3148 kind=1 ns=285258381103569 fields=602,2,0,1004,995,200,1000,0,1,0,0,0,0,0,0,0
event=trace_row ordinal=3149 kind=3 ns=285258381133027 fields=602,603,1,2,285258381103569,0,0,0,0,0,0,0,0,4,1,3
event=trace_row ordinal=3150 kind=5 ns=285258391139055 fields=513,6,15,0,0,0,0,0,0,0,16,0,0,0,0,0
event=trace_row ordinal=3151 kind=0 ns=285258391106680 fields=603,2,0,25,1,0,0,0,0,0,0,0,0,0,0,0
event=trace_row ordinal=3152 kind=1 ns=285258391106680 fields=603,2,0,1004,995,200,1000,0,1,0,0,0,0,0,0,0
event=trace_row ordinal=3153 kind=3 ns=285258391143430 fields=603,604,1,2,285258391106680,0,0,0,0,0,0,0,0,4,1,3
event=trace_row ordinal=3154 kind=4 ns=285258397426875 fields=385,8,39,20,39,20,0,0,0,0,16,0,0,0,0,0
event=trace_row ordinal=3155 kind=4 ns=285258398355844 fields=641,5,3,0,0,0,0,0,0,0,16,0,0,0,0,0
event=trace_row ordinal=3156 kind=5 ns=285258401132833 fields=513,6,15,0,0,0,0,0,0,0,16,0,0,0,0,0
event=trace_row ordinal=3157 kind=0 ns=285258401104250 fields=604,2,0,50,2,0,0,0,0,0,0,0,0,0,0,0
event=trace_row ordinal=3158 kind=1 ns=285258401104250 fields=604,2,0,1004,994,200,1000,0,1,0,0,0,0,0,0,0
event=trace_row ordinal=3159 kind=1 ns=285258401104250 fields=604,2,1,1004,994,200,1000,0,1,0,0,0,0,0,0,0
event=trace_row ordinal=3160 kind=3 ns=285258401136917 fields=604,605,1,2,285258401104250,0,0,0,0,0,0,0,0,4,1,3
event=trace_row ordinal=3161 kind=5 ns=285258411127194 fields=513,6,15,0,0,0,0,0,0,0,16,0,0,0,0,0
event=trace_row ordinal=3162 kind=0 ns=285258411102111 fields=605,2,0,25,1,0,0,0,0,0,0,0,0,0,0,0
event=trace_row ordinal=3163 kind=1 ns=285258411102111 fields=605,2,0,1004,994,200,1000,0,1,0,0,0,0,0,0,0
event=trace_row ordinal=3164 kind=3 ns=285258411130403 fields=605,606,1,2,285258411102111,0,0,0,0,0,0,0,0,4,1,3
event=trace_row ordinal=3165 kind=5 ns=285258421140806 fields=513,6,15,0,0,0,0,0,0,0,16,0,0,0,0,0
event=trace_row ordinal=3166 kind=0 ns=285258421106972 fields=606,2,0,50,2,0,0,0,0,0,0,0,0,0,0,0
event=trace_row ordinal=3167 kind=1 ns=285258421106972 fields=606,2,0,1005,994,200,1000,0,1,0,0,0,0,0,0,0
event=trace_row ordinal=3168 kind=1 ns=285258421106972 fields=606,2,1,1005,994,200,1000,0,1,0,0,0,0,0,0,0
event=trace_row ordinal=3169 kind=3 ns=285258421144889 fields=606,607,1,2,285258421106972,0,0,0,0,0,0,0,0,4,1,3
event=trace_row ordinal=3170 kind=5 ns=285258431136917 fields=513,6,15,0,0,0,0,0,0,0,16,0,0,0,0,0
event=trace_row ordinal=3171 kind=0 ns=285258431106292 fields=607,2,0,25,1,0,0,0,0,0,0,0,0,0,0,0
event=trace_row ordinal=3172 kind=1 ns=285258431106292 fields=607,2,0,1005,994,200,1000,0,1,0,0,0,0,0,0,0
event=trace_row ordinal=3173 kind=3 ns=285258431140417 fields=607,608,1,2,285258431106292,0,0,0,0,0,0,0,0,4,1,3
event=trace_row ordinal=3174 kind=5 ns=285258441129528 fields=513,6,15,0,0,0,0,0,0,0,16,0,0,0,0,0
event=trace_row ordinal=3175 kind=0 ns=285258441102403 fields=608,2,0,50,2,0,0,0,0,0,0,0,0,0,0,0
event=trace_row ordinal=3176 kind=1 ns=285258441102403 fields=608,2,0,1004,994,200,1000,0,1,0,0,0,0,0,0,0
event=trace_row ordinal=3177 kind=1 ns=285258441102403 fields=608,2,1,1004,994,200,1000,0,1,0,0,0,0,0,0,0
event=trace_row ordinal=3178 kind=3 ns=285258441132736 fields=608,609,1,2,285258441102403,0,0,0,0,0,0,0,0,4,1,3
event=trace_row ordinal=3179 kind=4 ns=285258447364264 fields=385,8,39,20,39,20,0,0,0,0,16,0,0,0,0,0
event=trace_row ordinal=3180 kind=4 ns=285258448301399 fields=641,5,3,0,0,0,0,0,0,0,16,0,0,0,0,0
event=trace_row ordinal=3181 kind=5 ns=285258451128264 fields=513,6,15,0,0,0,0,0,0,0,16,0,0,0,0,0
event=trace_row ordinal=3182 kind=0 ns=285258451103472 fields=609,2,0,25,1,0,0,0,0,0,0,0,0,0,0,0
event=trace_row ordinal=3183 kind=1 ns=285258451103472 fields=609,2,0,1004,994,200,1000,0,1,0,0,0,0,0,0,0
event=trace_row ordinal=3184 kind=3 ns=285258451131764 fields=609,610,1,2,285258451103472,0,0,0,0,0,0,0,0,4,1,3
event=trace_row ordinal=3185 kind=5 ns=285258461128167 fields=513,6,15,0,0,0,0,0,0,0,16,0,0,0,0,0
event=trace_row ordinal=3186 kind=0 ns=285258461102500 fields=610,2,0,26,1,0,0,0,0,0,0,0,0,0,0,0
event=trace_row ordinal=3187 kind=1 ns=285258461102500 fields=610,2,0,1004,994,200,1000,0,1,0,0,0,0,0,0,0
event=trace_row ordinal=3188 kind=3 ns=285258461131667 fields=610,611,1,2,285258461102500,0,0,0,0,0,0,0,0,4,1,3
event=trace_row ordinal=3189 kind=5 ns=285258471127778 fields=513,6,15,0,0,0,0,0,0,0,16,0,0,0,0,0
event=trace_row ordinal=3190 kind=0 ns=285258471102695 fields=611,2,0,52,2,0,0,0,0,0,0,0,0,0,0,0
event=trace_row ordinal=3191 kind=1 ns=285258471102695 fields=611,2,0,1004,994,200,1000,0,1,0,0,0,0,0,0,0
event=trace_row ordinal=3192 kind=1 ns=285258471102695 fields=611,2,1,1004,995,200,1000,0,1,0,0,0,0,0,0,0
event=trace_row ordinal=3193 kind=3 ns=285258471131570 fields=611,612,1,2,285258471102695,0,0,0,0,0,0,0,0,4,1,3
event=trace_row ordinal=3194 kind=4 ns=285258480735385 fields=1793,1,5,0,0,0,0,0,0,0,16,0,0,0,0,0
event=trace_row ordinal=3195 kind=5 ns=285258481138181 fields=513,6,15,0,0,0,0,0,0,0,16,0,0,0,0,0
event=trace_row ordinal=3196 kind=0 ns=285258481107848 fields=612,2,0,26,1,0,0,0,0,0,0,0,0,0,0,0
event=trace_row ordinal=3197 kind=1 ns=285258481107848 fields=612,2,0,1004,995,200,1000,0,1,0,0,0,0,0,0,0
event=trace_row ordinal=3198 kind=3 ns=285258481142265 fields=612,613,1,2,285258481107848,0,0,0,0,0,0,0,0,4,1,3
event=trace_row ordinal=3199 kind=5 ns=285258491120876 fields=513,6,15,0,0,0,0,0,0,0,16,0,0,0,0,0
event=trace_row ordinal=3200 kind=0 ns=285258491099875 fields=613,2,0,52,2,0,0,0,0,0,0,0,0,0,0,0
event=trace_row ordinal=3201 kind=1 ns=285258491099875 fields=613,2,0,1004,995,200,1000,0,1,0,0,0,0,0,0,0
event=trace_row ordinal=3202 kind=1 ns=285258491099875 fields=613,2,1,1005,996,200,1000,0,1,0,0,0,0,0,0,0
event=trace_row ordinal=3203 kind=3 ns=285258491124084 fields=613,614,1,2,285258491099875,0,0,0,0,0,0,0,0,4,1,3
event=trace_row ordinal=3204 kind=4 ns=285258497303111 fields=385,8,39,20,39,20,0,0,0,0,16,0,0,0,0,0
event=trace_row ordinal=3205 kind=4 ns=285258498257163 fields=641,5,3,0,0,0,0,0,0,0,16,0,0,0,0,0
event=trace_row ordinal=3206 kind=5 ns=285258501118737 fields=513,6,15,0,0,0,0,0,0,0,16,0,0,0,0,0
event=trace_row ordinal=3207 kind=0 ns=285258501099195 fields=614,2,0,26,1,0,0,0,0,0,0,0,0,0,0,0
event=trace_row ordinal=3208 kind=1 ns=285258501099195 fields=614,2,0,1005,996,200,1000,0,1,0,0,0,0,0,0,0
event=trace_row ordinal=3209 kind=3 ns=285258501122237 fields=614,615,1,2,285258501099195,0,0,0,0,0,0,0,0,4,1,3
event=trace_row ordinal=3210 kind=5 ns=285258511118056 fields=513,6,15,0,0,0,0,0,0,0,16,0,0,0,0,0
event=trace_row ordinal=3211 kind=0 ns=285258511097640 fields=615,2,0,52,2,0,0,0,0,0,0,0,0,0,0,0
event=trace_row ordinal=3212 kind=1 ns=285258511097640 fields=615,2,0,1005,996,200,1000,0,1,0,0,0,0,0,0,0
event=trace_row ordinal=3213 kind=1 ns=285258511097640 fields=615,2,1,1004,997,200,1000,0,1,0,0,0,0,0,0,0
event=trace_row ordinal=3214 kind=3 ns=285258511121265 fields=615,616,1,2,285258511097640,0,0,0,0,0,0,0,0,4,1,3
event=trace_row ordinal=3215 kind=5 ns=285258521117668 fields=513,6,15,0,0,0,0,0,0,0,16,0,0,0,0,0
event=trace_row ordinal=3216 kind=0 ns=285258521098709 fields=616,2,0,26,1,0,0,0,0,0,0,0,0,0,0,0
event=trace_row ordinal=3217 kind=1 ns=285258521098709 fields=616,2,0,1004,997,200,1000,0,1,0,0,0,0,0,0,0
event=trace_row ordinal=3218 kind=3 ns=285258521121459 fields=616,617,1,2,285258521098709,0,0,0,0,0,0,0,0,4,1,3
event=trace_row ordinal=3219 kind=5 ns=285258531118154 fields=513,6,15,0,0,0,0,0,0,0,16,0,0,0,0,0
event=trace_row ordinal=3220 kind=0 ns=285258531098612 fields=617,2,0,26,1,0,0,0,0,0,0,0,0,0,0,0
event=trace_row ordinal=3221 kind=1 ns=285258531098612 fields=617,2,0,1004,997,200,1000,0,1,0,0,0,0,0,0,0
event=trace_row ordinal=3222 kind=3 ns=285258531121362 fields=617,618,1,2,285258531098612,0,0,0,0,0,0,0,0,4,1,3
event=trace_row ordinal=3223 kind=5 ns=285258541117765 fields=513,6,15,0,0,0,0,0,0,0,16,0,0,0,0,0
event=trace_row ordinal=3224 kind=0 ns=285258541097640 fields=618,2,0,52,2,0,0,0,0,0,0,0,0,0,0,0
event=trace_row ordinal=3225 kind=1 ns=285258541097640 fields=618,2,0,1005,997,200,1000,0,1,0,0,0,0,0,0,0
event=trace_row ordinal=3226 kind=1 ns=285258541097640 fields=618,2,1,1005,997,200,1000,0,1,0,0,0,0,0,0,0
event=trace_row ordinal=3227 kind=3 ns=285258541120974 fields=618,619,1,2,285258541097640,0,0,0,0,0,0,0,0,4,1,3
event=trace_row ordinal=3228 kind=4 ns=285258547249250 fields=385,8,39,20,39,20,0,0,0,0,16,0,0,0,0,0
event=trace_row ordinal=3229 kind=4 ns=285258548136802 fields=641,5,3,0,0,0,0,0,0,0,16,0,0,0,0,0
event=trace_row ordinal=3230 kind=5 ns=285258551118251 fields=513,6,15,0,0,0,0,0,0,0,16,0,0,0,0,0
event=trace_row ordinal=3231 kind=0 ns=285258551098126 fields=619,2,0,26,1,0,0,0,0,0,0,0,0,0,0,0
event=trace_row ordinal=3232 kind=1 ns=285258551098126 fields=619,2,0,1005,997,200,1000,0,1,0,0,0,0,0,0,0
event=trace_row ordinal=3233 kind=3 ns=285258551121460 fields=619,620,1,2,285258551098126,0,0,0,0,0,0,0,0,4,1,3
event=trace_row ordinal=3234 kind=5 ns=285258561118738 fields=513,6,15,0,0,0,0,0,0,0,16,0,0,0,0,0
event=trace_row ordinal=3235 kind=0 ns=285258561097737 fields=620,2,0,50,2,0,0,0,0,0,0,0,0,0,0,0
event=trace_row ordinal=3236 kind=1 ns=285258561097737 fields=620,2,0,1004,999,200,1000,0,1,0,0,0,0,0,0,0
event=trace_row ordinal=3237 kind=1 ns=285258561097737 fields=620,2,1,1004,999,200,1000,0,1,0,0,0,0,0,0,0
event=trace_row ordinal=3238 kind=3 ns=285258561121946 fields=620,621,1,2,285258561097737,0,0,0,0,0,0,0,0,4,1,3
event=trace_row ordinal=3239 kind=5 ns=285258571118349 fields=513,6,15,0,0,0,0,0,0,0,16,0,0,0,0,0
event=trace_row ordinal=3240 kind=0 ns=285258571097640 fields=621,2,0,25,1,0,0,0,0,0,0,0,0,0,0,0
event=trace_row ordinal=3241 kind=1 ns=285258571097640 fields=621,2,0,1004,999,200,1000,0,1,0,0,0,0,0,0,0
event=trace_row ordinal=3242 kind=3 ns=285258571121557 fields=621,622,1,2,285258571097640,0,0,0,0,0,0,0,0,4,1,3
event=trace_row ordinal=3243 kind=5 ns=285258581118543 fields=513,6,15,0,0,0,0,0,0,0,16,0,0,0,0,0
event=trace_row ordinal=3244 kind=0 ns=285258581097543 fields=622,2,0,50,2,0,0,0,0,0,0,0,0,0,0,0
event=trace_row ordinal=3245 kind=1 ns=285258581097543 fields=622,2,0,1004,999,200,1000,0,1,0,0,0,0,0,0,0
event=trace_row ordinal=3246 kind=1 ns=285258581097543 fields=622,2,1,1004,999,200,1000,0,1,0,0,0,0,0,0,0
event=trace_row ordinal=3247 kind=3 ns=285258581122043 fields=622,623,1,2,285258581097543,0,0,0,0,0,0,0,0,4,1,3
event=trace_row ordinal=3248 kind=5 ns=285258591127488 fields=513,6,15,0,0,0,0,0,0,0,16,0,0,0,0,0
event=trace_row ordinal=3249 kind=0 ns=285258591101529 fields=623,2,0,25,1,0,0,0,0,0,0,0,0,0,0,0
event=trace_row ordinal=3250 kind=1 ns=285258591101529 fields=623,2,0,1004,999,200,1000,0,1,0,0,0,0,0,0,0
event=trace_row ordinal=3251 kind=3 ns=285258591131571 fields=623,624,1,2,285258591101529,0,0,0,0,0,0,0,0,4,1,3
event=trace_row ordinal=3252 kind=4 ns=285258597197431 fields=385,8,39,20,39,20,0,0,0,0,16,0,0,0,0,0
event=trace_row ordinal=3253 kind=4 ns=285258598152941 fields=641,5,3,0,0,0,0,0,0,0,16,0,0,0,0,0
event=trace_row ordinal=3254 kind=5 ns=285258601119516 fields=513,6,15,0,0,0,0,0,0,0,16,0,0,0,0,0
event=trace_row ordinal=3255 kind=0 ns=285258601099099 fields=624,2,0,25,1,0,0,0,0,0,0,0,0,0,0,0
event=trace_row ordinal=3256 kind=1 ns=285258601099099 fields=624,2,0,1004,1000,200,1000,0,1,0,0,0,0,0,0,0
event=trace_row ordinal=3257 kind=3 ns=285258601123016 fields=624,625,1,2,285258601099099,0,0,0,0,0,0,0,0,4,1,3
event=trace_row ordinal=3258 kind=5 ns=285258611118835 fields=513,6,15,0,0,0,0,0,0,0,16,0,0,0,0,0
event=trace_row ordinal=3259 kind=0 ns=285258611097835 fields=625,2,0,50,2,0,0,0,0,0,0,0,0,0,0,0
event=trace_row ordinal=3260 kind=1 ns=285258611097835 fields=625,2,0,1004,1000,200,1000,0,1,0,0,0,0,0,0,0
event=trace_row ordinal=3261 kind=1 ns=285258611097835 fields=625,2,1,1005,1000,200,1000,0,1,0,0,0,0,0,0,0
event=trace_row ordinal=3262 kind=3 ns=285258611122335 fields=625,626,1,2,285258611097835,0,0,0,0,0,0,0,0,4,1,3
event=trace_row ordinal=3263 kind=5 ns=285258621114947 fields=513,6,15,0,0,0,0,0,0,0,16,0,0,0,0,0
event=trace_row ordinal=3264 kind=0 ns=285258621096863 fields=626,2,0,25,1,0,0,0,0,0,0,0,0,0,0,0
event=trace_row ordinal=3265 kind=1 ns=285258621096863 fields=626,2,0,1005,1000,200,1000,0,1,0,0,0,0,0,0,0
event=trace_row ordinal=3266 kind=3 ns=285258621118447 fields=626,627,1,2,285258621096863,0,0,0,0,0,0,0,0,4,1,3
event=trace_row ordinal=3267 kind=5 ns=285258631230059 fields=513,6,15,0,0,0,0,0,0,0,16,0,0,0,0,0
event=trace_row ordinal=3268 kind=0 ns=285258631139641 fields=627,2,0,51,2,0,0,0,0,0,0,0,0,0,0,0
event=trace_row ordinal=3269 kind=1 ns=285258631139641 fields=627,2,0,1005,1000,200,1000,0,1,0,0,0,0,0,0,0
event=trace_row ordinal=3270 kind=1 ns=285258631139641 fields=627,2,1,1004,1000,200,1000,0,1,0,0,0,0,0,0,0
event=trace_row ordinal=3271 kind=3 ns=285258631236184 fields=627,628,1,2,285258631139641,0,0,0,0,0,0,0,0,4,1,3
event=trace_row ordinal=3272 kind=5 ns=285258641121169 fields=513,6,15,0,0,0,0,0,0,0,16,0,0,0,0,0
event=trace_row ordinal=3273 kind=0 ns=285258641099294 fields=628,2,0,26,1,0,0,0,0,0,0,0,0,0,0,0
event=trace_row ordinal=3274 kind=1 ns=285258641099294 fields=628,2,0,1004,1000,200,1000,0,1,0,0,0,0,0,0,0
event=trace_row ordinal=3275 kind=3 ns=285258641124961 fields=628,629,1,2,285258641099294,0,0,0,0,0,0,0,0,4,1,3
event=trace_row ordinal=3276 kind=4 ns=285258647151444 fields=385,8,39,20,39,20,0,0,0,0,16,0,0,0,0,0
event=trace_row ordinal=3277 kind=4 ns=285258648095288 fields=641,5,3,0,0,0,0,0,0,0,16,0,0,0,0,0
event=trace_row ordinal=3278 kind=5 ns=285258651121072 fields=513,6,15,0,0,0,0,0,0,0,16,0,0,0,0,0
event=trace_row ordinal=3279 kind=0 ns=285258651099780 fields=629,2,0,52,2,0,0,0,0,0,0,0,0,0,0,0
event=trace_row ordinal=3280 kind=1 ns=285258651099780 fields=629,2,0,1004,1000,200,1000,0,1,0,0,0,0,0,0,0
event=trace_row ordinal=3281 kind=1 ns=285258651099780 fields=629,2,1,1005,1018,200,1000,0,1,0,0,0,0,0,0,0
event=trace_row ordinal=3282 kind=3 ns=285258651124572 fields=629,630,1,2,285258651099780,0,0,0,0,0,0,0,0,4,1,3
event=trace_row ordinal=3283 kind=5 ns=285258661118350 fields=513,6,15,0,0,0,0,0,0,0,16,0,0,0,0,0
event=trace_row ordinal=3284 kind=0 ns=285258661098516 fields=630,2,0,26,1,0,0,0,0,0,0,0,0,0,0,0
event=trace_row ordinal=3285 kind=1 ns=285258661098516 fields=630,2,0,1005,1018,200,1000,0,1,0,0,0,0,0,0,0
event=trace_row ordinal=3286 kind=3 ns=285258661121558 fields=630,631,1,2,285258661098516,0,0,0,0,0,0,0,0,4,1,3
event=trace_row ordinal=3287 kind=5 ns=285258671117961 fields=513,6,15,0,0,0,0,0,0,0,16,0,0,0,0,0
event=trace_row ordinal=3288 kind=0 ns=285258671098419 fields=631,2,0,26,1,0,0,0,0,0,0,0,0,0,0,0
event=trace_row ordinal=3289 kind=1 ns=285258671098419 fields=631,2,0,1005,1018,200,1000,0,1,0,0,0,0,0,0,0
event=trace_row ordinal=3290 kind=3 ns=285258671121169 fields=631,632,1,2,285258671098419,0,0,0,0,0,0,0,0,4,1,3
event=trace_row ordinal=3291 kind=5 ns=285258681118447 fields=513,6,15,0,0,0,0,0,0,0,16,0,0,0,0,0
event=trace_row ordinal=3292 kind=0 ns=285258681097739 fields=632,2,0,50,2,0,0,0,0,0,0,0,0,0,0,0
event=trace_row ordinal=3293 kind=1 ns=285258681097739 fields=632,2,0,1004,1038,200,1000,0,1,0,0,0,0,0,0,0
event=trace_row ordinal=3294 kind=1 ns=285258681097739 fields=632,2,1,1004,1038,200,1000,0,1,0,0,0,0,0,0,0
event=trace_row ordinal=3295 kind=3 ns=285258681121656 fields=632,633,1,2,285258681097739,0,55,0,0,0,0,0,0,4,1,3
event=trace_row ordinal=3296 kind=5 ns=285258691116017 fields=513,6,15,0,0,0,0,0,0,0,16,0,0,0,0,0
event=trace_row ordinal=3297 kind=0 ns=285258691097350 fields=633,2,0,25,1,0,0,0,0,0,0,0,0,0,0,0
event=trace_row ordinal=3298 kind=1 ns=285258691097350 fields=633,2,0,1004,1038,200,1000,0,1,0,0,0,0,0,0,0
event=trace_row ordinal=3299 kind=3 ns=285258691119225 fields=633,634,1,2,285258691097350,0,55,0,0,0,0,0,0,4,1,3
event=trace_row ordinal=3300 kind=4 ns=285258697094667 fields=385,8,39,20,39,20,0,0,0,0,16,0,0,0,0,0
event=trace_row ordinal=3301 kind=4 ns=285258698039969 fields=641,5,3,0,0,0,0,0,0,0,16,0,0,0,0,0
event=trace_row ordinal=3302 kind=5 ns=285258701121461 fields=513,6,15,0,0,0,0,0,0,0,16,0,0,0,0,0
event=trace_row ordinal=3303 kind=0 ns=285258701099586 fields=634,2,0,50,2,0,0,0,0,0,0,0,0,0,0,0
event=trace_row ordinal=3304 kind=1 ns=285258701099586 fields=634,2,0,1004,1072,200,1000,0,1,0,0,0,0,0,0,0
event=trace_row ordinal=3305 kind=1 ns=285258701099586 fields=634,2,1,1004,1072,200,1000,0,1,0,0,0,0,0,0,0
event=trace_row ordinal=3306 kind=3 ns=285258701125545 fields=634,635,1,2,285258701099586,0,97,0,0,0,0,0,0,4,1,3
event=trace_row ordinal=3307 kind=5 ns=285258711116698 fields=513,6,15,0,0,0,0,0,0,0,16,0,0,0,0,0
event=trace_row ordinal=3308 kind=0 ns=285258711098031 fields=635,2,0,25,1,0,0,0,0,0,0,0,0,0,0,0
event=trace_row ordinal=3309 kind=1 ns=285258711098031 fields=635,2,0,1004,1072,200,1000,0,1,0,0,0,0,0,0,0
event=trace_row ordinal=3310 kind=3 ns=285258711119906 fields=635,636,1,2,285258711098031,0,97,0,0,0,0,0,0,4,1,3
event=trace_row ordinal=3311 kind=5 ns=285258721118059 fields=513,6,15,0,0,0,0,0,0,0,16,0,0,0,0,0
event=trace_row ordinal=3312 kind=0 ns=285258721097350 fields=636,2,0,50,2,0,0,0,0,0,0,0,0,0,0,0
event=trace_row ordinal=3313 kind=1 ns=285258721097350 fields=636,2,0,1004,1113,200,1000,0,1,0,0,0,0,0,0,0
event=trace_row ordinal=3314 kind=1 ns=285258721097350 fields=636,2,1,1004,1113,200,1000,0,1,0,0,0,0,0,0,0
event=trace_row ordinal=3315 kind=3 ns=285258721121559 fields=636,637,1,2,285258721097350,0,148,0,0,0,0,0,0,4,1,3
event=trace_row ordinal=3316 kind=4 ns=285258730269786 fields=1793,1,5,0,0,0,0,0,0,0,16,0,0,0,0,0
event=trace_row ordinal=3317 kind=5 ns=285258731118545 fields=513,6,15,0,0,0,0,0,0,0,16,0,0,0,0,0
event=trace_row ordinal=3318 kind=0 ns=285258731099003 fields=637,2,0,25,1,0,0,0,0,0,0,0,0,0,0,0
event=trace_row ordinal=3319 kind=1 ns=285258731099003 fields=637,2,0,1004,1113,200,1000,0,1,0,0,0,0,0,0,0
event=trace_row ordinal=3320 kind=3 ns=285258731121753 fields=637,638,1,2,285258731099003,0,148,0,0,0,0,0,0,4,1,3
event=trace_row ordinal=3321 kind=5 ns=285258741116990 fields=513,6,15,0,0,0,0,0,0,0,16,0,0,0,0,0
event=trace_row ordinal=3322 kind=0 ns=285258741097739 fields=638,2,0,25,1,0,0,0,0,0,0,0,0,0,0,0
event=trace_row ordinal=3323 kind=1 ns=285258741097739 fields=638,2,0,1005,1179,200,1000,0,1,0,0,0,0,0,0,0
event=trace_row ordinal=3324 kind=3 ns=285258741120198 fields=638,639,1,2,285258741097739,0,230,0,0,0,0,0,0,4,1,3
event=trace_row ordinal=3325 kind=4 ns=285258747035555 fields=385,8,39,20,39,20,0,0,0,0,16,0,0,0,0,0
event=trace_row ordinal=3326 kind=4 ns=285258747986983 fields=641,5,3,0,0,0,0,0,0,0,16,0,0,0,0,0
event=trace_row ordinal=3327 kind=5 ns=285258751118934 fields=513,6,15,0,0,0,0,0,0,0,16,0,0,0,0,0
event=trace_row ordinal=3328 kind=0 ns=285258751097934 fields=639,2,0,50,2,0,0,0,0,0,0,0,0,0,0,0
event=trace_row ordinal=3329 kind=1 ns=285258751097934 fields=639,2,0,1005,1179,200,1000,0,1,0,0,0,0,0,0,0
event=trace_row ordinal=3330 kind=1 ns=285258751097934 fields=639,2,1,1004,1263,200,1000,0,1,0,0,0,0,0,0,0
event=trace_row ordinal=3331 kind=3 ns=285258751122434 fields=639,640,1,2,285258751097934,0,334,0,0,0,0,0,0,4,1,3
event=trace_row ordinal=3332 kind=5 ns=285258761118254 fields=513,6,15,0,0,0,0,0,0,0,16,0,0,0,0,0
event=trace_row ordinal=3333 kind=0 ns=285258761098129 fields=640,2,0,25,1,0,0,0,0,0,0,0,0,0,0,0
event=trace_row ordinal=3334 kind=1 ns=285258761098129 fields=640,2,0,1004,1263,200,1000,0,1,0,0,0,0,0,0,0
event=trace_row ordinal=3335 kind=3 ns=285258761121462 fields=640,641,1,2,285258761098129,0,334,0,0,0,0,0,0,4,1,3
event=trace_row ordinal=3336 kind=5 ns=285258771117573 fields=513,6,15,0,0,0,0,0,0,0,16,0,0,0,0,0
event=trace_row ordinal=3337 kind=0 ns=285258771096865 fields=641,2,0,50,2,0,0,0,0,0,0,0,0,0,0,0
event=trace_row ordinal=3338 kind=1 ns=285258771096865 fields=641,2,0,1004,1263,200,1000,0,1,0,0,0,0,0,0,0
event=trace_row ordinal=3339 kind=1 ns=285258771096865 fields=641,2,1,1005,1366,200,1000,0,1,0,0,0,0,0,0,0
event=trace_row ordinal=3340 kind=3 ns=285258771120782 fields=641,642,1,2,285258771096865,0,462,0,0,0,0,0,0,4,1,3
event=trace_row ordinal=3341 kind=5 ns=285258781117476 fields=513,6,15,0,0,0,0,0,0,0,16,0,0,0,0,0
event=trace_row ordinal=3342 kind=0 ns=285258781097934 fields=642,2,0,25,1,0,0,0,0,0,0,0,0,0,0,0
event=trace_row ordinal=3343 kind=1 ns=285258781097934 fields=642,2,0,1005,1366,200,1000,0,1,0,0,0,0,0,0,0
event=trace_row ordinal=3344 kind=3 ns=285258781120976 fields=642,643,1,2,285258781097934,0,462,0,0,0,0,0,0,4,1,3
event=trace_row ordinal=3345 kind=5 ns=285258791119421 fields=513,6,15,0,0,0,0,0,0,0,16,0,0,0,0,0
event=trace_row ordinal=3346 kind=0 ns=285258791097837 fields=643,2,0,50,2,0,0,0,0,0,0,0,0,0,0,0
event=trace_row ordinal=3347 kind=1 ns=285258791097837 fields=643,2,0,1005,1366,200,1000,0,1,0,0,0,0,0,0,0
event=trace_row ordinal=3348 kind=1 ns=285258791097837 fields=643,2,1,1004,1452,200,1000,0,1,0,0,0,0,0,0,0
event=trace_row ordinal=3349 kind=3 ns=285258791122921 fields=643,644,1,2,285258791097837,0,568,0,0,0,0,0,0,4,1,3
event=trace_row ordinal=3350 kind=4 ns=285258796984903 fields=385,8,39,20,39,20,0,0,0,0,16,0,0,0,0,0
event=trace_row ordinal=3351 kind=4 ns=285258797935163 fields=641,5,3,0,0,0,0,0,0,0,16,0,0,0,0,0
event=trace_row ordinal=3352 kind=5 ns=285258801121657 fields=513,6,15,0,0,0,0,0,0,0,16,0,0,0,0,0
event=trace_row ordinal=3353 kind=0 ns=285258801100073 fields=644,2,0,25,1,0,0,0,0,0,0,0,0,0,0,0
event=trace_row ordinal=3354 kind=1 ns=285258801100073 fields=644,2,0,1004,1452,200,1000,0,1,0,0,0,0,0,0,0
event=trace_row ordinal=3355 kind=3 ns=285258801125449 fields=644,645,1,2,285258801100073,0,568,0,0,0,0,0,0,4,1,3
event=trace_row ordinal=3356 kind=5 ns=285258811141685 fields=513,6,15,0,0,0,0,0,0,0,16,0,0,0,0,0
event=trace_row ordinal=3357 kind=0 ns=285258811108435 fields=645,2,0,25,1,0,0,0,0,0,0,0,0,0,0,0
event=trace_row ordinal=3358 kind=1 ns=285258811108435 fields=645,2,0,1004,1452,200,1000,0,1,0,0,0,0,0,0,0
event=trace_row ordinal=3359 kind=3 ns=285258811146060 fields=645,646,1,2,285258811108435,0,568,0,0,0,0,0,0,4,1,3
event=trace_row ordinal=3360 kind=5 ns=285258821131088 fields=513,6,15,0,0,0,3,0,0,0,16,0,0,0,0,0
event=trace_row ordinal=3361 kind=0 ns=285258821102504 fields=646,2,0,50,2,0,0,0,0,0,0,0,0,0,0,0
event=trace_row ordinal=3362 kind=1 ns=285258821102504 fields=646,2,0,1004,1535,200,1000,0,1,0,0,0,0,0,0,0
event=trace_row ordinal=3363 kind=1 ns=285258821102504 fields=646,2,1,1004,1535,200,1000,0,1,0,0,0,0,0,0,0
event=trace_row ordinal=3364 kind=3 ns=285258821134588 fields=646,647,1,2,285258821102504,0,671,3,3,0,3,0,3,5,1,3
event=trace_row ordinal=3365 kind=5 ns=285258831141491 fields=513,6,15,0,0,0,3,0,0,0,16,0,0,0,0,0
event=trace_row ordinal=3366 kind=0 ns=285258831108532 fields=647,2,0,25,1,0,0,0,0,0,0,0,0,0,0,0
event=trace_row ordinal=3367 kind=1 ns=285258831108532 fields=647,2,0,1004,1535,200,1000,0,1,0,0,0,0,0,0,0
event=trace_row ordinal=3368 kind=3 ns=285258831145283 fields=647,648,1,2,285258831108532,0,671,3,3,0,3,0,3,5,1,3
event=trace_row ordinal=3369 kind=5 ns=285258841134102 fields=513,6,15,0,0,0,3,0,0,0,16,0,0,0,0,0
event=trace_row ordinal=3370 kind=0 ns=285258841104352 fields=648,2,0,50,2,0,0,0,0,0,0,0,0,0,0,0
event=trace_row ordinal=3371 kind=1 ns=285258841104352 fields=648,2,0,1004,1606,200,1000,0,1,0,0,0,0,0,0,0
event=trace_row ordinal=3372 kind=1 ns=285258841104352 fields=648,2,1,1004,1606,200,1000,0,1,0,0,0,0,0,0,0
event=trace_row ordinal=3373 kind=3 ns=285258841138185 fields=648,649,1,2,285258841104352,0,759,3,3,0,3,0,3,5,1,3
event=trace_row ordinal=3374 kind=4 ns=285258846947958 fields=385,8,39,20,39,64,0,0,4,0,16,0,0,0,0,0
event=trace_row ordinal=3375 kind=4 ns=285258847878094 fields=641,5,3,0,0,0,0,0,0,0,16,0,0,0,0,0
event=trace_row ordinal=3376 kind=5 ns=285258851127880 fields=513,6,15,0,0,0,3,0,0,0,16,0,0,0,0,0
event=trace_row ordinal=3377 kind=0 ns=285258851102796 fields=649,2,0,25,1,0,0,0,0,0,0,0,0,0,0,0
event=trace_row ordinal=3378 kind=1 ns=285258851102796 fields=649,2,0,1004,1606,200,1000,0,1,0,0,0,0,0,0,0
event=trace_row ordinal=3379 kind=3 ns=285258851131963 fields=649,650,1,2,285258851102796,0,759,3,3,0,3,0,3,5,1,3
event=trace_row ordinal=3380 kind=5 ns=285258861133908 fields=513,6,15,0,0,0,4,0,0,0,16,0,0,0,0,0
event=trace_row ordinal=3381 kind=0 ns=285258861104157 fields=650,2,0,50,2,0,0,0,0,0,0,0,0,0,0,0
event=trace_row ordinal=3382 kind=1 ns=285258861104157 fields=650,2,0,1004,1666,200,1000,0,1,0,0,0,0,0,0,0
event=trace_row ordinal=3383 kind=1 ns=285258861104157 fields=650,2,1,1004,1666,200,1000,0,1,0,0,0,0,0,0,0
event=trace_row ordinal=3384 kind=3 ns=285258861137408 fields=650,651,1,2,285258861104157,0,833,4,4,0,4,0,4,5,1,3
event=trace_row ordinal=3385 kind=5 ns=285258871150144 fields=513,6,15,0,0,0,4,0,0,0,16,0,0,0,0,0
event=trace_row ordinal=3386 kind=0 ns=285258871110477 fields=651,2,0,25,1,0,0,0,0,0,0,0,0,0,0,0
event=trace_row ordinal=3387 kind=1 ns=285258871110477 fields=651,2,0,1004,1666,200,1000,0,1,0,0,0,0,0,0,0
event=trace_row ordinal=3388 kind=3 ns=285258871154811 fields=651,652,1,2,285258871110477,0,833,4,4,0,4,0,4,5,1,3
event=trace_row ordinal=3389 kind=5 ns=285258881129922 fields=513,6,15,0,0,0,4,0,0,0,16,0,0,0,0,0
event=trace_row ordinal=3390 kind=0 ns=285258881104255 fields=652,2,0,25,1,0,0,0,0,0,0,0,0,0,0,0
event=trace_row ordinal=3391 kind=1 ns=285258881104255 fields=652,2,0,1004,1734,200,1000,0,1,0,0,0,0,0,0,0
event=trace_row ordinal=3392 kind=3 ns=285258881133422 fields=652,653,1,2,285258881104255,0,918,4,4,0,4,0,4,5,1,3
event=trace_row ordinal=3393 kind=5 ns=285258891152867 fields=513,6,15,0,0,0,4,0,0,0,16,0,0,0,0,0
event=trace_row ordinal=3394 kind=0 ns=285258891109116 fields=653,2,0,50,2,0,0,0,0,0,0,0,0,0,0,0
event=trace_row ordinal=3395 kind=1 ns=285258891109116 fields=653,2,0,1004,1734,200,1000,0,1,0,0,0,0,0,0,0
event=trace_row ordinal=3396 kind=1 ns=285258891109116 fields=653,2,1,1004,1776,200,1000,0,1,0,0,0,0,0,0,0
event=trace_row ordinal=3397 kind=3 ns=285258891158117 fields=653,654,1,2,285258891109116,0,970,4,4,0,4,0,4,5,1,3
event=trace_row ordinal=3398 kind=4 ns=285258896902264 fields=385,8,39,20,39,68,0,0,27,0,16,0,0,0,0,0
event=trace_row ordinal=3399 kind=4 ns=285258897828024 fields=641,5,3,0,0,0,0,0,0,0,16,0,0,0,0,0
event=trace_row ordinal=3400 kind=5 ns=285258901147228 fields=513,6,15,0,0,0,4,0,0,0,16,0,0,0,0,0
event=trace_row ordinal=3401 kind=0 ns=285258901109894 fields=654,2,0,25,1,0,0,0,0,0,0,0,0,0,0,0
event=trace_row ordinal=3402 kind=1 ns=285258901109894 fields=654,2,0,1004,1776,200,1000,0,1,0,0,0,0,0,0,0
event=trace_row ordinal=3403 kind=3 ns=285258901152186 fields=654,655,1,2,285258901109894,0,970,4,4,0,4,0,4,5,1,3
event=trace_row ordinal=3404 kind=5 ns=285258911134881 fields=513,6,15,0,0,0,5,0,0,0,16,0,0,0,0,0
event=trace_row ordinal=3405 kind=0 ns=285258911106005 fields=655,2,0,50,2,0,0,0,0,0,0,0,0,0,0,0
event=trace_row ordinal=3406 kind=1 ns=285258911106005 fields=655,2,0,1004,1776,200,1000,0,1,0,0,0,0,0,0,0
event=trace_row ordinal=3407 kind=1 ns=285258911106005 fields=655,2,1,1004,1800,200,1000,0,1,0,0,0,0,0,0,0
event=trace_row ordinal=3408 kind=3 ns=285258911138381 fields=655,656,1,2,285258911106005,0,1000,5,5,0,5,0,5,5,1,3
event=trace_row ordinal=3409 kind=5 ns=285258921139450 fields=513,6,15,0,0,0,5,0,0,0,16,0,0,0,0,0
event=trace_row ordinal=3410 kind=0 ns=285258921107658 fields=656,2,0,25,1,0,0,0,0,0,0,0,0,0,0,0
event=trace_row ordinal=3411 kind=1 ns=285258921107658 fields=656,2,0,1004,1800,200,1000,0,1,0,0,0,0,0,0,0
event=trace_row ordinal=3412 kind=3 ns=285258921143534 fields=656,657,1,2,285258921107658,0,1000,5,5,0,5,0,5,5,1,3
event=trace_row ordinal=3413 kind=5 ns=285258931131186 fields=513,6,15,0,0,0,5,0,0,0,16,0,0,0,0,0
event=trace_row ordinal=3414 kind=0 ns=285258931103478 fields=657,2,0,50,2,0,0,0,0,0,0,0,0,0,0,0
event=trace_row ordinal=3415 kind=1 ns=285258931103478 fields=657,2,0,1004,1800,200,1000,0,1,0,0,0,0,0,0,0
event=trace_row ordinal=3416 kind=1 ns=285258931103478 fields=657,2,1,1004,1800,200,1000,0,1,0,0,0,0,0,0,0
event=trace_row ordinal=3417 kind=3 ns=285258931135270 fields=657,658,1,2,285258931103478,0,1000,5,5,0,5,0,5,5,1,3
event=trace_row ordinal=3418 kind=5 ns=285258941129631 fields=513,6,15,0,0,0,5,0,0,0,16,0,0,0,0,0
event=trace_row ordinal=3419 kind=0 ns=285258941104839 fields=658,2,0,25,1,0,0,0,0,0,0,0,0,0,0,0
event=trace_row ordinal=3420 kind=1 ns=285258941104839 fields=658,2,0,1004,1800,200,1000,0,1,0,0,0,0,0,0,0
event=trace_row ordinal=3421 kind=3 ns=285258941133423 fields=658,659,1,2,285258941104839,0,1000,5,5,0,5,0,5,5,1,3
event=trace_row ordinal=3422 kind=4 ns=285258946834694 fields=385,8,39,20,39,68,0,0,47,0,16,0,0,0,0,0
event=trace_row ordinal=3423 kind=4 ns=285258947775038 fields=641,5,3,0,0,0,0,0,0,0,16,0,0,0,0,0
event=trace_row ordinal=3424 kind=5 ns=285258951132159 fields=513,6,15,0,0,0,5,0,0,0,16,0,0,0,0,0
event=trace_row ordinal=3425 kind=0 ns=285258951105325 fields=659,2,0,25,1,0,0,0,0,0,0,0,0,0,0,0
event=trace_row ordinal=3426 kind=1 ns=285258951105325 fields=659,2,0,1004,1800,200,1000,0,1,0,0,0,0,0,0,0
event=trace_row ordinal=3427 kind=3 ns=285258951135367 fields=659,660,1,2,285258951105325,0,1000,5,5,0,5,0,5,5,1,3
event=trace_row ordinal=3428 kind=5 ns=285258961137020 fields=513,6,15,0,0,0,5,0,0,0,16,0,0,0,0,0
event=trace_row ordinal=3429 kind=0 ns=285258961104936 fields=660,2,0,50,2,0,0,0,0,0,0,0,0,0,0,0
event=trace_row ordinal=3430 kind=1 ns=285258961104936 fields=660,2,0,1004,1800,200,1000,0,1,0,0,0,0,0,0,0
event=trace_row ordinal=3431 kind=1 ns=285258961104936 fields=660,2,1,1004,1800,200,1000,0,1,0,0,0,0,0,0,0
event=trace_row ordinal=3432 kind=3 ns=285258961141103 fields=660,661,1,2,285258961104936,0,1000,5,5,0,5,0,5,5,1,3
event=trace_row ordinal=3433 kind=5 ns=285258971125548 fields=513,6,15,0,0,0,5,0,0,0,16,0,0,0,0,0
event=trace_row ordinal=3434 kind=0 ns=285258971101923 fields=661,2,0,25,1,0,0,0,0,0,0,0,0,0,0,0
event=trace_row ordinal=3435 kind=1 ns=285258971101923 fields=661,2,0,1004,1800,200,1000,0,1,0,0,0,0,0,0,0
event=trace_row ordinal=3436 kind=3 ns=285258971129340 fields=661,662,1,2,285258971101923,0,1000,5,5,0,5,0,5,5,1,3
event=trace_row ordinal=3437 kind=4 ns=285258979826353 fields=1793,1,5,0,0,0,0,0,0,0,16,0,0,0,0,0
event=trace_row ordinal=3438 kind=5 ns=285258981126909 fields=513,6,15,0,0,0,5,0,0,0,16,0,0,0,0,0
event=trace_row ordinal=3439 kind=0 ns=285258981101242 fields=662,2,0,50,2,0,0,0,0,0,0,0,0,0,0,0
event=trace_row ordinal=3440 kind=1 ns=285258981101242 fields=662,2,0,1004,1800,200,1000,0,1,0,0,0,0,0,0,0
event=trace_row ordinal=3441 kind=1 ns=285258981101242 fields=662,2,1,1004,1800,200,1000,0,1,0,0,0,0,0,0,0
event=trace_row ordinal=3442 kind=3 ns=285258981130701 fields=662,663,1,2,285258981101242,0,1000,5,5,0,5,0,5,5,1,3
event=trace_row ordinal=3443 kind=5 ns=285258991132937 fields=513,6,15,0,0,0,5,0,0,0,16,0,0,0,0,0
event=trace_row ordinal=3444 kind=0 ns=285258991103770 fields=663,2,0,25,1,0,0,0,0,0,0,0,0,0,0,0
event=trace_row ordinal=3445 kind=1 ns=285258991103770 fields=663,2,0,1004,1800,200,1000,0,1,0,0,0,0,0,0,0
event=trace_row ordinal=3446 kind=3 ns=285258991136437 fields=663,664,1,2,285258991103770,0,1000,5,5,0,5,0,5,5,1,3
event=trace_row ordinal=3447 kind=4 ns=285258996775875 fields=385,8,39,20,39,68,0,0,45,0,16,0,0,0,0,0
event=trace_row ordinal=3448 kind=4 ns=285258997721469 fields=641,5,3,0,0,0,0,0,0,0,16,0,0,0,0,0
event=trace_row ordinal=3449 kind=5 ns=285259001127298 fields=513,6,15,0,0,0,5,0,0,0,16,0,0,0,0,0
event=trace_row ordinal=3450 kind=0 ns=285259001102506 fields=664,2,0,50,2,0,0,0,0,0,0,0,0,0,0,0
event=trace_row ordinal=3451 kind=1 ns=285259001102506 fields=664,2,0,1004,1800,200,1000,0,1,0,0,0,0,0,0,0
event=trace_row ordinal=3452 kind=1 ns=285259001102506 fields=664,2,1,1004,1800,200,1000,0,1,0,0,0,0,0,0,0
event=trace_row ordinal=3453 kind=3 ns=285259001130798 fields=664,665,1,2,285259001102506,0,1000,5,5,0,5,0,5,5,1,3
event=trace_row ordinal=3454 kind=5 ns=285259011137993 fields=513,6,15,0,0,0,5,0,0,0,16,0,0,0,0,0
event=trace_row ordinal=3455 kind=0 ns=285259011106784 fields=665,2,0,25,1,0,0,0,0,0,0,0,0,0,0,0
event=trace_row ordinal=3456 kind=1 ns=285259011106784 fields=665,2,0,1004,1800,200,1000,0,1,0,0,0,0,0,0,0
event=trace_row ordinal=3457 kind=3 ns=285259011142076 fields=665,666,1,2,285259011106784,0,1000,5,5,0,5,0,5,5,1,3
event=trace_row ordinal=3458 kind=5 ns=285259021117770 fields=513,6,15,0,0,0,5,0,0,0,16,0,0,0,0,0
event=trace_row ordinal=3459 kind=0 ns=285259021098228 fields=666,2,0,25,1,0,0,0,0,0,0,0,0,0,0,0
event=trace_row ordinal=3460 kind=1 ns=285259021098228 fields=666,2,0,1004,1800,200,1000,0,1,0,0,0,0,0,0,0
event=trace_row ordinal=3461 kind=3 ns=285259021120979 fields=666,667,1,2,285259021098228,0,1000,5,5,0,5,0,5,5,1,3
event=trace_row ordinal=3462 kind=5 ns=285259031118548 fields=513,6,15,0,0,0,5,0,0,0,16,0,0,0,0,0
event=trace_row ordinal=3463 kind=0 ns=285259031097256 fields=667,2,0,51,2,0,0,0,0,0,0,0,0,0,0,0
event=trace_row ordinal=3464 kind=1 ns=285259031097256 fields=667,2,0,1004,1800,200,1000,0,1,0,0,0,0,0,0,0
event=trace_row ordinal=3465 kind=1 ns=285259031097256 fields=667,2,1,1004,1800,200,1000,0,1,0,0,0,0,0,0,0
event=trace_row ordinal=3466 kind=3 ns=285259031121757 fields=667,668,1,2,285259031097256,0,1000,5,5,0,5,0,5,5,1,3
event=trace_row ordinal=3467 kind=5 ns=285259041118451 fields=513,6,15,0,0,0,5,0,0,0,16,0,0,0,0,0
event=trace_row ordinal=3468 kind=0 ns=285259041098618 fields=668,2,0,26,1,0,0,0,0,0,0,0,0,0,0,0
event=trace_row ordinal=3469 kind=1 ns=285259041098618 fields=668,2,0,1004,1800,200,1000,0,1,0,0,0,0,0,0,0
event=trace_row ordinal=3470 kind=3 ns=285259041121659 fields=668,669,1,2,285259041098618,0,1000,5,5,0,5,0,5,5,1,3
event=trace_row ordinal=3471 kind=4 ns=285259046723180 fields=385,8,39,20,39,68,0,0,50,0,16,0,0,0,0,0
event=trace_row ordinal=3472 kind=4 ns=285259047669649 fields=641,5,3,0,0,0,0,0,0,0,16,0,0,0,0,0
event=trace_row ordinal=3473 kind=5 ns=285259051119812 fields=513,6,15,0,0,0,5,0,0,0,16,0,0,0,0,0
event=trace_row ordinal=3474 kind=0 ns=285259051098229 fields=669,2,0,52,2,0,0,0,0,0,0,0,0,0,0,0
event=trace_row ordinal=3475 kind=1 ns=285259051098229 fields=669,2,0,1004,1800,200,1000,0,1,0,0,0,0,0,0,0
event=trace_row ordinal=3476 kind=1 ns=285259051098229 fields=669,2,1,1004,1800,200,1000,0,1,0,0,0,0,0,0,0
event=trace_row ordinal=3477 kind=3 ns=285259051123896 fields=669,670,1,2,285259051098229,0,1000,5,5,0,5,0,5,5,1,3
event=trace_row ordinal=3478 kind=5 ns=285259061117382 fields=513,6,15,0,0,0,5,0,0,0,16,0,0,0,0,0
event=trace_row ordinal=3479 kind=0 ns=285259061097840 fields=670,2,0,26,1,0,0,0,0,0,0,0,0,0,0,0
event=trace_row ordinal=3480 kind=1 ns=285259061097840 fields=670,2,0,1004,1800,200,1000,0,1,0,0,0,0,0,0,0
event=trace_row ordinal=3481 kind=3 ns=285259061120590 fields=670,671,1,2,285259061097840,0,1000,5,5,0,5,0,5,5,1,3
event=trace_row ordinal=3482 kind=5 ns=285259071118743 fields=513,6,15,0,0,0,5,0,0,0,16,0,0,0,0,0
event=trace_row ordinal=3483 kind=0 ns=285259071097743 fields=671,2,0,52,2,0,0,0,0,0,0,0,0,0,0,0
event=trace_row ordinal=3484 kind=1 ns=285259071097743 fields=671,2,0,1004,1800,200,1000,0,1,0,0,0,0,0,0,0
event=trace_row ordinal=3485 kind=1 ns=285259071097743 fields=671,2,1,1004,1800,200,1000,0,1,0,0,0,0,0,0,0
event=trace_row ordinal=3486 kind=3 ns=285259071121951 fields=671,672,1,2,285259071097743,0,1000,5,5,0,5,0,5,5,1,3
event=trace_row ordinal=3487 kind=5 ns=285259081116313 fields=513,6,15,0,0,0,5,0,0,0,16,0,0,0,0,0
event=trace_row ordinal=3488 kind=0 ns=285259081097646 fields=672,2,0,26,1,0,0,0,0,0,0,0,0,0,0,0
event=trace_row ordinal=3489 kind=1 ns=285259081097646 fields=672,2,0,1004,1800,200,1000,0,1,0,0,0,0,0,0,0
event=trace_row ordinal=3490 kind=3 ns=285259081119229 fields=672,673,1,2,285259081097646,0,1000,5,5,0,5,0,5,5,1,3
event=trace_row ordinal=3491 kind=5 ns=285259091117965 fields=513,6,15,0,0,0,5,0,0,0,16,0,0,0,0,0
event=trace_row ordinal=3492 kind=0 ns=285259091098132 fields=673,2,0,26,1,0,0,0,0,0,0,0,0,0,0,0
event=trace_row ordinal=3493 kind=1 ns=285259091098132 fields=673,2,0,1004,1800,200,1000,0,1,0,0,0,0,0,0,0
event=trace_row ordinal=3494 kind=3 ns=285259091121174 fields=673,674,1,2,285259091098132,0,1000,5,5,0,5,0,5,5,1,3
event=trace_row ordinal=3495 kind=4 ns=285259096669902 fields=385,8,39,20,39,68,0,0,53,0,16,0,0,0,0,0
event=trace_row ordinal=3496 kind=4 ns=285259097616371 fields=641,5,3,0,0,0,0,0,0,0,16,0,0,0,0,0
event=trace_row ordinal=3497 kind=5 ns=285259101119327 fields=513,6,15,0,0,0,5,0,0,0,16,0,0,0,0,0
event=trace_row ordinal=3498 kind=0 ns=285259101098326 fields=674,2,0,52,2,0,0,0,0,0,0,0,0,0,0,0
event=trace_row ordinal=3499 kind=1 ns=285259101098326 fields=674,2,0,1004,1800,200,1000,0,1,0,0,0,0,0,0,0
event=trace_row ordinal=3500 kind=1 ns=285259101098326 fields=674,2,1,1004,1800,200,1000,0,1,0,0,0,0,0,0,0
event=trace_row ordinal=3501 kind=3 ns=285259101123410 fields=674,675,1,2,285259101098326,0,1000,5,5,0,5,0,5,5,1,3
event=trace_row ordinal=3502 kind=5 ns=285259111116604 fields=513,6,15,0,0,0,5,0,0,0,16,0,0,0,0,0
event=trace_row ordinal=3503 kind=0 ns=285259111097354 fields=675,2,0,26,1,0,0,0,0,0,0,0,0,0,0,0
event=trace_row ordinal=3504 kind=1 ns=285259111097354 fields=675,2,0,1004,1800,200,1000,0,1,0,0,0,0,0,0,0
event=trace_row ordinal=3505 kind=3 ns=285259111119813 fields=675,676,1,2,285259111097354,0,1000,5,5,0,5,0,5,5,1,3
event=trace_row ordinal=3506 kind=5 ns=285259121123799 fields=513,6,15,0,0,0,5,0,0,0,16,0,0,0,0,0
event=trace_row ordinal=3507 kind=0 ns=285259121100174 fields=676,2,0,52,2,0,0,0,0,0,0,0,0,0,0,0
event=trace_row ordinal=3508 kind=1 ns=285259121100174 fields=676,2,0,1004,1800,200,1000,0,1,0,0,0,0,0,0,0
event=trace_row ordinal=3509 kind=1 ns=285259121100174 fields=676,2,1,1004,1800,200,1000,0,1,0,0,0,0,0,0,0
event=trace_row ordinal=3510 kind=3 ns=285259121127591 fields=676,677,1,2,285259121100174,0,1000,5,5,0,5,0,5,5,1,3
event=trace_row ordinal=3511 kind=5 ns=285259131116994 fields=513,6,15,0,0,0,5,0,0,0,16,0,0,0,0,0
event=trace_row ordinal=3512 kind=0 ns=285259131097743 fields=677,2,0,26,1,0,0,0,0,0,0,0,0,0,0,0
event=trace_row ordinal=3513 kind=1 ns=285259131097743 fields=677,2,0,1004,1800,200,1000,0,1,0,0,0,0,0,0,0
event=trace_row ordinal=3514 kind=3 ns=285259131120202 fields=677,678,1,2,285259131097743,0,1000,5,5,0,5,0,5,5,1,3
event=trace_row ordinal=3515 kind=5 ns=285259141118938 fields=513,6,15,0,0,0,5,0,0,0,16,0,0,0,0,0
event=trace_row ordinal=3516 kind=0 ns=285259141097646 fields=678,2,0,52,2,0,0,0,0,0,0,0,0,0,0,0
event=trace_row ordinal=3517 kind=1 ns=285259141097646 fields=678,2,0,1005,1800,200,1000,0,1,0,0,0,0,0,0,0
event=trace_row ordinal=3518 kind=1 ns=285259141097646 fields=678,2,1,1005,1800,200,1000,0,1,0,0,0,0,0,0,0
event=trace_row ordinal=3519 kind=3 ns=285259141122438 fields=678,679,1,2,285259141097646,0,1000,5,5,0,5,0,5,5,1,3
event=trace_row ordinal=3520 kind=4 ns=285259146616333 fields=385,8,39,20,39,68,0,0,43,0,16,0,0,0,0,0
event=trace_row ordinal=3521 kind=4 ns=285259147563093 fields=641,5,3,0,0,0,0,0,0,0,16,0,0,0,0,0
event=trace_row ordinal=3522 kind=5 ns=285259151117674 fields=513,6,15,0,0,0,5,0,0,0,16,0,0,0,0,0
event=trace_row ordinal=3523 kind=0 ns=285259151098132 fields=679,2,0,26,1,0,0,0,0,0,0,0,0,0,0,0
event=trace_row ordinal=3524 kind=1 ns=285259151098132 fields=679,2,0,1005,1800,200,1000,0,1,0,0,0,0,0,0,0
event=trace_row ordinal=3525 kind=3 ns=285259151121174 fields=679,680,1,2,285259151098132,0,1000,5,5,0,5,0,5,5,1,3
event=trace_row ordinal=3526 kind=5 ns=285259161118452 fields=513,6,15,0,0,0,5,0,0,0,16,0,0,0,0,0
event=trace_row ordinal=3527 kind=0 ns=285259161098327 fields=680,2,0,26,1,0,0,0,0,0,0,0,0,0,0,0
event=trace_row ordinal=3528 kind=1 ns=285259161098327 fields=680,2,0,1004,1800,200,1000,0,1,0,0,0,0,0,0,0
event=trace_row ordinal=3529 kind=3 ns=285259161123411 fields=680,681,1,2,285259161098327,0,1000,5,5,0,5,0,5,5,1,3
event=trace_row ordinal=3530 kind=5 ns=285259171130314 fields=513,6,15,0,0,0,5,0,0,0,16,0,0,0,0,0
event=trace_row ordinal=3531 kind=0 ns=285259171102605 fields=681,2,0,52,2,0,0,0,0,0,0,0,0,0,0,0
event=trace_row ordinal=3532 kind=1 ns=285259171102605 fields=681,2,0,1004,1800,200,1000,0,1,0,0,0,0,0,0,0
event=trace_row ordinal=3533 kind=1 ns=285259171102605 fields=681,2,1,1004,1800,200,1000,0,1,0,0,0,0,0,0,0
event=trace_row ordinal=3534 kind=3 ns=285259171133522 fields=681,682,1,2,285259171102605,0,1000,5,5,0,5,0,5,5,1,3
event=trace_row ordinal=3535 kind=5 ns=285259181117383 fields=513,6,15,0,0,0,5,0,0,0,16,0,0,0,0,0
event=trace_row ordinal=3536 kind=0 ns=285259181097841 fields=682,2,0,26,1,0,0,0,0,0,0,0,0,0,0,0
event=trace_row ordinal=3537 kind=1 ns=285259181097841 fields=682,2,0,1004,1800,200,1000,0,1,0,0,0,0,0,0,0
event=trace_row ordinal=3538 kind=3 ns=285259181120591 fields=682,683,1,2,285259181097841,0,1000,5,5,0,5,0,5,5,1,3
event=trace_row ordinal=3539 kind=5 ns=285259191121952 fields=513,6,15,0,0,0,5,0,0,0,16,0,0,0,0,0
event=trace_row ordinal=3540 kind=0 ns=285259191099202 fields=683,2,0,52,2,0,0,0,0,0,0,0,0,0,0,0
event=trace_row ordinal=3541 kind=1 ns=285259191099202 fields=683,2,0,1004,1800,200,1000,0,1,0,0,0,0,0,0,0
event=trace_row ordinal=3542 kind=1 ns=285259191099202 fields=683,2,1,1004,1800,200,1000,0,1,0,0,0,0,0,0,0
event=trace_row ordinal=3543 kind=3 ns=285259191125744 fields=683,684,1,2,285259191099202,0,1000,5,5,0,5,0,5,5,1,3
event=trace_row ordinal=3544 kind=4 ns=285259196567138 fields=385,8,39,20,39,68,0,0,48,0,16,0,0,0,0,0
event=trace_row ordinal=3545 kind=4 ns=285259197509524 fields=641,5,3,0,0,0,0,0,0,0,16,0,0,0,0,0
event=trace_row ordinal=3546 kind=5 ns=285259201119230 fields=513,6,15,0,0,0,5,0,0,0,16,0,0,0,0,0
event=trace_row ordinal=3547 kind=0 ns=285259201098813 fields=684,2,0,26,1,0,0,0,0,0,0,0,0,0,0,0
event=trace_row ordinal=3548 kind=1 ns=285259201098813 fields=684,2,0,1004,1800,200,1000,0,1,0,0,0,0,0,0,0
event=trace_row ordinal=3549 kind=3 ns=285259201122439 fields=684,685,1,2,285259201098813,0,1000,5,5,0,5,0,5,5,1,3
event=trace_row ordinal=3550 kind=5 ns=285259211119425 fields=513,6,15,0,0,0,5,0,0,0,16,0,0,0,0,0
event=trace_row ordinal=3551 kind=0 ns=285259211097841 fields=685,2,0,52,2,0,0,0,0,0,0,0,0,0,0,0
event=trace_row ordinal=3552 kind=1 ns=285259211097841 fields=685,2,0,1004,1800,200,1000,0,1,0,0,0,0,0,0,0
event=trace_row ordinal=3553 kind=1 ns=285259211097841 fields=685,2,1,1004,1800,200,1000,0,1,0,0,0,0,0,0,0
event=trace_row ordinal=3554 kind=3 ns=285259211122633 fields=685,686,1,2,285259211097841,0,1000,5,5,0,5,0,5,5,1,3
event=trace_row ordinal=3555 kind=5 ns=285259221118744 fields=513,6,15,0,0,0,5,0,0,0,16,0,0,0,0,0
event=trace_row ordinal=3556 kind=0 ns=285259221098619 fields=686,2,0,26,1,0,0,0,0,0,0,0,0,0,0,0
event=trace_row ordinal=3557 kind=1 ns=285259221098619 fields=686,2,0,1004,1800,200,1000,0,1,0,0,0,0,0,0,0
event=trace_row ordinal=3558 kind=3 ns=285259221122536 fields=686,687,1,2,285259221098619,0,1000,5,5,0,5,0,5,5,1,3
event=trace_row ordinal=3559 kind=4 ns=285259229307085 fields=1793,1,5,0,0,0,0,0,0,0,16,0,0,0,0,0
event=trace_row ordinal=3560 kind=5 ns=285259231117772 fields=513,6,15,0,0,0,5,0,0,0,16,0,0,0,0,0
event=trace_row ordinal=3561 kind=0 ns=285259231098230 fields=687,2,0,26,1,0,0,0,0,0,0,0,0,0,0,0
event=trace_row ordinal=3562 kind=1 ns=285259231098230 fields=687,2,0,1004,1800,200,1000,0,1,0,0,0,0,0,0,0
event=trace_row ordinal=3563 kind=3 ns=285259231120981 fields=687,688,1,2,285259231098230,0,1000,5,5,0,5,0,5,5,1,3
event=trace_row ordinal=3564 kind=5 ns=285259241119717 fields=513,6,15,0,0,0,5,0,0,0,16,0,0,0,0,0
event=trace_row ordinal=3565 kind=0 ns=285259241098133 fields=688,2,0,52,2,0,0,0,0,0,0,0,0,0,0,0
event=trace_row ordinal=3566 kind=1 ns=285259241098133 fields=688,2,0,1004,1800,200,1000,0,1,0,0,0,0,0,0,0
event=trace_row ordinal=3567 kind=1 ns=285259241098133 fields=688,2,1,1004,1800,200,1000,0,1,0,0,0,0,0,0,0
event=trace_row ordinal=3568 kind=3 ns=285259241123217 fields=688,689,1,2,285259241098133,0,1000,5,5,0,5,0,5,5,1,3
event=trace_row ordinal=3569 kind=4 ns=285259246508027 fields=385,8,39,20,39,68,0,0,52,0,16,0,0,0,0,0
event=trace_row ordinal=3570 kind=4 ns=285259247457412 fields=641,5,3,0,0,0,0,0,0,0,16,0,0,0,0,0
event=trace_row ordinal=3571 kind=5 ns=285259251118161 fields=513,6,15,0,0,0,5,0,0,0,16,0,0,0,0,0
event=trace_row ordinal=3572 kind=0 ns=285259251098328 fields=689,2,0,26,1,0,0,0,0,0,0,0,0,0,0,0
event=trace_row ordinal=3573 kind=1 ns=285259251098328 fields=689,2,0,1004,1800,200,1000,0,1,0,0,0,0,0,0,0
event=trace_row ordinal=3574 kind=3 ns=285259251121661 fields=689,690,1,2,285259251098328,0,1000,5,5,0,5,0,5,5,1,3
event=trace_row ordinal=3575 kind=5 ns=285259261119231 fields=513,6,15,0,0,0,5,0,0,0,16,0,0,0,0,0
event=trace_row ordinal=3576 kind=0 ns=285259261097647 fields=690,2,0,52,2,0,0,0,0,0,0,0,0,0,0,0
event=trace_row ordinal=3577 kind=1 ns=285259261097647 fields=690,2,0,1005,1800,200,1000,0,1,0,0,0,0,0,0,0
event=trace_row ordinal=3578 kind=1 ns=285259261097647 fields=690,2,1,1005,1800,200,1000,0,1,0,0,0,0,0,0,0
event=trace_row ordinal=3579 kind=3 ns=285259261122148 fields=690,691,1,2,285259261097647,0,1000,5,5,0,5,0,5,5,1,3
event=trace_row ordinal=3580 kind=5 ns=285259271116217 fields=513,6,15,0,0,0,5,0,0,0,16,0,0,0,0,0
event=trace_row ordinal=3581 kind=0 ns=285259271097842 fields=691,2,0,26,1,0,0,0,0,0,0,0,0,0,0,0
event=trace_row ordinal=3582 kind=1 ns=285259271097842 fields=691,2,0,1005,1800,200,1000,0,1,0,0,0,0,0,0,0
event=trace_row ordinal=3583 kind=3 ns=285259271119425 fields=691,692,1,2,285259271097842,0,1000,5,5,0,5,0,5,5,1,3
event=trace_row ordinal=3584 kind=5 ns=285259281117870 fields=513,6,15,0,0,0,5,0,0,0,16,0,0,0,0,0
event=trace_row ordinal=3585 kind=0 ns=285259281097453 fields=692,2,0,52,2,0,0,0,0,0,0,0,0,0,0,0
event=trace_row ordinal=3586 kind=1 ns=285259281097453 fields=692,2,0,1004,1800,200,1000,0,1,0,0,0,0,0,0,0
event=trace_row ordinal=3587 kind=1 ns=285259281097453 fields=692,2,1,1004,1800,200,1000,0,1,0,0,0,0,0,0,0
event=trace_row ordinal=3588 kind=3 ns=285259281121662 fields=692,693,1,2,285259281097453,0,1000,5,5,0,5,0,5,5,1,3
event=trace_row ordinal=3589 kind=5 ns=285259291116606 fields=513,6,15,0,0,0,5,0,0,0,16,0,0,0,0,0
event=trace_row ordinal=3590 kind=0 ns=285259291097064 fields=693,2,0,26,1,0,0,0,0,0,0,0,0,0,0,0
event=trace_row ordinal=3591 kind=1 ns=285259291097064 fields=693,2,0,1004,1800,200,1000,0,1,0,0,0,0,0,0,0
event=trace_row ordinal=3592 kind=3 ns=285259291120689 fields=693,694,1,2,285259291097064,0,1000,5,5,0,5,0,5,5,1,3
event=trace_row ordinal=3593 kind=4 ns=285259296454457 fields=385,8,39,20,39,68,0,0,49,0,16,0,0,0,0,0
event=trace_row ordinal=3594 kind=4 ns=285259297405593 fields=641,5,3,0,0,0,0,0,0,0,16,0,0,0,0,0
event=trace_row ordinal=3595 kind=5 ns=285259301118551 fields=513,6,15,0,0,0,5,0,0,0,16,0,0,0,0,0
event=trace_row ordinal=3596 kind=0 ns=285259301098425 fields=694,2,0,26,1,0,0,0,0,0,0,0,0,0,0,0
event=trace_row ordinal=3597 kind=1 ns=285259301098425 fields=694,2,0,1004,1800,200,1000,0,1,0,0,0,0,0,0,0
event=trace_row ordinal=3598 kind=3 ns=285259301121759 fields=694,695,1,2,285259301098425,0,1000,5,5,0,5,0,5,5,1,3
event=trace_row ordinal=3599 kind=5 ns=285259311119328 fields=513,6,15,0,0,0,5,0,0,0,16,0,0,0,0,0
event=trace_row ordinal=3600 kind=0 ns=285259311097745 fields=695,2,0,52,2,0,0,0,0,0,0,0,0,0,0,0
event=trace_row ordinal=3601 kind=1 ns=285259311097745 fields=695,2,0,1004,1800,200,1000,0,1,0,0,0,0,0,0,0
event=trace_row ordinal=3602 kind=1 ns=285259311097745 fields=695,2,1,1004,1800,200,1000,0,1,0,0,0,0,0,0,0
event=trace_row ordinal=3603 kind=3 ns=285259311122537 fields=695,696,1,2,285259311097745,0,1000,5,5,0,5,0,5,5,1,3
event=trace_row ordinal=3604 kind=5 ns=285259321119815 fields=513,6,15,0,0,0,5,0,0,0,16,0,0,0,0,0
event=trace_row ordinal=3605 kind=0 ns=285259321098814 fields=696,2,0,26,1,0,0,0,0,0,0,0,0,0,0,0
event=trace_row ordinal=3606 kind=1 ns=285259321098814 fields=696,2,0,1004,1800,200,1000,0,1,0,0,0,0,0,0,0
event=trace_row ordinal=3607 kind=3 ns=285259321123315 fields=696,697,1,2,285259321098814,0,1000,5,5,0,5,0,5,5,1,3
event=trace_row ordinal=3608 kind=5 ns=285259331123509 fields=513,6,15,0,0,0,5,0,0,0,16,0,0,0,0,0
event=trace_row ordinal=3609 kind=0 ns=285259331101051 fields=697,2,0,52,2,0,0,0,0,0,0,0,0,0,0,0
event=trace_row ordinal=3610 kind=1 ns=285259331101051 fields=697,2,0,1004,1800,200,1000,0,1,0,0,0,0,0,0,0
event=trace_row ordinal=3611 kind=1 ns=285259331101051 fields=697,2,1,1004,1800,200,1000,0,1,0,0,0,0,0,0,0
event=trace_row ordinal=3612 kind=3 ns=285259331127593 fields=697,698,1,2,285259331101051,0,1000,5,5,0,5,0,5,5,1,3
event=trace_row ordinal=3613 kind=5 ns=285259341151412 fields=513,6,15,0,0,0,5,0,0,0,16,0,0,0,0,0
event=trace_row ordinal=3614 kind=0 ns=285259341111745 fields=698,2,0,26,1,0,0,0,0,0,0,0,0,0,0,0
event=trace_row ordinal=3615 kind=1 ns=285259341111745 fields=698,2,0,1004,1800,200,1000,0,1,0,0,0,0,0,0,0
event=trace_row ordinal=3616 kind=3 ns=285259341155496 fields=698,699,1,2,285259341111745,0,1000,5,5,0,5,0,5,5,1,3
event=trace_row ordinal=3617 kind=4 ns=285259346413429 fields=385,8,39,20,39,68,0,0,51,0,16,0,0,0,0,0
event=trace_row ordinal=3618 kind=4 ns=285259347352315 fields=641,5,3,0,0,0,0,0,0,0,16,0,0,0,0,0
event=trace_row ordinal=3619 kind=5 ns=285259351132648 fields=513,6,15,0,0,0,5,0,0,0,16,0,0,0,0,0
event=trace_row ordinal=3620 kind=0 ns=285259351104065 fields=699,2,0,52,2,0,0,0,0,0,0,0,0,0,0,0
event=trace_row ordinal=3621 kind=1 ns=285259351104065 fields=699,2,0,1004,1800,200,1000,0,1,0,0,0,0,0,0,0
event=trace_row ordinal=3622 kind=1 ns=285259351104065 fields=699,2,1,1004,1800,200,1000,0,1,0,0,0,0,0,0,0
event=trace_row ordinal=3623 kind=3 ns=285259351136148 fields=699,700,1,2,285259351104065,0,1000,5,5,0,5,0,5,5,1,3
event=trace_row ordinal=3624 kind=5 ns=285259361143635 fields=513,6,15,0,0,0,5,0,0,0,16,0,0,0,0,0
event=trace_row ordinal=3625 kind=0 ns=285259361108051 fields=700,2,0,26,1,0,0,0,0,0,0,0,0,0,0,0
event=trace_row ordinal=3626 kind=1 ns=285259361108051 fields=700,2,0,1004,1800,200,1000,0,1,0,0,0,0,0,0,0
event=trace_row ordinal=3627 kind=3 ns=285259361148010 fields=700,701,1,2,285259361108051,0,1000,5,5,0,5,0,5,5,1,3
event=trace_row ordinal=3628 kind=5 ns=285259371131871 fields=513,6,15,0,0,0,5,0,0,0,16,0,0,0,0,0
event=trace_row ordinal=3629 kind=0 ns=285259371104454 fields=701,2,0,26,1,0,0,0,0,0,0,0,0,0,0,0
event=trace_row ordinal=3630 kind=1 ns=285259371104454 fields=701,2,0,1004,1800,200,1000,0,1,0,0,0,0,0,0,0
event=trace_row ordinal=3631 kind=3 ns=285259371135663 fields=701,702,1,2,285259371104454,0,1000,5,5,0,5,0,5,5,1,3
event=trace_row ordinal=3632 kind=5 ns=285259381126815 fields=513,6,15,0,0,0,5,0,0,0,16,0,0,0,0,0
event=trace_row ordinal=3633 kind=0 ns=285259381101732 fields=702,2,0,52,2,0,0,0,0,0,0,0,0,0,0,0
event=trace_row ordinal=3634 kind=1 ns=285259381101732 fields=702,2,0,1005,1800,200,1000,0,1,0,0,0,0,0,0,0
event=trace_row ordinal=3635 kind=1 ns=285259381101732 fields=702,2,1,1005,1800,200,1000,0,1,0,0,0,0,0,0,0
event=trace_row ordinal=3636 kind=3 ns=285259381130024 fields=702,703,1,2,285259381101732,0,1000,5,5,0,5,0,5,5,1,3
event=trace_row ordinal=3637 kind=5 ns=285259391133135 fields=513,6,15,0,0,0,5,0,0,0,16,0,0,0,0,0
event=trace_row ordinal=3638 kind=0 ns=285259391105426 fields=703,2,0,26,1,0,0,0,0,0,0,0,0,0,0,0
event=trace_row ordinal=3639 kind=1 ns=285259391105426 fields=703,2,0,1005,1800,200,1000,0,1,0,0,0,0,0,0,0
event=trace_row ordinal=3640 kind=3 ns=285259391136635 fields=703,704,1,2,285259391105426,0,1000,5,5,0,5,0,5,5,1,3
event=trace_row ordinal=3641 kind=4 ns=285259396356360 fields=385,8,39,20,39,68,0,0,49,0,16,0,0,0,0,0
event=trace_row ordinal=3642 kind=4 ns=285259397301078 fields=641,5,3,0,0,0,0,0,0,0,16,0,0,0,0,0
event=trace_row ordinal=3643 kind=5 ns=285259401149080 fields=513,6,15,0,0,0,5,0,0,0,16,0,0,0,0,0
event=trace_row ordinal=3644 kind=0 ns=285259401111163 fields=704,2,0,50,2,0,0,0,0,0,0,0,0,0,0,0
event=trace_row ordinal=3645 kind=1 ns=285259401111163 fields=704,2,0,1004,1800,200,1000,0,1,0,0,0,0,0,0,0
event=trace_row ordinal=3646 kind=1 ns=285259401111163 fields=704,2,1,1004,1800,200,1000,0,1,0,0,0,0,0,0,0
event=trace_row ordinal=3647 kind=3 ns=285259401153746 fields=704,705,1,2,285259401111163,0,1000,5,5,0,5,0,5,5,1,3
event=trace_row ordinal=3648 kind=5 ns=285259411137607 fields=513,6,15,0,0,0,5,0,0,0,16,0,0,0,0,0
event=trace_row ordinal=3649 kind=0 ns=285259411108440 fields=705,2,0,25,1,0,0,0,0,0,0,0,0,0,0,0
event=trace_row ordinal=3650 kind=1 ns=285259411108440 fields=705,2,0,1004,1800,200,1000,0,1,0,0,0,0,0,0,0
event=trace_row ordinal=3651 kind=3 ns=285259411140816 fields=705,706,1,2,285259411108440,0,1000,5,5,0,5,0,5,5,1,3
event=trace_row ordinal=3652 kind=5 ns=285259421139552 fields=513,6,15,0,0,0,5,0,0,0,16,0,0,0,0,0
event=trace_row ordinal=3653 kind=0 ns=285259421104552 fields=706,2,0,50,2,0,0,0,0,0,0,0,0,0,0,0
event=trace_row ordinal=3654 kind=1 ns=285259421104552 fields=706,2,0,1004,1800,200,1000,0,1,0,0,0,0,0,0,0
event=trace_row ordinal=3655 kind=1 ns=285259421104552 fields=706,2,1,1004,1800,200,1000,0,1,0,0,0,0,0,0,0
event=trace_row ordinal=3656 kind=3 ns=285259421143052 fields=706,707,1,2,285259421104552,0,1000,5,5,0,5,0,5,5,1,3
event=trace_row ordinal=3657 kind=5 ns=285259431168038 fields=513,6,15,0,0,0,5,0,0,0,16,0,0,0,0,0
event=trace_row ordinal=3658 kind=0 ns=285259431117580 fields=707,2,0,25,1,0,0,0,0,0,0,0,0,0,0,0
event=trace_row ordinal=3659 kind=1 ns=285259431117580 fields=707,2,0,1004,1800,200,1000,0,1,0,0,0,0,0,0,0
event=trace_row ordinal=3660 kind=3 ns=285259431173288 fields=707,708,1,2,285259431117580,0,1000,5,5,0,5,0,5,5,1,3
event=trace_row ordinal=3661 kind=5 ns=285259441136441 fields=513,6,15,0,0,0,5,0,0,0,16,0,0,0,0,0
event=trace_row ordinal=3662 kind=0 ns=285259441106982 fields=708,2,0,25,1,0,0,0,0,0,0,0,0,0,0,0
event=trace_row ordinal=3663 kind=1 ns=285259441106982 fields=708,2,0,1004,1800,200,1000,0,1,0,0,0,0,0,0,0
event=trace_row ordinal=3664 kind=3 ns=285259441139649 fields=708,709,1,2,285259441106982,0,1000,5,5,0,5,0,5,5,1,3
event=trace_row ordinal=3665 kind=4 ns=285259446321165 fields=385,8,39,20,39,68,0,0,48,0,16,0,0,0,0,0
event=trace_row ordinal=3666 kind=4 ns=285259447246926 fields=641,5,3,0,0,0,0,0,0,0,16,0,0,0,0,0
event=trace_row ordinal=3667 kind=5 ns=285259451150344 fields=513,6,15,0,0,0,5,0,0,0,16,0,0,0,0,0
event=trace_row ordinal=3668 kind=0 ns=285259451111552 fields=709,2,0,50,2,0,0,0,0,0,0,0,0,0,0,0
event=trace_row ordinal=3669 kind=1 ns=285259451111552 fields=709,2,0,1004,1800,200,1000,0,1,0,0,0,0,0,0,0
event=trace_row ordinal=3670 kind=1 ns=285259451111552 fields=709,2,1,1004,1800,200,1000,0,1,0,0,0,0,0,0,0
event=trace_row ordinal=3671 kind=3 ns=285259451155302 fields=709,710,1,2,285259451111552,0,1000,5,5,0,5,0,5,5,1,3
event=trace_row ordinal=3672 kind=5 ns=285259461135663 fields=513,6,15,0,0,0,5,0,0,0,16,0,0,0,0,0
event=trace_row ordinal=3673 kind=0 ns=285259461106205 fields=710,2,0,25,1,0,0,0,0,0,0,0,0,0,0,0
event=trace_row ordinal=3674 kind=1 ns=285259461106205 fields=710,2,0,1004,1800,200,1000,0,1,0,0,0,0,0,0,0
event=trace_row ordinal=3675 kind=3 ns=285259461139163 fields=710,711,1,2,285259461106205,0,1000,5,5,0,5,0,5,5,1,3
event=trace_row ordinal=3676 kind=5 ns=285259471127108 fields=513,6,15,0,0,0,5,0,0,0,16,0,0,0,0,0
event=trace_row ordinal=3677 kind=0 ns=285259471101732 fields=711,2,0,50,2,0,0,0,0,0,0,0,0,0,0,0
event=trace_row ordinal=3678 kind=1 ns=285259471101732 fields=711,2,0,1004,1800,200,1000,0,1,0,0,0,0,0,0,0
event=trace_row ordinal=3679 kind=1 ns=285259471101732 fields=711,2,1,1004,1800,200,1000,0,1,0,0,0,0,0,0,0
event=trace_row ordinal=3680 kind=3 ns=285259471130316 fields=711,712,1,2,285259471101732,0,1000,5,5,0,5,0,5,5,1,3
event=trace_row ordinal=3681 kind=4 ns=285259478863944 fields=1793,1,5,0,0,0,0,0,0,0,16,0,0,0,0,0
event=trace_row ordinal=3682 kind=5 ns=285259481127886 fields=513,6,15,0,0,0,5,0,0,0,16,0,0,0,0,0
event=trace_row ordinal=3683 kind=0 ns=285259481103385 fields=712,2,0,25,1,0,0,0,0,0,0,0,0,0,0,0
event=trace_row ordinal=3684 kind=1 ns=285259481103385 fields=712,2,0,1004,1800,200,1000,0,1,0,0,0,0,0,0,0
event=trace_row ordinal=3685 kind=3 ns=285259481131677 fields=712,713,1,2,285259481103385,0,1000,5,5,0,5,0,5,5,1,3
event=trace_row ordinal=3686 kind=5 ns=285259491150247 fields=513,6,15,0,0,0,5,0,0,0,16,0,0,0,0,0
event=trace_row ordinal=3687 kind=0 ns=285259491109122 fields=713,2,0,50,2,0,0,0,0,0,0,0,0,0,0,0
event=trace_row ordinal=3688 kind=1 ns=285259491109122 fields=713,2,0,1004,1800,200,1000,0,1,0,0,0,0,0,0,0
event=trace_row ordinal=3689 kind=1 ns=285259491109122 fields=713,2,1,1004,1800,200,1000,0,1,0,0,0,0,0,0,0
event=trace_row ordinal=3690 kind=3 ns=285259491154914 fields=713,714,1,2,285259491109122,0,1000,5,5,0,5,0,5,5,1,3
event=trace_row ordinal=3691 kind=4 ns=285259496264679 fields=385,8,39,20,39,68,0,0,53,0,16,0,0,0,0,0
event=trace_row ordinal=3692 kind=4 ns=285259497193939 fields=641,5,3,0,0,0,0,0,0,0,16,0,0,0,0,0
event=trace_row ordinal=3693 kind=5 ns=285259501134691 fields=513,6,15,0,0,0,5,0,0,0,16,0,0,0,0,0
event=trace_row ordinal=3694 kind=0 ns=285259501105816 fields=714,2,0,25,1,0,0,0,0,0,0,0,0,0,0,0
event=trace_row ordinal=3695 kind=1 ns=285259501105816 fields=714,2,0,1004,1800,200,1000,0,1,0,0,0,0,0,0,0
event=trace_row ordinal=3696 kind=3 ns=285259501138775 fields=714,715,1,2,285259501105816,0,1000,5,5,0,5,0,5,5,1,3
event=trace_row ordinal=3697 kind=5 ns=285259511125261 fields=513,6,15,0,0,0,5,0,0,0,16,0,0,0,0,0
event=trace_row ordinal=3698 kind=0 ns=285259511102511 fields=715,2,0,25,1,0,0,0,0,0,0,0,0,0,0,0
event=trace_row ordinal=3699 kind=1 ns=285259511102511 fields=715,2,0,1004,1800,200,1000,0,1,0,0,0,0,0,0,0
event=trace_row ordinal=3700 kind=3 ns=285259511128761 fields=715,716,1,2,285259511102511,0,1000,5,5,0,5,0,5,5,1,3
event=trace_row ordinal=3701 kind=5 ns=285259521130122 fields=513,6,15,0,0,0,5,0,0,0,16,0,0,0,0,0
event=trace_row ordinal=3702 kind=0 ns=285259521102705 fields=716,2,0,50,2,0,0,0,0,0,0,0,0,0,0,0
event=trace_row ordinal=3703 kind=1 ns=285259521102705 fields=716,2,0,1004,1800,200,1000,0,1,0,0,0,0,0,0,0
event=trace_row ordinal=3704 kind=1 ns=285259521102705 fields=716,2,1,1004,1800,200,1000,0,1,0,0,0,0,0,0,0
event=trace_row ordinal=3705 kind=3 ns=285259521133330 fields=716,717,1,2,285259521102705,0,1000,5,5,0,5,0,5,5,1,3
event=trace_row ordinal=3706 kind=5 ns=285259531121275 fields=513,6,15,0,0,0,5,0,0,0,16,0,0,0,0,0
event=trace_row ordinal=3707 kind=0 ns=285259531099400 fields=717,2,0,25,1,0,0,0,0,0,0,0,0,0,0,0
event=trace_row ordinal=3708 kind=1 ns=285259531099400 fields=717,2,0,1004,1800,200,1000,0,1,0,0,0,0,0,0,0
event=trace_row ordinal=3709 kind=3 ns=285259531124483 fields=717,718,1,2,285259531099400,0,1000,5,5,0,5,0,5,5,1,3
event=trace_row ordinal=3710 kind=5 ns=285259541146261 fields=513,6,15,0,0,0,5,0,0,0,16,0,0,0,0,0
event=trace_row ordinal=3711 kind=0 ns=285259541108928 fields=718,2,0,50,2,0,0,0,0,0,0,0,0,0,0,0
event=trace_row ordinal=3712 kind=1 ns=285259541108928 fields=718,2,0,1004,1800,200,1000,0,1,0,0,0,0,0,0,0
event=trace_row ordinal=3713 kind=1 ns=285259541108928 fields=718,2,1,1004,1800,200,1000,0,1,0,0,0,0,0,0,0
event=trace_row ordinal=3714 kind=3 ns=285259541151803 fields=718,719,1,2,285259541108928,0,1000,5,5,0,5,0,5,5,1,3
event=trace_row ordinal=3715 kind=4 ns=285259546199151 fields=385,8,39,20,39,68,0,0,44,0,16,0,0,0,0,0
event=trace_row ordinal=3716 kind=4 ns=285259547142411 fields=641,5,3,0,0,0,0,0,0,0,16,0,0,0,0,0
event=trace_row ordinal=3717 kind=5 ns=285259551119622 fields=513,6,15,0,0,0,5,0,0,0,16,0,0,0,0,0
event=trace_row ordinal=3718 kind=0 ns=285259551099497 fields=719,2,0,25,1,0,0,0,0,0,0,0,0,0,0,0
event=trace_row ordinal=3719 kind=1 ns=285259551099497 fields=719,2,0,1004,1800,200,1000,0,1,0,0,0,0,0,0,0
event=trace_row ordinal=3720 kind=3 ns=285259551123122 fields=719,720,1,2,285259551099497,0,1000,5,5,0,5,0,5,5,1,3
event=trace_row ordinal=3721 kind=5 ns=285259561118942 fields=513,6,15,0,0,0,5,0,0,0,16,0,0,0,0,0
event=trace_row ordinal=3722 kind=0 ns=285259561097942 fields=720,2,0,50,2,0,0,0,0,0,0,0,0,0,0,0
event=trace_row ordinal=3723 kind=1 ns=285259561097942 fields=720,2,0,1004,1800,200,1000,0,1,0,0,0,0,0,0,0
event=trace_row ordinal=3724 kind=1 ns=285259561097942 fields=720,2,1,1004,1800,200,1000,0,1,0,0,0,0,0,0,0
event=trace_row ordinal=3725 kind=3 ns=285259561122150 fields=720,721,1,2,285259561097942,0,1000,5,5,0,5,0,5,5,1,3
event=trace_row ordinal=3726 kind=5 ns=285259571117095 fields=513,6,15,0,0,0,5,0,0,0,16,0,0,0,0,0
event=trace_row ordinal=3727 kind=0 ns=285259571098428 fields=721,2,0,25,1,0,0,0,0,0,0,0,0,0,0,0
event=trace_row ordinal=3728 kind=1 ns=285259571098428 fields=721,2,0,1004,1800,200,1000,0,1,0,0,0,0,0,0,0
event=trace_row ordinal=3729 kind=3 ns=285259571120886 fields=721,722,1,2,285259571098428,0,1000,5,5,0,5,0,5,5,1,3
event=trace_row ordinal=3730 kind=5 ns=285259581117581 fields=513,6,15,0,0,0,5,0,0,0,16,0,0,0,0,0
event=trace_row ordinal=3731 kind=0 ns=285259581097747 fields=722,2,0,25,1,0,0,0,0,0,0,0,0,0,0,0
event=trace_row ordinal=3732 kind=1 ns=285259581097747 fields=722,2,0,1004,1800,200,1000,0,1,0,0,0,0,0,0,0
event=trace_row ordinal=3733 kind=3 ns=285259581120498 fields=722,723,1,2,285259581097747,0,1000,5,5,0,5,0,5,5,1,3
event=trace_row ordinal=3734 kind=5 ns=285259591118942 fields=513,6,15,0,0,0,5,0,0,0,16,0,0,0,0,0
event=trace_row ordinal=3735 kind=0 ns=285259591097650 fields=723,2,0,50,2,0,0,0,0,0,0,0,0,0,0,0
event=trace_row ordinal=3736 kind=1 ns=285259591097650 fields=723,2,0,1004,1800,200,1000,0,1,0,0,0,0,0,0,0
event=trace_row ordinal=3737 kind=1 ns=285259591097650 fields=723,2,1,1004,1800,200,1000,0,1,0,0,0,0,0,0,0
event=trace_row ordinal=3738 kind=3 ns=285259591122150 fields=723,724,1,2,285259591097650,0,1000,5,5,0,5,0,5,5,1,3
event=trace_row ordinal=3739 kind=4 ns=285259596141790 fields=385,8,39,20,39,68,0,0,48,0,16,0,0,0,0,0
event=trace_row ordinal=3740 kind=4 ns=285259597091175 fields=641,5,3,0,0,0,0,0,0,0,16,0,0,0,0,0
event=trace_row ordinal=3741 kind=5 ns=285259601117678 fields=513,6,15,0,0,0,5,0,0,0,16,0,0,0,0,0
event=trace_row ordinal=3742 kind=0 ns=285259601097845 fields=724,2,0,25,1,0,0,0,0,0,0,0,0,0,0,0
event=trace_row ordinal=3743 kind=1 ns=285259601097845 fields=724,2,0,1004,1800,200,1000,0,1,0,0,0,0,0,0,0
event=trace_row ordinal=3744 kind=3 ns=285259601121470 fields=724,725,1,2,285259601097845,0,1000,5,5,0,5,0,5,5,1,3
event=trace_row ordinal=3745 kind=5 ns=285259611120206 fields=513,6,15,0,0,0,5,0,0,0,16,0,0,0,0,0
event=trace_row ordinal=3746 kind=0 ns=285259611098623 fields=725,2,0,50,2,0,0,0,0,0,0,0,0,0,0,0
event=trace_row ordinal=3747 kind=1 ns=285259611098623 fields=725,2,0,1004,1800,200,1000,0,1,0,0,0,0,0,0,0
event=trace_row ordinal=3748 kind=1 ns=285259611098623 fields=725,2,1,1004,1800,200,1000,0,1,0,0,0,0,0,0,0
event=trace_row ordinal=3749 kind=3 ns=285259611123706 fields=725,726,1,2,285259611098623,0,1000,5,5,0,5,0,5,5,1,3
event=trace_row ordinal=3750 kind=5 ns=285259621117192 fields=513,6,15,0,0,0,5,0,0,0,16,0,0,0,0,0
event=trace_row ordinal=3751 kind=0 ns=285259621097942 fields=726,2,0,25,1,0,0,0,0,0,0,0,0,0,0,0
event=trace_row ordinal=3752 kind=1 ns=285259621097942 fields=726,2,0,1004,1800,200,1000,0,1,0,0,0,0,0,0,0
event=trace_row ordinal=3753 kind=3 ns=285259621120401 fields=726,727,1,2,285259621097942,0,1000,5,5,0,5,0,5,5,1,3
event=trace_row ordinal=3754 kind=5 ns=285259631117970 fields=513,6,15,0,0,0,5,0,0,0,16,0,0,0,0,0
event=trace_row ordinal=3755 kind=0 ns=285259631097845 fields=727,2,0,50,2,0,0,0,0,0,0,0,0,0,0,0
event=trace_row ordinal=3756 kind=1 ns=285259631097845 fields=727,2,0,1004,1800,200,1000,0,1,0,0,0,0,0,0,0
event=trace_row ordinal=3757 kind=1 ns=285259631097845 fields=727,2,1,1004,1800,200,1000,0,1,0,0,0,0,0,0,0
event=trace_row ordinal=3758 kind=3 ns=285259631121470 fields=727,728,1,2,285259631097845,0,1000,5,5,0,5,0,5,5,1,3
event=trace_row ordinal=3759 kind=5 ns=285259641116998 fields=513,6,15,0,0,0,5,0,0,0,16,0,0,0,0,0
event=trace_row ordinal=3760 kind=0 ns=285259641097748 fields=728,2,0,25,1,0,0,0,0,0,0,0,0,0,0,0
event=trace_row ordinal=3761 kind=1 ns=285259641097748 fields=728,2,0,1004,1800,200,1000,0,1,0,0,0,0,0,0,0
event=trace_row ordinal=3762 kind=3 ns=285259641120206 fields=728,729,1,2,285259641097748,0,1000,5,5,0,5,0,5,5,1,3
event=trace_row ordinal=3763 kind=4 ns=285259646088512 fields=385,8,39,20,39,68,0,0,52,0,16,0,0,0,0,0
event=trace_row ordinal=3764 kind=4 ns=285259647033522 fields=641,5,3,0,0,0,0,0,0,0,16,0,0,0,0,0
event=trace_row ordinal=3765 kind=5 ns=285259651119818 fields=513,6,15,0,0,0,5,0,0,0,16,0,0,0,0,0
event=trace_row ordinal=3766 kind=0 ns=285259651098526 fields=729,2,0,25,1,0,0,0,0,0,0,0,0,0,0,0
event=trace_row ordinal=3767 kind=1 ns=285259651098526 fields=729,2,0,1004,1800,200,1000,0,1,0,0,0,0,0,0,0
event=trace_row ordinal=3768 kind=3 ns=285259651123026 fields=729,730,1,2,285259651098526,0,1000,5,5,0,5,0,5,5,1,3
event=trace_row ordinal=3769 kind=5 ns=285259661120887 fields=513,6,15,0,0,0,5,0,0,0,16,0,0,0,0,0
event=trace_row ordinal=3770 kind=0 ns=285259661098720 fields=730,2,0,50,2,0,0,0,0,0,0,0,0,0,0,0
event=trace_row ordinal=3771 kind=1 ns=285259661098720 fields=730,2,0,1004,1800,200,1000,0,1,0,0,0,0,0,0,0
event=trace_row ordinal=3772 kind=1 ns=285259661098720 fields=730,2,1,1004,1800,200,1000,0,1,0,0,0,0,0,0,0
event=trace_row ordinal=3773 kind=3 ns=285259661124387 fields=730,731,1,2,285259661098720,0,1000,5,5,0,5,0,5,5,1,3
event=trace_row ordinal=3774 kind=5 ns=285259671116415 fields=513,6,15,0,0,0,5,0,0,0,16,0,0,0,0,0
event=trace_row ordinal=3775 kind=0 ns=285259671097748 fields=731,2,0,25,1,0,0,0,0,0,0,0,0,0,0,0
event=trace_row ordinal=3776 kind=1 ns=285259671097748 fields=731,2,0,1004,1800,200,1000,0,1,0,0,0,0,0,0,0
event=trace_row ordinal=3777 kind=3 ns=285259671119915 fields=731,732,1,2,285259671097748,0,1000,5,5,0,5,0,5,5,1,3
event=trace_row ordinal=3778 kind=5 ns=285259681118360 fields=513,6,15,0,0,0,5,0,0,0,16,0,0,0,0,0
event=trace_row ordinal=3779 kind=0 ns=285259681097651 fields=732,2,0,50,2,0,0,0,0,0,0,0,0,0,0,0
event=trace_row ordinal=3780 kind=1 ns=285259681097651 fields=732,2,0,1004,1800,200,1000,0,1,0,0,0,0,0,0,0
event=trace_row ordinal=3781 kind=1 ns=285259681097651 fields=732,2,1,1004,1800,200,1000,0,1,0,0,0,0,0,0,0
event=trace_row ordinal=3782 kind=3 ns=285259681121860 fields=732,733,1,2,285259681097651,0,1000,5,5,0,5,0,5,5,1,3
event=trace_row ordinal=3783 kind=5 ns=285259691116512 fields=513,6,15,0,0,0,5,0,0,0,16,0,0,0,0,0
event=trace_row ordinal=3784 kind=0 ns=285259691097845 fields=733,2,0,25,1,0,0,0,0,0,0,0,0,0,0,0
event=trace_row ordinal=3785 kind=1 ns=285259691097845 fields=733,2,0,1004,1800,200,1000,0,1,0,0,0,0,0,0,0
event=trace_row ordinal=3786 kind=3 ns=285259691120012 fields=733,734,1,2,285259691097845,0,1000,5,5,0,5,0,5,5,1,3
event=trace_row ordinal=3787 kind=4 ns=285259696054776 fields=385,8,39,20,39,68,0,0,50,0,16,0,0,0,0,0
event=trace_row ordinal=3788 kind=4 ns=285259696982869 fields=641,5,3,0,0,0,0,0,0,0,16,0,0,0,0,0
event=trace_row ordinal=3789 kind=5 ns=285259701137415 fields=513,6,15,0,0,0,5,0,0,0,16,0,0,0,0,0
event=trace_row ordinal=3790 kind=0 ns=285259701106207 fields=734,2,0,50,2,0,0,0,0,0,0,0,0,0,0,0
event=trace_row ordinal=3791 kind=1 ns=285259701106207 fields=734,2,0,1005,1800,200,1000,0,1,0,0,0,0,0,0,0
event=trace_row ordinal=3792 kind=1 ns=285259701106207 fields=734,2,1,1005,1800,200,1000,0,1,0,0,0,0,0,0,0
event=trace_row ordinal=3793 kind=3 ns=285259701141791 fields=734,735,1,2,285259701106207,0,1000,5,5,0,5,0,5,5,1,3
event=trace_row ordinal=3794 kind=5 ns=285259711120693 fields=513,6,15,0,0,0,5,0,0,0,16,0,0,0,0,0
event=trace_row ordinal=3795 kind=0 ns=285259711099985 fields=735,2,0,25,1,0,0,0,0,0,0,0,0,0,0,0
event=trace_row ordinal=3796 kind=1 ns=285259711099985 fields=735,2,0,1005,1800,200,1000,0,1,0,0,0,0,0,0,0
event=trace_row ordinal=3797 kind=3 ns=285259711124193 fields=735,736,1,2,285259711099985,0,1000,5,5,0,5,0,5,5,1,3
event=trace_row ordinal=3798 kind=5 ns=285259721117388 fields=513,6,15,0,0,0,5,0,0,0,16,0,0,0,0,0
event=trace_row ordinal=3799 kind=0 ns=285259721098137 fields=736,2,0,25,1,0,0,0,0,0,0,0,0,0,0,0
event=trace_row ordinal=3800 kind=1 ns=285259721098137 fields=736,2,0,1004,1800,200,1000,0,1,0,0,0,0,0,0,0
event=trace_row ordinal=3801 kind=3 ns=285259721120304 fields=736,737,1,2,285259721098137,0,1000,5,5,0,5,0,5,5,1,3
event=trace_row ordinal=3802 kind=4 ns=285259728402427 fields=1793,1,5,0,0,0,0,0,0,0,16,0,0,0,0,0
event=trace_row ordinal=3803 kind=5 ns=285259731119916 fields=513,6,15,0,0,0,5,0,0,0,16,0,0,0,0,0
event=trace_row ordinal=3804 kind=0 ns=285259731098624 fields=737,2,0,50,2,0,0,0,0,0,0,0,0,0,0,0
event=trace_row ordinal=3805 kind=1 ns=285259731098624 fields=737,2,0,1004,1800,200,1000,0,1,0,0,0,0,0,0,0
event=trace_row ordinal=3806 kind=1 ns=285259731098624 fields=737,2,1,1004,1800,200,1000,0,1,0,0,0,0,0,0,0
event=trace_row ordinal=3807 kind=3 ns=285259731123416 fields=737,738,1,2,285259731098624,0,1000,5,5,0,5,0,5,5,1,3
event=trace_row ordinal=3808 kind=5 ns=285259741116610 fields=513,6,15,0,0,0,5,0,0,0,16,0,0,0,0,0
event=trace_row ordinal=3809 kind=0 ns=285259741097651 fields=738,2,0,25,1,0,0,0,0,0,0,0,0,0,0,0
event=trace_row ordinal=3810 kind=1 ns=285259741097651 fields=738,2,0,1004,1800,200,1000,0,1,0,0,0,0,0,0,0
event=trace_row ordinal=3811 kind=3 ns=285259741119818 fields=738,739,1,2,285259741097651,0,1000,5,5,0,5,0,5,5,1,3
event=trace_row ordinal=3812 kind=4 ns=285259745980206 fields=385,8,39,20,39,68,0,0,50,0,16,0,0,0,0,0
event=trace_row ordinal=3813 kind=4 ns=285259746932216 fields=641,5,3,0,0,0,0,0,0,0,16,0,0,0,0,0
event=trace_row ordinal=3814 kind=5 ns=285259751119138 fields=513,6,15,0,0,0,5,0,0,0,16,0,0,0,0,0
event=trace_row ordinal=3815 kind=0 ns=285259751098138 fields=739,2,0,50,2,0,0,0,0,0,0,0,0,0,0,0
event=trace_row ordinal=3816 kind=1 ns=285259751098138 fields=739,2,0,1004,1800,200,1000,0,1,0,0,0,0,0,0,0
event=trace_row ordinal=3817 kind=1 ns=285259751098138 fields=739,2,1,1004,1800,200,1000,0,1,0,0,0,0,0,0,0
event=trace_row ordinal=3818 kind=3 ns=285259751122930 fields=739,740,1,2,285259751098138,0,1000,5,5,0,5,0,5,5,1,3
event=trace_row ordinal=3819 kind=5 ns=285259761119624 fields=513,6,15,0,0,0,5,0,0,0,16,0,0,0,0,0
event=trace_row ordinal=3820 kind=0 ns=285259761099791 fields=740,2,0,25,1,0,0,0,0,0,0,0,0,0,0,0
event=trace_row ordinal=3821 kind=1 ns=285259761099791 fields=740,2,0,1004,1800,200,1000,0,1,0,0,0,0,0,0,0
event=trace_row ordinal=3822 kind=3 ns=285259761123124 fields=740,741,1,2,285259761099791,0,1000,5,5,0,5,0,5,5,1,3
event=trace_row ordinal=3823 kind=5 ns=285259771118944 fields=513,6,15,0,0,0,5,0,0,0,16,0,0,0,0,0
event=trace_row ordinal=3824 kind=0 ns=285259771097943 fields=741,2,0,50,2,0,0,0,0,0,0,0,0,0,0,0
event=trace_row ordinal=3825 kind=1 ns=285259771097943 fields=741,2,0,1004,1800,200,1000,0,1,0,0,0,0,0,0,0
event=trace_row ordinal=3826 kind=1 ns=285259771097943 fields=741,2,1,1004,1800,200,1000,0,1,0,0,0,0,0,0,0
event=trace_row ordinal=3827 kind=3 ns=285259771122152 fields=741,742,1,2,285259771097943,0,1000,5,5,0,5,0,5,5,1,3
event=trace_row ordinal=3828 kind=5 ns=285259781117096 fields=513,6,15,0,0,0,5,0,0,0,16,0,0,0,0,0
event=trace_row ordinal=3829 kind=0 ns=285259781097555 fields=742,2,0,25,1,0,0,0,0,0,0,0,0,0,0,0
event=trace_row ordinal=3830 kind=1 ns=285259781097555 fields=742,2,0,1004,1800,200,1000,0,1,0,0,0,0,0,0,0
event=trace_row ordinal=3831 kind=3 ns=285259781120013 fields=742,743,1,2,285259781097555,0,1000,5,5,0,5,0,5,5,1,3
event=trace_row ordinal=3832 kind=5 ns=285259791116999 fields=513,6,15,0,0,0,5,0,0,0,16,0,0,0,0,0
event=trace_row ordinal=3833 kind=0 ns=285259791097749 fields=743,2,0,25,1,0,0,0,0,0,0,0,0,0,0,0
event=trace_row ordinal=3834 kind=1 ns=285259791097749 fields=743,2,0,1004,1800,200,1000,0,1,0,0,0,0,0,0,0
event=trace_row ordinal=3835 kind=3 ns=285259791120208 fields=743,744,1,2,285259791097749,0,1000,5,5,0,5,0,5,5,1,3
event=trace_row ordinal=3836 kind=4 ns=285259795929261 fields=385,8,39,20,39,68,0,0,50,0,16,0,0,0,0,0
event=trace_row ordinal=3837 kind=4 ns=285259796877188 fields=641,5,3,0,0,0,0,0,0,0,16,0,0,0,0,0
event=trace_row ordinal=3838 kind=5 ns=285259801119819 fields=513,6,15,0,0,0,5,0,0,0,16,0,0,0,0,0
event=trace_row ordinal=3839 kind=0 ns=285259801097944 fields=744,2,0,50,2,0,0,0,0,0,0,0,0,0,0,0
event=trace_row ordinal=3840 kind=1 ns=285259801097944 fields=744,2,0,1004,1800,200,1000,0,1,0,0,0,0,0,0,0
event=trace_row ordinal=3841 kind=1 ns=285259801097944 fields=744,2,1,1004,1800,200,1000,0,1,0,0,0,0,0,0,0
event=trace_row ordinal=3842 kind=3 ns=285259801123611 fields=744,745,1,2,285259801097944,0,1000,5,5,0,5,0,5,5,1,3
event=trace_row ordinal=3843 kind=5 ns=285259811117097 fields=513,6,15,0,0,0,5,0,0,0,16,0,0,0,0,0
event=trace_row ordinal=3844 kind=0 ns=285259811097263 fields=745,2,0,25,1,0,0,0,0,0,0,0,0,0,0,0
event=trace_row ordinal=3845 kind=1 ns=285259811097263 fields=745,2,0,1004,1800,200,1000,0,1,0,0,0,0,0,0,0
event=trace_row ordinal=3846 kind=3 ns=285259811120013 fields=745,746,1,2,285259811097263,0,1000,5,5,0,5,0,5,5,1,3
event=trace_row ordinal=3847 kind=5 ns=285259821119916 fields=513,6,15,0,0,0,5,0,0,0,16,0,0,0,0,0
event=trace_row ordinal=3848 kind=0 ns=285259821098333 fields=746,2,0,50,2,0,0,0,0,0,0,0,0,0,0,0
event=trace_row ordinal=3849 kind=1 ns=285259821098333 fields=746,2,0,1004,1800,200,1000,0,1,0,0,0,0,0,0,0
event=trace_row ordinal=3850 kind=1 ns=285259821098333 fields=746,2,1,1004,1800,200,1000,0,1,0,0,0,0,0,0,0
event=trace_row ordinal=3851 kind=3 ns=285259821123416 fields=746,747,1,2,285259821098333,0,1000,5,5,0,5,0,5,5,1,3
event=trace_row ordinal=3852 kind=5 ns=285259831117194 fields=513,6,15,0,0,0,5,0,0,0,16,0,0,0,0,0
event=trace_row ordinal=3853 kind=0 ns=285259831097652 fields=747,2,0,25,1,0,0,0,0,0,0,0,0,0,0,0
event=trace_row ordinal=3854 kind=1 ns=285259831097652 fields=747,2,0,1004,1800,200,1000,0,1,0,0,0,0,0,0,0
event=trace_row ordinal=3855 kind=3 ns=285259831120111 fields=747,748,1,2,285259831097652,0,1000,5,5,0,5,0,5,5,1,3
event=trace_row ordinal=3856 kind=5 ns=285259841118264 fields=513,6,15,0,0,0,5,0,0,0,16,0,0,0,0,0
event=trace_row ordinal=3857 kind=0 ns=285259841097555 fields=748,2,0,50,2,0,0,0,0,0,0,0,0,0,0,0
event=trace_row ordinal=3858 kind=1 ns=285259841097555 fields=748,2,0,1004,1800,200,1000,0,1,0,0,0,0,0,0,0
event=trace_row ordinal=3859 kind=1 ns=285259841097555 fields=748,2,1,1004,1800,200,1000,0,1,0,0,0,0,0,0,0
event=trace_row ordinal=3860 kind=3 ns=285259841121472 fields=748,749,1,2,285259841097555,0,1000,5,5,0,5,0,5,5,1,3
event=trace_row ordinal=3861 kind=4 ns=285259845875400 fields=385,8,39,20,39,68,0,0,48,0,16,0,0,0,0,0
event=trace_row ordinal=3862 kind=4 ns=285259846822160 fields=641,5,3,0,0,0,0,0,0,0,16,0,0,0,0,0
event=trace_row ordinal=3863 kind=5 ns=285259851121667 fields=513,6,15,0,0,0,5,0,0,0,16,0,0,0,0,0
event=trace_row ordinal=3864 kind=0 ns=285259851099208 fields=749,2,0,25,1,0,0,0,0,0,0,0,0,0,0,0
event=trace_row ordinal=3865 kind=1 ns=285259851099208 fields=749,2,0,1004,1800,200,1000,0,1,0,0,0,0,0,0,0
event=trace_row ordinal=3866 kind=3 ns=285259851125167 fields=749,750,1,2,285259851099208,0,1000,5,5,0,5,0,5,5,1,3
event=trace_row ordinal=3867 kind=5 ns=285259861124194 fields=513,6,15,0,0,0,5,0,0,0,16,0,0,0,0,0
event=trace_row ordinal=3868 kind=0 ns=285259861100861 fields=750,2,0,25,1,0,0,0,0,0,0,0,0,0,0,0
event=trace_row ordinal=3869 kind=1 ns=285259861100861 fields=750,2,0,1004,1800,200,1000,0,1,0,0,0,0,0,0,0
event=trace_row ordinal=3870 kind=3 ns=285259861128278 fields=750,751,1,2,285259861100861,0,1000,5,5,0,5,0,5,5,1,3
event=trace_row ordinal=3871 kind=5 ns=285259871137223 fields=513,6,15,0,0,0,5,0,0,0,16,0,0,0,0,0
event=trace_row ordinal=3872 kind=0 ns=285259871105139 fields=751,2,0,50,2,0,0,0,0,0,0,0,0,0,0,0
event=trace_row ordinal=3873 kind=1 ns=285259871105139 fields=751,2,0,1004,1800,200,1000,0,1,0,0,0,0,0,0,0
event=trace_row ordinal=3874 kind=1 ns=285259871105139 fields=751,2,1,1004,1800,200,1000,0,1,0,0,0,0,0,0,0
event=trace_row ordinal=3875 kind=3 ns=285259871141014 fields=751,752,1,2,285259871105139,0,1000,5,5,0,5,0,5,5,1,3
event=trace_row ordinal=3876 kind=5 ns=285259881128959 fields=513,6,15,0,0,0,5,0,0,0,16,0,0,0,0,0
event=trace_row ordinal=3877 kind=0 ns=285259881103292 fields=752,2,0,25,1,0,0,0,0,0,0,0,0,0,0,0
event=trace_row ordinal=3878 kind=1 ns=285259881103292 fields=752,2,0,1004,1800,200,1000,0,1,0,0,0,0,0,0,0
event=trace_row ordinal=3879 kind=3 ns=285259881132459 fields=752,753,1,2,285259881103292,0,1000,5,5,0,5,0,5,5,1,3
event=trace_row ordinal=3880 kind=5 ns=285259891126820 fields=513,6,15,0,0,0,5,0,0,0,16,0,0,0,0,0
event=trace_row ordinal=3881 kind=0 ns=285259891101445 fields=753,2,0,50,2,0,0,0,0,0,0,0,0,0,0,0
event=trace_row ordinal=3882 kind=1 ns=285259891101445 fields=753,2,0,1004,1800,200,1000,0,1,0,0,0,0,0,0,0
event=trace_row ordinal=3883 kind=1 ns=285259891101445 fields=753,2,1,1004,1800,200,1000,0,1,0,0,0,0,0,0,0
event=trace_row ordinal=3884 kind=3 ns=285259891130028 fields=753,754,1,2,285259891101445,0,1000,5,5,0,5,0,5,5,1,3
event=trace_row ordinal=3885 kind=4 ns=285259895846039 fields=385,8,39,20,39,68,0,0,53,0,16,0,0,0,0,0
event=trace_row ordinal=3886 kind=4 ns=285259896774133 fields=641,5,3,0,0,0,0,0,0,0,16,0,0,0,0,0
event=trace_row ordinal=3887 kind=5 ns=285259901138098 fields=513,6,15,0,0,0,5,0,0,0,16,0,0,0,0,0
event=trace_row ordinal=3888 kind=0 ns=285259901106014 fields=754,2,0,25,1,0,0,0,0,0,0,0,0,0,0,0
event=trace_row ordinal=3889 kind=1 ns=285259901106014 fields=754,2,0,1004,1800,200,1000,0,1,0,0,0,0,0,0,0
event=trace_row ordinal=3890 kind=3 ns=285259901141306 fields=754,755,1,2,285259901106014,0,1000,5,5,0,5,0,5,5,1,3
event=trace_row ordinal=3891 kind=5 ns=285259911127209 fields=513,6,15,0,0,0,5,0,0,0,16,0,0,0,0,0
event=trace_row ordinal=3892 kind=0 ns=285259911101834 fields=755,2,0,50,2,0,0,0,0,0,0,0,0,0,0,0
event=trace_row ordinal=3893 kind=1 ns=285259911101834 fields=755,2,0,1004,1800,200,1000,0,1,0,0,0,0,0,0,0
event=trace_row ordinal=3894 kind=1 ns=285259911101834 fields=755,2,1,1004,1800,200,1000,0,1,0,0,0,0,0,0,0
event=trace_row ordinal=3895 kind=3 ns=285259911130709 fields=755,756,1,2,285259911101834,0,1000,5,5,0,5,0,5,5,1,3
event=trace_row ordinal=3896 kind=5 ns=285259921139070 fields=513,6,15,0,0,0,5,0,0,0,16,0,0,0,0,0
event=trace_row ordinal=3897 kind=0 ns=285259921108445 fields=756,2,0,25,1,0,0,0,0,0,0,0,0,0,0,0
event=trace_row ordinal=3898 kind=1 ns=285259921108445 fields=756,2,0,1004,1800,200,1000,0,1,0,0,0,0,0,0,0
event=trace_row ordinal=3899 kind=3 ns=285259921143154 fields=756,757,1,2,285259921108445,0,1000,5,5,0,5,0,5,5,1,3
event=trace_row ordinal=3900 kind=5 ns=285259931134015 fields=513,6,15,0,0,0,5,0,0,0,16,0,0,0,0,0
event=trace_row ordinal=3901 kind=0 ns=285259931106889 fields=757,2,0,25,1,0,0,0,0,0,0,0,0,0,0,0
event=trace_row ordinal=3902 kind=1 ns=285259931106889 fields=757,2,0,1004,1800,200,1000,0,1,0,0,0,0,0,0,0
event=trace_row ordinal=3903 kind=3 ns=285259931137515 fields=757,758,1,2,285259931106889,0,1000,5,5,0,5,0,5,5,1,3
event=trace_row ordinal=3904 kind=5 ns=285259941144418 fields=513,6,15,0,0,0,5,0,0,0,16,0,0,0,0,0
event=trace_row ordinal=3905 kind=0 ns=285259941109417 fields=758,2,0,52,2,0,0,0,0,0,0,0,0,0,0,0
event=trace_row ordinal=3906 kind=1 ns=285259941109417 fields=758,2,0,1004,1800,200,1000,0,1,0,0,0,0,0,0,0
event=trace_row ordinal=3907 kind=1 ns=285259941109417 fields=758,2,1,1004,1800,200,1000,0,1,0,0,0,0,0,0,0
event=trace_row ordinal=3908 kind=3 ns=285259941148209 fields=758,759,1,2,285259941109417,0,1000,5,5,0,5,0,5,5,1,3
event=trace_row ordinal=3909 kind=4 ns=285259945721594 fields=385,8,39,20,39,68,0,0,45,0,16,0,0,0,0,0
event=trace_row ordinal=3910 kind=4 ns=285259946659312 fields=641,5,3,0,0,0,0,0,0,0,16,0,0,0,0,0
event=trace_row ordinal=3911 kind=5 ns=285259951133529 fields=513,6,15,0,0,0,5,0,0,0,16,0,0,0,0,0
event=trace_row ordinal=3912 kind=0 ns=285259951105820 fields=759,2,0,26,1,0,0,0,0,0,0,0,0,0,0,0
event=trace_row ordinal=3913 kind=1 ns=285259951105820 fields=759,2,0,1004,1800,200,1000,0,1,0,0,0,0,0,0,0
event=trace_row ordinal=3914 kind=3 ns=285259951137029 fields=759,760,1,2,285259951105820,0,1000,5,5,0,5,0,5,5,1,3
event=trace_row ordinal=3915 kind=5 ns=285259961168724 fields=513,6,15,0,0,0,5,0,0,0,16,0,0,0,0,0
event=trace_row ordinal=3916 kind=0 ns=285259961116515 fields=760,2,0,52,2,0,0,0,0,0,0,0,0,0,0,0
event=trace_row ordinal=3917 kind=1 ns=285259961116515 fields=760,2,0,1004,1800,200,1000,0,1,0,0,0,0,0,0,0
event=trace_row ordinal=3918 kind=1 ns=285259961116515 fields=760,2,1,1004,1800,200,1000,0,1,0,0,0,0,0,0,0
event=trace_row ordinal=3919 kind=3 ns=285259961174265 fields=760,761,1,2,285259961116515,0,1000,5,5,0,5,0,5,5,1,3
event=trace_row ordinal=3920 kind=5 ns=285259971134501 fields=513,6,15,0,0,0,5,0,0,0,16,0,0,0,0,0
event=trace_row ordinal=3921 kind=0 ns=285259971104751 fields=761,2,0,26,1,0,0,0,0,0,0,0,0,0,0,0
event=trace_row ordinal=3922 kind=1 ns=285259971104751 fields=761,2,0,1004,1800,200,1000,0,1,0,0,0,0,0,0,0
event=trace_row ordinal=3923 kind=3 ns=285259971138584 fields=761,762,1,2,285259971104751,0,1000,5,5,0,5,0,5,5,1,3
event=trace_row ordinal=3924 kind=4 ns=285259977916118 fields=1793,1,5,0,0,0,0,0,0,0,16,0,0,0,0,0
event=trace_row ordinal=3925 kind=5 ns=285259981141987 fields=513,6,15,0,0,0,5,0,0,0,16,0,0,0,0,0
event=trace_row ordinal=3926 kind=0 ns=285259981108154 fields=762,2,0,52,2,0,0,0,0,0,0,0,0,0,0,0
event=trace_row ordinal=3927 kind=1 ns=285259981108154 fields=762,2,0,1004,1800,200,1000,0,1,0,0,0,0,0,0,0
event=trace_row ordinal=3928 kind=1 ns=285259981108154 fields=762,2,1,1004,1800,200,1000,0,1,0,0,0,0,0,0,0
event=trace_row ordinal=3929 kind=3 ns=285259981146654 fields=762,763,1,2,285259981108154,0,1000,5,5,0,5,0,5,5,1,3
event=trace_row ordinal=3930 kind=5 ns=285259991135473 fields=513,6,15,0,0,0,5,0,0,0,16,0,0,0,0,0
event=trace_row ordinal=3931 kind=0 ns=285259991106306 fields=763,2,0,26,1,0,0,0,0,0,0,0,0,0,0,0
event=trace_row ordinal=3932 kind=1 ns=285259991106306 fields=763,2,0,1004,1800,200,1000,0,1,0,0,0,0,0,0,0
event=trace_row ordinal=3933 kind=3 ns=285259991138973 fields=763,764,1,2,285259991106306,0,1000,5,5,0,5,0,5,5,1,3
event=trace_row ordinal=3934 kind=4 ns=285259995667149 fields=385,8,39,20,39,68,0,0,48,0,16,0,0,0,0,0
event=trace_row ordinal=3935 kind=4 ns=285259996606034 fields=641,5,3,0,0,0,0,0,0,0,16,0,0,0,0,0
event=trace_row ordinal=3936 kind=5 ns=285260001128085 fields=513,6,15,0,0,0,5,0,0,0,16,0,0,0,0,0
event=trace_row ordinal=3937 kind=0 ns=285260001103001 fields=764,2,0,26,1,0,0,0,0,0,0,0,0,0,0,0
event=trace_row ordinal=3938 kind=1 ns=285260001103001 fields=764,2,0,1004,1800,200,1000,0,1,0,0,0,0,0,0,0
event=trace_row ordinal=3939 kind=3 ns=285260001131585 fields=764,765,1,2,285260001103001,0,1000,5,5,0,5,0,5,5,1,3
event=trace_row ordinal=3940 kind=5 ns=285260011130612 fields=513,6,15,0,0,0,5,0,0,0,16,0,0,0,0,0
event=trace_row ordinal=3941 kind=0 ns=285260011103195 fields=765,2,0,52,2,0,0,0,0,0,0,0,0,0,0,0
event=trace_row ordinal=3942 kind=1 ns=285260011103195 fields=765,2,0,1004,1800,200,1000,0,1,0,0,0,0,0,0,0
event=trace_row ordinal=3943 kind=1 ns=285260011103195 fields=765,2,1,1004,1800,200,1000,0,1,0,0,0,0,0,0,0
event=trace_row ordinal=3944 kind=3 ns=285260011134112 fields=765,766,1,2,285260011103195,0,1000,5,5,0,5,0,5,5,1,3
event=trace_row ordinal=3945 kind=5 ns=285260021143932 fields=513,6,15,0,0,0,5,0,0,0,16,0,0,0,0,0
event=trace_row ordinal=3946 kind=0 ns=285260021107765 fields=766,2,0,26,1,0,0,0,0,0,0,0,0,0,0,0
event=trace_row ordinal=3947 kind=1 ns=285260021107765 fields=766,2,0,1004,1800,200,1000,0,1,0,0,0,0,0,0,0
event=trace_row ordinal=3948 kind=3 ns=285260021149474 fields=766,767,1,2,285260021107765,0,1000,5,5,0,5,0,5,5,1,3
event=trace_row ordinal=3949 kind=5 ns=285260031138877 fields=513,6,15,0,0,0,5,0,0,0,16,0,0,0,0,0
event=trace_row ordinal=3950 kind=0 ns=285260031106501 fields=767,2,0,52,2,0,0,0,0,0,0,0,0,0,0,0
event=trace_row ordinal=3951 kind=1 ns=285260031106501 fields=767,2,0,1004,1800,200,1000,0,1,0,0,0,0,0,0,0
event=trace_row ordinal=3952 kind=1 ns=285260031106501 fields=767,2,1,1004,1800,200,1000,0,1,0,0,0,0,0,0,0
event=trace_row ordinal=3953 kind=3 ns=285260031142668 fields=767,768,1,2,285260031106501,0,1000,5,5,0,5,0,5,5,1,3
event=trace_row ordinal=3954 kind=5 ns=285260041125363 fields=513,6,15,0,0,0,5,0,0,0,16,0,0,0,0,0
event=trace_row ordinal=3955 kind=0 ns=285260041102029 fields=768,2,0,26,1,0,0,0,0,0,0,0,0,0,0,0
event=trace_row ordinal=3956 kind=1 ns=285260041102029 fields=768,2,0,1004,1800,200,1000,0,1,0,0,0,0,0,0,0
event=trace_row ordinal=3957 kind=3 ns=285260041129154 fields=768,769,1,2,285260041102029,0,1000,5,5,0,5,0,5,5,1,3
event=trace_row ordinal=3958 kind=4 ns=285260045673663 fields=385,8,39,20,39,68,0,0,52,0,16,0,0,0,0,0
event=trace_row ordinal=3959 kind=4 ns=285260046612549 fields=641,5,3,0,0,0,0,0,0,0,16,0,0,0,0,0
event=trace_row ordinal=3960 kind=5 ns=285260051129057 fields=513,6,15,0,0,0,5,0,0,0,16,0,0,0,0,0
event=trace_row ordinal=3961 kind=0 ns=285260051102515 fields=769,2,0,52,2,0,0,0,0,0,0,0,0,0,0,0
event=trace_row ordinal=3962 kind=1 ns=285260051102515 fields=769,2,0,1004,1800,200,1000,0,1,0,0,0,0,0,0,0
event=trace_row ordinal=3963 kind=1 ns=285260051102515 fields=769,2,1,1004,1800,200,1000,0,1,0,0,0,0,0,0,0
event=trace_row ordinal=3964 kind=3 ns=285260051132557 fields=769,770,1,2,285260051102515,0,1000,5,5,0,5,0,5,5,1,3
event=trace_row ordinal=3965 kind=5 ns=285260061125752 fields=513,6,15,0,0,0,5,0,0,0,16,0,0,0,0,0
event=trace_row ordinal=3966 kind=0 ns=285260061103001 fields=770,2,0,26,1,0,0,0,0,0,0,0,0,0,0,0
event=trace_row ordinal=3967 kind=1 ns=285260061103001 fields=770,2,0,1004,1800,200,1000,0,1,0,0,0,0,0,0,0
event=trace_row ordinal=3968 kind=3 ns=285260061128960 fields=770,771,1,2,285260061103001,0,1000,5,5,0,5,0,5,5,1,3
event=trace_row ordinal=3969 kind=5 ns=285260071142280 fields=513,6,15,0,0,0,5,0,0,0,16,0,0,0,0,0
event=trace_row ordinal=3970 kind=0 ns=285260071107863 fields=771,2,0,26,1,0,0,0,0,0,0,0,0,0,0,0
event=trace_row ordinal=3971 kind=1 ns=285260071107863 fields=771,2,0,1004,1800,200,1000,0,1,0,0,0,0,0,0,0
event=trace_row ordinal=3972 kind=3 ns=285260071147821 fields=771,772,1,2,285260071107863,0,1000,5,5,0,5,0,5,5,1,3
event=trace_row ordinal=3973 kind=5 ns=285260081120599 fields=513,6,15,0,0,0,5,0,0,0,16,0,0,0,0,0
event=trace_row ordinal=3974 kind=0 ns=285260081099015 fields=772,2,0,50,2,0,0,0,0,0,0,0,0,0,0,0
event=trace_row ordinal=3975 kind=1 ns=285260081099015 fields=772,2,0,1004,1800,200,1000,0,1,0,0,0,0,0,0,0
event=trace_row ordinal=3976 kind=1 ns=285260081099015 fields=772,2,1,1004,1800,200,1000,0,1,0,0,0,0,0,0,0
event=trace_row ordinal=3977 kind=3 ns=285260081124099 fields=772,773,1,2,285260081099015,0,1000,5,5,0,5,0,5,5,1,3
event=trace_row ordinal=3978 kind=5 ns=285260091117585 fields=513,6,15,0,0,0,5,0,0,0,16,0,0,0,0,0
event=trace_row ordinal=3979 kind=0 ns=285260091098043 fields=773,2,0,25,1,0,0,0,0,0,0,0,0,0,0,0
event=trace_row ordinal=3980 kind=1 ns=285260091098043 fields=773,2,0,1004,1800,200,1000,0,1,0,0,0,0,0,0,0
event=trace_row ordinal=3981 kind=3 ns=285260091120793 fields=773,774,1,2,285260091098043,0,1000,5,5,0,5,0,5,5,1,3
event=trace_row ordinal=3982 kind=4 ns=285260095618635 fields=385,8,39,20,39,68,0,0,50,0,16,0,0,0,0,0
event=trace_row ordinal=3983 kind=4 ns=285260096561896 fields=641,5,3,0,0,0,0,0,0,0,16,0,0,0,0,0
event=trace_row ordinal=3984 kind=5 ns=285260101120113 fields=513,6,15,0,0,0,5,0,0,0,16,0,0,0,0,0
event=trace_row ordinal=3985 kind=0 ns=285260101098821 fields=774,2,0,50,2,0,0,0,0,0,0,0,0,0,0,0
event=trace_row ordinal=3986 kind=1 ns=285260101098821 fields=774,2,0,1005,1800,200,1000,0,1,0,0,0,0,0,0,0
event=trace_row ordinal=3987 kind=1 ns=285260101098821 fields=774,2,1,1005,1800,200,1000,0,1,0,0,0,0,0,0,0
event=trace_row ordinal=3988 kind=3 ns=285260101124196 fields=774,775,1,2,285260101098821,0,1000,5,5,0,5,0,5,5,1,3
event=trace_row ordinal=3989 kind=5 ns=285260111116807 fields=513,6,15,0,0,0,5,0,0,0,16,0,0,0,0,0
event=trace_row ordinal=3990 kind=0 ns=285260111097849 fields=775,2,0,25,1,0,0,0,0,0,0,0,0,0,0,0
event=trace_row ordinal=3991 kind=1 ns=285260111097849 fields=775,2,0,1005,1800,200,1000,0,1,0,0,0,0,0,0,0
event=trace_row ordinal=3992 kind=3 ns=285260111120016 fields=775,776,1,2,285260111097849,0,1000,5,5,0,5,0,5,5,1,3
event=trace_row ordinal=3993 kind=5 ns=285260121119044 fields=513,6,15,0,0,0,5,0,0,0,16,0,0,0,0,0
event=trace_row ordinal=3994 kind=0 ns=285260121098043 fields=776,2,0,50,2,0,0,0,0,0,0,0,0,0,0,0
event=trace_row ordinal=3995 kind=1 ns=285260121098043 fields=776,2,0,1004,1800,200,1000,0,1,0,0,0,0,0,0,0
event=trace_row ordinal=3996 kind=1 ns=285260121098043 fields=776,2,1,1004,1800,200,1000,0,1,0,0,0,0,0,0,0
event=trace_row ordinal=3997 kind=3 ns=285260121122252 fields=776,777,1,2,285260121098043,0,1000,5,5,0,5,0,5,5,1,3
event=trace_row ordinal=3998 kind=5 ns=285260131118363 fields=513,6,15,0,0,0,5,0,0,0,16,0,0,0,0,0
event=trace_row ordinal=3999 kind=0 ns=285260131098238 fields=777,2,0,25,1,0,0,0,0,0,0,0,0,0,0,0
event=trace_row ordinal=4000 kind=1 ns=285260131098238 fields=777,2,0,1004,1800,200,1000,0,1,0,0,0,0,0,0,0
event=trace_row ordinal=4001 kind=3 ns=285260131121863 fields=777,778,1,2,285260131098238,0,1000,5,5,0,5,0,5,5,1,3
event=trace_row ordinal=4002 kind=5 ns=285260141117391 fields=513,6,15,0,0,0,5,0,0,0,16,0,0,0,0,0
event=trace_row ordinal=4003 kind=0 ns=285260141098141 fields=778,2,0,25,1,0,0,0,0,0,0,0,0,0,0,0
event=trace_row ordinal=4004 kind=1 ns=285260141098141 fields=778,2,0,1004,1800,200,1000,0,1,0,0,0,0,0,0,0
event=trace_row ordinal=4005 kind=3 ns=285260141120599 fields=778,779,1,2,285260141098141,0,1000,5,5,0,5,0,5,5,1,3
event=trace_row ordinal=4006 kind=4 ns=285260145558065 fields=385,8,39,20,39,68,0,0,49,0,16,0,0,0,0,0
event=trace_row ordinal=4007 kind=4 ns=285260146507742 fields=641,5,3,0,0,0,0,0,0,0,16,0,0,0,0,0
event=trace_row ordinal=4008 kind=5 ns=285260151120210 fields=513,6,15,0,0,0,5,0,0,0,16,0,0,0,0,0
event=trace_row ordinal=4009 kind=0 ns=285260151098627 fields=779,2,0,50,2,0,0,0,0,0,0,0,0,0,0,0
event=trace_row ordinal=4010 kind=1 ns=285260151098627 fields=779,2,0,1004,1800,200,1000,0,1,0,0,0,0,0,0,0
event=trace_row ordinal=4011 kind=1 ns=285260151098627 fields=779,2,1,1004,1800,200,1000,0,1,0,0,0,0,0,0,0
event=trace_row ordinal=4012 kind=3 ns=285260151124002 fields=779,780,1,2,285260151098627,0,1000,5,5,0,5,0,5,5,1,3
event=trace_row ordinal=4013 kind=5 ns=285260161116613 fields=513,6,15,0,0,0,5,0,0,0,16,0,0,0,0,0
event=trace_row ordinal=4014 kind=0 ns=285260161097655 fields=780,2,0,25,1,0,0,0,0,0,0,0,0,0,0,0
event=trace_row ordinal=4015 kind=1 ns=285260161097655 fields=780,2,0,1004,1800,200,1000,0,1,0,0,0,0,0,0,0
event=trace_row ordinal=4016 kind=3 ns=285260161119822 fields=780,781,1,2,285260161097655,0,1000,5,5,0,5,0,5,5,1,3
event=trace_row ordinal=4017 kind=5 ns=285260171118558 fields=513,6,15,0,0,0,5,0,0,0,16,0,0,0,0,0
event=trace_row ordinal=4018 kind=0 ns=285260171097849 fields=781,2,0,50,2,0,0,0,0,0,0,0,0,0,0,0
event=trace_row ordinal=4019 kind=1 ns=285260171097849 fields=781,2,0,1004,1800,200,1000,0,1,0,0,0,0,0,0,0
event=trace_row ordinal=4020 kind=1 ns=285260171097849 fields=781,2,1,1004,1800,200,1000,0,1,0,0,0,0,0,0,0
event=trace_row ordinal=4021 kind=3 ns=285260171121766 fields=781,782,1,2,285260171097849,0,1000,5,5,0,5,0,5,5,1,3
event=trace_row ordinal=4022 kind=5 ns=285260181119044 fields=513,6,15,0,0,0,5,0,0,0,16,0,0,0,0,0
event=trace_row ordinal=4023 kind=0 ns=285260181098919 fields=782,2,0,25,1,0,0,0,0,0,0,0,0,0,0,0
event=trace_row ordinal=4024 kind=1 ns=285260181098919 fields=782,2,0,1004,1800,200,1000,0,1,0,0,0,0,0,0,0
event=trace_row ordinal=4025 kind=3 ns=285260181122544 fields=782,783,1,2,285260181098919,0,1000,5,5,0,5,0,5,5,1,3
event=trace_row ordinal=4026 kind=5 ns=285260191118947 fields=513,6,15,0,0,0,5,0,0,0,16,0,0,0,0,0
event=trace_row ordinal=4027 kind=0 ns=285260191098238 fields=783,2,0,50,2,0,0,0,0,0,0,0,0,0,0,0
event=trace_row ordinal=4028 kind=1 ns=285260191098238 fields=783,2,0,1004,1800,200,1000,0,1,0,0,0,0,0,0,0
event=trace_row ordinal=4029 kind=1 ns=285260191098238 fields=783,2,1,1004,1800,200,1000,0,1,0,0,0,0,0,0,0
event=trace_row ordinal=4030 kind=3 ns=285260191122447 fields=783,784,1,2,285260191098238,0,1000,5,5,0,5,0,5,5,1,3
event=trace_row ordinal=4031 kind=4 ns=285260195503620 fields=385,8,39,20,39,68,0,0,49,0,16,0,0,0,0,0
event=trace_row ordinal=4032 kind=4 ns=285260196453298 fields=641,5,3,0,0,0,0,0,0,0,16,0,0,0,0,0
event=trace_row ordinal=4033 kind=5 ns=285260201118558 fields=513,6,15,0,0,0,5,0,0,0,16,0,0,0,0,0
event=trace_row ordinal=4034 kind=0 ns=285260201098433 fields=784,2,0,25,1,0,0,0,0,0,0,0,0,0,0,0
event=trace_row ordinal=4035 kind=1 ns=285260201098433 fields=784,2,0,1004,1800,200,1000,0,1,0,0,0,0,0,0,0
event=trace_row ordinal=4036 kind=3 ns=285260201121766 fields=784,785,1,2,285260201098433,0,1000,5,5,0,5,0,5,5,1,3
event=trace_row ordinal=4037 kind=5 ns=285260211117002 fields=513,6,15,0,0,0,5,0,0,0,16,0,0,0,0,0
event=trace_row ordinal=4038 kind=0 ns=285260211097752 fields=785,2,0,25,1,0,0,0,0,0,0,0,0,0,0,0
event=trace_row ordinal=4039 kind=1 ns=285260211097752 fields=785,2,0,1004,1800,200,1000,0,1,0,0,0,0,0,0,0
event=trace_row ordinal=4040 kind=3 ns=285260211120502 fields=785,786,1,2,285260211097752,0,1000,5,5,0,5,0,5,5,1,3
event=trace_row ordinal=4041 kind=5 ns=285260221118072 fields=513,6,15,0,0,0,5,0,0,0,16,0,0,0,0,0
event=trace_row ordinal=4042 kind=0 ns=285260221097363 fields=786,2,0,50,2,0,0,0,0,0,0,0,0,0,0,0
event=trace_row ordinal=4043 kind=1 ns=285260221097363 fields=786,2,0,1004,1800,200,1000,0,1,0,0,0,0,0,0,0
event=trace_row ordinal=4044 kind=1 ns=285260221097363 fields=786,2,1,1004,1800,200,1000,0,1,0,0,0,0,0,0,0
event=trace_row ordinal=4045 kind=3 ns=285260221121572 fields=786,787,1,2,285260221097363,0,1000,5,5,0,5,0,5,5,1,3
event=trace_row ordinal=4046 kind=4 ns=285260227460142 fields=1793,1,5,0,0,0,0,0,0,0,16,0,0,0,0,0
event=trace_row ordinal=4047 kind=5 ns=285260231136933 fields=513,6,15,0,0,0,5,0,0,0,16,0,0,0,0,0
event=trace_row ordinal=4048 kind=0 ns=285260231105433 fields=787,2,0,25,1,0,0,0,0,0,0,0,0,0,0,0
event=trace_row ordinal=4049 kind=1 ns=285260231105433 fields=787,2,0,1004,1800,200,1000,0,1,0,0,0,0,0,0,0
event=trace_row ordinal=4050 kind=3 ns=285260231141017 fields=787,788,1,2,285260231105433,0,1000,5,5,0,5,0,5,5,1,3
event=trace_row ordinal=4051 kind=5 ns=285260241122253 fields=513,6,15,0,0,0,5,0,0,0,16,0,0,0,0,0
event=trace_row ordinal=4052 kind=0 ns=285260241098919 fields=788,2,0,50,2,0,0,0,0,0,0,0,0,0,0,0
event=trace_row ordinal=4053 kind=1 ns=285260241098919 fields=788,2,0,1004,1800,200,1000,0,1,0,0,0,0,0,0,0
event=trace_row ordinal=4054 kind=1 ns=285260241098919 fields=788,2,1,1004,1800,200,1000,0,1,0,0,0,0,0,0,0
event=trace_row ordinal=4055 kind=3 ns=285260241126044 fields=788,789,1,2,285260241098919,0,1000,5,5,0,5,0,5,5,1,3
event=trace_row ordinal=4056 kind=4 ns=285260245453259 fields=385,8,39,20,39,68,0,0,47,0,16,0,0,0,0,0
event=trace_row ordinal=4057 kind=4 ns=285260246401478 fields=641,5,3,0,0,0,0,0,0,0,16,0,0,0,0,0
event=trace_row ordinal=4058 kind=5 ns=285260251118364 fields=513,6,15,0,0,0,5,0,0,0,16,0,0,0,0,0
event=trace_row ordinal=4059 kind=0 ns=285260251098530 fields=789,2,0,25,1,0,0,0,0,0,0,0,0,0,0,0
event=trace_row ordinal=4060 kind=1 ns=285260251098530 fields=789,2,0,1004,1800,200,1000,0,1,0,0,0,0,0,0,0
event=trace_row ordinal=4061 kind=3 ns=285260251121572 fields=789,790,1,2,285260251098530,0,1000,5,5,0,5,0,5,5,1,3
event=trace_row ordinal=4062 kind=5 ns=285260261120892 fields=513,6,15,0,0,0,5,0,0,0,16,0,0,0,0,0
event=trace_row ordinal=4063 kind=0 ns=285260261099600 fields=790,2,0,50,2,0,0,0,0,0,0,0,0,0,0,0
event=trace_row ordinal=4064 kind=1 ns=285260261099600 fields=790,2,0,1004,1800,200,1000,0,1,0,0,0,0,0,0,0
event=trace_row ordinal=4065 kind=1 ns=285260261099600 fields=790,2,1,1004,1800,200,1000,0,1,0,0,0,0,0,0,0
event=trace_row ordinal=4066 kind=3 ns=285260261124392 fields=790,791,1,2,285260261099600,0,1000,5,5,0,5,0,5,5,1,3
event=trace_row ordinal=4067 kind=5 ns=285260271116711 fields=513,6,15,0,0,0,5,0,0,0,16,0,0,0,0,0
event=trace_row ordinal=4068 kind=0 ns=285260271098044 fields=791,2,0,25,1,0,0,0,0,0,0,0,0,0,0,0
event=trace_row ordinal=4069 kind=1 ns=285260271098044 fields=791,2,0,1004,1800,200,1000,0,1,0,0,0,0,0,0,0
event=trace_row ordinal=4070 kind=3 ns=285260271120503 fields=791,792,1,2,285260271098044,0,1000,5,5,0,5,0,5,5,1,3
event=trace_row ordinal=4071 kind=5 ns=285260281116322 fields=513,6,15,0,0,0,5,0,0,0,16,0,0,0,0,0
event=trace_row ordinal=4072 kind=0 ns=285260281097655 fields=792,2,0,25,1,0,0,0,0,0,0,0,0,0,0,0
event=trace_row ordinal=4073 kind=1 ns=285260281097655 fields=792,2,0,1004,1800,200,1000,0,1,0,0,0,0,0,0,0
event=trace_row ordinal=4074 kind=3 ns=285260281119531 fields=792,793,1,2,285260281097655,0,1000,5,5,0,5,0,5,5,1,3
event=trace_row ordinal=4075 kind=5 ns=285260291120309 fields=513,6,15,0,0,0,5,0,0,0,16,0,0,0,0,0
event=trace_row ordinal=4076 kind=0 ns=285260291098433 fields=793,2,0,50,2,0,0,0,0,0,0,0,0,0,0,0
event=trace_row ordinal=4077 kind=1 ns=285260291098433 fields=793,2,0,1004,1800,200,1000,0,1,0,0,0,0,0,0,0
event=trace_row ordinal=4078 kind=1 ns=285260291098433 fields=793,2,1,1004,1800,200,1000,0,1,0,0,0,0,0,0,0
event=trace_row ordinal=4079 kind=3 ns=285260291123809 fields=793,794,1,2,285260291098433,0,1000,5,5,0,5,0,5,5,1,3
event=trace_row ordinal=4080 kind=4 ns=285260295401731 fields=385,8,39,20,39,68,0,0,53,0,16,0,0,0,0,0
event=trace_row ordinal=4081 kind=4 ns=285260296349658 fields=641,5,3,0,0,0,0,0,0,0,16,0,0,0,0,0
event=trace_row ordinal=4082 kind=5 ns=285260301118170 fields=513,6,15,0,0,0,5,0,0,0,16,0,0,0,0,0
event=trace_row ordinal=4083 kind=0 ns=285260301098628 fields=794,2,0,25,1,0,0,0,0,0,0,0,0,0,0,0
event=trace_row ordinal=4084 kind=1 ns=285260301098628 fields=794,2,0,1004,1800,200,1000,0,1,0,0,0,0,0,0,0
event=trace_row ordinal=4085 kind=3 ns=285260301121670 fields=794,795,1,2,285260301098628,0,1000,5,5,0,5,0,5,5,1,3
event=trace_row ordinal=4086 kind=5 ns=285260311118364 fields=513,6,15,0,0,0,5,0,0,0,16,0,0,0,0,0
event=trace_row ordinal=4087 kind=0 ns=285260311097656 fields=795,2,0,50,2,0,0,0,0,0,0,0,0,0,0,0
event=trace_row ordinal=4088 kind=1 ns=285260311097656 fields=795,2,0,1004,1800,200,1000,0,1,0,0,0,0,0,0,0
event=trace_row ordinal=4089 kind=1 ns=285260311097656 fields=795,2,1,1004,1800,200,1000,0,1,0,0,0,0,0,0,0
event=trace_row ordinal=4090 kind=3 ns=285260311121573 fields=795,796,1,2,285260311097656,0,1000,5,5,0,5,0,5,5,1,3
event=trace_row ordinal=4091 kind=5 ns=285260321116809 fields=513,6,15,0,0,0,5,0,0,0,16,0,0,0,0,0
event=trace_row ordinal=4092 kind=0 ns=285260321097850 fields=796,2,0,25,1,0,0,0,0,0,0,0,0,0,0,0
event=trace_row ordinal=4093 kind=1 ns=285260321097850 fields=796,2,0,1004,1800,200,1000,0,1,0,0,0,0,0,0,0
event=trace_row ordinal=4094 kind=3 ns=285260321120017 fields=796,797,1,2,285260321097850,0,1000,5,5,0,5,0,5,5,1,3
event=trace_row ordinal=4095 kind=5 ns=285260331118170 fields=513,6,15,0,0,0,5,0,0,0,16,0,0,0,0,0
event=trace_row ordinal=4096 kind=0 ns=285260331097461 fields=797,2,0,50,2,0,0,0,0,0,0,0,0,0,0,0
event=trace_row ordinal=4097 kind=1 ns=285260331097461 fields=797,2,0,1004,1800,200,1000,0,1,0,0,0,0,0,0,0
event=trace_row ordinal=4098 kind=1 ns=285260331097461 fields=797,2,1,1004,1800,200,1000,0,1,0,0,0,0,0,0,0
event=trace_row ordinal=4099 kind=3 ns=285260331121670 fields=797,798,1,2,285260331097461,0,1000,5,5,0,5,0,5,5,1,3
event=trace_row ordinal=4100 kind=5 ns=285260341117489 fields=513,6,15,0,0,0,5,0,0,0,16,0,0,0,0,0
event=trace_row ordinal=4101 kind=0 ns=285260341098239 fields=798,2,0,25,1,0,0,0,0,0,0,0,0,0,0,0
event=trace_row ordinal=4102 kind=1 ns=285260341098239 fields=798,2,0,1004,1800,200,1000,0,1,0,0,0,0,0,0,0
event=trace_row ordinal=4103 kind=3 ns=285260341120989 fields=798,799,1,2,285260341098239,0,1000,5,5,0,5,0,5,5,1,3
event=trace_row ordinal=4104 kind=4 ns=285260345348161 fields=385,8,39,148,39,64,0,0,36,0,16,0,0,0,0,0
event=trace_row ordinal=4105 kind=5 ns=285260345360412 fields=513,6,6,0,0,0,0,0,0,0,16,0,0,0,0,0
event=trace_row ordinal=4106 kind=4 ns=285260346296380 fields=641,5,3,0,0,0,0,0,0,0,16,0,0,0,0,0
event=trace_row ordinal=4107 kind=5 ns=285260351118559 fields=513,6,6,0,0,0,0,0,0,0,16,0,0,0,0,0
event=trace_row ordinal=4108 kind=0 ns=285260351098142 fields=799,2,0,25,1,0,0,0,0,0,0,0,0,0,0,0
event=trace_row ordinal=4109 kind=1 ns=285260351098142 fields=799,2,0,1004,1800,200,1000,0,1,0,0,0,0,0,0,0
event=trace_row ordinal=4110 kind=3 ns=285260351121767 fields=799,800,1,2,285260351098142,0,1000,5,5,0,5,0,0,6,1,3
event=trace_row ordinal=4111 kind=6 ns=285260351130809 fields=5,0,800,285260351098142,0,0,0,0,0,0,0,0,0,0,0,0
event=trace_row ordinal=4112 kind=5 ns=285260351138101 fields=513,6,6,0,0,0,0,0,0,0,16,0,0,0,0,0
event=trace_row ordinal=4113 kind=0 ns=285260353098414 fields=800,2,0,25,1,0,0,0,0,0,0,0,0,0,0,0
event=trace_row ordinal=4114 kind=1 ns=285260353098414 fields=800,2,0,1004,1800,200,1000,0,1,0,0,0,0,0,0,0
event=trace_row ordinal=4115 kind=0 ns=285260355095770 fields=801,2,0,0,0,0,0,0,0,0,0,0,0,0,0,0
event=trace_row ordinal=4116 kind=0 ns=285260357094875 fields=802,2,0,0,0,0,0,0,0,0,0,0,0,0,0,0
event=trace_row ordinal=4117 kind=0 ns=285260359096606 fields=803,2,0,25,1,0,0,0,0,0,0,0,0,0,0,0
event=trace_row ordinal=4118 kind=1 ns=285260359096606 fields=803,2,0,1004,1800,200,1000,0,1,0,0,0,0,0,0,0
event=trace_row ordinal=4119 kind=0 ns=285260361094836 fields=804,2,0,0,0,0,0,0,0,0,0,0,0,0,0,0
event=trace_row ordinal=4120 kind=0 ns=285260363094525 fields=805,2,0,0,0,0,0,0,0,0,0,0,0,0,0,0
event=trace_row ordinal=4121 kind=0 ns=285260365094506 fields=806,2,0,0,0,0,0,0,0,0,0,0,0,0,0,0
event=trace_row ordinal=4122 kind=0 ns=285260367095653 fields=807,2,0,25,1,0,0,0,0,0,0,0,0,0,0,0
event=trace_row ordinal=4123 kind=1 ns=285260367095653 fields=807,2,0,1004,1800,200,1000,0,1,0,0,0,0,0,0,0
event=trace_row ordinal=4124 kind=0 ns=285260369094759 fields=808,2,0,0,0,0,0,0,0,0,0,0,0,0,0,0
event=trace_row ordinal=4125 kind=0 ns=285260371094448 fields=809,2,0,0,0,0,0,0,0,0,0,0,0,0,0,0
event=trace_row ordinal=4126 kind=0 ns=285260373095303 fields=810,2,0,25,1,0,0,0,0,0,0,0,0,0,0,0
event=trace_row ordinal=4127 kind=1 ns=285260373095303 fields=810,2,0,1004,1800,200,1000,0,1,0,0,0,0,0,0,0
event=trace_row ordinal=4128 kind=0 ns=285260375094992 fields=811,2,0,0,0,0,0,0,0,0,0,0,0,0,0,0
event=trace_row ordinal=4129 kind=0 ns=285260377094389 fields=812,2,0,0,0,0,0,0,0,0,0,0,0,0,0,0
event=trace_row ordinal=4130 kind=0 ns=285260379094662 fields=813,2,0,0,0,0,0,0,0,0,0,0,0,0,0,0
event=trace_row ordinal=4131 kind=0 ns=285260381095517 fields=814,2,0,25,1,0,0,0,0,0,0,0,0,0,0,0
event=trace_row ordinal=4132 kind=1 ns=285260381095517 fields=814,2,0,1004,1800,200,1000,0,1,0,0,0,0,0,0,0
event=trace_row ordinal=4133 kind=0 ns=285260383094914 fields=815,2,0,0,0,0,0,0,0,0,0,0,0,0,0,0
event=trace_row ordinal=4134 kind=0 ns=285260385094603 fields=816,2,0,0,0,0,0,0,0,0,0,0,0,0,0,0
event=trace_row ordinal=4135 kind=0 ns=285260387095459 fields=817,2,0,25,1,0,0,0,0,0,0,0,0,0,0,0
event=trace_row ordinal=4136 kind=1 ns=285260387095459 fields=817,2,0,1004,1800,200,1000,0,1,0,0,0,0,0,0,0
event=trace_row ordinal=4137 kind=0 ns=285260389095148 fields=818,2,0,0,0,0,0,0,0,0,0,0,0,0,0,0
event=trace_row ordinal=4138 kind=0 ns=285260391094545 fields=819,2,0,0,0,0,0,0,0,0,0,0,0,0,0,0
event=trace_row ordinal=4139 kind=0 ns=285260393094817 fields=820,2,0,0,0,0,0,0,0,0,0,0,0,0,0,0
event=trace_row ordinal=4140 kind=0 ns=285260395095964 fields=821,2,0,25,1,0,0,0,0,0,0,0,0,0,0,0
event=trace_row ordinal=4141 kind=1 ns=285260395095964 fields=821,2,0,1004,1800,200,1000,0,1,0,0,0,0,0,0,0
event=trace_row ordinal=4142 kind=4 ns=285260395312675 fields=385,8,33,148,33,20,0,0,252,255,16,0,0,0,0,0
event=trace_row ordinal=4143 kind=0 ns=285260396250686 fields=822,2,0,0,0,0,0,0,0,0,0,0,0,0,0,0
event=trace_row ordinal=4144 kind=4 ns=285260396261477 fields=641,5,3,0,0,0,0,0,0,0,16,0,0,0,0,0
event=trace_row ordinal=4145 kind=0 ns=285260398095498 fields=823,2,0,0,0,0,0,0,0,0,0,0,0,0,0,0
event=trace_row ordinal=4146 kind=0 ns=285260400095187 fields=824,2,0,0,0,0,0,0,0,0,0,0,0,0,0,0
event=trace_row ordinal=4147 kind=0 ns=285260402098084 fields=825,2,0,25,1,0,0,0,0,0,0,0,0,0,0,0
event=trace_row ordinal=4148 kind=1 ns=285260402098084 fields=825,2,0,1004,1800,200,1000,0,1,0,0,0,0,0,0,0
event=trace_row ordinal=4149 kind=0 ns=285260404094564 fields=826,2,0,0,0,0,0,0,0,0,0,0,0,0,0,0
event=trace_row ordinal=4150 kind=0 ns=285260406094545 fields=827,2,0,0,0,0,0,0,0,0,0,0,0,0,0,0
event=trace_row ordinal=4151 kind=0 ns=285260408095692 fields=828,2,0,25,1,0,0,0,0,0,0,0,0,0,0,0
event=trace_row ordinal=4152 kind=1 ns=285260408095692 fields=828,2,0,1004,1800,200,1000,0,1,0,0,0,0,0,0,0
event=trace_row ordinal=4153 kind=0 ns=285260410095090 fields=829,2,0,0,0,0,0,0,0,0,0,0,0,0,0,0
event=trace_row ordinal=4154 kind=0 ns=285260412094778 fields=830,2,0,0,0,0,0,0,0,0,0,0,0,0,0,0
event=trace_row ordinal=4155 kind=0 ns=285260414094467 fields=831,2,0,0,0,0,0,0,0,0,0,0,0,0,0,0
event=trace_row ordinal=4156 kind=0 ns=285260416095615 fields=832,2,0,25,1,0,0,0,0,0,0,0,0,0,0,0
event=trace_row ordinal=4157 kind=1 ns=285260416095615 fields=832,2,0,1004,1800,200,1000,0,1,0,0,0,0,0,0,0
event=trace_row ordinal=4158 kind=0 ns=285260418094428 fields=833,2,0,0,0,0,0,0,0,0,0,0,0,0,0,0
event=trace_row ordinal=4159 kind=0 ns=285260420094409 fields=834,2,0,0,0,0,0,0,0,0,0,0,0,0,0,0
event=trace_row ordinal=4160 kind=0 ns=285260422095556 fields=835,2,0,25,1,0,0,0,0,0,0,0,0,0,0,0
event=trace_row ordinal=4161 kind=1 ns=285260422095556 fields=835,2,0,1004,1800,200,1000,0,1,0,0,0,0,0,0,0
event=trace_row ordinal=4162 kind=0 ns=285260424095537 fields=836,2,0,0,0,0,0,0,0,0,0,0,0,0,0,0
event=trace_row ordinal=4163 kind=0 ns=285260426094642 fields=837,2,0,0,0,0,0,0,0,0,0,0,0,0,0,0
event=trace_row ordinal=4164 kind=0 ns=285260428094623 fields=838,2,0,0,0,0,0,0,0,0,0,0,0,0,0,0
event=trace_row ordinal=4165 kind=0 ns=285260430096354 fields=839,2,0,25,1,0,0,0,0,0,0,0,0,0,0,0
event=trace_row ordinal=4166 kind=1 ns=285260430096354 fields=839,2,0,1004,1800,200,1000,0,1,0,0,0,0,0,0,0
event=trace_row ordinal=4167 kind=0 ns=285260432095751 fields=840,2,0,0,0,0,0,0,0,0,0,0,0,0,0,0
event=trace_row ordinal=4168 kind=0 ns=285260434094565 fields=841,2,0,0,0,0,0,0,0,0,0,0,0,0,0,0
event=trace_row ordinal=4169 kind=0 ns=285260436095712 fields=842,2,0,25,1,0,0,0,0,0,0,0,0,0,0,0
event=trace_row ordinal=4170 kind=1 ns=285260436095712 fields=842,2,0,1004,1800,200,1000,0,1,0,0,0,0,0,0,0
event=trace_row ordinal=4171 kind=0 ns=285260438093942 fields=843,2,0,0,0,0,0,0,0,0,0,0,0,0,0,0
event=trace_row ordinal=4172 kind=0 ns=285260440095090 fields=844,2,0,0,0,0,0,0,0,0,0,0,0,0,0,0
event=trace_row ordinal=4173 kind=0 ns=285260442097695 fields=845,2,0,0,0,0,0,0,0,0,0,0,0,0,0,0
event=trace_row ordinal=4174 kind=0 ns=285260444097384 fields=846,2,0,25,1,0,0,0,0,0,0,0,0,0,0,0
event=trace_row ordinal=4175 kind=1 ns=285260444097384 fields=846,2,0,1004,1800,200,1000,0,1,0,0,0,0,0,0,0
event=trace_row ordinal=4176 kind=0 ns=285260445284481 fields=847,2,0,0,0,0,0,0,0,0,0,0,0,0,0,0
event=trace_row ordinal=4177 kind=4 ns=285260445304023 fields=385,8,33,148,33,20,0,0,255,255,16,0,0,0,0,0
event=trace_row ordinal=4178 kind=4 ns=285260446202658 fields=641,5,3,0,0,0,0,0,0,0,16,0,0,0,0,0
event=trace_row ordinal=4179 kind=0 ns=285260447096626 fields=848,2,0,0,0,0,0,0,0,0,0,0,0,0,0,0
event=trace_row ordinal=4180 kind=0 ns=285260449094856 fields=849,2,0,0,0,0,0,0,0,0,0,0,0,0,0,0
event=trace_row ordinal=4181 kind=0 ns=285260451097754 fields=850,2,0,25,1,0,0,0,0,0,0,0,0,0,0,0
event=trace_row ordinal=4182 kind=1 ns=285260451097754 fields=850,2,0,1005,1800,200,1000,0,1,0,0,0,0,0,0,0
event=trace_row ordinal=4183 kind=0 ns=285260453094818 fields=851,2,0,0,0,0,0,0,0,0,0,0,0,0,0,0
event=trace_row ordinal=4184 kind=0 ns=285260455094506 fields=852,2,0,0,0,0,0,0,0,0,0,0,0,0,0,0
event=trace_row ordinal=4185 kind=0 ns=285260457096237 fields=853,2,0,25,1,0,0,0,0,0,0,0,0,0,0,0
event=trace_row ordinal=4186 kind=1 ns=285260457096237 fields=853,2,0,1005,1800,200,1000,0,1,0,0,0,0,0,0,0
event=trace_row ordinal=4187 kind=0 ns=285260459094759 fields=854,2,0,0,0,0,0,0,0,0,0,0,0,0,0,0
event=trace_row ordinal=4188 kind=0 ns=285260461093573 fields=855,2,0,0,0,0,0,0,0,0,0,0,0,0,0,0
event=trace_row ordinal=4189 kind=0 ns=285260463096179 fields=856,2,0,0,0,0,0,0,0,0,0,0,0,0,0,0
event=trace_row ordinal=4190 kind=0 ns=285260465101993 fields=857,2,0,25,1,0,0,0,0,0,0,0,0,0,0,0
event=trace_row ordinal=4191 kind=1 ns=285260465101993 fields=857,2,0,1005,1800,200,1000,0,1,0,0,0,0,0,0,0
event=trace_row ordinal=4192 kind=0 ns=285260467095557 fields=858,2,0,0,0,0,0,0,0,0,0,0,0,0,0,0
event=trace_row ordinal=4193 kind=0 ns=285260469094662 fields=859,2,0,0,0,0,0,0,0,0,0,0,0,0,0,0
event=trace_row ordinal=4194 kind=0 ns=285260471096393 fields=860,2,0,25,1,0,0,0,0,0,0,0,0,0,0,0
event=trace_row ordinal=4195 kind=1 ns=285260471096393 fields=860,2,0,1004,1800,200,1000,0,1,0,0,0,0,0,0,0
event=trace_row ordinal=4196 kind=0 ns=285260473094623 fields=861,2,0,0,0,0,0,0,0,0,0,0,0,0,0,0
event=trace_row ordinal=4197 kind=0 ns=285260475094895 fields=862,2,0,0,0,0,0,0,0,0,0,0,0,0,0,0
event=trace_row ordinal=4198 kind=0 ns=285260477027209 fields=863,2,0,0,0,0,0,0,0,0,0,0,0,0,0,0
event=trace_row ordinal=4199 kind=4 ns=285260477044709 fields=1793,1,5,0,0,0,0,0,0,0,16,0,0,0,0,0
event=trace_row ordinal=4200 kind=0 ns=285260478096471 fields=864,2,0,25,1,0,0,0,0,0,0,0,0,0,0,0
event=trace_row ordinal=4201 kind=1 ns=285260478096471 fields=864,2,0,1004,1800,200,1000,0,1,0,0,0,0,0,0,0
event=trace_row ordinal=4202 kind=0 ns=285260480095284 fields=865,2,0,0,0,0,0,0,0,0,0,0,0,0,0,0
event=trace_row ordinal=4203 kind=0 ns=285260482094390 fields=866,2,0,0,0,0,0,0,0,0,0,0,0,0,0,0
event=trace_row ordinal=4204 kind=0 ns=285260484094371 fields=867,2,0,0,0,0,0,0,0,0,0,0,0,0,0,0
event=trace_row ordinal=4205 kind=0 ns=285260486099601 fields=868,2,0,25,1,0,0,0,0,0,0,0,0,0,0,0
event=trace_row ordinal=4206 kind=1 ns=285260486099601 fields=868,2,0,1004,1800,200,1000,0,1,0,0,0,0,0,0,0
event=trace_row ordinal=4207 kind=0 ns=285260488095790 fields=869,2,0,0,0,0,0,0,0,0,0,0,0,0,0,0
event=trace_row ordinal=4208 kind=0 ns=285260490094604 fields=870,2,0,0,0,0,0,0,0,0,0,0,0,0,0,0
event=trace_row ordinal=4209 kind=0 ns=285260492096626 fields=871,2,0,25,1,0,0,0,0,0,0,0,0,0,0,0
event=trace_row ordinal=4210 kind=1 ns=285260492096626 fields=871,2,0,1004,1800,200,1000,0,1,0,0,0,0,0,0,0
event=trace_row ordinal=4211 kind=0 ns=285260494094857 fields=872,2,0,0,0,0,0,0,0,0,0,0,0,0,0,0
event=trace_row ordinal=4212 kind=0 ns=285260495217494 fields=873,2,0,0,0,0,0,0,0,0,0,0,0,0,0,0
event=trace_row ordinal=4213 kind=4 ns=285260495233828 fields=385,8,33,148,33,20,0,0,0,0,16,0,0,0,0,0
event=trace_row ordinal=4214 kind=4 ns=285260496145880 fields=641,5,3,0,0,0,0,0,0,0,16,0,0,0,0,0
event=trace_row ordinal=4215 kind=0 ns=285260497094973 fields=874,2,0,0,0,0,0,0,0,0,0,0,0,0,0,0
event=trace_row ordinal=4216 kind=0 ns=285260499096704 fields=875,2,0,25,1,0,0,0,0,0,0,0,0,0,0,0
event=trace_row ordinal=4217 kind=1 ns=285260499096704 fields=875,2,0,1004,1800,200,1000,0,1,0,0,0,0,0,0,0
event=trace_row ordinal=4218 kind=0 ns=285260501094643 fields=876,2,0,0,0,0,0,0,0,0,0,0,0,0,0,0
event=trace_row ordinal=4219 kind=0 ns=285260503094623 fields=877,2,0,0,0,0,0,0,0,0,0,0,0,0,0,0
event=trace_row ordinal=4220 kind=0 ns=285260505094604 fields=878,2,0,0,0,0,0,0,0,0,0,0,0,0,0,0
event=trace_row ordinal=4221 kind=0 ns=285260507096335 fields=879,2,0,25,1,0,0,0,0,0,0,0,0,0,0,0
event=trace_row ordinal=4222 kind=1 ns=285260507096335 fields=879,2,0,1004,1800,200,1000,0,1,0,0,0,0,0,0,0
event=trace_row ordinal=4223 kind=0 ns=285260509095148 fields=880,2,0,0,0,0,0,0,0,0,0,0,0,0,0,0
event=trace_row ordinal=4224 kind=0 ns=285260511094254 fields=881,2,0,0,0,0,0,0,0,0,0,0,0,0,0,0
event=trace_row ordinal=4225 kind=0 ns=285260513095985 fields=882,2,0,25,1,0,0,0,0,0,0,0,0,0,0,0
event=trace_row ordinal=4226 kind=1 ns=285260513095985 fields=882,2,0,1004,1800,200,1000,0,1,0,0,0,0,0,0,0
event=trace_row ordinal=4227 kind=0 ns=285260515094799 fields=883,2,0,0,0,0,0,0,0,0,0,0,0,0,0,0
event=trace_row ordinal=4228 kind=0 ns=285260517094487 fields=884,2,0,0,0,0,0,0,0,0,0,0,0,0,0,0
event=trace_row ordinal=4229 kind=0 ns=285260519095343 fields=885,2,0,0,0,0,0,0,0,0,0,0,0,0,0,0
event=trace_row ordinal=4230 kind=0 ns=285260521095324 fields=886,2,0,25,1,0,0,0,0,0,0,0,0,0,0,0
event=trace_row ordinal=4231 kind=1 ns=285260521095324 fields=886,2,0,1004,1800,200,1000,0,1,0,0,0,0,0,0,0
event=trace_row ordinal=4232 kind=0 ns=285260523094429 fields=887,2,0,0,0,0,0,0,0,0,0,0,0,0,0,0
event=trace_row ordinal=4233 kind=0 ns=285260525094410 fields=888,2,0,0,0,0,0,0,0,0,0,0,0,0,0,0
event=trace_row ordinal=4234 kind=0 ns=285260527095265 fields=889,2,0,25,1,0,0,0,0,0,0,0,0,0,0,0
event=trace_row ordinal=4235 kind=1 ns=285260527095265 fields=889,2,0,1004,1800,200,1000,0,1,0,0,0,0,0,0,0
event=trace_row ordinal=4236 kind=0 ns=285260529094371 fields=890,2,0,0,0,0,0,0,0,0,0,0,0,0,0,0
event=trace_row ordinal=4237 kind=0 ns=285260531094935 fields=891,2,0,0,0,0,0,0,0,0,0,0,0,0,0,0
event=trace_row ordinal=4238 kind=0 ns=285260533095207 fields=892,2,0,0,0,0,0,0,0,0,0,0,0,0,0,0
event=trace_row ordinal=4239 kind=0 ns=285260535095771 fields=893,2,0,25,1,0,0,0,0,0,0,0,0,0,0,0
event=trace_row ordinal=4240 kind=1 ns=285260535095771 fields=893,2,0,1004,1800,200,1000,0,1,0,0,0,0,0,0,0
event=trace_row ordinal=4241 kind=0 ns=285260537094585 fields=894,2,0,0,0,0,0,0,0,0,0,0,0,0,0,0
event=trace_row ordinal=4242 kind=0 ns=285260539094857 fields=895,2,0,0,0,0,0,0,0,0,0,0,0,0,0,0
event=trace_row ordinal=4243 kind=0 ns=285260541095713 fields=896,2,0,25,1,0,0,0,0,0,0,0,0,0,0,0
event=trace_row ordinal=4244 kind=1 ns=285260541095713 fields=896,2,0,1004,1800,200,1000,0,1,0,0,0,0,0,0,0
event=trace_row ordinal=4245 kind=0 ns=285260543094235 fields=897,2,0,0,0,0,0,0,0,0,0,0,0,0,0,0
event=trace_row ordinal=4246 kind=0 ns=285260545095965 fields=898,2,0,0,0,0,0,0,0,0,0,0,0,0,0,0
event=trace_row ordinal=4247 kind=4 ns=285260545195425 fields=385,8,33,148,33,20,0,0,0,0,16,0,0,0,0,0
event=trace_row ordinal=4248 kind=4 ns=285260546094935 fields=641,5,3,0,0,0,0,0,0,0,16,0,0,0,0,0
event=trace_row ordinal=4249 kind=0 ns=285260546108352 fields=899,2,0,0,0,0,0,0,0,0,0,0,0,0,0,0
event=trace_row ordinal=4250 kind=0 ns=285260548096957 fields=900,2,0,25,1,0,0,0,0,0,0,0,0,0,0,0
event=trace_row ordinal=4251 kind=1 ns=285260548096957 fields=900,2,0,1004,1800,200,1000,0,1,0,0,0,0,0,0,0
event=trace_row ordinal=4252 kind=0 ns=285260550095479 fields=901,2,0,0,0,0,0,0,0,0,0,0,0,0,0,0
event=trace_row ordinal=4253 kind=0 ns=285260552094877 fields=902,2,0,0,0,0,0,0,0,0,0,0,0,0,0,0
event=trace_row ordinal=4254 kind=0 ns=285260554094857 fields=903,2,0,0,0,0,0,0,0,0,0,0,0,0,0,0
event=trace_row ordinal=4255 kind=0 ns=285260556096296 fields=904,2,0,25,1,0,0,0,0,0,0,0,0,0,0,0
event=trace_row ordinal=4256 kind=1 ns=285260556096296 fields=904,2,0,1004,1800,200,1000,0,1,0,0,0,0,0,0,0
event=trace_row ordinal=4257 kind=0 ns=285260558094818 fields=905,2,0,0,0,0,0,0,0,0,0,0,0,0,0,0
event=trace_row ordinal=4258 kind=0 ns=285260560094507 fields=906,2,0,0,0,0,0,0,0,0,0,0,0,0,0,0
event=trace_row ordinal=4259 kind=0 ns=285260562095654 fields=907,2,0,25,1,0,0,0,0,0,0,0,0,0,0,0
event=trace_row ordinal=4260 kind=1 ns=285260562095654 fields=907,2,0,1004,1800,200,1000,0,1,0,0,0,0,0,0,0
event=trace_row ordinal=4261 kind=0 ns=285260564094177 fields=908,2,0,0,0,0,0,0,0,0,0,0,0,0,0,0
event=trace_row ordinal=4262 kind=0 ns=285260566094741 fields=909,2,0,0,0,0,0,0,0,0,0,0,0,0,0,0
event=trace_row ordinal=4263 kind=0 ns=285260568094138 fields=910,2,0,0,0,0,0,0,0,0,0,0,0,0,0,0
event=trace_row ordinal=4264 kind=0 ns=285260570094993 fields=911,2,0,25,1,0,0,0,0,0,0,0,0,0,0,0
event=trace_row ordinal=4265 kind=1 ns=285260570094993 fields=911,2,0,1005,1800,200,1000,0,1,0,0,0,0,0,0,0
event=trace_row ordinal=4266 kind=0 ns=285260572094682 fields=912,2,0,0,0,0,0,0,0,0,0,0,0,0,0,0
event=trace_row ordinal=4267 kind=0 ns=285260574094371 fields=913,2,0,0,0,0,0,0,0,0,0,0,0,0,0,0
event=trace_row ordinal=4268 kind=0 ns=285260576096102 fields=914,2,0,25,1,0,0,0,0,0,0,0,0,0,0,0
event=trace_row ordinal=4269 kind=1 ns=285260576096102 fields=914,2,0,1005,1800,200,1000,0,1,0,0,0,0,0,0,0
event=trace_row ordinal=4270 kind=0 ns=285260578094624 fields=915,2,0,0,0,0,0,0,0,0,0,0,0,0,0,0
event=trace_row ordinal=4271 kind=0 ns=285260580094896 fields=916,2,0,0,0,0,0,0,0,0,0,0,0,0,0,0
event=trace_row ordinal=4272 kind=0 ns=285260582094585 fields=917,2,0,0,0,0,0,0,0,0,0,0,0,0,0,0
event=trace_row ordinal=4273 kind=0 ns=285260584095441 fields=918,2,0,25,1,0,0,0,0,0,0,0,0,0,0,0
event=trace_row ordinal=4274 kind=1 ns=285260584095441 fields=918,2,0,1005,1800,200,1000,0,1,0,0,0,0,0,0,0
event=trace_row ordinal=4275 kind=0 ns=285260586094838 fields=919,2,0,0,0,0,0,0,0,0,0,0,0,0,0,0
event=trace_row ordinal=4276 kind=0 ns=285260588094818 fields=920,2,0,0,0,0,0,0,0,0,0,0,0,0,0,0
event=trace_row ordinal=4277 kind=0 ns=285260590095966 fields=921,2,0,25,1,0,0,0,0,0,0,0,0,0,0,0
event=trace_row ordinal=4278 kind=1 ns=285260590095966 fields=921,2,0,1004,1800,200,1000,0,1,0,0,0,0,0,0,0
event=trace_row ordinal=4279 kind=0 ns=285260592094780 fields=922,2,0,0,0,0,0,0,0,0,0,0,0,0,0,0
event=trace_row ordinal=4280 kind=0 ns=285260594094177 fields=923,2,0,0,0,0,0,0,0,0,0,0,0,0,0,0
event=trace_row ordinal=4281 kind=0 ns=285260595113271 fields=924,2,0,0,0,0,0,0,0,0,0,0,0,0,0,0
event=trace_row ordinal=4282 kind=4 ns=285260595131647 fields=385,8,33,148,33,20,0,0,0,0,16,0,0,0,0,0
event=trace_row ordinal=4283 kind=4 ns=285260596036990 fields=641,5,3,0,0,0,0,0,0,0,16,0,0,0,0,0
event=trace_row ordinal=4284 kind=0 ns=285260597097502 fields=925,2,0,25,1,0,0,0,0,0,0,0,0,0,0,0
event=trace_row ordinal=4285 kind=1 ns=285260597097502 fields=925,2,0,1004,1800,200,1000,0,1,0,0,0,0,0,0,0
event=trace_row ordinal=4286 kind=0 ns=285260599095149 fields=926,2,0,0,0,0,0,0,0,0,0,0,0,0,0,0
event=trace_row ordinal=4287 kind=0 ns=285260601094838 fields=927,2,0,0,0,0,0,0,0,0,0,0,0,0,0,0
event=trace_row ordinal=4288 kind=0 ns=285260603094527 fields=928,2,0,0,0,0,0,0,0,0,0,0,0,0,0,0
event=trace_row ordinal=4289 kind=0 ns=285260605095674 fields=929,2,0,25,1,0,0,0,0,0,0,0,0,0,0,0
event=trace_row ordinal=4290 kind=1 ns=285260605095674 fields=929,2,0,1004,1800,200,1000,0,1,0,0,0,0,0,0,0
event=trace_row ordinal=4291 kind=0 ns=285260607094780 fields=930,2,0,0,0,0,0,0,0,0,0,0,0,0,0,0
event=trace_row ordinal=4292 kind=0 ns=285260609094760 fields=931,2,0,0,0,0,0,0,0,0,0,0,0,0,0,0
event=trace_row ordinal=4293 kind=0 ns=285260611095616 fields=932,2,0,25,1,0,0,0,0,0,0,0,0,0,0,0
event=trace_row ordinal=4294 kind=1 ns=285260611095616 fields=932,2,0,1004,1800,200,1000,0,1,0,0,0,0,0,0,0
event=trace_row ordinal=4295 kind=0 ns=285260613094430 fields=933,2,0,0,0,0,0,0,0,0,0,0,0,0,0,0
event=trace_row ordinal=4296 kind=0 ns=285260615094410 fields=934,2,0,0,0,0,0,0,0,0,0,0,0,0,0,0
event=trace_row ordinal=4297 kind=0 ns=285260617094099 fields=935,2,0,0,0,0,0,0,0,0,0,0,0,0,0,0
event=trace_row ordinal=4298 kind=0 ns=285260619095246 fields=936,2,0,25,1,0,0,0,0,0,0,0,0,0,0,0
event=trace_row ordinal=4299 kind=1 ns=285260619095246 fields=936,2,0,1004,1800,200,1000,0,1,0,0,0,0,0,0,0
event=trace_row ordinal=4300 kind=0 ns=285260621094935 fields=937,2,0,0,0,0,0,0,0,0,0,0,0,0,0,0
event=trace_row ordinal=4301 kind=0 ns=285260623094916 fields=938,2,0,0,0,0,0,0,0,0,0,0,0,0,0,0
event=trace_row ordinal=4302 kind=0 ns=285260625095771 fields=939,2,0,25,1,0,0,0,0,0,0,0,0,0,0,0
event=trace_row ordinal=4303 kind=1 ns=285260625095771 fields=939,2,0,1004,1800,200,1000,0,1,0,0,0,0,0,0,0
event=trace_row ordinal=4304 kind=0 ns=285260627094585 fields=940,2,0,0,0,0,0,0,0,0,0,0,0,0,0,0
event=trace_row ordinal=4305 kind=0 ns=285260629094566 fields=941,2,0,0,0,0,0,0,0,0,0,0,0,0,0,0
event=trace_row ordinal=4306 kind=0 ns=285260631094255 fields=942,2,0,0,0,0,0,0,0,0,0,0,0,0,0,0
event=trace_row ordinal=4307 kind=0 ns=285260633095402 fields=943,2,0,25,1,0,0,0,0,0,0,0,0,0,0,0
event=trace_row ordinal=4308 kind=1 ns=285260633095402 fields=943,2,0,1004,1800,200,1000,0,1,0,0,0,0,0,0,0
event=trace_row ordinal=4309 kind=0 ns=285260635094508 fields=944,2,0,0,0,0,0,0,0,0,0,0,0,0,0,0
event=trace_row ordinal=4310 kind=0 ns=285260637094488 fields=945,2,0,0,0,0,0,0,0,0,0,0,0,0,0,0
event=trace_row ordinal=4311 kind=0 ns=285260639095344 fields=946,2,0,25,1,0,0,0,0,0,0,0,0,0,0,0
event=trace_row ordinal=4312 kind=1 ns=285260639095344 fields=946,2,0,1004,1800,200,1000,0,1,0,0,0,0,0,0,0
event=trace_row ordinal=4313 kind=0 ns=285260641094741 fields=947,2,0,0,0,0,0,0,0,0,0,0,0,0,0,0
event=trace_row ordinal=4314 kind=0 ns=285260643094722 fields=948,2,0,0,0,0,0,0,0,0,0,0,0,0,0,0
event=trace_row ordinal=4315 kind=0 ns=285260645039868 fields=949,2,0,0,0,0,0,0,0,0,0,0,0,0,0,0
event=trace_row ordinal=4316 kind=4 ns=285260645051535 fields=385,8,33,148,33,20,0,0,0,0,16,0,0,0,0,0
event=trace_row ordinal=4317 kind=4 ns=285260645981087 fields=641,5,3,0,0,0,0,0,0,0,16,0,0,0,0,0
event=trace_row ordinal=4318 kind=0 ns=285260646096880 fields=950,2,0,25,1,0,0,0,0,0,0,0,0,0,0,0
event=trace_row ordinal=4319 kind=1 ns=285260646096880 fields=950,2,0,1004,1800,200,1000,0,1,0,0,0,0,0,0,0
event=trace_row ordinal=4320 kind=5 ns=285260646166589 fields=1537,8,35,255,96,1,0,0,0,0,16,0,0,0,0,0
event=trace_row ordinal=4321 kind=4 ns=285260646787846 fields=1409,8,96,255,96,1,0,0,0,0,16,0,0,0,0,0
event=trace_row ordinal=4322 kind=5 ns=285260648100069 fields=1537,8,64,255,96,1,0,0,0,0,16,0,0,0,0,0
event=trace_row ordinal=4323 kind=4 ns=285260648725701 fields=1409,8,67,255,96,1,0,0,0,0,16,0,0,0,0,0
event=trace_row ordinal=4324 kind=5 ns=285260650103841 fields=1537,8,35,255,96,2,0,0,0,0,16,0,0,0,0,0
event=trace_row ordinal=4325 kind=4 ns=285260650774390 fields=1409,8,96,255,96,2,0,0,0,0,16,0,0,0,0,0
event=trace_row ordinal=4326 kind=5 ns=285260652097988 fields=1537,8,64,255,96,2,0,0,0,0,16,0,0,0,0,0
event=trace_row ordinal=4327 kind=4 ns=285260652665578 fields=1409,8,67,255,96,2,0,0,0,0,16,0,0,0,0,0
event=trace_row ordinal=4328 kind=5 ns=285260654101177 fields=1537,8,43,64,96,0,0,0,0,0,16,0,0,0,0,0
event=trace_row ordinal=4329 kind=4 ns=285260654707559 fields=1409,8,96,64,96,0,0,0,0,0,16,0,0,0,0,0
event=trace_row ordinal=4330 kind=5 ns=285260656097074 fields=1537,8,64,64,96,0,0,0,0,0,16,0,0,0,0,0
event=trace_row ordinal=4331 kind=4 ns=285260656762374 fields=1409,8,75,64,96,0,0,0,0,0,16,0,0,0,0,0
event=trace_row ordinal=4332 kind=5 ns=285260658100263 fields=1537,8,64,65,96,0,0,0,0,0,16,0,0,0,0,0
event=trace_row ordinal=4333 kind=4 ns=285260658744562 fields=1409,8,67,65,96,0,96,148,96,20,16,0,0,0,0,0
event=trace_row ordinal=4334 kind=5 ns=285260660104036 fields=1537,8,64,108,96,1,0,0,0,0,16,0,0,0,0,0
event=trace_row ordinal=4335 kind=4 ns=285260660747168 fields=1409,8,67,108,96,1,0,0,0,0,16,0,0,0,0,0
event=trace_row ordinal=4336 kind=5 ns=285260662100516 fields=1537,8,64,108,96,2,0,0,0,0,16,0,0,0,0,0
event=trace_row ordinal=4337 kind=4 ns=285260662742482 fields=1409,8,67,108,96,2,0,0,0,0,16,0,0,0,0,0
event=trace_row ordinal=4338 kind=5 ns=285260664100497 fields=1537,8,64,108,96,3,0,0,0,0,16,0,0,0,0,0
event=trace_row ordinal=4339 kind=4 ns=285260664678587 fields=1409,8,67,108,96,3,0,0,0,0,16,0,0,0,0,0
event=trace_row ordinal=4340 kind=5 ns=285260687097794 fields=1537,8,64,108,96,1,0,0,0,0,16,0,0,0,0,0
event=trace_row ordinal=4341 kind=4 ns=285260687746176 fields=1409,8,67,108,96,1,0,0,0,0,16,0,0,0,0,0
event=trace_row ordinal=4342 kind=5 ns=285260689100400 fields=1537,8,64,108,96,2,0,0,0,0,16,0,0,0,0,0
event=trace_row ordinal=4343 kind=4 ns=285260689742657 fields=1409,8,67,108,96,2,0,0,0,0,16,0,0,0,0,0
event=trace_row ordinal=4344 kind=5 ns=285260691100089 fields=1537,8,64,108,96,3,0,0,0,0,16,0,0,0,0,0
event=trace_row ordinal=4345 kind=4 ns=285260691738846 fields=1409,8,67,108,96,3,0,0,0,0,16,0,0,0,0,0
event=trace_row ordinal=4346 kind=4 ns=285260694977548 fields=385,8,96,148,96,20,0,0,0,0,16,0,0,0,0,0
event=trace_row ordinal=4347 kind=4 ns=285260695928392 fields=641,5,3,0,0,0,0,0,0,0,16,0,0,0,0,0
event=trace_row ordinal=4348 kind=5 ns=285260714098261 fields=1537,8,64,108,96,1,0,0,0,0,16,0,0,0,0,0
event=trace_row ordinal=4349 kind=4 ns=285260714748393 fields=1409,8,67,108,96,1,0,0,0,0,16,0,0,0,0,0
event=trace_row ordinal=4350 kind=5 ns=285260716099992 fields=1537,8,64,108,96,2,0,0,0,0,16,0,0,0,0,0
event=trace_row ordinal=4351 kind=4 ns=285260716743415 fields=1409,8,67,108,96,2,0,0,0,0,16,0,0,0,0,0
event=trace_row ordinal=4352 kind=5 ns=285260718099680 fields=1537,8,64,108,96,3,0,0,0,0,16,0,0,0,0,0
event=trace_row ordinal=4353 kind=4 ns=285260718739896 fields=1409,8,67,108,96,3,0,0,0,0,16,0,0,0,0,0
event=trace_row ordinal=4354 kind=4 ns=285260726474399 fields=1793,1,5,0,0,0,0,0,0,0,16,0,0,0,0,0
event=trace_row ordinal=4355 kind=5 ns=285260741096686 fields=1537,8,64,108,96,1,0,0,0,0,16,0,0,0,0,0
event=trace_row ordinal=4356 kind=4 ns=285260741745943 fields=1409,8,67,108,96,1,0,0,0,0,16,0,0,0,0,0
event=trace_row ordinal=4357 kind=5 ns=285260743100167 fields=1537,8,64,108,96,2,0,0,0,0,16,0,0,0,0,0
event=trace_row ordinal=4358 kind=4 ns=285260743742424 fields=1409,8,67,108,96,2,0,0,0,0,16,0,0,0,0,0
event=trace_row ordinal=4359 kind=5 ns=285260744936812 fields=1537,8,64,108,96,3,0,0,0,0,16,0,0,0,0,0
event=trace_row ordinal=4360 kind=4 ns=285260744942646 fields=385,8,96,148,96,20,0,0,0,0,16,0,0,0,0,0
event=trace_row ordinal=4361 kind=4 ns=285260745551361 fields=1409,8,67,108,96,3,0,0,0,0,16,0,0,0,0,0
event=trace_row ordinal=4362 kind=4 ns=285260746031158 fields=641,5,3,0,0,0,0,0,0,0,16,0,0,0,0,0
event=trace_row ordinal=4363 kind=5 ns=285260766105922 fields=1537,8,64,108,96,1,0,0,0,0,16,0,0,0,0,0
event=trace_row ordinal=4364 kind=4 ns=285260766756638 fields=1409,8,67,108,96,1,0,0,0,0,16,0,0,0,0,0
event=trace_row ordinal=4365 kind=5 ns=285260768102695 fields=1537,8,64,108,96,2,0,0,0,0,16,0,0,0,0,0
event=trace_row ordinal=4366 kind=4 ns=285260768746702 fields=1409,8,67,108,96,2,0,0,0,0,16,0,0,0,0,0
event=trace_row ordinal=4367 kind=5 ns=285260770099759 fields=1537,8,64,108,96,3,0,0,0,0,16,0,0,0,0,0
event=trace_row ordinal=4368 kind=4 ns=285260770742891 fields=1409,8,67,108,96,3,0,0,0,0,16,0,0,0,0,0
event=trace_row ordinal=4369 kind=5 ns=285260793096764 fields=1537,8,64,108,96,1,0,0,0,0,16,0,0,0,0,0
event=trace_row ordinal=4370 kind=4 ns=285260793753313 fields=1409,8,67,108,96,1,0,0,0,0,16,0,0,0,0,0
event=trace_row ordinal=4371 kind=5 ns=285260794881201 fields=1537,8,64,108,96,2,0,0,0,0,16,0,0,0,0,0
event=trace_row ordinal=4372 kind=4 ns=285260794887034 fields=385,8,96,148,96,20,0,0,0,0,16,0,0,0,0,0
event=trace_row ordinal=4373 kind=4 ns=285260795496916 fields=1409,8,67,108,96,2,0,0,0,0,16,0,0,0,0,0
event=trace_row ordinal=4374 kind=4 ns=285260795823003 fields=641,5,3,0,0,0,0,0,0,0,16,0,0,0,0,0
event=trace_row ordinal=4375 kind=5 ns=285260796100673 fields=1537,8,64,108,96,3,0,0,0,0,16,0,0,0,0,0
event=trace_row ordinal=4376 kind=4 ns=285260796743805 fields=1409,8,67,108,96,3,0,0,0,0,16,0,0,0,0,0
event=trace_row ordinal=4377 kind=5 ns=285260819097387 fields=1537,8,64,108,96,1,0,0,0,0,16,0,0,0,0,0
event=trace_row ordinal=4378 kind=4 ns=285260819754227 fields=1409,8,67,108,96,1,0,0,0,0,16,0,0,0,0,0
event=trace_row ordinal=4379 kind=5 ns=285260821100284 fields=1537,8,64,108,96,2,0,0,0,0,16,0,0,0,0,0
event=trace_row ordinal=4380 kind=4 ns=285260821750124 fields=1409,8,67,108,96,2,0,0,0,0,16,0,0,0,0,0
event=trace_row ordinal=4381 kind=5 ns=285260823099389 fields=1537,8,64,108,96,3,0,0,0,0,16,0,0,0,0,0
event=trace_row ordinal=4382 kind=4 ns=285260823685646 fields=1409,8,67,108,96,3,0,0,0,0,16,0,0,0,0,0
event=trace_row ordinal=4383 kind=5 ns=285260825105495 fields=0,2,128,1,0,0,0,0,0,0,16,0,0,0,0,0
event=trace_row ordinal=4384 kind=4 ns=285260976055173 fields=1793,1,127,0,0,0,0,0,0,0,16,0,0,0,0,0
event=trace_row ordinal=4385 kind=5 ns=285260976119341 fields=1537,8,35,0,20,1,1,2,0,128,16,0,0,0,0,0
event=trace_row ordinal=4386 kind=4 ns=285260976777931 fields=1409,8,96,0,20,1,0,0,0,0,16,0,0,0,0,0
event=trace_row ordinal=4387 kind=5 ns=285260978099779 fields=1537,8,64,0,20,1,0,0,0,0,16,0,0,0,0,0
event=trace_row ordinal=4388 kind=4 ns=285260978764495 fields=1409,8,67,0,20,1,1,2,0,128,16,0,0,0,0,0
event=trace_row ordinal=4389 kind=5 ns=285260980101510 fields=1537,8,47,0,22,0,0,0,0,0,16,0,0,0,0,0
event=trace_row ordinal=4390 kind=4 ns=285260980765351 fields=1409,8,96,0,22,0,0,0,0,0,16,0,0,0,0,0
event=trace_row ordinal=4391 kind=5 ns=285260982096532 fields=1537,8,64,0,22,0,0,0,0,0,16,0,0,0,0,0
event=trace_row ordinal=4392 kind=4 ns=285260982757456 fields=1409,8,79,0,22,0,0,0,0,0,16,0,0,0,0,0
event=trace_row ordinal=4393 kind=5 ns=285260984099138 fields=1537,8,35,0,22,1,16,0,64,96,16,0,0,0,0,0
event=trace_row ordinal=4394 kind=4 ns=285260984696186 fields=1409,8,96,0,22,1,0,0,0,0,16,0,0,0,0,0
event=trace_row ordinal=4395 kind=5 ns=285260986096785 fields=1537,8,64,0,22,1,0,0,0,0,16,0,0,0,0,0
event=trace_row ordinal=4396 kind=4 ns=285260986682750 fields=1409,8,67,0,22,1,16,0,64,96,16,0,0,0,0,0
event=trace_row ordinal=4397 kind=5 ns=285260988098807 fields=1537,8,35,0,22,2,8,0,96,96,16,0,0,0,0,0
event=trace_row ordinal=4398 kind=4 ns=285260988745731 fields=1409,8,96,0,22,2,0,0,0,0,16,0,0,0,0,0
event=trace_row ordinal=4399 kind=5 ns=285260990097329 fields=1537,8,64,0,22,2,0,0,0,0,16,0,0,0,0,0
event=trace_row ordinal=4400 kind=4 ns=285260990736378 fields=1409,8,67,0,22,2,8,0,96,96,16,0,0,0,0,0
event=trace_row ordinal=4401 kind=5 ns=285260992099643 fields=1537,8,47,0,22,0,2,0,0,0,16,0,0,0,0,0
event=trace_row ordinal=4402 kind=4 ns=285260992734900 fields=1409,8,96,0,22,0,0,0,0,0,16,0,0,0,0,0
event=trace_row ordinal=4403 kind=5 ns=285260994096415 fields=1537,8,64,0,22,0,0,0,0,0,16,0,0,0,0,0
event=trace_row ordinal=4404 kind=4 ns=285260994731089 fields=1409,8,79,0,22,0,2,0,0,0,16,0,0,0,0,0
event=trace_row ordinal=4405 kind=5 ns=285260996099896 fields=1537,8,35,0,20,1,1,2,0,0,16,0,0,0,0,0
event=trace_row ordinal=4406 kind=4 ns=285260996725236 fields=1409,8,96,0,20,1,0,0,0,0,16,0,0,0,0,0
event=trace_row ordinal=4407 kind=5 ns=285260998096960 fields=1537,8,64,0,20,1,0,0,0,0,16,0,0,0,0,0
event=trace_row ordinal=4408 kind=4 ns=285260998660466 fields=1409,8,67,0,20,1,1,2,0,0,16,0,0,0,0,0
event=trace_row ordinal=4409 kind=5 ns=285261000104815 fields=1537,8,35,1,24,1,129,2,0,128,16,0,0,0,0,0
event=trace_row ordinal=4410 kind=4 ns=285261000660447 fields=1409,8,96,1,24,1,0,0,0,0,16,0,0,0,0,0
event=trace_row ordinal=4411 kind=5 ns=285261002097213 fields=1537,8,64,1,24,1,0,0,0,0,16,0,0,0,0,0
event=trace_row ordinal=4412 kind=4 ns=285261002708844 fields=1409,8,67,1,24,1,129,2,0,128,16,0,0,0,0,0
event=trace_row ordinal=4413 kind=5 ns=285261004099818 fields=1537,8,47,1,26,0,0,0,0,0,16,0,0,0,0,0
event=trace_row ordinal=4414 kind=4 ns=285261004659824 fields=1409,8,96,1,26,0,0,0,0,0,16,0,0,0,0,0
event=trace_row ordinal=4415 kind=5 ns=285261006096590 fields=1537,8,64,1,26,0,0,0,0,0,16,0,0,0,0,0
event=trace_row ordinal=4416 kind=4 ns=285261006761598 fields=1409,8,79,1,26,0,0,0,0,0,16,0,0,0,0,0
event=trace_row ordinal=4417 kind=5 ns=285261008098904 fields=1537,8,35,1,26,1,0,0,0,0,16,0,0,0,0,0
event=trace_row ordinal=4418 kind=4 ns=285261008758953 fields=1409,8,96,1,26,1,0,0,0,0,16,0,0,0,0,0
event=trace_row ordinal=4419 kind=5 ns=285261010097135 fields=1537,8,64,1,26,1,0,0,0,0,16,0,0,0,0,0
event=trace_row ordinal=4420 kind=4 ns=285261010690391 fields=1409,8,67,1,26,1,0,0,0,0,16,0,0,0,0,0
event=trace_row ordinal=4421 kind=5 ns=285261012100032 fields=1537,8,35,1,26,2,0,0,0,0,16,0,0,0,0,0
event=trace_row ordinal=4422 kind=4 ns=285261012689497 fields=1409,8,96,1,26,2,0,0,0,0,16,0,0,0,0,0
event=trace_row ordinal=4423 kind=5 ns=285261014096804 fields=1537,8,64,1,26,2,0,0,0,0,16,0,0,0,0,0
event=trace_row ordinal=4424 kind=4 ns=285261014679852 fields=1409,8,67,1,26,2,0,0,0,0,16,0,0,0,0,0
event=trace_row ordinal=4425 kind=5 ns=285261016101160 fields=1537,8,47,1,26,0,0,0,0,0,16,0,0,0,0,0
event=trace_row ordinal=4426 kind=4 ns=285261016682166 fields=1409,8,96,1,26,0,0,0,0,0,16,0,0,0,0,0
event=trace_row ordinal=4427 kind=5 ns=285261018096182 fields=1537,8,64,1,26,0,0,0,0,0,16,0,0,0,0,0
event=trace_row ordinal=4428 kind=4 ns=285261018676022 fields=1409,8,79,1,26,0,0,0,0,0,16,0,0,0,0,0
event=trace_row ordinal=4429 kind=5 ns=285261020099079 fields=1537,8,43,1,24,5,0,0,0,0,16,0,0,0,0,0
event=trace_row ordinal=4430 kind=4 ns=285261020672502 fields=1409,8,96,1,24,5,0,0,0,0,16,0,0,0,0,0
event=trace_row ordinal=4431 kind=5 ns=285261022097310 fields=1537,8,64,1,24,5,0,0,0,0,16,0,0,0,0,0
event=trace_row ordinal=4432 kind=4 ns=285261022723525 fields=1409,8,75,1,24,5,0,0,0,0,16,0,0,0,0,0
event=trace_row ordinal=4433 kind=5 ns=285261024098749 fields=1537,8,35,1,24,1,129,2,0,0,16,0,0,0,0,0
event=trace_row ordinal=4434 kind=4 ns=285261024664297 fields=1409,8,96,1,24,1,0,0,0,0,16,0,0,0,0,0
event=trace_row ordinal=4435 kind=5 ns=285261026096396 fields=1537,8,64,1,24,1,0,0,0,0,16,0,0,0,0,0
event=trace_row ordinal=4436 kind=4 ns=285261026714445 fields=1409,8,67,1,24,1,129,2,0,0,16,0,0,0,0,0
event=trace_row ordinal=4437 kind=5 ns=285261028100752 fields=1537,8,43,0,32,0,0,0,0,0,16,0,0,0,0,0
event=trace_row ordinal=4438 kind=4 ns=285261028731634 fields=1409,8,96,0,32,0,0,0,0,0,16,0,0,0,0,0
event=trace_row ordinal=4439 kind=5 ns=285261030096649 fields=1537,8,64,0,32,0,0,0,0,0,16,0,0,0,0,0
event=trace_row ordinal=4440 kind=4 ns=285261030662780 fields=1409,8,75,0,32,0,0,0,0,0,16,0,0,0,0,0
event=trace_row ordinal=4441 kind=5 ns=285261032099546 fields=1537,8,43,23,16,0,0,0,0,0,16,0,0,0,0,0
event=trace_row ordinal=4442 kind=4 ns=285261032766304 fields=1409,8,96,23,16,0,0,0,0,0,16,0,0,0,0,0
event=trace_row ordinal=4443 kind=5 ns=285261034096610 fields=1537,8,64,23,16,0,0,0,0,0,16,0,0,0,0,0
event=trace_row ordinal=4444 kind=4 ns=285261034698617 fields=1409,8,75,23,16,0,0,0,0,0,16,0,0,0,0,0
event=trace_end count=4445
