CAN Interface "can0" RX buffer set to 477 messages (212992 Bytes)
hil_read index=24641 sub=0 raw=341840992
hil_read index=24672 sub=0 raw=3
hil_read index=24673 sub=0 raw=3
hil_read index=24639 sub=0 raw=0
hil_read index=24831 sub=1 raw=0
hil_read index=24831 sub=2 raw=0
hil_read index=8207 sub=0 raw=1
hil_read index=8192 sub=0 raw=0
hil_read index=4119 sub=0 raw=0
hil_read index=5120 sub=1 raw=513
hil_read index=5120 sub=2 raw=255
hil_read index=5120 sub=5 raw=1000
hil_read index=5632 sub=0 raw=2
hil_read index=5632 sub=1 raw=1614807056
hil_read index=5632 sub=2 raw=1616904200
hil_read index=6144 sub=1 raw=385
hil_read index=6144 sub=2 raw=255
hil_read index=6144 sub=5 raw=100
hil_read index=6656 sub=0 raw=2
hil_read index=6656 sub=1 raw=1614872608
hil_read index=6656 sub=2 raw=1617691424
hil_read index=6145 sub=1 raw=641
hil_read index=6145 sub=2 raw=255
hil_read index=6145 sub=5 raw=0
hil_read index=6657 sub=0 raw=0
hil_read index=6657 sub=1 raw=0
hil_read index=6657 sub=2 raw=0
hil_read index=24684 sub=1 raw=0
hil_read index=24684 sub=2 raw=0
hil_read index=24684 sub=3 raw=0
hil_read index=24684 sub=1 raw=0
hil_read index=24684 sub=2 raw=0
hil_read index=24684 sub=3 raw=0
hil_read index=24684 sub=1 raw=0
hil_read index=24684 sub=2 raw=0
hil_read index=24684 sub=3 raw=0
hil_read index=24684 sub=1 raw=0
hil_read index=24684 sub=2 raw=0
hil_read index=24684 sub=3 raw=0
hil_read index=24684 sub=1 raw=0
hil_read index=24684 sub=2 raw=0
hil_read index=24684 sub=3 raw=0
hil_read index=24684 sub=1 raw=0
hil_read index=24684 sub=2 raw=0
hil_read index=24684 sub=3 raw=0
hil_read index=24684 sub=1 raw=0
hil_read index=24684 sub=2 raw=0
hil_read index=24684 sub=3 raw=0
event=standstill_verified tolerance_tenths_rpm=15 elapsed_us=162008
hil_read index=5120 sub=1 raw=513
hil_read index=5120 sub=2 raw=255
hil_read index=5632 sub=0 raw=2
hil_read index=5632 sub=1 raw=1614807056
hil_read index=5632 sub=2 raw=1627325216
hil_read index=6144 sub=1 raw=385
hil_read index=6144 sub=2 raw=255
hil_read index=6656 sub=0 raw=2
hil_read index=6656 sub=1 raw=1614872608
hil_read index=6656 sub=2 raw=1617691424
hil_read index=6145 sub=1 raw=641
hil_read index=6145 sub=2 raw=255
hil_read index=6657 sub=0 raw=2
hil_read index=6657 sub=1 raw=1616969736
hil_read index=6657 sub=2 raw=1614741536
hil_read index=8207 sub=0 raw=1
event=control_start duration_ms=60000 targets=right_positive zero_feedback_tenths_rpm=15 motion_window_ms=8000 input_profile=right_throttle operator=neutral_release_then_press
event=input_status state=waiting_link source_fault=14 flags=0
event=control elapsed_ms=0 source_health=4 authorization=0 armed=0 status=337712161 word=2 left_tenths_rpm=0 right_tenths_rpm=0 enabled_samples=0
event=input_status state=ready source_fault=0 flags=0
event=control elapsed_ms=100 source_health=2 authorization=0 armed=0 status=341840992 word=2 left_tenths_rpm=0 right_tenths_rpm=0 enabled_samples=0
event=control elapsed_ms=210 source_health=2 authorization=0 armed=0 status=341840992 word=2 left_tenths_rpm=0 right_tenths_rpm=0 enabled_samples=0
event=control elapsed_ms=320 source_health=2 authorization=0 armed=0 status=341840992 word=2 left_tenths_rpm=0 right_tenths_rpm=0 enabled_samples=0
event=control elapsed_ms=430 source_health=2 authorization=0 armed=0 status=341840992 word=2 left_tenths_rpm=0 right_tenths_rpm=0 enabled_samples=0
event=control elapsed_ms=530 source_health=2 authorization=0 armed=0 status=341840992 word=2 left_tenths_rpm=0 right_tenths_rpm=0 enabled_samples=0
event=control elapsed_ms=630 source_health=2 authorization=0 armed=0 status=341840992 word=2 left_tenths_rpm=0 right_tenths_rpm=0 enabled_samples=0
event=control elapsed_ms=740 source_health=2 authorization=0 armed=0 status=341840992 word=2 left_tenths_rpm=0 right_tenths_rpm=0 enabled_samples=0
event=control elapsed_ms=850 source_health=2 authorization=0 armed=0 status=341840992 word=2 left_tenths_rpm=0 right_tenths_rpm=0 enabled_samples=0
event=control elapsed_ms=960 source_health=2 authorization=0 armed=0 status=341840992 word=2 left_tenths_rpm=0 right_tenths_rpm=0 enabled_samples=0
event=control elapsed_ms=1070 source_health=2 authorization=0 armed=0 status=341840992 word=2 left_tenths_rpm=0 right_tenths_rpm=0 enabled_samples=0
event=control elapsed_ms=1170 source_health=2 authorization=0 armed=0 status=341840992 word=2 left_tenths_rpm=0 right_tenths_rpm=0 enabled_samples=0
event=control elapsed_ms=1270 source_health=2 authorization=0 armed=0 status=341840992 word=2 left_tenths_rpm=0 right_tenths_rpm=0 enabled_samples=0
event=control elapsed_ms=1380 source_health=2 authorization=0 armed=0 status=341840992 word=2 left_tenths_rpm=0 right_tenths_rpm=0 enabled_samples=0
event=control elapsed_ms=1480 source_health=2 authorization=0 armed=0 status=341840992 word=2 left_tenths_rpm=0 right_tenths_rpm=0 enabled_samples=0
event=control elapsed_ms=1590 source_health=2 authorization=0 armed=0 status=341840992 word=2 left_tenths_rpm=0 right_tenths_rpm=0 enabled_samples=0
event=input_status state=release_ch6 source_fault=0 flags=0
event=input_status state=arming source_fault=0 flags=0
event=control elapsed_ms=1690 source_health=3 authorization=1 armed=0 status=341840992 word=2 left_tenths_rpm=0 right_tenths_rpm=0 enabled_samples=0
event=control elapsed_ms=1790 source_health=3 authorization=1 armed=0 status=341840992 word=2 left_tenths_rpm=0 right_tenths_rpm=0 enabled_samples=0
event=control elapsed_ms=1900 source_health=3 authorization=1 armed=1 status=337843235 word=15 left_tenths_rpm=0 right_tenths_rpm=0 enabled_samples=0
event=control elapsed_ms=2000 source_health=3 authorization=1 armed=1 status=338105383 word=15 left_tenths_rpm=0 right_tenths_rpm=0 enabled_samples=8
event=control elapsed_ms=2110 source_health=3 authorization=1 armed=1 status=338105383 word=15 left_tenths_rpm=0 right_tenths_rpm=0 enabled_samples=19
event=motion_ready wheel=right max_rpm=5 maximum_nonzero_ms=8000
event=control elapsed_ms=2220 source_health=3 authorization=1 armed=1 status=338105383 word=15 left_tenths_rpm=0 right_tenths_rpm=0 enabled_samples=30
event=control elapsed_ms=2320 source_health=3 authorization=1 armed=1 status=338105383 word=15 left_tenths_rpm=0 right_tenths_rpm=0 enabled_samples=40
event=control elapsed_ms=2430 source_health=3 authorization=1 armed=1 status=338105383 word=15 left_tenths_rpm=0 right_tenths_rpm=0 enabled_samples=51
event=control elapsed_ms=2530 source_health=3 authorization=1 armed=1 status=338105383 word=15 left_tenths_rpm=0 right_tenths_rpm=0 enabled_samples=61
event=control elapsed_ms=2640 source_health=3 authorization=1 armed=1 status=338105383 word=15 left_tenths_rpm=0 right_tenths_rpm=0 enabled_samples=72
event=control elapsed_ms=2740 source_health=3 authorization=1 armed=1 status=338105383 word=15 left_tenths_rpm=0 right_tenths_rpm=0 enabled_samples=82
event=control elapsed_ms=2850 source_health=3 authorization=1 armed=1 status=338105383 word=15 left_tenths_rpm=0 right_tenths_rpm=0 enabled_samples=93
event=control elapsed_ms=2950 source_health=3 authorization=1 armed=1 status=338105383 word=15 left_tenths_rpm=0 right_tenths_rpm=0 enabled_samples=103
event=control elapsed_ms=3060 source_health=3 authorization=1 armed=1 status=338105383 word=15 left_tenths_rpm=0 right_tenths_rpm=0 enabled_samples=114
event=control elapsed_ms=3160 source_health=3 authorization=1 armed=1 status=338105383 word=15 left_tenths_rpm=0 right_tenths_rpm=0 enabled_samples=124
event=control elapsed_ms=3260 source_health=3 authorization=1 armed=1 status=338105383 word=15 left_tenths_rpm=0 right_tenths_rpm=0 enabled_samples=134
event=control elapsed_ms=3360 source_health=3 authorization=1 armed=1 status=338105383 word=15 left_tenths_rpm=0 right_tenths_rpm=0 enabled_samples=144
event=control elapsed_ms=3470 source_health=3 authorization=1 armed=1 status=338105383 word=15 left_tenths_rpm=0 right_tenths_rpm=0 enabled_samples=155
event=control elapsed_ms=3580 source_health=3 authorization=1 armed=1 status=338105383 word=15 left_tenths_rpm=0 right_tenths_rpm=0 enabled_samples=166
event=control elapsed_ms=3690 source_health=3 authorization=1 armed=1 status=338105383 word=15 left_tenths_rpm=0 right_tenths_rpm=0 enabled_samples=177
event=control elapsed_ms=3790 source_health=3 authorization=1 armed=1 status=338105383 word=15 left_tenths_rpm=0 right_tenths_rpm=0 enabled_samples=187
event=control elapsed_ms=3890 source_health=3 authorization=1 armed=1 status=338105383 word=15 left_tenths_rpm=0 right_tenths_rpm=0 enabled_samples=197
event=control elapsed_ms=4000 source_health=3 authorization=1 armed=1 status=338105383 word=15 left_tenths_rpm=0 right_tenths_rpm=0 enabled_samples=208
event=control elapsed_ms=4110 source_health=3 authorization=1 armed=1 status=338105383 word=15 left_tenths_rpm=0 right_tenths_rpm=0 enabled_samples=219
event=control elapsed_ms=4220 source_health=3 authorization=1 armed=1 status=338105383 word=15 left_tenths_rpm=0 right_tenths_rpm=0 enabled_samples=230
event=control elapsed_ms=4320 source_health=3 authorization=1 armed=1 status=338105383 word=15 left_tenths_rpm=0 right_tenths_rpm=0 enabled_samples=240
event=control elapsed_ms=4430 source_health=3 authorization=1 armed=1 status=338105383 word=15 left_tenths_rpm=0 right_tenths_rpm=0 enabled_samples=251
event=control elapsed_ms=4540 source_health=3 authorization=1 armed=1 status=338105383 word=15 left_tenths_rpm=0 right_tenths_rpm=0 enabled_samples=262
event=control elapsed_ms=4650 source_health=3 authorization=1 armed=1 status=338105383 word=15 left_tenths_rpm=0 right_tenths_rpm=0 enabled_samples=273
event=control elapsed_ms=4760 source_health=3 authorization=1 armed=1 status=338105383 word=15 left_tenths_rpm=0 right_tenths_rpm=0 enabled_samples=284
event=control elapsed_ms=4870 source_health=3 authorization=1 armed=1 status=338105383 word=15 left_tenths_rpm=0 right_tenths_rpm=0 enabled_samples=295
event=control elapsed_ms=4970 source_health=3 authorization=1 armed=1 status=338105383 word=15 left_tenths_rpm=0 right_tenths_rpm=0 enabled_samples=305
event=control elapsed_ms=5080 source_health=3 authorization=1 armed=1 status=338105383 word=15 left_tenths_rpm=0 right_tenths_rpm=0 enabled_samples=316
event=control elapsed_ms=5190 source_health=3 authorization=1 armed=1 status=338105383 word=15 left_tenths_rpm=0 right_tenths_rpm=0 enabled_samples=327
event=control elapsed_ms=5300 source_health=3 authorization=1 armed=1 status=338105383 word=15 left_tenths_rpm=0 right_tenths_rpm=0 enabled_samples=338
event=control elapsed_ms=5400 source_health=3 authorization=1 armed=1 status=338105383 word=15 left_tenths_rpm=0 right_tenths_rpm=0 enabled_samples=348
event=control elapsed_ms=5510 source_health=3 authorization=1 armed=1 status=338105383 word=15 left_tenths_rpm=0 right_tenths_rpm=0 enabled_samples=359
event=control elapsed_ms=5620 source_health=3 authorization=1 armed=1 status=338105383 word=15 left_tenths_rpm=0 right_tenths_rpm=0 enabled_samples=370
event=control elapsed_ms=5720 source_health=3 authorization=1 armed=1 status=338105383 word=15 left_tenths_rpm=0 right_tenths_rpm=0 enabled_samples=380
event=control elapsed_ms=5820 source_health=3 authorization=1 armed=1 status=338105383 word=15 left_tenths_rpm=0 right_tenths_rpm=0 enabled_samples=390
event=control elapsed_ms=5920 source_health=3 authorization=1 armed=1 status=338105383 word=15 left_tenths_rpm=0 right_tenths_rpm=0 enabled_samples=400
event=control elapsed_ms=6020 source_health=3 authorization=1 armed=1 status=338105383 word=15 left_tenths_rpm=0 right_tenths_rpm=0 enabled_samples=410
event=control elapsed_ms=6130 source_health=3 authorization=1 armed=1 status=338105383 word=15 left_tenths_rpm=0 right_tenths_rpm=0 enabled_samples=421
event=control elapsed_ms=6230 source_health=3 authorization=1 armed=1 status=338105383 word=15 left_tenths_rpm=0 right_tenths_rpm=0 enabled_samples=431
event=control elapsed_ms=6330 source_health=3 authorization=1 armed=1 status=338105383 word=15 left_tenths_rpm=0 right_tenths_rpm=0 enabled_samples=441
event=control elapsed_ms=6430 source_health=3 authorization=1 armed=1 status=338105383 word=15 left_tenths_rpm=0 right_tenths_rpm=0 enabled_samples=451
event=control elapsed_ms=6540 source_health=3 authorization=1 armed=1 status=1143411751 word=15 left_tenths_rpm=0 right_tenths_rpm=24 enabled_samples=462
event=control elapsed_ms=6650 source_health=3 authorization=1 armed=1 status=1143411751 word=15 left_tenths_rpm=0 right_tenths_rpm=42 enabled_samples=473
event=control elapsed_ms=6750 source_health=3 authorization=1 armed=1 status=1143411751 word=15 left_tenths_rpm=0 right_tenths_rpm=48 enabled_samples=483
event=control elapsed_ms=6850 source_health=3 authorization=1 armed=1 status=1143411751 word=15 left_tenths_rpm=0 right_tenths_rpm=44 enabled_samples=493
event=control elapsed_ms=6950 source_health=3 authorization=1 armed=1 status=1143411751 word=15 left_tenths_rpm=0 right_tenths_rpm=53 enabled_samples=503
event=control elapsed_ms=7060 source_health=3 authorization=1 armed=1 status=1143411751 word=15 left_tenths_rpm=0 right_tenths_rpm=48 enabled_samples=514
event=control elapsed_ms=7160 source_health=3 authorization=1 armed=1 status=1143411751 word=15 left_tenths_rpm=0 right_tenths_rpm=48 enabled_samples=524
event=control elapsed_ms=7270 source_health=3 authorization=1 armed=1 status=1143411751 word=15 left_tenths_rpm=0 right_tenths_rpm=46 enabled_samples=535
event=control elapsed_ms=7370 source_health=3 authorization=1 armed=1 status=1143411751 word=15 left_tenths_rpm=0 right_tenths_rpm=52 enabled_samples=545
event=control elapsed_ms=7470 source_health=3 authorization=1 armed=1 status=1143411751 word=15 left_tenths_rpm=0 right_tenths_rpm=48 enabled_samples=555
event=control elapsed_ms=7580 source_health=3 authorization=1 armed=1 status=1143411751 word=15 left_tenths_rpm=0 right_tenths_rpm=51 enabled_samples=566
event=control elapsed_ms=7690 source_health=3 authorization=1 armed=1 status=1143411751 word=15 left_tenths_rpm=0 right_tenths_rpm=48 enabled_samples=577
event=control elapsed_ms=7800 source_health=3 authorization=1 armed=1 status=1143411751 word=15 left_tenths_rpm=0 right_tenths_rpm=53 enabled_samples=588
event=control elapsed_ms=7910 source_health=3 authorization=1 armed=1 status=1143411751 word=15 left_tenths_rpm=0 right_tenths_rpm=51 enabled_samples=599
event=control elapsed_ms=8020 source_health=3 authorization=1 armed=1 status=1143411751 word=15 left_tenths_rpm=0 right_tenths_rpm=51 enabled_samples=610
event=control elapsed_ms=8130 source_health=3 authorization=1 armed=1 status=1143411751 word=15 left_tenths_rpm=0 right_tenths_rpm=51 enabled_samples=621
event=control elapsed_ms=8240 source_health=3 authorization=1 armed=1 status=1143411751 word=15 left_tenths_rpm=0 right_tenths_rpm=46 enabled_samples=632
event=control elapsed_ms=8340 source_health=3 authorization=1 armed=1 status=1143411751 word=15 left_tenths_rpm=0 right_tenths_rpm=44 enabled_samples=642
event=control elapsed_ms=8450 source_health=3 authorization=1 armed=1 status=1143411751 word=15 left_tenths_rpm=0 right_tenths_rpm=47 enabled_samples=653
event=control elapsed_ms=8560 source_health=3 authorization=1 armed=1 status=1143411751 word=15 left_tenths_rpm=0 right_tenths_rpm=49 enabled_samples=664
event=control elapsed_ms=8660 source_health=3 authorization=1 armed=1 status=1143411751 word=15 left_tenths_rpm=0 right_tenths_rpm=48 enabled_samples=674
event=control elapsed_ms=8770 source_health=3 authorization=1 armed=1 status=1143411751 word=15 left_tenths_rpm=0 right_tenths_rpm=44 enabled_samples=685
event=control elapsed_ms=8880 source_health=3 authorization=1 armed=1 status=1143411751 word=15 left_tenths_rpm=0 right_tenths_rpm=46 enabled_samples=696
event=control elapsed_ms=8980 source_health=3 authorization=1 armed=1 status=1143411751 word=15 left_tenths_rpm=0 right_tenths_rpm=53 enabled_samples=706
event=control elapsed_ms=9080 source_health=3 authorization=1 armed=1 status=1143411751 word=15 left_tenths_rpm=0 right_tenths_rpm=53 enabled_samples=716
event=control elapsed_ms=9190 source_health=3 authorization=1 armed=1 status=1143411751 word=15 left_tenths_rpm=0 right_tenths_rpm=51 enabled_samples=727
event=control elapsed_ms=9290 source_health=3 authorization=1 armed=1 status=1143411751 word=15 left_tenths_rpm=0 right_tenths_rpm=44 enabled_samples=737
event=control elapsed_ms=9390 source_health=3 authorization=1 armed=1 status=1143411751 word=15 left_tenths_rpm=0 right_tenths_rpm=52 enabled_samples=747
event=control elapsed_ms=9500 source_health=3 authorization=1 armed=1 status=1143411751 word=15 left_tenths_rpm=0 right_tenths_rpm=54 enabled_samples=758
event=control elapsed_ms=9600 source_health=3 authorization=1 armed=1 status=1143411751 word=15 left_tenths_rpm=0 right_tenths_rpm=50 enabled_samples=768
event=control elapsed_ms=9700 source_health=3 authorization=1 armed=1 status=1143411751 word=15 left_tenths_rpm=0 right_tenths_rpm=44 enabled_samples=778
event=control elapsed_ms=9800 source_health=3 authorization=1 armed=1 status=1143411751 word=15 left_tenths_rpm=0 right_tenths_rpm=52 enabled_samples=788
event=control elapsed_ms=9910 source_health=3 authorization=1 armed=1 status=1143411751 word=15 left_tenths_rpm=0 right_tenths_rpm=53 enabled_samples=799
event=control elapsed_ms=10020 source_health=3 authorization=1 armed=1 status=1143411751 word=15 left_tenths_rpm=0 right_tenths_rpm=52 enabled_samples=810
event=control elapsed_ms=10130 source_health=3 authorization=1 armed=1 status=1143411751 word=15 left_tenths_rpm=0 right_tenths_rpm=48 enabled_samples=821
event=control elapsed_ms=10240 source_health=3 authorization=1 armed=1 status=1143411751 word=15 left_tenths_rpm=0 right_tenths_rpm=48 enabled_samples=832
event=control elapsed_ms=10340 source_health=3 authorization=1 armed=1 status=1143411751 word=15 left_tenths_rpm=0 right_tenths_rpm=46 enabled_samples=842
event=control elapsed_ms=10450 source_health=3 authorization=1 armed=1 status=1143411751 word=15 left_tenths_rpm=0 right_tenths_rpm=53 enabled_samples=853
event=control elapsed_ms=10560 source_health=3 authorization=1 armed=1 status=1143411751 word=15 left_tenths_rpm=0 right_tenths_rpm=48 enabled_samples=864
event=control elapsed_ms=10670 source_health=3 authorization=1 armed=1 status=1143411751 word=15 left_tenths_rpm=0 right_tenths_rpm=51 enabled_samples=875
event=control elapsed_ms=10780 source_health=3 authorization=1 armed=1 status=1143411751 word=15 left_tenths_rpm=0 right_tenths_rpm=50 enabled_samples=886
event=control elapsed_ms=10880 source_health=3 authorization=1 armed=1 status=1143411751 word=15 left_tenths_rpm=0 right_tenths_rpm=42 enabled_samples=896
event=control elapsed_ms=10990 source_health=3 authorization=1 armed=1 status=1143411751 word=15 left_tenths_rpm=0 right_tenths_rpm=53 enabled_samples=907
event=control elapsed_ms=11100 source_health=3 authorization=1 armed=1 status=1143411751 word=15 left_tenths_rpm=0 right_tenths_rpm=49 enabled_samples=918
event=control elapsed_ms=11210 source_health=3 authorization=1 armed=1 status=1143411751 word=15 left_tenths_rpm=0 right_tenths_rpm=48 enabled_samples=929
event=control elapsed_ms=11320 source_health=3 authorization=1 armed=1 status=1143411751 word=15 left_tenths_rpm=0 right_tenths_rpm=48 enabled_samples=940
event=control elapsed_ms=11420 source_health=3 authorization=1 armed=1 status=1143411751 word=15 left_tenths_rpm=0 right_tenths_rpm=51 enabled_samples=950
event=control elapsed_ms=11530 source_health=3 authorization=1 armed=1 status=1143411751 word=15 left_tenths_rpm=0 right_tenths_rpm=47 enabled_samples=961
event=control elapsed_ms=11640 source_health=3 authorization=1 armed=1 status=1143411751 word=15 left_tenths_rpm=0 right_tenths_rpm=52 enabled_samples=972
event=control elapsed_ms=11740 source_health=3 authorization=1 armed=1 status=1143411751 word=15 left_tenths_rpm=0 right_tenths_rpm=48 enabled_samples=982
event=control elapsed_ms=11850 source_health=3 authorization=1 armed=1 status=1143411751 word=15 left_tenths_rpm=0 right_tenths_rpm=52 enabled_samples=993
event=control elapsed_ms=11950 source_health=3 authorization=1 armed=1 status=1143411751 word=15 left_tenths_rpm=0 right_tenths_rpm=50 enabled_samples=1003
event=control elapsed_ms=12060 source_health=3 authorization=1 armed=1 status=1143411751 word=15 left_tenths_rpm=0 right_tenths_rpm=51 enabled_samples=1014
event=control elapsed_ms=12170 source_health=3 authorization=1 armed=1 status=1143411751 word=15 left_tenths_rpm=0 right_tenths_rpm=52 enabled_samples=1025
event=control elapsed_ms=12280 source_health=3 authorization=1 armed=1 status=1143411751 word=15 left_tenths_rpm=0 right_tenths_rpm=45 enabled_samples=1036
event=control elapsed_ms=12390 source_health=3 authorization=1 armed=1 status=1143411751 word=15 left_tenths_rpm=0 right_tenths_rpm=44 enabled_samples=1047
event=control elapsed_ms=12490 source_health=3 authorization=1 armed=1 status=1143411751 word=15 left_tenths_rpm=0 right_tenths_rpm=46 enabled_samples=1057
event=control elapsed_ms=12600 source_health=3 authorization=1 armed=1 status=1143411751 word=15 left_tenths_rpm=0 right_tenths_rpm=51 enabled_samples=1068
event=control elapsed_ms=12710 source_health=3 authorization=1 armed=1 status=1143411751 word=15 left_tenths_rpm=0 right_tenths_rpm=46 enabled_samples=1079
event=control elapsed_ms=12820 source_health=3 authorization=1 armed=1 status=1143411751 word=15 left_tenths_rpm=0 right_tenths_rpm=51 enabled_samples=1090
event=control elapsed_ms=12930 source_health=3 authorization=1 armed=1 status=1143411751 word=15 left_tenths_rpm=0 right_tenths_rpm=47 enabled_samples=1101
event=control elapsed_ms=13030 source_health=3 authorization=1 armed=1 status=1143411751 word=15 left_tenths_rpm=0 right_tenths_rpm=54 enabled_samples=1111
event=control elapsed_ms=13140 source_health=3 authorization=1 armed=1 status=1143411751 word=15 left_tenths_rpm=0 right_tenths_rpm=52 enabled_samples=1122
event=control elapsed_ms=13250 source_health=3 authorization=1 armed=1 status=1143411751 word=15 left_tenths_rpm=0 right_tenths_rpm=51 enabled_samples=1133
event=control elapsed_ms=13350 source_health=3 authorization=1 armed=1 status=1143411751 word=15 left_tenths_rpm=0 right_tenths_rpm=45 enabled_samples=1143
event=control elapsed_ms=13450 source_health=3 authorization=1 armed=1 status=1143411751 word=15 left_tenths_rpm=0 right_tenths_rpm=52 enabled_samples=1153
event=stop_cause code=5 signal_exit=4 at_ns=288243398929773
phase=runtime_stop ok=1 operation= context= errno=0
event=motion_stop verified=1 elapsed_us=327019 moving_feedback=141
hil_read index=24641 sub=0 raw=339743808
hil_read index=24684 sub=1 raw=0
hil_read index=24684 sub=2 raw=0
hil_read index=24684 sub=3 raw=0
hil_read index=24684 sub=1 raw=0
hil_read index=24684 sub=2 raw=0
hil_read index=24684 sub=3 raw=0
hil_read index=24684 sub=1 raw=0
hil_read index=24684 sub=2 raw=0
hil_read index=24684 sub=3 raw=0
hil_read index=24684 sub=1 raw=0
hil_read index=24684 sub=2 raw=0
hil_read index=24684 sub=3 raw=0
hil_read index=24684 sub=1 raw=0
hil_read index=24684 sub=2 raw=0
hil_read index=24684 sub=3 raw=0
hil_read index=24684 sub=1 raw=0
hil_read index=24684 sub=2 raw=0
hil_read index=24684 sub=3 raw=0
hil_read index=24684 sub=1 raw=0
hil_read index=24684 sub=2 raw=0
hil_read index=24684 sub=3 raw=0
event=standstill_verified tolerance_tenths_rpm=15 elapsed_us=160003
phase=control ok=0 operation=control_hil_motion_envelope context=can0 healthy=1 armed=0 reason=8 status=1143411751 source_fault=3 source_age_ms=0 errno=13
phase=restore ok=1 operation= context= errno=0
event=summary cycles=1355 enabled_samples=1161 missed_periods=3 maximum_lateness_us=38404 maximum_cycle_us=461 shutdown_us=7 primary_ok=0 restore_ok=1
event=trace_header version=1 count=7172 overflow=0 feedback_bad=1 capacity=65536 zero_feedback_tenths_rpm=15 timestamp=steady_receive_ns storage_bytes=9437184
event=trace_row ordinal=0 kind=5 ns=288228757158469 fields=1537,8,64,65,96,0,0,0,0,0,16,0,0,0,0,0
event=trace_row ordinal=1 kind=4 ns=288228757764845 fields=1409,8,67,65,96,0,96,20,96,20,16,0,0,0,0,0
event=trace_row ordinal=2 kind=5 ns=288228758960389 fields=1537,8,64,96,96,0,0,0,0,0,16,0,0,0,0,0
event=trace_row ordinal=3 kind=4 ns=288228759632682 fields=1409,8,79,96,96,0,3,0,0,0,16,0,0,0,0,0
event=trace_row ordinal=4 kind=5 ns=288228760897642 fields=1537,8,64,97,96,0,0,0,0,0,16,0,0,0,0,0
event=trace_row ordinal=5 kind=4 ns=288228761561477 fields=1409,8,79,97,96,0,3,0,0,0,16,0,0,0,0,0
event=trace_row ordinal=6 kind=5 ns=288228762895271 fields=1537,8,64,63,96,0,0,0,0,0,16,0,0,0,0,0
event=trace_row ordinal=7 kind=4 ns=288228763559980 fields=1409,8,67,63,96,0,0,0,0,0,16,0,0,0,0,0
event=trace_row ordinal=8 kind=5 ns=288228764894941 fields=1537,8,64,255,96,1,0,0,0,0,16,0,0,0,0,0
event=trace_row ordinal=9 kind=4 ns=288228765552942 fields=1409,8,67,255,96,1,0,0,0,0,16,0,0,0,0,0
event=trace_row ordinal=10 kind=5 ns=288228766894028 fields=1537,8,64,255,96,2,0,0,0,0,16,0,0,0,0,0
event=trace_row ordinal=11 kind=4 ns=288228767496904 fields=1409,8,67,255,96,2,0,0,0,0,16,0,0,0,0,0
event=trace_row ordinal=12 kind=5 ns=288228768894865 fields=1537,8,64,15,32,0,0,0,0,0,16,0,0,0,0,0
event=trace_row ordinal=13 kind=4 ns=288228769543824 fields=1409,8,75,15,32,0,1,0,0,0,16,0,0,0,0,0
event=trace_row ordinal=14 kind=5 ns=288228770893951 fields=1537,8,64,0,32,0,0,0,0,0,16,0,0,0,0,0
event=trace_row ordinal=15 kind=4 ns=288228771544369 fields=1409,8,75,0,32,0,0,0,0,0,16,0,0,0,0,0
event=trace_row ordinal=16 kind=5 ns=288228772896247 fields=1537,8,64,23,16,0,0,0,0,0,16,0,0,0,0,0
event=trace_row ordinal=17 kind=4 ns=288228773474914 fields=1409,8,75,23,16,0,0,0,0,0,16,0,0,0,0,0
event=trace_row ordinal=18 kind=5 ns=288228774895625 fields=1537,8,64,0,20,1,0,0,0,0,16,0,0,0,0,0
event=trace_row ordinal=19 kind=4 ns=288228775528835 fields=1409,8,67,0,20,1,1,2,0,0,16,0,0,0,0,0
event=trace_row ordinal=20 kind=5 ns=288228776895004 fields=1537,8,64,0,20,2,0,0,0,0,16,0,0,0,0,0
event=trace_row ordinal=21 kind=4 ns=288228777462588 fields=1409,8,79,0,20,2,255,0,0,0,16,0,0,0,0,0
event=trace_row ordinal=22 kind=5 ns=288228778894966 fields=1537,8,64,0,20,5,0,0,0,0,16,0,0,0,0,0
event=trace_row ordinal=23 kind=4 ns=288228779457592 fields=1409,8,75,0,20,5,232,3,0,0,16,0,0,0,0,0
event=trace_row ordinal=24 kind=5 ns=288228780895219 fields=1537,8,64,0,22,0,0,0,0,0,16,0,0,0,0,0
event=trace_row ordinal=25 kind=4 ns=288228781524053 fields=1409,8,79,0,22,0,2,0,0,0,16,0,0,0,0,0
event=trace_row ordinal=26 kind=5 ns=288228782894889 fields=1537,8,64,0,22,1,0,0,0,0,16,0,0,0,0,0
event=trace_row ordinal=27 kind=4 ns=288228783511765 fields=1409,8,67,0,22,1,16,0,64,96,16,0,0,0,0,0
event=trace_row ordinal=28 kind=5 ns=288228784895143 fields=1537,8,64,0,22,2,0,0,0,0,16,0,0,0,0,0
event=trace_row ordinal=29 kind=4 ns=288228785503852 fields=1409,8,67,0,22,2,8,0,96,96,16,0,0,0,0,0
event=trace_row ordinal=30 kind=5 ns=288228786895105 fields=1537,8,64,0,24,1,0,0,0,0,16,0,0,0,0,0
event=trace_row ordinal=31 kind=4 ns=288228787503522 fields=1409,8,67,0,24,1,129,1,0,0,16,0,0,0,0,0
event=trace_row ordinal=32 kind=5 ns=288228788895066 fields=1537,8,64,0,24,2,0,0,0,0,16,0,0,0,0,0
event=trace_row ordinal=33 kind=4 ns=288228789500276 fields=1409,8,79,0,24,2,255,0,0,0,16,0,0,0,0,0
event=trace_row ordinal=34 kind=5 ns=288228790895028 fields=1537,8,64,0,24,5,0,0,0,0,16,0,0,0,0,0
event=trace_row ordinal=35 kind=4 ns=288228791555654 fields=1409,8,75,0,24,5,100,0,0,0,16,0,0,0,0,0
event=trace_row ordinal=36 kind=5 ns=288228792894990 fields=1537,8,64,0,26,0,0,0,0,0,16,0,0,0,0,0
event=trace_row ordinal=37 kind=4 ns=288228793552408 fields=1409,8,79,0,26,0,2,0,0,0,16,0,0,0,0,0
event=trace_row ordinal=38 kind=5 ns=288228794894369 fields=1537,8,64,0,26,1,0,0,0,0,16,0,0,0,0,0
event=trace_row ordinal=39 kind=4 ns=288228795539828 fields=1409,8,67,0,26,1,32,0,65,96,16,0,0,0,0,0
event=trace_row ordinal=40 kind=5 ns=288228796894330 fields=1537,8,64,0,26,2,0,0,0,0,16,0,0,0,0,0
event=trace_row ordinal=41 kind=4 ns=288228797475040 fields=1409,8,67,0,26,2,32,3,108,96,16,0,0,0,0,0
event=trace_row ordinal=42 kind=5 ns=288228798895751 fields=1537,8,64,1,24,1,0,0,0,0,16,0,0,0,0,0
event=trace_row ordinal=43 kind=4 ns=288228799474418 fields=1409,8,67,1,24,1,129,2,0,0,16,0,0,0,0,0
event=trace_row ordinal=44 kind=5 ns=288228800894546 fields=1537,8,64,1,24,2,0,0,0,0,16,0,0,0,0,0
event=trace_row ordinal=45 kind=4 ns=288228801531547 fields=1409,8,79,1,24,2,255,0,0,0,16,0,0,0,0,0
event=trace_row ordinal=46 kind=5 ns=288228802895383 fields=1537,8,64,1,24,5,0,0,0,0,16,0,0,0,0,0
event=trace_row ordinal=47 kind=4 ns=288228803462675 fields=1409,8,75,1,24,5,0,0,0,0,16,0,0,0,0,0
event=trace_row ordinal=48 kind=5 ns=288228804895053 fields=1537,8,64,1,26,0,0,0,0,0,16,0,0,0,0,0
event=trace_row ordinal=49 kind=4 ns=288228805523887 fields=1409,8,79,1,26,0,0,0,0,0,16,0,0,0,0,0
event=trace_row ordinal=50 kind=5 ns=288228806893848 fields=1537,8,64,1,26,1,0,0,0,0,16,0,0,0,0,0
event=trace_row ordinal=51 kind=4 ns=288228807514224 fields=1409,8,67,1,26,1,0,0,0,0,16,0,0,0,0,0
event=trace_row ordinal=52 kind=5 ns=288228808894685 fields=1537,8,64,1,26,2,0,0,0,0,16,0,0,0,0,0
event=trace_row ordinal=53 kind=4 ns=288228809516811 fields=1409,8,67,1,26,2,0,0,0,0,16,0,0,0,0,0
event=trace_row ordinal=54 kind=5 ns=288228810895230 fields=1537,8,64,108,96,1,0,0,0,0,16,0,0,0,0,0
event=trace_row ordinal=55 kind=4 ns=288228811566065 fields=1409,8,67,108,96,1,0,0,0,0,16,0,0,0,0,0
event=trace_row ordinal=56 kind=5 ns=288228812898984 fields=1537,8,64,108,96,2,0,0,0,0,16,0,0,0,0,0
event=trace_row ordinal=57 kind=4 ns=288228813503318 fields=1409,8,67,108,96,2,0,0,0,0,16,0,0,0,0,0
event=trace_row ordinal=58 kind=5 ns=288228814895737 fields=1537,8,64,108,96,3,0,0,0,0,16,0,0,0,0,0
event=trace_row ordinal=59 kind=4 ns=288228815500071 fields=1409,8,67,108,96,3,0,0,0,0,16,0,0,0,0,0
event=trace_row ordinal=60 kind=5 ns=288228837899527 fields=1537,8,64,108,96,1,0,0,0,0,16,0,0,0,0,0
event=trace_row ordinal=61 kind=4 ns=288228838571820 fields=1409,8,67,108,96,1,0,0,0,0,16,0,0,0,0,0
event=trace_row ordinal=62 kind=5 ns=288228839897156 fields=1537,8,64,108,96,2,0,0,0,0,16,0,0,0,0,0
event=trace_row ordinal=63 kind=4 ns=288228840505865 fields=1409,8,67,108,96,2,0,0,0,0,16,0,0,0,0,0
event=trace_row ordinal=64 kind=5 ns=288228841895076 fields=1537,8,64,108,96,3,0,0,0,0,16,0,0,0,0,0
event=trace_row ordinal=65 kind=4 ns=288228842499994 fields=1409,8,67,108,96,3,0,0,0,0,16,0,0,0,0,0
event=trace_row ordinal=66 kind=5 ns=288228864895075 fields=1537,8,64,108,96,1,0,0,0,0,16,0,0,0,0,0
event=trace_row ordinal=67 kind=4 ns=288228865566201 fields=1409,8,67,108,96,1,0,0,0,0,16,0,0,0,0,0
event=trace_row ordinal=68 kind=5 ns=288228866896203 fields=1537,8,64,108,96,2,0,0,0,0,16,0,0,0,0,0
event=trace_row ordinal=69 kind=4 ns=288228867504038 fields=1409,8,67,108,96,2,0,0,0,0,16,0,0,0,0,0
event=trace_row ordinal=70 kind=5 ns=288228868895582 fields=1537,8,64,108,96,3,0,0,0,0,16,0,0,0,0,0
event=trace_row ordinal=71 kind=4 ns=288228869600541 fields=1409,8,67,108,96,3,0,0,0,0,16,0,0,0,0,0
event=trace_row ordinal=72 kind=5 ns=288228891902581 fields=1537,8,64,108,96,1,0,0,0,0,16,0,0,0,0,0
event=trace_row ordinal=73 kind=4 ns=288228892583915 fields=1409,8,67,108,96,1,0,0,0,0,16,0,0,0,0,0
event=trace_row ordinal=74 kind=5 ns=288228893899334 fields=1537,8,64,108,96,2,0,0,0,0,16,0,0,0,0,0
event=trace_row ordinal=75 kind=4 ns=288228894505127 fields=1409,8,67,108,96,2,0,0,0,0,16,0,0,0,0,0
event=trace_row ordinal=76 kind=5 ns=288228895896963 fields=1537,8,64,108,96,3,0,0,0,0,16,0,0,0,0,0
event=trace_row ordinal=77 kind=4 ns=288228896560505 fields=1409,8,67,108,96,3,0,0,0,0,16,0,0,0,0,0
event=trace_row ordinal=78 kind=5 ns=288228918899003 fields=1537,8,64,108,96,1,0,0,0,0,16,0,0,0,0,0
event=trace_row ordinal=79 kind=4 ns=288228919573046 fields=1409,8,67,108,96,1,0,0,0,0,16,0,0,0,0,0
event=trace_row ordinal=80 kind=5 ns=288228920897506 fields=1537,8,64,108,96,2,0,0,0,0,16,0,0,0,0,0
event=trace_row ordinal=81 kind=4 ns=288228921568341 fields=1409,8,67,108,96,2,0,0,0,0,16,0,0,0,0,0
event=trace_row ordinal=82 kind=5 ns=288228922895427 fields=1537,8,64,108,96,3,0,0,0,0,16,0,0,0,0,0
event=trace_row ordinal=83 kind=4 ns=288228923563053 fields=1409,8,67,108,96,3,0,0,0,0,16,0,0,0,0,0
event=trace_row ordinal=84 kind=5 ns=288228945896884 fields=1537,8,64,108,96,1,0,0,0,0,16,0,0,0,0,0
event=trace_row ordinal=85 kind=4 ns=288228946572385 fields=1409,8,67,108,96,1,0,0,0,0,16,0,0,0,0,0
event=trace_row ordinal=86 kind=5 ns=288228947895971 fields=1537,8,64,108,96,2,0,0,0,0,16,0,0,0,0,0
event=trace_row ordinal=87 kind=4 ns=288228948561263 fields=1409,8,67,108,96,2,0,0,0,0,16,0,0,0,0,0
event=trace_row ordinal=88 kind=5 ns=288228949894766 fields=1537,8,64,108,96,3,0,0,0,0,16,0,0,0,0,0
event=trace_row ordinal=89 kind=4 ns=288228950499392 fields=1409,8,67,108,96,3,0,0,0,0,16,0,0,0,0,0
event=trace_row ordinal=90 kind=5 ns=288228972906723 fields=1537,8,64,108,96,1,0,0,0,0,16,0,0,0,0,0
event=trace_row ordinal=91 kind=4 ns=288228973515141 fields=1409,8,67,108,96,1,0,0,0,0,16,0,0,0,0,0
event=trace_row ordinal=92 kind=5 ns=288228974900851 fields=1537,8,64,108,96,2,0,0,0,0,16,0,0,0,0,0
event=trace_row ordinal=93 kind=4 ns=288228975572561 fields=1409,8,67,108,96,2,0,0,0,0,16,0,0,0,0,0
event=trace_row ordinal=94 kind=5 ns=288228976895855 fields=1537,8,64,108,96,3,0,0,0,0,16,0,0,0,0,0
event=trace_row ordinal=95 kind=4 ns=288228977562606 fields=1409,8,67,108,96,3,0,0,0,0,16,0,0,0,0,0
event=trace_row ordinal=96 kind=5 ns=288228978914775 fields=1537,8,43,23,16,0,244,1,0,0,16,0,0,0,0,0
event=trace_row ordinal=97 kind=4 ns=288228979561110 fields=1409,8,96,23,16,0,0,0,0,0,16,0,0,0,0,0
event=trace_row ordinal=98 kind=5 ns=288228980893445 fields=1537,8,64,23,16,0,0,0,0,0,16,0,0,0,0,0
event=trace_row ordinal=99 kind=4 ns=288228981554072 fields=1409,8,75,23,16,0,244,1,0,0,16,0,0,0,0,0
event=trace_row ordinal=100 kind=4 ns=288229229003925 fields=1793,1,127,0,0,0,0,0,0,0,16,0,0,0,0,0
event=trace_row ordinal=101 kind=5 ns=288229230904720 fields=0,2,128,1,0,0,0,0,0,0,16,0,0,0,0,0
event=trace_row ordinal=102 kind=4 ns=288229478569532 fields=1793,1,127,0,0,0,0,0,0,0,16,0,0,0,0,0
event=trace_row ordinal=103 kind=5 ns=288229479917909 fields=1537,8,43,0,32,0,232,3,0,0,16,0,0,0,0,0
event=trace_row ordinal=104 kind=4 ns=288229480533327 fields=1409,8,96,0,32,0,0,0,0,0,16,0,0,0,0,0
event=trace_row ordinal=105 kind=5 ns=288229481895996 fields=1537,8,64,0,32,0,0,0,0,0,16,0,0,0,0,0
event=trace_row ordinal=106 kind=4 ns=288229482519289 fields=1409,8,75,0,32,0,232,3,0,0,16,0,0,0,0,0
event=trace_row ordinal=107 kind=5 ns=288229483902375 fields=1537,8,35,0,20,1,1,2,0,128,16,0,0,0,0,0
event=trace_row ordinal=108 kind=4 ns=288229484579043 fields=1409,8,96,0,20,1,0,0,0,0,16,0,0,0,0,0
event=trace_row ordinal=109 kind=5 ns=288229485895628 fields=1537,8,64,0,20,1,0,0,0,0,16,0,0,0,0,0
event=trace_row ordinal=110 kind=4 ns=288229486566171 fields=1409,8,67,0,20,1,1,2,0,128,16,0,0,0,0,0
event=trace_row ordinal=111 kind=5 ns=288229487897632 fields=1537,8,47,0,22,0,0,0,0,0,16,0,0,0,0,0
event=trace_row ordinal=112 kind=4 ns=288229488575466 fields=1409,8,96,0,22,0,0,0,0,0,16,0,0,0,0,0
event=trace_row ordinal=113 kind=5 ns=288229489894677 fields=1537,8,64,0,22,0,0,0,0,0,16,0,0,0,0,0
event=trace_row ordinal=114 kind=4 ns=288229490583012 fields=1409,8,79,0,22,0,0,0,0,0,16,0,0,0,0,0
event=trace_row ordinal=115 kind=5 ns=288229491896972 fields=1537,8,35,0,22,1,16,0,64,96,16,0,0,0,0,0
event=trace_row ordinal=116 kind=4 ns=288229492559932 fields=1409,8,96,0,22,1,0,0,0,0,16,0,0,0,0,0
event=trace_row ordinal=117 kind=5 ns=288229493893142 fields=1537,8,64,0,22,1,0,0,0,0,16,0,0,0,0,0
event=trace_row ordinal=118 kind=4 ns=288229494488435 fields=1409,8,67,0,22,1,16,0,64,96,16,0,0,0,0,0
event=trace_row ordinal=119 kind=5 ns=288229495895729 fields=1537,8,35,0,22,2,32,3,255,96,16,0,0,0,0,0
event=trace_row ordinal=120 kind=4 ns=288229496551105 fields=1409,8,96,0,22,2,0,0,0,0,16,0,0,0,0,0
event=trace_row ordinal=121 kind=5 ns=288229497893358 fields=1537,8,64,0,22,2,0,0,0,0,16,0,0,0,0,0
event=trace_row ordinal=122 kind=4 ns=288229498541151 fields=1409,8,67,0,22,2,32,3,255,96,16,0,0,0,0,0
event=trace_row ordinal=123 kind=5 ns=288229499894486 fields=1537,8,47,0,22,0,2,0,0,0,16,0,0,0,0,0
event=trace_row ordinal=124 kind=4 ns=288229500542863 fields=1409,8,96,0,22,0,0,0,0,0,16,0,0,0,0,0
event=trace_row ordinal=125 kind=5 ns=288229501893282 fields=1537,8,64,0,22,0,0,0,0,0,16,0,0,0,0,0
event=trace_row ordinal=126 kind=4 ns=288229502538158 fields=1409,8,79,0,22,0,2,0,0,0,16,0,0,0,0,0
event=trace_row ordinal=127 kind=5 ns=288229503894118 fields=1537,8,35,0,20,1,1,2,0,0,16,0,0,0,0,0
event=trace_row ordinal=128 kind=4 ns=288229504532870 fields=1409,8,96,0,20,1,0,0,0,0,16,0,0,0,0,0
event=trace_row ordinal=129 kind=5 ns=288229505893497 fields=1537,8,64,0,20,1,0,0,0,0,16,0,0,0,0,0
event=trace_row ordinal=130 kind=4 ns=288229506522040 fields=1409,8,67,0,20,1,1,2,0,0,16,0,0,0,0,0
event=trace_row ordinal=131 kind=5 ns=288229507900751 fields=1537,8,35,1,24,1,129,2,0,128,16,0,0,0,0,0
event=trace_row ordinal=132 kind=4 ns=288229508525502 fields=1409,8,96,1,24,1,0,0,0,0,16,0,0,0,0,0
event=trace_row ordinal=133 kind=5 ns=288229509893421 fields=1537,8,64,1,24,1,0,0,0,0,16,0,0,0,0,0
event=trace_row ordinal=134 kind=4 ns=288229510453422 fields=1409,8,67,1,24,1,129,2,0,128,16,0,0,0,0,0
event=trace_row ordinal=135 kind=5 ns=288229511896591 fields=1537,8,47,1,26,0,0,0,0,0,16,0,0,0,0,0
event=trace_row ordinal=136 kind=4 ns=288229512567425 fields=1409,8,96,1,26,0,0,0,0,0,16,0,0,0,0,0
event=trace_row ordinal=137 kind=5 ns=288229513893344 fields=1537,8,64,1,26,0,0,0,0,0,16,0,0,0,0,0
event=trace_row ordinal=138 kind=4 ns=288229514506721 fields=1409,8,79,1,26,0,0,0,0,0,16,0,0,0,0,0
event=trace_row ordinal=139 kind=5 ns=288229515896806 fields=1537,8,35,1,26,1,8,0,97,96,16,0,0,0,0,0
event=trace_row ordinal=140 kind=4 ns=288229516498224 fields=1409,8,96,1,26,1,0,0,0,0,16,0,0,0,0,0
event=trace_row ordinal=141 kind=5 ns=288229517892976 fields=1537,8,64,1,26,1,0,0,0,0,16,0,0,0,0,0
event=trace_row ordinal=142 kind=4 ns=288229518548061 fields=1409,8,67,1,26,1,8,0,97,96,16,0,0,0,0,0
event=trace_row ordinal=143 kind=5 ns=288229519896438 fields=1537,8,35,1,26,2,32,0,63,96,16,0,0,0,0,0
event=trace_row ordinal=144 kind=4 ns=288229520492314 fields=1409,8,96,1,26,2,0,0,0,0,16,0,0,0,0,0
event=trace_row ordinal=145 kind=5 ns=288229521893192 fields=1537,8,64,1,26,2,0,0,0,0,16,0,0,0,0,0
event=trace_row ordinal=146 kind=4 ns=288229522543026 fields=1409,8,67,1,26,2,32,0,63,96,16,0,0,0,0,0
event=trace_row ordinal=147 kind=5 ns=288229523895195 fields=1537,8,47,1,26,0,2,0,0,0,16,0,0,0,0,0
event=trace_row ordinal=148 kind=4 ns=288229524484946 fields=1409,8,96,1,26,0,0,0,0,0,16,0,0,0,0,0
event=trace_row ordinal=149 kind=5 ns=288229525892532 fields=1537,8,64,1,26,0,0,0,0,0,16,0,0,0,0,0
event=trace_row ordinal=150 kind=4 ns=288229526479950 fields=1409,8,79,1,26,0,2,0,0,0,16,0,0,0,0,0
event=trace_row ordinal=151 kind=5 ns=288229527895702 fields=1537,8,43,1,24,5,100,0,0,0,16,0,0,0,0,0
event=trace_row ordinal=152 kind=4 ns=288229528534454 fields=1409,8,96,1,24,5,0,0,0,0,16,0,0,0,0,0
event=trace_row ordinal=153 kind=5 ns=288229529892456 fields=1537,8,64,1,24,5,0,0,0,0,16,0,0,0,0,0
event=trace_row ordinal=154 kind=4 ns=288229530465582 fields=1409,8,75,1,24,5,100,0,0,0,16,0,0,0,0,0
event=trace_row ordinal=155 kind=5 ns=288229531895626 fields=1537,8,35,1,24,1,129,2,0,0,16,0,0,0,0,0
event=trace_row ordinal=156 kind=4 ns=288229532467002 fields=1409,8,96,1,24,1,0,0,0,0,16,0,0,0,0,0
event=trace_row ordinal=157 kind=5 ns=288229533892671 fields=1537,8,64,1,24,1,0,0,0,0,16,0,0,0,0,0
event=trace_row ordinal=158 kind=4 ns=288229534457922 fields=1409,8,67,1,24,1,129,2,0,0,16,0,0,0,0,0
event=trace_row ordinal=159 kind=5 ns=288229535895258 fields=0,2,1,1,0,0,0,0,0,0,16,0,0,0,0,0
event=trace_row ordinal=160 kind=4 ns=288229536453218 fields=385,8,96,20,96,20,0,0,0,0,16,0,0,0,0,0
event=trace_row ordinal=161 kind=4 ns=288229536643385 fields=641,5,3,0,0,0,0,0,0,0,16,0,0,0,0,0
event=trace_row ordinal=162 kind=4 ns=288229536742551 fields=897,0,0,0,0,0,0,0,0,0,16,0,0,0,0,0
event=trace_row ordinal=163 kind=4 ns=288229536839968 fields=1153,0,0,0,0,0,0,0,0,0,16,0,0,0,0,0
event=trace_row ordinal=164 kind=4 ns=288229586496014 fields=385,8,96,20,96,20,0,0,0,0,16,0,0,0,0,0
event=trace_row ordinal=165 kind=4 ns=288229586660806 fields=641,5,3,0,0,0,0,0,0,0,16,0,0,0,0,0
event=trace_row ordinal=166 kind=4 ns=288229636484561 fields=385,8,96,20,96,20,0,0,0,0,16,0,0,0,0,0
event=trace_row ordinal=167 kind=4 ns=288229636663644 fields=641,5,3,0,0,0,0,0,0,0,16,0,0,0,0,0
event=trace_row ordinal=168 kind=4 ns=288229686483316 fields=385,8,96,20,96,20,0,0,0,0,16,0,0,0,0,0
event=trace_row ordinal=169 kind=4 ns=288229686670858 fields=641,5,3,0,0,0,0,0,0,0,16,0,0,0,0,0
event=trace_row ordinal=170 kind=4 ns=288229728028972 fields=1793,1,5,0,0,0,0,0,0,0,16,0,0,0,0,0
event=trace_row ordinal=171 kind=5 ns=288229729927142 fields=1537,8,35,255,96,1,0,0,0,0,16,0,0,0,0,0
event=trace_row ordinal=172 kind=4 ns=288229730572310 fields=1409,8,96,255,96,1,0,0,0,0,16,0,0,0,0,0
event=trace_row ordinal=173 kind=5 ns=288229731896479 fields=1537,8,64,255,96,1,0,0,0,0,16,0,0,0,0,0
event=trace_row ordinal=174 kind=4 ns=288229732562355 fields=1409,8,67,255,96,1,0,0,0,0,16,0,0,0,0,0
event=trace_row ordinal=175 kind=5 ns=288229733899649 fields=1537,8,35,255,96,2,0,0,0,0,16,0,0,0,0,0
event=trace_row ordinal=176 kind=4 ns=288229734498442 fields=1409,8,96,255,96,2,0,0,0,0,16,0,0,0,0,0
event=trace_row ordinal=177 kind=5 ns=288229735894361 fields=1537,8,64,255,96,2,0,0,0,0,16,0,0,0,0,0
event=trace_row ordinal=178 kind=4 ns=288229736556154 fields=1409,8,67,255,96,2,0,0,0,0,16,0,0,0,0,0
event=trace_row ordinal=179 kind=4 ns=288229736796196 fields=385,8,96,20,96,20,0,0,0,0,16,0,0,0,0,0
event=trace_row ordinal=180 kind=5 ns=288229736998322 fields=1537,8,43,64,96,0,6,0,0,0,16,0,0,0,0,0
event=trace_row ordinal=181 kind=4 ns=288229737004155 fields=641,5,3,0,0,0,0,0,0,0,16,0,0,0,0,0
event=trace_row ordinal=182 kind=4 ns=288229737675281 fields=1409,8,96,64,96,0,0,0,0,0,16,0,0,0,0,0
event=trace_row ordinal=183 kind=5 ns=288229738893867 fields=1537,8,64,64,96,0,0,0,0,0,16,0,0,0,0,0
event=trace_row ordinal=184 kind=4 ns=288229739545743 fields=1409,8,75,64,96,0,6,0,0,0,16,0,0,0,0,0
event=trace_row ordinal=185 kind=4 ns=288229786563076 fields=385,8,33,20,33,20,0,0,0,0,16,0,0,0,0,0
event=trace_row ordinal=186 kind=4 ns=288229786689368 fields=641,5,3,0,0,0,0,0,0,0,16,0,0,0,0,0
event=trace_row ordinal=187 kind=5 ns=288229787908828 fields=1537,8,64,0,20,1,0,0,0,0,16,0,0,0,0,0
event=trace_row ordinal=188 kind=4 ns=288229788556329 fields=1409,8,67,0,20,1,1,2,0,0,16,0,0,0,0,0
event=trace_row ordinal=189 kind=5 ns=288229789908498 fields=1537,8,64,0,20,2,0,0,0,0,16,0,0,0,0,0
event=trace_row ordinal=190 kind=4 ns=288229790550166 fields=1409,8,79,0,20,2,255,0,0,0,16,0,0,0,0,0
event=trace_row ordinal=191 kind=5 ns=288229791897085 fields=1537,8,64,0,22,0,0,0,0,0,16,0,0,0,0,0
event=trace_row ordinal=192 kind=4 ns=288229792552461 fields=1409,8,79,0,22,0,2,0,0,0,16,0,0,0,0,0
event=trace_row ordinal=193 kind=5 ns=288229793896464 fields=1537,8,64,0,22,1,0,0,0,0,16,0,0,0,0,0
event=trace_row ordinal=194 kind=4 ns=288229794539298 fields=1409,8,67,0,22,1,16,0,64,96,16,0,0,0,0,0
event=trace_row ordinal=195 kind=5 ns=288229795897009 fields=1537,8,64,0,22,2,0,0,0,0,16,0,0,0,0,0
event=trace_row ordinal=196 kind=4 ns=288229796539260 fields=1409,8,67,0,22,2,32,3,255,96,16,0,0,0,0,0
event=trace_row ordinal=197 kind=5 ns=288229797897554 fields=1537,8,64,0,24,1,0,0,0,0,16,0,0,0,0,0
event=trace_row ordinal=198 kind=4 ns=288229798531930 fields=1409,8,67,0,24,1,129,1,0,0,16,0,0,0,0,0
event=trace_row ordinal=199 kind=5 ns=288229799896349 fields=1537,8,64,0,24,2,0,0,0,0,16,0,0,0,0,0
event=trace_row ordinal=200 kind=4 ns=288229800468600 fields=1409,8,79,0,24,2,255,0,0,0,16,0,0,0,0,0
event=trace_row ordinal=201 kind=5 ns=288229801896311 fields=1537,8,64,0,26,0,0,0,0,0,16,0,0,0,0,0
event=trace_row ordinal=202 kind=4 ns=288229802528062 fields=1409,8,79,0,26,0,2,0,0,0,16,0,0,0,0,0
event=trace_row ordinal=203 kind=5 ns=288229803896273 fields=1537,8,64,0,26,1,0,0,0,0,16,0,0,0,0,0
event=trace_row ordinal=204 kind=4 ns=288229804516649 fields=1409,8,67,0,26,1,32,0,65,96,16,0,0,0,0,0
event=trace_row ordinal=205 kind=5 ns=288229805896526 fields=1537,8,64,0,26,2,0,0,0,0,16,0,0,0,0,0
event=trace_row ordinal=206 kind=4 ns=288229806513111 fields=1409,8,67,0,26,2,32,3,108,96,16,0,0,0,0,0
event=trace_row ordinal=207 kind=5 ns=288229807897363 fields=1537,8,64,1,24,1,0,0,0,0,16,0,0,0,0,0
event=trace_row ordinal=208 kind=4 ns=288229808566156 fields=1409,8,67,1,24,1,129,2,0,0,16,0,0,0,0,0
event=trace_row ordinal=209 kind=5 ns=288229809896159 fields=1537,8,64,1,24,2,0,0,0,0,16,0,0,0,0,0
event=trace_row ordinal=210 kind=4 ns=288229810503701 fields=1409,8,79,1,24,2,255,0,0,0,16,0,0,0,0,0
event=trace_row ordinal=211 kind=5 ns=288229811896995 fields=1537,8,64,1,26,0,0,0,0,0,16,0,0,0,0,0
event=trace_row ordinal=212 kind=4 ns=288229812503371 fields=1409,8,79,1,26,0,2,0,0,0,16,0,0,0,0,0
event=trace_row ordinal=213 kind=5 ns=288229813896374 fields=1537,8,64,1,26,1,0,0,0,0,16,0,0,0,0,0
event=trace_row ordinal=214 kind=4 ns=288229814491375 fields=1409,8,67,1,26,1,8,0,97,96,16,0,0,0,0,0
event=trace_row ordinal=215 kind=5 ns=288229815896336 fields=1537,8,64,1,26,2,0,0,0,0,16,0,0,0,0,0
event=trace_row ordinal=216 kind=4 ns=288229816549670 fields=1409,8,67,1,26,2,32,0,63,96,16,0,0,0,0,0
event=trace_row ordinal=217 kind=5 ns=288229817896881 fields=1537,8,64,15,32,0,0,0,0,0,16,0,0,0,0,0
event=trace_row ordinal=218 kind=4 ns=288229818489840 fields=1409,8,75,15,32,0,1,0,0,0,16,0,0,0,0,0
event=trace_row ordinal=219 kind=5 ns=288229858453494 fields=513,6,2,0,0,0,0,0,0,0,16,0,0,0,0,0
event=trace_row ordinal=220 kind=0 ns=288229858381452 fields=1,2,0,0,0,0,0,0,0,0,0,0,0,0,0,0
event=trace_row ordinal=221 kind=3 ns=288229858463703 fields=1,2,0,2,0,0,0,0,0,0,0,0,0,6,0,4
event=trace_row ordinal=222 kind=4 ns=288229858513578 fields=385,8,33,20,33,20,0,0,0,0,16,0,0,0,0,0
event=trace_row ordinal=223 kind=4 ns=288229858528161 fields=641,5,3,0,0,0,0,0,0,0,16,0,0,0,0,0
event=trace_row ordinal=224 kind=5 ns=288229868959346 fields=513,6,2,0,0,0,0,0,0,0,16,0,0,0,0,0
event=trace_row ordinal=225 kind=0 ns=288229868911513 fields=2,2,0,52,2,0,0,0,0,0,0,0,0,0,0,0
event=trace_row ordinal=226 kind=1 ns=288229868911513 fields=2,2,0,1009,995,200,200,0,1,0,0,0,0,0,0,0
event=trace_row ordinal=227 kind=1 ns=288229868911513 fields=2,2,1,1009,995,200,200,0,1,0,0,0,0,0,0,0
event=trace_row ordinal=228 kind=3 ns=288229868968679 fields=2,3,0,2,288229868911513,0,0,0,0,0,0,0,0,6,0,1
event=trace_row ordinal=229 kind=5 ns=288229878974614 fields=513,6,2,0,0,0,0,0,0,0,16,0,0,0,0,0
event=trace_row ordinal=230 kind=0 ns=288229878920364 fields=3,2,0,26,1,0,0,0,0,0,0,0,0,0,0,0
event=trace_row ordinal=231 kind=1 ns=288229878920364 fields=3,2,0,1009,995,200,200,0,1,0,0,0,0,0,0,0
event=trace_row ordinal=232 kind=3 ns=288229878985114 fields=3,4,0,2,288229878920364,0,0,0,0,0,0,0,0,6,0,1
event=trace_row ordinal=233 kind=4 ns=288229886598794 fields=385,8,96,20,96,20,0,0,0,0,16,0,0,0,0,0
event=trace_row ordinal=234 kind=4 ns=288229886772044 fields=641,5,3,0,0,0,0,0,0,0,16,0,0,0,0,0
event=trace_row ordinal=235 kind=5 ns=288229888947590 fields=513,6,2,0,0,0,0,0,0,0,16,0,0,0,0,0
event=trace_row ordinal=236 kind=0 ns=288229888908798 fields=4,2,0,52,2,0,0,0,0,0,0,0,0,0,0,0
event=trace_row ordinal=237 kind=1 ns=288229888908798 fields=4,2,0,1008,995,200,200,0,1,0,0,0,0,0,0,0
event=trace_row ordinal=238 kind=1 ns=288229888908798 fields=4,2,1,1008,995,200,200,0,1,0,0,0,0,0,0,0
event=trace_row ordinal=239 kind=3 ns=288229888954006 fields=4,5,0,2,288229888908798,0,0,0,0,0,0,0,0,6,0,2
event=trace_row ordinal=240 kind=5 ns=288229898965482 fields=513,6,2,0,0,0,0,0,0,0,16,0,0,0,0,0
event=trace_row ordinal=241 kind=0 ns=288229898917941 fields=5,2,0,26,1,0,0,0,0,0,0,0,0,0,0,0
event=trace_row ordinal=242 kind=1 ns=288229898917941 fields=5,2,0,1008,995,200,200,0,1,0,0,0,0,0,0,0
event=trace_row ordinal=243 kind=3 ns=288229898973357 fields=5,6,0,2,288229898917941,0,0,0,0,0,0,0,0,6,0,2
event=trace_row ordinal=244 kind=5 ns=288229908952167 fields=513,6,2,0,0,0,0,0,0,0,16,0,0,0,0,0
event=trace_row ordinal=245 kind=0 ns=288229908911042 fields=6,2,0,52,2,0,0,0,0,0,0,0,0,0,0,0
event=trace_row ordinal=246 kind=1 ns=288229908911042 fields=6,2,0,1009,995,200,200,0,1,0,0,0,0,0,0,0
event=trace_row ordinal=247 kind=1 ns=288229908911042 fields=6,2,1,1009,995,200,200,0,1,0,0,0,0,0,0,0
event=trace_row ordinal=248 kind=3 ns=288229908958292 fields=6,7,0,2,288229908911042,0,0,0,0,0,0,0,0,6,0,2
event=trace_row ordinal=249 kind=5 ns=288229918938268 fields=513,6,2,0,0,0,0,0,0,0,16,0,0,0,0,0
event=trace_row ordinal=250 kind=0 ns=288229918906476 fields=7,2,0,26,1,0,0,0,0,0,0,0,0,0,0,0
event=trace_row ordinal=251 kind=1 ns=288229918906476 fields=7,2,0,1009,995,200,200,0,1,0,0,0,0,0,0,0
event=trace_row ordinal=252 kind=3 ns=288229918943226 fields=7,8,0,2,288229918906476,0,0,0,0,0,0,0,0,6,0,2
event=trace_row ordinal=253 kind=5 ns=288229928933702 fields=513,6,2,0,0,0,0,0,0,0,16,0,0,0,0,0
event=trace_row ordinal=254 kind=0 ns=288229928904827 fields=8,2,0,25,1,0,0,0,0,0,0,0,0,0,0,0
event=trace_row ordinal=255 kind=1 ns=288229928904827 fields=8,2,0,1008,995,200,200,0,1,0,0,0,0,0,0,0
event=trace_row ordinal=256 kind=3 ns=288229928939535 fields=8,9,0,2,288229928904827,0,0,0,0,0,0,0,0,6,0,2
event=trace_row ordinal=257 kind=4 ns=288229936606299 fields=385,8,96,20,96,20,0,0,0,0,16,0,0,0,0,0
event=trace_row ordinal=258 kind=4 ns=288229936778966 fields=641,5,3,0,0,0,0,0,0,0,16,0,0,0,0,0
event=trace_row ordinal=259 kind=5 ns=288229938934095 fields=513,6,2,0,0,0,0,0,0,0,16,0,0,0,0,0
event=trace_row ordinal=260 kind=0 ns=288229938906095 fields=9,2,0,50,2,0,0,0,0,0,0,0,0,0,0,0
event=trace_row ordinal=261 kind=1 ns=288229938906095 fields=9,2,0,1008,995,200,200,0,1,0,0,0,0,0,0,0
event=trace_row ordinal=262 kind=1 ns=288229938906095 fields=9,2,1,1008,995,200,200,0,1,0,0,0,0,0,0,0
event=trace_row ordinal=263 kind=3 ns=288229938938761 fields=9,10,0,2,288229938906095,0,0,0,0,0,0,0,0,6,0,2
event=trace_row ordinal=264 kind=5 ns=288229948948196 fields=513,6,2,0,0,0,0,0,0,0,16,0,0,0,0,0
event=trace_row ordinal=265 kind=0 ns=288229948911737 fields=10,2,0,25,1,0,0,0,0,0,0,0,0,0,0,0
event=trace_row ordinal=266 kind=1 ns=288229948911737 fields=10,2,0,1009,995,200,200,0,1,0,0,0,0,0,0,0
event=trace_row ordinal=267 kind=3 ns=288229948954029 fields=10,11,0,2,288229948911737,0,0,0,0,0,0,0,0,6,0,2
event=trace_row ordinal=268 kind=5 ns=288229958930797 fields=513,6,2,0,0,0,0,0,0,0,16,0,0,0,0,0
event=trace_row ordinal=269 kind=0 ns=288229958903672 fields=11,2,0,50,2,0,0,0,0,0,0,0,0,0,0,0
event=trace_row ordinal=270 kind=1 ns=288229958903672 fields=11,2,0,1009,995,200,200,0,1,0,0,0,0,0,0,0
event=trace_row ordinal=271 kind=1 ns=288229958903672 fields=11,2,1,1009,995,200,200,0,1,0,0,0,0,0,0,0
event=trace_row ordinal=272 kind=3 ns=288229958935172 fields=11,12,0,2,288229958903672,0,0,0,0,0,0,0,0,6,0,2
event=trace_row ordinal=273 kind=5 ns=288229968983689 fields=513,6,2,0,0,0,0,0,0,0,16,0,0,0,0,0
event=trace_row ordinal=274 kind=0 ns=288229968925648 fields=12,2,0,25,1,0,0,0,0,0,0,0,0,0,0,0
event=trace_row ordinal=275 kind=1 ns=288229968925648 fields=12,2,0,1009,995,200,200,0,1,0,0,0,0,0,0,0
event=trace_row ordinal=276 kind=3 ns=288229968991856 fields=12,13,0,2,288229968925648,0,0,0,0,0,0,0,0,6,0,2
event=trace_row ordinal=277 kind=4 ns=288229977581163 fields=1793,1,5,0,0,0,0,0,0,0,16,0,0,0,0,0
event=trace_row ordinal=278 kind=5 ns=288229978948499 fields=513,6,2,0,0,0,0,0,0,0,16,0,0,0,0,0
event=trace_row ordinal=279 kind=0 ns=288229978909999 fields=13,2,0,50,2,0,0,0,0,0,0,0,0,0,0,0
event=trace_row ordinal=280 kind=1 ns=288229978909999 fields=13,2,0,1009,995,200,200,0,1,0,0,0,0,0,0,0
event=trace_row ordinal=281 kind=1 ns=288229978909999 fields=13,2,1,1009,995,200,200,0,1,0,0,0,0,0,0,0
event=trace_row ordinal=282 kind=3 ns=288229978955207 fields=13,14,0,2,288229978909999,0,0,0,0,0,0,0,0,6,0,2
event=trace_row ordinal=283 kind=4 ns=288229986606221 fields=385,8,96,20,96,20,0,0,0,0,16,0,0,0,0,0
event=trace_row ordinal=284 kind=4 ns=288229986792596 fields=641,5,3,0,0,0,0,0,0,0,16,0,0,0,0,0
event=trace_row ordinal=285 kind=5 ns=288229988945975 fields=513,6,2,0,0,0,0,0,0,0,16,0,0,0,0,0
event=trace_row ordinal=286 kind=0 ns=288229988909808 fields=14,2,0,25,1,0,0,0,0,0,0,0,0,0,0,0
event=trace_row ordinal=287 kind=1 ns=288229988909808 fields=14,2,0,1009,995,200,200,0,1,0,0,0,0,0,0,0
event=trace_row ordinal=288 kind=3 ns=288229988952683 fields=14,15,0,2,288229988909808,0,0,0,0,0,0,0,0,6,0,2
event=trace_row ordinal=289 kind=5 ns=288229998940534 fields=513,6,2,0,0,0,0,0,0,0,16,0,0,0,0,0
event=trace_row ordinal=290 kind=0 ns=288229998908743 fields=15,2,0,25,1,0,0,0,0,0,0,0,0,0,0,0
event=trace_row ordinal=291 kind=1 ns=288229998908743 fields=15,2,0,1009,995,200,200,0,1,0,0,0,0,0,0,0
event=trace_row ordinal=292 kind=3 ns=288229998946368 fields=15,16,0,2,288229998908743,0,0,0,0,0,0,0,0,6,0,2
event=trace_row ordinal=293 kind=5 ns=288230008931302 fields=513,6,2,0,0,0,0,0,0,0,16,0,0,0,0,0
event=trace_row ordinal=294 kind=0 ns=288230008904760 fields=16,2,0,50,2,0,0,0,0,0,0,0,0,0,0,0
event=trace_row ordinal=295 kind=1 ns=288230008904760 fields=16,2,0,1008,995,200,200,0,1,0,0,0,0,0,0,0
event=trace_row ordinal=296 kind=1 ns=288230008904760 fields=16,2,1,1008,995,200,200,0,1,0,0,0,0,0,0,0
event=trace_row ordinal=297 kind=3 ns=288230008935385 fields=16,17,0,2,288230008904760,0,0,0,0,0,0,0,0,6,0,2
event=trace_row ordinal=298 kind=5 ns=288230018932278 fields=513,6,2,0,0,0,0,0,0,0,16,0,0,0,0,0
event=trace_row ordinal=299 kind=0 ns=288230018905445 fields=17,2,0,25,1,0,0,0,0,0,0,0,0,0,0,0
event=trace_row ordinal=300 kind=1 ns=288230018905445 fields=17,2,0,1008,995,200,200,0,1,0,0,0,0,0,0,0
event=trace_row ordinal=301 kind=3 ns=288230018937820 fields=17,18,0,2,288230018905445,0,0,0,0,0,0,0,0,6,0,2
event=trace_row ordinal=302 kind=5 ns=288230028943171 fields=513,6,2,0,0,0,0,0,0,0,16,0,0,0,0,0
event=trace_row ordinal=303 kind=0 ns=288230028908462 fields=18,2,0,50,2,0,0,0,0,0,0,0,0,0,0,0
event=trace_row ordinal=304 kind=1 ns=288230028908462 fields=18,2,0,1009,995,200,200,0,1,0,0,0,0,0,0,0
event=trace_row ordinal=305 kind=1 ns=288230028908462 fields=18,2,1,1009,995,200,200,0,1,0,0,0,0,0,0,0
event=trace_row ordinal=306 kind=3 ns=288230028949004 fields=18,19,0,2,288230028908462,0,0,0,0,0,0,0,0,6,0,2
event=trace_row ordinal=307 kind=4 ns=288230036881768 fields=385,8,96,20,96,20,0,0,0,0,16,0,0,0,0,0
event=trace_row ordinal=308 kind=4 ns=288230037058519 fields=641,5,3,0,0,0,0,0,0,0,16,0,0,0,0,0
event=trace_row ordinal=309 kind=5 ns=288230038932480 fields=513,6,2,0,0,0,0,0,0,0,16,0,0,0,0,0
event=trace_row ordinal=310 kind=0 ns=288230038906230 fields=19,2,0,25,1,0,0,0,0,0,0,0,0,0,0,0
event=trace_row ordinal=311 kind=1 ns=288230038906230 fields=19,2,0,1009,995,200,200,0,1,0,0,0,0,0,0,0
event=trace_row ordinal=312 kind=3 ns=288230038937147 fields=19,20,0,2,288230038906230,0,0,0,0,0,0,0,0,6,0,2
event=trace_row ordinal=313 kind=5 ns=288230048930540 fields=513,6,2,0,0,0,0,0,0,0,16,0,0,0,0,0
event=trace_row ordinal=314 kind=0 ns=288230048903998 fields=20,2,0,50,2,0,0,0,0,0,0,0,0,0,0,0
event=trace_row ordinal=315 kind=1 ns=288230048903998 fields=20,2,0,1008,995,200,200,0,1,0,0,0,0,0,0,0
event=trace_row ordinal=316 kind=1 ns=288230048903998 fields=20,2,1,1008,995,200,200,0,1,0,0,0,0,0,0,0
event=trace_row ordinal=317 kind=3 ns=288230048935206 fields=20,21,0,2,288230048903998,0,0,0,0,0,0,0,0,6,0,2
event=trace_row ordinal=318 kind=5 ns=288230058927141 fields=513,6,2,0,0,0,0,0,0,0,16,0,0,0,0,0
event=trace_row ordinal=319 kind=0 ns=288230058903224 fields=21,2,0,25,1,0,0,0,0,0,0,0,0,0,0,0
event=trace_row ordinal=320 kind=1 ns=288230058903224 fields=21,2,0,1008,995,200,200,0,1,0,0,0,0,0,0,0
event=trace_row ordinal=321 kind=3 ns=288230058930641 fields=21,22,0,2,288230058903224,0,0,0,0,0,0,0,0,6,0,2
event=trace_row ordinal=322 kind=5 ns=288230068934242 fields=513,6,2,0,0,0,0,0,0,0,16,0,0,0,0,0
event=trace_row ordinal=323 kind=0 ns=288230068907700 fields=22,2,0,25,1,0,0,0,0,0,0,0,0,0,0,0
event=trace_row ordinal=324 kind=1 ns=288230068907700 fields=22,2,0,1010,995,200,200,0,1,0,0,0,0,0,0,0
event=trace_row ordinal=325 kind=3 ns=288230068938617 fields=22,23,0,2,288230068907700,0,0,0,0,0,0,0,0,6,0,2
event=trace_row ordinal=326 kind=5 ns=288230078946010 fields=513,6,2,0,0,0,0,0,0,0,16,0,0,0,0,0
event=trace_row ordinal=327 kind=0 ns=288230078912760 fields=23,2,0,50,2,0,0,0,0,0,0,0,0,0,0,0
event=trace_row ordinal=328 kind=1 ns=288230078912760 fields=23,2,0,1010,995,200,200,0,1,0,0,0,0,0,0,0
event=trace_row ordinal=329 kind=1 ns=288230078912760 fields=23,2,1,1010,995,200,200,0,1,0,0,0,0,0,0,0
event=trace_row ordinal=330 kind=3 ns=288230078950093 fields=23,24,0,2,288230078912760,0,0,0,0,0,0,0,0,6,0,2
event=trace_row ordinal=331 kind=4 ns=288230086631440 fields=385,8,96,20,96,20,0,0,0,0,16,0,0,0,0,0
event=trace_row ordinal=332 kind=4 ns=288230086807024 fields=641,5,3,0,0,0,0,0,0,0,16,0,0,0,0,0
event=trace_row ordinal=333 kind=5 ns=288230088930069 fields=513,6,2,0,0,0,0,0,0,0,16,0,0,0,0,0
event=trace_row ordinal=334 kind=0 ns=288230088905861 fields=24,2,0,25,1,0,0,0,0,0,0,0,0,0,0,0
event=trace_row ordinal=335 kind=1 ns=288230088905861 fields=24,2,0,1008,995,200,200,0,1,0,0,0,0,0,0,0
event=trace_row ordinal=336 kind=3 ns=288230088933861 fields=24,25,0,2,288230088905861,0,0,0,0,0,0,0,0,6,0,2
event=trace_row ordinal=337 kind=5 ns=288230098924337 fields=513,6,2,0,0,0,0,0,0,0,16,0,0,0,0,0
event=trace_row ordinal=338 kind=0 ns=288230098901003 fields=25,2,0,50,2,0,0,0,0,0,0,0,0,0,0,0
event=trace_row ordinal=339 kind=1 ns=288230098901003 fields=25,2,0,1008,995,200,200,0,1,0,0,0,0,0,0,0
event=trace_row ordinal=340 kind=1 ns=288230098901003 fields=25,2,1,1009,995,200,200,0,1,0,0,0,0,0,0,0
event=trace_row ordinal=341 kind=3 ns=288230098928128 fields=25,26,0,2,288230098901003,0,0,0,0,0,0,0,0,6,0,2
event=trace_row ordinal=342 kind=5 ns=288230108916854 fields=513,6,2,0,0,0,0,0,0,0,16,0,0,0,0,0
event=trace_row ordinal=343 kind=0 ns=288230108897313 fields=26,2,0,25,1,0,0,0,0,0,0,0,0,0,0,0
event=trace_row ordinal=344 kind=1 ns=288230108897313 fields=26,2,0,1009,995,200,200,0,1,0,0,0,0,0,0,0
event=trace_row ordinal=345 kind=3 ns=288230108920646 fields=26,27,0,2,288230108897313,0,0,0,0,0,0,0,0,6,0,2
event=trace_row ordinal=346 kind=5 ns=288230118916081 fields=513,6,2,0,0,0,0,0,0,0,16,0,0,0,0,0
event=trace_row ordinal=347 kind=0 ns=288230118895080 fields=27,2,0,50,2,0,0,0,0,0,0,0,0,0,0,0
event=trace_row ordinal=348 kind=1 ns=288230118895080 fields=27,2,0,1009,995,200,200,0,1,0,0,0,0,0,0,0
event=trace_row ordinal=349 kind=1 ns=288230118895080 fields=27,2,1,1008,995,200,200,0,1,0,0,0,0,0,0,0
event=trace_row ordinal=350 kind=3 ns=288230118919581 fields=27,28,0,2,288230118895080,0,0,0,0,0,0,0,0,6,0,2
event=trace_row ordinal=351 kind=5 ns=288230128912973 fields=513,6,2,0,0,0,0,0,0,0,16,0,0,0,0,0
event=trace_row ordinal=352 kind=0 ns=288230128893723 fields=28,2,0,25,1,0,0,0,0,0,0,0,0,0,0,0
event=trace_row ordinal=353 kind=1 ns=288230128893723 fields=28,2,0,1008,995,200,200,0,1,0,0,0,0,0,0,0
event=trace_row ordinal=354 kind=3 ns=288230128916182 fields=28,29,0,2,288230128893723,0,0,0,0,0,0,0,0,6,0,2
event=trace_row ordinal=355 kind=4 ns=288230136629612 fields=385,8,96,20,96,20,0,0,0,0,16,0,0,0,0,0
event=trace_row ordinal=356 kind=4 ns=288230136818612 fields=641,5,3,0,0,0,0,0,0,0,16,0,0,0,0,0
event=trace_row ordinal=357 kind=5 ns=288230138914824 fields=513,6,2,0,0,0,0,0,0,0,16,0,0,0,0,0
event=trace_row ordinal=358 kind=0 ns=288230138894991 fields=29,2,0,25,1,0,0,0,0,0,0,0,0,0,0,0
event=trace_row ordinal=359 kind=1 ns=288230138894991 fields=29,2,0,1008,995,200,200,0,1,0,0,0,0,0,0,0
event=trace_row ordinal=360 kind=3 ns=288230138918324 fields=29,30,0,2,288230138894991,0,0,0,0,0,0,0,0,6,0,2
event=trace_row ordinal=361 kind=5 ns=288230148914925 fields=513,6,2,0,0,0,0,0,0,0,16,0,0,0,0,0
event=trace_row ordinal=362 kind=0 ns=288230148894217 fields=30,2,0,50,2,0,0,0,0,0,0,0,0,0,0,0
event=trace_row ordinal=363 kind=1 ns=288230148894217 fields=30,2,0,1009,995,200,200,0,1,0,0,0,0,0,0,0
event=trace_row ordinal=364 kind=1 ns=288230148894217 fields=30,2,1,1009,995,200,200,0,1,0,0,0,0,0,0,0
event=trace_row ordinal=365 kind=3 ns=288230148918134 fields=30,31,0,2,288230148894217,0,0,0,0,0,0,0,0,6,0,2
event=trace_row ordinal=366 kind=5 ns=288230158913276 fields=513,6,2,0,0,0,0,0,0,0,16,0,0,0,0,0
event=trace_row ordinal=367 kind=0 ns=288230158894610 fields=31,2,0,25,1,0,0,0,0,0,0,0,0,0,0,0
event=trace_row ordinal=368 kind=1 ns=288230158894610 fields=31,2,0,1009,995,200,200,0,1,0,0,0,0,0,0,0
event=trace_row ordinal=369 kind=3 ns=288230158916485 fields=31,32,0,2,288230158894610,0,0,0,0,0,0,0,0,6,0,2
event=trace_row ordinal=370 kind=5 ns=288230168913378 fields=513,6,2,0,0,0,0,0,0,0,16,0,0,0,0,0
event=trace_row ordinal=371 kind=0 ns=288230168892961 fields=32,2,0,50,2,0,0,0,0,0,0,0,0,0,0,0
event=trace_row ordinal=372 kind=1 ns=288230168892961 fields=32,2,0,1009,995,200,200,0,1,0,0,0,0,0,0,0
event=trace_row ordinal=373 kind=1 ns=288230168892961 fields=32,2,1,1009,995,200,200,0,1,0,0,0,0,0,0,0
event=trace_row ordinal=374 kind=3 ns=288230168917169 fields=32,33,0,2,288230168892961,0,0,0,0,0,0,0,0,6,0,2
event=trace_row ordinal=375 kind=5 ns=288230178914937 fields=513,6,2,0,0,0,0,0,0,0,16,0,0,0,0,0
event=trace_row ordinal=376 kind=0 ns=288230178894812 fields=33,2,0,25,1,0,0,0,0,0,0,0,0,0,0,0
event=trace_row ordinal=377 kind=1 ns=288230178894812 fields=33,2,0,1009,995,200,200,0,1,0,0,0,0,0,0,0
event=trace_row ordinal=378 kind=3 ns=288230178918145 fields=33,34,0,2,288230178894812,0,0,0,0,0,0,0,0,6,0,2
event=trace_row ordinal=379 kind=4 ns=288230186640034 fields=385,8,96,20,96,20,0,0,0,0,16,0,0,0,0,0
event=trace_row ordinal=380 kind=4 ns=288230186825243 fields=641,5,3,0,0,0,0,0,0,0,16,0,0,0,0,0
event=trace_row ordinal=381 kind=5 ns=288230188919413 fields=513,6,2,0,0,0,0,0,0,0,16,0,0,0,0,0
event=trace_row ordinal=382 kind=0 ns=288230188896663 fields=34,2,0,50,2,0,0,0,0,0,0,0,0,0,0,0
event=trace_row ordinal=383 kind=1 ns=288230188896663 fields=34,2,0,1009,995,200,200,0,1,0,0,0,0,0,0,0
event=trace_row ordinal=384 kind=1 ns=288230188896663 fields=34,2,1,1009,995,200,200,0,1,0,0,0,0,0,0,0
event=trace_row ordinal=385 kind=3 ns=288230188923496 fields=34,35,0,2,288230188896663,0,0,0,0,0,0,0,0,6,0,2
event=trace_row ordinal=386 kind=5 ns=288230198913097 fields=513,6,2,0,0,0,0,0,0,0,16,0,0,0,0,0
event=trace_row ordinal=387 kind=0 ns=288230198894139 fields=35,2,0,25,1,0,0,0,0,0,0,0,0,0,0,0
event=trace_row ordinal=388 kind=1 ns=288230198894139 fields=35,2,0,1009,995,200,200,0,1,0,0,0,0,0,0,0
event=trace_row ordinal=389 kind=3 ns=288230198916306 fields=35,36,0,2,288230198894139,0,0,0,0,0,0,0,0,6,0,2
event=trace_row ordinal=390 kind=5 ns=288230208911740 fields=513,6,2,0,0,0,0,0,0,0,16,0,0,0,0,0
event=trace_row ordinal=391 kind=0 ns=288230208893657 fields=36,2,0,25,1,0,0,0,0,0,0,0,0,0,0,0
event=trace_row ordinal=392 kind=1 ns=288230208893657 fields=36,2,0,1009,995,200,200,0,1,0,0,0,0,0,0,0
event=trace_row ordinal=393 kind=3 ns=288230208914949 fields=36,37,0,2,288230208893657,0,0,0,0,0,0,0,0,6,0,2
event=trace_row ordinal=394 kind=5 ns=288230218913008 fields=513,6,2,0,0,0,0,0,0,0,16,0,0,0,0,0
event=trace_row ordinal=395 kind=0 ns=288230218893466 fields=37,2,0,50,2,0,0,0,0,0,0,0,0,0,0,0
event=trace_row ordinal=396 kind=1 ns=288230218893466 fields=37,2,0,1009,995,200,200,0,1,0,0,0,0,0,0,0
event=trace_row ordinal=397 kind=1 ns=288230218893466 fields=37,2,1,1009,995,200,200,0,1,0,0,0,0,0,0,0
event=trace_row ordinal=398 kind=3 ns=288230218916216 fields=37,38,0,2,288230218893466,0,0,0,0,0,0,0,0,6,0,2
event=trace_row ordinal=399 kind=4 ns=288230227110314 fields=1793,1,5,0,0,0,0,0,0,0,16,0,0,0,0,0
event=trace_row ordinal=400 kind=5 ns=288230228912526 fields=513,6,2,0,0,0,0,0,0,0,16,0,0,0,0,0
event=trace_row ordinal=401 kind=0 ns=288230228894442 fields=38,2,0,25,1,0,0,0,0,0,0,0,0,0,0,0
event=trace_row ordinal=402 kind=1 ns=288230228894442 fields=38,2,0,1009,995,200,200,0,1,0,0,0,0,0,0,0
event=trace_row ordinal=403 kind=3 ns=288230228916317 fields=38,39,0,2,288230228894442,0,0,0,0,0,0,0,0,6,0,2
event=trace_row ordinal=404 kind=4 ns=288230236646081 fields=385,8,96,20,96,20,0,0,0,0,16,0,0,0,0,0
event=trace_row ordinal=405 kind=4 ns=288230236834790 fields=641,5,3,0,0,0,0,0,0,0,16,0,0,0,0,0
event=trace_row ordinal=406 kind=5 ns=288230238997502 fields=513,6,2,0,0,0,0,0,0,0,16,0,0,0,0,0
event=trace_row ordinal=407 kind=0 ns=288230238931293 fields=39,2,0,50,2,0,0,0,0,0,0,0,0,0,0,0
event=trace_row ordinal=408 kind=1 ns=288230238931293 fields=39,2,0,1009,995,200,200,0,1,0,0,0,0,0,0,0
event=trace_row ordinal=409 kind=1 ns=288230238931293 fields=39,2,1,1008,995,200,200,0,1,0,0,0,0,0,0,0
event=trace_row ordinal=410 kind=3 ns=288230239009169 fields=39,40,0,2,288230238931293,0,0,0,0,0,0,0,0,6,0,2
event=trace_row ordinal=411 kind=5 ns=288230248921770 fields=513,6,2,0,0,0,0,0,0,0,16,0,0,0,0,0
event=trace_row ordinal=412 kind=0 ns=288230248899311 fields=40,2,0,25,1,0,0,0,0,0,0,0,0,0,0,0
event=trace_row ordinal=413 kind=1 ns=288230248899311 fields=40,2,0,1008,995,200,200,0,1,0,0,0,0,0,0,0
event=trace_row ordinal=414 kind=3 ns=288230248925561 fields=40,41,0,2,288230248899311,0,0,0,0,0,0,0,0,6,0,2
event=trace_row ordinal=415 kind=5 ns=288230258917787 fields=513,6,2,0,0,0,0,0,0,0,16,0,0,0,0,0
event=trace_row ordinal=416 kind=0 ns=288230258898246 fields=41,2,0,50,2,0,0,0,0,0,0,0,0,0,0,0
event=trace_row ordinal=417 kind=1 ns=288230258898246 fields=41,2,0,1008,995,200,200,0,1,0,0,0,0,0,0,0
event=trace_row ordinal=418 kind=1 ns=288230258898246 fields=41,2,1,1009,995,200,200,0,1,0,0,0,0,0,0,0
event=trace_row ordinal=419 kind=3 ns=288230258921579 fields=41,42,0,2,288230258898246,0,0,0,0,0,0,0,0,6,0,2
event=trace_row ordinal=420 kind=5 ns=288230268914680 fields=513,6,2,0,0,0,0,0,0,0,16,0,0,0,0,0
event=trace_row ordinal=421 kind=0 ns=288230268896305 fields=42,2,0,25,1,0,0,0,0,0,0,0,0,0,0,0
event=trace_row ordinal=422 kind=1 ns=288230268896305 fields=42,2,0,1009,995,200,200,0,1,0,0,0,0,0,0,0
event=trace_row ordinal=423 kind=3 ns=288230268917888 fields=42,43,0,2,288230268896305,0,0,0,0,0,0,0,0,6,0,2
event=trace_row ordinal=424 kind=5 ns=288230278914489 fields=513,6,2,0,0,0,0,0,0,0,16,0,0,0,0,0
event=trace_row ordinal=425 kind=0 ns=288230278894948 fields=43,2,0,25,1,0,0,0,0,0,0,0,0,0,0,0
event=trace_row ordinal=426 kind=1 ns=288230278894948 fields=43,2,0,1009,995,200,200,0,1,0,0,0,0,0,0,0
event=trace_row ordinal=427 kind=3 ns=288230278917989 fields=43,44,0,2,288230278894948,0,0,0,0,0,0,0,0,6,0,2
event=trace_row ordinal=428 kind=4 ns=288230286659420 fields=385,8,96,20,96,20,0,0,0,0,16,0,0,0,0,0
event=trace_row ordinal=429 kind=4 ns=288230286844045 fields=641,5,3,0,0,0,0,0,0,0,16,0,0,0,0,0
event=trace_row ordinal=430 kind=5 ns=288230288916924 fields=513,6,2,0,0,0,0,0,0,0,16,0,0,0,0,0
event=trace_row ordinal=431 kind=0 ns=288230288896215 fields=44,2,0,50,2,0,0,0,0,0,0,0,0,0,0,0
event=trace_row ordinal=432 kind=1 ns=288230288896215 fields=44,2,0,1008,995,200,200,0,1,0,0,0,0,0,0,0
event=trace_row ordinal=433 kind=1 ns=288230288896215 fields=44,2,1,1008,995,200,200,0,1,0,0,0,0,0,0,0
event=trace_row ordinal=434 kind=3 ns=288230288920716 fields=44,45,0,2,288230288896215,0,0,0,0,0,0,0,0,6,0,2
event=trace_row ordinal=435 kind=5 ns=288230298915275 fields=513,6,2,0,0,0,0,0,0,0,16,0,0,0,0,0
event=trace_row ordinal=436 kind=0 ns=288230298895150 fields=45,2,0,25,1,0,0,0,0,0,0,0,0,0,0,0
event=trace_row ordinal=437 kind=1 ns=288230298895150 fields=45,2,0,1008,995,200,200,0,1,0,0,0,0,0,0,0
event=trace_row ordinal=438 kind=3 ns=288230298919650 fields=45,46,0,2,288230298895150,0,0,0,0,0,0,0,0,6,0,2
event=trace_row ordinal=439 kind=5 ns=288230308913918 fields=513,6,2,0,0,0,0,0,0,0,16,0,0,0,0,0
event=trace_row ordinal=440 kind=0 ns=288230308893793 fields=46,2,0,50,2,0,0,0,0,0,0,0,0,0,0,0
event=trace_row ordinal=441 kind=1 ns=288230308893793 fields=46,2,0,1009,995,200,200,0,1,0,0,0,0,0,0,0
event=trace_row ordinal=442 kind=1 ns=288230308893793 fields=46,2,1,1009,995,200,200,0,1,0,0,0,0,0,0,0
event=trace_row ordinal=443 kind=3 ns=288230308917418 fields=46,47,0,2,288230308893793,0,0,0,0,0,0,0,0,6,0,2
event=trace_row ordinal=444 kind=5 ns=288230318911977 fields=513,6,2,0,0,0,0,0,0,0,16,0,0,0,0,0
event=trace_row ordinal=445 kind=0 ns=288230318893310 fields=47,2,0,25,1,0,0,0,0,0,0,0,0,0,0,0
event=trace_row ordinal=446 kind=1 ns=288230318893310 fields=47,2,0,1009,995,200,200,0,1,0,0,0,0,0,0,0
event=trace_row ordinal=447 kind=3 ns=288230318915185 fields=47,48,0,2,288230318893310,0,0,0,0,0,0,0,0,6,0,2
event=trace_row ordinal=448 kind=5 ns=288230328914120 fields=513,6,2,0,0,0,0,0,0,0,16,0,0,0,0,0
event=trace_row ordinal=449 kind=0 ns=288230328894286 fields=48,2,0,50,2,0,0,0,0,0,0,0,0,0,0,0
event=trace_row ordinal=450 kind=1 ns=288230328894286 fields=48,2,0,1008,995,200,200,0,1,0,0,0,0,0,0,0
event=trace_row ordinal=451 kind=1 ns=288230328894286 fields=48,2,1,1008,995,200,200,0,1,0,0,0,0,0,0,0
event=trace_row ordinal=452 kind=3 ns=288230328917620 fields=48,49,0,2,288230328894286,0,0,0,0,0,0,0,0,6,0,2
event=trace_row ordinal=453 kind=4 ns=288230336666925 fields=385,8,96,20,96,20,0,0,0,0,16,0,0,0,0,0
event=trace_row ordinal=454 kind=4 ns=288230336790592 fields=641,5,3,0,0,0,0,0,0,0,16,0,0,0,0,0
event=trace_row ordinal=455 kind=5 ns=288230338912763 fields=513,6,2,0,0,0,0,0,0,0,16,0,0,0,0,0
event=trace_row ordinal=456 kind=0 ns=288230338893804 fields=49,2,0,25,1,0,0,0,0,0,0,0,0,0,0,0
event=trace_row ordinal=457 kind=1 ns=288230338893804 fields=49,2,0,1008,995,200,200,0,1,0,0,0,0,0,0,0
event=trace_row ordinal=458 kind=3 ns=288230338916846 fields=49,50,0,2,288230338893804,0,0,0,0,0,0,0,0,6,0,2
event=trace_row ordinal=459 kind=5 ns=288230348911697 fields=513,6,2,0,0,0,0,0,0,0,16,0,0,0,0,0
event=trace_row ordinal=460 kind=0 ns=288230348893614 fields=50,2,0,25,1,0,0,0,0,0,0,0,0,0,0,0
event=trace_row ordinal=461 kind=1 ns=288230348893614 fields=50,2,0,1009,995,200,200,0,1,0,0,0,0,0,0,0
event=trace_row ordinal=462 kind=3 ns=288230348914905 fields=50,51,0,2,288230348893614,0,0,0,0,0,0,0,0,6,0,2
event=trace_row ordinal=463 kind=5 ns=288230358912965 fields=513,6,2,0,0,0,0,0,0,0,16,0,0,0,0,0
event=trace_row ordinal=464 kind=0 ns=288230358893131 fields=51,2,0,50,2,0,0,0,0,0,0,0,0,0,0,0
event=trace_row ordinal=465 kind=1 ns=288230358893131 fields=51,2,0,1009,995,200,200,0,1,0,0,0,0,0,0,0
event=trace_row ordinal=466 kind=1 ns=288230358893131 fields=51,2,1,1009,995,200,200,0,1,0,0,0,0,0,0,0
event=trace_row ordinal=467 kind=3 ns=288230358916465 fields=51,52,0,2,288230358893131,0,0,0,0,0,0,0,0,6,0,2
event=trace_row ordinal=468 kind=5 ns=288230368911607 fields=513,6,2,0,0,0,0,0,0,0,16,0,0,0,0,0
event=trace_row ordinal=469 kind=0 ns=288230368893524 fields=52,2,0,25,1,0,0,0,0,0,0,0,0,0,0,0
event=trace_row ordinal=470 kind=1 ns=288230368893524 fields=52,2,0,1008,995,200,200,0,1,0,0,0,0,0,0,0
event=trace_row ordinal=471 kind=3 ns=288230368914524 fields=52,53,0,2,288230368893524,0,0,0,0,0,0,0,0,6,0,2
event=trace_row ordinal=472 kind=5 ns=288230378937667 fields=513,6,2,0,0,0,0,0,0,0,16,0,0,0,0,0
event=trace_row ordinal=473 kind=0 ns=288230378905000 fields=53,2,0,51,2,0,0,0,0,0,0,0,0,0,0,0
event=trace_row ordinal=474 kind=1 ns=288230378905000 fields=53,2,0,1008,995,200,200,0,1,0,0,0,0,0,0,0
event=trace_row ordinal=475 kind=1 ns=288230378905000 fields=53,2,1,1009,995,200,200,0,1,0,0,0,0,0,0,0
event=trace_row ordinal=476 kind=3 ns=288230378942917 fields=53,54,0,2,288230378905000,0,0,0,0,0,0,0,0,6,0,2
event=trace_row ordinal=477 kind=4 ns=288230386676181 fields=385,8,96,20,96,20,0,0,0,0,16,0,0,0,0,0
event=trace_row ordinal=478 kind=4 ns=288230386861098 fields=641,5,3,0,0,0,0,0,0,0,16,0,0,0,0,0
event=trace_row ordinal=479 kind=5 ns=288230388920268 fields=513,6,2,0,0,0,0,0,0,0,16,0,0,0,0,0
event=trace_row ordinal=480 kind=0 ns=288230388896643 fields=54,2,0,26,1,0,0,0,0,0,0,0,0,0,0,0
event=trace_row ordinal=481 kind=1 ns=288230388896643 fields=54,2,0,1009,995,200,200,0,1,0,0,0,0,0,0,0
event=trace_row ordinal=482 kind=3 ns=288230388924060 fields=54,55,0,2,288230388896643,0,0,0,0,0,0,0,0,6,0,2
event=trace_row ordinal=483 kind=5 ns=288230398923577 fields=513,6,2,0,0,0,0,0,0,0,16,0,0,0,0,0
event=trace_row ordinal=484 kind=0 ns=288230398897619 fields=55,2,0,52,2,0,0,0,0,0,0,0,0,0,0,0
event=trace_row ordinal=485 kind=1 ns=288230398897619 fields=55,2,0,1009,995,200,200,0,1,0,0,0,0,0,0,0
event=trace_row ordinal=486 kind=1 ns=288230398897619 fields=55,2,1,1009,995,200,200,0,1,0,0,0,0,0,0,0
event=trace_row ordinal=487 kind=3 ns=288230398928536 fields=55,56,0,2,288230398897619,0,0,0,0,0,0,0,0,6,0,2
event=trace_row ordinal=488 kind=5 ns=288230408918137 fields=513,6,2,0,0,0,0,0,0,0,16,0,0,0,0,0
event=trace_row ordinal=489 kind=0 ns=288230408896845 fields=56,2,0,26,1,0,0,0,0,0,0,0,0,0,0,0
event=trace_row ordinal=490 kind=1 ns=288230408896845 fields=56,2,0,1009,995,200,200,0,1,0,0,0,0,0,0,0
event=trace_row ordinal=491 kind=3 ns=288230408922220 fields=56,57,0,2,288230408896845,0,0,0,0,0,0,0,0,6,0,2
event=trace_row ordinal=492 kind=5 ns=288230418936613 fields=513,6,2,0,0,0,0,0,0,0,16,0,0,0,0,0
event=trace_row ordinal=493 kind=0 ns=288230418904238 fields=57,2,0,26,1,0,0,0,0,0,0,0,0,0,0,0
event=trace_row ordinal=494 kind=1 ns=288230418904238 fields=57,2,0,1009,995,200,200,0,1,0,0,0,0,0,0,0
event=trace_row ordinal=495 kind=3 ns=288230418941571 fields=57,58,0,2,288230418904238,0,0,0,0,0,0,0,0,6,0,2
event=trace_row ordinal=496 kind=5 ns=288230428927672 fields=513,6,2,0,0,0,0,0,0,0,16,0,0,0,0,0
event=trace_row ordinal=497 kind=0 ns=288230428900839 fields=58,2,0,50,2,0,0,0,0,0,0,0,0,0,0,0
event=trace_row ordinal=498 kind=1 ns=288230428900839 fields=58,2,0,1010,995,200,200,0,1,0,0,0,0,0,0,0
event=trace_row ordinal=499 kind=1 ns=288230428900839 fields=58,2,1,1010,995,200,200,0,1,0,0,0,0,0,0,0
event=trace_row ordinal=500 kind=3 ns=288230428932339 fields=58,59,0,2,288230428900839,0,0,0,0,0,0,0,0,6,0,2
event=trace_row ordinal=501 kind=4 ns=288230436691561 fields=385,8,96,20,96,20,0,0,0,0,16,0,0,0,0,0
event=trace_row ordinal=502 kind=4 ns=288230436869770 fields=641,5,3,0,0,0,0,0,0,0,16,0,0,0,0,0
event=trace_row ordinal=503 kind=5 ns=288230438940898 fields=513,6,2,0,0,0,0,0,0,0,16,0,0,0,0,0
event=trace_row ordinal=504 kind=0 ns=288230438908815 fields=59,2,0,25,1,0,0,0,0,0,0,0,0,0,0,0
event=trace_row ordinal=505 kind=1 ns=288230438908815 fields=59,2,0,1010,995,200,200,0,1,0,0,0,0,0,0,0
event=trace_row ordinal=506 kind=3 ns=288230438945857 fields=59,60,0,2,288230438908815,0,0,0,0,0,0,0,0,6,0,2
event=trace_row ordinal=507 kind=5 ns=288230448934291 fields=513,6,2,0,0,0,0,0,0,0,16,0,0,0,0,0
event=trace_row ordinal=508 kind=0 ns=288230448904833 fields=60,2,0,50,2,0,0,0,0,0,0,0,0,0,0,0
event=trace_row ordinal=509 kind=1 ns=288230448904833 fields=60,2,0,1008,995,200,200,0,1,0,0,0,0,0,0,0
event=trace_row ordinal=510 kind=1 ns=288230448904833 fields=60,2,1,1008,995,200,200,0,1,0,0,0,0,0,0,0
event=trace_row ordinal=511 kind=3 ns=288230448939541 fields=60,61,0,2,288230448904833,0,0,0,0,0,0,0,0,6,0,2
event=trace_row ordinal=512 kind=5 ns=288230458924476 fields=513,6,2,0,0,0,0,0,0,0,16,0,0,0,0,0
event=trace_row ordinal=513 kind=0 ns=288230458900559 fields=61,2,0,25,1,0,0,0,0,0,0,0,0,0,0,0
event=trace_row ordinal=514 kind=1 ns=288230458900559 fields=61,2,0,1008,995,200,200,0,1,0,0,0,0,0,0,0
event=trace_row ordinal=515 kind=3 ns=288230458928851 fields=61,62,0,2,288230458900559,0,0,0,0,0,0,0,0,6,0,2
event=trace_row ordinal=516 kind=5 ns=288230468931868 fields=513,6,2,0,0,0,0,0,0,0,16,0,0,0,0,0
event=trace_row ordinal=517 kind=0 ns=288230468901243 fields=62,2,0,50,2,0,0,0,0,0,0,0,0,0,0,0
event=trace_row ordinal=518 kind=1 ns=288230468901243 fields=62,2,0,1009,995,200,200,0,1,0,0,0,0,0,0,0
event=trace_row ordinal=519 kind=1 ns=288230468901243 fields=62,2,1,1009,995,200,200,0,1,0,0,0,0,0,0,0
event=trace_row ordinal=520 kind=3 ns=288230468936243 fields=62,63,0,2,288230468901243,0,0,0,0,0,0,0,0,6,0,2
event=trace_row ordinal=521 kind=4 ns=288230476599215 fields=1793,1,5,0,0,0,0,0,0,0,16,0,0,0,0,0
event=trace_row ordinal=522 kind=5 ns=288230478931969 fields=513,6,2,0,0,0,0,0,0,0,16,0,0,0,0,0
event=trace_row ordinal=523 kind=0 ns=288230478903386 fields=63,2,0,25,1,0,0,0,0,0,0,0,0,0,0,0
event=trace_row ordinal=524 kind=1 ns=288230478903386 fields=63,2,0,1009,995,200,200,0,1,0,0,0,0,0,0,0
event=trace_row ordinal=525 kind=3 ns=288230478936344 fields=63,64,0,2,288230478903386,0,0,0,0,0,0,0,0,6,0,2
event=trace_row ordinal=526 kind=4 ns=288230486713942 fields=385,8,96,20,96,20,0,0,0,0,16,0,0,0,0,0
event=trace_row ordinal=527 kind=4 ns=288230486882525 fields=641,5,3,0,0,0,0,0,0,0,16,0,0,0,0,0
event=trace_row ordinal=528 kind=5 ns=288230488939070 fields=513,6,2,0,0,0,0,0,0,0,16,0,0,0,0,0
event=trace_row ordinal=529 kind=0 ns=288230488908445 fields=64,2,0,25,1,0,0,0,0,0,0,0,0,0,0,0
event=trace_row ordinal=530 kind=1 ns=288230488908445 fields=64,2,0,1008,995,200,200,0,1,0,0,0,0,0,0,0
event=trace_row ordinal=531 kind=3 ns=288230488943445 fields=64,65,0,2,288230488908445,0,0,0,0,0,0,0,0,6,0,2
event=trace_row ordinal=532 kind=5 ns=288230498939755 fields=513,6,2,0,0,0,0,0,0,0,16,0,0,0,0,0
event=trace_row ordinal=533 kind=0 ns=288230498908255 fields=65,2,0,50,2,0,0,0,0,0,0,0,0,0,0,0
event=trace_row ordinal=534 kind=1 ns=288230498908255 fields=65,2,0,1008,995,200,200,0,1,0,0,0,0,0,0,0
event=trace_row ordinal=535 kind=1 ns=288230498908255 fields=65,2,1,1008,995,200,200,0,1,0,0,0,0,0,0,0
event=trace_row ordinal=536 kind=3 ns=288230498945588 fields=65,66,0,2,288230498908255,0,0,0,0,0,0,0,0,6,0,2
event=trace_row ordinal=537 kind=5 ns=288230508945106 fields=513,6,2,0,0,0,0,0,0,0,16,0,0,0,0,0
event=trace_row ordinal=538 kind=0 ns=288230508910106 fields=66,2,0,25,1,0,0,0,0,0,0,0,0,0,0,0
event=trace_row ordinal=539 kind=1 ns=288230508910106 fields=66,2,0,1009,995,200,200,0,1,0,0,0,0,0,0,0
event=trace_row ordinal=540 kind=3 ns=288230508950648 fields=66,67,0,2,288230508910106,0,0,0,0,0,0,0,0,6,0,2
event=trace_row ordinal=541 kind=5 ns=288230518924790 fields=513,6,2,0,0,0,0,0,0,0,16,0,0,0,0,0
event=trace_row ordinal=542 kind=0 ns=288230518901457 fields=67,2,0,50,2,0,0,0,0,0,0,0,0,0,0,0
event=trace_row ordinal=543 kind=1 ns=288230518901457 fields=67,2,0,1009,995,200,200,0,1,0,0,0,0,0,0,0
event=trace_row ordinal=544 kind=1 ns=288230518901457 fields=67,2,1,1009,995,200,200,0,1,0,0,0,0,0,0,0
event=trace_row ordinal=545 kind=3 ns=288230518928290 fields=67,68,0,2,288230518901457,0,0,0,0,0,0,0,0,6,0,2
event=trace_row ordinal=546 kind=5 ns=288230528931308 fields=513,6,2,0,0,0,0,0,0,0,16,0,0,0,0,0
event=trace_row ordinal=547 kind=0 ns=288230528904183 fields=68,2,0,25,1,0,0,0,0,0,0,0,0,0,0,0
event=trace_row ordinal=548 kind=1 ns=288230528904183 fields=68,2,0,1009,995,200,200,0,1,0,0,0,0,0,0,0
event=trace_row ordinal=549 kind=3 ns=288230528935683 fields=68,69,0,2,288230528904183,0,0,0,0,0,0,0,0,6,0,2
event=trace_row ordinal=550 kind=4 ns=288230536718822 fields=385,8,96,20,96,20,0,0,0,0,16,0,0,0,0,0
event=trace_row ordinal=551 kind=4 ns=288230536828780 fields=641,5,3,0,0,0,0,0,0,0,16,0,0,0,0,0
event=trace_row ordinal=552 kind=5 ns=288230538928201 fields=513,6,2,0,0,0,0,0,0,0,16,0,0,0,0,0
event=trace_row ordinal=553 kind=0 ns=288230538903117 fields=69,2,0,50,2,0,0,0,0,0,0,0,0,0,0,0
event=trace_row ordinal=554 kind=1 ns=288230538903117 fields=69,2,0,1009,995,200,200,0,1,0,0,0,0,0,0,0
event=trace_row ordinal=555 kind=1 ns=288230538903117 fields=69,2,1,1009,995,200,200,0,1,0,0,0,0,0,0,0
event=trace_row ordinal=556 kind=3 ns=288230538932576 fields=69,70,0,2,288230538903117,0,0,0,0,0,0,0,0,6,0,2
event=trace_row ordinal=557 kind=5 ns=288230548921010 fields=513,6,2,0,0,0,0,0,0,0,16,0,0,0,0,0
event=trace_row ordinal=558 kind=0 ns=288230548900010 fields=70,2,0,25,1,0,0,0,0,0,0,0,0,0,0,0
event=trace_row ordinal=559 kind=1 ns=288230548900010 fields=70,2,0,1009,995,200,200,0,1,0,0,0,0,0,0,0
event=trace_row ordinal=560 kind=3 ns=288230548924802 fields=70,71,0,2,288230548900010,0,0,0,0,0,0,0,0,6,0,2
event=trace_row ordinal=561 kind=5 ns=288230558919070 fields=513,6,2,0,0,0,0,0,0,0,16,0,0,0,0,0
event=trace_row ordinal=562 kind=0 ns=288230558897778 fields=71,2,0,25,1,0,0,0,0,0,0,0,0,0,0,0
event=trace_row ordinal=563 kind=1 ns=288230558897778 fields=71,2,0,1009,995,200,200,0,1,0,0,0,0,0,0,0
event=trace_row ordinal=564 kind=3 ns=288230558923153 fields=71,72,0,2,288230558897778,0,0,0,0,0,0,0,0,6,0,2
event=trace_row ordinal=565 kind=5 ns=288230568943379 fields=513,6,2,0,0,0,0,0,0,0,16,0,0,0,0,0
event=trace_row ordinal=566 kind=0 ns=288230568906337 fields=72,2,0,50,2,0,0,0,0,0,0,0,0,0,0,0
event=trace_row ordinal=567 kind=1 ns=288230568906337 fields=72,2,0,1008,995,200,200,0,1,0,0,0,0,0,0,0
event=trace_row ordinal=568 kind=1 ns=288230568906337 fields=72,2,1,1008,995,200,200,0,1,0,0,0,0,0,0,0
event=trace_row ordinal=569 kind=3 ns=288230568948921 fields=72,73,0,2,288230568906337,0,0,0,0,0,0,0,0,6,0,2
event=trace_row ordinal=570 kind=5 ns=288230578925397 fields=513,6,2,0,0,0,0,0,0,0,16,0,0,0,0,0
event=trace_row ordinal=571 kind=0 ns=288230578902063 fields=73,2,0,25,1,0,0,0,0,0,0,0,0,0,0,0
event=trace_row ordinal=572 kind=1 ns=288230578902063 fields=73,2,0,1008,995,200,200,0,1,0,0,0,0,0,0,0
event=trace_row ordinal=573 kind=3 ns=288230578929188 fields=73,74,0,2,288230578902063,0,0,0,0,0,0,0,0,6,0,2
event=trace_row ordinal=574 kind=4 ns=288230586723994 fields=385,8,96,20,96,20,0,0,0,0,16,0,0,0,0,0
event=trace_row ordinal=575 kind=4 ns=288230586896953 fields=641,5,3,0,0,0,0,0,0,0,16,0,0,0,0,0
event=trace_row ordinal=576 kind=5 ns=288230588925206 fields=513,6,2,0,0,0,0,0,0,0,16,0,0,0,0,0
event=trace_row ordinal=577 kind=0 ns=288230588901873 fields=74,2,0,50,2,0,0,0,0,0,0,0,0,0,0,0
event=trace_row ordinal=578 kind=1 ns=288230588901873 fields=74,2,0,1009,995,200,200,0,1,0,0,0,0,0,0,0
event=trace_row ordinal=579 kind=1 ns=288230588901873 fields=74,2,1,1009,995,200,200,0,1,0,0,0,0,0,0,0
event=trace_row ordinal=580 kind=3 ns=288230588929290 fields=74,75,0,2,288230588901873,0,0,0,0,0,0,0,0,6,0,2
event=trace_row ordinal=581 kind=5 ns=288230598925016 fields=513,6,2,0,0,0,0,0,0,0,16,0,0,0,0,0
event=trace_row ordinal=582 kind=0 ns=288230598900807 fields=75,2,0,25,1,0,0,0,0,0,0,0,0,0,0,0
event=trace_row ordinal=583 kind=1 ns=288230598900807 fields=75,2,0,1009,995,200,200,0,1,0,0,0,0,0,0,0
event=trace_row ordinal=584 kind=3 ns=288230598929099 fields=75,76,0,2,288230598900807,0,0,0,0,0,0,0,0,6,0,2
event=trace_row ordinal=585 kind=5 ns=288230608926283 fields=513,6,2,0,0,0,0,0,0,0,16,0,0,0,0,0
event=trace_row ordinal=586 kind=0 ns=288230608901492 fields=76,2,0,50,2,0,0,0,0,0,0,0,0,0,0,0
event=trace_row ordinal=587 kind=1 ns=288230608901492 fields=76,2,0,1008,995,200,200,0,1,0,0,0,0,0,0,0
event=trace_row ordinal=588 kind=1 ns=288230608901492 fields=76,2,1,1008,995,200,200,0,1,0,0,0,0,0,0,0
event=trace_row ordinal=589 kind=3 ns=288230608930367 fields=76,77,0,2,288230608901492,0,0,0,0,0,0,0,0,6,0,2
event=trace_row ordinal=590 kind=5 ns=288230618932509 fields=513,6,2,0,0,0,0,0,0,0,16,0,0,0,0,0
event=trace_row ordinal=591 kind=0 ns=288230618904801 fields=77,2,0,25,1,0,0,0,0,0,0,0,0,0,0,0
event=trace_row ordinal=592 kind=1 ns=288230618904801 fields=77,2,0,1008,995,200,200,0,1,0,0,0,0,0,0,0
event=trace_row ordinal=593 kind=3 ns=288230618936593 fields=77,78,0,2,288230618904801,0,0,0,0,0,0,0,0,6,0,2
event=trace_row ordinal=594 kind=5 ns=288230628913069 fields=513,6,2,0,0,0,0,0,0,0,16,0,0,0,0,0
event=trace_row ordinal=595 kind=0 ns=288230628894402 fields=78,2,0,25,1,0,0,0,0,0,0,0,0,0,0,0
event=trace_row ordinal=596 kind=1 ns=288230628894402 fields=78,2,0,1009,995,200,200,0,1,0,0,0,0,0,0,0
event=trace_row ordinal=597 kind=3 ns=288230628915986 fields=78,79,0,2,288230628894402,0,0,0,0,0,0,0,0,6,0,2
event=trace_row ordinal=598 kind=4 ns=288230636725958 fields=385,8,96,20,96,20,0,0,0,0,16,0,0,0,0,0
event=trace_row ordinal=599 kind=4 ns=288230636907375 fields=641,5,3,0,0,0,0,0,0,0,16,0,0,0,0,0
event=trace_row ordinal=600 kind=5 ns=288230638915795 fields=513,6,2,0,0,0,0,0,0,0,16,0,0,0,0,0
event=trace_row ordinal=601 kind=0 ns=288230638894795 fields=79,2,0,50,2,0,0,0,0,0,0,0,0,0,0,0
event=trace_row ordinal=602 kind=1 ns=288230638894795 fields=79,2,0,1009,995,200,200,0,1,0,0,0,0,0,0,0
event=trace_row ordinal=603 kind=1 ns=288230638894795 fields=79,2,1,1009,995,200,200,0,1,0,0,0,0,0,0,0
event=trace_row ordinal=604 kind=3 ns=288230638919878 fields=79,80,0,2,288230638894795,0,0,0,0,0,0,0,0,6,0,2
event=trace_row ordinal=605 kind=5 ns=288230648912396 fields=513,6,2,0,0,0,0,0,0,0,16,0,0,0,0,0
event=trace_row ordinal=606 kind=0 ns=288230648893729 fields=80,2,0,26,1,0,0,0,0,0,0,0,0,0,0,0
event=trace_row ordinal=607 kind=1 ns=288230648893729 fields=80,2,0,1008,995,200,200,0,1,0,0,0,0,0,0,0
event=trace_row ordinal=608 kind=3 ns=288230648915604 fields=80,81,0,2,288230648893729,0,0,0,0,0,0,0,0,6,0,2
event=trace_row ordinal=609 kind=5 ns=288230658913372 fields=513,6,2,0,0,0,0,0,0,0,16,0,0,0,0,0
event=trace_row ordinal=610 kind=0 ns=288230658893539 fields=81,2,0,52,2,0,0,0,0,0,0,0,0,0,0,0
event=trace_row ordinal=611 kind=1 ns=288230658893539 fields=81,2,0,1008,995,200,200,0,1,0,0,0,0,0,0,0
event=trace_row ordinal=612 kind=1 ns=288230658893539 fields=81,2,1,1009,995,200,200,0,1,0,0,0,0,0,0,0
event=trace_row ordinal=613 kind=3 ns=288230658916872 fields=81,82,0,2,288230658893539,0,0,0,0,0,0,0,0,6,0,2
event=trace_row ordinal=614 kind=5 ns=288230668910848 fields=513,6,2,0,0,0,0,0,0,0,16,0,0,0,0,0
event=trace_row ordinal=615 kind=0 ns=288230668893056 fields=82,2,0,26,1,0,0,0,0,0,0,0,0,0,0,0
event=trace_row ordinal=616 kind=1 ns=288230668893056 fields=82,2,0,1009,995,200,200,0,1,0,0,0,0,0,0,0
event=trace_row ordinal=617 kind=3 ns=288230668914056 fields=82,83,0,2,288230668893056,0,0,0,0,0,0,0,0,6,0,2
event=trace_row ordinal=618 kind=5 ns=288230678913283 fields=513,6,2,0,0,0,0,0,0,0,16,0,0,0,0,0
event=trace_row ordinal=619 kind=0 ns=288230678893449 fields=83,2,0,51,2,0,0,0,0,0,0,0,0,0,0,0
event=trace_row ordinal=620 kind=1 ns=288230678893449 fields=83,2,0,1009,995,200,200,0,1,0,0,0,0,0,0,0
event=trace_row ordinal=621 kind=1 ns=288230678893449 fields=83,2,1,1008,995,200,200,0,1,0,0,0,0,0,0,0
event=trace_row ordinal=622 kind=3 ns=288230678916783 fields=83,84,0,2,288230678893449,0,0,0,0,0,0,0,0,6,0,2
event=trace_row ordinal=623 kind=4 ns=288230686729380 fields=385,8,96,20,96,20,0,0,0,0,16,0,0,0,0,0
event=trace_row ordinal=624 kind=4 ns=288230686914588 fields=641,5,3,0,0,0,0,0,0,0,16,0,0,0,0,0
event=trace_row ordinal=625 kind=5 ns=288230688912217 fields=513,6,2,0,0,0,0,0,0,0,16,0,0,0,0,0
event=trace_row ordinal=626 kind=0 ns=288230688893550 fields=84,2,0,25,1,0,0,0,0,0,0,0,0,0,0,0
event=trace_row ordinal=627 kind=1 ns=288230688893550 fields=84,2,0,1008,995,200,200,0,1,0,0,0,0,0,0,0
event=trace_row ordinal=628 kind=3 ns=288230688915717 fields=84,85,0,2,288230688893550,0,0,0,0,0,0,0,0,6,0,2
event=trace_row ordinal=629 kind=5 ns=288230698913193 fields=513,6,2,0,0,0,0,0,0,0,16,0,0,0,0,0
event=trace_row ordinal=630 kind=0 ns=288230698894526 fields=85,2,0,25,1,0,0,0,0,0,0,0,0,0,0,0
event=trace_row ordinal=631 kind=1 ns=288230698894526 fields=85,2,0,1008,995,200,200,0,1,0,0,0,0,0,0,0
event=trace_row ordinal=632 kind=3 ns=288230698916693 fields=85,86,0,2,288230698894526,0,0,0,0,0,0,0,0,6,0,2
event=trace_row ordinal=633 kind=5 ns=288230708913586 fields=513,6,2,0,0,0,0,0,0,0,16,0,0,0,0,0
event=trace_row ordinal=634 kind=0 ns=288230708893752 fields=86,2,0,50,2,0,0,0,0,0,0,0,0,0,0,0
event=trace_row ordinal=635 kind=1 ns=288230708893752 fields=86,2,0,1009,995,200,200,0,1,0,0,0,0,0,0,0
event=trace_row ordinal=636 kind=1 ns=288230708893752 fields=86,2,1,1009,995,200,200,0,1,0,0,0,0,0,0,0
event=trace_row ordinal=637 kind=3 ns=288230708917086 fields=86,87,0,2,288230708893752,0,0,0,0,0,0,0,0,6,0,2
event=trace_row ordinal=638 kind=5 ns=288230718913979 fields=513,6,2,0,0,0,0,0,0,0,16,0,0,0,0,0
event=trace_row ordinal=639 kind=0 ns=288230718895020 fields=87,2,0,25,1,0,0,0,0,0,0,0,0,0,0,0
event=trace_row ordinal=640 kind=1 ns=288230718895020 fields=87,2,0,1009,995,200,200,0,1,0,0,0,0,0,0,0
event=trace_row ordinal=641 kind=3 ns=288230718917479 fields=87,88,0,2,288230718895020,0,0,0,0,0,0,0,0,6,0,2
event=trace_row ordinal=642 kind=4 ns=288230726135950 fields=1793,1,5,0,0,0,0,0,0,0,16,0,0,0,0,0
event=trace_row ordinal=643 kind=5 ns=288230728915246 fields=513,6,2,0,0,0,0,0,0,0,16,0,0,0,0,0
event=trace_row ordinal=644 kind=0 ns=288230728894830 fields=88,2,0,50,2,0,0,0,0,0,0,0,0,0,0,0
event=trace_row ordinal=645 kind=1 ns=288230728894830 fields=88,2,0,1008,995,200,200,0,1,0,0,0,0,0,0,0
event=trace_row ordinal=646 kind=1 ns=288230728894830 fields=88,2,1,1008,995,200,200,0,1,0,0,0,0,0,0,0
event=trace_row ordinal=647 kind=3 ns=288230728918746 fields=88,89,0,2,288230728894830,0,0,0,0,0,0,0,0,6,0,2
event=trace_row ordinal=648 kind=4 ns=288230736733677 fields=385,8,96,20,96,20,0,0,0,0,16,0,0,0,0,0
event=trace_row ordinal=649 kind=4 ns=288230736863469 fields=641,5,3,0,0,0,0,0,0,0,16,0,0,0,0,0
event=trace_row ordinal=650 kind=5 ns=288230738912722 fields=513,6,2,0,0,0,0,0,0,0,16,0,0,0,0,0
event=trace_row ordinal=651 kind=0 ns=288230738894347 fields=89,2,0,25,1,0,0,0,0,0,0,0,0,0,0,0
event=trace_row ordinal=652 kind=1 ns=288230738894347 fields=89,2,0,1008,995,200,200,0,1,0,0,0,0,0,0,0
event=trace_row ordinal=653 kind=3 ns=288230738915931 fields=89,90,0,2,288230738894347,0,0,0,0,0,0,0,0,6,0,2
event=trace_row ordinal=654 kind=5 ns=288230748913990 fields=513,6,2,0,0,0,0,0,0,0,16,0,0,0,0,0
event=trace_row ordinal=655 kind=0 ns=288230748893865 fields=90,2,0,50,2,0,0,0,0,0,0,0,0,0,0,0
event=trace_row ordinal=656 kind=1 ns=288230748893865 fields=90,2,0,1009,995,200,200,0,1,0,0,0,0,0,0,0
event=trace_row ordinal=657 kind=1 ns=288230748893865 fields=90,2,1,1009,995,200,200,0,1,0,0,0,0,0,0,0
event=trace_row ordinal=658 kind=3 ns=288230748918073 fields=90,91,0,2,288230748893865,0,0,0,0,0,0,0,0,6,0,2
event=trace_row ordinal=659 kind=5 ns=288230758912050 fields=513,6,2,0,0,0,0,0,0,0,16,0,0,0,0,0
event=trace_row ordinal=660 kind=0 ns=288230758893675 fields=91,2,0,25,1,0,0,0,0,0,0,0,0,0,0,0
event=trace_row ordinal=661 kind=1 ns=288230758893675 fields=91,2,0,1009,995,200,200,0,1,0,0,0,0,0,0,0
event=trace_row ordinal=662 kind=3 ns=288230758915258 fields=91,92,0,2,288230758893675,0,0,0,0,0,0,0,0,6,0,2
event=trace_row ordinal=663 kind=5 ns=288230768911567 fields=513,6,2,0,0,0,0,0,0,0,16,0,0,0,0,0
event=trace_row ordinal=664 kind=0 ns=288230768893484 fields=92,2,0,25,1,0,0,0,0,0,0,0,0,0,0,0
event=trace_row ordinal=665 kind=1 ns=288230768893484 fields=92,2,0,1008,995,200,200,0,1,0,0,0,0,0,0,0
event=trace_row ordinal=666 kind=3 ns=288230768914776 fields=92,93,0,2,288230768893484,0,0,0,0,0,0,0,0,6,0,2
event=trace_row ordinal=667 kind=5 ns=288230778992752 fields=513,6,2,0,0,0,0,0,0,0,16,0,0,0,0,0
event=trace_row ordinal=668 kind=0 ns=288230778923918 fields=93,2,0,50,2,0,0,0,0,0,0,0,0,0,0,0
event=trace_row ordinal=669 kind=1 ns=288230778923918 fields=93,2,0,1008,995,200,200,0,1,0,0,0,0,0,0,0
event=trace_row ordinal=670 kind=1 ns=288230778923918 fields=93,2,1,1008,995,200,200,0,1,0,0,0,0,0,0,0
event=trace_row ordinal=671 kind=3 ns=288230779003252 fields=93,94,0,2,288230778923918,0,0,0,0,0,0,0,0,6,0,2
event=trace_row ordinal=672 kind=4 ns=288230786754016 fields=385,8,96,20,96,20,0,0,0,0,16,0,0,0,0,0
event=trace_row ordinal=673 kind=4 ns=288230786933099 fields=641,5,3,0,0,0,0,0,0,0,16,0,0,0,0,0
event=trace_row ordinal=674 kind=5 ns=288230788916144 fields=513,6,2,0,0,0,0,0,0,0,16,0,0,0,0,0
event=trace_row ordinal=675 kind=0 ns=288230788896019 fields=94,2,0,25,1,0,0,0,0,0,0,0,0,0,0,0
event=trace_row ordinal=676 kind=1 ns=288230788896019 fields=94,2,0,1009,995,200,200,0,1,0,0,0,0,0,0,0
event=trace_row ordinal=677 kind=3 ns=288230788919644 fields=94,95,0,2,288230788896019,0,0,0,0,0,0,0,0,6,0,2
event=trace_row ordinal=678 kind=5 ns=288230798931121 fields=513,6,2,0,0,0,0,0,0,0,16,0,0,0,0,0
event=trace_row ordinal=679 kind=0 ns=288230798901662 fields=95,2,0,50,2,0,0,0,0,0,0,0,0,0,0,0
event=trace_row ordinal=680 kind=1 ns=288230798901662 fields=95,2,0,1009,995,200,200,0,1,0,0,0,0,0,0,0
event=trace_row ordinal=681 kind=1 ns=288230798901662 fields=95,2,1,1008,995,200,200,0,1,0,0,0,0,0,0,0
event=trace_row ordinal=682 kind=3 ns=288230798936079 fields=95,96,0,2,288230798901662,0,0,0,0,0,0,0,0,6,0,2
event=trace_row ordinal=683 kind=5 ns=288230808913138 fields=513,6,2,0,0,0,0,0,0,0,16,0,0,0,0,0
event=trace_row ordinal=684 kind=0 ns=288230808894180 fields=96,2,0,25,1,0,0,0,0,0,0,0,0,0,0,0
event=trace_row ordinal=685 kind=1 ns=288230808894180 fields=96,2,0,1008,995,200,200,0,1,0,0,0,0,0,0,0
event=trace_row ordinal=686 kind=3 ns=288230808916638 fields=96,97,0,2,288230808894180,0,0,0,0,0,0,0,0,6,0,2
event=trace_row ordinal=687 kind=5 ns=288230818913823 fields=513,6,2,0,0,0,0,0,0,0,16,0,0,0,0,0
event=trace_row ordinal=688 kind=0 ns=288230818893698 fields=97,2,0,50,2,0,0,0,0,0,0,0,0,0,0,0
event=trace_row ordinal=689 kind=1 ns=288230818893698 fields=97,2,0,1008,995,200,200,0,1,0,0,0,0,0,0,0
event=trace_row ordinal=690 kind=1 ns=288230818893698 fields=97,2,1,1009,995,200,200,0,1,0,0,0,0,0,0,0
event=trace_row ordinal=691 kind=3 ns=288230818917323 fields=97,98,0,2,288230818893698,0,0,0,0,0,0,0,0,6,0,2
event=trace_row ordinal=692 kind=5 ns=288230828914507 fields=513,6,2,0,0,0,0,0,0,0,16,0,0,0,0,0
event=trace_row ordinal=693 kind=0 ns=288230828894674 fields=98,2,0,25,1,0,0,0,0,0,0,0,0,0,0,0
event=trace_row ordinal=694 kind=1 ns=288230828894674 fields=98,2,0,1009,995,200,200,0,1,0,0,0,0,0,0,0
event=trace_row ordinal=695 kind=3 ns=288230828918007 fields=98,99,0,2,288230828894674,0,0,0,0,0,0,0,0,6,0,2
event=trace_row ordinal=696 kind=4 ns=288230836763563 fields=385,8,96,20,96,20,0,0,0,0,16,0,0,0,0,0
event=trace_row ordinal=697 kind=4 ns=288230836949355 fields=641,5,3,0,0,0,0,0,0,0,16,0,0,0,0,0
event=trace_row ordinal=698 kind=5 ns=288230838913150 fields=513,6,2,0,0,0,0,0,0,0,16,0,0,0,0,0
event=trace_row ordinal=699 kind=0 ns=288230838893900 fields=99,2,0,25,1,0,0,0,0,0,0,0,0,0,0,0
event=trace_row ordinal=700 kind=1 ns=288230838893900 fields=99,2,0,1009,995,200,200,0,1,0,0,0,0,0,0,0
event=trace_row ordinal=701 kind=3 ns=288230838916650 fields=99,100,0,2,288230838893900,0,0,0,0,0,0,0,0,6,0,2
event=trace_row ordinal=702 kind=5 ns=288230848915584 fields=513,6,2,0,0,0,0,0,0,0,16,0,0,0,0,0
event=trace_row ordinal=703 kind=0 ns=288230848894293 fields=100,2,0,50,2,0,0,0,0,0,0,0,0,0,0,0
event=trace_row ordinal=704 kind=1 ns=288230848894293 fields=100,2,0,1008,995,200,200,0,1,0,0,0,0,0,0,0
event=trace_row ordinal=705 kind=1 ns=288230848894293 fields=100,2,1,1008,995,200,200,0,1,0,0,0,0,0,0,0
event=trace_row ordinal=706 kind=3 ns=288230848919376 fields=100,101,0,2,288230848894293,0,0,0,0,0,0,0,0,6,0,2
event=trace_row ordinal=707 kind=5 ns=288230858912477 fields=513,6,2,0,0,0,0,0,0,0,16,0,0,0,0,0
event=trace_row ordinal=708 kind=0 ns=288230858893810 fields=101,2,0,25,1,0,0,0,0,0,0,0,0,0,0,0
event=trace_row ordinal=709 kind=1 ns=288230858893810 fields=101,2,0,1008,995,200,200,0,1,0,0,0,0,0,0,0
event=trace_row ordinal=710 kind=3 ns=288230858915685 fields=101,102,0,2,288230858893810,0,0,0,0,0,0,0,0,6,0,2
event=trace_row ordinal=711 kind=5 ns=288230868919578 fields=513,6,2,0,0,0,0,0,0,0,16,0,0,0,0,0
event=trace_row ordinal=712 kind=0 ns=288230868895661 fields=102,2,0,50,2,0,0,0,0,0,0,0,0,0,0,0
event=trace_row ordinal=713 kind=1 ns=288230868895661 fields=102,2,0,1009,995,200,200,0,1,0,0,0,0,0,0,0
event=trace_row ordinal=714 kind=1 ns=288230868895661 fields=102,2,1,1009,995,200,200,0,1,0,0,0,0,0,0,0
event=trace_row ordinal=715 kind=3 ns=288230868924245 fields=102,103,0,2,288230868895661,0,0,0,0,0,0,0,0,6,0,2
event=trace_row ordinal=716 kind=5 ns=288230878913262 fields=513,6,2,0,0,0,0,0,0,0,16,0,0,0,0,0
event=trace_row ordinal=717 kind=0 ns=288230878894304 fields=103,2,0,25,1,0,0,0,0,0,0,0,0,0,0,0
event=trace_row ordinal=718 kind=1 ns=288230878894304 fields=103,2,0,1009,995,200,200,0,1,0,0,0,0,0,0,0
event=trace_row ordinal=719 kind=3 ns=288230878916762 fields=103,104,0,2,288230878894304,0,0,0,0,0,0,0,0,6,0,2
event=trace_row ordinal=720 kind=4 ns=288230886772818 fields=385,8,96,20,96,20,0,0,0,0,16,0,0,0,0,0
event=trace_row ordinal=721 kind=4 ns=288230886960068 fields=641,5,3,0,0,0,0,0,0,0,16,0,0,0,0,0
event=trace_row ordinal=722 kind=5 ns=288230888914822 fields=513,6,2,0,0,0,0,0,0,0,16,0,0,0,0,0
event=trace_row ordinal=723 kind=0 ns=288230888894405 fields=104,2,0,50,2,0,0,0,0,0,0,0,0,0,0,0
event=trace_row ordinal=724 kind=1 ns=288230888894405 fields=104,2,0,1008,995,200,200,0,1,0,0,0,0,0,0,0
event=trace_row ordinal=725 kind=1 ns=288230888894405 fields=104,2,1,1008,995,200,200,0,1,0,0,0,0,0,0,0
event=trace_row ordinal=726 kind=3 ns=288230888918322 fields=104,105,0,2,288230888894405,0,0,0,0,0,0,0,0,6,0,2
event=trace_row ordinal=727 kind=5 ns=288230898911715 fields=513,6,2,0,0,0,0,0,0,0,16,0,0,0,0,0
event=trace_row ordinal=728 kind=0 ns=288230898893340 fields=105,2,0,25,1,0,0,0,0,0,0,0,0,0,0,0
event=trace_row ordinal=729 kind=1 ns=288230898893340 fields=105,2,0,1008,995,200,200,0,1,0,0,0,0,0,0,0
event=trace_row ordinal=730 kind=3 ns=288230898914923 fields=105,106,0,2,288230898893340,0,0,0,0,0,0,0,0,6,0,2
event=trace_row ordinal=731 kind=5 ns=288230908911232 fields=513,6,2,0,0,0,0,0,0,0,16,0,0,0,0,0
event=trace_row ordinal=732 kind=0 ns=288230908893441 fields=106,2,0,25,1,0,0,0,0,0,0,0,0,0,0,0
event=trace_row ordinal=733 kind=1 ns=288230908893441 fields=106,2,0,1009,996,200,200,0,1,0,0,0,0,0,0,0
event=trace_row ordinal=734 kind=3 ns=288230908914441 fields=106,107,0,2,288230908893441,0,0,0,0,0,0,0,0,6,0,2
event=trace_row ordinal=735 kind=5 ns=288230918913667 fields=513,6,2,0,0,0,0,0,0,0,16,0,0,0,0,0
event=trace_row ordinal=736 kind=0 ns=288230918893833 fields=107,2,0,50,2,0,0,0,0,0,0,0,0,0,0,0
event=trace_row ordinal=737 kind=1 ns=288230918893833 fields=107,2,0,1009,996,200,200,0,1,0,0,0,0,0,0,0
event=trace_row ordinal=738 kind=1 ns=288230918893833 fields=107,2,1,1009,996,200,200,0,1,0,0,0,0,0,0,0
event=trace_row ordinal=739 kind=3 ns=288230918916875 fields=107,108,0,2,288230918893833,0,0,0,0,0,0,0,0,6,0,2
event=trace_row ordinal=740 kind=5 ns=288230928911726 fields=513,6,2,0,0,0,0,0,0,0,16,0,0,0,0,0
event=trace_row ordinal=741 kind=0 ns=288230928893643 fields=108,2,0,25,1,0,0,0,0,0,0,0,0,0,0,0
event=trace_row ordinal=742 kind=1 ns=288230928893643 fields=108,2,0,1008,996,200,200,0,1,0,0,0,0,0,0,0
event=trace_row ordinal=743 kind=3 ns=288230928914935 fields=108,109,0,2,288230928893643,0,0,0,0,0,0,0,0,6,0,2
event=trace_row ordinal=744 kind=4 ns=288230936780907 fields=385,8,96,20,96,20,0,0,0,0,16,0,0,0,0,0
event=trace_row ordinal=745 kind=4 ns=288230936959699 fields=641,5,3,0,0,0,0,0,0,0,16,0,0,0,0,0
event=trace_row ordinal=746 kind=5 ns=288230938926994 fields=513,6,2,0,0,0,0,0,0,0,16,0,0,0,0,0
event=trace_row ordinal=747 kind=0 ns=288230938900161 fields=109,2,0,50,2,0,0,0,0,0,0,0,0,0,0,0
event=trace_row ordinal=748 kind=1 ns=288230938900161 fields=109,2,0,1008,996,200,200,0,1,0,0,0,0,0,0,0
event=trace_row ordinal=749 kind=1 ns=288230938900161 fields=109,2,1,1008,996,200,200,0,1,0,0,0,0,0,0,0
event=trace_row ordinal=750 kind=3 ns=288230938931952 fields=109,110,0,2,288230938900161,0,0,0,0,0,0,0,0,6,0,2
event=trace_row ordinal=751 kind=5 ns=288230948919512 fields=513,6,2,0,0,0,0,0,0,0,16,0,0,0,0,0
event=trace_row ordinal=752 kind=0 ns=288230948897637 fields=110,2,0,25,1,0,0,0,0,0,0,0,0,0,0,0
event=trace_row ordinal=753 kind=1 ns=288230948897637 fields=110,2,0,1008,996,200,200,0,1,0,0,0,0,0,0,0
event=trace_row ordinal=754 kind=3 ns=288230948923012 fields=110,111,0,2,288230948897637,0,0,0,0,0,0,0,0,6,0,2
event=trace_row ordinal=755 kind=5 ns=288230958938280 fields=513,6,2,0,0,0,0,0,0,0,16,0,0,0,0,0
event=trace_row ordinal=756 kind=0 ns=288230958905321 fields=111,2,0,50,2,0,0,0,0,0,0,0,0,0,0,0
event=trace_row ordinal=757 kind=1 ns=288230958905321 fields=111,2,0,1008,996,200,200,0,1,0,0,0,0,0,0,0
event=trace_row ordinal=758 kind=1 ns=288230958905321 fields=111,2,1,1008,996,200,200,0,1,0,0,0,0,0,0,0
event=trace_row ordinal=759 kind=3 ns=288230958944113 fields=111,112,0,2,288230958905321,0,0,0,0,0,0,0,0,6,0,2
event=trace_row ordinal=760 kind=5 ns=288230968936631 fields=513,6,2,0,0,0,0,0,0,0,16,0,0,0,0,0
event=trace_row ordinal=761 kind=0 ns=288230968903381 fields=112,2,0,25,1,0,0,0,0,0,0,0,0,0,0,0
event=trace_row ordinal=762 kind=1 ns=288230968903381 fields=112,2,0,1008,996,200,200,0,1,0,0,0,0,0,0,0
event=trace_row ordinal=763 kind=3 ns=288230968942464 fields=112,113,0,2,288230968903381,0,0,0,0,0,0,0,0,6,0,2
event=trace_row ordinal=764 kind=4 ns=288230975710893 fields=1793,1,5,0,0,0,0,0,0,0,16,0,0,0,0,0
event=trace_row ordinal=765 kind=5 ns=288230978981649 fields=513,6,2,0,0,0,0,0,0,0,16,0,0,0,0,0
event=trace_row ordinal=766 kind=0 ns=288230978923607 fields=113,2,0,25,1,0,0,0,0,0,0,0,0,0,0,0
event=trace_row ordinal=767 kind=1 ns=288230978923607 fields=113,2,0,1008,996,200,200,0,1,0,0,0,0,0,0,0
event=trace_row ordinal=768 kind=3 ns=288230978989524 fields=113,114,0,2,288230978923607,0,0,0,0,0,0,0,0,6,0,2
event=trace_row ordinal=769 kind=4 ns=288230986791913 fields=385,8,96,20,96,20,0,0,0,0,16,0,0,0,0,0
event=trace_row ordinal=770 kind=4 ns=288230986971871 fields=641,5,3,0,0,0,0,0,0,0,16,0,0,0,0,0
event=trace_row ordinal=771 kind=5 ns=288230988938000 fields=513,6,2,0,0,0,0,0,0,0,16,0,0,0,0,0
event=trace_row ordinal=772 kind=0 ns=288230988908250 fields=114,2,0,50,2,0,0,0,0,0,0,0,0,0,0,0
event=trace_row ordinal=773 kind=1 ns=288230988908250 fields=114,2,0,1008,996,200,200,0,1,0,0,0,0,0,0,0
event=trace_row ordinal=774 kind=1 ns=288230988908250 fields=114,2,1,1008,996,200,200,0,1,0,0,0,0,0,0,0
event=trace_row ordinal=775 kind=3 ns=288230988943250 fields=114,115,0,2,288230988908250,0,0,0,0,0,0,0,0,6,0,2
event=trace_row ordinal=776 kind=5 ns=288230998984768 fields=513,6,2,0,0,0,0,0,0,0,16,0,0,0,0,0
event=trace_row ordinal=777 kind=0 ns=288230998927018 fields=115,2,0,25,1,0,0,0,0,0,0,0,0,0,0,0
event=trace_row ordinal=778 kind=1 ns=288230998927018 fields=115,2,0,1008,996,200,200,0,1,0,0,0,0,0,0,0
event=trace_row ordinal=779 kind=3 ns=288230998993518 fields=115,116,0,2,288230998927018,0,0,0,0,0,0,0,0,6,0,2
event=trace_row ordinal=780 kind=5 ns=288231008920410 fields=513,6,2,0,0,0,0,0,0,0,16,0,0,0,0,0
event=trace_row ordinal=781 kind=0 ns=288231008897369 fields=116,2,0,50,2,0,0,0,0,0,0,0,0,0,0,0
event=trace_row ordinal=782 kind=1 ns=288231008897369 fields=116,2,0,1008,996,200,200,0,1,0,0,0,0,0,0,0
event=trace_row ordinal=783 kind=1 ns=288231008897369 fields=116,2,1,1008,996,200,200,0,1,0,0,0,0,0,0,0
event=trace_row ordinal=784 kind=3 ns=288231008924494 fields=116,117,0,2,288231008897369,0,0,0,0,0,0,0,0,6,0,2
event=trace_row ordinal=785 kind=5 ns=288231018949970 fields=513,6,2,0,0,0,0,0,0,0,16,0,0,0,0,0
event=trace_row ordinal=786 kind=0 ns=288231018911178 fields=117,2,0,25,1,0,0,0,0,0,0,0,0,0,0,0
event=trace_row ordinal=787 kind=1 ns=288231018911178 fields=117,2,0,1008,996,200,200,0,1,0,0,0,0,0,0,0
event=trace_row ordinal=788 kind=3 ns=288231018956970 fields=117,118,0,2,288231018911178,0,0,0,0,0,0,0,0,6,0,2
event=trace_row ordinal=789 kind=5 ns=288231028921488 fields=513,6,2,0,0,0,0,0,0,0,16,0,0,0,0,0
event=trace_row ordinal=790 kind=0 ns=288231028897863 fields=118,2,0,50,2,0,0,0,0,0,0,0,0,0,0,0
event=trace_row ordinal=791 kind=1 ns=288231028897863 fields=118,2,0,1009,996,200,200,0,1,0,0,0,0,0,0,0
event=trace_row ordinal=792 kind=1 ns=288231028897863 fields=118,2,1,1009,996,200,200,0,1,0,0,0,0,0,0,0
event=trace_row ordinal=793 kind=3 ns=288231028924988 fields=118,119,0,2,288231028897863,0,0,0,0,0,0,0,0,6,0,2
event=trace_row ordinal=794 kind=4 ns=288231036849877 fields=385,8,96,20,96,20,0,0,0,0,16,0,0,0,0,0
event=trace_row ordinal=795 kind=4 ns=288231036987544 fields=641,5,3,0,0,0,0,0,0,0,16,0,0,0,0,0
event=trace_row ordinal=796 kind=5 ns=288231038966797 fields=513,6,2,0,0,0,0,0,0,0,16,0,0,0,0,0
event=trace_row ordinal=797 kind=0 ns=288231038919256 fields=119,2,0,25,1,0,0,0,0,0,0,0,0,0,0,0
event=trace_row ordinal=798 kind=1 ns=288231038919256 fields=119,2,0,1009,996,200,200,0,1,0,0,0,0,0,0,0
event=trace_row ordinal=799 kind=3 ns=288231038974672 fields=119,120,0,2,288231038919256,0,0,0,0,0,0,0,0,6,0,2
event=trace_row ordinal=800 kind=5 ns=288231048934523 fields=513,6,2,0,0,0,0,0,0,0,16,0,0,0,0,0
event=trace_row ordinal=801 kind=0 ns=288231048905357 fields=120,2,0,25,1,0,0,0,0,0,0,0,0,0,0,0
event=trace_row ordinal=802 kind=1 ns=288231048905357 fields=120,2,0,1008,996,200,200,0,1,0,0,0,0,0,0,0
event=trace_row ordinal=803 kind=3 ns=288231048938607 fields=120,121,0,2,288231048905357,0,0,0,0,0,0,0,0,6,0,2
event=trace_row ordinal=804 kind=5 ns=288231058927625 fields=513,6,2,0,0,0,0,0,0,0,16,0,0,0,0,0
event=trace_row ordinal=805 kind=0 ns=288231058902250 fields=121,2,0,50,2,0,0,0,0,0,0,0,0,0,0,0
event=trace_row ordinal=806 kind=1 ns=288231058902250 fields=121,2,0,1008,996,200,200,0,1,0,0,0,0,0,0,0
event=trace_row ordinal=807 kind=1 ns=288231058902250 fields=121,2,1,1008,996,200,200,0,1,0,0,0,0,0,0,0
event=trace_row ordinal=808 kind=3 ns=288231058932583 fields=121,122,0,2,288231058902250,0,0,0,0,0,0,0,0,6,0,2
event=trace_row ordinal=809 kind=5 ns=288231068954851 fields=513,6,2,0,0,0,0,0,0,0,16,0,0,0,0,0
event=trace_row ordinal=810 kind=0 ns=288231068915184 fields=122,2,0,25,1,0,0,0,0,0,0,0,0,0,0,0
event=trace_row ordinal=811 kind=1 ns=288231068915184 fields=122,2,0,1009,996,200,200,0,1,0,0,0,0,0,0,0
event=trace_row ordinal=812 kind=3 ns=288231068961851 fields=122,123,0,2,288231068915184,0,0,0,0,0,0,0,0,6,0,2
event=trace_row ordinal=813 kind=5 ns=288231078926077 fields=513,6,2,0,0,0,0,0,0,0,16,0,0,0,0,0
event=trace_row ordinal=814 kind=0 ns=288231078901577 fields=123,2,0,50,2,0,0,0,0,0,0,0,0,0,0,0
event=trace_row ordinal=815 kind=1 ns=288231078901577 fields=123,2,0,1009,996,200,200,0,1,0,0,0,0,0,0,0
event=trace_row ordinal=816 kind=1 ns=288231078901577 fields=123,2,1,1008,996,200,200,0,1,0,0,0,0,0,0,0
event=trace_row ordinal=817 kind=3 ns=288231078930744 fields=123,124,0,2,288231078901577,0,0,0,0,0,0,0,0,6,0,2
event=trace_row ordinal=818 kind=4 ns=288231086813341 fields=385,8,96,20,96,20,0,0,0,0,16,0,0,0,0,0
event=trace_row ordinal=819 kind=4 ns=288231086996216 fields=641,5,3,0,0,0,0,0,0,0,16,0,0,0,0,0
event=trace_row ordinal=820 kind=5 ns=288231088927636 fields=513,6,2,0,0,0,0,0,0,0,16,0,0,0,0,0
event=trace_row ordinal=821 kind=0 ns=288231088902553 fields=124,2,0,25,1,0,0,0,0,0,0,0,0,0,0,0
event=trace_row ordinal=822 kind=1 ns=288231088902553 fields=124,2,0,1008,996,200,200,0,1,0,0,0,0,0,0,0
event=trace_row ordinal=823 kind=3 ns=288231088931720 fields=124,125,0,2,288231088902553,0,0,0,0,0,0,0,0,6,0,2
event=trace_row ordinal=824 kind=5 ns=288231098928904 fields=513,6,2,0,0,0,0,0,0,0,16,0,0,0,0,0
event=trace_row ordinal=825 kind=0 ns=288231098903238 fields=125,2,0,50,2,0,0,0,0,0,0,0,0,0,0,0
event=trace_row ordinal=826 kind=1 ns=288231098903238 fields=125,2,0,1008,996,200,200,0,1,0,0,0,0,0,0,0
event=trace_row ordinal=827 kind=1 ns=288231098903238 fields=125,2,1,1008,996,200,200,0,1,0,0,0,0,0,0,0
event=trace_row ordinal=828 kind=3 ns=288231098934154 fields=125,126,0,2,288231098903238,0,0,0,0,0,0,0,0,6,0,2
event=trace_row ordinal=829 kind=5 ns=288231108930172 fields=513,6,2,0,0,0,0,0,0,0,16,0,0,0,0,0
event=trace_row ordinal=830 kind=0 ns=288231108903047 fields=126,2,0,25,1,0,0,0,0,0,0,0,0,0,0,0
event=trace_row ordinal=831 kind=1 ns=288231108903047 fields=126,2,0,1008,996,200,200,0,1,0,0,0,0,0,0,0
event=trace_row ordinal=832 kind=3 ns=288231108935130 fields=126,127,0,2,288231108903047,0,0,0,0,0,0,0,0,6,0,2
event=trace_row ordinal=833 kind=5 ns=288231118922982 fields=513,6,2,0,0,0,0,0,0,0,16,0,0,0,0,0
event=trace_row ordinal=834 kind=0 ns=288231118900523 fields=127,2,0,25,1,0,0,0,0,0,0,0,0,0,0,0
event=trace_row ordinal=835 kind=1 ns=288231118900523 fields=127,2,0,1008,996,200,200,0,1,0,0,0,0,0,0,0
event=trace_row ordinal=836 kind=3 ns=288231118927065 fields=127,128,0,2,288231118900523,0,0,0,0,0,0,0,0,6,0,2
event=trace_row ordinal=837 kind=5 ns=288231128925416 fields=513,6,2,0,0,0,0,0,0,0,16,0,0,0,0,0
event=trace_row ordinal=838 kind=0 ns=288231128899749 fields=128,2,0,50,2,0,0,0,0,0,0,0,0,0,0,0
event=trace_row ordinal=839 kind=1 ns=288231128899749 fields=128,2,0,1008,996,200,200,0,1,0,0,0,0,0,0,0
event=trace_row ordinal=840 kind=1 ns=288231128899749 fields=128,2,1,1008,996,200,200,0,1,0,0,0,0,0,0,0
event=trace_row ordinal=841 kind=3 ns=288231128929208 fields=128,129,0,2,288231128899749,0,0,0,0,0,0,0,0,6,0,2
event=trace_row ordinal=842 kind=4 ns=288231136821139 fields=385,8,96,20,96,20,0,0,0,0,16,0,0,0,0,0
event=trace_row ordinal=843 kind=4 ns=288231136996722 fields=641,5,3,0,0,0,0,0,0,0,16,0,0,0,0,0
event=trace_row ordinal=844 kind=5 ns=288231138932517 fields=513,6,2,0,0,0,0,0,0,0,16,0,0,0,0,0
event=trace_row ordinal=845 kind=0 ns=288231138905101 fields=129,2,0,25,1,0,0,0,0,0,0,0,0,0,0,0
event=trace_row ordinal=846 kind=1 ns=288231138905101 fields=129,2,0,1008,996,200,200,0,1,0,0,0,0,0,0,0
event=trace_row ordinal=847 kind=3 ns=288231138937184 fields=129,130,0,2,288231138905101,0,0,0,0,0,0,0,0,6,0,2
event=trace_row ordinal=848 kind=5 ns=288231148923577 fields=513,6,2,0,0,0,0,0,0,0,16,0,0,0,0,0
event=trace_row ordinal=849 kind=0 ns=288231148898493 fields=130,2,0,50,2,0,0,0,0,0,0,0,0,0,0,0
event=trace_row ordinal=850 kind=1 ns=288231148898493 fields=130,2,0,1009,996,200,200,0,1,0,0,0,0,0,0,0
event=trace_row ordinal=851 kind=1 ns=288231148898493 fields=130,2,1,1009,996,200,200,0,1,0,0,0,0,0,0,0
event=trace_row ordinal=852 kind=3 ns=288231148927660 fields=130,131,0,2,288231148898493,0,0,0,0,0,0,0,0,6,0,2
event=trace_row ordinal=853 kind=5 ns=288231158922803 fields=513,6,2,0,0,0,0,0,0,0,16,0,0,0,0,0
event=trace_row ordinal=854 kind=0 ns=288231158899470 fields=131,2,0,25,1,0,0,0,0,0,0,0,0,0,0,0
event=trace_row ordinal=855 kind=1 ns=288231158899470 fields=131,2,0,1009,996,200,200,0,1,0,0,0,0,0,0,0
event=trace_row ordinal=856 kind=3 ns=288231158927761 fields=131,132,0,2,288231158899470,0,0,0,0,0,0,0,0,6,0,2
event=trace_row ordinal=857 kind=5 ns=288231168917654 fields=513,6,2,0,0,0,0,0,0,0,16,0,0,0,0,0
event=trace_row ordinal=858 kind=0 ns=288231168895487 fields=132,2,0,52,2,0,0,0,0,0,0,0,0,0,0,0
event=trace_row ordinal=859 kind=1 ns=288231168895487 fields=132,2,0,1008,996,200,200,0,1,0,0,0,0,0,0,0
event=trace_row ordinal=860 kind=1 ns=288231168895487 fields=132,2,1,1008,996,200,200,0,1,0,0,0,0,0,0,0
event=trace_row ordinal=861 kind=3 ns=288231168921737 fields=132,133,0,2,288231168895487,0,0,0,0,0,0,0,0,6,0,2
event=trace_row ordinal=862 kind=5 ns=288231178912797 fields=513,6,2,0,0,0,0,0,0,0,16,0,0,0,0,0
event=trace_row ordinal=863 kind=0 ns=288231178893839 fields=133,2,0,26,1,0,0,0,0,0,0,0,0,0,0,0
event=trace_row ordinal=864 kind=1 ns=288231178893839 fields=133,2,0,1008,996,200,200,0,1,0,0,0,0,0,0,0
event=trace_row ordinal=865 kind=3 ns=288231178916297 fields=133,134,0,2,288231178893839,0,0,0,0,0,0,0,0,6,0,2
event=trace_row ordinal=866 kind=4 ns=288231186825436 fields=385,8,96,20,96,20,0,0,0,0,16,0,0,0,0,0
event=trace_row ordinal=867 kind=4 ns=288231187008311 fields=641,5,3,0,0,0,0,0,0,0,16,0,0,0,0,0
event=trace_row ordinal=868 kind=5 ns=288231188913481 fields=513,6,2,0,0,0,0,0,0,0,16,0,0,0,0,0
event=trace_row ordinal=869 kind=0 ns=288231188894523 fields=134,2,0,26,1,0,0,0,0,0,0,0,0,0,0,0
event=trace_row ordinal=870 kind=1 ns=288231188894523 fields=134,2,0,1009,996,200,200,0,1,0,0,0,0,0,0,0
event=trace_row ordinal=871 kind=3 ns=288231188916690 fields=134,135,0,2,288231188894523,0,0,0,0,0,0,0,0,6,0,2
event=trace_row ordinal=872 kind=5 ns=288231198913583 fields=513,6,2,0,0,0,0,0,0,0,16,0,0,0,0,0
event=trace_row ordinal=873 kind=0 ns=288231198893749 fields=135,2,0,52,2,0,0,0,0,0,0,0,0,0,0,0
event=trace_row ordinal=874 kind=1 ns=288231198893749 fields=135,2,0,1009,996,200,200,0,1,0,0,0,0,0,0,0
event=trace_row ordinal=875 kind=1 ns=288231198893749 fields=135,2,1,1009,996,200,200,0,1,0,0,0,0,0,0,0
event=trace_row ordinal=876 kind=3 ns=288231198917083 fields=135,136,0,2,288231198893749,0,0,0,0,0,0,0,0,6,0,2
event=trace_row ordinal=877 kind=5 ns=288231208911934 fields=513,6,2,0,0,0,0,0,0,0,16,0,0,0,0,0
event=trace_row ordinal=878 kind=0 ns=288231208893559 fields=136,2,0,26,1,0,0,0,0,0,0,0,0,0,0,0
event=trace_row ordinal=879 kind=1 ns=288231208893559 fields=136,2,0,1009,996,200,200,0,1,0,0,0,0,0,0,0
event=trace_row ordinal=880 kind=3 ns=288231208915142 fields=136,137,0,2,288231208893559,0,0,0,0,0,0,0,0,6,0,2
event=trace_row ordinal=881 kind=5 ns=288231218914952 fields=513,6,2,0,0,0,0,0,0,0,16,0,0,0,0,0
event=trace_row ordinal=882 kind=0 ns=288231218894827 fields=137,2,0,52,2,0,0,0,0,0,0,0,0,0,0,0
event=trace_row ordinal=883 kind=1 ns=288231218894827 fields=137,2,0,1009,996,200,200,0,1,0,0,0,0,0,0,0
event=trace_row ordinal=884 kind=1 ns=288231218894827 fields=137,2,1,1009,996,200,200,0,1,0,0,0,0,0,0,0
event=trace_row ordinal=885 kind=3 ns=288231218918743 fields=137,138,0,2,288231218894827,0,0,0,0,0,0,0,0,6,0,2
event=trace_row ordinal=886 kind=4 ns=288231225171213 fields=1793,1,5,0,0,0,0,0,0,0,16,0,0,0,0,0
event=trace_row ordinal=887 kind=5 ns=288231228912428 fields=513,6,2,0,0,0,0,0,0,0,16,0,0,0,0,0
event=trace_row ordinal=888 kind=0 ns=288231228894053 fields=138,2,0,26,1,0,0,0,0,0,0,0,0,0,0,0
event=trace_row ordinal=889 kind=1 ns=288231228894053 fields=138,2,0,1009,996,200,200,0,1,0,0,0,0,0,0,0
event=trace_row ordinal=890 kind=3 ns=288231228915636 fields=138,139,0,2,288231228894053,0,0,0,0,0,0,0,0,6,0,2
event=trace_row ordinal=891 kind=4 ns=288231236827400 fields=385,8,96,20,96,20,0,0,0,0,16,0,0,0,0,0
event=trace_row ordinal=892 kind=4 ns=288231237017567 fields=641,5,3,0,0,0,0,0,0,0,16,0,0,0,0,0
event=trace_row ordinal=893 kind=5 ns=288231238914571 fields=513,6,2,0,0,0,0,0,0,0,16,0,0,0,0,0
event=trace_row ordinal=894 kind=0 ns=288231238894446 fields=139,2,0,52,2,0,0,0,0,0,0,0,0,0,0,0
event=trace_row ordinal=895 kind=1 ns=288231238894446 fields=139,2,0,1009,996,200,200,0,1,0,0,0,0,0,0,0
event=trace_row ordinal=896 kind=1 ns=288231238894446 fields=139,2,1,1009,996,200,200,0,1,0,0,0,0,0,0,0
event=trace_row ordinal=897 kind=3 ns=288231238918071 fields=139,140,0,2,288231238894446,0,0,0,0,0,0,0,0,6,0,2
event=trace_row ordinal=898 kind=5 ns=288231248914380 fields=513,6,2,0,0,0,0,0,0,0,16,0,0,0,0,0
event=trace_row ordinal=899 kind=0 ns=288231248894547 fields=140,2,0,26,1,0,0,0,0,0,0,0,0,0,0,0
event=trace_row ordinal=900 kind=1 ns=288231248894547 fields=140,2,0,1009,996,200,200,0,1,0,0,0,0,0,0,0
event=trace_row ordinal=901 kind=3 ns=288231248917880 fields=140,141,0,2,288231248894547,0,0,0,0,0,0,0,0,6,0,2
event=trace_row ordinal=902 kind=5 ns=288231258912731 fields=513,6,2,0,0,0,0,0,0,0,16,0,0,0,0,0
event=trace_row ordinal=903 kind=0 ns=288231258893773 fields=141,2,0,26,1,0,0,0,0,0,0,0,0,0,0,0
event=trace_row ordinal=904 kind=1 ns=288231258893773 fields=141,2,0,1009,996,200,200,0,1,0,0,0,0,0,0,0
event=trace_row ordinal=905 kind=3 ns=288231258915940 fields=141,142,0,2,288231258893773,0,0,0,0,0,0,0,0,6,0,2
event=trace_row ordinal=906 kind=5 ns=288231268914874 fields=513,6,2,0,0,0,0,0,0,0,16,0,0,0,0,0
event=trace_row ordinal=907 kind=0 ns=288231268894458 fields=142,2,0,52,2,0,0,0,0,0,0,0,0,0,0,0
event=trace_row ordinal=908 kind=1 ns=288231268894458 fields=142,2,0,1009,996,200,200,0,1,0,0,0,0,0,0,0
event=trace_row ordinal=909 kind=1 ns=288231268894458 fields=142,2,1,1009,996,200,200,0,1,0,0,0,0,0,0,0
event=trace_row ordinal=910 kind=3 ns=288231268918374 fields=142,143,0,2,288231268894458,0,0,0,0,0,0,0,0,6,0,2
event=trace_row ordinal=911 kind=5 ns=288231278912350 fields=513,6,2,0,0,0,0,0,0,0,16,0,0,0,0,0
event=trace_row ordinal=912 kind=0 ns=288231278893684 fields=143,2,0,26,1,0,0,0,0,0,0,0,0,0,0,0
event=trace_row ordinal=913 kind=1 ns=288231278893684 fields=143,2,0,1009,996,200,200,0,1,0,0,0,0,0,0,0
event=trace_row ordinal=914 kind=3 ns=288231278915850 fields=143,144,0,2,288231278893684,0,0,0,0,0,0,0,0,6,0,2
event=trace_row ordinal=915 kind=4 ns=288231286842490 fields=385,8,96,20,96,20,0,0,0,0,16,0,0,0,0,0
event=trace_row ordinal=916 kind=4 ns=288231287031198 fields=641,5,3,0,0,0,0,0,0,0,16,0,0,0,0,0
event=trace_row ordinal=917 kind=5 ns=288231288914785 fields=513,6,2,0,0,0,0,0,0,0,16,0,0,0,0,0
event=trace_row ordinal=918 kind=0 ns=288231288894077 fields=144,2,0,50,2,0,0,0,0,0,0,0,0,0,0,0
event=trace_row ordinal=919 kind=1 ns=288231288894077 fields=144,2,0,1010,996,200,200,0,1,0,0,0,0,0,0,0
event=trace_row ordinal=920 kind=1 ns=288231288894077 fields=144,2,1,1010,996,200,200,0,1,0,0,0,0,0,0,0
event=trace_row ordinal=921 kind=3 ns=288231288918285 fields=144,145,0,2,288231288894077,0,0,0,0,0,0,0,0,6,0,2
event=trace_row ordinal=922 kind=5 ns=288231298911969 fields=513,6,2,0,0,0,0,0,0,0,16,0,0,0,0,0
event=trace_row ordinal=923 kind=0 ns=288231298893594 fields=145,2,0,25,1,0,0,0,0,0,0,0,0,0,0,0
event=trace_row ordinal=924 kind=1 ns=288231298893594 fields=145,2,0,1010,996,200,200,0,1,0,0,0,0,0,0,0
event=trace_row ordinal=925 kind=3 ns=288231298915178 fields=145,146,0,2,288231298893594,0,0,0,0,0,0,0,0,6,0,2
event=trace_row ordinal=926 kind=5 ns=288231308913529 fields=513,6,2,0,0,0,0,0,0,0,16,0,0,0,0,0
event=trace_row ordinal=927 kind=0 ns=288231308893404 fields=146,2,0,50,2,0,0,0,0,0,0,0,0,0,0,0
event=trace_row ordinal=928 kind=1 ns=288231308893404 fields=146,2,0,1009,996,200,200,0,1,0,0,0,0,0,0,0
event=trace_row ordinal=929 kind=1 ns=288231308893404 fields=146,2,1,1009,996,200,200,0,1,0,0,0,0,0,0,0
event=trace_row ordinal=930 kind=3 ns=288231308917029 fields=146,147,0,2,288231308893404,0,0,0,0,0,0,0,0,6,0,2
event=trace_row ordinal=931 kind=5 ns=288231318937838 fields=513,6,2,0,0,0,0,0,0,0,16,0,0,0,0,0
event=trace_row ordinal=932 kind=0 ns=288231318906630 fields=147,2,0,25,1,0,0,0,0,0,0,0,0,0,0,0
event=trace_row ordinal=933 kind=1 ns=288231318906630 fields=147,2,0,1009,996,200,200,0,1,0,0,0,0,0,0,0
event=trace_row ordinal=934 kind=3 ns=288231318943088 fields=147,148,0,2,288231318906630,0,0,0,0,0,0,0,0,6,0,2
event=trace_row ordinal=935 kind=5 ns=288231328914315 fields=513,6,2,0,0,0,0,0,0,0,16,0,0,0,0,0
event=trace_row ordinal=936 kind=0 ns=288231328895356 fields=148,2,0,25,1,0,0,0,0,0,0,0,0,0,0,0
event=trace_row ordinal=937 kind=1 ns=288231328895356 fields=148,2,0,1008,996,200,200,0,1,0,0,0,0,0,0,0
event=trace_row ordinal=938 kind=3 ns=288231328917523 fields=148,149,0,2,288231328895356,0,0,0,0,0,0,0,0,6,0,2
event=trace_row ordinal=939 kind=4 ns=288231336850870 fields=385,8,96,20,96,20,0,0,0,0,16,0,0,0,0,0
event=trace_row ordinal=940 kind=4 ns=288231337033454 fields=641,5,3,0,0,0,0,0,0,0,16,0,0,0,0,0
event=trace_row ordinal=941 kind=5 ns=288231338916749 fields=513,6,2,0,0,0,0,0,0,0,16,0,0,0,0,0
event=trace_row ordinal=942 kind=0 ns=288231338896041 fields=149,2,0,50,2,0,0,0,0,0,0,0,0,0,0,0
event=trace_row ordinal=943 kind=1 ns=288231338896041 fields=149,2,0,1008,996,200,200,0,1,0,0,0,0,0,0,0
event=trace_row ordinal=944 kind=1 ns=288231338896041 fields=149,2,1,1008,996,200,200,0,1,0,0,0,0,0,0,0
event=trace_row ordinal=945 kind=3 ns=288231338920541 fields=149,150,0,2,288231338896041,0,0,0,0,0,0,0,0,6,0,2
event=trace_row ordinal=946 kind=5 ns=288231348915392 fields=513,6,2,0,0,0,0,0,0,0,16,0,0,0,0,0
event=trace_row ordinal=947 kind=0 ns=288231348896142 fields=150,2,0,25,1,0,0,0,0,0,0,0,0,0,0,0
event=trace_row ordinal=948 kind=1 ns=288231348896142 fields=150,2,0,1009,996,200,200,0,1,0,0,0,0,0,0,0
event=trace_row ordinal=949 kind=3 ns=288231348918892 fields=150,151,0,2,288231348896142,0,0,0,0,0,0,0,0,6,0,2
event=trace_row ordinal=950 kind=5 ns=288231358915493 fields=513,6,2,0,0,0,0,0,0,0,16,0,0,0,0,0
event=trace_row ordinal=951 kind=0 ns=288231358894493 fields=151,2,0,50,2,0,0,0,0,0,0,0,0,0,0,0
event=trace_row ordinal=952 kind=1 ns=288231358894493 fields=151,2,0,1009,996,200,200,0,1,0,0,0,0,0,0,0
event=trace_row ordinal=953 kind=1 ns=288231358894493 fields=151,2,1,1009,996,200,200,0,1,0,0,0,0,0,0,0
event=trace_row ordinal=954 kind=3 ns=288231358919285 fields=151,152,0,2,288231358894493,0,0,0,0,0,0,0,0,6,0,2
event=trace_row ordinal=955 kind=5 ns=288231368913844 fields=513,6,2,0,0,0,0,0,0,0,16,0,0,0,0,0
event=trace_row ordinal=956 kind=0 ns=288231368894886 fields=152,2,0,25,1,0,0,0,0,0,0,0,0,0,0,0
event=trace_row ordinal=957 kind=1 ns=288231368894886 fields=152,2,0,1009,996,200,200,0,1,0,0,0,0,0,0,0
event=trace_row ordinal=958 kind=3 ns=288231368917053 fields=152,153,0,2,288231368894886,0,0,0,0,0,0,0,0,6,0,2
event=trace_row ordinal=959 kind=5 ns=288231378914237 fields=513,6,2,0,0,0,0,0,0,0,16,0,0,0,0,0
event=trace_row ordinal=960 kind=0 ns=288231378894112 fields=153,2,0,50,2,0,0,0,0,0,0,0,0,0,0,0
event=trace_row ordinal=961 kind=1 ns=288231378894112 fields=153,2,0,1009,996,200,200,0,1,0,0,0,0,0,0,0
event=trace_row ordinal=962 kind=1 ns=288231378894112 fields=153,2,1,1009,996,200,200,0,1,0,0,0,0,0,0,0
event=trace_row ordinal=963 kind=3 ns=288231378917737 fields=153,154,0,2,288231378894112,0,0,0,0,0,0,0,0,6,0,2
event=trace_row ordinal=964 kind=4 ns=288231386857210 fields=385,8,96,20,96,20,0,0,0,0,16,0,0,0,0,0
event=trace_row ordinal=965 kind=4 ns=288231387044168 fields=641,5,3,0,0,0,0,0,0,0,16,0,0,0,0,0
event=trace_row ordinal=966 kind=5 ns=288231388912588 fields=513,6,2,0,0,0,0,0,0,0,16,0,0,0,0,0
event=trace_row ordinal=967 kind=0 ns=288231388894213 fields=154,2,0,25,1,0,0,0,0,0,0,0,0,0,0,0
event=trace_row ordinal=968 kind=1 ns=288231388894213 fields=154,2,0,1009,996,200,200,0,1,0,0,0,0,0,0,0
event=trace_row ordinal=969 kind=3 ns=288231388916088 fields=154,155,0,2,288231388894213,0,0,0,0,0,0,0,0,6,0,2
event=trace_row ordinal=970 kind=5 ns=288231398911814 fields=513,6,2,0,0,0,0,0,0,0,16,0,0,0,0,0
event=trace_row ordinal=971 kind=0 ns=288231398893731 fields=155,2,0,25,1,0,0,0,0,0,0,0,0,0,0,0
event=trace_row ordinal=972 kind=1 ns=288231398893731 fields=155,2,0,1009,996,200,200,0,1,0,0,0,0,0,0,0
event=trace_row ordinal=973 kind=3 ns=288231398914731 fields=155,156,0,2,288231398893731,0,0,0,0,0,0,0,0,6,0,2
event=trace_row ordinal=974 kind=5 ns=288231408913666 fields=513,6,2,0,0,0,0,0,0,0,16,0,0,0,0,0
event=trace_row ordinal=975 kind=0 ns=288231408893832 fields=156,2,0,50,2,0,0,0,0,0,0,0,0,0,0,0
event=trace_row ordinal=976 kind=1 ns=288231408893832 fields=156,2,0,1008,996,200,200,0,1,0,0,0,0,0,0,0
event=trace_row ordinal=977 kind=1 ns=288231408893832 fields=156,2,1,1008,996,200,200,0,1,0,0,0,0,0,0,0
event=trace_row ordinal=978 kind=3 ns=288231408917166 fields=156,157,0,2,288231408893832,0,0,0,0,0,0,0,0,6,0,2
event=trace_row ordinal=979 kind=5 ns=288231418912017 fields=513,6,2,0,0,0,0,0,0,0,16,0,0,0,0,0
event=trace_row ordinal=980 kind=0 ns=288231418893350 fields=157,2,0,25,1,0,0,0,0,0,0,0,0,0,0,0
event=trace_row ordinal=981 kind=1 ns=288231418893350 fields=157,2,0,1008,996,200,200,0,1,0,0,0,0,0,0,0
event=trace_row ordinal=982 kind=3 ns=288231418915225 fields=157,158,0,2,288231418893350,0,0,0,0,0,0,0,0,6,0,2
event=trace_row ordinal=983 kind=5 ns=288231428913576 fields=513,6,2,0,0,0,0,0,0,0,16,0,0,0,0,0
event=trace_row ordinal=984 kind=0 ns=288231428893451 fields=158,2,0,50,2,0,0,0,0,0,0,0,0,0,0,0
event=trace_row ordinal=985 kind=1 ns=288231428893451 fields=158,2,0,1009,996,200,200,0,1,0,0,0,0,0,0,0
event=trace_row ordinal=986 kind=1 ns=288231428893451 fields=158,2,1,1009,996,200,200,0,1,0,0,0,0,0,0,0
event=trace_row ordinal=987 kind=3 ns=288231428916785 fields=158,159,0,2,288231428893451,0,0,0,0,0,0,0,0,6,0,2
event=trace_row ordinal=988 kind=4 ns=288231436864424 fields=385,8,96,20,96,20,0,0,0,0,16,0,0,0,0,0
event=trace_row ordinal=989 kind=4 ns=288231437051383 fields=641,5,3,0,0,0,0,0,0,0,16,0,0,0,0,0
event=trace_row ordinal=990 kind=5 ns=288231438912802 fields=513,6,2,0,0,0,0,0,0,0,16,0,0,0,0,0
event=trace_row ordinal=991 kind=0 ns=288231438894136 fields=159,2,0,25,1,0,0,0,0,0,0,0,0,0,0,0
event=trace_row ordinal=992 kind=1 ns=288231438894136 fields=159,2,0,1009,996,200,200,0,1,0,0,0,0,0,0,0
event=trace_row ordinal=993 kind=3 ns=288231438916011 fields=159,160,0,2,288231438894136,0,0,0,0,0,0,0,0,6,0,2
event=trace_row ordinal=994 kind=5 ns=288231448913487 fields=513,6,2,0,0,0,0,0,0,0,16,0,0,0,0,0
event=trace_row ordinal=995 kind=0 ns=288231448893654 fields=160,2,0,50,2,0,0,0,0,0,0,0,0,0,0,0
event=trace_row ordinal=996 kind=1 ns=288231448893654 fields=160,2,0,1008,996,200,200,0,1,0,0,0,0,0,0,0
event=trace_row ordinal=997 kind=1 ns=288231448893654 fields=160,2,1,1008,996,200,200,0,1,0,0,0,0,0,0,0
event=trace_row ordinal=998 kind=3 ns=288231448916987 fields=160,161,0,2,288231448893654,0,0,0,0,0,0,0,0,6,0,2
event=trace_row ordinal=999 kind=5 ns=288231458914172 fields=513,6,2,0,0,0,0,0,0,0,16,0,0,0,0,0
event=trace_row ordinal=1000 kind=0 ns=288231458894921 fields=161,2,0,25,1,0,0,0,0,0,0,0,0,0,0,0
event=trace_row ordinal=1001 kind=1 ns=288231458894921 fields=161,2,0,1008,996,200,200,0,1,0,0,0,0,0,0,0
event=trace_row ordinal=1002 kind=3 ns=288231458917672 fields=161,162,0,2,288231458894921,0,0,0,0,0,0,0,0,6,0,2
event=trace_row ordinal=1003 kind=5 ns=288231468914564 fields=513,6,2,0,0,0,0,0,0,0,16,0,0,0,0,0
event=trace_row ordinal=1004 kind=0 ns=288231468895606 fields=162,2,0,25,1,0,0,0,0,0,0,0,0,0,0,0
event=trace_row ordinal=1005 kind=1 ns=288231468895606 fields=162,2,0,1009,996,200,200,0,1,0,0,0,0,0,0,0
event=trace_row ordinal=1006 kind=3 ns=288231468918064 fields=162,163,0,2,288231468895606,0,0,0,0,0,0,0,0,6,0,2
event=trace_row ordinal=1007 kind=4 ns=288231474714075 fields=1793,1,5,0,0,0,0,0,0,0,16,0,0,0,0,0
event=trace_row ordinal=1008 kind=5 ns=288231478919332 fields=513,6,2,0,0,0,0,0,0,0,16,0,0,0,0,0
event=trace_row ordinal=1009 kind=0 ns=288231478898040 fields=163,2,0,50,2,0,0,0,0,0,0,0,0,0,0,0
event=trace_row ordinal=1010 kind=1 ns=288231478898040 fields=163,2,0,1009,996,200,200,0,1,0,0,0,0,0,0,0
event=trace_row ordinal=1011 kind=1 ns=288231478898040 fields=163,2,1,1009,996,200,200,0,1,0,0,0,0,0,0,0
event=trace_row ordinal=1012 kind=3 ns=288231478923124 fields=163,164,0,2,288231478898040,0,0,0,0,0,0,0,0,6,0,2
event=trace_row ordinal=1013 kind=4 ns=288231486875721 fields=385,8,96,20,96,20,0,0,0,0,16,0,0,0,0,0
event=trace_row ordinal=1014 kind=4 ns=288231487002013 fields=641,5,3,0,0,0,0,0,0,0,16,0,0,0,0,0
event=trace_row ordinal=1015 kind=5 ns=288231488928183 fields=513,6,2,0,0,0,0,0,0,0,16,0,0,0,0,0
event=trace_row ordinal=1016 kind=0 ns=288231488903683 fields=164,2,0,26,1,0,0,0,0,0,0,0,0,0,0,0
event=trace_row ordinal=1017 kind=1 ns=288231488903683 fields=164,2,0,1008,997,200,200,0,1,0,0,0,0,0,0,0
event=trace_row ordinal=1018 kind=3 ns=288231488933725 fields=164,165,0,2,288231488903683,0,0,0,0,0,0,0,0,6,0,2
event=trace_row ordinal=1019 kind=5 ns=288231498926826 fields=513,6,2,0,0,0,0,0,0,0,16,0,0,0,0,0
event=trace_row ordinal=1020 kind=0 ns=288231498900576 fields=165,2,0,52,2,0,0,0,0,0,0,0,0,0,0,0
event=trace_row ordinal=1021 kind=1 ns=288231498900576 fields=165,2,0,1008,997,200,200,0,1,0,0,0,0,0,0,0
event=trace_row ordinal=1022 kind=1 ns=288231498900576 fields=165,2,1,1009,997,200,200,0,1,0,0,0,0,0,0,0
event=trace_row ordinal=1023 kind=3 ns=288231498931493 fields=165,166,0,2,288231498900576,0,0,0,0,0,0,0,0,6,0,2
event=trace_row ordinal=1024 kind=5 ns=288231508916719 fields=513,6,2,0,0,0,0,0,0,0,16,0,0,0,0,0
event=trace_row ordinal=1025 kind=0 ns=288231508896302 fields=166,2,0,26,1,0,0,0,0,0,0,0,0,0,0,0
event=trace_row ordinal=1026 kind=1 ns=288231508896302 fields=166,2,0,1009,997,200,200,0,1,0,0,0,0,0,0,0
event=trace_row ordinal=1027 kind=3 ns=288231508920802 fields=166,167,0,2,288231508896302,0,0,0,0,0,0,0,0,6,0,2
event=trace_row ordinal=1028 kind=5 ns=288231518938404 fields=513,6,2,0,0,0,0,0,0,0,16,0,0,0,0,0
event=trace_row ordinal=1029 kind=0 ns=288231518904862 fields=167,2,0,52,2,0,0,0,0,0,0,0,0,0,0,0
event=trace_row ordinal=1030 kind=1 ns=288231518904862 fields=167,2,0,1009,997,200,200,0,1,0,0,0,0,0,0,0
event=trace_row ordinal=1031 kind=1 ns=288231518904862 fields=167,2,1,1008,997,1800,200,0,1,0,0,0,0,0,0,0
event=trace_row ordinal=1032 kind=3 ns=288231518943362 fields=167,168,0,2,288231518904862,0,0,0,0,0,0,0,0,6,0,2
event=trace_row ordinal=1033 kind=5 ns=288231528932963 fields=513,6,2,0,0,0,0,0,0,0,16,0,0,0,0,0
event=trace_row ordinal=1034 kind=0 ns=288231528904963 fields=168,2,0,26,1,0,0,0,0,0,0,0,0,0,0,0
event=trace_row ordinal=1035 kind=1 ns=288231528904963 fields=168,2,0,1008,997,1800,200,0,1,0,0,0,0,0,0,0
event=trace_row ordinal=1036 kind=3 ns=288231528937921 fields=168,169,1,2,288231528904963,0,0,0,0,0,0,0,0,6,1,3
event=trace_row ordinal=1037 kind=4 ns=288231536905394 fields=385,8,96,20,96,20,0,0,0,0,16,0,0,0,0,0
event=trace_row ordinal=1038 kind=4 ns=288231537011269 fields=641,5,3,0,0,0,0,0,0,0,16,0,0,0,0,0
event=trace_row ordinal=1039 kind=5 ns=288231538942981 fields=513,6,2,0,0,0,0,0,0,0,16,0,0,0,0,0
event=trace_row ordinal=1040 kind=0 ns=288231538910314 fields=169,2,0,26,1,0,0,0,0,0,0,0,0,0,0,0
event=trace_row ordinal=1041 kind=1 ns=288231538910314 fields=169,2,0,1008,997,1800,200,0,1,0,0,0,0,0,0,0
event=trace_row ordinal=1042 kind=3 ns=288231538949981 fields=169,170,1,2,288231538910314,0,0,0,0,0,0,0,0,6,1,3
event=trace_row ordinal=1043 kind=5 ns=288231548927332 fields=513,6,2,0,0,0,0,0,0,0,16,0,0,0,0,0
event=trace_row ordinal=1044 kind=0 ns=288231548900790 fields=170,2,0,50,2,0,0,0,0,0,0,0,0,0,0,0
event=trace_row ordinal=1045 kind=1 ns=288231548900790 fields=170,2,0,1009,997,1800,200,0,1,0,0,0,0,0,0,0
event=trace_row ordinal=1046 kind=1 ns=288231548900790 fields=170,2,1,1009,997,1800,200,0,1,0,0,0,0,0,0,0
event=trace_row ordinal=1047 kind=3 ns=288231548931415 fields=170,171,1,2,288231548900790,0,0,0,0,0,0,0,0,6,1,3
event=trace_row ordinal=1048 kind=5 ns=288231558985767 fields=513,6,2,0,0,0,0,0,0,0,16,0,0,0,0,0
event=trace_row ordinal=1049 kind=0 ns=288231558921600 fields=171,2,0,25,1,0,0,0,0,0,0,0,0,0,0,0
event=trace_row ordinal=1050 kind=1 ns=288231558921600 fields=171,2,0,1009,997,1800,200,0,1,0,0,0,0,0,0,0
event=trace_row ordinal=1051 kind=3 ns=288231558994225 fields=171,172,1,2,288231558921600,0,0,0,0,0,0,0,0,6,1,3
event=trace_row ordinal=1052 kind=5 ns=288231568931909 fields=513,6,2,0,0,0,0,0,0,0,16,0,0,0,0,0
event=trace_row ordinal=1053 kind=0 ns=288231568900701 fields=172,2,0,50,2,0,0,0,0,0,0,0,0,0,0,0
event=trace_row ordinal=1054 kind=1 ns=288231568900701 fields=172,2,0,1008,997,1800,200,0,1,0,0,0,0,0,0,0
event=trace_row ordinal=1055 kind=1 ns=288231568900701 fields=172,2,1,1008,997,1800,200,0,1,0,0,0,0,0,0,0
event=trace_row ordinal=1056 kind=3 ns=288231568937159 fields=172,173,1,2,288231568900701,0,0,0,0,0,0,0,0,6,1,3
event=trace_row ordinal=1057 kind=5 ns=288231578981886 fields=513,6,2,0,0,0,0,0,0,0,16,0,0,0,0,0
event=trace_row ordinal=1058 kind=0 ns=288231578923552 fields=173,2,0,25,1,0,0,0,0,0,0,0,0,0,0,0
event=trace_row ordinal=1059 kind=1 ns=288231578923552 fields=173,2,0,1008,997,1800,200,0,1,0,0,0,0,0,0,0
event=trace_row ordinal=1060 kind=3 ns=288231578990344 fields=173,174,1,2,288231578923552,0,0,0,0,0,0,0,0,6,1,3
event=trace_row ordinal=1061 kind=4 ns=288231586909400 fields=385,8,96,20,96,20,0,0,0,0,16,0,0,0,0,0
event=trace_row ordinal=1062 kind=4 ns=288231587080025 fields=641,5,3,0,0,0,0,0,0,0,16,0,0,0,0,0
event=trace_row ordinal=1063 kind=5 ns=288231588955445 fields=513,6,2,0,0,0,0,0,0,0,16,0,0,0,0,0
event=trace_row ordinal=1064 kind=0 ns=288231588911987 fields=174,2,0,50,2,0,0,0,0,0,0,0,0,0,0,0
event=trace_row ordinal=1065 kind=1 ns=288231588911987 fields=174,2,0,1009,997,1800,200,0,1,0,0,0,0,0,0,0
event=trace_row ordinal=1066 kind=1 ns=288231588911987 fields=174,2,1,1009,997,1800,200,0,1,0,0,0,0,0,0,0
event=trace_row ordinal=1067 kind=3 ns=288231588962445 fields=174,175,1,2,288231588911987,0,0,0,0,0,0,0,0,6,1,3
event=trace_row ordinal=1068 kind=5 ns=288231598945921 fields=513,6,2,0,0,0,0,0,0,0,16,0,0,0,0,0
event=trace_row ordinal=1069 kind=0 ns=288231598909171 fields=175,2,0,25,1,0,0,0,0,0,0,0,0,0,0,0
event=trace_row ordinal=1070 kind=1 ns=288231598909171 fields=175,2,0,1009,997,1800,200,0,1,0,0,0,0,0,0,0
event=trace_row ordinal=1071 kind=3 ns=288231598951171 fields=175,176,1,2,288231598909171,0,0,0,0,0,0,0,0,6,1,3
event=trace_row ordinal=1072 kind=5 ns=288231608933481 fields=513,6,2,0,0,0,0,0,0,0,16,0,0,0,0,0
event=trace_row ordinal=1073 kind=0 ns=288231608905772 fields=176,2,0,25,1,0,0,0,0,0,0,0,0,0,0,0
event=trace_row ordinal=1074 kind=1 ns=288231608905772 fields=176,2,0,1009,997,1800,200,0,1,0,0,0,0,0,0,0
event=trace_row ordinal=1075 kind=3 ns=288231608937564 fields=176,177,1,2,288231608905772,0,0,0,0,0,0,0,0,6,1,3
event=trace_row ordinal=1076 kind=5 ns=288231618939124 fields=513,6,2,0,0,0,0,0,0,0,16,0,0,0,0,0
event=trace_row ordinal=1077 kind=0 ns=288231618905582 fields=177,2,0,50,2,0,0,0,0,0,0,0,0,0,0,0
event=trace_row ordinal=1078 kind=1 ns=288231618905582 fields=177,2,0,1009,997,1800,200,0,1,0,0,0,0,0,0,0
event=trace_row ordinal=1079 kind=1 ns=288231618905582 fields=177,2,1,1009,997,1800,200,0,1,0,0,0,0,0,0,0
event=trace_row ordinal=1080 kind=3 ns=288231618944082 fields=177,178,1,2,288231618905582,0,0,0,0,0,0,0,0,6,1,3
event=trace_row ordinal=1081 kind=5 ns=288231628934558 fields=513,6,2,0,0,0,0,0,0,0,16,0,0,0,0,0
event=trace_row ordinal=1082 kind=0 ns=288231628903641 fields=178,2,0,25,1,0,0,0,0,0,0,0,0,0,0,0
event=trace_row ordinal=1083 kind=1 ns=288231628903641 fields=178,2,0,1009,997,200,200,0,1,0,0,0,0,0,0,0
event=trace_row ordinal=1084 kind=3 ns=288231628939225 fields=178,179,1,2,288231628903641,0,0,0,0,0,0,0,0,6,1,3
event=trace_row ordinal=1085 kind=4 ns=288231637021323 fields=385,8,96,20,96,20,0,0,0,0,16,0,0,0,0,0
event=trace_row ordinal=1086 kind=4 ns=288231637096573 fields=641,5,3,0,0,0,0,0,0,0,16,0,0,0,0,0
event=trace_row ordinal=1087 kind=5 ns=288231638971118 fields=513,6,2,0,0,0,0,0,0,0,16,0,0,0,0,0
event=trace_row ordinal=1088 kind=0 ns=288231638920076 fields=179,2,0,50,2,0,0,0,0,0,0,0,0,0,0,0
event=trace_row ordinal=1089 kind=1 ns=288231638920076 fields=179,2,0,1009,997,200,200,0,1,0,0,0,0,0,0,0
event=trace_row ordinal=1090 kind=1 ns=288231638920076 fields=179,2,1,1009,997,200,200,0,1,0,0,0,0,0,0,0
event=trace_row ordinal=1091 kind=3 ns=288231638979868 fields=179,180,1,2,288231638920076,0,0,0,0,0,0,0,0,6,1,3
event=trace_row ordinal=1092 kind=5 ns=288231648936511 fields=513,6,2,0,0,0,0,0,0,0,16,0,0,0,0,0
event=trace_row ordinal=1093 kind=0 ns=288231648905302 fields=180,2,0,25,1,0,0,0,0,0,0,0,0,0,0,0
event=trace_row ordinal=1094 kind=1 ns=288231648905302 fields=180,2,0,1009,997,200,200,0,1,0,0,0,0,0,0,0
event=trace_row ordinal=1095 kind=3 ns=288231648941177 fields=180,181,1,2,288231648905302,0,0,0,0,0,0,0,0,6,1,3
event=trace_row ordinal=1096 kind=5 ns=288231658949445 fields=513,6,2,0,0,0,0,0,0,0,16,0,0,0,0,0
event=trace_row ordinal=1097 kind=0 ns=288231658911237 fields=181,2,0,50,2,0,0,0,0,0,0,0,0,0,0,0
event=trace_row ordinal=1098 kind=1 ns=288231658911237 fields=181,2,0,1009,997,200,200,0,1,0,0,0,0,0,0,0
event=trace_row ordinal=1099 kind=1 ns=288231658911237 fields=181,2,1,1009,996,200,200,0,1,0,0,0,0,0,0,0
event=trace_row ordinal=1100 kind=3 ns=288231658954695 fields=181,182,1,2,288231658911237,0,0,0,0,0,0,0,0,6,1,3
event=trace_row ordinal=1101 kind=5 ns=288231668937588 fields=513,6,2,0,0,0,0,0,0,0,16,0,0,0,0,0
event=trace_row ordinal=1102 kind=0 ns=288231668904629 fields=182,2,0,25,1,0,0,0,0,0,0,0,0,0,0,0
event=trace_row ordinal=1103 kind=1 ns=288231668904629 fields=182,2,0,1009,996,200,200,0,1,0,0,0,0,0,0,0
event=trace_row ordinal=1104 kind=3 ns=288231668942546 fields=182,183,1,2,288231668904629,0,0,0,0,0,0,0,0,6,1,3
event=trace_row ordinal=1105 kind=5 ns=288231678942647 fields=513,6,6,0,0,0,0,0,0,0,16,0,0,0,0,0
event=trace_row ordinal=1106 kind=0 ns=288231678907064 fields=183,2,0,25,1,0,0,0,0,0,0,0,0,0,0,0
event=trace_row ordinal=1107 kind=1 ns=288231678907064 fields=183,2,0,1009,996,200,200,0,1,0,0,0,0,0,0,0
event=trace_row ordinal=1108 kind=3 ns=288231678947897 fields=183,184,1,2,288231678907064,0,0,0,0,0,0,0,0,2,1,3
event=trace_row ordinal=1109 kind=4 ns=288231686991203 fields=385,8,33,20,33,20,0,0,0,0,16,0,0,0,0,0
event=trace_row ordinal=1110 kind=4 ns=288231687099120 fields=641,5,3,0,0,0,0,0,0,0,16,0,0,0,0,0
event=trace_row ordinal=1111 kind=5 ns=288231688949165 fields=513,6,7,0,0,0,0,0,0,0,16,0,0,0,0,0
event=trace_row ordinal=1112 kind=0 ns=288231688909207 fields=184,2,0,50,2,0,0,0,0,0,0,0,0,0,0,0
event=trace_row ordinal=1113 kind=1 ns=288231688909207 fields=184,2,0,1008,997,200,200,0,1,0,0,0,0,0,0,0
event=trace_row ordinal=1114 kind=1 ns=288231688909207 fields=184,2,1,1008,997,200,200,0,1,0,0,0,0,0,0,0
event=trace_row ordinal=1115 kind=3 ns=288231688954999 fields=184,185,1,2,288231688909207,0,0,0,0,0,0,0,0,3,1,3
event=trace_row ordinal=1116 kind=5 ns=288231698941975 fields=513,6,7,0,0,0,0,0,0,0,16,0,0,0,0,0
event=trace_row ordinal=1117 kind=0 ns=288231698907266 fields=185,2,0,25,1,0,0,0,0,0,0,0,0,0,0,0
event=trace_row ordinal=1118 kind=1 ns=288231698907266 fields=185,2,0,1008,997,200,200,0,1,0,0,0,0,0,0,0
event=trace_row ordinal=1119 kind=3 ns=288231698946641 fields=185,186,1,2,288231698907266,0,0,0,0,0,0,0,0,3,1,3
event=trace_row ordinal=1120 kind=5 ns=288231708920784 fields=513,6,7,0,0,0,0,0,0,0,16,0,0,0,0,0
event=trace_row ordinal=1121 kind=0 ns=288231708895701 fields=186,2,0,50,2,0,0,0,0,0,0,0,0,0,0,0
event=trace_row ordinal=1122 kind=1 ns=288231708895701 fields=186,2,0,1009,996,200,200,0,1,0,0,0,0,0,0,0
event=trace_row ordinal=1123 kind=1 ns=288231708895701 fields=186,2,1,1009,996,200,200,0,1,0,0,0,0,0,0,0
event=trace_row ordinal=1124 kind=3 ns=288231708924868 fields=186,187,1,2,288231708895701,0,0,0,0,0,0,0,0,3,1,3
event=trace_row ordinal=1125 kind=5 ns=288231718920302 fields=513,6,7,0,0,0,0,0,0,0,16,0,0,0,0,0
event=trace_row ordinal=1126 kind=0 ns=288231718896094 fields=187,2,0,25,1,0,0,0,0,0,0,0,0,0,0,0
event=trace_row ordinal=1127 kind=1 ns=288231718896094 fields=187,2,0,1009,996,200,200,0,1,0,0,0,0,0,0,0
event=trace_row ordinal=1128 kind=3 ns=288231718924094 fields=187,188,1,2,288231718896094,0,0,0,0,0,0,0,0,3,1,3
event=trace_row ordinal=1129 kind=4 ns=288231724326353 fields=1793,1,5,0,0,0,0,0,0,0,16,0,0,0,0,0
event=trace_row ordinal=1130 kind=5 ns=288231728923903 fields=513,6,7,0,0,0,0,0,0,0,16,0,0,0,0,0
event=trace_row ordinal=1131 kind=0 ns=288231728896487 fields=188,2,0,50,2,0,0,0,0,0,0,0,0,0,0,0
event=trace_row ordinal=1132 kind=1 ns=288231728896487 fields=188,2,0,1009,996,200,200,0,1,0,0,0,0,0,0,0
event=trace_row ordinal=1133 kind=1 ns=288231728896487 fields=188,2,1,1009,996,200,200,0,1,0,0,0,0,0,0,0
event=trace_row ordinal=1134 kind=3 ns=288231728927987 fields=188,189,1,2,288231728896487,0,0,0,0,0,0,0,0,3,1,3
event=trace_row ordinal=1135 kind=4 ns=288231736908292 fields=385,8,35,20,35,20,0,0,0,0,16,0,0,0,0,0
event=trace_row ordinal=1136 kind=4 ns=288231737037209 fields=641,5,3,0,0,0,0,0,0,0,16,0,0,0,0,0
event=trace_row ordinal=1137 kind=5 ns=288231738993130 fields=513,6,15,0,0,0,0,0,0,0,16,0,0,0,0,0
event=trace_row ordinal=1138 kind=0 ns=288231738968921 fields=189,2,0,25,1,0,0,0,0,0,0,0,0,0,0,0
event=trace_row ordinal=1139 kind=1 ns=288231738968921 fields=189,2,0,1009,996,200,200,0,1,0,0,0,0,0,0,0
event=trace_row ordinal=1140 kind=3 ns=288231738997505 fields=189,190,1,2,288231738968921,0,0,0,0,0,0,0,0,4,1,3
event=trace_row ordinal=1141 kind=5 ns=288231748919731 fields=513,6,15,0,0,0,0,0,0,0,16,0,0,0,0,0
event=trace_row ordinal=1142 kind=0 ns=288231748896106 fields=190,2,0,25,1,0,0,0,0,0,0,0,0,0,0,0
event=trace_row ordinal=1143 kind=1 ns=288231748896106 fields=190,2,0,1009,996,200,200,0,1,0,0,0,0,0,0,0
event=trace_row ordinal=1144 kind=3 ns=288231748923522 fields=190,191,1,2,288231748896106,0,0,0,0,0,0,0,0,4,1,3
event=trace_row ordinal=1145 kind=5 ns=288231758921873 fields=513,6,15,0,0,0,0,0,0,0,16,0,0,0,0,0
event=trace_row ordinal=1146 kind=0 ns=288231758896207 fields=191,2,0,50,2,0,0,0,0,0,0,0,0,0,0,0
event=trace_row ordinal=1147 kind=1 ns=288231758896207 fields=191,2,0,1009,996,200,200,0,1,0,0,0,0,0,0,0
event=trace_row ordinal=1148 kind=1 ns=288231758896207 fields=191,2,1,1009,996,200,200,0,1,0,0,0,0,0,0,0
event=trace_row ordinal=1149 kind=3 ns=288231758925665 fields=191,192,1,2,288231758896207,0,0,0,0,0,0,0,0,4,1,3
event=trace_row ordinal=1150 kind=5 ns=288231768921683 fields=513,6,15,0,0,0,0,0,0,0,16,0,0,0,0,0
event=trace_row ordinal=1151 kind=0 ns=288231768897475 fields=192,2,0,25,1,0,0,0,0,0,0,0,0,0,0,0
event=trace_row ordinal=1152 kind=1 ns=288231768897475 fields=192,2,0,1008,996,200,200,0,1,0,0,0,0,0,0,0
event=trace_row ordinal=1153 kind=3 ns=288231768925475 fields=192,193,1,2,288231768897475,0,0,0,0,0,0,0,0,4,1,3
event=trace_row ordinal=1154 kind=5 ns=288231778920034 fields=513,6,15,0,0,0,0,0,0,0,16,0,0,0,0,0
event=trace_row ordinal=1155 kind=0 ns=288231778895826 fields=193,2,0,50,2,0,0,0,0,0,0,0,0,0,0,0
event=trace_row ordinal=1156 kind=1 ns=288231778895826 fields=193,2,0,1008,996,200,200,0,1,0,0,0,0,0,0,0
event=trace_row ordinal=1157 kind=1 ns=288231778895826 fields=193,2,1,1009,996,200,200,0,1,0,0,0,0,0,0,0
event=trace_row ordinal=1158 kind=3 ns=288231778924117 fields=193,194,1,2,288231778895826,0,0,0,0,0,0,0,0,4,1,3
event=trace_row ordinal=1159 kind=4 ns=288231786875548 fields=385,8,39,20,39,20,0,0,0,0,16,0,0,0,0,0
event=trace_row ordinal=1160 kind=4 ns=288231787059590 fields=641,5,3,0,0,0,0,0,0,0,16,0,0,0,0,0
event=trace_row ordinal=1161 kind=5 ns=288231788921302 fields=513,6,15,0,0,0,0,0,0,0,16,0,0,0,0,0
event=trace_row ordinal=1162 kind=0 ns=288231788897385 fields=194,2,0,25,1,0,0,0,0,0,0,0,0,0,0,0
event=trace_row ordinal=1163 kind=1 ns=288231788897385 fields=194,2,0,1009,996,200,200,0,1,0,0,0,0,0,0,0
event=trace_row ordinal=1164 kind=3 ns=288231788925094 fields=194,195,1,2,288231788897385,0,0,0,0,0,0,0,0,4,1,3
event=trace_row ordinal=1165 kind=5 ns=288231798919945 fields=513,6,15,0,0,0,0,0,0,0,16,0,0,0,0,0
event=trace_row ordinal=1166 kind=0 ns=288231798895736 fields=195,2,0,50,2,0,0,0,0,0,0,0,0,0,0,0
event=trace_row ordinal=1167 kind=1 ns=288231798895736 fields=195,2,0,1009,996,200,200,0,1,0,0,0,0,0,0,0
event=trace_row ordinal=1168 kind=1 ns=288231798895736 fields=195,2,1,1008,996,200,200,0,1,0,0,0,0,0,0,0
event=trace_row ordinal=1169 kind=3 ns=288231798924611 fields=195,196,1,2,288231798895736,0,0,0,0,0,0,0,0,4,1,3
event=trace_row ordinal=1170 kind=5 ns=288231808918588 fields=513,6,15,0,0,0,0,0,0,0,16,0,0,0,0,0
event=trace_row ordinal=1171 kind=0 ns=288231808895838 fields=196,2,0,25,1,0,0,0,0,0,0,0,0,0,0,0
event=trace_row ordinal=1172 kind=1 ns=288231808895838 fields=196,2,0,1008,996,200,200,0,1,0,0,0,0,0,0,0
event=trace_row ordinal=1173 kind=3 ns=288231808922379 fields=196,197,1,2,288231808895838,0,0,0,0,0,0,0,0,4,1,3
event=trace_row ordinal=1174 kind=5 ns=288231818919855 fields=513,6,15,0,0,0,0,0,0,0,16,0,0,0,0,0
event=trace_row ordinal=1175 kind=0 ns=288231818895939 fields=197,2,0,25,1,0,0,0,0,0,0,0,0,0,0,0
event=trace_row ordinal=1176 kind=1 ns=288231818895939 fields=197,2,0,1008,996,200,200,0,1,0,0,0,0,0,0,0
event=trace_row ordinal=1177 kind=3 ns=288231818923647 fields=197,198,1,2,288231818895939,0,0,0,0,0,0,0,0,4,1,3
event=trace_row ordinal=1178 kind=5 ns=288231828921998 fields=513,6,15,0,0,0,0,0,0,0,16,0,0,0,0,0
event=trace_row ordinal=1179 kind=0 ns=288231828896623 fields=198,2,0,50,2,0,0,0,0,0,0,0,0,0,0,0
event=trace_row ordinal=1180 kind=1 ns=288231828896623 fields=198,2,0,1009,996,200,200,0,1,0,0,0,0,0,0,0
event=trace_row ordinal=1181 kind=1 ns=288231828896623 fields=198,2,1,1009,996,200,200,0,1,0,0,0,0,0,0,0
event=trace_row ordinal=1182 kind=3 ns=288231828926082 fields=198,199,1,2,288231828896623,0,0,0,0,0,0,0,0,4,1,3
event=trace_row ordinal=1183 kind=4 ns=288231836818596 fields=385,8,39,20,39,20,0,0,0,0,16,0,0,0,0,0
event=trace_row ordinal=1184 kind=4 ns=288231837007304 fields=641,5,3,0,0,0,0,0,0,0,16,0,0,0,0,0
event=trace_row ordinal=1185 kind=5 ns=288231838918016 fields=513,6,15,0,0,0,0,0,0,0,16,0,0,0,0,0
event=trace_row ordinal=1186 kind=0 ns=288231838895849 fields=199,2,0,25,1,0,0,0,0,0,0,0,0,0,0,0
event=trace_row ordinal=1187 kind=1 ns=288231838895849 fields=199,2,0,1009,996,200,200,0,1,0,0,0,0,0,0,0
event=trace_row ordinal=1188 kind=3 ns=288231838921808 fields=199,200,1,2,288231838895849,0,0,0,0,0,0,0,0,4,1,3
event=trace_row ordinal=1189 kind=5 ns=288231849020784 fields=513,6,15,0,0,0,0,0,0,0,16,0,0,0,0,0
event=trace_row ordinal=1190 kind=0 ns=288231848958367 fields=200,2,0,50,2,0,0,0,0,0,0,0,0,0,0,0
event=trace_row ordinal=1191 kind=1 ns=288231848958367 fields=200,2,0,1009,996,200,200,0,1,0,0,0,0,0,0,0
event=trace_row ordinal=1192 kind=1 ns=288231848958367 fields=200,2,1,1009,996,200,200,0,1,0,0,0,0,0,0,0
event=trace_row ordinal=1193 kind=3 ns=288231849027492 fields=200,201,1,2,288231848958367,0,0,0,0,0,0,0,0,4,1,3
event=trace_row ordinal=1194 kind=5 ns=288231858925510 fields=513,6,15,0,0,0,0,0,0,0,16,0,0,0,0,0
event=trace_row ordinal=1195 kind=0 ns=288231858899843 fields=201,2,0,25,1,0,0,0,0,0,0,0,0,0,0,0
event=trace_row ordinal=1196 kind=1 ns=288231858899843 fields=201,2,0,1009,996,200,200,0,1,0,0,0,0,0,0,0
event=trace_row ordinal=1197 kind=3 ns=288231858929885 fields=201,202,1,2,288231858899843,0,0,0,0,0,0,0,0,4,1,3
event=trace_row ordinal=1198 kind=5 ns=288231868924445 fields=513,6,15,0,0,0,0,0,0,0,16,0,0,0,0,0
event=trace_row ordinal=1199 kind=0 ns=288231868898195 fields=202,2,0,50,2,0,0,0,0,0,0,0,0,0,0,0
event=trace_row ordinal=1200 kind=1 ns=288231868898195 fields=202,2,0,1009,996,200,200,0,1,0,0,0,0,0,0,0
event=trace_row ordinal=1201 kind=1 ns=288231868898195 fields=202,2,1,1009,996,200,200,0,1,0,0,0,0,0,0,0
event=trace_row ordinal=1202 kind=3 ns=288231868929403 fields=202,203,1,2,288231868898195,0,0,0,0,0,0,0,0,4,1,3
event=trace_row ordinal=1203 kind=5 ns=288231878920754 fields=513,6,15,0,0,0,0,0,0,0,16,0,0,0,0,0
event=trace_row ordinal=1204 kind=0 ns=288231878896837 fields=203,2,0,25,1,0,0,0,0,0,0,0,0,0,0,0
event=trace_row ordinal=1205 kind=1 ns=288231878896837 fields=203,2,0,1009,996,200,200,0,1,0,0,0,0,0,0,0
event=trace_row ordinal=1206 kind=3 ns=288231878924546 fields=203,204,1,2,288231878896837,0,0,0,0,0,0,0,0,4,1,3
event=trace_row ordinal=1207 kind=4 ns=288231886825227 fields=385,8,39,20,39,20,0,0,0,0,16,0,0,0,0,0
event=trace_row ordinal=1208 kind=4 ns=288231886946852 fields=641,5,3,0,0,0,0,0,0,0,16,0,0,0,0,0
event=trace_row ordinal=1209 kind=5 ns=288231888924355 fields=513,6,15,0,0,0,0,0,0,0,16,0,0,0,0,0
event=trace_row ordinal=1210 kind=0 ns=288231888897522 fields=204,2,0,25,1,0,0,0,0,0,0,0,0,0,0,0
event=trace_row ordinal=1211 kind=1 ns=288231888897522 fields=204,2,0,1008,996,200,200,0,1,0,0,0,0,0,0,0
event=trace_row ordinal=1212 kind=3 ns=288231888928439 fields=204,205,1,2,288231888897522,0,0,0,0,0,0,0,0,4,1,3
event=trace_row ordinal=1213 kind=5 ns=288231898916873 fields=513,6,15,0,0,0,0,0,0,0,16,0,0,0,0,0
event=trace_row ordinal=1214 kind=0 ns=288231898895290 fields=205,2,0,50,2,0,0,0,0,0,0,0,0,0,0,0
event=trace_row ordinal=1215 kind=1 ns=288231898895290 fields=205,2,0,1008,996,200,200,0,1,0,0,0,0,0,0,0
event=trace_row ordinal=1216 kind=1 ns=288231898895290 fields=205,2,1,1008,996,200,200,0,1,0,0,0,0,0,0,0
event=trace_row ordinal=1217 kind=3 ns=288231898920665 fields=205,206,1,2,288231898895290,0,0,0,0,0,0,0,0,4,1,3
event=trace_row ordinal=1218 kind=5 ns=288231908921058 fields=513,6,15,0,0,0,0,0,0,0,16,0,0,0,0,0
event=trace_row ordinal=1219 kind=0 ns=288231908896849 fields=206,2,0,25,1,0,0,0,0,0,0,0,0,0,0,0
event=trace_row ordinal=1220 kind=1 ns=288231908896849 fields=206,2,0,1009,996,200,200,0,1,0,0,0,0,0,0,0
event=trace_row ordinal=1221 kind=3 ns=288231908925141 fields=206,207,1,2,288231908896849,0,0,0,0,0,0,0,0,4,1,3
event=trace_row ordinal=1222 kind=5 ns=288231918916784 fields=513,6,15,0,0,0,0,0,0,0,16,0,0,0,0,0
event=trace_row ordinal=1223 kind=0 ns=288231918894617 fields=207,2,0,50,2,0,0,0,0,0,0,0,0,0,0,0
event=trace_row ordinal=1224 kind=1 ns=288231918894617 fields=207,2,0,1009,996,200,200,0,1,0,0,0,0,0,0,0
event=trace_row ordinal=1225 kind=1 ns=288231918894617 fields=207,2,1,1008,996,200,200,0,1,0,0,0,0,0,0,0
event=trace_row ordinal=1226 kind=3 ns=288231918920867 fields=207,208,1,2,288231918894617,0,0,0,0,0,0,0,0,4,1,3
event=trace_row ordinal=1227 kind=5 ns=288231928920093 fields=513,6,15,0,0,0,0,0,0,0,16,0,0,0,0,0
event=trace_row ordinal=1228 kind=0 ns=288231928896177 fields=208,2,0,25,1,0,0,0,0,0,0,0,0,0,0,0
event=trace_row ordinal=1229 kind=1 ns=288231928896177 fields=208,2,0,1008,996,200,200,0,1,0,0,0,0,0,0,0
event=trace_row ordinal=1230 kind=3 ns=288231928923885 fields=208,209,1,2,288231928896177,0,0,0,0,0,0,0,0,4,1,3
event=trace_row ordinal=1231 kind=4 ns=288231936695357 fields=385,8,39,20,39,20,0,0,0,0,16,0,0,0,0,0
event=trace_row ordinal=1232 kind=4 ns=288231936823399 fields=641,5,3,0,0,0,0,0,0,0,16,0,0,0,0,0
event=trace_row ordinal=1233 kind=5 ns=288231938916986 fields=513,6,15,0,0,0,0,0,0,0,16,0,0,0,0,0
event=trace_row ordinal=1234 kind=0 ns=288231938894528 fields=209,2,0,50,2,0,0,0,0,0,0,0,0,0,0,0
event=trace_row ordinal=1235 kind=1 ns=288231938894528 fields=209,2,0,1008,996,200,200,0,1,0,0,0,0,0,0,0
event=trace_row ordinal=1236 kind=1 ns=288231938894528 fields=209,2,1,1009,996,200,200,0,1,0,0,0,0,0,0,0
event=trace_row ordinal=1237 kind=3 ns=288231938920778 fields=209,210,1,2,288231938894528,0,0,0,0,0,0,0,0,4,1,3
event=trace_row ordinal=1238 kind=5 ns=288231948922629 fields=513,6,15,0,0,0,0,0,0,0,16,0,0,0,0,0
event=trace_row ordinal=1239 kind=0 ns=288231948897837 fields=210,2,0,25,1,0,0,0,0,0,0,0,0,0,0,0
event=trace_row ordinal=1240 kind=1 ns=288231948897837 fields=210,2,0,1009,996,200,200,0,1,0,0,0,0,0,0,0
event=trace_row ordinal=1241 kind=3 ns=288231948926712 fields=210,211,1,2,288231948897837,0,0,0,0,0,0,0,0,4,1,3
event=trace_row ordinal=1242 kind=5 ns=288231958918647 fields=513,6,15,0,0,0,0,0,0,0,16,0,0,0,0,0
event=trace_row ordinal=1243 kind=0 ns=288231958896189 fields=211,2,0,25,1,0,0,0,0,0,0,0,0,0,0,0
event=trace_row ordinal=1244 kind=1 ns=288231958896189 fields=211,2,0,1009,996,200,200,0,1,0,0,0,0,0,0,0
event=trace_row ordinal=1245 kind=3 ns=288231958922730 fields=211,212,1,2,288231958896189,0,0,0,0,0,0,0,0,4,1,3
event=trace_row ordinal=1246 kind=5 ns=288231968923707 fields=513,6,15,0,0,0,0,0,0,0,16,0,0,0,0,0
event=trace_row ordinal=1247 kind=0 ns=288231968897456 fields=212,2,0,50,2,0,0,0,0,0,0,0,0,0,0,0
event=trace_row ordinal=1248 kind=1 ns=288231968897456 fields=212,2,0,1008,996,200,200,0,1,0,0,0,0,0,0,0
event=trace_row ordinal=1249 kind=1 ns=288231968897456 fields=212,2,1,1008,996,200,200,0,1,0,0,0,0,0,0,0
event=trace_row ordinal=1250 kind=3 ns=288231968927790 fields=212,213,1,2,288231968897456,0,0,0,0,0,0,0,0,4,1,3
event=trace_row ordinal=1251 kind=4 ns=288231973865424 fields=1793,1,5,0,0,0,0,0,0,0,16,0,0,0,0,0
event=trace_row ordinal=1252 kind=5 ns=288231978921474 fields=513,6,15,0,0,0,0,0,0,0,16,0,0,0,0,0
event=trace_row ordinal=1253 kind=0 ns=288231978896974 fields=213,2,0,25,1,0,0,0,0,0,0,0,0,0,0,0
event=trace_row ordinal=1254 kind=1 ns=288231978896974 fields=213,2,0,1008,996,200,200,0,1,0,0,0,0,0,0,0
event=trace_row ordinal=1255 kind=3 ns=288231978925849 fields=213,214,1,2,288231978896974,0,0,0,0,0,0,0,0,4,1,3
event=trace_row ordinal=1256 kind=4 ns=288231986644238 fields=385,8,39,20,39,20,0,0,0,0,16,0,0,0,0,0
event=trace_row ordinal=1257 kind=4 ns=288231986832072 fields=641,5,3,0,0,0,0,0,0,0,16,0,0,0,0,0
event=trace_row ordinal=1258 kind=5 ns=288231988921284 fields=513,6,15,0,0,0,0,0,0,0,16,0,0,0,0,0
event=trace_row ordinal=1259 kind=0 ns=288231988895909 fields=214,2,0,50,2,0,0,0,0,0,0,0,0,0,0,0
event=trace_row ordinal=1260 kind=1 ns=288231988895909 fields=214,2,0,1009,996,200,200,0,1,0,0,0,0,0,0,0
event=trace_row ordinal=1261 kind=1 ns=288231988895909 fields=214,2,1,1009,996,200,200,0,1,0,0,0,0,0,0,0
event=trace_row ordinal=1262 kind=3 ns=288231988925659 fields=214,215,1,2,288231988895909,0,0,0,0,0,0,0,0,4,1,3
event=trace_row ordinal=1263 kind=5 ns=288231998914677 fields=513,6,15,0,0,0,0,0,0,0,16,0,0,0,0,0
event=trace_row ordinal=1264 kind=0 ns=288231998893969 fields=215,2,0,25,1,0,0,0,0,0,0,0,0,0,0,0
event=trace_row ordinal=1265 kind=1 ns=288231998893969 fields=215,2,0,1009,996,200,200,0,1,0,0,0,0,0,0,0
event=trace_row ordinal=1266 kind=3 ns=288231998918177 fields=215,216,1,2,288231998893969,0,0,0,0,0,0,0,0,4,1,3
event=trace_row ordinal=1267 kind=5 ns=288232008920028 fields=513,6,15,0,0,0,0,0,0,0,16,0,0,0,0,0
event=trace_row ordinal=1268 kind=0 ns=288232008896695 fields=216,2,0,50,2,0,0,0,0,0,0,0,0,0,0,0
event=trace_row ordinal=1269 kind=1 ns=288232008896695 fields=216,2,0,1009,996,200,200,0,1,0,0,0,0,0,0,0
event=trace_row ordinal=1270 kind=1 ns=288232008896695 fields=216,2,1,1009,996,200,200,0,1,0,0,0,0,0,0,0
event=trace_row ordinal=1271 kind=3 ns=288232008923820 fields=216,217,1,2,288232008896695,0,0,0,0,0,0,0,0,4,1,3
event=trace_row ordinal=1272 kind=5 ns=288232018914588 fields=513,6,15,0,0,0,0,0,0,0,16,0,0,0,0,0
event=trace_row ordinal=1273 kind=0 ns=288232018894754 fields=217,2,0,25,1,0,0,0,0,0,0,0,0,0,0,0
event=trace_row ordinal=1274 kind=1 ns=288232018894754 fields=217,2,0,1009,996,200,200,0,1,0,0,0,0,0,0,0
event=trace_row ordinal=1275 kind=3 ns=288232018918088 fields=217,218,1,2,288232018894754,0,0,0,0,0,0,0,0,4,1,3
event=trace_row ordinal=1276 kind=5 ns=288232028933356 fields=513,6,15,0,0,0,0,0,0,0,16,0,0,0,0,0
event=trace_row ordinal=1277 kind=0 ns=288232028903022 fields=218,2,0,25,1,0,0,0,0,0,0,0,0,0,0,0
event=trace_row ordinal=1278 kind=1 ns=288232028903022 fields=218,2,0,1009,996,200,200,0,1,0,0,0,0,0,0,0
event=trace_row ordinal=1279 kind=3 ns=288232028938023 fields=218,219,1,2,288232028903022,0,0,0,0,0,0,0,0,4,1,3
event=trace_row ordinal=1280 kind=4 ns=288232036606245 fields=385,8,39,20,39,20,0,0,0,0,16,0,0,0,0,0
event=trace_row ordinal=1281 kind=4 ns=288232036780078 fields=641,5,3,0,0,0,0,0,0,0,16,0,0,0,0,0
event=trace_row ordinal=1282 kind=5 ns=288232038927915 fields=513,6,15,0,0,0,0,0,0,0,16,0,0,0,0,0
event=trace_row ordinal=1283 kind=0 ns=288232038902249 fields=219,2,0,50,2,0,0,0,0,0,0,0,0,0,0,0
event=trace_row ordinal=1284 kind=1 ns=288232038902249 fields=219,2,0,1009,996,200,200,0,1,0,0,0,0,0,0,0
event=trace_row ordinal=1285 kind=1 ns=288232038902249 fields=219,2,1,1009,996,200,200,0,1,0,0,0,0,0,0,0
event=trace_row ordinal=1286 kind=3 ns=288232038931999 fields=219,220,1,2,288232038902249,0,0,0,0,0,0,0,0,4,1,3
event=trace_row ordinal=1287 kind=5 ns=288232048926267 fields=513,6,15,0,0,0,0,0,0,0,16,0,0,0,0,0
event=trace_row ordinal=1288 kind=0 ns=288232048899433 fields=220,2,0,25,1,0,0,0,0,0,0,0,0,0,0,0
event=trace_row ordinal=1289 kind=1 ns=288232048899433 fields=220,2,0,1008,996,200,200,0,1,0,0,0,0,0,0,0
event=trace_row ordinal=1290 kind=3 ns=288232048930933 fields=220,221,1,2,288232048899433,0,0,0,0,0,0,0,0,4,1,3
event=trace_row ordinal=1291 kind=5 ns=288232058931910 fields=513,6,15,0,0,0,0,0,0,0,16,0,0,0,0,0
event=trace_row ordinal=1292 kind=0 ns=288232058902743 fields=221,2,0,51,2,0,0,0,0,0,0,0,0,0,0,0
event=trace_row ordinal=1293 kind=1 ns=288232058902743 fields=221,2,0,1008,996,200,200,0,1,0,0,0,0,0,0,0
event=trace_row ordinal=1294 kind=1 ns=288232058902743 fields=221,2,1,1009,996,200,200,0,1,0,0,0,0,0,0,0
event=trace_row ordinal=1295 kind=3 ns=288232058936576 fields=221,222,1,2,288232058902743,0,0,0,0,0,0,0,0,4,1,3
event=trace_row ordinal=1296 kind=5 ns=288232068920344 fields=513,6,15,0,0,0,0,0,0,0,16,0,0,0,0,0
event=trace_row ordinal=1297 kind=0 ns=288232068898178 fields=222,2,0,26,1,0,0,0,0,0,0,0,0,0,0,0
event=trace_row ordinal=1298 kind=1 ns=288232068898178 fields=222,2,0,1009,996,200,200,0,1,0,0,0,0,0,0,0
event=trace_row ordinal=1299 kind=3 ns=288232068923844 fields=222,223,1,2,288232068898178,0,0,0,0,0,0,0,0,4,1,3
event=trace_row ordinal=1300 kind=5 ns=288232078929196 fields=513,6,15,0,0,0,0,0,0,0,16,0,0,0,0,0
event=trace_row ordinal=1301 kind=0 ns=288232078901487 fields=223,2,0,52,2,0,0,0,0,0,0,0,0,0,0,0
event=trace_row ordinal=1302 kind=1 ns=288232078901487 fields=223,2,0,1009,996,200,200,0,1,0,0,0,0,0,0,0
event=trace_row ordinal=1303 kind=1 ns=288232078901487 fields=223,2,1,1009,996,200,200,0,1,0,0,0,0,0,0,0
event=trace_row ordinal=1304 kind=3 ns=288232078933571 fields=223,224,1,2,288232078901487,0,0,0,0,0,0,0,0,4,1,3
event=trace_row ordinal=1305 kind=4 ns=288232086550459 fields=385,8,39,20,39,20,0,0,0,0,16,0,0,0,0,0
event=trace_row ordinal=1306 kind=4 ns=288232086726626 fields=641,5,3,0,0,0,0,0,0,0,16,0,0,0,0,0
event=trace_row ordinal=1307 kind=5 ns=288232088950005 fields=513,6,15,0,0,0,0,0,0,0,16,0,0,0,0,0
event=trace_row ordinal=1308 kind=0 ns=288232088912088 fields=224,2,0,26,1,0,0,0,0,0,0,0,0,0,0,0
event=trace_row ordinal=1309 kind=1 ns=288232088912088 fields=224,2,0,1009,996,200,200,0,1,0,0,0,0,0,0,0
event=trace_row ordinal=1310 kind=3 ns=288232088957005 fields=224,225,1,2,288232088912088,0,0,0,0,0,0,0,0,4,1,3
event=trace_row ordinal=1311 kind=5 ns=288232098941940 fields=513,6,15,0,0,0,0,0,0,0,16,0,0,0,0,0
event=trace_row ordinal=1312 kind=0 ns=288232098908690 fields=225,2,0,26,1,0,0,0,0,0,0,0,0,0,0,0
event=trace_row ordinal=1313 kind=1 ns=288232098908690 fields=225,2,0,1009,996,200,200,0,1,0,0,0,0,0,0,0
event=trace_row ordinal=1314 kind=3 ns=288232098948065 fields=225,226,1,2,288232098908690,0,0,0,0,0,0,0,0,4,1,3
event=trace_row ordinal=1315 kind=5 ns=288232108929791 fields=513,6,15,0,0,0,0,0,0,0,16,0,0,0,0,0
event=trace_row ordinal=1316 kind=0 ns=288232108901208 fields=226,2,0,52,2,0,0,0,0,0,0,0,0,0,0,0
event=trace_row ordinal=1317 kind=1 ns=288232108901208 fields=226,2,0,1009,996,200,200,0,1,0,0,0,0,0,0,0
event=trace_row ordinal=1318 kind=1 ns=288232108901208 fields=226,2,1,1009,996,200,200,0,1,0,0,0,0,0,0,0
event=trace_row ordinal=1319 kind=3 ns=288232108935916 fields=226,227,1,2,288232108901208,0,0,0,0,0,0,0,0,4,1,3
event=trace_row ordinal=1320 kind=5 ns=288232118940684 fields=513,6,15,0,0,0,0,0,0,0,16,0,0,0,0,0
event=trace_row ordinal=1321 kind=0 ns=288232118908309 fields=227,2,0,26,1,0,0,0,0,0,0,0,0,0,0,0
event=trace_row ordinal=1322 kind=1 ns=288232118908309 fields=227,2,0,1009,996,200,200,0,1,0,0,0,0,0,0,0
event=trace_row ordinal=1323 kind=3 ns=288232118947392 fields=227,228,1,2,288232118908309,0,0,0,0,0,0,0,0,4,1,3
event=trace_row ordinal=1324 kind=5 ns=288232128927077 fields=513,6,15,0,0,0,0,0,0,0,16,0,0,0,0,0
event=trace_row ordinal=1325 kind=0 ns=288232128900535 fields=228,2,0,52,2,0,0,0,0,0,0,0,0,0,0,0
event=trace_row ordinal=1326 kind=1 ns=288232128900535 fields=228,2,0,1009,996,200,200,0,1,0,0,0,0,0,0,0
event=trace_row ordinal=1327 kind=1 ns=288232128900535 fields=228,2,1,1009,996,200,200,0,1,0,0,0,0,0,0,0
event=trace_row ordinal=1328 kind=3 ns=288232128931744 fields=228,229,1,2,288232128900535,0,0,0,0,0,0,0,0,4,1,3
event=trace_row ordinal=1329 kind=4 ns=288232136505757 fields=385,8,39,20,39,20,0,0,0,0,16,0,0,0,0,0
event=trace_row ordinal=1330 kind=4 ns=288232136670549 fields=641,5,3,0,0,0,0,0,0,0,16,0,0,0,0,0
event=trace_row ordinal=1331 kind=5 ns=288232138930095 fields=513,6,15,0,0,0,0,0,0,0,16,0,0,0,0,0
event=trace_row ordinal=1332 kind=0 ns=288232138903261 fields=229,2,0,26,1,0,0,0,0,0,0,0,0,0,0,0
event=trace_row ordinal=1333 kind=1 ns=288232138903261 fields=229,2,0,1009,996,200,200,0,1,0,0,0,0,0,0,0
event=trace_row ordinal=1334 kind=3 ns=288232138935053 fields=229,230,1,2,288232138903261,0,0,0,0,0,0,0,0,4,1,3
event=trace_row ordinal=1335 kind=5 ns=288232148935154 fields=513,6,15,0,0,0,0,0,0,0,16,0,0,0,0,0
event=trace_row ordinal=1336 kind=0 ns=288232148905988 fields=230,2,0,50,2,0,0,0,0,0,0,0,0,0,0,0
event=trace_row ordinal=1337 kind=1 ns=288232148905988 fields=230,2,0,1009,996,200,200,0,1,0,0,0,0,0,0,0
event=trace_row ordinal=1338 kind=1 ns=288232148905988 fields=230,2,1,1009,996,200,200,0,1,0,0,0,0,0,0,0
event=trace_row ordinal=1339 kind=3 ns=288232148941279 fields=230,231,1,2,288232148905988,0,0,0,0,0,0,0,0,4,1,3
event=trace_row ordinal=1340 kind=5 ns=288232158921256 fields=513,6,15,0,0,0,0,0,0,0,16,0,0,0,0,0
event=trace_row ordinal=1341 kind=0 ns=288232158898506 fields=231,2,0,25,1,0,0,0,0,0,0,0,0,0,0,0
event=trace_row ordinal=1342 kind=1 ns=288232158898506 fields=231,2,0,1009,996,200,200,0,1,0,0,0,0,0,0,0
event=trace_row ordinal=1343 kind=3 ns=288232158924756 fields=231,232,1,2,288232158898506,0,0,0,0,0,0,0,0,4,1,3
event=trace_row ordinal=1344 kind=5 ns=288232168917857 fields=513,6,15,0,0,0,0,0,0,0,16,0,0,0,0,0
event=trace_row ordinal=1345 kind=0 ns=288232168896857 fields=232,2,0,25,1,0,0,0,0,0,0,0,0,0,0,0
event=trace_row ordinal=1346 kind=1 ns=288232168896857 fields=232,2,0,1008,996,200,200,0,1,0,0,0,0,0,0,0
event=trace_row ordinal=1347 kind=3 ns=288232168921649 fields=232,233,1,2,288232168896857,0,0,0,0,0,0,0,0,4,1,3
event=trace_row ordinal=1348 kind=5 ns=288232178944208 fields=513,6,15,0,0,0,0,0,0,0,16,0,0,0,0,0
event=trace_row ordinal=1349 kind=0 ns=288232178907458 fields=233,2,0,50,2,0,0,0,0,0,0,0,0,0,0,0
event=trace_row ordinal=1350 kind=1 ns=288232178907458 fields=233,2,0,1008,996,200,200,0,1,0,0,0,0,0,0,0
event=trace_row ordinal=1351 kind=1 ns=288232178907458 fields=233,2,1,1008,996,200,200,0,1,0,0,0,0,0,0,0
event=trace_row ordinal=1352 kind=3 ns=288232178949167 fields=233,234,1,2,288232178907458,0,0,0,0,0,0,0,0,4,1,3
event=trace_row ordinal=1353 kind=4 ns=288232186449972 fields=385,8,39,20,39,20,0,0,0,0,16,0,0,0,0,0
event=trace_row ordinal=1354 kind=4 ns=288232186618264 fields=641,5,3,0,0,0,0,0,0,0,16,0,0,0,0,0
event=trace_row ordinal=1355 kind=5 ns=288232188936143 fields=513,6,15,0,0,0,0,0,0,0,16,0,0,0,0,0
event=trace_row ordinal=1356 kind=0 ns=288232188905518 fields=234,2,0,26,1,0,0,0,0,0,0,0,0,0,0,0
event=trace_row ordinal=1357 kind=1 ns=288232188905518 fields=234,2,0,1009,996,200,200,0,1,0,0,0,0,0,0,0
event=trace_row ordinal=1358 kind=3 ns=288232188940226 fields=234,235,1,2,288232188905518,0,0,0,0,0,0,0,0,4,1,3
event=trace_row ordinal=1359 kind=5 ns=288232198927494 fields=513,6,15,0,0,0,0,0,0,0,16,0,0,0,0,0
event=trace_row ordinal=1360 kind=0 ns=288232198900952 fields=235,2,0,52,2,0,0,0,0,0,0,0,0,0,0,0
event=trace_row ordinal=1361 kind=1 ns=288232198900952 fields=235,2,0,1009,996,200,200,0,1,0,0,0,0,0,0,0
event=trace_row ordinal=1362 kind=1 ns=288232198900952 fields=235,2,1,1008,996,200,200,0,1,0,0,0,0,0,0,0
event=trace_row ordinal=1363 kind=3 ns=288232198931286 fields=235,236,1,2,288232198900952,0,0,0,0,0,0,0,0,4,1,3
event=trace_row ordinal=1364 kind=5 ns=288232208922929 fields=513,6,15,0,0,0,0,0,0,0,16,0,0,0,0,0
event=trace_row ordinal=1365 kind=0 ns=288232208898137 fields=236,2,0,26,1,0,0,0,0,0,0,0,0,0,0,0
event=trace_row ordinal=1366 kind=1 ns=288232208898137 fields=236,2,0,1008,996,200,200,0,1,0,0,0,0,0,0,0
event=trace_row ordinal=1367 kind=3 ns=288232208927012 fields=236,237,1,2,288232208898137,0,0,0,0,0,0,0,0,4,1,3
event=trace_row ordinal=1368 kind=5 ns=288232218923613 fields=513,6,15,0,0,0,0,0,0,0,16,0,0,0,0,0
event=trace_row ordinal=1369 kind=0 ns=288232218900572 fields=237,2,0,52,2,0,0,0,0,0,0,0,0,0,0,0
event=trace_row ordinal=1370 kind=1 ns=288232218900572 fields=237,2,0,1008,996,200,200,0,1,0,0,0,0,0,0,0
event=trace_row ordinal=1371 kind=1 ns=288232218900572 fields=237,2,1,1009,996,200,200,0,1,0,0,0,0,0,0,0
event=trace_row ordinal=1372 kind=3 ns=288232218927113 fields=237,238,1,2,288232218900572,0,0,0,0,0,0,0,0,4,1,3
event=trace_row ordinal=1373 kind=4 ns=288232223294246 fields=1793,1,5,0,0,0,0,0,0,0,16,0,0,0,0,0
event=trace_row ordinal=1374 kind=5 ns=288232228952298 fields=513,6,15,0,0,0,0,0,0,0,16,0,0,0,0,0
event=trace_row ordinal=1375 kind=0 ns=288232228910881 fields=238,2,0,26,1,0,0,0,0,0,0,0,0,0,0,0
event=trace_row ordinal=1376 kind=1 ns=288232228910881 fields=238,2,0,1009,996,200,200,0,1,0,0,0,0,0,0,0
event=trace_row ordinal=1377 kind=3 ns=288232228961340 fields=238,239,1,2,288232228910881,0,0,0,0,0,0,0,0,4,1,3
event=trace_row ordinal=1378 kind=4 ns=288232236381936 fields=385,8,39,20,39,20,0,0,0,0,16,0,0,0,0,0
event=trace_row ordinal=1379 kind=4 ns=288232236564228 fields=641,5,3,0,0,0,0,0,0,0,16,0,0,0,0,0
event=trace_row ordinal=1380 kind=5 ns=288232238917982 fields=513,6,15,0,0,0,0,0,0,0,16,0,0,0,0,0
event=trace_row ordinal=1381 kind=0 ns=288232238896982 fields=239,2,0,26,1,0,0,0,0,0,0,0,0,0,0,0
event=trace_row ordinal=1382 kind=1 ns=288232238896982 fields=239,2,0,1009,996,200,200,0,1,0,0,0,0,0,0,0
event=trace_row ordinal=1383 kind=3 ns=288232238921482 fields=239,240,1,2,288232238896982,0,0,0,0,0,0,0,0,4,1,3
event=trace_row ordinal=1384 kind=5 ns=288232248917209 fields=513,6,15,0,0,0,0,0,0,0,16,0,0,0,0,0
event=trace_row ordinal=1385 kind=0 ns=288232248895625 fields=240,2,0,52,2,0,0,0,0,0,0,0,0,0,0,0
event=trace_row ordinal=1386 kind=1 ns=288232248895625 fields=240,2,0,1008,996,200,200,0,1,0,0,0,0,0,0,0
event=trace_row ordinal=1387 kind=1 ns=288232248895625 fields=240,2,1,1008,996,200,200,0,1,0,0,0,0,0,0,0
event=trace_row ordinal=1388 kind=3 ns=288232248920709 fields=240,241,1,2,288232248895625,0,0,0,0,0,0,0,0,4,1,3
event=trace_row ordinal=1389 kind=5 ns=288232258914102 fields=513,6,15,0,0,0,0,0,0,0,16,0,0,0,0,0
event=trace_row ordinal=1390 kind=0 ns=288232258895435 fields=241,2,0,26,1,0,0,0,0,0,0,0,0,0,0,0
event=trace_row ordinal=1391 kind=1 ns=288232258895435 fields=241,2,0,1008,996,200,200,0,1,0,0,0,0,0,0,0
event=trace_row ordinal=1392 kind=3 ns=288232258917602 fields=241,242,1,2,288232258895435,0,0,0,0,0,0,0,0,4,1,3
event=trace_row ordinal=1393 kind=5 ns=288232268913620 fields=513,6,15,0,0,0,0,0,0,0,16,0,0,0,0,0
event=trace_row ordinal=1394 kind=0 ns=288232268893203 fields=242,2,0,50,2,0,0,0,0,0,0,0,0,0,0,0
event=trace_row ordinal=1395 kind=1 ns=288232268893203 fields=242,2,0,1009,996,200,200,0,1,0,0,0,0,0,0,0
event=trace_row ordinal=1396 kind=1 ns=288232268893203 fields=242,2,1,1009,996,200,200,0,1,0,0,0,0,0,0,0
event=trace_row ordinal=1397 kind=3 ns=288232268917703 fields=242,243,1,2,288232268893203,0,0,0,0,0,0,0,0,4,1,3
event=trace_row ordinal=1398 kind=5 ns=288232278911971 fields=513,6,15,0,0,0,0,0,0,0,16,0,0,0,0,0
event=trace_row ordinal=1399 kind=0 ns=288232278893596 fields=243,2,0,25,1,0,0,0,0,0,0,0,0,0,0,0
event=trace_row ordinal=1400 kind=1 ns=288232278893596 fields=243,2,0,1009,996,200,200,0,1,0,0,0,0,0,0,0
event=trace_row ordinal=1401 kind=3 ns=288232278915179 fields=243,244,1,2,288232278893596,0,0,0,0,0,0,0,0,4,1,3
event=trace_row ordinal=1402 kind=4 ns=288232286323817 fields=385,8,39,20,39,20,0,0,0,0,16,0,0,0,0,0
event=trace_row ordinal=1403 kind=4 ns=288232286512818 fields=641,5,3,0,0,0,0,0,0,0,16,0,0,0,0,0
event=trace_row ordinal=1404 kind=5 ns=288232288914114 fields=513,6,15,0,0,0,0,0,0,0,16,0,0,0,0,0
event=trace_row ordinal=1405 kind=0 ns=288232288893114 fields=244,2,0,50,2,0,0,0,0,0,0,0,0,0,0,0
event=trace_row ordinal=1406 kind=1 ns=288232288893114 fields=244,2,0,1008,996,200,200,0,1,0,0,0,0,0,0,0
event=trace_row ordinal=1407 kind=1 ns=288232288893114 fields=244,2,1,1008,996,200,200,0,1,0,0,0,0,0,0,0
event=trace_row ordinal=1408 kind=3 ns=288232288917614 fields=244,245,1,2,288232288893114,0,0,0,0,0,0,0,0,4,1,3
event=trace_row ordinal=1409 kind=5 ns=288232298916840 fields=513,6,15,0,0,0,0,0,0,0,16,0,0,0,0,0
event=trace_row ordinal=1410 kind=0 ns=288232298896132 fields=245,2,0,25,1,0,0,0,0,0,0,0,0,0,0,0
event=trace_row ordinal=1411 kind=1 ns=288232298896132 fields=245,2,0,1008,996,200,200,0,1,0,0,0,0,0,0,0
event=trace_row ordinal=1412 kind=3 ns=288232298920632 fields=245,246,1,2,288232298896132,0,0,0,0,0,0,0,0,4,1,3
event=trace_row ordinal=1413 kind=5 ns=288232308912566 fields=513,6,15,0,0,0,0,0,0,0,16,0,0,0,0,0
event=trace_row ordinal=1414 kind=0 ns=288232308893608 fields=246,2,0,25,1,0,0,0,0,0,0,0,0,0,0,0
event=trace_row ordinal=1415 kind=1 ns=288232308893608 fields=246,2,0,1009,996,200,200,0,1,0,0,0,0,0,0,0
event=trace_row ordinal=1416 kind=3 ns=288232308915775 fields=246,247,1,2,288232308893608,0,0,0,0,0,0,0,0,4,1,3
event=trace_row ordinal=1417 kind=5 ns=288232318915293 fields=513,6,15,0,0,0,0,0,0,0,16,0,0,0,0,0
event=trace_row ordinal=1418 kind=0 ns=288232318894584 fields=247,2,0,50,2,0,0,0,0,0,0,0,0,0,0,0
event=trace_row ordinal=1419 kind=1 ns=288232318894584 fields=247,2,0,1009,996,200,200,0,1,0,0,0,0,0,0,0
event=trace_row ordinal=1420 kind=1 ns=288232318894584 fields=247,2,1,1009,996,200,200,0,1,0,0,0,0,0,0,0
event=trace_row ordinal=1421 kind=3 ns=288232318918793 fields=247,248,1,2,288232318894584,0,0,0,0,0,0,0,0,4,1,3
event=trace_row ordinal=1422 kind=5 ns=288232328912186 fields=513,6,15,0,0,0,0,0,0,0,16,0,0,0,0,0
event=trace_row ordinal=1423 kind=0 ns=288232328893519 fields=248,2,0,25,1,0,0,0,0,0,0,0,0,0,0,0
event=trace_row ordinal=1424 kind=1 ns=288232328893519 fields=248,2,0,1009,996,200,200,0,1,0,0,0,0,0,0,0
event=trace_row ordinal=1425 kind=3 ns=288232328915977 fields=248,249,1,2,288232328893519,0,0,0,0,0,0,0,0,4,1,3
event=trace_row ordinal=1426 kind=4 ns=288232336270657 fields=385,8,39,20,39,20,0,0,0,0,16,0,0,0,0,0
event=trace_row ordinal=1427 kind=4 ns=288232336397241 fields=641,5,3,0,0,0,0,0,0,0,16,0,0,0,0,0
event=trace_row ordinal=1428 kind=5 ns=288232338914620 fields=513,6,15,0,0,0,0,0,0,0,16,0,0,0,0,0
event=trace_row ordinal=1429 kind=0 ns=288232338893912 fields=249,2,0,50,2,0,0,0,0,0,0,0,0,0,0,0
event=trace_row ordinal=1430 kind=1 ns=288232338893912 fields=249,2,0,1009,996,200,200,0,1,0,0,0,0,0,0,0
event=trace_row ordinal=1431 kind=1 ns=288232338893912 fields=249,2,1,1009,996,200,200,0,1,0,0,0,0,0,0,0
event=trace_row ordinal=1432 kind=3 ns=288232338917828 fields=249,250,1,2,288232338893912,0,0,0,0,0,0,0,0,4,1,3
event=trace_row ordinal=1433 kind=5 ns=288232348914721 fields=513,6,15,0,0,0,0,0,0,0,16,0,0,0,0,0
event=trace_row ordinal=1434 kind=0 ns=288232348895180 fields=250,2,0,25,1,0,0,0,0,0,0,0,0,0,0,0
event=trace_row ordinal=1435 kind=1 ns=288232348895180 fields=250,2,0,1009,996,200,200,0,1,0,0,0,0,0,0,0
event=trace_row ordinal=1436 kind=3 ns=288232348918221 fields=250,251,1,2,288232348895180,0,0,0,0,0,0,0,0,4,1,3
event=trace_row ordinal=1437 kind=5 ns=288232358914531 fields=513,6,15,0,0,0,0,0,0,0,16,0,0,0,0,0
event=trace_row ordinal=1438 kind=0 ns=288232358893531 fields=251,2,0,50,2,0,0,0,0,0,0,0,0,0,0,0
event=trace_row ordinal=1439 kind=1 ns=288232358893531 fields=251,2,0,1009,996,200,200,0,1,0,0,0,0,0,0,0
event=trace_row ordinal=1440 kind=1 ns=288232358893531 fields=251,2,1,1008,996,200,200,0,1,0,0,0,0,0,0,0
event=trace_row ordinal=1441 kind=3 ns=288232358917739 fields=251,252,1,2,288232358893531,0,0,0,0,0,0,0,0,4,1,3
event=trace_row ordinal=1442 kind=5 ns=288232368912007 fields=513,6,15,0,0,0,0,0,0,0,16,0,0,0,0,0
event=trace_row ordinal=1443 kind=0 ns=288232368893341 fields=252,2,0,25,1,0,0,0,0,0,0,0,0,0,0,0
event=trace_row ordinal=1444 kind=1 ns=288232368893341 fields=252,2,0,1008,996,200,200,0,1,0,0,0,0,0,0,0
event=trace_row ordinal=1445 kind=3 ns=288232368915216 fields=252,253,1,2,288232368893341,0,0,0,0,0,0,0,0,4,1,3
event=trace_row ordinal=1446 kind=5 ns=288232378912692 fields=513,6,15,0,0,0,0,0,0,0,16,0,0,0,0,0
event=trace_row ordinal=1447 kind=0 ns=288232378894025 fields=253,2,0,25,1,0,0,0,0,0,0,0,0,0,0,0
event=trace_row ordinal=1448 kind=1 ns=288232378894025 fields=253,2,0,1008,996,200,200,0,1,0,0,0,0,0,0,0
event=trace_row ordinal=1449 kind=3 ns=288232378915900 fields=253,254,1,2,288232378894025,0,0,0,0,0,0,0,0,4,1,3
event=trace_row ordinal=1450 kind=4 ns=288232386391330 fields=385,8,39,20,39,20,0,0,0,0,16,0,0,0,0,0
event=trace_row ordinal=1451 kind=4 ns=288232386428080 fields=641,5,3,0,0,0,0,0,0,0,16,0,0,0,0,0
event=trace_row ordinal=1452 kind=5 ns=288232388939627 fields=513,6,15,0,0,0,0,0,0,0,16,0,0,0,0,0
event=trace_row ordinal=1453 kind=0 ns=288232388905501 fields=254,2,0,50,2,0,0,0,0,0,0,0,0,0,0,0
event=trace_row ordinal=1454 kind=1 ns=288232388905501 fields=254,2,0,1009,996,200,200,0,1,0,0,0,0,0,0,0
event=trace_row ordinal=1455 kind=1 ns=288232388905501 fields=254,2,1,1009,996,200,200,0,1,0,0,0,0,0,0,0
event=trace_row ordinal=1456 kind=3 ns=288232388945460 fields=254,255,1,2,288232388905501,0,0,0,0,0,0,0,0,4,1,3
event=trace_row ordinal=1457 kind=5 ns=288232398920769 fields=513,6,15,0,0,0,0,0,0,0,16,0,0,0,0,0
event=trace_row ordinal=1458 kind=0 ns=288232398897144 fields=255,2,0,25,1,0,0,0,0,0,0,0,0,0,0,0
event=trace_row ordinal=1459 kind=1 ns=288232398897144 fields=255,2,0,1009,996,200,200,0,1,0,0,0,0,0,0,0
event=trace_row ordinal=1460 kind=3 ns=288232398924561 fields=255,256,1,2,288232398897144,0,0,0,0,0,0,0,0,4,1,3
event=trace_row ordinal=1461 kind=5 ns=288232408915037 fields=513,6,15,0,0,0,0,0,0,0,16,0,0,0,0,0
event=trace_row ordinal=1462 kind=0 ns=288232408894329 fields=256,2,0,50,2,0,0,0,0,0,0,0,0,0,0,0
event=trace_row ordinal=1463 kind=1 ns=288232408894329 fields=256,2,0,1008,996,200,200,0,1,0,0,0,0,0,0,0
event=trace_row ordinal=1464 kind=1 ns=288232408894329 fields=256,2,1,1008,996,200,200,0,1,0,0,0,0,0,0,0
event=trace_row ordinal=1465 kind=3 ns=288232408918537 fields=256,257,1,2,288232408894329,0,0,0,0,0,0,0,0,4,1,3
event=trace_row ordinal=1466 kind=5 ns=288232418913389 fields=513,6,15,0,0,0,0,0,0,0,16,0,0,0,0,0
event=trace_row ordinal=1467 kind=0 ns=288232418893847 fields=257,2,0,25,1,0,0,0,0,0,0,0,0,0,0,0
event=trace_row ordinal=1468 kind=1 ns=288232418893847 fields=257,2,0,1008,996,200,200,0,1,0,0,0,0,0,0,0
event=trace_row ordinal=1469 kind=3 ns=288232418916597 fields=257,258,1,2,288232418893847,0,0,0,0,0,0,0,0,4,1,3
event=trace_row ordinal=1470 kind=5 ns=288232428914365 fields=513,6,15,0,0,0,0,0,0,0,16,0,0,0,0,0
event=trace_row ordinal=1471 kind=0 ns=288232428893657 fields=258,2,0,52,2,0,0,0,0,0,0,0,0,0,0,0
event=trace_row ordinal=1472 kind=1 ns=288232428893657 fields=258,2,0,1009,996,200,200,0,1,0,0,0,0,0,0,0
event=trace_row ordinal=1473 kind=1 ns=288232428893657 fields=258,2,1,1009,996,200,200,0,1,0,0,0,0,0,0,0
event=trace_row ordinal=1474 kind=3 ns=288232428917865 fields=258,259,1,2,288232428893657,0,0,0,0,0,0,0,0,4,1,3
event=trace_row ordinal=1475 kind=4 ns=288232436164628 fields=385,8,39,20,39,20,0,0,0,0,16,0,0,0,0,0
event=trace_row ordinal=1476 kind=4 ns=288232436351295 fields=641,5,3,0,0,0,0,0,0,0,16,0,0,0,0,0
event=trace_row ordinal=1477 kind=5 ns=288232438913883 fields=513,6,15,0,0,0,0,0,0,0,16,0,0,0,0,0
event=trace_row ordinal=1478 kind=0 ns=288232438894341 fields=259,2,0,26,1,0,0,0,0,0,0,0,0,0,0,0
event=trace_row ordinal=1479 kind=1 ns=288232438894341 fields=259,2,0,1009,996,200,200,0,1,0,0,0,0,0,0,0
event=trace_row ordinal=1480 kind=3 ns=288232438917383 fields=259,260,1,2,288232438894341,0,0,0,0,0,0,0,0,4,1,3
event=trace_row ordinal=1481 kind=5 ns=288232448912526 fields=513,6,15,0,0,0,0,0,0,0,16,0,0,0,0,0
event=trace_row ordinal=1482 kind=0 ns=288232448893276 fields=260,2,0,26,1,0,0,0,0,0,0,0,0,0,0,0
event=trace_row ordinal=1483 kind=1 ns=288232448893276 fields=260,2,0,1008,996,200,200,0,1,0,0,0,0,0,0,0
event=trace_row ordinal=1484 kind=3 ns=288232448916609 fields=260,261,1,2,288232448893276,0,0,0,0,0,0,0,0,4,1,3
event=trace_row ordinal=1485 kind=5 ns=288232458916710 fields=513,6,15,0,0,0,0,0,0,0,16,0,0,0,0,0
event=trace_row ordinal=1486 kind=0 ns=288232458895127 fields=261,2,0,52,2,0,0,0,0,0,0,0,0,0,0,0
event=trace_row ordinal=1487 kind=1 ns=288232458895127 fields=261,2,0,1008,996,200,200,0,1,0,0,0,0,0,0,0
event=trace_row ordinal=1488 kind=1 ns=288232458895127 fields=261,2,1,1008,996,200,200,0,1,0,0,0,0,0,0,0
event=trace_row ordinal=1489 kind=3 ns=288232458920210 fields=261,262,1,2,288232458895127,0,0,0,0,0,0,0,0,4,1,3
event=trace_row ordinal=1490 kind=5 ns=288232468912437 fields=513,6,15,0,0,0,0,0,0,0,16,0,0,0,0,0
event=trace_row ordinal=1491 kind=0 ns=288232468894062 fields=262,2,0,26,1,0,0,0,0,0,0,0,0,0,0,0
event=trace_row ordinal=1492 kind=1 ns=288232468894062 fields=262,2,0,1009,996,200,200,0,1,0,0,0,0,0,0,0
event=trace_row ordinal=1493 kind=3 ns=288232468915645 fields=262,263,1,2,288232468894062,0,0,0,0,0,0,0,0,4,1,3
event=trace_row ordinal=1494 kind=4 ns=288232472833902 fields=1793,1,5,0,0,0,0,0,0,0,16,0,0,0,0,0
event=trace_row ordinal=1495 kind=5 ns=288232478915746 fields=513,6,15,0,0,0,0,0,0,0,16,0,0,0,0,0
event=trace_row ordinal=1496 kind=0 ns=288232478894455 fields=263,2,0,52,2,0,0,0,0,0,0,0,0,0,0,0
event=trace_row ordinal=1497 kind=1 ns=288232478894455 fields=263,2,0,1009,996,200,200,0,1,0,0,0,0,0,0,0
event=trace_row ordinal=1498 kind=1 ns=288232478894455 fields=263,2,1,1008,996,200,200,0,1,0,0,0,0,0,0,0
event=trace_row ordinal=1499 kind=3 ns=288232478919246 fields=263,264,1,2,288232478894455,0,0,0,0,0,0,0,0,4,1,3
event=trace_row ordinal=1500 kind=4 ns=288232486109134 fields=385,8,39,20,39,20,0,0,0,0,16,0,0,0,0,0
event=trace_row ordinal=1501 kind=4 ns=288232486298426 fields=641,5,3,0,0,0,0,0,0,0,16,0,0,0,0,0
event=trace_row ordinal=1502 kind=5 ns=288232488912931 fields=513,6,15,0,0,0,0,0,0,0,16,0,0,0,0,0
event=trace_row ordinal=1503 kind=0 ns=288232488893972 fields=264,2,0,26,1,0,0,0,0,0,0,0,0,0,0,0
event=trace_row ordinal=1504 kind=1 ns=288232488893972 fields=264,2,0,1008,996,200,200,0,1,0,0,0,0,0,0,0
event=trace_row ordinal=1505 kind=3 ns=288232488916139 fields=264,265,1,2,288232488893972,0,0,0,0,0,0,0,0,4,1,3
event=trace_row ordinal=1506 kind=5 ns=288232498913907 fields=513,6,15,0,0,0,0,0,0,0,16,0,0,0,0,0
event=trace_row ordinal=1507 kind=0 ns=288232498893490 fields=265,2,0,52,2,0,0,0,0,0,0,0,0,0,0,0
event=trace_row ordinal=1508 kind=1 ns=288232498893490 fields=265,2,0,1008,996,200,200,0,1,0,0,0,0,0,0,0
event=trace_row ordinal=1509 kind=1 ns=288232498893490 fields=265,2,1,1009,996,200,200,0,1,0,0,0,0,0,0,0
event=trace_row ordinal=1510 kind=3 ns=288232498917407 fields=265,266,1,2,288232498893490,0,0,0,0,0,0,0,0,4,1,3
event=trace_row ordinal=1511 kind=5 ns=288232508914592 fields=513,6,15,0,0,0,0,0,0,0,16,0,0,0,0,0
event=trace_row ordinal=1512 kind=0 ns=288232508894467 fields=266,2,0,26,1,0,0,0,0,0,0,0,0,0,0,0
event=trace_row ordinal=1513 kind=1 ns=288232508894467 fields=266,2,0,1009,996,200,200,0,1,0,0,0,0,0,0,0
event=trace_row ordinal=1514 kind=3 ns=288232508918092 fields=266,267,1,2,288232508894467,0,0,0,0,0,0,0,0,4,1,3
event=trace_row ordinal=1515 kind=5 ns=288232518912360 fields=513,6,15,0,0,0,0,0,0,0,16,0,0,0,0,0
event=trace_row ordinal=1516 kind=0 ns=288232518893693 fields=267,2,0,26,1,0,0,0,0,0,0,0,0,0,0,0
event=trace_row ordinal=1517 kind=1 ns=288232518893693 fields=267,2,0,1009,996,200,200,0,1,0,0,0,0,0,0,0
event=trace_row ordinal=1518 kind=3 ns=288232518915568 fields=267,268,1,2,288232518893693,0,0,0,0,0,0,0,0,4,1,3
event=trace_row ordinal=1519 kind=5 ns=288232528914794 fields=513,6,15,0,0,0,0,0,0,0,16,0,0,0,0,0
event=trace_row ordinal=1520 kind=0 ns=288232528893794 fields=268,2,0,52,2,0,0,0,0,0,0,0,0,0,0,0
event=trace_row ordinal=1521 kind=1 ns=288232528893794 fields=268,2,0,1008,996,200,200,0,1,0,0,0,0,0,0,0
event=trace_row ordinal=1522 kind=1 ns=288232528893794 fields=268,2,1,1008,996,200,200,0,1,0,0,0,0,0,0,0
event=trace_row ordinal=1523 kind=3 ns=288232528918294 fields=268,269,1,2,288232528893794,0,0,0,0,0,0,0,0,4,1,3
event=trace_row ordinal=1524 kind=4 ns=288232536055682 fields=385,8,39,20,39,20,0,0,0,0,16,0,0,0,0,0
event=trace_row ordinal=1525 kind=4 ns=288232536245266 fields=641,5,3,0,0,0,0,0,0,0,16,0,0,0,0,0
event=trace_row ordinal=1526 kind=5 ns=288232538913437 fields=513,6,15,0,0,0,0,0,0,0,16,0,0,0,0,0
event=trace_row ordinal=1527 kind=0 ns=288232538893895 fields=269,2,0,26,1,0,0,0,0,0,0,0,0,0,0,0
event=trace_row ordinal=1528 kind=1 ns=288232538893895 fields=269,2,0,1008,996,200,200,0,1,0,0,0,0,0,0,0
event=trace_row ordinal=1529 kind=3 ns=288232538916646 fields=269,270,1,2,288232538893895,0,0,0,0,0,0,0,0,4,1,3
event=trace_row ordinal=1530 kind=5 ns=288232548917913 fields=513,6,15,0,0,0,0,0,0,0,16,0,0,0,0,0
event=trace_row ordinal=1531 kind=0 ns=288232548895163 fields=270,2,0,52,2,0,0,0,0,0,0,0,0,0,0,0
event=trace_row ordinal=1532 kind=1 ns=288232548895163 fields=270,2,0,1009,996,200,200,0,1,0,0,0,0,0,0,0
event=trace_row ordinal=1533 kind=1 ns=288232548895163 fields=270,2,1,1009,996,200,200,0,1,0,0,0,0,0,0,0
event=trace_row ordinal=1534 kind=3 ns=288232548921705 fields=270,271,1,2,288232548895163,0,0,0,0,0,0,0,0,4,1,3
event=trace_row ordinal=1535 kind=5 ns=288232558915973 fields=513,6,15,0,0,0,0,0,0,0,16,0,0,0,0,0
event=trace_row ordinal=1536 kind=0 ns=288232558895556 fields=271,2,0,26,1,0,0,0,0,0,0,0,0,0,0,0
event=trace_row ordinal=1537 kind=1 ns=288232558895556 fields=271,2,0,1009,996,200,200,0,1,0,0,0,0,0,0,0
event=trace_row ordinal=1538 kind=3 ns=288232558919765 fields=271,272,1,2,288232558895556,0,0,0,0,0,0,0,0,4,1,3
event=trace_row ordinal=1539 kind=5 ns=288232568937074 fields=513,6,15,0,0,0,0,0,0,0,16,0,0,0,0,0
event=trace_row ordinal=1540 kind=0 ns=288232568903533 fields=272,2,0,50,2,0,0,0,0,0,0,0,0,0,0,0
event=trace_row ordinal=1541 kind=1 ns=288232568903533 fields=272,2,0,1008,996,200,200,0,1,0,0,0,0,0,0,0
event=trace_row ordinal=1542 kind=1 ns=288232568903533 fields=272,2,1,1008,996,200,200,0,1,0,0,0,0,0,0,0
event=trace_row ordinal=1543 kind=3 ns=288232568941158 fields=272,273,1,2,288232568903533,0,0,0,0,0,0,0,0,4,1,3
event=trace_row ordinal=1544 kind=5 ns=288232578921134 fields=513,6,15,0,0,0,0,0,0,0,16,0,0,0,0,0
event=trace_row ordinal=1545 kind=0 ns=288232578897801 fields=273,2,0,25,1,0,0,0,0,0,0,0,0,0,0,0
event=trace_row ordinal=1546 kind=1 ns=288232578897801 fields=273,2,0,1008,996,200,200,0,1,0,0,0,0,0,0,0
event=trace_row ordinal=1547 kind=3 ns=288232578924634 fields=273,274,1,2,288232578897801,0,0,0,0,0,0,0,0,4,1,3
event=trace_row ordinal=1548 kind=4 ns=288232586028480 fields=385,8,39,20,39,20,0,0,0,0,16,0,0,0,0,0
event=trace_row ordinal=1549 kind=4 ns=288232586201730 fields=641,5,3,0,0,0,0,0,0,0,16,0,0,0,0,0
event=trace_row ordinal=1550 kind=5 ns=288232588939610 fields=513,6,15,0,0,0,0,0,0,0,16,0,0,0,0,0
event=trace_row ordinal=1551 kind=0 ns=288232588905777 fields=274,2,0,25,1,0,0,0,0,0,0,0,0,0,0,0
event=trace_row ordinal=1552 kind=1 ns=288232588905777 fields=274,2,0,1009,996,200,200,0,1,0,0,0,0,0,0,0
event=trace_row ordinal=1553 kind=3 ns=288232588944860 fields=274,275,1,2,288232588905777,0,0,0,0,0,0,0,0,4,1,3
event=trace_row ordinal=1554 kind=5 ns=288232598928628 fields=513,6,15,0,0,0,0,0,0,0,16,0,0,0,0,0
event=trace_row ordinal=1555 kind=0 ns=288232598901795 fields=275,2,0,50,2,0,0,0,0,0,0,0,0,0,0,0
event=trace_row ordinal=1556 kind=1 ns=288232598901795 fields=275,2,0,1009,996,200,200,0,1,0,0,0,0,0,0,0
event=trace_row ordinal=1557 kind=1 ns=288232598901795 fields=275,2,1,1009,996,200,200,0,1,0,0,0,0,0,0,0
event=trace_row ordinal=1558 kind=3 ns=288232598932712 fields=275,276,1,2,288232598901795,0,0,0,0,0,0,0,0,4,1,3
event=trace_row ordinal=1559 kind=5 ns=288232608941271 fields=513,6,15,0,0,0,0,0,0,0,16,0,0,0,0,0
event=trace_row ordinal=1560 kind=0 ns=288232608906854 fields=276,2,0,25,1,0,0,0,0,0,0,0,0,0,0,0
event=trace_row ordinal=1561 kind=1 ns=288232608906854 fields=276,2,0,1008,996,200,200,0,1,0,0,0,0,0,0,0
event=trace_row ordinal=1562 kind=3 ns=288232608946229 fields=276,277,1,2,288232608906854,0,0,0,0,0,0,0,0,4,1,3
event=trace_row ordinal=1563 kind=5 ns=288232618926206 fields=513,6,15,0,0,0,0,0,0,0,16,0,0,0,0,0
event=trace_row ordinal=1564 kind=0 ns=288232618901122 fields=277,2,0,50,2,0,0,0,0,0,0,0,0,0,0,0
event=trace_row ordinal=1565 kind=1 ns=288232618901122 fields=277,2,0,1008,996,200,200,0,1,0,0,0,0,0,0,0
event=trace_row ordinal=1566 kind=1 ns=288232618901122 fields=277,2,1,1009,996,200,200,0,1,0,0,0,0,0,0,0
event=trace_row ordinal=1567 kind=3 ns=288232618930289 fields=277,278,1,2,288232618901122,0,0,0,0,0,0,0,0,4,1,3
event=trace_row ordinal=1568 kind=5 ns=288232628944682 fields=513,6,15,0,0,0,0,0,0,0,16,0,0,0,0,0
event=trace_row ordinal=1569 kind=0 ns=288232628908515 fields=278,2,0,25,1,0,0,0,0,0,0,0,0,0,0,0
event=trace_row ordinal=1570 kind=1 ns=288232628908515 fields=278,2,0,1009,996,200,200,0,1,0,0,0,0,0,0,0
event=trace_row ordinal=1571 kind=3 ns=288232628950224 fields=278,279,1,2,288232628908515,0,0,0,0,0,0,0,0,4,1,3
event=trace_row ordinal=1572 kind=4 ns=288232635962778 fields=385,8,39,20,39,20,0,0,0,0,16,0,0,0,0,0
event=trace_row ordinal=1573 kind=4 ns=288232636138945 fields=641,5,3,0,0,0,0,0,0,0,16,0,0,0,0,0
event=trace_row ordinal=1574 kind=5 ns=288232638921742 fields=513,6,15,0,0,0,0,0,0,0,16,0,0,0,0,0
event=trace_row ordinal=1575 kind=0 ns=288232638898117 fields=279,2,0,50,2,0,0,0,0,0,0,0,0,0,0,0
event=trace_row ordinal=1576 kind=1 ns=288232638898117 fields=279,2,0,1009,996,200,200,0,1,0,0,0,0,0,0,0
event=trace_row ordinal=1577 kind=1 ns=288232638898117 fields=279,2,1,1008,996,200,200,0,1,0,0,0,0,0,0,0
event=trace_row ordinal=1578 kind=3 ns=288232638925242 fields=279,280,1,2,288232638898117,0,0,0,0,0,0,0,0,4,1,3
event=trace_row ordinal=1579 kind=5 ns=288232648956260 fields=513,6,15,0,0,0,0,0,0,0,16,0,0,0,0,0
event=trace_row ordinal=1580 kind=0 ns=288232648913384 fields=280,2,0,25,1,0,0,0,0,0,0,0,0,0,0,0
event=trace_row ordinal=1581 kind=1 ns=288232648913384 fields=280,2,0,1008,996,200,200,0,1,0,0,0,0,0,0,0
event=trace_row ordinal=1582 kind=3 ns=288232648963260 fields=280,281,1,2,288232648913384,0,0,0,0,0,0,0,0,4,1,3
event=trace_row ordinal=1583 kind=5 ns=288232658928944 fields=513,6,15,0,0,0,0,0,0,0,16,0,0,0,0,0
event=trace_row ordinal=1584 kind=0 ns=288232658901819 fields=281,2,0,25,1,0,0,0,0,0,0,0,0,0,0,0
event=trace_row ordinal=1585 kind=1 ns=288232658901819 fields=281,2,0,1008,996,200,200,0,1,0,0,0,0,0,0,0
event=trace_row ordinal=1586 kind=3 ns=288232658933319 fields=281,282,1,2,288232658901819,0,0,0,0,0,0,0,0,4,1,3
event=trace_row ordinal=1587 kind=5 ns=288232668930504 fields=513,6,15,0,0,0,0,0,0,0,16,0,0,0,0,0
event=trace_row ordinal=1588 kind=0 ns=288232668903379 fields=282,2,0,50,2,0,0,0,0,0,0,0,0,0,0,0
event=trace_row ordinal=1589 kind=1 ns=288232668903379 fields=282,2,0,1009,996,200,200,0,1,0,0,0,0,0,0,0
event=trace_row ordinal=1590 kind=1 ns=288232668903379 fields=282,2,1,1009,996,200,200,0,1,0,0,0,0,0,0,0
event=trace_row ordinal=1591 kind=3 ns=288232668935170 fields=282,283,1,2,288232668903379,0,0,0,0,0,0,0,0,4,1,3
event=trace_row ordinal=1592 kind=5 ns=288232678936730 fields=513,6,15,0,0,0,0,0,0,0,16,0,0,0,0,0
event=trace_row ordinal=1593 kind=0 ns=288232678906688 fields=283,2,0,25,1,0,0,0,0,0,0,0,0,0,0,0
event=trace_row ordinal=1594 kind=1 ns=288232678906688 fields=283,2,0,1009,996,200,200,0,1,0,0,0,0,0,0,0
event=trace_row ordinal=1595 kind=3 ns=288232678942272 fields=283,284,1,2,288232678906688,0,0,0,0,0,0,0,0,4,1,3
event=trace_row ordinal=1596 kind=4 ns=288232685919534 fields=385,8,39,20,39,20,0,0,0,0,16,0,0,0,0,0
event=trace_row ordinal=1597 kind=4 ns=288232686087826 fields=641,5,3,0,0,0,0,0,0,0,16,0,0,0,0,0
event=trace_row ordinal=1598 kind=5 ns=288232688927498 fields=513,6,15,0,0,0,0,0,0,0,16,0,0,0,0,0
event=trace_row ordinal=1599 kind=0 ns=288232688901248 fields=284,2,0,50,2,0,0,0,0,0,0,0,0,0,0,0
event=trace_row ordinal=1600 kind=1 ns=288232688901248 fields=284,2,0,1008,996,200,200,0,1,0,0,0,0,0,0,0
event=trace_row ordinal=1601 kind=1 ns=288232688901248 fields=284,2,1,1008,996,200,200,0,1,0,0,0,0,0,0,0
event=trace_row ordinal=1602 kind=3 ns=288232688930998 fields=284,285,1,2,288232688901248,0,0,0,0,0,0,0,0,4,1,3
event=trace_row ordinal=1603 kind=5 ns=288232698922933 fields=513,6,15,0,0,0,0,0,0,0,16,0,0,0,0,0
event=trace_row ordinal=1604 kind=0 ns=288232698900182 fields=285,2,0,25,1,0,0,0,0,0,0,0,0,0,0,0
event=trace_row ordinal=1605 kind=1 ns=288232698900182 fields=285,2,0,1008,996,200,200,0,1,0,0,0,0,0,0,0
event=trace_row ordinal=1606 kind=3 ns=288232698926433 fields=285,286,1,2,288232698900182,0,0,0,0,0,0,0,0,4,1,3
event=trace_row ordinal=1607 kind=5 ns=288232708929742 fields=513,6,15,0,0,0,0,0,0,0,16,0,0,0,0,0
event=trace_row ordinal=1608 kind=0 ns=288232708901159 fields=286,2,0,50,2,0,0,0,0,0,0,0,0,0,0,0
event=trace_row ordinal=1609 kind=1 ns=288232708901159 fields=286,2,0,1009,996,200,200,0,1,0,0,0,0,0,0,0
event=trace_row ordinal=1610 kind=1 ns=288232708901159 fields=286,2,1,1009,996,200,200,0,1,0,0,0,0,0,0,0
event=trace_row ordinal=1611 kind=3 ns=288232708933825 fields=286,287,1,2,288232708901159,0,0,0,0,0,0,0,0,4,1,3
event=trace_row ordinal=1612 kind=5 ns=288232718946760 fields=513,6,15,0,0,0,0,0,0,0,16,0,0,0,0,0
event=trace_row ordinal=1613 kind=0 ns=288232718908260 fields=287,2,0,25,1,0,0,0,0,0,0,0,0,0,0,0
event=trace_row ordinal=1614 kind=1 ns=288232718908260 fields=287,2,0,1009,996,200,200,0,1,0,0,0,0,0,0,0
event=trace_row ordinal=1615 kind=3 ns=288232718952885 fields=287,288,1,2,288232718908260,0,0,0,0,0,0,0,0,4,1,3
event=trace_row ordinal=1616 kind=4 ns=288232722388141 fields=1793,1,5,0,0,0,0,0,0,0,16,0,0,0,0,0
event=trace_row ordinal=1617 kind=5 ns=288232728929070 fields=513,6,15,0,0,0,0,0,0,0,16,0,0,0,0,0
event=trace_row ordinal=1618 kind=0 ns=288232728903111 fields=288,2,0,25,1,0,0,0,0,0,0,0,0,0,0,0
event=trace_row ordinal=1619 kind=1 ns=288232728903111 fields=288,2,0,1008,996,200,200,0,1,0,0,0,0,0,0,0
event=trace_row ordinal=1620 kind=3 ns=288232728933445 fields=288,289,1,2,288232728903111,0,0,0,0,0,0,0,0,4,1,3
event=trace_row ordinal=1621 kind=4 ns=288232735895249 fields=385,8,39,20,39,20,0,0,0,0,16,0,0,0,0,0
event=trace_row ordinal=1622 kind=4 ns=288232735991207 fields=641,5,3,0,0,0,0,0,0,0,16,0,0,0,0,0
event=trace_row ordinal=1623 kind=5 ns=288232739076463 fields=513,6,15,0,0,0,0,0,0,0,16,0,0,0,0,0
event=trace_row ordinal=1624 kind=0 ns=288232738967671 fields=289,2,0,50,2,0,0,0,0,0,0,0,0,0,0,0
event=trace_row ordinal=1625 kind=1 ns=288232738967671 fields=289,2,0,1008,996,200,200,0,1,0,0,0,0,0,0,0
event=trace_row ordinal=1626 kind=1 ns=288232738967671 fields=289,2,1,1008,996,200,200,0,1,0,0,0,0,0,0,0
event=trace_row ordinal=1627 kind=3 ns=288232739096588 fields=289,290,1,2,288232738967671,0,0,0,0,0,0,0,0,4,1,3
event=trace_row ordinal=1628 kind=5 ns=288232748997814 fields=513,6,15,0,0,0,0,0,0,0,16,0,0,0,0,0
event=trace_row ordinal=1629 kind=0 ns=288232748928397 fields=290,2,0,25,1,0,0,0,0,0,0,0,0,0,0,0
event=trace_row ordinal=1630 kind=1 ns=288232748928397 fields=290,2,0,1009,996,200,200,0,1,0,0,0,0,0,0,0
event=trace_row ordinal=1631 kind=3 ns=288232749010356 fields=290,291,1,2,288232748928397,0,0,0,0,0,0,0,0,4,1,3
event=trace_row ordinal=1632 kind=5 ns=288232758947457 fields=513,6,15,0,0,0,0,0,0,0,16,0,0,0,0,0
event=trace_row ordinal=1633 kind=0 ns=288232758908373 fields=291,2,0,50,2,0,0,0,0,0,0,0,0,0,0,0
event=trace_row ordinal=1634 kind=1 ns=288232758908373 fields=291,2,0,1009,996,200,200,0,1,0,0,0,0,0,0,0
event=trace_row ordinal=1635 kind=1 ns=288232758908373 fields=291,2,1,1008,996,200,200,0,1,0,0,0,0,0,0,0
event=trace_row ordinal=1636 kind=3 ns=288232758954457 fields=291,292,1,2,288232758908373,0,0,0,0,0,0,0,0,4,1,3
event=trace_row ordinal=1637 kind=5 ns=288232769089600 fields=513,6,15,0,0,0,0,0,0,0,16,0,0,0,0,0
event=trace_row ordinal=1638 kind=0 ns=288232768973225 fields=292,2,0,25,1,0,0,0,0,0,0,0,0,0,0,0
event=trace_row ordinal=1639 kind=1 ns=288232768973225 fields=292,2,0,1008,996,200,200,0,1,0,0,0,0,0,0,0
event=trace_row ordinal=1640 kind=3 ns=288232769111475 fields=292,293,1,2,288232768973225,0,0,0,0,0,0,0,0,4,1,3
event=trace_row ordinal=1641 kind=5 ns=288232778975076 fields=513,6,15,0,0,0,0,0,0,0,16,0,0,0,0,0
event=trace_row ordinal=1642 kind=0 ns=288232778919368 fields=293,2,0,50,2,0,0,0,0,0,0,0,0,0,0,0
event=trace_row ordinal=1643 kind=1 ns=288232778919368 fields=293,2,0,1008,996,200,200,0,1,0,0,0,0,0,0,0
event=trace_row ordinal=1644 kind=1 ns=288232778919368 fields=293,2,1,1009,996,200,200,0,1,0,0,0,0,0,0,0
event=trace_row ordinal=1645 kind=3 ns=288232778984993 fields=293,294,1,2,288232778919368,0,0,0,0,0,0,0,0,4,1,3
event=trace_row ordinal=1646 kind=4 ns=288232785836838 fields=385,8,39,20,39,20,0,0,0,0,16,0,0,0,0,0
event=trace_row ordinal=1647 kind=4 ns=288232785932505 fields=641,5,3,0,0,0,0,0,0,0,16,0,0,0,0,0
event=trace_row ordinal=1648 kind=5 ns=288232788969636 fields=513,6,15,0,0,0,0,0,0,0,16,0,0,0,0,0
event=trace_row ordinal=1649 kind=0 ns=288232788920636 fields=294,2,0,25,1,0,0,0,0,0,0,0,0,0,0,0
event=trace_row ordinal=1650 kind=1 ns=288232788920636 fields=294,2,0,1009,996,200,200,0,1,0,0,0,0,0,0,0
event=trace_row ordinal=1651 kind=3 ns=288232788977802 fields=294,295,1,2,288232788920636,0,0,0,0,0,0,0,0,4,1,3
event=trace_row ordinal=1652 kind=5 ns=288232799053737 fields=513,6,15,0,0,0,0,0,0,0,16,0,0,0,0,0
event=trace_row ordinal=1653 kind=0 ns=288232798959820 fields=295,2,0,25,1,0,0,0,0,0,0,0,0,0,0,0
event=trace_row ordinal=1654 kind=1 ns=288232798959820 fields=295,2,0,1009,996,200,200,0,1,0,0,0,0,0,0,0
event=trace_row ordinal=1655 kind=3 ns=288232799071820 fields=295,296,1,2,288232798959820,0,0,0,0,0,0,0,0,4,1,3
event=trace_row ordinal=1656 kind=5 ns=288232809040130 fields=513,6,15,0,0,0,0,0,0,0,16,0,0,0,0,0
event=trace_row ordinal=1657 kind=0 ns=288232808950297 fields=296,2,0,50,2,0,0,0,0,0,0,0,0,0,0,0
event=trace_row ordinal=1658 kind=1 ns=288232808950297 fields=296,2,0,1008,996,200,200,0,1,0,0,0,0,0,0,0
event=trace_row ordinal=1659 kind=1 ns=288232808950297 fields=296,2,1,1008,996,200,200,0,1,0,0,0,0,0,0,0
event=trace_row ordinal=1660 kind=3 ns=288232809056463 fields=296,297,1,2,288232808950297,0,0,0,0,0,0,0,0,4,1,3
event=trace_row ordinal=1661 kind=5 ns=288232818998523 fields=513,6,15,0,0,0,0,0,0,0,16,0,0,0,0,0
event=trace_row ordinal=1662 kind=0 ns=288232818933189 fields=297,2,0,25,1,0,0,0,0,0,0,0,0,0,0,0
event=trace_row ordinal=1663 kind=1 ns=288232818933189 fields=297,2,0,1008,996,200,200,0,1,0,0,0,0,0,0,0
event=trace_row ordinal=1664 kind=3 ns=288232819009898 fields=297,298,1,2,288232818933189,0,0,0,0,0,0,0,0,4,1,3
event=trace_row ordinal=1665 kind=5 ns=288232828985791 fields=513,6,15,0,0,0,0,0,0,0,16,0,0,0,0,0
event=trace_row ordinal=1666 kind=0 ns=288232828925999 fields=298,2,0,50,2,0,0,0,0,0,0,0,0,0,0,0
event=trace_row ordinal=1667 kind=1 ns=288232828925999 fields=298,2,0,1009,996,200,200,0,1,0,0,0,0,0,0,0
event=trace_row ordinal=1668 kind=1 ns=288232828925999 fields=298,2,1,1009,996,200,200,0,1,0,0,0,0,0,0,0
event=trace_row ordinal=1669 kind=3 ns=288232828995707 fields=298,299,1,2,288232828925999,0,0,0,0,0,0,0,0,4,1,3
event=trace_row ordinal=1670 kind=4 ns=288232835766470 fields=385,8,39,20,39,20,0,0,0,0,16,0,0,0,0,0
event=trace_row ordinal=1671 kind=4 ns=288232835946428 fields=641,5,3,0,0,0,0,0,0,0,16,0,0,0,0,0
event=trace_row ordinal=1672 kind=5 ns=288232838980934 fields=513,6,15,0,0,0,0,0,0,0,16,0,0,0,0,0
event=trace_row ordinal=1673 kind=0 ns=288232838926100 fields=299,2,0,25,1,0,0,0,0,0,0,0,0,0,0,0
event=trace_row ordinal=1674 kind=1 ns=288232838926100 fields=299,2,0,1009,996,200,200,0,1,0,0,0,0,0,0,0
event=trace_row ordinal=1675 kind=3 ns=288232838990559 fields=299,300,1,2,288232838926100,0,0,0,0,0,0,0,0,4,1,3
event=trace_row ordinal=1676 kind=5 ns=288232848984535 fields=513,6,15,0,0,0,0,0,0,0,16,0,0,0,0,0
event=trace_row ordinal=1677 kind=0 ns=288232848926202 fields=300,2,0,50,2,0,0,0,0,0,0,0,0,0,0,0
event=trace_row ordinal=1678 kind=1 ns=288232848926202 fields=300,2,0,1008,996,200,200,0,1,0,0,0,0,0,0,0
event=trace_row ordinal=1679 kind=1 ns=288232848926202 fields=300,2,1,1008,996,200,200,0,1,0,0,0,0,0,0,0
event=trace_row ordinal=1680 kind=3 ns=288232848995327 fields=300,301,1,2,288232848926202,0,0,0,0,0,0,0,0,4,1,3
event=trace_row ordinal=1681 kind=5 ns=288232858977636 fields=513,6,15,0,0,0,0,0,0,0,16,0,0,0,0,0
event=trace_row ordinal=1682 kind=0 ns=288232858924844 fields=301,2,0,25,1,0,0,0,0,0,0,0,0,0,0,0
event=trace_row ordinal=1683 kind=1 ns=288232858924844 fields=301,2,0,1008,996,200,200,0,1,0,0,0,0,0,0,0
event=trace_row ordinal=1684 kind=3 ns=288232858986970 fields=301,302,1,2,288232858924844,0,0,0,0,0,0,0,0,4,1,3
event=trace_row ordinal=1685 kind=5 ns=288232868976863 fields=513,6,15,0,0,0,0,0,0,0,16,0,0,0,0,0
event=trace_row ordinal=1686 kind=0 ns=288232868923779 fields=302,2,0,25,1,0,0,0,0,0,0,0,0,0,0,0
event=trace_row ordinal=1687 kind=1 ns=288232868923779 fields=302,2,0,1009,996,200,200,0,1,0,0,0,0,0,0,0
event=trace_row ordinal=1688 kind=3 ns=288232868985904 fields=302,303,1,2,288232868923779,0,0,0,0,0,0,0,0,4,1,3
event=trace_row ordinal=1689 kind=5 ns=288232878983089 fields=513,6,15,0,0,0,0,0,0,0,16,0,0,0,0,0
event=trace_row ordinal=1690 kind=0 ns=288232878925047 fields=303,2,0,50,2,0,0,0,0,0,0,0,0,0,0,0
event=trace_row ordinal=1691 kind=1 ns=288232878925047 fields=303,2,0,1009,996,200,200,0,1,0,0,0,0,0,0,0
event=trace_row ordinal=1692 kind=1 ns=288232878925047 fields=303,2,1,1009,996,200,200,0,1,0,0,0,0,0,0,0
event=trace_row ordinal=1693 kind=3 ns=288232878992714 fields=303,304,1,2,288232878925047,0,0,0,0,0,0,0,0,4,1,3
event=trace_row ordinal=1694 kind=4 ns=288232885705434 fields=385,8,39,20,39,20,0,0,0,0,16,0,0,0,0,0
event=trace_row ordinal=1695 kind=4 ns=288232885892101 fields=641,5,3,0,0,0,0,0,0,0,16,0,0,0,0,0
event=trace_row ordinal=1696 kind=5 ns=288232888978523 fields=513,6,15,0,0,0,0,0,0,0,16,0,0,0,0,0
event=trace_row ordinal=1697 kind=0 ns=288232888925732 fields=304,2,0,25,1,0,0,0,0,0,0,0,0,0,0,0
event=trace_row ordinal=1698 kind=1 ns=288232888925732 fields=304,2,0,1008,996,200,200,0,1,0,0,0,0,0,0,0
event=trace_row ordinal=1699 kind=3 ns=288232888987565 fields=304,305,1,2,288232888925732,0,0,0,0,0,0,0,0,4,1,3
event=trace_row ordinal=1700 kind=5 ns=288232898985916 fields=513,6,15,0,0,0,0,0,0,0,16,0,0,0,0,0
event=trace_row ordinal=1701 kind=0 ns=288232898926125 fields=305,2,0,50,2,0,0,0,0,0,0,0,0,0,0,0
event=trace_row ordinal=1702 kind=1 ns=288232898926125 fields=305,2,0,1008,996,200,200,0,1,0,0,0,0,0,0,0
event=trace_row ordinal=1703 kind=1 ns=288232898926125 fields=305,2,1,1009,996,200,200,0,1,0,0,0,0,0,0,0
event=trace_row ordinal=1704 kind=3 ns=288232898995250 fields=305,306,1,2,288232898926125,0,0,0,0,0,0,0,0,4,1,3
event=trace_row ordinal=1705 kind=5 ns=288232908979309 fields=513,6,15,0,0,0,0,0,0,0,16,0,0,0,0,0
event=trace_row ordinal=1706 kind=0 ns=288232908925351 fields=306,2,0,25,1,0,0,0,0,0,0,0,0,0,0,0
event=trace_row ordinal=1707 kind=1 ns=288232908925351 fields=306,2,0,1009,996,200,200,0,1,0,0,0,0,0,0,0
event=trace_row ordinal=1708 kind=3 ns=288232908989226 fields=306,307,1,2,288232908925351,0,0,0,0,0,0,0,0,4,1,3
event=trace_row ordinal=1709 kind=5 ns=288232918982619 fields=513,6,15,0,0,0,0,0,0,0,16,0,0,0,0,0
event=trace_row ordinal=1710 kind=0 ns=288232918924869 fields=307,2,0,50,2,0,0,0,0,0,0,0,0,0,0,0
event=trace_row ordinal=1711 kind=1 ns=288232918924869 fields=307,2,0,1009,996,200,200,0,1,0,0,0,0,0,0,0
event=trace_row ordinal=1712 kind=1 ns=288232918924869 fields=307,2,1,1009,996,200,200,0,1,0,0,0,0,0,0,0
event=trace_row ordinal=1713 kind=3 ns=288232918992244 fields=307,308,1,2,288232918924869,0,0,0,0,0,0,0,0,4,1,3
event=trace_row ordinal=1714 kind=5 ns=288232929099095 fields=513,6,15,0,0,0,0,0,0,0,16,0,0,0,0,0
event=trace_row ordinal=1715 kind=0 ns=288232928967553 fields=308,2,0,25,1,0,0,0,0,0,0,0,0,0,0,0
event=trace_row ordinal=1716 kind=1 ns=288232928967553 fields=308,2,0,1009,996,200,200,0,1,0,0,0,0,0,0,0
event=trace_row ordinal=1717 kind=3 ns=288232929120095 fields=308,309,1,2,288232928967553,0,0,0,0,0,0,0,0,4,1,3
event=trace_row ordinal=1718 kind=4 ns=288232935661607 fields=385,8,39,20,39,20,0,0,0,0,16,0,0,0,0,0
event=trace_row ordinal=1719 kind=4 ns=288232935835732 fields=641,5,3,0,0,0,0,0,0,0,16,0,0,0,0,0
event=trace_row ordinal=1720 kind=5 ns=288232939004696 fields=513,6,15,0,0,0,0,0,0,0,16,0,0,0,0,0
event=trace_row ordinal=1721 kind=0 ns=288232938935571 fields=309,2,0,25,1,0,0,0,0,0,0,0,0,0,0,0
event=trace_row ordinal=1722 kind=1 ns=288232938935571 fields=309,2,0,1009,996,200,200,0,1,0,0,0,0,0,0,0
event=trace_row ordinal=1723 kind=3 ns=288232939015780 fields=309,310,1,2,288232938935571,0,0,0,0,0,0,0,0,4,1,3
event=trace_row ordinal=1724 kind=5 ns=288232948987006 fields=513,6,15,0,0,0,0,0,0,0,16,0,0,0,0,0
event=trace_row ordinal=1725 kind=0 ns=288232948926339 fields=310,2,0,50,2,0,0,0,0,0,0,0,0,0,0,0
event=trace_row ordinal=1726 kind=1 ns=288232948926339 fields=310,2,0,1009,996,200,200,0,1,0,0,0,0,0,0,0
event=trace_row ordinal=1727 kind=1 ns=288232948926339 fields=310,2,1,1009,996,200,200,0,1,0,0,0,0,0,0,0
event=trace_row ordinal=1728 kind=3 ns=288232948997506 fields=310,311,1,2,288232948926339,0,0,0,0,0,0,0,0,4,1,3
event=trace_row ordinal=1729 kind=5 ns=288232958978357 fields=513,6,15,0,0,0,0,0,0,0,16,0,0,0,0,0
event=trace_row ordinal=1730 kind=0 ns=288232958924691 fields=311,2,0,25,1,0,0,0,0,0,0,0,0,0,0,0
event=trace_row ordinal=1731 kind=1 ns=288232958924691 fields=311,2,0,1009,996,200,200,0,1,0,0,0,0,0,0,0
event=trace_row ordinal=1732 kind=3 ns=288232958987691 fields=311,312,1,2,288232958924691,0,0,0,0,0,0,0,0,4,1,3
event=trace_row ordinal=1733 kind=5 ns=288232968983417 fields=513,6,15,0,0,0,0,0,0,0,16,0,0,0,0,0
event=trace_row ordinal=1734 kind=0 ns=288232968924500 fields=312,2,0,50,2,0,0,0,0,0,0,0,0,0,0,0
event=trace_row ordinal=1735 kind=1 ns=288232968924500 fields=312,2,0,1008,996,200,200,0,1,0,0,0,0,0,0,0
event=trace_row ordinal=1736 kind=1 ns=288232968924500 fields=312,2,1,1008,996,200,200,0,1,0,0,0,0,0,0,0
event=trace_row ordinal=1737 kind=3 ns=288232968993917 fields=312,313,1,2,288232968924500,0,0,0,0,0,0,0,0,4,1,3
event=trace_row ordinal=1738 kind=4 ns=288232971884047 fields=1793,1,5,0,0,0,0,0,0,0,16,0,0,0,0,0
event=trace_row ordinal=1739 kind=5 ns=288232978978560 fields=513,6,15,0,0,0,0,0,0,0,16,0,0,0,0,0
event=trace_row ordinal=1740 kind=0 ns=288232978924602 fields=313,2,0,25,1,0,0,0,0,0,0,0,0,0,0,0
event=trace_row ordinal=1741 kind=1 ns=288232978924602 fields=313,2,0,1008,996,200,200,0,1,0,0,0,0,0,0,0
event=trace_row ordinal=1742 kind=3 ns=288232978987893 fields=313,314,1,2,288232978924602,0,0,0,0,0,0,0,0,4,1,3
event=trace_row ordinal=1743 kind=4 ns=288232985589780 fields=385,8,39,20,39,20,0,0,0,0,16,0,0,0,0,0
event=trace_row ordinal=1744 kind=4 ns=288232985781114 fields=641,5,3,0,0,0,0,0,0,0,16,0,0,0,0,0
event=trace_row ordinal=1745 kind=5 ns=288232988983620 fields=513,6,15,0,0,0,0,0,0,0,16,0,0,0,0,0
event=trace_row ordinal=1746 kind=0 ns=288232988924703 fields=314,2,0,50,2,0,0,0,0,0,0,0,0,0,0,0
event=trace_row ordinal=1747 kind=1 ns=288232988924703 fields=314,2,0,1009,996,200,200,0,1,0,0,0,0,0,0,0
event=trace_row ordinal=1748 kind=1 ns=288232988924703 fields=314,2,1,1009,996,200,200,0,1,0,0,0,0,0,0,0
event=trace_row ordinal=1749 kind=3 ns=288232988993245 fields=314,315,1,2,288232988924703,0,0,0,0,0,0,0,0,4,1,3
event=trace_row ordinal=1750 kind=5 ns=288232998977596 fields=513,6,15,0,0,0,0,0,0,0,16,0,0,0,0,0
event=trace_row ordinal=1751 kind=0 ns=288232998924804 fields=315,2,0,25,1,0,0,0,0,0,0,0,0,0,0,0
event=trace_row ordinal=1752 kind=1 ns=288232998924804 fields=315,2,0,1009,996,200,200,0,1,0,0,0,0,0,0,0
event=trace_row ordinal=1753 kind=3 ns=288232998986929 fields=315,316,1,2,288232998924804,0,0,0,0,0,0,0,0,4,1,3
event=trace_row ordinal=1754 kind=5 ns=288233008978281 fields=513,6,15,0,0,0,0,0,0,0,16,0,0,0,0,0
event=trace_row ordinal=1755 kind=0 ns=288233008924614 fields=316,2,0,25,1,0,0,0,0,0,0,0,0,0,0,0
event=trace_row ordinal=1756 kind=1 ns=288233008924614 fields=316,2,0,1008,996,200,200,0,1,0,0,0,0,0,0,0
event=trace_row ordinal=1757 kind=3 ns=288233008987614 fields=316,317,1,2,288233008924614,0,0,0,0,0,0,0,0,4,1,3
event=trace_row ordinal=1758 kind=5 ns=288233018985091 fields=513,6,15,0,0,0,0,0,0,0,16,0,0,0,0,0
event=trace_row ordinal=1759 kind=0 ns=288233018926757 fields=317,2,0,50,2,0,0,0,0,0,0,0,0,0,0,0
event=trace_row ordinal=1760 kind=1 ns=288233018926757 fields=317,2,0,1008,996,200,200,0,1,0,0,0,0,0,0,0
event=trace_row ordinal=1761 kind=1 ns=288233018926757 fields=317,2,1,1008,996,200,200,0,1,0,0,0,0,0,0,0
event=trace_row ordinal=1762 kind=3 ns=288233018994716 fields=317,318,1,2,288233018926757,0,0,0,0,0,0,0,0,4,1,3
event=trace_row ordinal=1763 kind=5 ns=288233028978192 fields=513,6,15,0,0,0,0,0,0,0,16,0,0,0,0,0
event=trace_row ordinal=1764 kind=0 ns=288233028925108 fields=318,2,0,25,1,0,0,0,0,0,0,0,0,0,0,0
event=trace_row ordinal=1765 kind=1 ns=288233028925108 fields=318,2,0,1009,996,200,200,0,1,0,0,0,0,0,0,0
event=trace_row ordinal=1766 kind=3 ns=288233028987817 fields=318,319,1,2,288233028925108,0,0,0,0,0,0,0,0,4,1,3
event=trace_row ordinal=1767 kind=4 ns=288233035539829 fields=385,8,39,20,39,20,0,0,0,0,16,0,0,0,0,0
event=trace_row ordinal=1768 kind=4 ns=288233035728246 fields=641,5,3,0,0,0,0,0,0,0,16,0,0,0,0,0
event=trace_row ordinal=1769 kind=5 ns=288233038982960 fields=513,6,15,0,0,0,0,0,0,0,16,0,0,0,0,0
event=trace_row ordinal=1770 kind=0 ns=288233038924626 fields=319,2,0,50,2,0,0,0,0,0,0,0,0,0,0,0
event=trace_row ordinal=1771 kind=1 ns=288233038924626 fields=319,2,0,1009,996,200,200,0,1,0,0,0,0,0,0,0
event=trace_row ordinal=1772 kind=1 ns=288233038924626 fields=319,2,1,1008,995,200,200,0,1,0,0,0,0,0,0,0
event=trace_row ordinal=1773 kind=3 ns=288233038992293 fields=319,320,1,2,288233038924626,0,0,0,0,0,0,0,0,4,1,3
event=trace_row ordinal=1774 kind=5 ns=288233048980436 fields=513,6,15,0,0,0,0,0,0,0,16,0,0,0,0,0
event=trace_row ordinal=1775 kind=0 ns=288233048925603 fields=320,2,0,25,1,0,0,0,0,0,0,0,0,0,0,0
event=trace_row ordinal=1776 kind=1 ns=288233048925603 fields=320,2,0,1008,995,200,200,0,1,0,0,0,0,0,0,0
event=trace_row ordinal=1777 kind=3 ns=288233048989770 fields=320,321,1,2,288233048925603,0,0,0,0,0,0,0,0,4,1,3
event=trace_row ordinal=1778 kind=5 ns=288233058983163 fields=513,6,15,0,0,0,0,0,0,0,16,0,0,0,0,0
event=trace_row ordinal=1779 kind=0 ns=288233058924246 fields=321,2,0,50,2,0,0,0,0,0,0,0,0,0,0,0
event=trace_row ordinal=1780 kind=1 ns=288233058924246 fields=321,2,0,1008,995,200,200,0,1,0,0,0,0,0,0,0
event=trace_row ordinal=1781 kind=1 ns=288233058924246 fields=321,2,1,1009,996,200,200,0,1,0,0,0,0,0,0,0
event=trace_row ordinal=1782 kind=3 ns=288233058992788 fields=321,322,1,2,288233058924246,0,0,0,0,0,0,0,0,4,1,3
event=trace_row ordinal=1783 kind=5 ns=288233068980347 fields=513,6,15,0,0,0,0,0,0,0,16,0,0,0,0,0
event=trace_row ordinal=1784 kind=0 ns=288233068925514 fields=322,2,0,25,1,0,0,0,0,0,0,0,0,0,0,0
event=trace_row ordinal=1785 kind=1 ns=288233068925514 fields=322,2,0,1009,996,200,200,0,1,0,0,0,0,0,0,0
event=trace_row ordinal=1786 kind=3 ns=288233068989389 fields=322,323,1,2,288233068925514,0,0,0,0,0,0,0,0,4,1,3
event=trace_row ordinal=1787 kind=5 ns=288233078981032 fields=513,6,15,0,0,0,0,0,0,0,16,0,0,0,0,0
event=trace_row ordinal=1788 kind=0 ns=288233078926490 fields=323,2,0,25,1,0,0,0,0,0,0,0,0,0,0,0
event=trace_row ordinal=1789 kind=1 ns=288233078926490 fields=323,2,0,1009,996,200,200,0,1,0,0,0,0,0,0,0
event=trace_row ordinal=1790 kind=3 ns=288233078990365 fields=323,324,1,2,288233078926490,0,0,0,0,0,0,0,0,4,1,3
event=trace_row ordinal=1791 kind=4 ns=288233085489877 fields=385,8,39,20,39,20,0,0,0,0,16,0,0,0,0,0
event=trace_row ordinal=1792 kind=4 ns=288233085673627 fields=641,5,3,0,0,0,0,0,0,0,16,0,0,0,0,0
event=trace_row ordinal=1793 kind=5 ns=288233088993092 fields=513,6,15,0,0,0,0,0,0,0,16,0,0,0,0,0
event=trace_row ordinal=1794 kind=0 ns=288233088929800 fields=324,2,0,50,2,0,0,0,0,0,0,0,0,0,0,0
event=trace_row ordinal=1795 kind=1 ns=288233088929800 fields=324,2,0,1008,996,200,200,0,1,0,0,0,0,0,0,0
event=trace_row ordinal=1796 kind=1 ns=288233088929800 fields=324,2,1,1008,996,200,200,0,1,0,0,0,0,0,0,0
event=trace_row ordinal=1797 kind=3 ns=288233089004467 fields=324,325,1,2,288233088929800,0,0,0,0,0,0,0,0,4,1,3
event=trace_row ordinal=1798 kind=5 ns=288233099001360 fields=513,6,15,0,0,0,0,0,0,0,16,0,0,0,0,0
event=trace_row ordinal=1799 kind=0 ns=288233098935443 fields=325,2,0,25,1,0,0,0,0,0,0,0,0,0,0,0
event=trace_row ordinal=1800 kind=1 ns=288233098935443 fields=325,2,0,1008,996,200,200,0,1,0,0,0,0,0,0,0
event=trace_row ordinal=1801 kind=3 ns=288233099013318 fields=325,326,1,2,288233098935443,0,0,0,0,0,0,0,0,4,1,3
event=trace_row ordinal=1802 kind=5 ns=288233109082836 fields=513,6,15,0,0,0,0,0,0,0,16,0,0,0,0,0
event=trace_row ordinal=1803 kind=0 ns=288233108962086 fields=326,2,0,50,2,0,0,0,0,0,0,0,0,0,0,0
event=trace_row ordinal=1804 kind=1 ns=288233108962086 fields=326,2,0,1009,996,200,200,0,1,0,0,0,0,0,0,0
event=trace_row ordinal=1805 kind=1 ns=288233108962086 fields=326,2,1,1009,996,200,200,0,1,0,0,0,0,0,0,0
event=trace_row ordinal=1806 kind=3 ns=288233109102086 fields=326,327,1,2,288233108962086,0,0,0,0,0,0,0,0,4,1,3
event=trace_row ordinal=1807 kind=5 ns=288233119039188 fields=513,6,15,0,0,0,0,0,0,0,16,0,0,0,0,0
event=trace_row ordinal=1808 kind=0 ns=288233118952271 fields=327,2,0,25,1,0,0,0,0,0,0,0,0,0,0,0
event=trace_row ordinal=1809 kind=1 ns=288233118952271 fields=327,2,0,1009,996,200,200,0,1,0,0,0,0,0,0,0
event=trace_row ordinal=1810 kind=3 ns=288233119055813 fields=327,328,1,2,288233118952271,0,0,0,0,0,0,0,0,4,1,3
event=trace_row ordinal=1811 kind=5 ns=288233129104039 fields=513,6,15,0,0,0,0,0,0,0,16,0,0,0,0,0
event=trace_row ordinal=1812 kind=0 ns=288233128968414 fields=328,2,0,50,2,0,0,0,0,0,0,0,0,0,0,0
event=trace_row ordinal=1813 kind=1 ns=288233128968414 fields=328,2,0,1008,996,200,200,0,1,0,0,0,0,0,0,0
event=trace_row ordinal=1814 kind=1 ns=288233128968414 fields=328,2,1,1008,996,200,200,0,1,0,0,0,0,0,0,0
event=trace_row ordinal=1815 kind=3 ns=288233129127372 fields=328,329,1,2,288233128968414,0,0,0,0,0,0,0,0,4,1,3
event=trace_row ordinal=1816 kind=4 ns=288233135461509 fields=385,8,39,20,39,20,0,0,0,0,16,0,0,0,0,0
event=trace_row ordinal=1817 kind=4 ns=288233135621634 fields=641,5,3,0,0,0,0,0,0,0,16,0,0,0,0,0
event=trace_row ordinal=1818 kind=5 ns=288233139069724 fields=513,6,15,0,0,0,0,0,0,0,16,0,0,0,0,0
event=trace_row ordinal=1819 kind=0 ns=288233138962099 fields=329,2,0,25,1,0,0,0,0,0,0,0,0,0,0,0
event=trace_row ordinal=1820 kind=1 ns=288233138962099 fields=329,2,0,1008,996,200,200,0,1,0,0,0,0,0,0,0
event=trace_row ordinal=1821 kind=3 ns=288233139087515 fields=329,330,1,2,288233138962099,0,0,0,0,0,0,0,0,4,1,3
event=trace_row ordinal=1822 kind=5 ns=288233149089367 fields=513,6,15,0,0,0,0,0,0,0,16,0,0,0,0,0
event=trace_row ordinal=1823 kind=0 ns=288233148970367 fields=330,2,0,25,1,0,0,0,0,0,0,0,0,0,0,0
event=trace_row ordinal=1824 kind=1 ns=288233148970367 fields=330,2,0,1009,996,200,200,0,1,0,0,0,0,0,0,0
event=trace_row ordinal=1825 kind=3 ns=288233149110367 fields=330,331,1,2,288233148970367,0,0,0,0,0,0,0,0,4,1,3
event=trace_row ordinal=1826 kind=5 ns=288233159041635 fields=513,6,15,0,0,0,0,0,0,0,16,0,0,0,0,0
event=trace_row ordinal=1827 kind=0 ns=288233158950343 fields=331,2,0,50,2,0,0,0,0,0,0,0,0,0,0,0
event=trace_row ordinal=1828 kind=1 ns=288233158950343 fields=331,2,0,1009,996,200,200,0,1,0,0,0,0,0,0,0
event=trace_row ordinal=1829 kind=1 ns=288233158950343 fields=331,2,1,1009,996,200,200,0,1,0,0,0,0,0,0,0
event=trace_row ordinal=1830 kind=3 ns=288233159055926 fields=331,332,1,2,288233158950343,0,0,0,0,0,0,0,0,4,1,3
event=trace_row ordinal=1831 kind=5 ns=288233169153153 fields=513,6,15,0,0,0,0,0,0,0,16,0,0,0,0,0
event=trace_row ordinal=1832 kind=0 ns=288233168992444 fields=332,2,0,25,1,0,0,0,0,0,0,0,0,0,0,0
event=trace_row ordinal=1833 kind=1 ns=288233168992444 fields=332,2,0,1008,996,200,200,0,1,0,0,0,0,0,0,0
event=trace_row ordinal=1834 kind=3 ns=288233169180278 fields=332,333,1,2,288233168992444,0,0,0,0,0,0,0,0,4,1,3
event=trace_row ordinal=1835 kind=5 ns=288233179052046 fields=513,6,15,0,0,0,0,0,0,0,16,0,0,0,0,0
event=trace_row ordinal=1836 kind=0 ns=288233178952879 fields=333,2,0,50,2,0,0,0,0,0,0,0,0,0,0,0
event=trace_row ordinal=1837 kind=1 ns=288233178952879 fields=333,2,0,1008,996,200,200,0,1,0,0,0,0,0,0,0
event=trace_row ordinal=1838 kind=1 ns=288233178952879 fields=333,2,1,1009,996,200,200,0,1,0,0,0,0,0,0,0
event=trace_row ordinal=1839 kind=3 ns=288233179067504 fields=333,334,1,2,288233178952879,0,0,0,0,0,0,0,0,4,1,3
event=trace_row ordinal=1840 kind=4 ns=288233185441307 fields=385,8,39,20,39,20,0,0,0,0,16,0,0,0,0,0
event=trace_row ordinal=1841 kind=4 ns=288233185576641 fields=641,5,3,0,0,0,0,0,0,0,16,0,0,0,0,0
event=trace_row ordinal=1842 kind=5 ns=288233189127106 fields=513,6,15,0,0,0,0,0,0,0,16,0,0,0,0,0
event=trace_row ordinal=1843 kind=0 ns=288233188986522 fields=334,2,0,25,1,0,0,0,0,0,0,0,0,0,0,0
event=trace_row ordinal=1844 kind=1 ns=288233188986522 fields=334,2,0,1009,996,200,200,0,1,0,0,0,0,0,0,0
event=trace_row ordinal=1845 kind=3 ns=288233189150731 fields=334,335,1,2,288233188986522,0,0,0,0,0,0,0,0,4,1,3
event=trace_row ordinal=1846 kind=5 ns=288233199106207 fields=513,6,15,0,0,0,0,0,0,0,16,0,0,0,0,0
event=trace_row ordinal=1847 kind=0 ns=288233198974082 fields=335,2,0,50,2,0,0,0,0,0,0,0,0,0,0,0
event=trace_row ordinal=1848 kind=1 ns=288233198974082 fields=335,2,0,1009,996,200,200,0,1,0,0,0,0,0,0,0
event=trace_row ordinal=1849 kind=1 ns=288233198974082 fields=335,2,1,1008,996,200,200,0,1,0,0,0,0,0,0,0
event=trace_row ordinal=1850 kind=3 ns=288233199128082 fields=335,336,1,2,288233198974082,0,0,0,0,0,0,0,0,4,1,3
event=trace_row ordinal=1851 kind=5 ns=288233209107183 fields=513,6,15,0,0,0,0,0,0,0,16,0,0,0,0,0
event=trace_row ordinal=1852 kind=0 ns=288233208977100 fields=336,2,0,25,1,0,0,0,0,0,0,0,0,0,0,0
event=trace_row ordinal=1853 kind=1 ns=288233208977100 fields=336,2,0,1008,996,200,200,0,1,0,0,0,0,0,0,0
event=trace_row ordinal=1854 kind=3 ns=288233209129933 fields=336,337,1,2,288233208977100,0,0,0,0,0,0,0,0,4,1,3
event=trace_row ordinal=1855 kind=5 ns=288233219092410 fields=513,6,15,0,0,0,0,0,0,0,16,0,0,0,0,0
event=trace_row ordinal=1856 kind=0 ns=288233218972243 fields=337,2,0,25,1,0,0,0,0,0,0,0,0,0,0,0
event=trace_row ordinal=1857 kind=1 ns=288233218972243 fields=337,2,0,1008,996,200,200,0,1,0,0,0,0,0,0,0
event=trace_row ordinal=1858 kind=3 ns=288233219113993 fields=337,338,1,2,288233218972243,0,0,0,0,0,0,0,0,4,1,3
event=trace_row ordinal=1859 kind=4 ns=288233221449081 fields=1793,1,5,0,0,0,0,0,0,0,16,0,0,0,0,0
event=trace_row ordinal=1860 kind=5 ns=288233229066261 fields=513,6,15,0,0,0,0,0,0,0,16,0,0,0,0,0
event=trace_row ordinal=1861 kind=0 ns=288233228958927 fields=338,2,0,50,2,0,0,0,0,0,0,0,0,0,0,0
event=trace_row ordinal=1862 kind=1 ns=288233228958927 fields=338,2,0,1009,996,200,200,0,1,0,0,0,0,0,0,0
event=trace_row ordinal=1863 kind=1 ns=288233228958927 fields=338,2,1,1009,996,200,200,0,1,0,0,0,0,0,0,0
event=trace_row ordinal=1864 kind=3 ns=288233229084928 fields=338,339,1,2,288233228958927,0,0,0,0,0,0,0,0,4,1,3
event=trace_row ordinal=1865 kind=4 ns=288233235341481 fields=385,8,39,20,39,20,0,0,0,0,16,0,0,0,0,0
event=trace_row ordinal=1866 kind=4 ns=288233235524939 fields=641,5,3,0,0,0,0,0,0,0,16,0,0,0,0,0
event=trace_row ordinal=1867 kind=5 ns=288233239045946 fields=513,6,15,0,0,0,0,0,0,0,16,0,0,0,0,0
event=trace_row ordinal=1868 kind=0 ns=288233238952612 fields=339,2,0,25,1,0,0,0,0,0,0,0,0,0,0,0
event=trace_row ordinal=1869 kind=1 ns=288233238952612 fields=339,2,0,1009,996,200,200,0,1,0,0,0,0,0,0,0
event=trace_row ordinal=1870 kind=3 ns=288233239063154 fields=339,340,1,2,288233238952612,0,0,0,0,0,0,0,0,4,1,3
event=trace_row ordinal=1871 kind=5 ns=288233249130922 fields=513,6,15,0,0,0,0,0,0,0,16,0,0,0,0,0
event=trace_row ordinal=1872 kind=0 ns=288233248985672 fields=340,2,0,50,2,0,0,0,0,0,0,0,0,0,0,0
event=trace_row ordinal=1873 kind=1 ns=288233248985672 fields=340,2,0,1008,996,200,200,0,1,0,0,0,0,0,0,0
event=trace_row ordinal=1874 kind=1 ns=288233248985672 fields=340,2,1,1008,996,200,200,0,1,0,0,0,0,0,0,0
event=trace_row ordinal=1875 kind=3 ns=288233249155131 fields=340,341,1,2,288233248985672,0,0,0,0,0,0,0,0,4,1,3
event=trace_row ordinal=1876 kind=5 ns=288233259078815 fields=513,6,15,0,0,0,0,0,0,0,16,0,0,0,0,0
event=trace_row ordinal=1877 kind=0 ns=288233258963023 fields=341,2,0,25,1,0,0,0,0,0,0,0,0,0,0,0
event=trace_row ordinal=1878 kind=1 ns=288233258963023 fields=341,2,0,1008,996,200,200,0,1,0,0,0,0,0,0,0
event=trace_row ordinal=1879 kind=3 ns=288233259098357 fields=341,342,1,2,288233258963023,0,0,0,0,0,0,0,0,4,1,3
event=trace_row ordinal=1880 kind=5 ns=288233269073083 fields=513,6,15,0,0,0,0,0,0,0,16,0,0,0,0,0
event=trace_row ordinal=1881 kind=0 ns=288233268959625 fields=342,2,0,50,2,0,0,0,0,0,0,0,0,0,0,0
event=trace_row ordinal=1882 kind=1 ns=288233268959625 fields=342,2,0,1009,996,200,200,0,1,0,0,0,0,0,0,0
event=trace_row ordinal=1883 kind=1 ns=288233268959625 fields=342,2,1,1009,996,200,200,0,1,0,0,0,0,0,0,0
event=trace_row ordinal=1884 kind=3 ns=288233269092916 fields=342,343,1,2,288233268959625,0,0,0,0,0,0,0,0,4,1,3
event=trace_row ordinal=1885 kind=5 ns=288233279043726 fields=513,6,15,0,0,0,0,0,0,0,16,0,0,0,0,0
event=trace_row ordinal=1886 kind=0 ns=288233278949226 fields=343,2,0,25,1,0,0,0,0,0,0,0,0,0,0,0
event=trace_row ordinal=1887 kind=1 ns=288233278949226 fields=343,2,0,1009,996,200,200,0,1,0,0,0,0,0,0,0
event=trace_row ordinal=1888 kind=3 ns=288233279061226 fields=343,344,1,2,288233278949226,0,0,0,0,0,0,0,0,4,1,3
event=trace_row ordinal=1889 kind=4 ns=288233285299112 fields=385,8,39,20,39,20,0,0,0,0,16,0,0,0,0,0
event=trace_row ordinal=1890 kind=4 ns=288233285461863 fields=641,5,3,0,0,0,0,0,0,0,16,0,0,0,0,0
event=trace_row ordinal=1891 kind=5 ns=288233289040327 fields=513,6,15,0,0,0,0,0,0,0,16,0,0,0,0,0
event=trace_row ordinal=1892 kind=0 ns=288233288950494 fields=344,2,0,25,1,0,0,0,0,0,0,0,0,0,0,0
event=trace_row ordinal=1893 kind=1 ns=288233288950494 fields=344,2,0,1008,996,200,200,0,1,0,0,0,0,0,0,0
event=trace_row ordinal=1894 kind=3 ns=288233289056661 fields=344,345,1,2,288233288950494,0,0,0,0,0,0,0,0,4,1,3
event=trace_row ordinal=1895 kind=5 ns=288233299038095 fields=513,6,15,0,0,0,0,0,0,0,16,0,0,0,0,0
event=trace_row ordinal=1896 kind=0 ns=288233298946804 fields=345,2,0,50,2,0,0,0,0,0,0,0,0,0,0,0
event=trace_row ordinal=1897 kind=1 ns=288233298946804 fields=345,2,0,1008,996,200,200,0,1,0,0,0,0,0,0,0
event=trace_row ordinal=1898 kind=1 ns=288233298946804 fields=345,2,1,1008,996,200,200,0,1,0,0,0,0,0,0,0
event=trace_row ordinal=1899 kind=3 ns=288233299053846 fields=345,346,1,2,288233298946804,0,0,0,0,0,0,0,0,4,1,3
event=trace_row ordinal=1900 kind=5 ns=288233309036447 fields=513,6,15,0,0,0,0,0,0,0,16,0,0,0,0,0
event=trace_row ordinal=1901 kind=0 ns=288233308948947 fields=346,2,0,25,1,0,0,0,0,0,0,0,0,0,0,0
event=trace_row ordinal=1902 kind=1 ns=288233308948947 fields=346,2,0,1010,996,200,200,0,1,0,0,0,0,0,0,0
event=trace_row ordinal=1903 kind=3 ns=288233309053072 fields=346,347,1,2,288233308948947,0,0,0,0,0,0,0,0,4,1,3
event=trace_row ordinal=1904 kind=5 ns=288233318988131 fields=513,6,15,0,0,0,0,0,0,0,16,0,0,0,0,0
event=trace_row ordinal=1905 kind=0 ns=288233318926881 fields=347,2,0,50,2,0,0,0,0,0,0,0,0,0,0,0
event=trace_row ordinal=1906 kind=1 ns=288233318926881 fields=347,2,0,1010,996,200,200,0,1,0,0,0,0,0,0,0
event=trace_row ordinal=1907 kind=1 ns=288233318926881 fields=347,2,1,1008,996,200,200,0,1,0,0,0,0,0,0,0
event=trace_row ordinal=1908 kind=3 ns=288233318998048 fields=347,348,1,2,288233318926881,0,0,0,0,0,0,0,0,4,1,3
event=trace_row ordinal=1909 kind=5 ns=288233328980649 fields=513,6,15,0,0,0,0,0,0,0,16,0,0,0,0,0
event=trace_row ordinal=1910 kind=0 ns=288233328925816 fields=348,2,0,25,1,0,0,0,0,0,0,0,0,0,0,0
event=trace_row ordinal=1911 kind=1 ns=288233328925816 fields=348,2,0,1008,996,200,200,0,1,0,0,0,0,0,0,0
event=trace_row ordinal=1912 kind=3 ns=288233328989691 fields=348,349,1,2,288233328925816,0,0,0,0,0,0,0,0,4,1,3
event=trace_row ordinal=1913 kind=4 ns=288233335231369 fields=385,8,39,20,39,20,0,0,0,0,16,0,0,0,0,0
event=trace_row ordinal=1914 kind=4 ns=288233335408119 fields=641,5,3,0,0,0,0,0,0,0,16,0,0,0,0,0
event=trace_row ordinal=1915 kind=5 ns=288233338983084 fields=513,6,15,0,0,0,0,0,0,0,16,0,0,0,0,0
event=trace_row ordinal=1916 kind=0 ns=288233338924751 fields=349,2,0,50,2,0,0,0,0,0,0,0,0,0,0,0
event=trace_row ordinal=1917 kind=1 ns=288233338924751 fields=349,2,0,1008,996,200,200,0,1,0,0,0,0,0,0,0
event=trace_row ordinal=1918 kind=1 ns=288233338924751 fields=349,2,1,1009,996,200,200,0,1,0,0,0,0,0,0,0
event=trace_row ordinal=1919 kind=3 ns=288233338992709 fields=349,350,1,2,288233338924751,0,0,0,0,0,0,0,0,4,1,3
event=trace_row ordinal=1920 kind=5 ns=288233348978227 fields=513,6,15,0,0,0,0,0,0,0,16,0,0,0,0,0
event=trace_row ordinal=1921 kind=0 ns=288233348924852 fields=350,2,0,25,1,0,0,0,0,0,0,0,0,0,0,0
event=trace_row ordinal=1922 kind=1 ns=288233348924852 fields=350,2,0,1009,996,200,200,0,1,0,0,0,0,0,0,0
event=trace_row ordinal=1923 kind=3 ns=288233348987269 fields=350,351,1,2,288233348924852,0,0,0,0,0,0,0,0,4,1,3
event=trace_row ordinal=1924 kind=5 ns=288233358977745 fields=513,6,15,0,0,0,0,0,0,0,16,0,0,0,0,0
event=trace_row ordinal=1925 kind=0 ns=288233358924662 fields=351,2,0,25,1,0,0,0,0,0,0,0,0,0,0,0
event=trace_row ordinal=1926 kind=1 ns=288233358924662 fields=351,2,0,1009,996,200,200,0,1,0,0,0,0,0,0,0
event=trace_row ordinal=1927 kind=3 ns=288233358987079 fields=351,352,1,2,288233358924662,0,0,0,0,0,0,0,0,4,1,3
event=trace_row ordinal=1928 kind=5 ns=288233368983972 fields=513,6,15,0,0,0,0,0,0,0,16,0,0,0,0,0
event=trace_row ordinal=1929 kind=0 ns=288233368925346 fields=352,2,0,50,2,0,0,0,0,0,0,0,0,0,0,0
event=trace_row ordinal=1930 kind=1 ns=288233368925346 fields=352,2,0,1008,996,200,200,0,1,0,0,0,0,0,0,0
event=trace_row ordinal=1931 kind=1 ns=288233368925346 fields=352,2,1,1008,996,200,200,0,1,0,0,0,0,0,0,0
event=trace_row ordinal=1932 kind=3 ns=288233368993597 fields=352,353,1,2,288233368925346,0,0,0,0,0,0,0,0,4,1,3
event=trace_row ordinal=1933 kind=5 ns=288233378978531 fields=513,6,15,0,0,0,0,0,0,0,16,0,0,0,0,0
event=trace_row ordinal=1934 kind=0 ns=288233378924281 fields=353,2,0,25,1,0,0,0,0,0,0,0,0,0,0,0
event=trace_row ordinal=1935 kind=1 ns=288233378924281 fields=353,2,0,1008,996,200,200,0,1,0,0,0,0,0,0,0
event=trace_row ordinal=1936 kind=3 ns=288233378988156 fields=353,354,1,2,288233378924281,0,0,0,0,0,0,0,0,4,1,3
event=trace_row ordinal=1937 kind=4 ns=288233385171792 fields=385,8,39,20,39,20,0,0,0,0,16,0,0,0,0,0
event=trace_row ordinal=1938 kind=4 ns=288233385356418 fields=641,5,3,0,0,0,0,0,0,0,16,0,0,0,0,0
event=trace_row ordinal=1939 kind=5 ns=288233388983299 fields=513,6,15,0,0,0,0,0,0,0,16,0,0,0,0,0
event=trace_row ordinal=1940 kind=0 ns=288233388924383 fields=354,2,0,50,2,0,0,0,0,0,0,0,0,0,0,0
event=trace_row ordinal=1941 kind=1 ns=288233388924383 fields=354,2,0,1009,996,200,200,0,1,0,0,0,0,0,0,0
event=trace_row ordinal=1942 kind=1 ns=288233388924383 fields=354,2,1,1009,996,200,200,0,1,0,0,0,0,0,0,0
event=trace_row ordinal=1943 kind=3 ns=288233388992924 fields=354,355,1,2,288233388924383,0,0,0,0,0,0,0,0,4,1,3
event=trace_row ordinal=1944 kind=5 ns=288233398977567 fields=513,6,15,0,0,0,0,0,0,0,16,0,0,0,0,0
event=trace_row ordinal=1945 kind=0 ns=288233398924776 fields=355,2,0,25,1,0,0,0,0,0,0,0,0,0,0,0
event=trace_row ordinal=1946 kind=1 ns=288233398924776 fields=355,2,0,1009,996,200,200,0,1,0,0,0,0,0,0,0
event=trace_row ordinal=1947 kind=3 ns=288233398986901 fields=355,356,1,2,288233398924776,0,0,0,0,0,0,0,0,4,1,3
event=trace_row ordinal=1948 kind=5 ns=288233408983502 fields=513,6,15,0,0,0,0,0,0,0,16,0,0,0,0,0
event=trace_row ordinal=1949 kind=0 ns=288233408924877 fields=356,2,0,50,2,0,0,0,0,0,0,0,0,0,0,0
event=trace_row ordinal=1950 kind=1 ns=288233408924877 fields=356,2,0,1009,996,200,200,0,1,0,0,0,0,0,0,0
event=trace_row ordinal=1951 kind=1 ns=288233408924877 fields=356,2,1,1009,996,200,200,0,1,0,0,0,0,0,0,0
event=trace_row ordinal=1952 kind=3 ns=288233408993127 fields=356,357,1,2,288233408924877,0,0,0,0,0,0,0,0,4,1,3
event=trace_row ordinal=1953 kind=5 ns=288233418978645 fields=513,6,15,0,0,0,0,0,0,0,16,0,0,0,0,0
event=trace_row ordinal=1954 kind=0 ns=288233418925853 fields=357,2,0,25,1,0,0,0,0,0,0,0,0,0,0,0
event=trace_row ordinal=1955 kind=1 ns=288233418925853 fields=357,2,0,1009,996,200,200,0,1,0,0,0,0,0,0,0
event=trace_row ordinal=1956 kind=3 ns=288233418987978 fields=357,358,1,2,288233418925853,0,0,0,0,0,0,0,0,4,1,3
event=trace_row ordinal=1957 kind=5 ns=288233428977580 fields=513,6,15,0,0,0,0,0,0,0,16,0,0,0,0,0
event=trace_row ordinal=1958 kind=0 ns=288233428924496 fields=358,2,0,25,1,0,0,0,0,0,0,0,0,0,0,0
event=trace_row ordinal=1959 kind=1 ns=288233428924496 fields=358,2,0,1009,997,200,200,0,1,0,0,0,0,0,0,0
event=trace_row ordinal=1960 kind=3 ns=288233428986913 fields=358,359,1,2,288233428924496,0,0,0,0,0,0,0,0,4,1,3
event=trace_row ordinal=1961 kind=4 ns=288233435114841 fields=385,8,39,20,39,20,0,0,0,0,16,0,0,0,0,0
event=trace_row ordinal=1962 kind=4 ns=288233435301508 fields=641,5,3,0,0,0,0,0,0,0,16,0,0,0,0,0
event=trace_row ordinal=1963 kind=5 ns=288233438982931 fields=513,6,15,0,0,0,0,0,0,0,16,0,0,0,0,0
event=trace_row ordinal=1964 kind=0 ns=288233438924889 fields=359,2,0,50,2,0,0,0,0,0,0,0,0,0,0,0
event=trace_row ordinal=1965 kind=1 ns=288233438924889 fields=359,2,0,1009,997,200,200,0,1,0,0,0,0,0,0,0
event=trace_row ordinal=1966 kind=1 ns=288233438924889 fields=359,2,1,1009,997,200,200,0,1,0,0,0,0,0,0,0
event=trace_row ordinal=1967 kind=3 ns=288233438992556 fields=359,360,1,2,288233438924889,0,0,0,0,0,0,0,0,4,1,3
event=trace_row ordinal=1968 kind=5 ns=288233448979241 fields=513,6,15,0,0,0,0,0,0,0,16,0,0,0,0,0
event=trace_row ordinal=1969 kind=0 ns=288233448925866 fields=360,2,0,25,1,0,0,0,0,0,0,0,0,0,0,0
event=trace_row ordinal=1970 kind=1 ns=288233448925866 fields=360,2,0,1008,996,200,200,0,1,0,0,0,0,0,0,0
event=trace_row ordinal=1971 kind=3 ns=288233448988574 fields=360,361,1,2,288233448925866,0,0,0,0,0,0,0,0,4,1,3
event=trace_row ordinal=1972 kind=5 ns=288233459013467 fields=513,6,15,0,0,0,0,0,0,0,16,0,0,0,0,0
event=trace_row ordinal=1973 kind=0 ns=288233458933550 fields=361,2,0,50,2,0,0,0,0,0,0,0,0,0,0,0
event=trace_row ordinal=1974 kind=1 ns=288233458933550 fields=361,2,0,1008,996,200,200,0,1,0,0,0,0,0,0,0
event=trace_row ordinal=1975 kind=1 ns=288233458933550 fields=361,2,1,1009,996,200,200,0,1,0,0,0,0,0,0,0
event=trace_row ordinal=1976 kind=3 ns=288233459024842 fields=361,362,1,2,288233458933550,0,0,0,0,0,0,0,0,4,1,3
event=trace_row ordinal=1977 kind=5 ns=288233469012985 fields=513,6,15,0,0,0,0,0,0,0,16,0,0,0,0,0
event=trace_row ordinal=1978 kind=0 ns=288233468939193 fields=362,2,0,25,1,0,0,0,0,0,0,0,0,0,0,0
event=trace_row ordinal=1979 kind=1 ns=288233468939193 fields=362,2,0,1009,996,200,200,0,1,0,0,0,0,0,0,0
event=trace_row ordinal=1980 kind=3 ns=288233469024944 fields=362,363,1,2,288233468939193,0,0,0,0,0,0,0,0,4,1,3
event=trace_row ordinal=1981 kind=4 ns=288233470991947 fields=1793,1,5,0,0,0,0,0,0,0,16,0,0,0,0,0
event=trace_row ordinal=1982 kind=5 ns=288233478986545 fields=513,6,15,0,0,0,0,0,0,0,16,0,0,0,0,0
event=trace_row ordinal=1983 kind=0 ns=288233478927628 fields=363,2,0,50,2,0,0,0,0,0,0,0,0,0,0,0
event=trace_row ordinal=1984 kind=1 ns=288233478927628 fields=363,2,0,1009,996,200,200,0,1,0,0,0,0,0,0,0
event=trace_row ordinal=1985 kind=1 ns=288233478927628 fields=363,2,1,1008,996,200,200,0,1,0,0,0,0,0,0,0
event=trace_row ordinal=1986 kind=3 ns=288233478996170 fields=363,364,1,2,288233478927628,0,0,0,0,0,0,0,0,4,1,3
event=trace_row ordinal=1987 kind=4 ns=288233485061098 fields=385,8,39,20,39,20,0,0,0,0,16,0,0,0,0,0
event=trace_row ordinal=1988 kind=4 ns=288233485249223 fields=641,5,3,0,0,0,0,0,0,0,16,0,0,0,0,0
event=trace_row ordinal=1989 kind=5 ns=288233488979646 fields=513,6,15,0,0,0,0,0,0,0,16,0,0,0,0,0
event=trace_row ordinal=1990 kind=0 ns=288233488925688 fields=364,2,0,25,1,0,0,0,0,0,0,0,0,0,0,0
event=trace_row ordinal=1991 kind=1 ns=288233488925688 fields=364,2,0,1008,996,200,200,0,1,0,0,0,0,0,0,0
event=trace_row ordinal=1992 kind=3 ns=288233488989563 fields=364,365,1,2,288233488925688,0,0,0,0,0,0,0,0,4,1,3
event=trace_row ordinal=1993 kind=5 ns=288233498977998 fields=513,6,15,0,0,0,0,0,0,0,16,0,0,0,0,0
event=trace_row ordinal=1994 kind=0 ns=288233498924623 fields=365,2,0,25,1,0,0,0,0,0,0,0,0,0,0,0
event=trace_row ordinal=1995 kind=1 ns=288233498924623 fields=365,2,0,1008,996,200,200,0,1,0,0,0,0,0,0,0
event=trace_row ordinal=1996 kind=3 ns=288233498987331 fields=365,366,1,2,288233498924623,0,0,0,0,0,0,0,0,4,1,3
event=trace_row ordinal=1997 kind=5 ns=288233508982766 fields=513,6,15,0,0,0,0,0,0,0,16,0,0,0,0,0
event=trace_row ordinal=1998 kind=0 ns=288233508924724 fields=366,2,0,50,2,0,0,0,0,0,0,0,0,0,0,0
event=trace_row ordinal=1999 kind=1 ns=288233508924724 fields=366,2,0,1009,996,200,200,0,1,0,0,0,0,0,0,0
event=trace_row ordinal=2000 kind=1 ns=288233508924724 fields=366,2,1,1009,996,200,200,0,1,0,0,0,0,0,0,0
event=trace_row ordinal=2001 kind=3 ns=288233508992391 fields=366,367,1,2,288233508924724,0,0,0,0,0,0,0,0,4,1,3
event=trace_row ordinal=2002 kind=5 ns=288233518977909 fields=513,6,15,0,0,0,0,0,0,0,16,0,0,0,0,0
event=trace_row ordinal=2003 kind=0 ns=288233518924242 fields=367,2,0,25,1,0,0,0,0,0,0,0,0,0,0,0
event=trace_row ordinal=2004 kind=1 ns=288233518924242 fields=367,2,0,1009,996,200,200,0,1,0,0,0,0,0,0,0
event=trace_row ordinal=2005 kind=3 ns=288233518987242 fields=367,368,1,2,288233518924242,0,0,0,0,0,0,0,0,4,1,3
event=trace_row ordinal=2006 kind=5 ns=288233528984135 fields=513,6,15,0,0,0,0,0,0,0,16,0,0,0,0,0
event=trace_row ordinal=2007 kind=0 ns=288233528925802 fields=368,2,0,50,2,0,0,0,0,0,0,0,0,0,0,0
event=trace_row ordinal=2008 kind=1 ns=288233528925802 fields=368,2,0,1008,996,200,200,0,1,0,0,0,0,0,0,0
event=trace_row ordinal=2009 kind=1 ns=288233528925802 fields=368,2,1,1008,996,200,200,0,1,0,0,0,0,0,0,0
event=trace_row ordinal=2010 kind=3 ns=288233528993760 fields=368,369,1,2,288233528925802,0,0,0,0,0,0,0,0,4,1,3
event=trace_row ordinal=2011 kind=4 ns=288233535012604 fields=385,8,39,20,39,20,0,0,0,0,16,0,0,0,0,0
event=trace_row ordinal=2012 kind=4 ns=288233535197230 fields=641,5,3,0,0,0,0,0,0,0,16,0,0,0,0,0
event=trace_row ordinal=2013 kind=5 ns=288233538978986 fields=513,6,15,0,0,0,0,0,0,0,16,0,0,0,0,0
event=trace_row ordinal=2014 kind=0 ns=288233538925611 fields=369,2,0,25,1,0,0,0,0,0,0,0,0,0,0,0
event=trace_row ordinal=2015 kind=1 ns=288233538925611 fields=369,2,0,1008,996,200,200,0,1,0,0,0,0,0,0,0
event=trace_row ordinal=2016 kind=3 ns=288233538988320 fields=369,370,1,2,288233538925611,0,0,0,0,0,0,0,0,4,1,3
event=trace_row ordinal=2017 kind=5 ns=288233548983754 fields=513,6,15,0,0,0,0,0,0,0,16,0,0,0,0,0
event=trace_row ordinal=2018 kind=0 ns=288233548924838 fields=370,2,0,50,2,0,0,0,0,0,0,0,0,0,0,0
event=trace_row ordinal=2019 kind=1 ns=288233548924838 fields=370,2,0,1009,996,200,200,0,1,0,0,0,0,0,0,0
event=trace_row ordinal=2020 kind=1 ns=288233548924838 fields=370,2,1,1009,996,200,200,0,1,0,0,0,0,0,0,0
event=trace_row ordinal=2021 kind=3 ns=288233548993088 fields=370,371,1,2,288233548924838,0,0,0,0,0,0,0,0,4,1,3
event=trace_row ordinal=2022 kind=5 ns=288233558979481 fields=513,6,15,0,0,0,0,0,0,0,16,0,0,0,0,0
event=trace_row ordinal=2023 kind=0 ns=288233558925231 fields=371,2,0,25,1,0,0,0,0,0,0,0,0,0,0,0
event=trace_row ordinal=2024 kind=1 ns=288233558925231 fields=371,2,0,1009,996,200,200,0,1,0,0,0,0,0,0,0
event=trace_row ordinal=2025 kind=3 ns=288233558988523 fields=371,372,1,2,288233558925231,0,0,0,0,0,0,0,0,4,1,3
event=trace_row ordinal=2026 kind=5 ns=288233568978416 fields=513,6,15,0,0,0,0,0,0,0,16,0,0,0,0,0
event=trace_row ordinal=2027 kind=0 ns=288233568924457 fields=372,2,0,25,1,0,0,0,0,0,0,0,0,0,0,0
event=trace_row ordinal=2028 kind=1 ns=288233568924457 fields=372,2,0,1009,996,200,200,0,1,0,0,0,0,0,0,0
event=trace_row ordinal=2029 kind=3 ns=288233568987749 fields=372,373,1,2,288233568924457,0,0,0,0,0,0,0,0,4,1,3
event=trace_row ordinal=2030 kind=5 ns=288233578983767 fields=513,6,15,0,0,0,0,0,0,0,16,0,0,0,0,0
event=trace_row ordinal=2031 kind=0 ns=288233578924558 fields=373,2,0,50,2,0,0,0,0,0,0,0,0,0,0,0
event=trace_row ordinal=2032 kind=1 ns=288233578924558 fields=373,2,0,1009,996,200,200,0,1,0,0,0,0,0,0,0
event=trace_row ordinal=2033 kind=1 ns=288233578924558 fields=373,2,1,1009,996,200,200,0,1,0,0,0,0,0,0,0
event=trace_row ordinal=2034 kind=3 ns=288233578993392 fields=373,374,1,2,288233578924558,0,0,0,0,0,0,0,0,4,1,3
event=trace_row ordinal=2035 kind=4 ns=288233584955944 fields=385,8,39,20,39,20,0,0,0,0,16,0,0,0,0,0
event=trace_row ordinal=2036 kind=4 ns=288233585143195 fields=641,5,3,0,0,0,0,0,0,0,16,0,0,0,0,0
event=trace_row ordinal=2037 kind=5 ns=288233588980368 fields=513,6,15,0,0,0,0,0,0,0,16,0,0,0,0,0
event=trace_row ordinal=2038 kind=0 ns=288233588925827 fields=374,2,0,25,1,0,0,0,0,0,0,0,0,0,0,0
event=trace_row ordinal=2039 kind=1 ns=288233588925827 fields=374,2,0,1009,996,200,200,0,1,0,0,0,0,0,0,0
event=trace_row ordinal=2040 kind=3 ns=288233588989410 fields=374,375,1,2,288233588925827,0,0,0,0,0,0,0,0,4,1,3
event=trace_row ordinal=2041 kind=5 ns=288233598982511 fields=513,6,15,0,0,0,0,0,0,0,16,0,0,0,0,0
event=trace_row ordinal=2042 kind=0 ns=288233598924470 fields=375,2,0,50,2,0,0,0,0,0,0,0,0,0,0,0
event=trace_row ordinal=2043 kind=1 ns=288233598924470 fields=375,2,0,1009,996,200,200,0,1,0,0,0,0,0,0,0
event=trace_row ordinal=2044 kind=1 ns=288233598924470 fields=375,2,1,1008,996,200,200,0,1,0,0,0,0,0,0,0
event=trace_row ordinal=2045 kind=3 ns=288233598992136 fields=375,376,1,2,288233598924470,0,0,0,0,0,0,0,0,4,1,3
event=trace_row ordinal=2046 kind=5 ns=288233608977946 fields=513,6,15,0,0,0,0,0,0,0,16,0,0,0,0,0
event=trace_row ordinal=2047 kind=0 ns=288233608924571 fields=376,2,0,25,1,0,0,0,0,0,0,0,0,0,0,0
event=trace_row ordinal=2048 kind=1 ns=288233608924571 fields=376,2,0,1008,996,200,200,0,1,0,0,0,0,0,0,0
event=trace_row ordinal=2049 kind=3 ns=288233608987279 fields=376,377,1,2,288233608924571,0,0,0,0,0,0,0,0,4,1,3
event=trace_row ordinal=2050 kind=5 ns=288233618996714 fields=513,6,15,0,0,0,0,0,0,0,16,0,0,0,0,0
event=trace_row ordinal=2051 kind=0 ns=288233618929922 fields=377,2,0,50,2,0,0,0,0,0,0,0,0,0,0,0
event=trace_row ordinal=2052 kind=1 ns=288233618929922 fields=377,2,0,1008,996,200,200,0,1,0,0,0,0,0,0,0
event=trace_row ordinal=2053 kind=1 ns=288233618929922 fields=377,2,1,1009,996,200,200,0,1,0,0,0,0,0,0,0
event=trace_row ordinal=2054 kind=3 ns=288233619008089 fields=377,378,1,2,288233618929922,0,0,0,0,0,0,0,0,4,1,3
event=trace_row ordinal=2055 kind=5 ns=288233628988065 fields=513,6,15,0,0,0,0,0,0,0,16,0,0,0,0,0
event=trace_row ordinal=2056 kind=0 ns=288233628929732 fields=378,2,0,25,1,0,0,0,0,0,0,0,0,0,0,0
event=trace_row ordinal=2057 kind=1 ns=288233628929732 fields=378,2,0,1009,996,200,200,0,1,0,0,0,0,0,0,0
event=trace_row ordinal=2058 kind=3 ns=288233628999440 fields=378,379,1,2,288233628929732,0,0,0,0,0,0,0,0,4,1,3
event=trace_row ordinal=2059 kind=4 ns=288233634915326 fields=385,8,39,20,39,20,0,0,0,0,16,0,0,0,0,0
event=trace_row ordinal=2060 kind=4 ns=288233635088285 fields=641,5,3,0,0,0,0,0,0,0,16,0,0,0,0,0
event=trace_row ordinal=2061 kind=5 ns=288233639067500 fields=513,6,15,0,0,0,0,0,0,0,16,0,0,0,0,0
event=trace_row ordinal=2062 kind=0 ns=288233638956667 fields=379,2,0,25,1,0,0,0,0,0,0,0,0,0,0,0
event=trace_row ordinal=2063 kind=1 ns=288233638956667 fields=379,2,0,1009,996,200,200,0,1,0,0,0,0,0,0,0
event=trace_row ordinal=2064 kind=3 ns=288233639084125 fields=379,380,1,2,288233638956667,0,0,0,0,0,0,0,0,4,1,3
event=trace_row ordinal=2065 kind=5 ns=288233649067018 fields=513,6,15,0,0,0,0,0,0,0,16,0,0,0,0,0
event=trace_row ordinal=2066 kind=0 ns=288233648956476 fields=380,2,0,50,2,0,0,0,0,0,0,0,0,0,0,0
event=trace_row ordinal=2067 kind=1 ns=288233648956476 fields=380,2,0,1008,996,200,200,0,1,0,0,0,0,0,0,0
event=trace_row ordinal=2068 kind=1 ns=288233648956476 fields=380,2,1,1008,996,200,200,0,1,0,0,0,0,0,0,0
event=trace_row ordinal=2069 kind=3 ns=288233649085685 fields=380,381,1,2,288233648956476,0,0,0,0,0,0,0,0,4,1,3
event=trace_row ordinal=2070 kind=5 ns=288233659031828 fields=513,6,15,0,0,0,0,0,0,0,16,0,0,0,0,0
event=trace_row ordinal=2071 kind=0 ns=288233658946078 fields=381,2,0,25,1,0,0,0,0,0,0,0,0,0,0,0
event=trace_row ordinal=2072 kind=1 ns=288233658946078 fields=381,2,0,1008,996,200,200,0,1,0,0,0,0,0,0,0
event=trace_row ordinal=2073 kind=3 ns=288233659048745 fields=381,382,1,2,288233658946078,0,0,0,0,0,0,0,0,4,1,3
event=trace_row ordinal=2074 kind=5 ns=288233669112138 fields=513,6,15,0,0,0,0,0,0,0,16,0,0,0,0,0
event=trace_row ordinal=2075 kind=0 ns=288233668975929 fields=382,2,0,50,2,0,0,0,0,0,0,0,0,0,0,0
event=trace_row ordinal=2076 kind=1 ns=288233668975929 fields=382,2,0,1009,996,200,200,0,1,0,0,0,0,0,0,0
event=trace_row ordinal=2077 kind=1 ns=288233668975929 fields=382,2,1,1009,996,200,200,0,1,0,0,0,0,0,0,0
event=trace_row ordinal=2078 kind=3 ns=288233669134596 fields=382,383,1,2,288233668975929,0,0,0,0,0,0,0,0,4,1,3
event=trace_row ordinal=2079 kind=5 ns=288233679067906 fields=513,6,15,0,0,0,0,0,0,0,16,0,0,0,0,0
event=trace_row ordinal=2080 kind=0 ns=288233678960281 fields=383,2,0,25,1,0,0,0,0,0,0,0,0,0,0,0
event=trace_row ordinal=2081 kind=1 ns=288233678960281 fields=383,2,0,1009,996,200,200,0,1,0,0,0,0,0,0,0
event=trace_row ordinal=2082 kind=3 ns=288233679087447 fields=383,384,1,2,288233678960281,0,0,0,0,0,0,0,0,4,1,3
event=trace_row ordinal=2083 kind=4 ns=288233684896291 fields=385,8,39,20,39,20,0,0,0,0,16,0,0,0,0,0
event=trace_row ordinal=2084 kind=4 ns=288233685051750 fields=641,5,3,0,0,0,0,0,0,0,16,0,0,0,0,0
event=trace_row ordinal=2085 kind=5 ns=288233689082007 fields=513,6,15,0,0,0,0,0,0,0,16,0,0,0,0,0
event=trace_row ordinal=2086 kind=0 ns=288233688966507 fields=384,2,0,50,2,0,0,0,0,0,0,0,0,0,0,0
event=trace_row ordinal=2087 kind=1 ns=288233688966507 fields=384,2,0,1008,996,200,200,0,1,0,0,0,0,0,0,0
event=trace_row ordinal=2088 kind=1 ns=288233688966507 fields=384,2,1,1008,996,200,200,0,1,0,0,0,0,0,0,0
event=trace_row ordinal=2089 kind=3 ns=288233689101840 fields=384,385,1,2,288233688966507,0,0,0,0,0,0,0,0,4,1,3
event=trace_row ordinal=2090 kind=5 ns=288233699033400 fields=513,6,15,0,0,0,0,0,0,0,16,0,0,0,0,0
event=trace_row ordinal=2091 kind=0 ns=288233698950567 fields=385,2,0,25,1,0,0,0,0,0,0,0,0,0,0,0
event=trace_row ordinal=2092 kind=1 ns=288233698950567 fields=385,2,0,1008,996,200,200,0,1,0,0,0,0,0,0,0
event=trace_row ordinal=2093 kind=3 ns=288233699048858 fields=385,386,1,2,288233698950567,0,0,0,0,0,0,0,0,4,1,3
event=trace_row ordinal=2094 kind=5 ns=288233709141710 fields=513,6,15,0,0,0,0,0,0,0,16,0,0,0,0,0
event=trace_row ordinal=2095 kind=0 ns=288233708990043 fields=386,2,0,25,1,0,0,0,0,0,0,0,0,0,0,0
event=trace_row ordinal=2096 kind=1 ns=288233708990043 fields=386,2,0,1009,996,200,200,0,1,0,0,0,0,0,0,0
event=trace_row ordinal=2097 kind=3 ns=288233709166210 fields=386,387,1,2,288233708990043,0,0,0,0,0,0,0,0,4,1,3
event=trace_row ordinal=2098 kind=5 ns=288233719093686 fields=513,6,15,0,0,0,0,0,0,0,16,0,0,0,0,0
event=trace_row ordinal=2099 kind=0 ns=288233718968561 fields=387,2,0,50,2,0,0,0,0,0,0,0,0,0,0,0
event=trace_row ordinal=2100 kind=1 ns=288233718968561 fields=387,2,0,1009,996,200,200,0,1,0,0,0,0,0,0,0
event=trace_row ordinal=2101 kind=1 ns=288233718968561 fields=387,2,1,1009,996,200,200,0,1,0,0,0,0,0,0,0
event=trace_row ordinal=2102 kind=3 ns=288233719113811 fields=387,388,1,2,288233718968561,0,0,0,0,0,0,0,0,4,1,3
event=trace_row ordinal=2103 kind=4 ns=288233720478230 fields=1793,1,5,0,0,0,0,0,0,0,16,0,0,0,0,0
event=trace_row ordinal=2104 kind=5 ns=288233729144246 fields=513,6,15,0,0,0,0,0,0,0,16,0,0,0,0,0
event=trace_row ordinal=2105 kind=0 ns=288233728991704 fields=388,2,0,25,1,0,0,0,0,0,0,0,0,0,0,0
event=trace_row ordinal=2106 kind=1 ns=288233728991704 fields=388,2,0,1008,997,200,200,0,1,0,0,0,0,0,0,0
event=trace_row ordinal=2107 kind=3 ns=288233729170496 fields=388,389,1,2,288233728991704,0,0,0,0,0,0,0,0,4,1,3
event=trace_row ordinal=2108 kind=4 ns=288233734824465 fields=385,8,39,20,39,20,0,0,0,0,16,0,0,0,0,0
event=trace_row ordinal=2109 kind=4 ns=288233734992173 fields=641,5,3,0,0,0,0,0,0,0,16,0,0,0,0,0
event=trace_row ordinal=2110 kind=5 ns=288233739097972 fields=513,6,15,0,0,0,0,0,0,0,16,0,0,0,0,0
event=trace_row ordinal=2111 kind=0 ns=288233738971389 fields=389,2,0,50,2,0,0,0,0,0,0,0,0,0,0,0
event=trace_row ordinal=2112 kind=1 ns=288233738971389 fields=389,2,0,1008,997,200,200,0,1,0,0,0,0,0,0,0
event=trace_row ordinal=2113 kind=1 ns=288233738971389 fields=389,2,1,1009,996,200,200,0,1,0,0,0,0,0,0,0
event=trace_row ordinal=2114 kind=3 ns=288233739118389 fields=389,390,1,2,288233738971389,0,0,0,0,0,0,0,0,4,1,3
event=trace_row ordinal=2115 kind=5 ns=288233749105657 fields=513,6,15,0,0,0,0,0,0,0,16,0,0,0,0,0
event=trace_row ordinal=2116 kind=0 ns=288233748976448 fields=390,2,0,25,1,0,0,0,0,0,0,0,0,0,0,0
event=trace_row ordinal=2117 kind=1 ns=288233748976448 fields=390,2,0,1009,996,200,200,0,1,0,0,0,0,0,0,0
event=trace_row ordinal=2118 kind=3 ns=288233749126657 fields=390,391,1,2,288233748976448,0,0,0,0,0,0,0,0,4,1,3
event=trace_row ordinal=2119 kind=5 ns=288233759105175 fields=513,6,15,0,0,0,0,0,0,0,16,0,0,0,0,0
event=trace_row ordinal=2120 kind=0 ns=288233758971591 fields=391,2,0,50,2,0,0,0,0,0,0,0,0,0,0,0
event=trace_row ordinal=2121 kind=1 ns=288233758971591 fields=391,2,0,1009,996,200,200,0,1,0,0,0,0,0,0,0
event=trace_row ordinal=2122 kind=1 ns=288233758971591 fields=391,2,1,1008,997,200,200,0,1,0,0,0,0,0,0,0
event=trace_row ordinal=2123 kind=3 ns=288233759128217 fields=391,392,1,2,288233758971591,0,0,0,0,0,0,0,0,4,1,3
event=trace_row ordinal=2124 kind=5 ns=288233769027985 fields=513,6,15,0,0,0,0,0,0,0,16,0,0,0,0,0
event=trace_row ordinal=2125 kind=0 ns=288233768944276 fields=392,2,0,25,1,0,0,0,0,0,0,0,0,0,0,0
event=trace_row ordinal=2126 kind=1 ns=288233768944276 fields=392,2,0,1008,997,200,200,0,1,0,0,0,0,0,0,0
event=trace_row ordinal=2127 kind=3 ns=288233769043151 fields=392,393,1,2,288233768944276,0,0,0,0,0,0,0,0,4,1,3
event=trace_row ordinal=2128 kind=5 ns=288233779032753 fields=513,6,15,0,0,0,0,0,0,0,16,0,0,0,0,0
event=trace_row ordinal=2129 kind=0 ns=288233778947002 fields=393,2,0,25,1,0,0,0,0,0,0,0,0,0,0,0
event=trace_row ordinal=2130 kind=1 ns=288233778947002 fields=393,2,0,1008,997,200,200,0,1,0,0,0,0,0,0,0
event=trace_row ordinal=2131 kind=3 ns=288233779048211 fields=393,394,1,2,288233778947002,0,0,0,0,0,0,0,0,4,1,3
event=trace_row ordinal=2132 kind=4 ns=288233784772763 fields=385,8,39,20,39,20,0,0,0,0,16,0,0,0,0,0
event=trace_row ordinal=2133 kind=4 ns=288233784940180 fields=641,5,3,0,0,0,0,0,0,0,16,0,0,0,0,0
event=trace_row ordinal=2134 kind=5 ns=288233789113937 fields=513,6,15,0,0,0,0,0,0,0,16,0,0,0,0,0
event=trace_row ordinal=2135 kind=0 ns=288233788979479 fields=394,2,0,50,2,0,0,0,0,0,0,0,0,0,0,0
event=trace_row ordinal=2136 kind=1 ns=288233788979479 fields=394,2,0,1009,996,200,200,0,1,0,0,0,0,0,0,0
event=trace_row ordinal=2137 kind=1 ns=288233788979479 fields=394,2,1,1009,996,200,200,0,1,0,0,0,0,0,0,0
event=trace_row ordinal=2138 kind=3 ns=288233789135813 fields=394,395,1,2,288233788979479,0,0,0,0,0,0,0,0,4,1,3
event=trace_row ordinal=2139 kind=5 ns=288233799077872 fields=513,6,15,0,0,0,0,0,0,0,16,0,0,0,0,0
event=trace_row ordinal=2140 kind=0 ns=288233798962372 fields=395,2,0,25,1,0,0,0,0,0,0,0,0,0,0,0
event=trace_row ordinal=2141 kind=1 ns=288233798962372 fields=395,2,0,1009,996,200,200,0,1,0,0,0,0,0,0,0
event=trace_row ordinal=2142 kind=3 ns=288233799097122 fields=395,396,1,2,288233798962372,0,0,0,0,0,0,0,0,4,1,3
event=trace_row ordinal=2143 kind=5 ns=288233809052890 fields=513,6,15,0,0,0,0,0,0,0,16,0,0,0,0,0
event=trace_row ordinal=2144 kind=0 ns=288233808953140 fields=396,2,0,50,2,0,0,0,0,0,0,0,0,0,0,0
event=trace_row ordinal=2145 kind=1 ns=288233808953140 fields=396,2,0,1008,997,200,200,0,1,0,0,0,0,0,0,0
event=trace_row ordinal=2146 kind=1 ns=288233808953140 fields=396,2,1,1008,997,200,200,0,1,0,0,0,0,0,0,0
event=trace_row ordinal=2147 kind=3 ns=288233809070390 fields=396,397,1,2,288233808953140,0,0,0,0,0,0,0,0,4,1,3
event=trace_row ordinal=2148 kind=5 ns=288233819055033 fields=513,6,15,0,0,0,0,0,0,0,16,0,0,0,0,0
event=trace_row ordinal=2149 kind=0 ns=288233818951491 fields=397,2,0,25,1,0,0,0,0,0,0,0,0,0,0,0
event=trace_row ordinal=2150 kind=1 ns=288233818951491 fields=397,2,0,1008,997,200,200,0,1,0,0,0,0,0,0,0
event=trace_row ordinal=2151 kind=3 ns=288233819072241 fields=397,398,1,2,288233818951491,0,0,0,0,0,0,0,0,4,1,3
event=trace_row ordinal=2152 kind=5 ns=288233829032968 fields=513,6,15,0,0,0,0,0,0,0,16,0,0,0,0,0
event=trace_row ordinal=2153 kind=0 ns=288233828942843 fields=398,2,0,50,2,0,0,0,0,0,0,0,0,0,0,0
event=trace_row ordinal=2154 kind=1 ns=288233828942843 fields=398,2,0,1009,996,200,200,0,1,0,0,0,0,0,0,0
event=trace_row ordinal=2155 kind=1 ns=288233828942843 fields=398,2,1,1009,996,200,200,0,1,0,0,0,0,0,0,0
event=trace_row ordinal=2156 kind=3 ns=288233829048134 fields=398,399,1,2,288233828942843,0,0,0,0,0,0,0,0,4,1,3
event=trace_row ordinal=2157 kind=4 ns=288233834687811 fields=385,8,39,20,39,20,0,0,0,0,16,0,0,0,0,0
event=trace_row ordinal=2158 kind=4 ns=288233834889937 fields=641,5,3,0,0,0,0,0,0,0,16,0,0,0,0,0
event=trace_row ordinal=2159 kind=5 ns=288233839033361 fields=513,6,15,0,0,0,0,0,0,0,16,0,0,0,0,0
event=trace_row ordinal=2160 kind=0 ns=288233838946444 fields=399,2,0,25,1,0,0,0,0,0,0,0,0,0,0,0
event=trace_row ordinal=2161 kind=1 ns=288233838946444 fields=399,2,0,1009,996,200,200,0,1,0,0,0,0,0,0,0
event=trace_row ordinal=2162 kind=3 ns=288233839048236 fields=399,400,1,2,288233838946444,0,0,0,0,0,0,0,0,4,1,3
event=trace_row ordinal=2163 kind=5 ns=288233849019754 fields=513,6,15,0,0,0,0,0,0,0,16,0,0,0,0,0
event=trace_row ordinal=2164 kind=0 ns=288233848942462 fields=400,2,0,25,1,0,0,0,0,0,0,0,0,0,0,0
event=trace_row ordinal=2165 kind=1 ns=288233848942462 fields=400,2,0,1008,997,200,200,0,1,0,0,0,0,0,0,0
event=trace_row ordinal=2166 kind=3 ns=288233849032587 fields=400,401,1,2,288233848942462,0,0,0,0,0,0,0,0,4,1,3
event=trace_row ordinal=2167 kind=5 ns=288233858992730 fields=513,6,15,0,0,0,0,0,0,0,16,0,0,0,0,0
event=trace_row ordinal=2168 kind=0 ns=288233858930022 fields=401,2,0,50,2,0,0,0,0,0,0,0,0,0,0,0
event=trace_row ordinal=2169 kind=1 ns=288233858930022 fields=401,2,0,1008,997,200,200,0,1,0,0,0,0,0,0,0
event=trace_row ordinal=2170 kind=1 ns=288233858930022 fields=401,2,1,1008,997,200,200,0,1,0,0,0,0,0,0,0
event=trace_row ordinal=2171 kind=3 ns=288233859002938 fields=401,402,1,2,288233858930022,0,0,0,0,0,0,0,0,4,1,3
event=trace_row ordinal=2172 kind=5 ns=288233868979415 fields=513,6,15,0,0,0,0,0,0,0,16,0,0,0,0,0
event=trace_row ordinal=2173 kind=0 ns=288233868925165 fields=402,2,0,25,1,0,0,0,0,0,0,0,0,0,0,0
event=trace_row ordinal=2174 kind=1 ns=288233868925165 fields=402,2,0,1009,996,200,200,0,1,0,0,0,0,0,0,0
event=trace_row ordinal=2175 kind=3 ns=288233868988748 fields=402,403,1,2,288233868925165,0,0,0,0,0,0,0,0,4,1,3
event=trace_row ordinal=2176 kind=5 ns=288233878982725 fields=513,6,15,0,0,0,0,0,0,0,16,0,0,0,0,0
event=trace_row ordinal=2177 kind=0 ns=288233878924974 fields=403,2,0,50,2,0,0,0,0,0,0,0,0,0,0,0
event=trace_row ordinal=2178 kind=1 ns=288233878924974 fields=403,2,0,1009,996,200,200,0,1,0,0,0,0,0,0,0
event=trace_row ordinal=2179 kind=1 ns=288233878924974 fields=403,2,1,1008,996,200,200,0,1,0,0,0,0,0,0,0
event=trace_row ordinal=2180 kind=3 ns=288233878992350 fields=403,404,1,2,288233878924974,0,0,0,0,0,0,0,0,4,1,3
event=trace_row ordinal=2181 kind=4 ns=288233884644860 fields=385,8,39,20,39,20,0,0,0,0,16,0,0,0,0,0
event=trace_row ordinal=2182 kind=4 ns=288233884835027 fields=641,5,3,0,0,0,0,0,0,0,16,0,0,0,0,0
event=trace_row ordinal=2183 kind=5 ns=288233888980784 fields=513,6,15,0,0,0,0,0,0,0,16,0,0,0,0,0
event=trace_row ordinal=2184 kind=0 ns=288233888925367 fields=404,2,0,25,1,0,0,0,0,0,0,0,0,0,0,0
event=trace_row ordinal=2185 kind=1 ns=288233888925367 fields=404,2,0,1008,996,200,200,0,1,0,0,0,0,0,0,0
event=trace_row ordinal=2186 kind=3 ns=288233888990118 fields=404,405,1,2,288233888925367,0,0,0,0,0,0,0,0,4,1,3
event=trace_row ordinal=2187 kind=5 ns=288233898982927 fields=513,6,15,0,0,0,0,0,0,0,16,0,0,0,0,0
event=trace_row ordinal=2188 kind=0 ns=288233898924885 fields=405,2,0,50,2,0,0,0,0,0,0,0,0,0,0,0
event=trace_row ordinal=2189 kind=1 ns=288233898924885 fields=405,2,0,1008,996,200,200,0,1,0,0,0,0,0,0,0
event=trace_row ordinal=2190 kind=1 ns=288233898924885 fields=405,2,1,1009,996,200,200,0,1,0,0,0,0,0,0,0
event=trace_row ordinal=2191 kind=3 ns=288233898992552 fields=405,406,1,2,288233898924885,0,0,0,0,0,0,0,0,4,1,3
event=trace_row ordinal=2192 kind=5 ns=288233908978945 fields=513,6,15,0,0,0,0,0,0,0,16,0,0,0,0,0
event=trace_row ordinal=2193 kind=0 ns=288233908924987 fields=406,2,0,25,1,0,0,0,0,0,0,0,0,0,0,0
event=trace_row ordinal=2194 kind=1 ns=288233908924987 fields=406,2,0,1009,996,200,200,0,1,0,0,0,0,0,0,0
event=trace_row ordinal=2195 kind=3 ns=288233908988279 fields=406,407,1,2,288233908924987,0,0,0,0,0,0,0,0,4,1,3
event=trace_row ordinal=2196 kind=5 ns=288233918978172 fields=513,6,15,0,0,0,0,0,0,0,16,0,0,0,0,0
event=trace_row ordinal=2197 kind=0 ns=288233918924797 fields=407,2,0,25,1,0,0,0,0,0,0,0,0,0,0,0
event=trace_row ordinal=2198 kind=1 ns=288233918924797 fields=407,2,0,1009,996,200,200,0,1,0,0,0,0,0,0,0
event=trace_row ordinal=2199 kind=3 ns=288233918987213 fields=407,408,1,2,288233918924797,0,0,0,0,0,0,0,0,4,1,3
event=trace_row ordinal=2200 kind=5 ns=288233928982065 fields=513,6,15,0,0,0,0,0,0,0,16,0,0,0,0,0
event=trace_row ordinal=2201 kind=0 ns=288233928924315 fields=408,2,0,50,2,0,0,0,0,0,0,0,0,0,0,0
event=trace_row ordinal=2202 kind=1 ns=288233928924315 fields=408,2,0,1008,996,200,200,0,1,0,0,0,0,0,0,0
event=trace_row ordinal=2203 kind=1 ns=288233928924315 fields=408,2,1,1008,996,200,200,0,1,0,0,0,0,0,0,0
event=trace_row ordinal=2204 kind=3 ns=288233928991690 fields=408,409,1,2,288233928924315,0,0,0,0,0,0,0,0,4,1,3
event=trace_row ordinal=2205 kind=4 ns=288233934584991 fields=385,8,39,20,39,20,0,0,0,0,16,0,0,0,0,0
event=trace_row ordinal=2206 kind=4 ns=288233934779533 fields=641,5,3,0,0,0,0,0,0,0,16,0,0,0,0,0
event=trace_row ordinal=2207 kind=5 ns=288233938979541 fields=513,6,15,0,0,0,0,0,0,0,16,0,0,0,0,0
event=trace_row ordinal=2208 kind=0 ns=288233938925291 fields=409,2,0,25,1,0,0,0,0,0,0,0,0,0,0,0
event=trace_row ordinal=2209 kind=1 ns=288233938925291 fields=409,2,0,1008,996,200,200,0,1,0,0,0,0,0,0,0
event=trace_row ordinal=2210 kind=3 ns=288233938988874 fields=409,410,1,2,288233938925291,0,0,0,0,0,0,0,0,4,1,3
event=trace_row ordinal=2211 kind=5 ns=288233948983434 fields=513,6,15,0,0,0,0,0,0,0,16,0,0,0,0,0
event=trace_row ordinal=2212 kind=0 ns=288233948925392 fields=410,2,0,50,2,0,0,0,0,0,0,0,0,0,0,0
event=trace_row ordinal=2213 kind=1 ns=288233948925392 fields=410,2,0,1009,996,200,200,0,1,0,0,0,0,0,0,0
event=trace_row ordinal=2214 kind=1 ns=288233948925392 fields=410,2,1,1009,996,200,200,0,1,0,0,0,0,0,0,0
event=trace_row ordinal=2215 kind=3 ns=288233948993059 fields=410,411,1,2,288233948925392,0,0,0,0,0,0,0,0,4,1,3
event=trace_row ordinal=2216 kind=5 ns=288233958978285 fields=513,6,15,0,0,0,0,0,0,0,16,0,0,0,0,0
event=trace_row ordinal=2217 kind=0 ns=288233958925202 fields=411,2,0,25,1,0,0,0,0,0,0,0,0,0,0,0
event=trace_row ordinal=2218 kind=1 ns=288233958925202 fields=411,2,0,1009,996,200,200,0,1,0,0,0,0,0,0,0
event=trace_row ordinal=2219 kind=3 ns=288233958987327 fields=411,412,1,2,288233958925202,0,0,0,0,0,0,0,0,4,1,3
event=trace_row ordinal=2220 kind=5 ns=288233968986554 fields=513,6,15,0,0,0,0,0,0,0,16,0,0,0,0,0
event=trace_row ordinal=2221 kind=0 ns=288233968925595 fields=412,2,0,50,2,0,0,0,0,0,0,0,0,0,0,0
event=trace_row ordinal=2222 kind=1 ns=288233968925595 fields=412,2,0,1008,996,200,200,0,1,0,0,0,0,0,0,0
event=trace_row ordinal=2223 kind=1 ns=288233968925595 fields=412,2,1,1008,996,200,200,0,1,0,0,0,0,0,0,0
event=trace_row ordinal=2224 kind=3 ns=288233968995887 fields=412,413,1,2,288233968925595,0,0,0,0,0,0,0,0,4,1,3
event=trace_row ordinal=2225 kind=4 ns=288233970008847 fields=1793,1,5,0,0,0,0,0,0,0,16,0,0,0,0,0
event=trace_row ordinal=2226 kind=5 ns=288233978979363 fields=513,6,15,0,0,0,0,0,0,0,16,0,0,0,0,0
event=trace_row ordinal=2227 kind=0 ns=288233978925113 fields=413,2,0,25,1,0,0,0,0,0,0,0,0,0,0,0
event=trace_row ordinal=2228 kind=1 ns=288233978925113 fields=413,2,0,1008,996,200,200,0,1,0,0,0,0,0,0,0
event=trace_row ordinal=2229 kind=3 ns=288233978988697 fields=413,414,1,2,288233978925113,0,0,0,0,0,0,0,0,4,1,3
event=trace_row ordinal=2230 kind=4 ns=288233984528040 fields=385,8,39,20,39,20,0,0,0,0,16,0,0,0,0,0
event=trace_row ordinal=2231 kind=4 ns=288233984726374 fields=641,5,3,0,0,0,0,0,0,0,16,0,0,0,0,0
event=trace_row ordinal=2232 kind=5 ns=288233988978881 fields=513,6,15,0,0,0,0,0,0,0,16,0,0,0,0,0
event=trace_row ordinal=2233 kind=0 ns=288233988924923 fields=414,2,0,25,1,0,0,0,0,0,0,0,0,0,0,0
event=trace_row ordinal=2234 kind=1 ns=288233988924923 fields=414,2,0,1009,996,200,200,0,1,0,0,0,0,0,0,0
event=trace_row ordinal=2235 kind=3 ns=288233988988215 fields=414,415,1,2,288233988924923,0,0,0,0,0,0,0,0,4,1,3
event=trace_row ordinal=2236 kind=5 ns=288233999109358 fields=513,6,15,0,0,0,0,0,0,0,16,0,0,0,0,0
event=trace_row ordinal=2237 kind=0 ns=288233998976650 fields=415,2,0,50,2,0,0,0,0,0,0,0,0,0,0,0
event=trace_row ordinal=2238 kind=1 ns=288233998976650 fields=415,2,0,1009,996,200,200,0,1,0,0,0,0,0,0,0
event=trace_row ordinal=2239 kind=1 ns=288233998976650 fields=415,2,1,1009,996,200,200,0,1,0,0,0,0,0,0,0
event=trace_row ordinal=2240 kind=3 ns=288233999130942 fields=415,416,1,2,288233998976650,0,0,0,0,0,0,0,0,4,1,3
event=trace_row ordinal=2241 kind=5 ns=288234008998626 fields=513,6,15,0,0,0,0,0,0,0,16,0,0,0,0,0
event=trace_row ordinal=2242 kind=0 ns=288234008933876 fields=416,2,0,25,1,0,0,0,0,0,0,0,0,0,0,0
event=trace_row ordinal=2243 kind=1 ns=288234008933876 fields=416,2,0,1008,997,200,200,0,1,0,0,0,0,0,0,0
event=trace_row ordinal=2244 kind=3 ns=288234009011459 fields=416,417,1,2,288234008933876,0,0,0,0,0,0,0,0,4,1,3
event=trace_row ordinal=2245 kind=5 ns=288234018986186 fields=513,6,15,0,0,0,0,0,0,0,16,0,0,0,0,0
event=trace_row ordinal=2246 kind=0 ns=288234018925811 fields=417,2,0,50,2,0,0,0,0,0,0,0,0,0,0,0
event=trace_row ordinal=2247 kind=1 ns=288234018925811 fields=417,2,0,1008,997,200,200,0,1,0,0,0,0,0,0,0
event=trace_row ordinal=2248 kind=1 ns=288234018925811 fields=417,2,1,1009,997,200,200,0,1,0,0,0,0,0,0,0
event=trace_row ordinal=2249 kind=3 ns=288234018997853 fields=417,418,1,2,288234018925811,0,0,0,0,0,0,0,0,4,1,3
event=trace_row ordinal=2250 kind=5 ns=288234028979287 fields=513,6,15,0,0,0,0,0,0,0,16,0,0,0,0,0
event=trace_row ordinal=2251 kind=0 ns=288234028925037 fields=418,2,0,25,1,0,0,0,0,0,0,0,0,0,0,0
event=trace_row ordinal=2252 kind=1 ns=288234028925037 fields=418,2,0,1009,997,200,200,0,1,0,0,0,0,0,0,0
event=trace_row ordinal=2253 kind=3 ns=288234028988621 fields=418,419,1,2,288234028925037,0,0,0,0,0,0,0,0,4,1,3
event=trace_row ordinal=2254 kind=4 ns=288234034487714 fields=385,8,39,20,39,20,0,0,0,0,16,0,0,0,0,0
event=trace_row ordinal=2255 kind=4 ns=288234034675256 fields=641,5,3,0,0,0,0,0,0,0,16,0,0,0,0,0
event=trace_row ordinal=2256 kind=5 ns=288234038983472 fields=513,6,15,0,0,0,0,0,0,0,16,0,0,0,0,0
event=trace_row ordinal=2257 kind=0 ns=288234038924847 fields=419,2,0,50,2,0,0,0,0,0,0,0,0,0,0,0
event=trace_row ordinal=2258 kind=1 ns=288234038924847 fields=419,2,0,1009,997,200,200,0,1,0,0,0,0,0,0,0
event=trace_row ordinal=2259 kind=1 ns=288234038924847 fields=419,2,1,1008,997,200,200,0,1,0,0,0,0,0,0,0
event=trace_row ordinal=2260 kind=3 ns=288234038993097 fields=419,420,1,2,288234038924847,0,0,0,0,0,0,0,0,4,1,3
event=trace_row ordinal=2261 kind=5 ns=288234048979199 fields=513,6,15,0,0,0,0,0,0,0,16,0,0,0,0,0
event=trace_row ordinal=2262 kind=0 ns=288234048925532 fields=420,2,0,25,1,0,0,0,0,0,0,0,0,0,0,0
event=trace_row ordinal=2263 kind=1 ns=288234048925532 fields=420,2,0,1008,997,200,200,0,1,0,0,0,0,0,0,0
event=trace_row ordinal=2264 kind=3 ns=288234048988240 fields=420,421,1,2,288234048925532,0,0,0,0,0,0,0,0,4,1,3
event=trace_row ordinal=2265 kind=5 ns=288234058977258 fields=513,6,15,0,0,0,0,0,0,0,16,0,0,0,0,0
event=trace_row ordinal=2266 kind=0 ns=288234058924758 fields=421,2,0,25,1,0,0,0,0,0,0,0,0,0,0,0
event=trace_row ordinal=2267 kind=1 ns=288234058924758 fields=421,2,0,1008,997,200,200,0,1,0,0,0,0,0,0,0
event=trace_row ordinal=2268 kind=3 ns=288234058986592 fields=421,422,1,2,288234058924758,0,0,0,0,0,0,0,0,4,1,3
event=trace_row ordinal=2269 kind=5 ns=288234068982318 fields=513,6,15,0,0,0,0,0,0,0,16,0,0,0,0,0
event=trace_row ordinal=2270 kind=0 ns=288234068924568 fields=422,2,0,50,2,0,0,0,0,0,0,0,0,0,0,0
event=trace_row ordinal=2271 kind=1 ns=288234068924568 fields=422,2,0,1008,997,200,200,0,1,0,0,0,0,0,0,0
event=trace_row ordinal=2272 kind=1 ns=288234068924568 fields=422,2,1,1008,997,200,200,0,1,0,0,0,0,0,0,0
event=trace_row ordinal=2273 kind=3 ns=288234068991943 fields=422,423,1,2,288234068924568,0,0,0,0,0,0,0,0,4,1,3
event=trace_row ordinal=2274 kind=5 ns=288234078978045 fields=513,6,15,0,0,0,0,0,0,0,16,0,0,0,0,0
event=trace_row ordinal=2275 kind=0 ns=288234078924961 fields=423,2,0,25,1,0,0,0,0,0,0,0,0,0,0,0
event=trace_row ordinal=2276 kind=1 ns=288234078924961 fields=423,2,0,1008,997,200,200,0,1,0,0,0,0,0,0,0
event=trace_row ordinal=2277 kind=3 ns=288234078987378 fields=423,424,1,2,288234078924961,0,0,0,0,0,0,0,0,4,1,3
event=trace_row ordinal=2278 kind=4 ns=288234084425804 fields=385,8,39,20,39,20,0,0,0,0,16,0,0,0,0,0
event=trace_row ordinal=2279 kind=4 ns=288234084621513 fields=641,5,3,0,0,0,0,0,0,0,16,0,0,0,0,0
event=trace_row ordinal=2280 kind=5 ns=288234088983688 fields=513,6,15,0,0,0,0,0,0,0,16,0,0,0,0,0
event=trace_row ordinal=2281 kind=0 ns=288234088925354 fields=424,2,0,52,2,0,0,0,0,0,0,0,0,0,0,0
event=trace_row ordinal=2282 kind=1 ns=288234088925354 fields=424,2,0,1008,997,200,200,0,1,0,0,0,0,0,0,0
event=trace_row ordinal=2283 kind=1 ns=288234088925354 fields=424,2,1,1008,997,200,200,0,1,0,0,0,0,0,0,0
event=trace_row ordinal=2284 kind=3 ns=288234088993313 fields=424,425,1,2,288234088925354,0,0,0,0,0,0,0,0,4,1,3
event=trace_row ordinal=2285 kind=5 ns=288234098978831 fields=513,6,15,0,0,0,0,0,0,0,16,0,0,0,0,0
event=trace_row ordinal=2286 kind=0 ns=288234098924581 fields=425,2,0,26,1,0,0,0,0,0,0,0,0,0,0,0
event=trace_row ordinal=2287 kind=1 ns=288234098924581 fields=425,2,0,1008,997,200,200,0,1,0,0,0,0,0,0,0
event=trace_row ordinal=2288 kind=3 ns=288234098988164 fields=425,426,1,2,288234098924581,0,0,0,0,0,0,0,0,4,1,3
event=trace_row ordinal=2289 kind=5 ns=288234108983891 fields=513,6,15,0,0,0,0,0,0,0,16,0,0,0,0,0
event=trace_row ordinal=2290 kind=0 ns=288234108925266 fields=426,2,0,52,2,0,0,0,0,0,0,0,0,0,0,0
event=trace_row ordinal=2291 kind=1 ns=288234108925266 fields=426,2,0,1009,997,200,200,0,1,0,0,0,0,0,0,0
event=trace_row ordinal=2292 kind=1 ns=288234108925266 fields=426,2,1,1009,997,200,200,0,1,0,0,0,0,0,0,0
event=trace_row ordinal=2293 kind=3 ns=288234108993516 fields=426,427,1,2,288234108925266,0,0,0,0,0,0,0,0,4,1,3
event=trace_row ordinal=2294 kind=5 ns=288234118978159 fields=513,6,15,0,0,0,0,0,0,0,16,0,0,0,0,0
event=trace_row ordinal=2295 kind=0 ns=288234118925075 fields=427,2,0,26,1,0,0,0,0,0,0,0,0,0,0,0
event=trace_row ordinal=2296 kind=1 ns=288234118925075 fields=427,2,0,1009,997,200,200,0,1,0,0,0,0,0,0,0
event=trace_row ordinal=2297 kind=3 ns=288234118987200 fields=427,428,1,2,288234118925075,0,0,0,0,0,0,0,0,4,1,3
event=trace_row ordinal=2298 kind=5 ns=288234128979427 fields=513,6,15,0,0,0,0,0,0,0,16,0,0,0,0,0
event=trace_row ordinal=2299 kind=0 ns=288234128925177 fields=428,2,0,25,1,0,0,0,0,0,0,0,0,0,0,0
event=trace_row ordinal=2300 kind=1 ns=288234128925177 fields=428,2,0,1008,997,200,200,0,1,0,0,0,0,0,0,0
event=trace_row ordinal=2301 kind=3 ns=288234128989052 fields=428,429,1,2,288234128925177,0,0,0,0,0,0,0,0,4,1,3
event=trace_row ordinal=2302 kind=4 ns=288234134367978 fields=385,8,39,20,39,20,0,0,0,0,16,0,0,0,0,0
event=trace_row ordinal=2303 kind=4 ns=288234134566020 fields=641,5,3,0,0,0,0,0,0,0,16,0,0,0,0,0
event=trace_row ordinal=2304 kind=5 ns=288234138983612 fields=513,6,15,0,0,0,0,0,0,0,16,0,0,0,0,0
event=trace_row ordinal=2305 kind=0 ns=288234138925278 fields=429,2,0,50,2,0,0,0,0,0,0,0,0,0,0,0
event=trace_row ordinal=2306 kind=1 ns=288234138925278 fields=429,2,0,1008,997,200,200,0,1,0,0,0,0,0,0,0
event=trace_row ordinal=2307 kind=1 ns=288234138925278 fields=429,2,1,1008,997,200,200,0,1,0,0,0,0,0,0,0
event=trace_row ordinal=2308 kind=3 ns=288234138992945 fields=429,430,1,2,288234138925278,0,0,0,0,0,0,0,0,4,1,3
event=trace_row ordinal=2309 kind=5 ns=288234148979922 fields=513,6,15,0,0,0,0,0,0,0,16,0,0,0,0,0
event=trace_row ordinal=2310 kind=0 ns=288234148926255 fields=430,2,0,25,1,0,0,0,0,0,0,0,0,0,0,0
event=trace_row ordinal=2311 kind=1 ns=288234148926255 fields=430,2,0,1009,997,200,200,0,1,0,0,0,0,0,0,0
event=trace_row ordinal=2312 kind=3 ns=288234148989255 fields=430,431,1,2,288234148926255,0,0,0,0,0,0,0,0,4,1,3
event=trace_row ordinal=2313 kind=5 ns=288234158999565 fields=513,6,15,0,0,0,0,0,0,0,16,0,0,0,0,0
event=trace_row ordinal=2314 kind=0 ns=288234158930731 fields=431,2,0,50,2,0,0,0,0,0,0,0,0,0,0,0
event=trace_row ordinal=2315 kind=1 ns=288234158930731 fields=431,2,0,1009,997,200,200,0,1,0,0,0,0,0,0,0
event=trace_row ordinal=2316 kind=1 ns=288234158930731 fields=431,2,1,1008,997,200,200,0,1,0,0,0,0,0,0,0
event=trace_row ordinal=2317 kind=3 ns=288234159011231 fields=431,432,1,2,288234158930731,0,0,0,0,0,0,0,0,4,1,3
event=trace_row ordinal=2318 kind=5 ns=288234168992666 fields=513,6,15,0,0,0,0,0,0,0,16,0,0,0,0,0
event=trace_row ordinal=2319 kind=0 ns=288234168931124 fields=432,2,0,25,1,0,0,0,0,0,0,0,0,0,0,0
event=trace_row ordinal=2320 kind=1 ns=288234168931124 fields=432,2,0,1008,997,200,200,0,1,0,0,0,0,0,0,0
event=trace_row ordinal=2321 kind=3 ns=288234169002874 fields=432,433,1,2,288234168931124,0,0,0,0,0,0,0,0,4,1,3
event=trace_row ordinal=2322 kind=5 ns=288234179101851 fields=513,6,15,0,0,0,0,0,0,0,16,0,0,0,0,0
event=trace_row ordinal=2323 kind=0 ns=288234178966518 fields=433,2,0,50,2,0,0,0,0,0,0,0,0,0,0,0
event=trace_row ordinal=2324 kind=1 ns=288234178966518 fields=433,2,0,1008,997,200,200,0,1,0,0,0,0,0,0,0
event=trace_row ordinal=2325 kind=1 ns=288234178966518 fields=433,2,1,1008,997,200,200,0,1,0,0,0,0,0,0,0
event=trace_row ordinal=2326 kind=3 ns=288234179124601 fields=433,434,1,2,288234178966518,0,0,0,0,0,0,0,0,4,1,3
event=trace_row ordinal=2327 kind=4 ns=288234184343402 fields=385,8,39,20,39,20,0,0,0,0,16,0,0,0,0,0
event=trace_row ordinal=2328 kind=4 ns=288234184530069 fields=641,5,3,0,0,0,0,0,0,0,16,0,0,0,0,0
event=trace_row ordinal=2329 kind=5 ns=288234189059077 fields=513,6,15,0,0,0,0,0,0,0,16,0,0,0,0,0
event=trace_row ordinal=2330 kind=0 ns=288234188958161 fields=434,2,0,25,1,0,0,0,0,0,0,0,0,0,0,0
event=trace_row ordinal=2331 kind=1 ns=288234188958161 fields=434,2,0,1008,997,200,200,0,1,0,0,0,0,0,0,0
event=trace_row ordinal=2332 kind=3 ns=288234189076578 fields=434,435,1,2,288234188958161,0,0,0,0,0,0,0,0,4,1,3
event=trace_row ordinal=2333 kind=5 ns=288234199091554 fields=513,6,15,0,0,0,0,0,0,0,16,0,0,0,0,0
event=trace_row ordinal=2334 kind=0 ns=288234198969054 fields=435,2,0,25,1,0,0,0,0,0,0,0,0,0,0,0
event=trace_row ordinal=2335 kind=1 ns=288234198969054 fields=435,2,0,1008,997,200,200,0,1,0,0,0,0,0,0,0
event=trace_row ordinal=2336 kind=3 ns=288234199112262 fields=435,436,1,2,288234198969054,0,0,0,0,0,0,0,0,4,1,3
event=trace_row ordinal=2337 kind=5 ns=288234209088447 fields=513,6,15,0,0,0,0,0,0,0,16,0,0,0,0,0
event=trace_row ordinal=2338 kind=0 ns=288234208963905 fields=436,2,0,50,2,0,0,0,0,0,0,0,0,0,0,0
event=trace_row ordinal=2339 kind=1 ns=288234208963905 fields=436,2,0,1008,997,200,200,0,1,0,0,0,0,0,0,0
event=trace_row ordinal=2340 kind=1 ns=288234208963905 fields=436,2,1,1008,997,200,200,0,1,0,0,0,0,0,0,0
event=trace_row ordinal=2341 kind=3 ns=288234209109447 fields=436,437,1,2,288234208963905,0,0,0,0,0,0,0,0,4,1,3
event=trace_row ordinal=2342 kind=5 ns=288234219060549 fields=513,6,15,0,0,0,0,0,0,0,16,0,0,0,0,0
event=trace_row ordinal=2343 kind=0 ns=288234218959632 fields=437,2,0,25,1,0,0,0,0,0,0,0,0,0,0,0
event=trace_row ordinal=2344 kind=1 ns=288234218959632 fields=437,2,0,1008,997,200,200,0,1,0,0,0,0,0,0,0
event=trace_row ordinal=2345 kind=3 ns=288234219079215 fields=437,438,1,2,288234218959632,0,0,0,0,0,0,0,0,4,1,3
event=trace_row ordinal=2346 kind=4 ns=288234219572133 fields=1793,1,5,0,0,0,0,0,0,0,16,0,0,0,0,0
event=trace_row ordinal=2347 kind=5 ns=288234229091567 fields=513,6,15,0,0,0,0,0,0,0,16,0,0,0,0,0
event=trace_row ordinal=2348 kind=0 ns=288234228965858 fields=438,2,0,50,2,0,0,0,0,0,0,0,0,0,0,0
event=trace_row ordinal=2349 kind=1 ns=288234228965858 fields=438,2,0,1009,996,200,200,0,1,0,0,0,0,0,0,0
event=trace_row ordinal=2350 kind=1 ns=288234228965858 fields=438,2,1,1009,996,200,200,0,1,0,0,0,0,0,0,0
event=trace_row ordinal=2351 kind=3 ns=288234229112275 fields=438,439,1,2,288234228965858,0,0,0,0,0,0,0,0,4,1,3
event=trace_row ordinal=2352 kind=4 ns=288234234277409 fields=385,8,39,20,39,20,0,0,0,0,16,0,0,0,0,0
event=trace_row ordinal=2353 kind=4 ns=288234234399618 fields=641,5,3,0,0,0,0,0,0,0,16,0,0,0,0,0
event=trace_row ordinal=2354 kind=5 ns=288234239185002 fields=513,6,15,0,0,0,0,0,0,0,16,0,0,0,0,0
event=trace_row ordinal=2355 kind=0 ns=288234239008251 fields=439,2,0,25,1,0,0,0,0,0,0,0,0,0,0,0
event=trace_row ordinal=2356 kind=1 ns=288234239008251 fields=439,2,0,1009,996,200,200,0,1,0,0,0,0,0,0,0
event=trace_row ordinal=2357 kind=3 ns=288234239210668 fields=439,440,1,2,288234239008251,0,0,0,0,0,0,0,0,4,1,3
event=trace_row ordinal=2358 kind=5 ns=288234249068436 fields=513,6,15,0,0,0,0,0,0,0,16,0,0,0,0,0
event=trace_row ordinal=2359 kind=0 ns=288234248958769 fields=440,2,0,50,2,0,0,0,0,0,0,0,0,0,0,0
event=trace_row ordinal=2360 kind=1 ns=288234248958769 fields=440,2,0,1009,996,200,200,0,1,0,0,0,0,0,0,0
event=trace_row ordinal=2361 kind=1 ns=288234248958769 fields=440,2,1,1009,996,200,200,0,1,0,0,0,0,0,0,0
event=trace_row ordinal=2362 kind=3 ns=288234249087103 fields=440,441,1,2,288234248958769,0,0,0,0,0,0,0,0,4,1,3
event=trace_row ordinal=2363 kind=5 ns=288234259067954 fields=513,6,15,0,0,0,0,0,0,0,16,0,0,0,0,0
event=trace_row ordinal=2364 kind=0 ns=288234258960913 fields=441,2,0,25,1,0,0,0,0,0,0,0,0,0,0,0
event=trace_row ordinal=2365 kind=1 ns=288234258960913 fields=441,2,0,1009,996,200,200,0,1,0,0,0,0,0,0,0
event=trace_row ordinal=2366 kind=3 ns=288234259088079 fields=441,442,1,2,288234258960913,0,0,0,0,0,0,0,0,4,1,3
event=trace_row ordinal=2367 kind=5 ns=288234269108598 fields=513,6,15,0,0,0,0,0,0,0,16,0,0,0,0,0
event=trace_row ordinal=2368 kind=0 ns=288234268979389 fields=442,2,0,25,1,0,0,0,0,0,0,0,0,0,0,0
event=trace_row ordinal=2369 kind=1 ns=288234268979389 fields=442,2,0,1009,997,200,200,0,1,0,0,0,0,0,0,0
event=trace_row ordinal=2370 kind=3 ns=288234269132514 fields=442,443,1,2,288234268979389,0,0,0,0,0,0,0,0,4,1,3
event=trace_row ordinal=2371 kind=5 ns=288234279076907 fields=513,6,15,0,0,0,0,0,0,0,16,0,0,0,0,0
event=trace_row ordinal=2372 kind=0 ns=288234278963740 fields=443,2,0,50,2,0,0,0,0,0,0,0,0,0,0,0
event=trace_row ordinal=2373 kind=1 ns=288234278963740 fields=443,2,0,1009,997,200,200,0,1,0,0,0,0,0,0,0
event=trace_row ordinal=2374 kind=1 ns=288234278963740 fields=443,2,1,1009,997,200,200,0,1,0,0,0,0,0,0,0
event=trace_row ordinal=2375 kind=3 ns=288234279097616 fields=443,444,1,2,288234278963740,0,0,0,0,0,0,0,0,4,1,3
event=trace_row ordinal=2376 kind=4 ns=288234284247292 fields=385,8,39,20,39,20,0,0,0,0,16,0,0,0,0,0
event=trace_row ordinal=2377 kind=4 ns=288234284412375 fields=641,5,3,0,0,0,0,0,0,0,16,0,0,0,0,0
event=trace_row ordinal=2378 kind=5 ns=288234289083134 fields=513,6,15,0,0,0,0,0,0,0,16,0,0,0,0,0
event=trace_row ordinal=2379 kind=0 ns=288234288969384 fields=444,2,0,25,1,0,0,0,0,0,0,0,0,0,0,0
event=trace_row ordinal=2380 kind=1 ns=288234288969384 fields=444,2,0,1008,997,200,200,0,1,0,0,0,0,0,0,0
event=trace_row ordinal=2381 kind=3 ns=288234289103259 fields=444,445,1,2,288234288969384,0,0,0,0,0,0,0,0,4,1,3
event=trace_row ordinal=2382 kind=5 ns=288234299092569 fields=513,6,15,0,0,0,0,0,0,0,16,0,0,0,0,0
event=trace_row ordinal=2383 kind=0 ns=288234298969777 fields=445,2,0,50,2,0,0,0,0,0,0,0,0,0,0,0
event=trace_row ordinal=2384 kind=1 ns=288234298969777 fields=445,2,0,1008,997,200,200,0,1,0,0,0,0,0,0,0
event=trace_row ordinal=2385 kind=1 ns=288234298969777 fields=445,2,1,1009,997,200,200,0,1,0,0,0,0,0,0,0
event=trace_row ordinal=2386 kind=3 ns=288234299113860 fields=445,446,1,2,288234298969777,0,0,0,0,0,0,0,0,4,1,3
event=trace_row ordinal=2387 kind=5 ns=288234309016253 fields=513,6,15,0,0,0,0,0,0,0,16,0,0,0,0,0
event=trace_row ordinal=2388 kind=0 ns=288234308940420 fields=446,2,0,25,1,0,0,0,0,0,0,0,0,0,0,0
event=trace_row ordinal=2389 kind=1 ns=288234308940420 fields=446,2,0,1009,997,200,200,0,1,0,0,0,0,0,0,0
event=trace_row ordinal=2390 kind=3 ns=288234309031420 fields=446,447,1,2,288234308940420,0,0,0,0,0,0,0,0,4,1,3
event=trace_row ordinal=2391 kind=5 ns=288234318960938 fields=513,6,15,0,0,0,0,0,0,0,16,0,0,0,0,0
event=trace_row ordinal=2392 kind=0 ns=288234318913980 fields=447,2,0,50,2,0,0,0,0,0,0,0,0,0,0,0
event=trace_row ordinal=2393 kind=1 ns=288234318913980 fields=447,2,0,1009,997,200,200,0,1,0,0,0,0,0,0,0
event=trace_row ordinal=2394 kind=1 ns=288234318913980 fields=447,2,1,1008,997,200,200,0,1,0,0,0,0,0,0,0
event=trace_row ordinal=2395 kind=3 ns=288234318968521 fields=447,448,1,2,288234318913980,0,0,0,0,0,0,0,0,4,1,3
event=trace_row ordinal=2396 kind=5 ns=288234328975623 fields=513,6,15,0,0,0,0,0,0,0,16,0,0,0,0,0
event=trace_row ordinal=2397 kind=0 ns=288234328916706 fields=448,2,0,25,1,0,0,0,0,0,0,0,0,0,0,0
event=trace_row ordinal=2398 kind=1 ns=288234328916706 fields=448,2,0,1008,997,200,200,0,1,0,0,0,0,0,0,0
event=trace_row ordinal=2399 kind=3 ns=288234328984081 fields=448,449,1,2,288234328916706,0,0,0,0,0,0,0,0,4,1,3
event=trace_row ordinal=2400 kind=4 ns=288234334177507 fields=385,8,39,20,39,20,0,0,0,0,16,0,0,0,0,0
event=trace_row ordinal=2401 kind=4 ns=288234334415508 fields=641,5,3,0,0,0,0,0,0,0,16,0,0,0,0,0
event=trace_row ordinal=2402 kind=5 ns=288234339058558 fields=513,6,15,0,0,0,0,0,0,0,16,0,0,0,0,0
event=trace_row ordinal=2403 kind=0 ns=288234338958808 fields=449,2,0,25,1,0,0,0,0,0,0,0,0,0,0,0
event=trace_row ordinal=2404 kind=1 ns=288234338958808 fields=449,2,0,1008,997,200,200,0,1,0,0,0,0,0,0,0
event=trace_row ordinal=2405 kind=3 ns=288234339075183 fields=449,450,1,2,288234338958808,0,0,0,0,0,0,0,0,4,1,3
event=trace_row ordinal=2406 kind=5 ns=288234349029492 fields=513,6,15,0,0,0,0,0,0,0,16,0,0,0,0,0
event=trace_row ordinal=2407 kind=0 ns=288234348946076 fields=450,2,0,50,2,0,0,0,0,0,0,0,0,0,0,0
event=trace_row ordinal=2408 kind=1 ns=288234348946076 fields=450,2,0,1009,997,200,200,0,1,0,0,0,0,0,0,0
event=trace_row ordinal=2409 kind=1 ns=288234348946076 fields=450,2,1,1009,997,200,200,0,1,0,0,0,0,0,0,0
event=trace_row ordinal=2410 kind=3 ns=288234349043201 fields=450,451,1,2,288234348946076,0,0,0,0,0,0,0,0,4,1,3
event=trace_row ordinal=2411 kind=5 ns=288234359043302 fields=513,6,15,0,0,0,0,0,0,0,16,0,0,0,0,0
event=trace_row ordinal=2412 kind=0 ns=288234358947927 fields=451,2,0,25,1,0,0,0,0,0,0,0,0,0,0,0
event=trace_row ordinal=2413 kind=1 ns=288234358947927 fields=451,2,0,1009,997,200,200,0,1,0,0,0,0,0,0,0
event=trace_row ordinal=2414 kind=3 ns=288234359059927 fields=451,452,1,2,288234358947927,0,0,0,0,0,0,0,0,4,1,3
event=trace_row ordinal=2415 kind=5 ns=288234369021820 fields=513,6,15,0,0,0,0,0,0,0,16,0,0,0,0,0
event=trace_row ordinal=2416 kind=0 ns=288234368940154 fields=452,2,0,50,2,0,0,0,0,0,0,0,0,0,0,0
event=trace_row ordinal=2417 kind=1 ns=288234368940154 fields=452,2,0,1008,997,200,200,0,1,0,0,0,0,0,0,0
event=trace_row ordinal=2418 kind=1 ns=288234368940154 fields=452,2,1,1008,997,200,200,0,1,0,0,0,0,0,0,0
event=trace_row ordinal=2419 kind=3 ns=288234369036987 fields=452,453,1,2,288234368940154,0,0,0,0,0,0,0,0,4,1,3
event=trace_row ordinal=2420 kind=5 ns=288234379050797 fields=513,6,15,0,0,0,0,0,0,0,16,0,0,0,0,0
event=trace_row ordinal=2421 kind=0 ns=288234378950463 fields=453,2,0,25,1,0,0,0,0,0,0,0,0,0,0,0
event=trace_row ordinal=2422 kind=1 ns=288234378950463 fields=453,2,0,1008,997,200,200,0,1,0,0,0,0,0,0,0
event=trace_row ordinal=2423 kind=3 ns=288234379068297 fields=453,454,1,2,288234378950463,0,0,0,0,0,0,0,0,4,1,3
event=trace_row ordinal=2424 kind=4 ns=288234384121431 fields=385,8,39,20,39,20,0,0,0,0,16,0,0,0,0,0
event=trace_row ordinal=2425 kind=4 ns=288234384303431 fields=641,5,3,0,0,0,0,0,0,0,16,0,0,0,0,0
event=trace_row ordinal=2426 kind=5 ns=288234388991690 fields=513,6,15,0,0,0,0,0,0,0,16,0,0,0,0,0
event=trace_row ordinal=2427 kind=0 ns=288234388928106 fields=454,2,0,50,2,0,0,0,0,0,0,0,0,0,0,0
event=trace_row ordinal=2428 kind=1 ns=288234388928106 fields=454,2,0,1009,996,200,200,0,1,0,0,0,0,0,0,0
event=trace_row ordinal=2429 kind=1 ns=288234388928106 fields=454,2,1,1009,996,200,200,0,1,0,0,0,0,0,0,0
event=trace_row ordinal=2430 kind=3 ns=288234389003065 fields=454,455,1,2,288234388928106,0,0,0,0,0,0,0,0,4,1,3
event=trace_row ordinal=2431 kind=5 ns=288234398982166 fields=513,6,15,0,0,0,0,0,0,0,16,0,0,0,0,0
event=trace_row ordinal=2432 kind=0 ns=288234398926750 fields=455,2,0,25,1,0,0,0,0,0,0,0,0,0,0,0
event=trace_row ordinal=2433 kind=1 ns=288234398926750 fields=455,2,0,1009,996,200,200,0,1,0,0,0,0,0,0,0
event=trace_row ordinal=2434 kind=3 ns=288234398991500 fields=455,456,1,2,288234398926750,0,0,0,0,0,0,0,0,4,1,3
event=trace_row ordinal=2435 kind=5 ns=288234408979059 fields=513,6,15,0,0,0,0,0,0,0,16,0,0,0,0,0
event=trace_row ordinal=2436 kind=0 ns=288234408925101 fields=456,2,0,25,1,0,0,0,0,0,0,0,0,0,0,0
event=trace_row ordinal=2437 kind=1 ns=288234408925101 fields=456,2,0,1008,996,200,200,0,1,0,0,0,0,0,0,0
event=trace_row ordinal=2438 kind=3 ns=288234408988393 fields=456,457,1,2,288234408925101,0,0,0,0,0,0,0,0,4,1,3
event=trace_row ordinal=2439 kind=5 ns=288234418984411 fields=513,6,15,0,0,0,0,0,0,0,16,0,0,0,0,0
event=trace_row ordinal=2440 kind=0 ns=288234418925202 fields=457,2,0,50,2,0,0,0,0,0,0,0,0,0,0,0
event=trace_row ordinal=2441 kind=1 ns=288234418925202 fields=457,2,0,1008,996,200,200,0,1,0,0,0,0,0,0,0
event=trace_row ordinal=2442 kind=1 ns=288234418925202 fields=457,2,1,1008,996,200,200,0,1,0,0,0,0,0,0,0
event=trace_row ordinal=2443 kind=3 ns=288234418994036 fields=457,458,1,2,288234418925202,0,0,0,0,0,0,0,0,4,1,3
event=trace_row ordinal=2444 kind=5 ns=288234428978679 fields=513,6,15,0,0,0,0,0,0,0,16,0,0,0,0,0
event=trace_row ordinal=2445 kind=0 ns=288234428925012 fields=458,2,0,25,1,0,0,0,0,0,0,0,0,0,0,0
event=trace_row ordinal=2446 kind=1 ns=288234428925012 fields=458,2,0,1009,997,200,200,0,1,0,0,0,0,0,0,0
event=trace_row ordinal=2447 kind=3 ns=288234428988887 fields=458,459,1,2,288234428925012,0,0,0,0,0,0,0,0,4,1,3
event=trace_row ordinal=2448 kind=4 ns=288234434055438 fields=385,8,39,20,39,20,0,0,0,0,16,0,0,0,0,0
event=trace_row ordinal=2449 kind=4 ns=288234434186980 fields=641,5,3,0,0,0,0,0,0,0,16,0,0,0,0,0
event=trace_row ordinal=2450 kind=5 ns=288234438983447 fields=513,6,15,0,0,0,0,0,0,0,16,0,0,0,0,0
event=trace_row ordinal=2451 kind=0 ns=288234438924822 fields=459,2,0,50,2,0,0,0,0,0,0,0,0,0,0,0
event=trace_row ordinal=2452 kind=1 ns=288234438924822 fields=459,2,0,1009,997,200,200,0,1,0,0,0,0,0,0,0
event=trace_row ordinal=2453 kind=1 ns=288234438924822 fields=459,2,1,1008,997,200,200,0,1,0,0,0,0,0,0,0
event=trace_row ordinal=2454 kind=3 ns=288234438993072 fields=459,460,1,2,288234438924822,0,0,0,0,0,0,0,0,4,1,3
event=trace_row ordinal=2455 kind=5 ns=288234448978882 fields=513,6,15,0,0,0,0,0,0,0,16,0,0,0,0,0
event=trace_row ordinal=2456 kind=0 ns=288234448925215 fields=460,2,0,25,1,0,0,0,0,0,0,0,0,0,0,0
event=trace_row ordinal=2457 kind=1 ns=288234448925215 fields=460,2,0,1008,997,200,200,0,1,0,0,0,0,0,0,0
event=trace_row ordinal=2458 kind=3 ns=288234448988215 fields=460,461,1,2,288234448925215,0,0,0,0,0,0,0,0,4,1,3
event=trace_row ordinal=2459 kind=5 ns=288234458983650 fields=513,6,15,0,0,0,0,0,0,0,16,0,0,0,0,0
event=trace_row ordinal=2460 kind=0 ns=288234458924442 fields=461,2,0,50,2,0,0,0,0,0,0,0,0,0,0,0
event=trace_row ordinal=2461 kind=1 ns=288234458924442 fields=461,2,0,1008,997,200,200,0,1,0,0,0,0,0,0,0
event=trace_row ordinal=2462 kind=1 ns=288234458924442 fields=461,2,1,1008,996,200,200,0,1,0,0,0,0,0,0,0
event=trace_row ordinal=2463 kind=3 ns=288234458993275 fields=461,462,1,2,288234458924442,0,0,0,0,0,0,0,0,4,1,3
event=trace_row ordinal=2464 kind=5 ns=288234468977335 fields=513,6,15,0,0,0,0,0,0,0,16,0,0,0,0,0
event=trace_row ordinal=2465 kind=0 ns=288234468924251 fields=462,2,0,25,1,0,0,0,0,0,0,0,0,0,0,0
event=trace_row ordinal=2466 kind=1 ns=288234468924251 fields=462,2,0,1008,996,200,200,0,1,0,0,0,0,0,0,0
event=trace_row ordinal=2467 kind=3 ns=288234468986668 fields=462,463,1,2,288234468924251,0,0,0,0,0,0,0,0,4,1,3
event=trace_row ordinal=2468 kind=4 ns=288234469044127 fields=1793,1,5,0,0,0,0,0,0,0,16,0,0,0,0,0
event=trace_row ordinal=2469 kind=5 ns=288234478978895 fields=513,6,15,0,0,0,0,0,0,0,16,0,0,0,0,0
event=trace_row ordinal=2470 kind=0 ns=288234478925228 fields=463,2,0,25,1,0,0,0,0,0,0,0,0,0,0,0
event=trace_row ordinal=2471 kind=1 ns=288234478925228 fields=463,2,0,1008,996,200,200,0,1,0,0,0,0,0,0,0
event=trace_row ordinal=2472 kind=3 ns=288234478987936 fields=463,464,1,2,288234478925228,0,0,0,0,0,0,0,0,4,1,3
event=trace_row ordinal=2473 kind=4 ns=288234483994112 fields=385,8,39,20,39,20,0,0,0,0,16,0,0,0,0,0
event=trace_row ordinal=2474 kind=4 ns=288234484194487 fields=641,5,3,0,0,0,0,0,0,0,16,0,0,0,0,0
event=trace_row ordinal=2475 kind=5 ns=288234488984538 fields=513,6,15,0,0,0,0,0,0,0,16,0,0,0,0,0
event=trace_row ordinal=2476 kind=0 ns=288234488924746 fields=464,2,0,50,2,0,0,0,0,0,0,0,0,0,0,0
event=trace_row ordinal=2477 kind=1 ns=288234488924746 fields=464,2,0,1008,996,200,200,0,1,0,0,0,0,0,0,0
event=trace_row ordinal=2478 kind=1 ns=288234488924746 fields=464,2,1,1008,996,200,200,0,1,0,0,0,0,0,0,0
event=trace_row ordinal=2479 kind=3 ns=288234488993871 fields=464,465,1,2,288234488924746,0,0,0,0,0,0,0,0,4,1,3
event=trace_row ordinal=2480 kind=5 ns=288234498977056 fields=513,6,15,0,0,0,0,0,0,0,16,0,0,0,0,0
event=trace_row ordinal=2481 kind=0 ns=288234498924264 fields=465,2,0,25,1,0,0,0,0,0,0,0,0,0,0,0
event=trace_row ordinal=2482 kind=1 ns=288234498924264 fields=465,2,0,1008,996,200,200,0,1,0,0,0,0,0,0,0
event=trace_row ordinal=2483 kind=3 ns=288234498986389 fields=465,466,1,2,288234498924264,0,0,0,0,0,0,0,0,4,1,3
event=trace_row ordinal=2484 kind=5 ns=288234508982407 fields=513,6,15,0,0,0,0,0,0,0,16,0,0,0,0,0
event=trace_row ordinal=2485 kind=0 ns=288234508924657 fields=466,2,0,50,2,0,0,0,0,0,0,0,0,0,0,0
event=trace_row ordinal=2486 kind=1 ns=288234508924657 fields=466,2,0,1009,997,200,200,0,1,0,0,0,0,0,0,0
event=trace_row ordinal=2487 kind=1 ns=288234508924657 fields=466,2,1,1009,997,200,200,0,1,0,0,0,0,0,0,0
event=trace_row ordinal=2488 kind=3 ns=288234508992032 fields=466,467,1,2,288234508924657,0,0,0,0,0,0,0,0,4,1,3
event=trace_row ordinal=2489 kind=5 ns=288234518978425 fields=513,6,15,0,0,0,0,0,0,0,16,0,0,0,0,0
event=trace_row ordinal=2490 kind=0 ns=288234518925050 fields=467,2,0,25,1,0,0,0,0,0,0,0,0,0,0,0
event=trace_row ordinal=2491 kind=1 ns=288234518925050 fields=467,2,0,1009,997,200,200,0,1,0,0,0,0,0,0,0
event=trace_row ordinal=2492 kind=3 ns=288234518987759 fields=467,468,1,2,288234518925050,0,0,0,0,0,0,0,0,4,1,3
event=trace_row ordinal=2493 kind=5 ns=288234528983485 fields=513,6,15,0,0,0,0,0,0,0,16,0,0,0,0,0
event=trace_row ordinal=2494 kind=0 ns=288234528924860 fields=468,2,0,52,2,0,0,0,0,0,0,0,0,0,0,0
event=trace_row ordinal=2495 kind=1 ns=288234528924860 fields=468,2,0,1008,997,200,200,0,1,0,0,0,0,0,0,0
event=trace_row ordinal=2496 kind=1 ns=288234528924860 fields=468,2,1,1008,997,200,200,0,1,0,0,0,0,0,0,0
event=trace_row ordinal=2497 kind=3 ns=288234528992819 fields=468,469,1,2,288234528924860,0,0,0,0,0,0,0,0,4,1,3
event=trace_row ordinal=2498 kind=4 ns=288234534059078 fields=385,8,39,20,39,20,0,0,0,0,16,0,0,0,0,0
event=trace_row ordinal=2499 kind=4 ns=288234534151828 fields=641,5,3,0,0,0,0,0,0,0,16,0,0,0,0,0
event=trace_row ordinal=2500 kind=5 ns=288234539089754 fields=513,6,15,0,0,0,0,0,0,0,16,0,0,0,0,0
event=trace_row ordinal=2501 kind=0 ns=288234538969878 fields=469,2,0,26,1,0,0,0,0,0,0,0,0,0,0,0
event=trace_row ordinal=2502 kind=1 ns=288234538969878 fields=469,2,0,1008,997,200,200,0,1,0,0,0,0,0,0,0
event=trace_row ordinal=2503 kind=3 ns=288234539110462 fields=469,470,1,2,288234538969878,0,0,0,0,0,0,0,0,4,1,3
event=trace_row ordinal=2504 kind=5 ns=288234548988647 fields=513,6,15,0,0,0,0,0,0,0,16,0,0,0,0,0
event=trace_row ordinal=2505 kind=0 ns=288234548928855 fields=470,2,0,25,1,0,0,0,0,0,0,0,0,0,0,0
event=trace_row ordinal=2506 kind=1 ns=288234548928855 fields=470,2,0,1009,996,200,200,0,1,0,0,0,0,0,0,0
event=trace_row ordinal=2507 kind=3 ns=288234548998272 fields=470,471,1,2,288234548928855,0,0,0,0,0,0,0,0,4,1,3
event=trace_row ordinal=2508 kind=5 ns=288234558985831 fields=513,6,15,0,0,0,0,0,0,0,16,0,0,0,0,0
event=trace_row ordinal=2509 kind=0 ns=288234558925748 fields=471,2,0,50,2,0,0,0,0,0,0,0,0,0,0,0
event=trace_row ordinal=2510 kind=1 ns=288234558925748 fields=471,2,0,1009,996,200,200,0,1,0,0,0,0,0,0,0
event=trace_row ordinal=2511 kind=1 ns=288234558925748 fields=471,2,1,1009,996,200,200,0,1,0,0,0,0,0,0,0
event=trace_row ordinal=2512 kind=3 ns=288234558995165 fields=471,472,1,2,288234558925748,0,0,0,0,0,0,0,0,4,1,3
event=trace_row ordinal=2513 kind=5 ns=288234568980099 fields=513,6,15,0,0,0,0,0,0,0,16,0,0,0,0,0
event=trace_row ordinal=2514 kind=0 ns=288234568926141 fields=472,2,0,25,1,0,0,0,0,0,0,0,0,0,0,0
event=trace_row ordinal=2515 kind=1 ns=288234568926141 fields=472,2,0,1008,996,200,200,0,1,0,0,0,0,0,0,0
event=trace_row ordinal=2516 kind=3 ns=288234568989141 fields=472,473,1,2,288234568926141,0,0,0,0,0,0,0,0,4,1,3
event=trace_row ordinal=2517 kind=5 ns=288234578983993 fields=513,6,15,0,0,0,0,0,0,0,16,0,0,0,0,0
event=trace_row ordinal=2518 kind=0 ns=288234578925076 fields=473,2,0,50,2,0,0,0,0,0,0,0,0,0,0,0
event=trace_row ordinal=2519 kind=1 ns=288234578925076 fields=473,2,0,1008,996,200,200,0,1,0,0,0,0,0,0,0
event=trace_row ordinal=2520 kind=1 ns=288234578925076 fields=473,2,1,1009,996,200,200,0,1,0,0,0,0,0,0,0
event=trace_row ordinal=2521 kind=3 ns=288234578993326 fields=473,474,1,2,288234578925076,0,0,0,0,0,0,0,0,4,1,3
event=trace_row ordinal=2522 kind=4 ns=288234583894793 fields=385,8,39,20,39,20,0,0,0,0,16,0,0,0,0,0
event=trace_row ordinal=2523 kind=4 ns=288234584089335 fields=641,5,3,0,0,0,0,0,0,0,16,0,0,0,0,0
event=trace_row ordinal=2524 kind=5 ns=288234588977386 fields=513,6,15,0,0,0,0,0,0,0,16,0,0,0,0,0
event=trace_row ordinal=2525 kind=0 ns=288234588924594 fields=474,2,0,25,1,0,0,0,0,0,0,0,0,0,0,0
event=trace_row ordinal=2526 kind=1 ns=288234588924594 fields=474,2,0,1009,996,200,200,0,1,0,0,0,0,0,0,0
event=trace_row ordinal=2527 kind=3 ns=288234588986427 fields=474,475,1,2,288234588924594,0,0,0,0,0,0,0,0,4,1,3
event=trace_row ordinal=2528 kind=5 ns=288234598982446 fields=513,6,15,0,0,0,0,0,0,0,16,0,0,0,0,0
event=trace_row ordinal=2529 kind=0 ns=288234598924695 fields=475,2,0,50,2,0,0,0,0,0,0,0,0,0,0,0
event=trace_row ordinal=2530 kind=1 ns=288234598924695 fields=475,2,0,1009,996,200,200,0,1,0,0,0,0,0,0,0
event=trace_row ordinal=2531 kind=1 ns=288234598924695 fields=475,2,1,1008,996,200,200,0,1,0,0,0,0,0,0,0
event=trace_row ordinal=2532 kind=3 ns=288234598992071 fields=475,476,1,2,288234598924695,0,0,0,0,0,0,0,0,4,1,3
event=trace_row ordinal=2533 kind=5 ns=288234608978755 fields=513,6,15,0,0,0,0,0,0,0,16,0,0,0,0,0
event=trace_row ordinal=2534 kind=0 ns=288234608924797 fields=476,2,0,25,1,0,0,0,0,0,0,0,0,0,0,0
event=trace_row ordinal=2535 kind=1 ns=288234608924797 fields=476,2,0,1008,996,200,200,0,1,0,0,0,0,0,0,0
event=trace_row ordinal=2536 kind=3 ns=288234608987797 fields=476,477,1,2,288234608924797,0,0,0,0,0,0,0,0,4,1,3
event=trace_row ordinal=2537 kind=5 ns=288234618977690 fields=513,6,15,0,0,0,0,0,0,0,16,0,0,0,0,0
event=trace_row ordinal=2538 kind=0 ns=288234618924607 fields=477,2,0,25,1,0,0,0,0,0,0,0,0,0,0,0
event=trace_row ordinal=2539 kind=1 ns=288234618924607 fields=477,2,0,1008,996,200,200,0,1,0,0,0,0,0,0,0
event=trace_row ordinal=2540 kind=3 ns=288234618987023 fields=477,478,1,2,288234618924607,0,0,0,0,0,0,0,0,4,1,3
event=trace_row ordinal=2541 kind=5 ns=288234628982750 fields=513,6,15,0,0,0,0,0,0,0,16,0,0,0,0,0
event=trace_row ordinal=2542 kind=0 ns=288234628924708 fields=478,2,0,50,2,0,0,0,0,0,0,0,0,0,0,0
event=trace_row ordinal=2543 kind=1 ns=288234628924708 fields=478,2,0,1009,996,200,200,0,1,0,0,0,0,0,0,0
event=trace_row ordinal=2544 kind=1 ns=288234628924708 fields=478,2,1,1009,996,200,200,0,1,0,0,0,0,0,0,0
event=trace_row ordinal=2545 kind=3 ns=288234628992375 fields=478,479,1,2,288234628924708,0,0,0,0,0,0,0,0,4,1,3
event=trace_row ordinal=2546 kind=4 ns=288234633835217 fields=385,8,39,20,39,20,0,0,0,0,16,0,0,0,0,0
event=trace_row ordinal=2547 kind=4 ns=288234633973759 fields=641,5,3,0,0,0,0,0,0,0,16,0,0,0,0,0
event=trace_row ordinal=2548 kind=5 ns=288234638977893 fields=513,6,15,0,0,0,0,0,0,0,16,0,0,0,0,0
event=trace_row ordinal=2549 kind=0 ns=288234638924518 fields=479,2,0,25,1,0,0,0,0,0,0,0,0,0,0,0
event=trace_row ordinal=2550 kind=1 ns=288234638924518 fields=479,2,0,1009,996,200,200,0,1,0,0,0,0,0,0,0
event=trace_row ordinal=2551 kind=3 ns=288234638987226 fields=479,480,1,2,288234638924518,0,0,0,0,0,0,0,0,4,1,3
event=trace_row ordinal=2552 kind=5 ns=288234648983536 fields=513,6,15,0,0,0,0,0,0,0,16,0,0,0,0,0
event=trace_row ordinal=2553 kind=0 ns=288234648925203 fields=480,2,0,50,2,0,0,0,0,0,0,0,0,0,0,0
event=trace_row ordinal=2554 kind=1 ns=288234648925203 fields=480,2,0,1008,996,200,200,0,1,0,0,0,0,0,0,0
event=trace_row ordinal=2555 kind=1 ns=288234648925203 fields=480,2,1,1008,996,200,200,0,1,0,0,0,0,0,0,0
event=trace_row ordinal=2556 kind=3 ns=288234648993161 fields=480,481,1,2,288234648925203,0,0,0,0,0,0,0,0,4,1,3
event=trace_row ordinal=2557 kind=5 ns=288234658977221 fields=513,6,15,0,0,0,0,0,0,0,16,0,0,0,0,0
event=trace_row ordinal=2558 kind=0 ns=288234658924429 fields=481,2,0,25,1,0,0,0,0,0,0,0,0,0,0,0
event=trace_row ordinal=2559 kind=1 ns=288234658924429 fields=481,2,0,1008,996,200,200,0,1,0,0,0,0,0,0,0
event=trace_row ordinal=2560 kind=3 ns=288234658987429 fields=481,482,1,2,288234658924429,0,0,0,0,0,0,0,0,4,1,3
event=trace_row ordinal=2561 kind=5 ns=288234668983447 fields=513,6,15,0,0,0,0,0,0,0,16,0,0,0,0,0
event=trace_row ordinal=2562 kind=0 ns=288234668925697 fields=482,2,0,50,2,0,0,0,0,0,0,0,0,0,0,0
event=trace_row ordinal=2563 kind=1 ns=288234668925697 fields=482,2,0,1009,996,200,200,0,1,0,0,0,0,0,0,0
event=trace_row ordinal=2564 kind=1 ns=288234668925697 fields=482,2,1,1009,996,200,200,0,1,0,0,0,0,0,0,0
event=trace_row ordinal=2565 kind=3 ns=288234668993072 fields=482,483,1,2,288234668925697,0,0,0,0,0,0,0,0,4,1,3
event=trace_row ordinal=2566 kind=5 ns=288234678978591 fields=513,6,15,0,0,0,0,0,0,0,16,0,0,0,0,0
event=trace_row ordinal=2567 kind=0 ns=288234678924924 fields=483,2,0,25,1,0,0,0,0,0,0,0,0,0,0,0
event=trace_row ordinal=2568 kind=1 ns=288234678924924 fields=483,2,0,1009,996,200,200,0,1,0,0,0,0,0,0,0
event=trace_row ordinal=2569 kind=3 ns=288234678987924 fields=483,484,1,2,288234678924924,0,0,0,0,0,0,0,0,4,1,3
event=trace_row ordinal=2570 kind=4 ns=288234683780891 fields=385,8,39,20,39,20,0,0,0,0,16,0,0,0,0,0
event=trace_row ordinal=2571 kind=4 ns=288234683983891 fields=641,5,3,0,0,0,0,0,0,0,16,0,0,0,0,0
event=trace_row ordinal=2572 kind=5 ns=288234688978692 fields=513,6,15,0,0,0,0,0,0,0,16,0,0,0,0,0
event=trace_row ordinal=2573 kind=0 ns=288234688925025 fields=484,2,0,25,1,0,0,0,0,0,0,0,0,0,0,0
event=trace_row ordinal=2574 kind=1 ns=288234688925025 fields=484,2,0,1008,996,200,200,0,1,0,0,0,0,0,0,0
event=trace_row ordinal=2575 kind=3 ns=288234688988025 fields=484,485,1,2,288234688925025,0,0,0,0,0,0,0,0,4,1,3
event=trace_row ordinal=2576 kind=5 ns=288234699005627 fields=513,6,15,0,0,0,0,0,0,0,16,0,0,0,0,0
event=trace_row ordinal=2577 kind=0 ns=288234698932710 fields=485,2,0,50,2,0,0,0,0,0,0,0,0,0,0,0
event=trace_row ordinal=2578 kind=1 ns=288234698932710 fields=485,2,0,1008,996,200,200,0,1,0,0,0,0,0,0,0
event=trace_row ordinal=2579 kind=1 ns=288234698932710 fields=485,2,1,1008,996,200,200,0,1,0,0,0,0,0,0,0
event=trace_row ordinal=2580 kind=3 ns=288234699018460 fields=485,486,1,2,288234698932710,0,0,0,0,0,0,0,0,4,1,3
event=trace_row ordinal=2581 kind=5 ns=288234708996978 fields=513,6,15,0,0,0,0,0,0,0,16,0,0,0,0,0
event=trace_row ordinal=2582 kind=0 ns=288234708932811 fields=486,2,0,25,1,0,0,0,0,0,0,0,0,0,0,0
event=trace_row ordinal=2583 kind=1 ns=288234708932811 fields=486,2,0,1009,996,200,200,0,1,0,0,0,0,0,0,0
event=trace_row ordinal=2584 kind=3 ns=288234709008353 fields=486,487,1,2,288234708932811,0,0,0,0,0,0,0,0,4,1,3
event=trace_row ordinal=2585 kind=5 ns=288234718780371 fields=513,6,15,0,0,0,0,0,0,0,16,0,0,0,0,0
event=trace_row ordinal=2586 kind=0 ns=288234718662829 fields=487,2,0,50,2,0,0,0,0,0,0,0,0,0,0,0
event=trace_row ordinal=2587 kind=1 ns=288234718662829 fields=487,2,0,1009,996,200,200,0,1,0,0,0,0,0,0,0
event=trace_row ordinal=2588 kind=1 ns=288234718662829 fields=487,2,1,1008,996,200,200,0,1,0,0,0,0,0,0,0
event=trace_row ordinal=2589 kind=3 ns=288234718802246 fields=487,488,1,2,288234718662829,0,0,0,0,0,0,0,0,4,1,3
event=trace_row ordinal=2590 kind=4 ns=288234718846871 fields=1793,1,5,0,0,0,0,0,0,0,16,0,0,0,0,0
event=trace_row ordinal=2591 kind=5 ns=288234729048515 fields=513,6,15,0,0,0,0,0,0,0,16,0,0,0,0,0
event=trace_row ordinal=2592 kind=0 ns=288234728951681 fields=488,2,0,25,1,0,0,0,0,0,0,0,0,0,0,0
event=trace_row ordinal=2593 kind=1 ns=288234728951681 fields=488,2,0,1008,996,200,200,0,1,0,0,0,0,0,0,0
event=trace_row ordinal=2594 kind=3 ns=288234729066015 fields=488,489,1,2,288234728951681,0,0,0,0,0,0,0,0,4,1,3
event=trace_row ordinal=2595 kind=4 ns=288234733745231 fields=385,8,39,20,39,20,0,0,0,0,16,0,0,0,0,0
event=trace_row ordinal=2596 kind=4 ns=288234733920523 fields=641,5,3,0,0,0,0,0,0,0,16,0,0,0,0,0
event=trace_row ordinal=2597 kind=5 ns=288234739092949 fields=513,6,15,0,0,0,0,0,0,0,16,0,0,0,0,0
event=trace_row ordinal=2598 kind=0 ns=288234738967824 fields=489,2,0,50,2,0,0,0,0,0,0,0,0,0,0,0
event=trace_row ordinal=2599 kind=1 ns=288234738967824 fields=489,2,0,1008,996,200,200,0,1,0,0,0,0,0,0,0
event=trace_row ordinal=2600 kind=1 ns=288234738967824 fields=489,2,1,1009,996,200,200,0,1,0,0,0,0,0,0,0
event=trace_row ordinal=2601 kind=3 ns=288234739114825 fields=489,490,1,2,288234738967824,0,0,0,0,0,0,0,0,4,1,3
event=trace_row ordinal=2602 kind=5 ns=288234749074968 fields=513,6,15,0,0,0,0,0,0,0,16,0,0,0,0,0
event=trace_row ordinal=2603 kind=0 ns=288234748962676 fields=490,2,0,25,1,0,0,0,0,0,0,0,0,0,0,0
event=trace_row ordinal=2604 kind=1 ns=288234748962676 fields=490,2,0,1009,996,200,200,0,1,0,0,0,0,0,0,0
event=trace_row ordinal=2605 kind=3 ns=288234749097134 fields=490,491,1,2,288234748962676,0,0,0,0,0,0,0,0,4,1,3
event=trace_row ordinal=2606 kind=5 ns=288234759096944 fields=513,6,15,0,0,0,0,0,0,0,16,0,0,0,0,0
event=trace_row ordinal=2607 kind=0 ns=288234758974152 fields=491,2,0,25,1,0,0,0,0,0,0,0,0,0,0,0
event=trace_row ordinal=2608 kind=1 ns=288234758974152 fields=491,2,0,1009,996,200,200,0,1,0,0,0,0,0,0,0
event=trace_row ordinal=2609 kind=3 ns=288234759119986 fields=491,492,1,2,288234758974152,0,0,0,0,0,0,0,0,4,1,3
event=trace_row ordinal=2610 kind=5 ns=288234769050379 fields=513,6,15,0,0,0,0,0,0,0,16,0,0,0,0,0
event=trace_row ordinal=2611 kind=0 ns=288234768952962 fields=492,2,0,50,2,0,0,0,0,0,0,0,0,0,0,0
event=trace_row ordinal=2612 kind=1 ns=288234768952962 fields=492,2,0,1008,996,200,200,0,1,0,0,0,0,0,0,0
event=trace_row ordinal=2613 kind=1 ns=288234768952962 fields=492,2,1,1008,996,200,200,0,1,0,0,0,0,0,0,0
event=trace_row ordinal=2614 kind=3 ns=288234769066129 fields=492,493,1,2,288234768952962,0,0,0,0,0,0,0,0,4,1,3
event=trace_row ordinal=2615 kind=5 ns=288234779153147 fields=513,6,15,0,0,0,0,0,0,0,16,0,0,0,0,0
event=trace_row ordinal=2616 kind=0 ns=288234778994188 fields=493,2,0,25,1,0,0,0,0,0,0,0,0,0,0,0
event=trace_row ordinal=2617 kind=1 ns=288234778994188 fields=493,2,0,1008,996,200,200,0,1,0,0,0,0,0,0,0
event=trace_row ordinal=2618 kind=3 ns=288234779180272 fields=493,494,1,2,288234778994188,0,0,0,0,0,0,0,0,4,1,3
event=trace_row ordinal=2619 kind=4 ns=288234783696739 fields=385,8,39,20,39,20,0,0,0,0,16,0,0,0,0,0
event=trace_row ordinal=2620 kind=4 ns=288234783876697 fields=641,5,3,0,0,0,0,0,0,0,16,0,0,0,0,0
event=trace_row ordinal=2621 kind=5 ns=288234789058457 fields=513,6,15,0,0,0,0,0,0,0,16,0,0,0,0,0
event=trace_row ordinal=2622 kind=0 ns=288234788958707 fields=494,2,0,50,2,0,0,0,0,0,0,0,0,0,0,0
event=trace_row ordinal=2623 kind=1 ns=288234788958707 fields=494,2,0,1009,996,200,200,0,1,0,0,0,0,0,0,0
event=trace_row ordinal=2624 kind=1 ns=288234788958707 fields=494,2,1,1009,996,200,200,0,1,0,0,0,0,0,0,0
event=trace_row ordinal=2625 kind=3 ns=288234789074498 fields=494,495,1,2,288234788958707,0,0,0,0,0,0,0,0,4,1,3
event=trace_row ordinal=2626 kind=5 ns=288234799154808 fields=513,6,15,0,0,0,0,0,0,0,16,0,0,0,0,0
event=trace_row ordinal=2627 kind=0 ns=288234798996141 fields=495,2,0,25,1,0,0,0,0,0,0,0,0,0,0,0
event=trace_row ordinal=2628 kind=1 ns=288234798996141 fields=495,2,0,1009,996,200,200,0,1,0,0,0,0,0,0,0
event=trace_row ordinal=2629 kind=3 ns=288234799181350 fields=495,496,1,2,288234798996141,0,0,0,0,0,0,0,0,4,1,3
event=trace_row ordinal=2630 kind=5 ns=288234809111160 fields=513,6,15,0,0,0,0,0,0,0,16,0,0,0,0,0
event=trace_row ordinal=2631 kind=0 ns=288234808976993 fields=496,2,0,50,2,0,0,0,0,0,0,0,0,0,0,0
event=trace_row ordinal=2632 kind=1 ns=288234808976993 fields=496,2,0,1008,996,200,200,0,1,0,0,0,0,0,0,0
event=trace_row ordinal=2633 kind=1 ns=288234808976993 fields=496,2,1,1008,996,200,200,0,1,0,0,0,0,0,0,0
event=trace_row ordinal=2634 kind=3 ns=288234809133618 fields=496,497,1,2,288234808976993,0,0,0,0,0,0,0,0,4,1,3
event=trace_row ordinal=2635 kind=5 ns=288234819034844 fields=513,6,15,0,0,0,0,0,0,0,16,0,0,0,0,0
event=trace_row ordinal=2636 kind=0 ns=288234818946761 fields=497,2,0,25,1,0,0,0,0,0,0,0,0,0,0,0
event=trace_row ordinal=2637 kind=1 ns=288234818946761 fields=497,2,0,1008,996,200,200,0,1,0,0,0,0,0,0,0
event=trace_row ordinal=2638 kind=3 ns=288234819049719 fields=497,498,1,2,288234818946761,0,0,0,0,0,0,0,0,4,1,3
event=trace_row ordinal=2639 kind=5 ns=288234829115738 fields=513,6,15,0,0,0,0,0,0,0,16,0,0,0,0,0
event=trace_row ordinal=2640 kind=0 ns=288234828977487 fields=498,2,0,25,1,0,0,0,0,0,0,0,0,0,0,0
event=trace_row ordinal=2641 kind=1 ns=288234828977487 fields=498,2,0,1009,996,200,200,0,1,0,0,0,0,0,0,0
event=trace_row ordinal=2642 kind=3 ns=288234829139363 fields=498,499,1,2,288234828977487,0,0,0,0,0,0,0,0,4,1,3
event=trace_row ordinal=2643 kind=4 ns=288234833644163 fields=385,8,39,20,39,20,0,0,0,0,16,0,0,0,0,0
event=trace_row ordinal=2644 kind=4 ns=288234833761121 fields=641,5,3,0,0,0,0,0,0,0,16,0,0,0,0,0
event=trace_row ordinal=2645 kind=5 ns=288234839040589 fields=513,6,15,0,0,0,0,0,0,0,16,0,0,0,0,0
event=trace_row ordinal=2646 kind=0 ns=288234838949589 fields=499,2,0,50,2,0,0,0,0,0,0,0,0,0,0,0
event=trace_row ordinal=2647 kind=1 ns=288234838949589 fields=499,2,0,1009,996,200,200,0,1,0,0,0,0,0,0,0
event=trace_row ordinal=2648 kind=1 ns=288234838949589 fields=499,2,1,1009,996,200,200,0,1,0,0,0,0,0,0,0
event=trace_row ordinal=2649 kind=3 ns=288234839054297 fields=499,500,1,2,288234838949589,0,0,0,0,0,0,0,0,4,1,3
event=trace_row ordinal=2650 kind=5 ns=288234849042732 fields=513,6,15,0,0,0,0,0,0,0,16,0,0,0,0,0
event=trace_row ordinal=2651 kind=0 ns=288234848950857 fields=500,2,0,25,1,0,0,0,0,0,0,0,0,0,0,0
event=trace_row ordinal=2652 kind=1 ns=288234848950857 fields=500,2,0,1008,996,200,200,0,1,0,0,0,0,0,0,0
event=trace_row ordinal=2653 kind=3 ns=288234849057024 fields=500,501,1,2,288234848950857,0,0,0,0,0,0,0,0,4,1,3
event=trace_row ordinal=2654 kind=5 ns=288234859053917 fields=513,6,15,0,0,0,0,0,0,0,16,0,0,0,0,0
event=trace_row ordinal=2655 kind=0 ns=288234858955333 fields=501,2,0,50,2,0,0,0,0,0,0,0,0,0,0,0
event=trace_row ordinal=2656 kind=1 ns=288234858955333 fields=501,2,0,1008,996,200,200,0,1,0,0,0,0,0,0,0
event=trace_row ordinal=2657 kind=1 ns=288234858955333 fields=501,2,1,1009,996,200,200,0,1,0,0,0,0,0,0,0
event=trace_row ordinal=2658 kind=3 ns=288234859071709 fields=501,502,1,2,288234858955333,0,0,0,0,0,0,0,0,4,1,3
event=trace_row ordinal=2659 kind=5 ns=288234869070352 fields=513,6,15,0,0,0,0,0,0,0,16,0,0,0,0,0
event=trace_row ordinal=2660 kind=0 ns=288234868958935 fields=502,2,0,25,1,0,0,0,0,0,0,0,0,0,0,0
event=trace_row ordinal=2661 kind=1 ns=288234868958935 fields=502,2,0,1009,996,200,200,0,1,0,0,0,0,0,0,0
event=trace_row ordinal=2662 kind=3 ns=288234869088727 fields=502,503,1,2,288234868958935,0,0,0,0,0,0,0,0,4,1,3
event=trace_row ordinal=2663 kind=5 ns=288234879052661 fields=513,6,15,0,0,0,0,0,0,0,16,0,0,0,0,0
event=trace_row ordinal=2664 kind=0 ns=288234878951745 fields=503,2,0,50,2,0,0,0,0,0,0,0,0,0,0,0
event=trace_row ordinal=2665 kind=1 ns=288234878951745 fields=503,2,0,1009,996,200,200,0,1,0,0,0,0,0,0,0
event=trace_row ordinal=2666 kind=1 ns=288234878951745 fields=503,2,1,1008,996,200,200,0,1,0,0,0,0,0,0,0
event=trace_row ordinal=2667 kind=3 ns=288234879070453 fields=503,504,1,2,288234878951745,0,0,0,0,0,0,0,0,4,1,3
event=trace_row ordinal=2668 kind=4 ns=288234883587211 fields=385,8,39,20,39,20,0,0,0,0,16,0,0,0,0,0
event=trace_row ordinal=2669 kind=4 ns=288234883768920 fields=641,5,3,0,0,0,0,0,0,0,16,0,0,0,0,0
event=trace_row ordinal=2670 kind=5 ns=288234889037596 fields=513,6,15,0,0,0,0,0,0,0,16,0,0,0,0,0
event=trace_row ordinal=2671 kind=0 ns=288234888949513 fields=504,2,0,25,1,0,0,0,0,0,0,0,0,0,0,0
event=trace_row ordinal=2672 kind=1 ns=288234888949513 fields=504,2,0,1008,996,200,200,0,1,0,0,0,0,0,0,0
event=trace_row ordinal=2673 kind=3 ns=288234889053055 fields=504,505,1,2,288234888949513,0,0,0,0,0,0,0,0,4,1,3
event=trace_row ordinal=2674 kind=5 ns=288234898962156 fields=513,6,15,0,0,0,0,0,0,0,16,0,0,0,0,0
event=trace_row ordinal=2675 kind=0 ns=288234898911989 fields=505,2,0,25,1,0,0,0,0,0,0,0,0,0,0,0
event=trace_row ordinal=2676 kind=1 ns=288234898911989 fields=505,2,0,1008,996,200,200,0,1,0,0,0,0,0,0,0
event=trace_row ordinal=2677 kind=3 ns=288234898970906 fields=505,506,1,2,288234898911989,0,0,0,0,0,0,0,0,4,1,3
event=trace_row ordinal=2678 kind=5 ns=288234908935716 fields=513,6,15,0,0,0,0,0,0,0,16,0,0,0,0,0
event=trace_row ordinal=2679 kind=0 ns=288234908904216 fields=506,2,0,50,2,0,0,0,0,0,0,0,0,0,0,0
event=trace_row ordinal=2680 kind=1 ns=288234908904216 fields=506,2,0,1008,996,200,200,0,1,0,0,0,0,0,0,0
event=trace_row ordinal=2681 kind=1 ns=288234908904216 fields=506,2,1,1008,996,200,200,0,1,0,0,0,0,0,0,0
event=trace_row ordinal=2682 kind=3 ns=288234908940674 fields=506,507,1,2,288234908904216,0,0,0,0,0,0,0,0,4,1,3
event=trace_row ordinal=2683 kind=5 ns=288234918931734 fields=513,6,15,0,0,0,0,0,0,0,16,0,0,0,0,0
event=trace_row ordinal=2684 kind=0 ns=288234918901984 fields=507,2,0,25,1,0,0,0,0,0,0,0,0,0,0,0
event=trace_row ordinal=2685 kind=1 ns=288234918901984 fields=507,2,0,1008,996,200,200,0,1,0,0,0,0,0,0,0
event=trace_row ordinal=2686 kind=3 ns=288234918936400 fields=507,508,1,2,288234918901984,0,0,0,0,0,0,0,0,4,1,3
event=trace_row ordinal=2687 kind=5 ns=288234928920460 fields=513,6,15,0,0,0,0,0,0,0,16,0,0,0,0,0
event=trace_row ordinal=2688 kind=0 ns=288234928896835 fields=508,2,0,50,2,0,0,0,0,0,0,0,0,0,0,0
event=trace_row ordinal=2689 kind=1 ns=288234928896835 fields=508,2,0,1008,996,200,200,0,1,0,0,0,0,0,0,0
event=trace_row ordinal=2690 kind=1 ns=288234928896835 fields=508,2,1,1008,996,200,200,0,1,0,0,0,0,0,0,0
event=trace_row ordinal=2691 kind=3 ns=288234928924252 fields=508,509,1,2,288234928896835,0,0,0,0,0,0,0,0,4,1,3
event=trace_row ordinal=2692 kind=4 ns=288234933508677 fields=385,8,39,20,39,20,0,0,0,0,16,0,0,0,0,0
event=trace_row ordinal=2693 kind=4 ns=288234933699427 fields=641,5,3,0,0,0,0,0,0,0,16,0,0,0,0,0
event=trace_row ordinal=2694 kind=5 ns=288234938922020 fields=513,6,15,0,0,0,0,0,0,0,16,0,0,0,0,0
event=trace_row ordinal=2695 kind=0 ns=288234938898395 fields=509,2,0,25,1,0,0,0,0,0,0,0,0,0,0,0
event=trace_row ordinal=2696 kind=1 ns=288234938898395 fields=509,2,0,1008,996,200,200,0,1,0,0,0,0,0,0,0
event=trace_row ordinal=2697 kind=3 ns=288234938926103 fields=509,510,1,2,288234938898395,0,0,0,0,0,0,0,0,4,1,3
event=trace_row ordinal=2698 kind=5 ns=288234948920371 fields=513,6,15,0,0,0,0,0,0,0,16,0,0,0,0,0
event=trace_row ordinal=2699 kind=0 ns=288234948896746 fields=510,2,0,50,2,0,0,0,0,0,0,0,0,0,0,0
event=trace_row ordinal=2700 kind=1 ns=288234948896746 fields=510,2,0,1009,996,200,200,0,1,0,0,0,0,0,0,0
event=trace_row ordinal=2701 kind=1 ns=288234948896746 fields=510,2,1,1009,996,200,200,0,1,0,0,0,0,0,0,0
event=trace_row ordinal=2702 kind=3 ns=288234948924746 fields=510,511,1,2,288234948896746,0,0,0,0,0,0,0,0,4,1,3
event=trace_row ordinal=2703 kind=5 ns=288234958914348 fields=513,6,15,0,0,0,0,0,0,0,16,0,0,0,0,0
event=trace_row ordinal=2704 kind=0 ns=288234958894223 fields=511,2,0,25,1,0,0,0,0,0,0,0,0,0,0,0
event=trace_row ordinal=2705 kind=1 ns=288234958894223 fields=511,2,0,1009,996,200,200,0,1,0,0,0,0,0,0,0
event=trace_row ordinal=2706 kind=3 ns=288234958918431 fields=511,512,1,2,288234958894223,0,0,0,0,0,0,0,0,4,1,3
event=trace_row ordinal=2707 kind=4 ns=288234968116448 fields=1793,1,5,0,0,0,0,0,0,0,16,0,0,0,0,0
event=trace_row ordinal=2708 kind=5 ns=288234968919700 fields=513,6,15,0,0,0,0,0,0,0,16,0,0,0,0,0
event=trace_row ordinal=2709 kind=0 ns=288234968896366 fields=512,2,0,25,1,0,0,0,0,0,0,0,0,0,0,0
event=trace_row ordinal=2710 kind=1 ns=288234968896366 fields=512,2,0,1009,996,200,200,0,1,0,0,0,0,0,0,0
event=trace_row ordinal=2711 kind=3 ns=288234968923200 fields=512,513,1,2,288234968896366,0,0,0,0,0,0,0,0,4,1,3
event=trace_row ordinal=2712 kind=5 ns=288234978915426 fields=513,6,15,0,0,0,0,0,0,0,16,0,0,0,0,0
event=trace_row ordinal=2713 kind=0 ns=288234978893843 fields=513,2,0,50,2,0,0,0,0,0,0,0,0,0,0,0
event=trace_row ordinal=2714 kind=1 ns=288234978893843 fields=513,2,0,1009,996,200,200,0,1,0,0,0,0,0,0,0
event=trace_row ordinal=2715 kind=1 ns=288234978893843 fields=513,2,1,1009,996,200,200,0,1,0,0,0,0,0,0,0
event=trace_row ordinal=2716 kind=3 ns=288234978918926 fields=513,514,1,2,288234978893843,0,0,0,0,0,0,0,0,4,1,3
event=trace_row ordinal=2717 kind=4 ns=288234983449101 fields=385,8,39,20,39,20,0,0,0,0,16,0,0,0,0,0
event=trace_row ordinal=2718 kind=4 ns=288234983649476 fields=641,5,3,0,0,0,0,0,0,0,16,0,0,0,0,0
event=trace_row ordinal=2719 kind=5 ns=288234988913778 fields=513,6,15,0,0,0,0,0,0,0,16,0,0,0,0,0
event=trace_row ordinal=2720 kind=0 ns=288234988894236 fields=514,2,0,25,1,0,0,0,0,0,0,0,0,0,0,0
event=trace_row ordinal=2721 kind=1 ns=288234988894236 fields=514,2,0,1009,996,200,200,0,1,0,0,0,0,0,0,0
event=trace_row ordinal=2722 kind=3 ns=288234988917278 fields=514,515,1,2,288234988894236,0,0,0,0,0,0,0,0,4,1,3
event=trace_row ordinal=2723 kind=5 ns=288234998915046 fields=513,6,15,0,0,0,0,0,0,0,16,0,0,0,0,0
event=trace_row ordinal=2724 kind=0 ns=288234998894337 fields=515,2,0,50,2,0,0,0,0,0,0,0,0,0,0,0
event=trace_row ordinal=2725 kind=1 ns=288234998894337 fields=515,2,0,1009,996,200,200,0,1,0,0,0,0,0,0,0
event=trace_row ordinal=2726 kind=1 ns=288234998894337 fields=515,2,1,1008,996,200,200,0,1,0,0,0,0,0,0,0
event=trace_row ordinal=2727 kind=3 ns=288234998918546 fields=515,516,1,2,288234998894337,0,0,0,0,0,0,0,0,4,1,3
event=trace_row ordinal=2728 kind=5 ns=288235008912814 fields=513,6,15,0,0,0,0,0,0,0,16,0,0,0,0,0
event=trace_row ordinal=2729 kind=0 ns=288235008893564 fields=516,2,0,25,1,0,0,0,0,0,0,0,0,0,0,0
event=trace_row ordinal=2730 kind=1 ns=288235008893564 fields=516,2,0,1008,996,200,200,0,1,0,0,0,0,0,0,0
event=trace_row ordinal=2731 kind=3 ns=288235008916314 fields=516,517,1,2,288235008893564,0,0,0,0,0,0,0,0,4,1,3
event=trace_row ordinal=2732 kind=5 ns=288235018914374 fields=513,6,15,0,0,0,0,0,0,0,16,0,0,0,0,0
event=trace_row ordinal=2733 kind=0 ns=288235018893666 fields=517,2,0,50,2,0,0,0,0,0,0,0,0,0,0,0
event=trace_row ordinal=2734 kind=1 ns=288235018893666 fields=517,2,0,1008,996,200,200,0,1,0,0,0,0,0,0,0
event=trace_row ordinal=2735 kind=1 ns=288235018893666 fields=517,2,1,1009,996,200,200,0,1,0,0,0,0,0,0,0
event=trace_row ordinal=2736 kind=3 ns=288235018917874 fields=517,518,1,2,288235018893666,0,0,0,0,0,0,0,0,4,1,3
event=trace_row ordinal=2737 kind=5 ns=288235028912142 fields=513,6,15,0,0,0,0,0,0,0,16,0,0,0,0,0
event=trace_row ordinal=2738 kind=0 ns=288235028893475 fields=518,2,0,25,1,0,0,0,0,0,0,0,0,0,0,0
event=trace_row ordinal=2739 kind=1 ns=288235028893475 fields=518,2,0,1009,996,200,200,0,1,0,0,0,0,0,0,0
event=trace_row ordinal=2740 kind=3 ns=288235028915350 fields=518,519,1,2,288235028893475,0,0,0,0,0,0,0,0,4,1,3
event=trace_row ordinal=2741 kind=4 ns=288235033394192 fields=385,8,39,20,39,20,0,0,0,0,16,0,0,0,0,0
event=trace_row ordinal=2742 kind=4 ns=288235033591651 fields=641,5,3,0,0,0,0,0,0,0,16,0,0,0,0,0
event=trace_row ordinal=2743 kind=5 ns=288235038912535 fields=513,6,15,0,0,0,0,0,0,0,16,0,0,0,0,0
event=trace_row ordinal=2744 kind=0 ns=288235038893285 fields=519,2,0,25,1,0,0,0,0,0,0,0,0,0,0,0
event=trace_row ordinal=2745 kind=1 ns=288235038893285 fields=519,2,0,1009,996,200,200,0,1,0,0,0,0,0,0,0
event=trace_row ordinal=2746 kind=3 ns=288235038916035 fields=519,520,1,2,288235038893285,0,0,0,0,0,0,0,0,4,1,3
event=trace_row ordinal=2747 kind=5 ns=288235048915554 fields=513,6,15,0,0,0,0,0,0,0,16,0,0,0,0,0
event=trace_row ordinal=2748 kind=0 ns=288235048893970 fields=520,2,0,50,2,0,0,0,0,0,0,0,0,0,0,0
event=trace_row ordinal=2749 kind=1 ns=288235048893970 fields=520,2,0,1008,997,200,200,0,1,0,0,0,0,0,0,0
event=trace_row ordinal=2750 kind=1 ns=288235048893970 fields=520,2,1,1008,997,200,200,0,1,0,0,0,0,0,0,0
event=trace_row ordinal=2751 kind=3 ns=288235048919345 fields=520,521,1,2,288235048893970,0,0,0,0,0,0,0,0,4,1,3
event=trace_row ordinal=2752 kind=5 ns=288235058914780 fields=513,6,15,0,0,0,0,0,0,0,16,0,0,0,0,0
event=trace_row ordinal=2753 kind=0 ns=288235058894363 fields=521,2,0,25,1,0,0,0,0,0,0,0,0,0,0,0
event=trace_row ordinal=2754 kind=1 ns=288235058894363 fields=521,2,0,1008,997,200,200,0,1,0,0,0,0,0,0,0
event=trace_row ordinal=2755 kind=3 ns=288235058917988 fields=521,522,1,2,288235058894363,0,0,0,0,0,0,0,0,4,1,3
event=trace_row ordinal=2756 kind=5 ns=288235068914007 fields=513,6,15,0,0,0,0,0,0,0,16,0,0,0,0,0
event=trace_row ordinal=2757 kind=0 ns=288235068893590 fields=522,2,0,50,2,0,0,0,0,0,0,0,0,0,0,0
event=trace_row ordinal=2758 kind=1 ns=288235068893590 fields=522,2,0,1009,996,200,200,0,1,0,0,0,0,0,0,0
event=trace_row ordinal=2759 kind=1 ns=288235068893590 fields=522,2,1,1009,996,200,200,0,1,0,0,0,0,0,0,0
event=trace_row ordinal=2760 kind=3 ns=288235068917798 fields=522,523,1,2,288235068893590,0,0,0,0,0,0,0,0,4,1,3
event=trace_row ordinal=2761 kind=5 ns=288235078933067 fields=513,6,15,0,0,0,0,0,0,0,16,0,0,0,0,0
event=trace_row ordinal=2762 kind=0 ns=288235078902733 fields=523,2,0,25,1,0,0,0,0,0,0,0,0,0,0,0
event=trace_row ordinal=2763 kind=1 ns=288235078902733 fields=523,2,0,1009,996,200,200,0,1,0,0,0,0,0,0,0
event=trace_row ordinal=2764 kind=3 ns=288235078937150 fields=523,524,1,2,288235078902733,0,0,0,0,0,0,0,0,4,1,3
event=trace_row ordinal=2765 kind=4 ns=288235083348325 fields=385,8,39,20,39,20,0,0,0,0,16,0,0,0,0,0
event=trace_row ordinal=2766 kind=4 ns=288235083539658 fields=641,5,3,0,0,0,0,0,0,0,16,0,0,0,0,0
event=trace_row ordinal=2767 kind=5 ns=288235088918585 fields=513,6,15,0,0,0,0,0,0,0,16,0,0,0,0,0
event=trace_row ordinal=2768 kind=0 ns=288235088896126 fields=524,2,0,50,2,0,0,0,0,0,0,0,0,0,0,0
event=trace_row ordinal=2769 kind=1 ns=288235088896126 fields=524,2,0,1009,996,200,200,0,1,0,0,0,0,0,0,0
event=trace_row ordinal=2770 kind=1 ns=288235088896126 fields=524,2,1,1009,996,200,200,0,1,0,0,0,0,0,0,0
event=trace_row ordinal=2771 kind=3 ns=288235088922085 fields=524,525,1,2,288235088896126,0,0,0,0,0,0,0,0,4,1,3
event=trace_row ordinal=2772 kind=5 ns=288235098912270 fields=513,6,15,0,0,0,0,0,0,0,16,0,0,0,0,0
event=trace_row ordinal=2773 kind=0 ns=288235098893603 fields=525,2,0,25,1,0,0,0,0,0,0,0,0,0,0,0
event=trace_row ordinal=2774 kind=1 ns=288235098893603 fields=525,2,0,1009,996,200,200,0,1,0,0,0,0,0,0,0
event=trace_row ordinal=2775 kind=3 ns=288235098915478 fields=525,526,1,2,288235098893603,0,0,0,0,0,0,0,0,4,1,3
event=trace_row ordinal=2776 kind=5 ns=288235108912371 fields=513,6,15,0,0,0,0,0,0,0,16,0,0,0,0,0
event=trace_row ordinal=2777 kind=0 ns=288235108893705 fields=526,2,0,25,1,0,0,0,0,0,0,0,0,0,0,0
event=trace_row ordinal=2778 kind=1 ns=288235108893705 fields=526,2,0,1009,997,200,200,0,1,0,0,0,0,0,0,0
event=trace_row ordinal=2779 kind=3 ns=288235108915580 fields=526,527,1,2,288235108893705,0,0,0,0,0,0,0,0,4,1,3
event=trace_row ordinal=2780 kind=5 ns=288235118914806 fields=513,6,15,0,0,0,0,0,0,0,16,0,0,0,0,0
event=trace_row ordinal=2781 kind=0 ns=288235118894389 fields=527,2,0,50,2,0,0,0,0,0,0,0,0,0,0,0
event=trace_row ordinal=2782 kind=1 ns=288235118894389 fields=527,2,0,1009,997,200,200,0,1,0,0,0,0,0,0,0
event=trace_row ordinal=2783 kind=1 ns=288235118894389 fields=527,2,1,1009,997,200,200,0,1,0,0,0,0,0,0,0
event=trace_row ordinal=2784 kind=3 ns=288235118918306 fields=527,528,1,2,288235118894389,0,0,0,0,0,0,0,0,4,1,3
event=trace_row ordinal=2785 kind=5 ns=288235128911699 fields=513,6,15,0,0,0,0,0,0,0,16,0,0,0,0,0
event=trace_row ordinal=2786 kind=0 ns=288235128893324 fields=528,2,0,25,1,0,0,0,0,0,0,0,0,0,0,0
event=trace_row ordinal=2787 kind=1 ns=288235128893324 fields=528,2,0,1008,997,200,200,0,1,0,0,0,0,0,0,0
event=trace_row ordinal=2788 kind=3 ns=288235128915491 fields=528,529,1,2,288235128893324,0,0,0,0,0,0,0,0,4,1,3
event=trace_row ordinal=2789 kind=4 ns=288235133289041 fields=385,8,39,20,39,20,0,0,0,0,16,0,0,0,0,0
event=trace_row ordinal=2790 kind=4 ns=288235133487083 fields=641,5,3,0,0,0,0,0,0,0,16,0,0,0,0,0
event=trace_row ordinal=2791 kind=5 ns=288235138915593 fields=513,6,15,0,0,0,0,0,0,0,16,0,0,0,0,0
event=trace_row ordinal=2792 kind=0 ns=288235138894593 fields=529,2,0,50,2,0,0,0,0,0,0,0,0,0,0,0
event=trace_row ordinal=2793 kind=1 ns=288235138894593 fields=529,2,0,1008,997,200,200,0,1,0,0,0,0,0,0,0
event=trace_row ordinal=2794 kind=1 ns=288235138894593 fields=529,2,1,1009,997,200,200,0,1,0,0,0,0,0,0,0
event=trace_row ordinal=2795 kind=3 ns=288235138919676 fields=529,530,1,2,288235138894593,0,0,0,0,0,0,0,0,4,1,3
event=trace_row ordinal=2796 kind=5 ns=288235148914236 fields=513,6,15,0,0,0,0,0,0,0,16,0,0,0,0,0
event=trace_row ordinal=2797 kind=0 ns=288235148894402 fields=530,2,0,25,1,0,0,0,0,0,0,0,0,0,0,0
event=trace_row ordinal=2798 kind=1 ns=288235148894402 fields=530,2,0,1009,997,200,200,0,1,0,0,0,0,0,0,0
event=trace_row ordinal=2799 kind=3 ns=288235148917736 fields=530,531,1,2,288235148894402,0,0,0,0,0,0,0,0,4,1,3
event=trace_row ordinal=2800 kind=5 ns=288235158914921 fields=513,6,15,0,0,0,0,0,0,0,16,0,0,0,0,0
event=trace_row ordinal=2801 kind=0 ns=288235158893629 fields=531,2,0,50,2,0,0,0,0,0,0,0,0,0,0,0
event=trace_row ordinal=2802 kind=1 ns=288235158893629 fields=531,2,0,1009,997,200,200,0,1,0,0,0,0,0,0,0
event=trace_row ordinal=2803 kind=1 ns=288235158893629 fields=531,2,1,1008,997,200,200,0,1,0,0,0,0,0,0,0
event=trace_row ordinal=2804 kind=3 ns=288235158918129 fields=531,532,1,2,288235158893629,0,0,0,0,0,0,0,0,4,1,3
event=trace_row ordinal=2805 kind=5 ns=288235168921731 fields=513,6,15,0,0,0,0,0,0,0,16,0,0,0,0,0
event=trace_row ordinal=2806 kind=0 ns=288235168897814 fields=532,2,0,25,1,0,0,0,0,0,0,0,0,0,0,0
event=trace_row ordinal=2807 kind=1 ns=288235168897814 fields=532,2,0,1008,997,200,200,0,1,0,0,0,0,0,0,0
event=trace_row ordinal=2808 kind=3 ns=288235168925814 fields=532,533,1,2,288235168897814,0,0,0,0,0,0,0,0,4,1,3
event=trace_row ordinal=2809 kind=5 ns=288235178913665 fields=513,6,15,0,0,0,0,0,0,0,16,0,0,0,0,0
event=trace_row ordinal=2810 kind=0 ns=288235178894415 fields=533,2,0,25,1,0,0,0,0,0,0,0,0,0,0,0
event=trace_row ordinal=2811 kind=1 ns=288235178894415 fields=533,2,0,1008,997,200,200,0,1,0,0,0,0,0,0,0
event=trace_row ordinal=2812 kind=3 ns=288235178916874 fields=533,534,1,2,288235178894415,0,0,0,0,0,0,0,0,4,1,3
event=trace_row ordinal=2813 kind=4 ns=288235183234423 fields=385,8,39,20,39,20,0,0,0,0,16,0,0,0,0,0
event=trace_row ordinal=2814 kind=4 ns=288235183434799 fields=641,5,3,0,0,0,0,0,0,0,16,0,0,0,0,0
event=trace_row ordinal=2815 kind=5 ns=288235188915225 fields=513,6,15,0,0,0,0,0,0,0,16,0,0,0,0,0
event=trace_row ordinal=2816 kind=0 ns=288235188894225 fields=534,2,0,50,2,0,0,0,0,0,0,0,0,0,0,0
event=trace_row ordinal=2817 kind=1 ns=288235188894225 fields=534,2,0,1009,997,200,200,0,1,0,0,0,0,0,0,0
event=trace_row ordinal=2818 kind=1 ns=288235188894225 fields=534,2,1,1009,997,200,200,0,1,0,0,0,0,0,0,0
event=trace_row ordinal=2819 kind=3 ns=288235188918725 fields=534,535,1,2,288235188894225,0,0,0,0,0,0,0,0,4,1,3
event=trace_row ordinal=2820 kind=5 ns=288235198913285 fields=513,6,15,0,0,0,0,0,0,0,16,0,0,0,0,0
event=trace_row ordinal=2821 kind=0 ns=288235198893744 fields=535,2,0,25,1,0,0,0,0,0,0,0,0,0,0,0
event=trace_row ordinal=2822 kind=1 ns=288235198893744 fields=535,2,0,1009,997,200,200,0,1,0,0,0,0,0,0,0
event=trace_row ordinal=2823 kind=3 ns=288235198916494 fields=535,536,1,2,288235198893744,0,0,0,0,0,0,0,0,4,1,3
event=trace_row ordinal=2824 kind=5 ns=288235208913970 fields=513,6,15,0,0,0,0,0,0,0,16,0,0,0,0,0
event=trace_row ordinal=2825 kind=0 ns=288235208893553 fields=536,2,0,50,2,0,0,0,0,0,0,0,0,0,0,0
event=trace_row ordinal=2826 kind=1 ns=288235208893553 fields=536,2,0,1008,997,200,200,0,1,0,0,0,0,0,0,0
event=trace_row ordinal=2827 kind=1 ns=288235208893553 fields=536,2,1,1008,997,200,200,0,1,0,0,0,0,0,0,0
event=trace_row ordinal=2828 kind=3 ns=288235208917178 fields=536,537,1,2,288235208893553,0,0,0,0,0,0,0,0,4,1,3
event=trace_row ordinal=2829 kind=4 ns=288235217606819 fields=1793,1,5,0,0,0,0,0,0,0,16,0,0,0,0,0
event=trace_row ordinal=2830 kind=5 ns=288235218913197 fields=513,6,15,0,0,0,0,0,0,0,16,0,0,0,0,0
event=trace_row ordinal=2831 kind=0 ns=288235218893655 fields=537,2,0,25,1,0,0,0,0,0,0,0,0,0,0,0
event=trace_row ordinal=2832 kind=1 ns=288235218893655 fields=537,2,0,1008,997,200,200,0,1,0,0,0,0,0,0,0
event=trace_row ordinal=2833 kind=3 ns=288235218916697 fields=537,538,1,2,288235218893655,0,0,0,0,0,0,0,0,4,1,3
event=trace_row ordinal=2834 kind=5 ns=288235228918548 fields=513,6,15,0,0,0,0,0,0,0,16,0,0,0,0,0
event=trace_row ordinal=2835 kind=0 ns=288235228895507 fields=538,2,0,50,2,0,0,0,0,0,0,0,0,0,0,0
event=trace_row ordinal=2836 kind=1 ns=288235228895507 fields=538,2,0,1009,997,200,200,0,1,0,0,0,0,0,0,0
event=trace_row ordinal=2837 kind=1 ns=288235228895507 fields=538,2,1,1009,997,200,200,0,1,0,0,0,0,0,0,0
event=trace_row ordinal=2838 kind=3 ns=288235228922048 fields=538,539,1,2,288235228895507,0,0,0,0,0,0,0,0,4,1,3
event=trace_row ordinal=2839 kind=4 ns=288235233179514 fields=385,8,39,20,39,20,0,0,0,0,16,0,0,0,0,0
event=trace_row ordinal=2840 kind=4 ns=288235233377265 fields=641,5,3,0,0,0,0,0,0,0,16,0,0,0,0,0
event=trace_row ordinal=2841 kind=5 ns=288235238914858 fields=513,6,15,0,0,0,0,0,0,0,16,0,0,0,0,0
event=trace_row ordinal=2842 kind=0 ns=288235238895025 fields=539,2,0,25,1,0,0,0,0,0,0,0,0,0,0,0
event=trace_row ordinal=2843 kind=1 ns=288235238895025 fields=539,2,0,1009,997,200,200,0,1,0,0,0,0,0,0,0
event=trace_row ordinal=2844 kind=3 ns=288235238918650 fields=539,540,1,2,288235238895025,0,0,0,0,0,0,0,0,4,1,3
event=trace_row ordinal=2845 kind=5 ns=288235248932168 fields=513,6,15,0,0,0,0,0,0,0,16,0,0,0,0,0
event=trace_row ordinal=2846 kind=0 ns=288235248903585 fields=540,2,0,25,1,0,0,0,0,0,0,0,0,0,0,0
event=trace_row ordinal=2847 kind=1 ns=288235248903585 fields=540,2,0,1008,997,200,200,0,1,0,0,0,0,0,0,0
event=trace_row ordinal=2848 kind=3 ns=288235248937126 fields=540,541,1,2,288235248903585,0,0,0,0,0,0,0,0,4,1,3
event=trace_row ordinal=2849 kind=5 ns=288235258936936 fields=513,6,15,0,0,0,0,0,0,0,16,0,0,0,0,0
event=trace_row ordinal=2850 kind=0 ns=288235258905145 fields=541,2,0,50,2,0,0,0,0,0,0,0,0,0,0,0
event=trace_row ordinal=2851 kind=1 ns=288235258905145 fields=541,2,0,1008,997,200,200,0,1,0,0,0,0,0,0,0
event=trace_row ordinal=2852 kind=1 ns=288235258905145 fields=541,2,1,1008,997,200,200,0,1,0,0,0,0,0,0,0
event=trace_row ordinal=2853 kind=3 ns=288235258942186 fields=541,542,1,2,288235258905145,0,0,0,0,0,0,0,0,4,1,3
event=trace_row ordinal=2854 kind=5 ns=288235268932663 fields=513,6,15,0,0,0,0,0,0,0,16,0,0,0,0,0
event=trace_row ordinal=2855 kind=0 ns=288235268905246 fields=542,2,0,25,1,0,0,0,0,0,0,0,0,0,0,0
event=trace_row ordinal=2856 kind=1 ns=288235268905246 fields=542,2,0,1009,997,200,200,0,1,0,0,0,0,0,0,0
event=trace_row ordinal=2857 kind=3 ns=288235268937621 fields=542,543,1,2,288235268905246,0,0,0,0,0,0,0,0,4,1,3
event=trace_row ordinal=2858 kind=5 ns=288235278927514 fields=513,6,15,0,0,0,0,0,0,0,16,0,0,0,0,0
event=trace_row ordinal=2859 kind=0 ns=288235278899514 fields=543,2,0,50,2,0,0,0,0,0,0,0,0,0,0,0
event=trace_row ordinal=2860 kind=1 ns=288235278899514 fields=543,2,0,1009,997,200,200,0,1,0,0,0,0,0,0,0
event=trace_row ordinal=2861 kind=1 ns=288235278899514 fields=543,2,1,1008,997,200,200,0,1,0,0,0,0,0,0,0
event=trace_row ordinal=2862 kind=3 ns=288235278931598 fields=543,544,1,2,288235278899514,0,0,0,0,0,0,0,0,4,1,3
event=trace_row ordinal=2863 kind=4 ns=288235283142689 fields=385,8,39,20,39,20,0,0,0,0,16,0,0,0,0,0
event=trace_row ordinal=2864 kind=4 ns=288235283328189 fields=641,5,3,0,0,0,0,0,0,0,16,0,0,0,0,0
event=trace_row ordinal=2865 kind=5 ns=288235288923824 fields=513,6,15,0,0,0,0,0,0,0,16,0,0,0,0,0
event=trace_row ordinal=2866 kind=0 ns=288235288900199 fields=544,2,0,25,1,0,0,0,0,0,0,0,0,0,0,0
event=trace_row ordinal=2867 kind=1 ns=288235288900199 fields=544,2,0,1008,997,200,200,0,1,0,0,0,0,0,0,0
event=trace_row ordinal=2868 kind=3 ns=288235288927616 fields=544,545,1,2,288235288900199,0,0,0,0,0,0,0,0,4,1,3
event=trace_row ordinal=2869 kind=5 ns=288235298921301 fields=513,6,15,0,0,0,0,0,0,0,16,0,0,0,0,0
event=trace_row ordinal=2870 kind=0 ns=288235298897384 fields=545,2,0,50,2,0,0,0,0,0,0,0,0,0,0,0
event=trace_row ordinal=2871 kind=1 ns=288235298897384 fields=545,2,0,1008,997,200,200,0,1,0,0,0,0,0,0,0
event=trace_row ordinal=2872 kind=1 ns=288235298897384 fields=545,2,1,1009,997,200,200,0,1,0,0,0,0,0,0,0
event=trace_row ordinal=2873 kind=3 ns=288235298925384 fields=545,546,1,2,288235298897384,0,0,0,0,0,0,0,0,4,1,3
event=trace_row ordinal=2874 kind=5 ns=288235308920236 fields=513,6,15,0,0,0,0,0,0,0,16,0,0,0,0,0
event=trace_row ordinal=2875 kind=0 ns=288235308898652 fields=546,2,0,25,1,0,0,0,0,0,0,0,0,0,0,0
event=trace_row ordinal=2876 kind=1 ns=288235308898652 fields=546,2,0,1009,997,200,200,0,1,0,0,0,0,0,0,0
event=trace_row ordinal=2877 kind=3 ns=288235308924027 fields=546,547,1,2,288235308898652,0,0,0,0,0,0,0,0,4,1,3
event=trace_row ordinal=2878 kind=5 ns=288235318912171 fields=513,6,15,0,0,0,0,0,0,0,16,0,0,0,0,0
event=trace_row ordinal=2879 kind=0 ns=288235318893796 fields=547,2,0,25,1,0,0,0,0,0,0,0,0,0,0,0
event=trace_row ordinal=2880 kind=1 ns=288235318893796 fields=547,2,0,1009,997,200,200,0,1,0,0,0,0,0,0,0
event=trace_row ordinal=2881 kind=3 ns=288235318915379 fields=547,548,1,2,288235318893796,0,0,0,0,0,0,0,0,4,1,3
event=trace_row ordinal=2882 kind=5 ns=288235328914605 fields=513,6,15,0,0,0,0,0,0,0,16,0,0,0,0,0
event=trace_row ordinal=2883 kind=0 ns=288235328894189 fields=548,2,0,50,2,0,0,0,0,0,0,0,0,0,0,0
event=trace_row ordinal=2884 kind=1 ns=288235328894189 fields=548,2,0,1008,997,200,200,0,1,0,0,0,0,0,0,0
event=trace_row ordinal=2885 kind=1 ns=288235328894189 fields=548,2,1,1008,997,200,200,0,1,0,0,0,0,0,0,0
event=trace_row ordinal=2886 kind=3 ns=288235328918105 fields=548,549,1,2,288235328894189,0,0,0,0,0,0,0,0,4,1,3
event=trace_row ordinal=2887 kind=4 ns=288235333080488 fields=385,8,39,20,39,20,0,0,0,0,16,0,0,0,0,0
event=trace_row ordinal=2888 kind=4 ns=288235333273572 fields=641,5,3,0,0,0,0,0,0,0,16,0,0,0,0,0
event=trace_row ordinal=2889 kind=5 ns=288235338913540 fields=513,6,15,0,0,0,0,0,0,0,16,0,0,0,0,0
event=trace_row ordinal=2890 kind=0 ns=288235338893999 fields=549,2,0,25,1,0,0,0,0,0,0,0,0,0,0,0
event=trace_row ordinal=2891 kind=1 ns=288235338893999 fields=549,2,0,1008,997,200,200,0,1,0,0,0,0,0,0,0
event=trace_row ordinal=2892 kind=3 ns=288235338916749 fields=549,550,1,2,288235338893999,0,0,0,0,0,0,0,0,4,1,3
event=trace_row ordinal=2893 kind=5 ns=288235348913934 fields=513,6,15,0,0,0,0,0,0,0,16,0,0,0,0,0
event=trace_row ordinal=2894 kind=0 ns=288235348893517 fields=550,2,0,50,2,0,0,0,0,0,0,0,0,0,0,0
event=trace_row ordinal=2895 kind=1 ns=288235348893517 fields=550,2,0,1009,997,200,200,0,1,0,0,0,0,0,0,0
event=trace_row ordinal=2896 kind=1 ns=288235348893517 fields=550,2,1,1009,997,200,200,0,1,0,0,0,0,0,0,0
event=trace_row ordinal=2897 kind=3 ns=288235348917434 fields=550,551,1,2,288235348893517,0,0,0,0,0,0,0,0,4,1,3
event=trace_row ordinal=2898 kind=5 ns=288235358913452 fields=513,6,15,0,0,0,0,0,0,0,16,0,0,0,0,0
event=trace_row ordinal=2899 kind=0 ns=288235358894202 fields=551,2,0,25,1,0,0,0,0,0,0,0,0,0,0,0
event=trace_row ordinal=2900 kind=1 ns=288235358894202 fields=551,2,0,1009,997,200,200,0,1,0,0,0,0,0,0,0
event=trace_row ordinal=2901 kind=3 ns=288235358916952 fields=551,552,1,2,288235358894202,0,0,0,0,0,0,0,0,4,1,3
event=trace_row ordinal=2902 kind=5 ns=288235368929012 fields=513,6,15,0,0,0,0,0,0,0,16,0,0,0,0,0
event=trace_row ordinal=2903 kind=0 ns=288235368903345 fields=552,2,0,50,2,0,0,0,0,0,0,0,0,0,0,0
event=trace_row ordinal=2904 kind=1 ns=288235368903345 fields=552,2,0,1008,997,200,200,0,1,0,0,0,0,0,0,0
event=trace_row ordinal=2905 kind=1 ns=288235368903345 fields=552,2,1,1008,997,200,200,0,1,0,0,0,0,0,0,0
event=trace_row ordinal=2906 kind=3 ns=288235368933095 fields=552,553,1,2,288235368903345,0,0,0,0,0,0,0,0,4,1,3
event=trace_row ordinal=2907 kind=5 ns=288235378915405 fields=513,6,15,0,0,0,0,0,0,0,16,0,0,0,0,0
event=trace_row ordinal=2908 kind=0 ns=288235378894988 fields=553,2,0,25,1,0,0,0,0,0,0,0,0,0,0,0
event=trace_row ordinal=2909 kind=1 ns=288235378894988 fields=553,2,0,1008,997,200,200,0,1,0,0,0,0,0,0,0
event=trace_row ordinal=2910 kind=3 ns=288235378919197 fields=553,554,1,2,288235378894988,0,0,0,0,0,0,0,0,4,1,3
event=trace_row ordinal=2911 kind=4 ns=288235383022662 fields=385,8,39,20,39,20,0,0,0,0,16,0,0,0,0,0
event=trace_row ordinal=2912 kind=4 ns=288235383220704 fields=641,5,3,0,0,0,0,0,0,0,16,0,0,0,0,0
event=trace_row ordinal=2913 kind=5 ns=288235388914048 fields=513,6,15,0,0,0,0,0,0,0,16,0,0,0,0,0
event=trace_row ordinal=2914 kind=0 ns=288235388894215 fields=554,2,0,25,1,0,0,0,0,0,0,0,0,0,0,0
event=trace_row ordinal=2915 kind=1 ns=288235388894215 fields=554,2,0,1009,997,200,200,0,1,0,0,0,0,0,0,0
event=trace_row ordinal=2916 kind=3 ns=288235388917548 fields=554,555,1,2,288235388894215,0,0,0,0,0,0,0,0,4,1,3
event=trace_row ordinal=2917 kind=5 ns=288235398913858 fields=513,6,15,0,0,0,0,0,0,0,16,0,0,0,0,0
event=trace_row ordinal=2918 kind=0 ns=288235398893441 fields=555,2,0,50,2,0,0,0,0,0,0,0,0,0,0,0
event=trace_row ordinal=2919 kind=1 ns=288235398893441 fields=555,2,0,1009,997,200,200,0,1,0,0,0,0,0,0,0
event=trace_row ordinal=2920 kind=1 ns=288235398893441 fields=555,2,1,1009,997,200,200,0,1,0,0,0,0,0,0,0
event=trace_row ordinal=2921 kind=3 ns=288235398917358 fields=555,556,1,2,288235398893441,0,0,0,0,0,0,0,0,4,1,3
event=trace_row ordinal=2922 kind=5 ns=288235408912501 fields=513,6,15,0,0,0,0,0,0,0,16,0,0,0,0,0
event=trace_row ordinal=2923 kind=0 ns=288235408893543 fields=556,2,0,25,1,0,0,0,0,0,0,0,0,0,0,0
event=trace_row ordinal=2924 kind=1 ns=288235408893543 fields=556,2,0,1008,997,200,200,0,1,0,0,0,0,0,0,0
event=trace_row ordinal=2925 kind=3 ns=288235408916001 fields=556,557,1,2,288235408893543,0,0,0,0,0,0,0,0,4,1,3
event=trace_row ordinal=2926 kind=5 ns=288235418913769 fields=513,6,15,0,0,0,0,0,0,0,16,0,0,0,0,0
event=trace_row ordinal=2927 kind=0 ns=288235418893061 fields=557,2,0,50,2,0,0,0,0,0,0,0,0,0,0,0
event=trace_row ordinal=2928 kind=1 ns=288235418893061 fields=557,2,0,1008,997,200,200,0,1,0,0,0,0,0,0,0
event=trace_row ordinal=2929 kind=1 ns=288235418893061 fields=557,2,1,1009,997,200,200,0,1,0,0,0,0,0,0,0
event=trace_row ordinal=2930 kind=3 ns=288235418917269 fields=557,558,1,2,288235418893061,0,0,0,0,0,0,0,0,4,1,3
event=trace_row ordinal=2931 kind=5 ns=288235428911538 fields=513,6,15,0,0,0,0,0,0,0,16,0,0,0,0,0
event=trace_row ordinal=2932 kind=0 ns=288235428893163 fields=558,2,0,25,1,0,0,0,0,0,0,0,0,0,0,0
event=trace_row ordinal=2933 kind=1 ns=288235428893163 fields=558,2,0,1009,997,200,200,0,1,0,0,0,0,0,0,0
event=trace_row ordinal=2934 kind=3 ns=288235428914746 fields=558,559,1,2,288235428893163,0,0,0,0,0,0,0,0,4,1,3
event=trace_row ordinal=2935 kind=4 ns=288235432967753 fields=385,8,39,20,39,20,0,0,0,0,16,0,0,0,0,0
event=trace_row ordinal=2936 kind=4 ns=288235433166670 fields=641,5,3,0,0,0,0,0,0,0,16,0,0,0,0,0
event=trace_row ordinal=2937 kind=5 ns=288235438914556 fields=513,6,15,0,0,0,0,0,0,0,16,0,0,0,0,0
event=trace_row ordinal=2938 kind=0 ns=288235438893847 fields=559,2,0,50,2,0,0,0,0,0,0,0,0,0,0,0
event=trace_row ordinal=2939 kind=1 ns=288235438893847 fields=559,2,0,1009,997,200,200,0,1,0,0,0,0,0,0,0
event=trace_row ordinal=2940 kind=1 ns=288235438893847 fields=559,2,1,1009,997,200,200,0,1,0,0,0,0,0,0,0
event=trace_row ordinal=2941 kind=3 ns=288235438918056 fields=559,560,1,2,288235438893847,0,0,0,0,0,0,0,0,4,1,3
event=trace_row ordinal=2942 kind=5 ns=288235448912616 fields=513,6,15,0,0,0,0,0,0,0,16,0,0,0,0,0
event=trace_row ordinal=2943 kind=0 ns=288235448893657 fields=560,2,0,25,1,0,0,0,0,0,0,0,0,0,0,0
event=trace_row ordinal=2944 kind=1 ns=288235448893657 fields=560,2,0,1009,997,200,200,0,1,0,0,0,0,0,0,0
event=trace_row ordinal=2945 kind=3 ns=288235448915824 fields=560,561,1,2,288235448893657,0,0,0,0,0,0,0,0,4,1,3
event=trace_row ordinal=2946 kind=5 ns=288235458938676 fields=513,6,15,0,0,0,0,0,0,0,16,0,0,0,0,0
event=trace_row ordinal=2947 kind=0 ns=288235458906301 fields=561,2,0,25,1,0,0,0,0,0,0,0,0,0,0,0
event=trace_row ordinal=2948 kind=1 ns=288235458906301 fields=561,2,0,1009,997,200,200,0,1,0,0,0,0,0,0,0
event=trace_row ordinal=2949 kind=3 ns=288235458943926 fields=561,562,1,2,288235458906301,0,0,0,0,0,0,0,0,4,1,3
event=trace_row ordinal=2950 kind=4 ns=288235467154357 fields=1793,1,5,0,0,0,0,0,0,0,16,0,0,0,0,0
event=trace_row ordinal=2951 kind=5 ns=288235468920402 fields=513,6,15,0,0,0,0,0,0,0,16,0,0,0,0,0
event=trace_row ordinal=2952 kind=0 ns=288235468897652 fields=562,2,0,50,2,0,0,0,0,0,0,0,0,0,0,0
event=trace_row ordinal=2953 kind=1 ns=288235468897652 fields=562,2,0,1009,996,200,200,0,1,0,0,0,0,0,0,0
event=trace_row ordinal=2954 kind=1 ns=288235468897652 fields=562,2,1,1009,996,200,200,0,1,0,0,0,0,0,0,0
event=trace_row ordinal=2955 kind=3 ns=288235468923902 fields=562,563,1,2,288235468897652,0,0,0,0,0,0,0,0,4,1,3
event=trace_row ordinal=2956 kind=5 ns=288235478912629 fields=513,6,15,0,0,0,0,0,0,0,16,0,0,0,0,0
event=trace_row ordinal=2957 kind=0 ns=288235478893670 fields=563,2,0,25,1,0,0,0,0,0,0,0,0,0,0,0
event=trace_row ordinal=2958 kind=1 ns=288235478893670 fields=563,2,0,1009,996,200,200,0,1,0,0,0,0,0,0,0
event=trace_row ordinal=2959 kind=3 ns=288235478916420 fields=563,564,1,2,288235478893670,0,0,0,0,0,0,0,0,4,1,3
event=trace_row ordinal=2960 kind=4 ns=288235482915469 fields=385,8,39,20,39,20,0,0,0,0,16,0,0,0,0,0
event=trace_row ordinal=2961 kind=4 ns=288235483112053 fields=641,5,3,0,0,0,0,0,0,0,16,0,0,0,0,0
event=trace_row ordinal=2962 kind=5 ns=288235488916814 fields=513,6,15,0,0,0,0,0,0,0,16,0,0,0,0,0
event=trace_row ordinal=2963 kind=0 ns=288235488894939 fields=564,2,0,50,2,0,0,0,0,0,0,0,0,0,0,0
event=trace_row ordinal=2964 kind=1 ns=288235488894939 fields=564,2,0,1008,997,200,200,0,1,0,0,0,0,0,0,0
event=trace_row ordinal=2965 kind=1 ns=288235488894939 fields=564,2,1,1008,997,200,200,0,1,0,0,0,0,0,0,0
event=trace_row ordinal=2966 kind=3 ns=288235488920897 fields=564,565,1,2,288235488894939,0,0,0,0,0,0,0,0,4,1,3
event=trace_row ordinal=2967 kind=5 ns=288235498912832 fields=513,6,15,0,0,0,0,0,0,0,16,0,0,0,0,0
event=trace_row ordinal=2968 kind=0 ns=288235498894165 fields=565,2,0,25,1,0,0,0,0,0,0,0,0,0,0,0
event=trace_row ordinal=2969 kind=1 ns=288235498894165 fields=565,2,0,1008,997,200,200,0,1,0,0,0,0,0,0,0
event=trace_row ordinal=2970 kind=3 ns=288235498916040 fields=565,566,1,2,288235498894165,0,0,0,0,0,0,0,0,4,1,3
event=trace_row ordinal=2971 kind=5 ns=288235508913808 fields=513,6,15,0,0,0,0,0,0,0,16,0,0,0,0,0
event=trace_row ordinal=2972 kind=0 ns=288235508893392 fields=566,2,0,50,2,0,0,0,0,0,0,0,0,0,0,0
event=trace_row ordinal=2973 kind=1 ns=288235508893392 fields=566,2,0,1009,997,200,200,0,1,0,0,0,0,0,0,0
event=trace_row ordinal=2974 kind=1 ns=288235508893392 fields=566,2,1,1009,997,200,200,0,1,0,0,0,0,0,0,0
event=trace_row ordinal=2975 kind=3 ns=288235508917308 fields=566,567,1,2,288235508893392,0,0,0,0,0,0,0,0,4,1,3
event=trace_row ordinal=2976 kind=5 ns=288235518912452 fields=513,6,15,0,0,0,0,0,0,0,16,0,0,0,0,0
event=trace_row ordinal=2977 kind=0 ns=288235518893202 fields=567,2,0,25,1,0,0,0,0,0,0,0,0,0,0,0
event=trace_row ordinal=2978 kind=1 ns=288235518893202 fields=567,2,0,1009,997,200,200,0,1,0,0,0,0,0,0,0
event=trace_row ordinal=2979 kind=3 ns=288235518915368 fields=567,568,1,2,288235518893202,0,0,0,0,0,0,0,0,4,1,3
event=trace_row ordinal=2980 kind=5 ns=288235528912845 fields=513,6,15,0,0,0,0,0,0,0,16,0,0,0,0,0
event=trace_row ordinal=2981 kind=0 ns=288235528893595 fields=568,2,0,25,1,0,0,0,0,0,0,0,0,0,0,0
event=trace_row ordinal=2982 kind=1 ns=288235528893595 fields=568,2,0,1008,997,200,200,0,1,0,0,0,0,0,0,0
event=trace_row ordinal=2983 kind=3 ns=288235528916053 fields=568,569,1,2,288235528893595,0,0,0,0,0,0,0,0,4,1,3
event=trace_row ordinal=2984 kind=4 ns=288235532859685 fields=385,8,39,20,39,20,0,0,0,0,16,0,0,0,0,0
event=trace_row ordinal=2985 kind=4 ns=288235533061811 fields=641,5,3,0,0,0,0,0,0,0,16,0,0,0,0,0
event=trace_row ordinal=2986 kind=5 ns=288235538914696 fields=513,6,15,0,0,0,0,0,0,0,16,0,0,0,0,0
event=trace_row ordinal=2987 kind=0 ns=288235538893696 fields=569,2,0,50,2,0,0,0,0,0,0,0,0,0,0,0
event=trace_row ordinal=2988 kind=1 ns=288235538893696 fields=569,2,0,1008,997,200,200,0,1,0,0,0,0,0,0,0
event=trace_row ordinal=2989 kind=1 ns=288235538893696 fields=569,2,1,1008,997,200,200,0,1,0,0,0,0,0,0,0
event=trace_row ordinal=2990 kind=3 ns=288235538918488 fields=569,570,1,2,288235538893696,0,0,0,0,0,0,0,0,4,1,3
event=trace_row ordinal=2991 kind=5 ns=288235548912173 fields=513,6,15,0,0,0,0,0,0,0,16,0,0,0,0,0
event=trace_row ordinal=2992 kind=0 ns=288235548893798 fields=570,2,0,25,1,0,0,0,0,0,0,0,0,0,0,0
event=trace_row ordinal=2993 kind=1 ns=288235548893798 fields=570,2,0,1009,996,200,200,0,1,0,0,0,0,0,0,0
event=trace_row ordinal=2994 kind=3 ns=288235548915381 fields=570,571,1,2,288235548893798,0,0,0,0,0,0,0,0,4,1,3
event=trace_row ordinal=2995 kind=5 ns=288235558913150 fields=513,6,15,0,0,0,0,0,0,0,16,0,0,0,0,0
event=trace_row ordinal=2996 kind=0 ns=288235558893316 fields=571,2,0,50,2,0,0,0,0,0,0,0,0,0,0,0
event=trace_row ordinal=2997 kind=1 ns=288235558893316 fields=571,2,0,1009,996,200,200,0,1,0,0,0,0,0,0,0
event=trace_row ordinal=2998 kind=1 ns=288235558893316 fields=571,2,1,1009,997,200,200,0,1,0,0,0,0,0,0,0
event=trace_row ordinal=2999 kind=3 ns=288235558916358 fields=571,572,1,2,288235558893316,0,0,0,0,0,0,0,0,4,1,3
event=trace_row ordinal=3000 kind=5 ns=288235568913251 fields=513,6,15,0,0,0,0,0,0,0,16,0,0,0,0,0
event=trace_row ordinal=3001 kind=0 ns=288235568894001 fields=572,2,0,25,1,0,0,0,0,0,0,0,0,0,0,0
event=trace_row ordinal=3002 kind=1 ns=288235568894001 fields=572,2,0,1009,997,200,200,0,1,0,0,0,0,0,0,0
event=trace_row ordinal=3003 kind=3 ns=288235568916751 fields=572,573,1,2,288235568894001,0,0,0,0,0,0,0,0,4,1,3
event=trace_row ordinal=3004 kind=5 ns=288235578913644 fields=513,6,15,0,0,0,0,0,0,0,16,0,0,0,0,0
event=trace_row ordinal=3005 kind=0 ns=288235578893519 fields=573,2,0,50,2,0,0,0,0,0,0,0,0,0,0,0
event=trace_row ordinal=3006 kind=1 ns=288235578893519 fields=573,2,0,1009,997,200,200,0,1,0,0,0,0,0,0,0
event=trace_row ordinal=3007 kind=1 ns=288235578893519 fields=573,2,1,1009,996,200,200,0,1,0,0,0,0,0,0,0
event=trace_row ordinal=3008 kind=3 ns=288235578916853 fields=573,574,1,2,288235578893519,0,0,0,0,0,0,0,0,4,1,3
event=trace_row ordinal=3009 kind=4 ns=288235582807110 fields=385,8,39,20,39,20,0,0,0,0,16,0,0,0,0,0
event=trace_row ordinal=3010 kind=4 ns=288235583004860 fields=641,5,3,0,0,0,0,0,0,0,16,0,0,0,0,0
event=trace_row ordinal=3011 kind=5 ns=288235588914621 fields=513,6,15,0,0,0,0,0,0,0,16,0,0,0,0,0
event=trace_row ordinal=3012 kind=0 ns=288235588894204 fields=574,2,0,25,1,0,0,0,0,0,0,0,0,0,0,0
event=trace_row ordinal=3013 kind=1 ns=288235588894204 fields=574,2,0,1009,996,200,200,0,1,0,0,0,0,0,0,0
event=trace_row ordinal=3014 kind=3 ns=288235588918996 fields=574,575,1,2,288235588894204,0,0,0,0,0,0,0,0,4,1,3
event=trace_row ordinal=3015 kind=5 ns=288235598912972 fields=513,6,15,0,0,0,0,0,0,0,16,0,0,0,0,0
event=trace_row ordinal=3016 kind=0 ns=288235598894306 fields=575,2,0,25,1,0,0,0,0,0,0,0,0,0,0,0
event=trace_row ordinal=3017 kind=1 ns=288235598894306 fields=575,2,0,1009,996,200,200,0,1,0,0,0,0,0,0,0
event=trace_row ordinal=3018 kind=3 ns=288235598916764 fields=575,576,1,2,288235598894306,0,0,0,0,0,0,0,0,4,1,3
event=trace_row ordinal=3019 kind=5 ns=288235608913949 fields=513,6,15,0,0,0,0,0,0,0,16,0,0,0,0,0
event=trace_row ordinal=3020 kind=0 ns=288235608893532 fields=576,2,0,50,2,0,0,0,0,0,0,0,0,0,0,0
event=trace_row ordinal=3021 kind=1 ns=288235608893532 fields=576,2,0,1008,997,200,200,0,1,0,0,0,0,0,0,0
event=trace_row ordinal=3022 kind=1 ns=288235608893532 fields=576,2,1,1008,997,200,200,0,1,0,0,0,0,0,0,0
event=trace_row ordinal=3023 kind=3 ns=288235608917449 fields=576,577,1,2,288235608893532,0,0,0,0,0,0,0,0,4,1,3
event=trace_row ordinal=3024 kind=5 ns=288235618914050 fields=513,6,15,0,0,0,0,0,0,0,16,0,0,0,0,0
event=trace_row ordinal=3025 kind=0 ns=288235618894800 fields=577,2,0,25,1,0,0,0,0,0,0,0,0,0,0,0
event=trace_row ordinal=3026 kind=1 ns=288235618894800 fields=577,2,0,1008,997,200,200,0,1,0,0,0,0,0,0,0
event=trace_row ordinal=3027 kind=3 ns=288235618917259 fields=577,578,1,2,288235618894800,0,0,0,0,0,0,0,0,4,1,3
event=trace_row ordinal=3028 kind=5 ns=288235628914735 fields=513,6,15,0,0,0,0,0,0,0,16,0,0,0,0,0
event=trace_row ordinal=3029 kind=0 ns=288235628894027 fields=578,2,0,50,2,0,0,0,0,0,0,0,0,0,0,0
event=trace_row ordinal=3030 kind=1 ns=288235628894027 fields=578,2,0,1008,996,200,200,0,1,0,0,0,0,0,0,0
event=trace_row ordinal=3031 kind=1 ns=288235628894027 fields=578,2,1,1008,996,200,200,0,1,0,0,0,0,0,0,0
event=trace_row ordinal=3032 kind=3 ns=288235628917944 fields=578,579,1,2,288235628894027,0,0,0,0,0,0,0,0,4,1,3
event=trace_row ordinal=3033 kind=4 ns=288235632762701 fields=385,8,39,20,39,20,0,0,0,0,16,0,0,0,0,0
event=trace_row ordinal=3034 kind=4 ns=288235632952576 fields=641,5,3,0,0,0,0,0,0,0,16,0,0,0,0,0
event=trace_row ordinal=3035 kind=5 ns=288235638940212 fields=513,6,15,0,0,0,0,0,0,0,16,0,0,0,0,0
event=trace_row ordinal=3036 kind=0 ns=288235638906379 fields=579,2,0,25,1,0,0,0,0,0,0,0,0,0,0,0
event=trace_row ordinal=3037 kind=1 ns=288235638906379 fields=579,2,0,1008,996,200,200,0,1,0,0,0,0,0,0,0
event=trace_row ordinal=3038 kind=3 ns=288235638945462 fields=579,580,1,2,288235638906379,0,0,0,0,0,0,0,0,4,1,3
event=trace_row ordinal=3039 kind=5 ns=288235648926897 fields=513,6,15,0,0,0,0,0,0,0,16,0,0,0,0,0
event=trace_row ordinal=3040 kind=0 ns=288235648901230 fields=580,2,0,50,2,0,0,0,0,0,0,0,0,0,0,0
event=trace_row ordinal=3041 kind=1 ns=288235648901230 fields=580,2,0,1008,997,200,200,0,1,0,0,0,0,0,0,0
event=trace_row ordinal=3042 kind=1 ns=288235648901230 fields=580,2,1,1008,997,200,200,0,1,0,0,0,0,0,0,0
event=trace_row ordinal=3043 kind=3 ns=288235648930980 fields=580,581,1,2,288235648901230,0,0,0,0,0,0,0,0,4,1,3
event=trace_row ordinal=3044 kind=5 ns=288235658930790 fields=513,6,15,0,0,0,0,0,0,0,16,0,0,0,0,0
event=trace_row ordinal=3045 kind=0 ns=288235658903082 fields=581,2,0,25,1,0,0,0,0,0,0,0,0,0,0,0
event=trace_row ordinal=3046 kind=1 ns=288235658903082 fields=581,2,0,1008,997,200,200,0,1,0,0,0,0,0,0,0
event=trace_row ordinal=3047 kind=3 ns=288235658935165 fields=581,582,1,2,288235658903082,0,0,0,0,0,0,0,0,4,1,3
event=trace_row ordinal=3048 kind=5 ns=288235668931183 fields=513,6,15,0,0,0,0,0,0,0,16,0,0,0,0,0
event=trace_row ordinal=3049 kind=0 ns=288235668904933 fields=582,2,0,25,1,0,0,0,0,0,0,0,0,0,0,0
event=trace_row ordinal=3050 kind=1 ns=288235668904933 fields=582,2,0,1009,997,200,200,0,1,0,0,0,0,0,0,0
event=trace_row ordinal=3051 kind=3 ns=288235668935267 fields=582,583,1,2,288235668904933,0,0,0,0,0,0,0,0,4,1,3
event=trace_row ordinal=3052 kind=5 ns=288235678925160 fields=513,6,15,0,0,0,0,0,0,0,16,0,0,0,0,0
event=trace_row ordinal=3053 kind=0 ns=288235678900951 fields=583,2,0,50,2,0,0,0,0,0,0,0,0,0,0,0
event=trace_row ordinal=3054 kind=1 ns=288235678900951 fields=583,2,0,1009,997,200,200,0,1,0,0,0,0,0,0,0
event=trace_row ordinal=3055 kind=1 ns=288235678900951 fields=583,2,1,1009,997,200,200,0,1,0,0,0,0,0,0,0
event=trace_row ordinal=3056 kind=3 ns=288235678929243 fields=583,584,1,2,288235678900951,0,0,0,0,0,0,0,0,4,1,3
event=trace_row ordinal=3057 kind=4 ns=288235682720333 fields=385,8,39,20,39,20,0,0,0,0,16,0,0,0,0,0
event=trace_row ordinal=3058 kind=4 ns=288235682898542 fields=641,5,3,0,0,0,0,0,0,0,16,0,0,0,0,0
event=trace_row ordinal=3059 kind=5 ns=288235688936053 fields=513,6,15,0,0,0,0,0,0,0,16,0,0,0,0,0
event=trace_row ordinal=3060 kind=0 ns=288235688906011 fields=584,2,0,25,1,0,0,0,0,0,0,0,0,0,0,0
event=trace_row ordinal=3061 kind=1 ns=288235688906011 fields=584,2,0,1008,997,200,200,0,1,0,0,0,0,0,0,0
event=trace_row ordinal=3062 kind=3 ns=288235688941303 fields=584,585,1,2,288235688906011,0,0,0,0,0,0,0,0,4,1,3
event=trace_row ordinal=3063 kind=5 ns=288235698952488 fields=513,6,15,0,0,0,0,0,0,0,16,0,0,0,0,0
event=trace_row ordinal=3064 kind=0 ns=288235698911363 fields=585,2,0,50,2,0,0,0,0,0,0,0,0,0,0,0
event=trace_row ordinal=3065 kind=1 ns=288235698911363 fields=585,2,0,1008,997,200,200,0,1,0,0,0,0,0,0,0
event=trace_row ordinal=3066 kind=1 ns=288235698911363 fields=585,2,1,1009,996,200,200,0,1,0,0,0,0,0,0,0
event=trace_row ordinal=3067 kind=3 ns=288235698959780 fields=585,586,1,2,288235698911363,0,0,0,0,0,0,0,0,4,1,3
event=trace_row ordinal=3068 kind=5 ns=288235708926048 fields=513,6,15,0,0,0,0,0,0,0,16,0,0,0,0,0
event=trace_row ordinal=3069 kind=0 ns=288235708902131 fields=586,2,0,25,1,0,0,0,0,0,0,0,0,0,0,0
event=trace_row ordinal=3070 kind=1 ns=288235708902131 fields=586,2,0,1009,996,200,200,0,1,0,0,0,0,0,0,0
event=trace_row ordinal=3071 kind=3 ns=288235708931006 fields=586,587,1,2,288235708902131,0,0,0,0,0,0,0,0,4,1,3
event=trace_row ordinal=3072 kind=4 ns=288235716704812 fields=1793,1,5,0,0,0,0,0,0,0,16,0,0,0,0,0
event=trace_row ordinal=3073 kind=5 ns=288235718930524 fields=513,6,15,0,0,0,0,0,0,0,16,0,0,0,0,0
event=trace_row ordinal=3074 kind=0 ns=288235718902233 fields=587,2,0,50,2,0,0,0,0,0,0,0,0,0,0,0
event=trace_row ordinal=3075 kind=1 ns=288235718902233 fields=587,2,0,1009,996,200,200,0,1,0,0,0,0,0,0,0
event=trace_row ordinal=3076 kind=1 ns=288235718902233 fields=587,2,1,1008,997,200,200,0,1,0,0,0,0,0,0,0
event=trace_row ordinal=3077 kind=3 ns=288235718936649 fields=587,588,1,2,288235718902233,0,0,0,0,0,0,0,0,4,1,3
event=trace_row ordinal=3078 kind=5 ns=288235728938209 fields=513,6,15,0,0,0,0,0,0,0,16,0,0,0,0,0
event=trace_row ordinal=3079 kind=0 ns=288235728908168 fields=588,2,0,25,1,0,0,0,0,0,0,0,0,0,0,0
event=trace_row ordinal=3080 kind=1 ns=288235728908168 fields=588,2,0,1008,997,200,200,0,1,0,0,0,0,0,0,0
event=trace_row ordinal=3081 kind=3 ns=288235728943751 fields=588,589,1,2,288235728908168,0,0,0,0,0,0,0,0,4,1,3
event=trace_row ordinal=3082 kind=4 ns=288235732657549 fields=385,8,39,20,39,20,0,0,0,0,16,0,0,0,0,0
event=trace_row ordinal=3083 kind=4 ns=288235732849175 fields=641,5,3,0,0,0,0,0,0,0,16,0,0,0,0,0
event=trace_row ordinal=3084 kind=5 ns=288235738926352 fields=513,6,15,0,0,0,0,0,0,0,16,0,0,0,0,0
event=trace_row ordinal=3085 kind=0 ns=288235738903311 fields=589,2,0,25,1,0,0,0,0,0,0,0,0,0,0,0
event=trace_row ordinal=3086 kind=1 ns=288235738903311 fields=589,2,0,1008,997,200,200,0,1,0,0,0,0,0,0,0
event=trace_row ordinal=3087 kind=3 ns=288235738930728 fields=589,590,1,2,288235738903311,0,0,0,0,0,0,0,0,4,1,3
event=trace_row ordinal=3088 kind=5 ns=288235748936079 fields=513,6,15,0,0,0,0,0,0,0,16,0,0,0,0,0
event=trace_row ordinal=3089 kind=0 ns=288235748906037 fields=590,2,0,50,2,0,0,0,0,0,0,0,0,0,0,0
event=trace_row ordinal=3090 kind=1 ns=288235748906037 fields=590,2,0,1009,997,200,200,0,1,0,0,0,0,0,0,0
event=trace_row ordinal=3091 kind=1 ns=288235748906037 fields=590,2,1,1009,997,200,200,0,1,0,0,0,0,0,0,0
event=trace_row ordinal=3092 kind=3 ns=288235748940746 fields=590,591,1,2,288235748906037,0,0,0,0,0,0,0,0,4,1,3
event=trace_row ordinal=3093 kind=5 ns=288235758932389 fields=513,6,15,0,0,0,0,0,0,0,16,0,0,0,0,0
event=trace_row ordinal=3094 kind=0 ns=288235758903514 fields=591,2,0,25,1,0,0,0,0,0,0,0,0,0,0,0
event=trace_row ordinal=3095 kind=1 ns=288235758903514 fields=591,2,0,1009,997,200,200,0,1,0,0,0,0,0,0,0
event=trace_row ordinal=3096 kind=3 ns=288235758936472 fields=591,592,1,2,288235758903514,0,0,0,0,0,0,0,0,4,1,3
event=trace_row ordinal=3097 kind=5 ns=288235768919074 fields=513,6,15,0,0,0,0,0,0,0,16,0,0,0,0,0
event=trace_row ordinal=3098 kind=0 ns=288235768896032 fields=592,2,0,50,2,0,0,0,0,0,0,0,0,0,0,0
event=trace_row ordinal=3099 kind=1 ns=288235768896032 fields=592,2,0,1008,997,200,200,0,1,0,0,0,0,0,0,0
event=trace_row ordinal=3100 kind=1 ns=288235768896032 fields=592,2,1,1008,997,200,200,0,1,0,0,0,0,0,0,0
event=trace_row ordinal=3101 kind=3 ns=288235768922865 fields=592,593,1,2,288235768896032,0,0,0,0,0,0,0,0,4,1,3
event=trace_row ordinal=3102 kind=5 ns=288235778941342 fields=513,6,15,0,0,0,0,0,0,0,16,0,0,0,0,0
event=trace_row ordinal=3103 kind=0 ns=288235778913050 fields=593,2,0,25,1,0,0,0,0,0,0,0,0,0,0,0
event=trace_row ordinal=3104 kind=1 ns=288235778913050 fields=593,2,0,1008,997,200,200,0,1,0,0,0,0,0,0,0
event=trace_row ordinal=3105 kind=3 ns=288235778946009 fields=593,594,1,2,288235778913050,0,0,0,0,0,0,0,0,4,1,3
event=trace_row ordinal=3106 kind=4 ns=288235782623640 fields=385,8,39,20,39,20,0,0,0,0,16,0,0,0,0,0
event=trace_row ordinal=3107 kind=4 ns=288235782809141 fields=641,5,3,0,0,0,0,0,0,0,16,0,0,0,0,0
event=trace_row ordinal=3108 kind=5 ns=288235788966819 fields=513,6,15,0,0,0,0,0,0,0,16,0,0,0,0,0
event=trace_row ordinal=3109 kind=0 ns=288235788916944 fields=594,2,0,50,2,0,0,0,0,0,0,0,0,0,0,0
event=trace_row ordinal=3110 kind=1 ns=288235788916944 fields=594,2,0,1009,996,200,200,0,1,0,0,0,0,0,0,0
event=trace_row ordinal=3111 kind=1 ns=288235788916944 fields=594,2,1,1009,996,200,200,0,1,0,0,0,0,0,0,0
event=trace_row ordinal=3112 kind=3 ns=288235788976152 fields=594,595,1,2,288235788916944,0,0,0,0,0,0,0,0,4,1,3
event=trace_row ordinal=3113 kind=5 ns=288235798930753 fields=513,6,15,0,0,0,0,0,0,0,16,0,0,0,0,0
event=trace_row ordinal=3114 kind=0 ns=288235798904212 fields=595,2,0,25,1,0,0,0,0,0,0,0,0,0,0,0
event=trace_row ordinal=3115 kind=1 ns=288235798904212 fields=595,2,0,1009,996,200,200,0,1,0,0,0,0,0,0,0
event=trace_row ordinal=3116 kind=3 ns=288235798935420 fields=595,596,1,2,288235798904212,0,0,0,0,0,0,0,0,4,1,3
event=trace_row ordinal=3117 kind=5 ns=288235808925897 fields=513,6,15,0,0,0,0,0,0,0,16,0,0,0,0,0
event=trace_row ordinal=3118 kind=0 ns=288235808901397 fields=596,2,0,25,1,0,0,0,0,0,0,0,0,0,0,0
event=trace_row ordinal=3119 kind=1 ns=288235808901397 fields=596,2,0,1009,996,200,200,0,1,0,0,0,0,0,0,0
event=trace_row ordinal=3120 kind=3 ns=288235808929397 fields=596,597,1,2,288235808901397,0,0,0,0,0,0,0,0,4,1,3
event=trace_row ordinal=3121 kind=5 ns=288235818930082 fields=513,6,15,0,0,0,0,0,0,0,16,0,0,0,0,0
event=trace_row ordinal=3122 kind=0 ns=288235818900915 fields=597,2,0,50,2,0,0,0,0,0,0,0,0,0,0,0
event=trace_row ordinal=3123 kind=1 ns=288235818900915 fields=597,2,0,1009,996,200,200,0,1,0,0,0,0,0,0,0
event=trace_row ordinal=3124 kind=1 ns=288235818900915 fields=597,2,1,1009,996,200,200,0,1,0,0,0,0,0,0,0
event=trace_row ordinal=3125 kind=3 ns=288235818934748 fields=597,598,1,2,288235818900915,0,0,0,0,0,0,0,0,4,1,3
event=trace_row ordinal=3126 kind=5 ns=288235828921433 fields=513,6,15,0,0,0,0,0,0,0,16,0,0,0,0,0
event=trace_row ordinal=3127 kind=0 ns=288235828897808 fields=598,2,0,25,1,0,0,0,0,0,0,0,0,0,0,0
event=trace_row ordinal=3128 kind=1 ns=288235828897808 fields=598,2,0,1009,996,200,200,0,1,0,0,0,0,0,0,0
event=trace_row ordinal=3129 kind=3 ns=288235828924641 fields=598,599,1,2,288235828897808,0,0,0,0,0,0,0,0,4,1,3
event=trace_row ordinal=3130 kind=4 ns=288235832557940 fields=385,8,39,20,39,20,0,0,0,0,16,0,0,0,0,0
event=trace_row ordinal=3131 kind=4 ns=288235832740815 fields=641,5,3,0,0,0,0,0,0,0,16,0,0,0,0,0
event=trace_row ordinal=3132 kind=5 ns=288235838931743 fields=513,6,15,0,0,0,0,0,0,0,16,0,0,0,0,0
event=trace_row ordinal=3133 kind=0 ns=288235838902285 fields=599,2,0,50,2,0,0,0,0,0,0,0,0,0,0,0
event=trace_row ordinal=3134 kind=1 ns=288235838902285 fields=599,2,0,1009,996,200,200,0,1,0,0,0,0,0,0,0
event=trace_row ordinal=3135 kind=1 ns=288235838902285 fields=599,2,1,1008,997,200,200,0,1,0,0,0,0,0,0,0
event=trace_row ordinal=3136 kind=3 ns=288235838936118 fields=599,600,1,2,288235838902285,0,0,0,0,0,0,0,0,4,1,3
event=trace_row ordinal=3137 kind=5 ns=288235848913178 fields=513,6,15,0,0,0,0,0,0,0,16,0,0,0,0,0
event=trace_row ordinal=3138 kind=0 ns=288235848893636 fields=600,2,0,25,1,0,0,0,0,0,0,0,0,0,0,0
event=trace_row ordinal=3139 kind=1 ns=288235848893636 fields=600,2,0,1008,997,200,200,0,1,0,0,0,0,0,0,0
event=trace_row ordinal=3140 kind=3 ns=288235848916386 fields=600,601,1,2,288235848893636,0,0,0,0,0,0,0,0,4,1,3
event=trace_row ordinal=3141 kind=5 ns=288235858913863 fields=513,6,15,0,0,0,0,0,0,0,16,0,0,0,0,0
event=trace_row ordinal=3142 kind=0 ns=288235858893446 fields=601,2,0,50,2,0,0,0,0,0,0,0,0,0,0,0
event=trace_row ordinal=3143 kind=1 ns=288235858893446 fields=601,2,0,1008,997,200,200,0,1,0,0,0,0,0,0,0
event=trace_row ordinal=3144 kind=1 ns=288235858893446 fields=601,2,1,1009,997,200,200,0,1,0,0,0,0,0,0,0
event=trace_row ordinal=3145 kind=3 ns=288235858917363 fields=601,602,1,2,288235858893446,0,0,0,0,0,0,0,0,4,1,3
event=trace_row ordinal=3146 kind=5 ns=288235868913673 fields=513,6,15,0,0,0,0,0,0,0,16,0,0,0,0,0
event=trace_row ordinal=3147 kind=0 ns=288235868894423 fields=602,2,0,25,1,0,0,0,0,0,0,0,0,0,0,0
event=trace_row ordinal=3148 kind=1 ns=288235868894423 fields=602,2,0,1009,997,200,200,0,1,0,0,0,0,0,0,0
event=trace_row ordinal=3149 kind=3 ns=288235868916881 fields=602,603,1,2,288235868894423,0,0,0,0,0,0,0,0,4,1,3
event=trace_row ordinal=3150 kind=5 ns=288235878993691 fields=513,6,15,0,0,0,0,0,0,0,16,0,0,0,0,0
event=trace_row ordinal=3151 kind=0 ns=288235878933316 fields=603,2,0,25,1,0,0,0,0,0,0,0,0,0,0,0
event=trace_row ordinal=3152 kind=1 ns=288235878933316 fields=603,2,0,1009,997,200,200,0,1,0,0,0,0,0,0,0
event=trace_row ordinal=3153 kind=3 ns=288235879003899 fields=603,604,1,2,288235878933316,0,0,0,0,0,0,0,0,4,1,3
event=trace_row ordinal=3154 kind=4 ns=288235882513239 fields=385,8,39,20,39,20,0,0,0,0,16,0,0,0,0,0
event=trace_row ordinal=3155 kind=4 ns=288235882703698 fields=641,5,3,0,0,0,0,0,0,0,16,0,0,0,0,0
event=trace_row ordinal=3156 kind=5 ns=288235888988834 fields=513,6,15,0,0,0,0,0,0,0,16,0,0,0,0,0
event=trace_row ordinal=3157 kind=0 ns=288235888926709 fields=604,2,0,50,2,0,0,0,0,0,0,0,0,0,0,0
event=trace_row ordinal=3158 kind=1 ns=288235888926709 fields=604,2,0,1008,997,200,200,0,1,0,0,0,0,0,0,0
event=trace_row ordinal=3159 kind=1 ns=288235888926709 fields=604,2,1,1008,997,200,200,0,1,0,0,0,0,0,0,0
event=trace_row ordinal=3160 kind=3 ns=288235888999334 fields=604,605,1,2,288235888926709,0,0,0,0,0,0,0,0,4,1,3
event=trace_row ordinal=3161 kind=5 ns=288235898978144 fields=513,6,15,0,0,0,0,0,0,0,16,0,0,0,0,0
event=trace_row ordinal=3162 kind=0 ns=288235898924769 fields=605,2,0,25,1,0,0,0,0,0,0,0,0,0,0,0
event=trace_row ordinal=3163 kind=1 ns=288235898924769 fields=605,2,0,1008,997,200,200,0,1,0,0,0,0,0,0,0
event=trace_row ordinal=3164 kind=3 ns=288235898987186 fields=605,606,1,2,288235898924769,0,0,0,0,0,0,0,0,4,1,3
event=trace_row ordinal=3165 kind=5 ns=288235908984079 fields=513,6,15,0,0,0,0,0,0,0,16,0,0,0,0,0
event=trace_row ordinal=3166 kind=0 ns=288235908924871 fields=606,2,0,50,2,0,0,0,0,0,0,0,0,0,0,0
event=trace_row ordinal=3167 kind=1 ns=288235908924871 fields=606,2,0,1009,996,200,200,0,1,0,0,0,0,0,0,0
event=trace_row ordinal=3168 kind=1 ns=288235908924871 fields=606,2,1,1009,996,200,200,0,1,0,0,0,0,0,0,0
event=trace_row ordinal=3169 kind=3 ns=288235908993704 fields=606,607,1,2,288235908924871,0,0,0,0,0,0,0,0,4,1,3
event=trace_row ordinal=3170 kind=5 ns=288235918978639 fields=513,6,15,0,0,0,0,0,0,0,16,0,0,0,0,0
event=trace_row ordinal=3171 kind=0 ns=288235918925264 fields=607,2,0,25,1,0,0,0,0,0,0,0,0,0,0,0
event=trace_row ordinal=3172 kind=1 ns=288235918925264 fields=607,2,0,1009,996,200,200,0,1,0,0,0,0,0,0,0
event=trace_row ordinal=3173 kind=3 ns=288235918987681 fields=607,608,1,2,288235918925264,0,0,0,0,0,0,0,0,4,1,3
event=trace_row ordinal=3174 kind=5 ns=288235928983115 fields=513,6,15,0,0,0,0,0,0,0,16,0,0,0,0,0
event=trace_row ordinal=3175 kind=0 ns=288235928925074 fields=608,2,0,50,2,0,0,0,0,0,0,0,0,0,0,0
event=trace_row ordinal=3176 kind=1 ns=288235928925074 fields=608,2,0,1008,996,200,200,0,1,0,0,0,0,0,0,0
event=trace_row ordinal=3177 kind=1 ns=288235928925074 fields=608,2,1,1008,996,200,200,0,1,0,0,0,0,0,0,0
event=trace_row ordinal=3178 kind=3 ns=288235928992740 fields=608,609,1,2,288235928925074,0,0,0,0,0,0,0,0,4,1,3
event=trace_row ordinal=3179 kind=4 ns=288235932451330 fields=385,8,39,20,39,20,0,0,0,0,16,0,0,0,0,0
event=trace_row ordinal=3180 kind=4 ns=288235932649080 fields=641,5,3,0,0,0,0,0,0,0,16,0,0,0,0,0
event=trace_row ordinal=3181 kind=5 ns=288235938977967 fields=513,6,15,0,0,0,0,0,0,0,16,0,0,0,0,0
event=trace_row ordinal=3182 kind=0 ns=288235938924884 fields=609,2,0,25,1,0,0,0,0,0,0,0,0,0,0,0
event=trace_row ordinal=3183 kind=1 ns=288235938924884 fields=609,2,0,1008,996,200,200,0,1,0,0,0,0,0,0,0
event=trace_row ordinal=3184 kind=3 ns=288235938987300 fields=609,610,1,2,288235938924884,0,0,0,0,0,0,0,0,4,1,3
event=trace_row ordinal=3185 kind=5 ns=288235948977777 fields=513,6,15,0,0,0,0,0,0,0,16,0,0,0,0,0
event=trace_row ordinal=3186 kind=0 ns=288235948924693 fields=610,2,0,25,1,0,0,0,0,0,0,0,0,0,0,0
event=trace_row ordinal=3187 kind=1 ns=288235948924693 fields=610,2,0,1009,996,200,200,0,1,0,0,0,0,0,0,0
event=trace_row ordinal=3188 kind=3 ns=288235948987110 fields=610,611,1,2,288235948924693,0,0,0,0,0,0,0,0,4,1,3
event=trace_row ordinal=3189 kind=5 ns=288235958983712 fields=513,6,15,0,0,0,0,0,0,0,16,0,0,0,0,0
event=trace_row ordinal=3190 kind=0 ns=288235958925087 fields=611,2,0,50,2,0,0,0,0,0,0,0,0,0,0,0
event=trace_row ordinal=3191 kind=1 ns=288235958925087 fields=611,2,0,1009,996,200,200,0,1,0,0,0,0,0,0,0
event=trace_row ordinal=3192 kind=1 ns=288235958925087 fields=611,2,1,1009,996,200,200,0,1,0,0,0,0,0,0,0
event=trace_row ordinal=3193 kind=3 ns=288235958993337 fields=611,612,1,2,288235958925087,0,0,0,0,0,0,0,0,4,1,3
event=trace_row ordinal=3194 kind=4 ns=288235966252058 fields=1793,1,5,0,0,0,0,0,0,0,16,0,0,0,0,0
event=trace_row ordinal=3195 kind=5 ns=288235968979730 fields=513,6,15,0,0,0,0,0,0,0,16,0,0,0,0,0
event=trace_row ordinal=3196 kind=0 ns=288235968926063 fields=612,2,0,25,1,0,0,0,0,0,0,0,0,0,0,0
event=trace_row ordinal=3197 kind=1 ns=288235968926063 fields=612,2,0,1008,997,200,200,0,1,0,0,0,0,0,0,0
event=trace_row ordinal=3198 kind=3 ns=288235968989063 fields=612,613,1,2,288235968926063,0,0,0,0,0,0,0,0,4,1,3
event=trace_row ordinal=3199 kind=5 ns=288235978982457 fields=513,6,15,0,0,0,0,0,0,0,16,0,0,0,0,0
event=trace_row ordinal=3200 kind=0 ns=288235978924998 fields=613,2,0,50,2,0,0,0,0,0,0,0,0,0,0,0
event=trace_row ordinal=3201 kind=1 ns=288235978924998 fields=613,2,0,1008,997,200,200,0,1,0,0,0,0,0,0,0
event=trace_row ordinal=3202 kind=1 ns=288235978924998 fields=613,2,1,1009,996,200,200,0,1,0,0,0,0,0,0,0
event=trace_row ordinal=3203 kind=3 ns=288235978992373 fields=613,614,1,2,288235978924998,0,0,0,0,0,0,0,0,4,1,3
event=trace_row ordinal=3204 kind=4 ns=288235982395546 fields=385,8,39,20,39,20,0,0,0,0,16,0,0,0,0,0
event=trace_row ordinal=3205 kind=4 ns=288235982592713 fields=641,5,3,0,0,0,0,0,0,0,16,0,0,0,0,0
event=trace_row ordinal=3206 kind=5 ns=288235988977308 fields=513,6,15,0,0,0,0,0,0,0,16,0,0,0,0,0
event=trace_row ordinal=3207 kind=0 ns=288235988924225 fields=614,2,0,25,1,0,0,0,0,0,0,0,0,0,0,0
event=trace_row ordinal=3208 kind=1 ns=288235988924225 fields=614,2,0,1009,996,200,200,0,1,0,0,0,0,0,0,0
event=trace_row ordinal=3209 kind=3 ns=288235988986642 fields=614,615,1,2,288235988924225,0,0,0,0,0,0,0,0,4,1,3
event=trace_row ordinal=3210 kind=5 ns=288235999113327 fields=513,6,15,0,0,0,0,0,0,0,16,0,0,0,0,0
event=trace_row ordinal=3211 kind=0 ns=288235998973618 fields=615,2,0,50,2,0,0,0,0,0,0,0,0,0,0,0
event=trace_row ordinal=3212 kind=1 ns=288235998973618 fields=615,2,0,1009,996,200,200,0,1,0,0,0,0,0,0,0
event=trace_row ordinal=3213 kind=1 ns=288235998973618 fields=615,2,1,1008,996,200,200,0,1,0,0,0,0,0,0,0
event=trace_row ordinal=3214 kind=3 ns=288235999134619 fields=615,616,1,2,288235998973618,0,0,0,0,0,0,0,0,4,1,3
event=trace_row ordinal=3215 kind=5 ns=288236009007845 fields=513,6,15,0,0,0,0,0,0,0,16,0,0,0,0,0
event=trace_row ordinal=3216 kind=0 ns=288236008936678 fields=616,2,0,25,1,0,0,0,0,0,0,0,0,0,0,0
event=trace_row ordinal=3217 kind=1 ns=288236008936678 fields=616,2,0,1008,996,200,200,0,1,0,0,0,0,0,0,0
event=trace_row ordinal=3218 kind=3 ns=288236009019803 fields=616,617,1,2,288236008936678,0,0,0,0,0,0,0,0,4,1,3
event=trace_row ordinal=3219 kind=5 ns=288236018984322 fields=513,6,15,0,0,0,0,0,0,0,16,0,0,0,0,0
event=trace_row ordinal=3220 kind=0 ns=288236018926280 fields=617,2,0,25,1,0,0,0,0,0,0,0,0,0,0,0
event=trace_row ordinal=3221 kind=1 ns=288236018926280 fields=617,2,0,1008,996,200,200,0,1,0,0,0,0,0,0,0
event=trace_row ordinal=3222 kind=3 ns=288236018993655 fields=617,618,1,2,288236018926280,0,0,0,0,0,0,0,0,4,1,3
event=trace_row ordinal=3223 kind=5 ns=288236028984132 fields=513,6,15,0,0,0,0,0,0,0,16,0,0,0,0,0
event=trace_row ordinal=3224 kind=0 ns=288236028925215 fields=618,2,0,50,2,0,0,0,0,0,0,0,0,0,0,0
event=trace_row ordinal=3225 kind=1 ns=288236028925215 fields=618,2,0,1009,996,200,200,0,1,0,0,0,0,0,0,0
event=trace_row ordinal=3226 kind=1 ns=288236028925215 fields=618,2,1,1009,996,200,200,0,1,0,0,0,0,0,0,0
event=trace_row ordinal=3227 kind=3 ns=288236028993757 fields=618,619,1,2,288236028925215,0,0,0,0,0,0,0,0,4,1,3
event=trace_row ordinal=3228 kind=4 ns=288236032356971 fields=385,8,39,20,39,20,0,0,0,0,16,0,0,0,0,0
event=trace_row ordinal=3229 kind=4 ns=288236032544513 fields=641,5,3,0,0,0,0,0,0,0,16,0,0,0,0,0
event=trace_row ordinal=3230 kind=5 ns=288236038978692 fields=513,6,15,0,0,0,0,0,0,0,16,0,0,0,0,0
event=trace_row ordinal=3231 kind=0 ns=288236038924733 fields=619,2,0,25,1,0,0,0,0,0,0,0,0,0,0,0
event=trace_row ordinal=3232 kind=1 ns=288236038924733 fields=619,2,0,1009,996,200,200,0,1,0,0,0,0,0,0,0
event=trace_row ordinal=3233 kind=3 ns=288236038988025 fields=619,620,1,2,288236038924733,0,0,0,0,0,0,0,0,4,1,3
event=trace_row ordinal=3234 kind=5 ns=288236048985210 fields=513,6,15,0,0,0,0,0,0,0,16,0,0,0,0,0
event=trace_row ordinal=3235 kind=0 ns=288236048925710 fields=620,2,0,50,2,0,0,0,0,0,0,0,0,0,0,0
event=trace_row ordinal=3236 kind=1 ns=288236048925710 fields=620,2,0,1009,997,200,200,0,1,0,0,0,0,0,0,0
event=trace_row ordinal=3237 kind=1 ns=288236048925710 fields=620,2,1,1009,997,200,200,0,1,0,0,0,0,0,0,0
event=trace_row ordinal=3238 kind=3 ns=288236048995127 fields=620,621,1,2,288236048925710,0,0,0,0,0,0,0,0,4,1,3
event=trace_row ordinal=3239 kind=5 ns=288236058978603 fields=513,6,15,0,0,0,0,0,0,0,16,0,0,0,0,0
event=trace_row ordinal=3240 kind=0 ns=288236058925812 fields=621,2,0,25,1,0,0,0,0,0,0,0,0,0,0,0
event=trace_row ordinal=3241 kind=1 ns=288236058925812 fields=621,2,0,1009,997,200,200,0,1,0,0,0,0,0,0,0
event=trace_row ordinal=3242 kind=3 ns=288236058987645 fields=621,622,1,2,288236058925812,0,0,0,0,0,0,0,0,4,1,3
event=trace_row ordinal=3243 kind=5 ns=288236068982788 fields=513,6,15,0,0,0,0,0,0,0,16,0,0,0,0,0
event=trace_row ordinal=3244 kind=0 ns=288236068924455 fields=622,2,0,50,2,0,0,0,0,0,0,0,0,0,0,0
event=trace_row ordinal=3245 kind=1 ns=288236068924455 fields=622,2,0,1009,997,200,200,0,1,0,0,0,0,0,0,0
event=trace_row ordinal=3246 kind=1 ns=288236068924455 fields=622,2,1,1009,997,200,200,0,1,0,0,0,0,0,0,0
event=trace_row ordinal=3247 kind=3 ns=288236068992413 fields=622,623,1,2,288236068924455,0,0,0,0,0,0,0,0,4,1,3
event=trace_row ordinal=3248 kind=5 ns=288236078977348 fields=513,6,15,0,0,0,0,0,0,0,16,0,0,0,0,0
event=trace_row ordinal=3249 kind=0 ns=288236078924265 fields=623,2,0,25,1,0,0,0,0,0,0,0,0,0,0,0
event=trace_row ordinal=3250 kind=1 ns=288236078924265 fields=623,2,0,1009,997,200,200,0,1,0,0,0,0,0,0,0
event=trace_row ordinal=3251 kind=3 ns=288236078986390 fields=623,624,1,2,288236078924265,0,0,0,0,0,0,0,0,4,1,3
event=trace_row ordinal=3252 kind=4 ns=288236082294479 fields=385,8,39,20,39,20,0,0,0,0,16,0,0,0,0,0
event=trace_row ordinal=3253 kind=4 ns=288236082489021 fields=641,5,3,0,0,0,0,0,0,0,16,0,0,0,0,0
event=trace_row ordinal=3254 kind=5 ns=288236088978908 fields=513,6,15,0,0,0,0,0,0,0,16,0,0,0,0,0
event=trace_row ordinal=3255 kind=0 ns=288236088925241 fields=624,2,0,25,1,0,0,0,0,0,0,0,0,0,0,0
event=trace_row ordinal=3256 kind=1 ns=288236088925241 fields=624,2,0,1008,1000,200,200,0,1,0,0,0,0,0,0,0
event=trace_row ordinal=3257 kind=3 ns=288236088987950 fields=624,625,1,2,288236088925241,0,0,0,0,0,0,0,0,4,1,3
event=trace_row ordinal=3258 kind=5 ns=288236098984552 fields=513,6,15,0,0,0,0,0,0,0,16,0,0,0,0,0
event=trace_row ordinal=3259 kind=0 ns=288236098925343 fields=625,2,0,50,2,0,0,0,0,0,0,0,0,0,0,0
event=trace_row ordinal=3260 kind=1 ns=288236098925343 fields=625,2,0,1008,1000,200,200,0,1,0,0,0,0,0,0,0
event=trace_row ordinal=3261 kind=1 ns=288236098925343 fields=625,2,1,1008,1000,200,200,0,1,0,0,0,0,0,0,0
event=trace_row ordinal=3262 kind=3 ns=288236098994177 fields=625,626,1,2,288236098925343,0,0,0,0,0,0,0,0,4,1,3
event=trace_row ordinal=3263 kind=5 ns=288236108977362 fields=513,6,15,0,0,0,0,0,0,0,16,0,0,0,0,0
event=trace_row ordinal=3264 kind=0 ns=288236108924278 fields=626,2,0,25,1,0,0,0,0,0,0,0,0,0,0,0
event=trace_row ordinal=3265 kind=1 ns=288236108924278 fields=626,2,0,1009,1000,200,200,0,1,0,0,0,0,0,0,0
event=trace_row ordinal=3266 kind=3 ns=288236108986695 fields=626,627,1,2,288236108924278,0,0,0,0,0,0,0,0,4,1,3
event=trace_row ordinal=3267 kind=5 ns=288236118983588 fields=513,6,15,0,0,0,0,0,0,0,16,0,0,0,0,0
event=trace_row ordinal=3268 kind=0 ns=288236118925255 fields=627,2,0,50,2,0,0,0,0,0,0,0,0,0,0,0
event=trace_row ordinal=3269 kind=1 ns=288236118925255 fields=627,2,0,1009,1000,200,200,0,1,0,0,0,0,0,0,0
event=trace_row ordinal=3270 kind=1 ns=288236118925255 fields=627,2,1,1008,1006,200,200,0,1,0,0,0,0,0,0,0
event=trace_row ordinal=3271 kind=3 ns=288236118993213 fields=627,628,1,2,288236118925255,0,0,0,0,0,0,0,0,4,1,3
event=trace_row ordinal=3272 kind=5 ns=288236128977856 fields=513,6,15,0,0,0,0,0,0,0,16,0,0,0,0,0
event=trace_row ordinal=3273 kind=0 ns=288236128924773 fields=628,2,0,25,1,0,0,0,0,0,0,0,0,0,0,0
event=trace_row ordinal=3274 kind=1 ns=288236128924773 fields=628,2,0,1008,1006,200,200,0,1,0,0,0,0,0,0,0
event=trace_row ordinal=3275 kind=3 ns=288236128987190 fields=628,629,1,2,288236128924773,0,0,0,0,0,0,0,0,4,1,3
event=trace_row ordinal=3276 kind=4 ns=288236132240737 fields=385,8,39,20,39,20,0,0,0,0,16,0,0,0,0,0
event=trace_row ordinal=3277 kind=4 ns=288236132434404 fields=641,5,3,0,0,0,0,0,0,0,16,0,0,0,0,0
event=trace_row ordinal=3278 kind=5 ns=288236138982916 fields=513,6,15,0,0,0,0,0,0,0,16,0,0,0,0,0
event=trace_row ordinal=3279 kind=0 ns=288236138924583 fields=629,2,0,50,2,0,0,0,0,0,0,0,0,0,0,0
event=trace_row ordinal=3280 kind=1 ns=288236138924583 fields=629,2,0,1008,1006,200,200,0,1,0,0,0,0,0,0,0
event=trace_row ordinal=3281 kind=1 ns=288236138924583 fields=629,2,1,1009,1047,200,200,0,1,0,0,0,0,0,0,0
event=trace_row ordinal=3282 kind=3 ns=288236138992250 fields=629,630,1,2,288236138924583,0,66,0,0,0,0,0,0,4,1,3
event=trace_row ordinal=3283 kind=5 ns=288236148978351 fields=513,6,15,0,0,0,0,0,0,0,16,0,0,0,0,0
event=trace_row ordinal=3284 kind=0 ns=288236148925268 fields=630,2,0,25,1,0,0,0,0,0,0,0,0,0,0,0
event=trace_row ordinal=3285 kind=1 ns=288236148925268 fields=630,2,0,1009,1047,200,200,0,1,0,0,0,0,0,0,0
event=trace_row ordinal=3286 kind=3 ns=288236148987685 fields=630,631,1,2,288236148925268,0,66,0,0,0,0,0,0,4,1,3
event=trace_row ordinal=3287 kind=5 ns=288236158999161 fields=513,6,15,0,0,0,0,0,0,0,16,0,0,0,0,0
event=trace_row ordinal=3288 kind=0 ns=288236158932370 fields=631,2,0,25,1,0,0,0,0,0,0,0,0,0,0,0
event=trace_row ordinal=3289 kind=1 ns=288236158932370 fields=631,2,0,1009,1047,200,200,0,1,0,0,0,0,0,0,0
event=trace_row ordinal=3290 kind=3 ns=288236159010828 fields=631,632,1,2,288236158932370,0,66,0,0,0,0,0,0,4,1,3
event=trace_row ordinal=3291 kind=5 ns=288236168997513 fields=513,6,15,0,0,0,0,0,0,0,16,0,0,0,0,0
event=trace_row ordinal=3292 kind=0 ns=288236168930430 fields=632,2,0,50,2,0,0,0,0,0,0,0,0,0,0,0
event=trace_row ordinal=3293 kind=1 ns=288236168930430 fields=632,2,0,1008,1112,200,200,0,1,0,0,0,0,0,0,0
event=trace_row ordinal=3294 kind=1 ns=288236168930430 fields=632,2,1,1008,1112,200,200,0,1,0,0,0,0,0,0,0
event=trace_row ordinal=3295 kind=3 ns=288236169008305 fields=632,633,1,2,288236168930430,0,147,0,0,0,0,0,0,4,1,3
event=trace_row ordinal=3296 kind=5 ns=288236179095032 fields=513,6,15,0,0,0,0,0,0,0,16,0,0,0,0,0
event=trace_row ordinal=3297 kind=0 ns=288236178967573 fields=633,2,0,25,1,0,0,0,0,0,0,0,0,0,0,0
event=trace_row ordinal=3298 kind=1 ns=288236178967573 fields=633,2,0,1008,1112,200,200,0,1,0,0,0,0,0,0,0
event=trace_row ordinal=3299 kind=3 ns=288236179115740 fields=633,634,1,2,288236178967573,0,147,0,0,0,0,0,0,4,1,3
event=trace_row ordinal=3300 kind=4 ns=288236182204787 fields=385,8,39,20,39,20,0,0,0,0,16,0,0,0,0,0
event=trace_row ordinal=3301 kind=4 ns=288236182384746 fields=641,5,3,0,0,0,0,0,0,0,16,0,0,0,0,0
event=trace_row ordinal=3302 kind=5 ns=288236189062467 fields=513,6,15,0,0,0,0,0,0,0,16,0,0,0,0,0
event=trace_row ordinal=3303 kind=0 ns=288236188953091 fields=634,2,0,50,2,0,0,0,0,0,0,0,0,0,0,0
event=trace_row ordinal=3304 kind=1 ns=288236188953091 fields=634,2,0,1009,1195,200,200,0,1,0,0,0,0,0,0,0
event=trace_row ordinal=3305 kind=1 ns=288236188953091 fields=634,2,1,1009,1195,200,200,0,1,0,0,0,0,0,0,0
event=trace_row ordinal=3306 kind=3 ns=288236189079967 fields=634,635,1,2,288236188953091,0,250,0,0,0,0,0,0,4,1,3
event=trace_row ordinal=3307 kind=5 ns=288236199112443 fields=513,6,15,0,0,0,0,0,0,0,16,0,0,0,0,0
event=trace_row ordinal=3308 kind=0 ns=288236198974193 fields=635,2,0,25,1,0,0,0,0,0,0,0,0,0,0,0
event=trace_row ordinal=3309 kind=1 ns=288236198974193 fields=635,2,0,1009,1195,200,200,0,1,0,0,0,0,0,0,0
event=trace_row ordinal=3310 kind=3 ns=288236199136652 fields=635,636,1,2,288236198974193,0,250,0,0,0,0,0,0,4,1,3
event=trace_row ordinal=3311 kind=5 ns=288236209111087 fields=513,6,15,0,0,0,0,0,0,0,16,0,0,0,0,0
event=trace_row ordinal=3312 kind=0 ns=288236208986836 fields=636,2,0,50,2,0,0,0,0,0,0,0,0,0,0,0
event=trace_row ordinal=3313 kind=1 ns=288236208986836 fields=636,2,0,1008,1268,200,200,0,1,0,0,0,0,0,0,0
event=trace_row ordinal=3314 kind=1 ns=288236208986836 fields=636,2,1,1008,1268,200,200,0,1,0,0,0,0,0,0,0
event=trace_row ordinal=3315 kind=3 ns=288236209132962 fields=636,637,1,2,288236208986836,0,340,0,0,0,0,0,0,4,1,3
event=trace_row ordinal=3316 kind=4 ns=288236215759932 fields=1793,1,5,0,0,0,0,0,0,0,16,0,0,0,0,0
event=trace_row ordinal=3317 kind=5 ns=288236219100688 fields=513,6,15,0,0,0,0,0,0,0,16,0,0,0,0,0
event=trace_row ordinal=3318 kind=0 ns=288236218973813 fields=637,2,0,25,1,0,0,0,0,0,0,0,0,0,0,0
event=trace_row ordinal=3319 kind=1 ns=288236218973813 fields=637,2,0,1008,1268,200,200,0,1,0,0,0,0,0,0,0
event=trace_row ordinal=3320 kind=3 ns=288236219122272 fields=637,638,1,2,288236218973813,0,340,0,0,0,0,0,0,4,1,3
event=trace_row ordinal=3321 kind=5 ns=288236229008915 fields=513,6,15,0,0,0,0,0,0,0,16,0,0,0,0,0
event=trace_row ordinal=3322 kind=0 ns=288236228940373 fields=638,2,0,25,1,0,0,0,0,0,0,0,0,0,0,0
event=trace_row ordinal=3323 kind=1 ns=288236228940373 fields=638,2,0,1009,1326,200,200,0,1,0,0,0,0,0,0,0
event=trace_row ordinal=3324 kind=3 ns=288236229021165 fields=638,639,1,2,288236228940373,0,412,0,0,0,0,0,0,4,1,3
event=trace_row ordinal=3325 kind=4 ns=288236232145212 fields=385,8,39,20,39,20,0,0,0,0,16,0,0,0,0,0
event=trace_row ordinal=3326 kind=4 ns=288236232333337 fields=641,5,3,0,0,0,0,0,0,0,16,0,0,0,0,0
event=trace_row ordinal=3327 kind=5 ns=288236239164475 fields=513,6,15,0,0,0,0,0,0,0,16,0,0,0,0,0
event=trace_row ordinal=3328 kind=0 ns=288236238997350 fields=639,2,0,50,2,0,0,0,0,0,0,0,0,0,0,0
event=trace_row ordinal=3329 kind=1 ns=288236238997350 fields=639,2,0,1009,1326,200,200,0,1,0,0,0,0,0,0,0
event=trace_row ordinal=3330 kind=1 ns=288236238997350 fields=639,2,1,1009,1326,200,200,0,1,0,0,0,0,0,0,0
event=trace_row ordinal=3331 kind=3 ns=288236239192475 fields=639,640,1,2,288236238997350,0,412,0,0,0,0,0,0,4,1,3
event=trace_row ordinal=3332 kind=5 ns=288236249014076 fields=513,6,15,0,0,0,0,0,0,0,16,0,0,0,0,0
event=trace_row ordinal=3333 kind=0 ns=288236248944368 fields=640,2,0,25,1,0,0,0,0,0,0,0,0,0,0,0
event=trace_row ordinal=3334 kind=1 ns=288236248944368 fields=640,2,0,1008,1388,200,200,0,1,0,0,0,0,0,0,0
event=trace_row ordinal=3335 kind=3 ns=288236249028076 fields=640,641,1,2,288236248944368,0,489,0,0,0,0,0,0,4,1,3
event=trace_row ordinal=3336 kind=5 ns=288236259162053 fields=513,6,15,0,0,0,0,0,0,0,16,0,0,0,0,0
event=trace_row ordinal=3337 kind=0 ns=288236258996386 fields=641,2,0,50,2,0,0,0,0,0,0,0,0,0,0,0
event=trace_row ordinal=3338 kind=1 ns=288236258996386 fields=641,2,0,1008,1388,200,200,0,1,0,0,0,0,0,0,0
event=trace_row ordinal=3339 kind=1 ns=288236258996386 fields=641,2,1,1009,1427,200,200,0,1,0,0,0,0,0,0,0
event=trace_row ordinal=3340 kind=3 ns=288236259188595 fields=641,642,1,2,288236258996386,0,537,0,0,0,0,0,0,4,1,3
event=trace_row ordinal=3341 kind=5 ns=288236269092446 fields=513,6,15,0,0,0,0,0,0,0,16,0,0,0,0,0
event=trace_row ordinal=3342 kind=0 ns=288236268969655 fields=642,2,0,25,1,0,0,0,0,0,0,0,0,0,0,0
event=trace_row ordinal=3343 kind=1 ns=288236268969655 fields=642,2,0,1009,1427,200,200,0,1,0,0,0,0,0,0,0
event=trace_row ordinal=3344 kind=3 ns=288236269113446 fields=642,643,1,2,288236268969655,0,537,0,0,0,0,0,0,4,1,3
event=trace_row ordinal=3345 kind=5 ns=288236279058131 fields=513,6,15,0,0,0,0,0,0,0,16,0,0,0,0,0
event=trace_row ordinal=3346 kind=0 ns=288236278956340 fields=643,2,0,50,2,0,0,0,0,0,0,0,0,0,0,0
event=trace_row ordinal=3347 kind=1 ns=288236278956340 fields=643,2,0,1009,1427,200,200,0,1,0,0,0,0,0,0,0
event=trace_row ordinal=3348 kind=1 ns=288236278956340 fields=643,2,1,1008,1465,200,200,0,1,0,0,0,0,0,0,0
event=trace_row ordinal=3349 kind=3 ns=288236279074756 fields=643,644,1,2,288236278956340,0,584,0,0,0,0,0,0,4,1,3
event=trace_row ordinal=3350 kind=4 ns=288236282113345 fields=385,8,39,20,39,20,0,0,0,0,16,0,0,0,0,0
event=trace_row ordinal=3351 kind=4 ns=288236282276096 fields=641,5,3,0,0,0,0,0,0,0,16,0,0,0,0,0
event=trace_row ordinal=3352 kind=5 ns=288236289094983 fields=513,6,15,0,0,0,0,0,0,0,16,0,0,0,0,0
event=trace_row ordinal=3353 kind=0 ns=288236288973650 fields=644,2,0,25,1,0,0,0,0,0,0,0,0,0,0,0
event=trace_row ordinal=3354 kind=1 ns=288236288973650 fields=644,2,0,1008,1465,200,200,0,1,0,0,0,0,0,0,0
event=trace_row ordinal=3355 kind=3 ns=288236289115400 fields=644,645,1,2,288236288973650,0,584,0,0,0,0,0,0,4,1,3
event=trace_row ordinal=3356 kind=5 ns=288236299060376 fields=513,6,15,0,0,0,0,0,0,0,16,0,0,0,0,0
event=trace_row ordinal=3357 kind=0 ns=288236298960918 fields=645,2,0,25,1,0,0,0,0,0,0,0,0,0,0,0
event=trace_row ordinal=3358 kind=1 ns=288236298960918 fields=645,2,0,1008,1465,200,200,0,1,0,0,0,0,0,0,0
event=trace_row ordinal=3359 kind=3 ns=288236299077293 fields=645,646,1,2,288236298960918,0,584,0,0,0,0,0,0,4,1,3
event=trace_row ordinal=3360 kind=5 ns=288236309049978 fields=513,6,15,0,0,0,3,0,0,0,16,0,0,0,0,0
event=trace_row ordinal=3361 kind=0 ns=288236308951394 fields=646,2,0,50,2,0,0,0,0,0,0,0,0,0,0,0
event=trace_row ordinal=3362 kind=1 ns=288236308951394 fields=646,2,0,1009,1498,200,200,0,1,0,0,0,0,0,0,0
event=trace_row ordinal=3363 kind=1 ns=288236308951394 fields=646,2,1,1009,1498,200,200,0,1,0,0,0,0,0,0,0
event=trace_row ordinal=3364 kind=3 ns=288236309065728 fields=646,647,1,2,288236308951394,0,625,3,3,0,3,0,3,5,1,3
event=trace_row ordinal=3365 kind=5 ns=288236319078371 fields=513,6,15,0,0,0,3,0,0,0,16,0,0,0,0,0
event=trace_row ordinal=3366 kind=0 ns=288236318964913 fields=647,2,0,25,1,0,0,0,0,0,0,0,0,0,0,0
event=trace_row ordinal=3367 kind=1 ns=288236318964913 fields=647,2,0,1009,1498,200,200,0,1,0,0,0,0,0,0,0
event=trace_row ordinal=3368 kind=3 ns=288236319097913 fields=647,648,1,2,288236318964913,0,625,3,3,0,3,0,3,5,1,3
event=trace_row ordinal=3369 kind=5 ns=288236329080806 fields=513,6,15,0,0,0,3,0,0,0,16,0,0,0,0,0
event=trace_row ordinal=3370 kind=0 ns=288236328959181 fields=648,2,0,50,2,0,0,0,0,0,0,0,0,0,0,0
event=trace_row ordinal=3371 kind=1 ns=288236328959181 fields=648,2,0,1008,1528,200,200,0,1,0,0,0,0,0,0,0
event=trace_row ordinal=3372 kind=1 ns=288236328959181 fields=648,2,1,1008,1528,200,200,0,1,0,0,0,0,0,0,0
event=trace_row ordinal=3373 kind=3 ns=288236329101515 fields=648,649,1,2,288236328959181,0,662,3,3,0,3,0,3,5,1,3
event=trace_row ordinal=3374 kind=4 ns=288236332041812 fields=385,8,39,20,39,64,0,0,1,0,16,0,0,0,0,0
event=trace_row ordinal=3375 kind=4 ns=288236332222937 fields=641,5,3,0,0,0,0,0,0,0,16,0,0,0,0,0
event=trace_row ordinal=3376 kind=5 ns=288236339057283 fields=513,6,15,0,0,0,3,0,0,0,16,0,0,0,0,0
event=trace_row ordinal=3377 kind=0 ns=288236338953449 fields=649,2,0,25,1,0,0,0,0,0,0,0,0,0,0,0
event=trace_row ordinal=3378 kind=1 ns=288236338953449 fields=649,2,0,1008,1528,200,200,0,1,0,0,0,0,0,0,0
event=trace_row ordinal=3379 kind=3 ns=288236339075366 fields=649,650,1,2,288236338953449,0,662,3,3,0,3,0,3,5,1,3
event=trace_row ordinal=3380 kind=5 ns=288236349048635 fields=513,6,15,0,0,0,3,0,0,0,16,0,0,0,0,0
event=trace_row ordinal=3381 kind=0 ns=288236348950051 fields=650,2,0,50,2,0,0,0,0,0,0,0,0,0,0,0
event=trace_row ordinal=3382 kind=1 ns=288236348950051 fields=650,2,0,1008,1562,200,200,0,1,0,0,0,0,0,0,0
event=trace_row ordinal=3383 kind=1 ns=288236348950051 fields=650,2,1,1008,1562,200,200,0,1,0,0,0,0,0,0,0
event=trace_row ordinal=3384 kind=3 ns=288236349065843 fields=650,651,1,2,288236348950051,0,705,3,3,0,3,0,3,5,1,3
event=trace_row ordinal=3385 kind=5 ns=288236359051945 fields=513,6,15,0,0,0,3,0,0,0,16,0,0,0,0,0
event=trace_row ordinal=3386 kind=0 ns=288236358948111 fields=651,2,0,25,1,0,0,0,0,0,0,0,0,0,0,0
event=trace_row ordinal=3387 kind=1 ns=288236358948111 fields=651,2,0,1008,1562,200,200,0,1,0,0,0,0,0,0,0
event=trace_row ordinal=3388 kind=3 ns=288236359069153 fields=651,652,1,2,288236358948111,0,705,3,3,0,3,0,3,5,1,3
event=trace_row ordinal=3389 kind=5 ns=288236369021129 fields=513,6,15,0,0,0,3,0,0,0,16,0,0,0,0,0
event=trace_row ordinal=3390 kind=0 ns=288236368939463 fields=652,2,0,25,1,0,0,0,0,0,0,0,0,0,0,0
event=trace_row ordinal=3391 kind=1 ns=288236368939463 fields=652,2,0,1008,1590,200,200,0,1,0,0,0,0,0,0,0
event=trace_row ordinal=3392 kind=3 ns=288236369035713 fields=652,653,1,2,288236368939463,0,739,3,3,0,3,0,3,5,1,3
event=trace_row ordinal=3393 kind=5 ns=288236379047773 fields=513,6,15,0,0,0,3,0,0,0,16,0,0,0,0,0
event=trace_row ordinal=3394 kind=0 ns=288236378948898 fields=653,2,0,50,2,0,0,0,0,0,0,0,0,0,0,0
event=trace_row ordinal=3395 kind=1 ns=288236378948898 fields=653,2,0,1008,1590,200,200,0,1,0,0,0,0,0,0,0
event=trace_row ordinal=3396 kind=1 ns=288236378948898 fields=653,2,1,1008,1590,200,200,0,1,0,0,0,0,0,0,0
event=trace_row ordinal=3397 kind=3 ns=288236379065273 fields=653,654,1,2,288236378948898,0,739,3,3,0,3,0,3,5,1,3
event=trace_row ordinal=3398 kind=4 ns=288236381984862 fields=385,8,39,20,39,68,0,0,24,0,16,0,0,0,0,0
event=trace_row ordinal=3399 kind=4 ns=288236382169779 fields=641,5,3,0,0,0,0,0,0,0,16,0,0,0,0,0
event=trace_row ordinal=3400 kind=5 ns=288236388986041 fields=513,6,15,0,0,0,3,0,0,0,16,0,0,0,0,0
event=trace_row ordinal=3401 kind=0 ns=288236388928583 fields=654,2,0,25,1,0,0,0,0,0,0,0,0,0,0,0
event=trace_row ordinal=3402 kind=1 ns=288236388928583 fields=654,2,0,1008,1613,200,200,0,1,0,0,0,0,0,0,0
event=trace_row ordinal=3403 kind=3 ns=288236388995666 fields=654,655,1,2,288236388928583,0,768,3,3,0,3,0,3,5,1,3
event=trace_row ordinal=3404 kind=5 ns=288236398986143 fields=513,6,15,0,0,0,4,0,0,0,16,0,0,0,0,0
event=trace_row ordinal=3405 kind=0 ns=288236398925768 fields=655,2,0,50,2,0,0,0,0,0,0,0,0,0,0,0
event=trace_row ordinal=3406 kind=1 ns=288236398925768 fields=655,2,0,1008,1613,200,200,0,1,0,0,0,0,0,0,0
event=trace_row ordinal=3407 kind=1 ns=288236398925768 fields=655,2,1,1008,1647,200,200,0,1,0,0,0,0,0,0,0
event=trace_row ordinal=3408 kind=3 ns=288236398995768 fields=655,656,1,2,288236398925768,0,810,4,4,0,4,0,4,5,1,3
event=trace_row ordinal=3409 kind=5 ns=288236408980994 fields=513,6,15,0,0,0,4,0,0,0,16,0,0,0,0,0
event=trace_row ordinal=3410 kind=0 ns=288236408925869 fields=656,2,0,25,1,0,0,0,0,0,0,0,0,0,0,0
event=trace_row ordinal=3411 kind=1 ns=288236408925869 fields=656,2,0,1008,1647,200,200,0,1,0,0,0,0,0,0,0
event=trace_row ordinal=3412 kind=3 ns=288236408990328 fields=656,657,1,2,288236408925869,0,810,4,4,0,4,0,4,5,1,3
event=trace_row ordinal=3413 kind=5 ns=288236418984888 fields=513,6,15,0,0,0,4,0,0,0,16,0,0,0,0,0
event=trace_row ordinal=3414 kind=0 ns=288236418924804 fields=657,2,0,50,2,0,0,0,0,0,0,0,0,0,0,0
event=trace_row ordinal=3415 kind=1 ns=288236418924804 fields=657,2,0,1008,1647,200,200,0,1,0,0,0,0,0,0,0
event=trace_row ordinal=3416 kind=1 ns=288236418924804 fields=657,2,1,1009,1688,200,200,0,1,0,0,0,0,0,0,0
event=trace_row ordinal=3417 kind=3 ns=288236418995096 fields=657,658,1,2,288236418924804,0,861,4,4,0,4,0,4,5,1,3
event=trace_row ordinal=3418 kind=5 ns=288236428979156 fields=513,6,15,0,0,0,4,0,0,0,16,0,0,0,0,0
event=trace_row ordinal=3419 kind=0 ns=288236428925198 fields=658,2,0,25,1,0,0,0,0,0,0,0,0,0,0,0
event=trace_row ordinal=3420 kind=1 ns=288236428925198 fields=658,2,0,1009,1688,200,200,0,1,0,0,0,0,0,0,0
event=trace_row ordinal=3421 kind=3 ns=288236428988781 fields=658,659,1,2,288236428925198,0,861,4,4,0,4,0,4,5,1,3
event=trace_row ordinal=3422 kind=4 ns=288236431923828 fields=385,8,39,20,39,64,0,0,32,0,16,0,0,0,0,0
event=trace_row ordinal=3423 kind=4 ns=288236432116912 fields=641,5,3,0,0,0,0,0,0,0,16,0,0,0,0,0
event=trace_row ordinal=3424 kind=5 ns=288236438979258 fields=513,6,15,0,0,0,4,0,0,0,16,0,0,0,0,0
event=trace_row ordinal=3425 kind=0 ns=288236438925007 fields=659,2,0,25,1,0,0,0,0,0,0,0,0,0,0,0
event=trace_row ordinal=3426 kind=1 ns=288236438925007 fields=659,2,0,1009,1688,200,200,0,1,0,0,0,0,0,0,0
event=trace_row ordinal=3427 kind=3 ns=288236438988883 fields=659,660,1,2,288236438925007,0,861,4,4,0,4,0,4,5,1,3
event=trace_row ordinal=3428 kind=5 ns=288236448984026 fields=513,6,15,0,0,0,4,0,0,0,16,0,0,0,0,0
event=trace_row ordinal=3429 kind=0 ns=288236448924817 fields=660,2,0,50,2,0,0,0,0,0,0,0,0,0,0,0
event=trace_row ordinal=3430 kind=1 ns=288236448924817 fields=660,2,0,1008,1720,200,200,0,1,0,0,0,0,0,0,0
event=trace_row ordinal=3431 kind=1 ns=288236448924817 fields=660,2,1,1008,1720,200,200,0,1,0,0,0,0,0,0,0
event=trace_row ordinal=3432 kind=3 ns=288236448993943 fields=660,661,1,2,288236448924817,0,900,4,4,0,4,0,4,5,1,3
event=trace_row ordinal=3433 kind=5 ns=288236458978878 fields=513,6,15,0,0,0,4,0,0,0,16,0,0,0,0,0
event=trace_row ordinal=3434 kind=0 ns=288236458924919 fields=661,2,0,25,1,0,0,0,0,0,0,0,0,0,0,0
event=trace_row ordinal=3435 kind=1 ns=288236458924919 fields=661,2,0,1008,1720,200,200,0,1,0,0,0,0,0,0,0
event=trace_row ordinal=3436 kind=3 ns=288236458988794 fields=661,662,1,2,288236458924919,0,900,4,4,0,4,0,4,5,1,3
event=trace_row ordinal=3437 kind=4 ns=288236465281222 fields=1793,1,5,0,0,0,0,0,0,0,16,0,0,0,0,0
event=trace_row ordinal=3438 kind=5 ns=288236468984813 fields=513,6,15,0,0,0,4,0,0,0,16,0,0,0,0,0
event=trace_row ordinal=3439 kind=0 ns=288236468925896 fields=662,2,0,50,2,0,0,0,0,0,0,0,0,0,0,0
event=trace_row ordinal=3440 kind=1 ns=288236468925896 fields=662,2,0,1008,1752,200,200,0,1,0,0,0,0,0,0,0
event=trace_row ordinal=3441 kind=1 ns=288236468925896 fields=662,2,1,1008,1752,200,200,0,1,0,0,0,0,0,0,0
event=trace_row ordinal=3442 kind=3 ns=288236468994438 fields=662,663,1,2,288236468925896,0,940,4,4,0,4,0,4,5,1,3
event=trace_row ordinal=3443 kind=5 ns=288236478978498 fields=513,6,15,0,0,0,4,0,0,0,16,0,0,0,0,0
event=trace_row ordinal=3444 kind=0 ns=288236478924831 fields=663,2,0,25,1,0,0,0,0,0,0,0,0,0,0,0
event=trace_row ordinal=3445 kind=1 ns=288236478924831 fields=663,2,0,1008,1752,200,200,0,1,0,0,0,0,0,0,0
event=trace_row ordinal=3446 kind=3 ns=288236478988123 fields=663,664,1,2,288236478924831,0,940,4,4,0,4,0,4,5,1,3
event=trace_row ordinal=3447 kind=4 ns=288236481857253 fields=385,8,39,20,39,68,0,0,42,0,16,0,0,0,0,0
event=trace_row ordinal=3448 kind=4 ns=288236482062295 fields=641,5,3,0,0,0,0,0,0,0,16,0,0,0,0,0
event=trace_row ordinal=3449 kind=5 ns=288236488983558 fields=513,6,15,0,0,0,4,0,0,0,16,0,0,0,0,0
event=trace_row ordinal=3450 kind=0 ns=288236488924932 fields=664,2,0,50,2,0,0,0,0,0,0,0,0,0,0,0
event=trace_row ordinal=3451 kind=1 ns=288236488924932 fields=664,2,0,1008,1769,200,200,0,1,0,0,0,0,0,0,0
event=trace_row ordinal=3452 kind=1 ns=288236488924932 fields=664,2,1,1008,1769,200,200,0,1,0,0,0,0,0,0,0
event=trace_row ordinal=3453 kind=3 ns=288236488992891 fields=664,665,1,2,288236488924932,0,961,4,4,0,4,0,4,5,1,3
event=trace_row ordinal=3454 kind=5 ns=288236498980159 fields=513,6,15,0,0,0,4,0,0,0,16,0,0,0,0,0
event=trace_row ordinal=3455 kind=0 ns=288236498926201 fields=665,2,0,25,1,0,0,0,0,0,0,0,0,0,0,0
event=trace_row ordinal=3456 kind=1 ns=288236498926201 fields=665,2,0,1008,1769,200,200,0,1,0,0,0,0,0,0,0
event=trace_row ordinal=3457 kind=3 ns=288236498989493 fields=665,666,1,2,288236498926201,0,961,4,4,0,4,0,4,5,1,3
event=trace_row ordinal=3458 kind=5 ns=288236508979094 fields=513,6,15,0,0,0,4,0,0,0,16,0,0,0,0,0
event=trace_row ordinal=3459 kind=0 ns=288236508924844 fields=666,2,0,25,1,0,0,0,0,0,0,0,0,0,0,0
event=trace_row ordinal=3460 kind=1 ns=288236508924844 fields=666,2,0,1008,1796,200,200,0,1,0,0,0,0,0,0,0
event=trace_row ordinal=3461 kind=3 ns=288236508988427 fields=666,667,1,2,288236508924844,0,995,4,4,0,4,0,4,5,1,3
event=trace_row ordinal=3462 kind=5 ns=288236518985029 fields=513,6,15,0,0,0,4,0,0,0,16,0,0,0,0,0
event=trace_row ordinal=3463 kind=0 ns=288236518924946 fields=667,2,0,50,2,0,0,0,0,0,0,0,0,0,0,0
event=trace_row ordinal=3464 kind=1 ns=288236518924946 fields=667,2,0,1008,1796,200,200,0,1,0,0,0,0,0,0,0
event=trace_row ordinal=3465 kind=1 ns=288236518924946 fields=667,2,1,1008,1796,200,200,0,1,0,0,0,0,0,0,0
event=trace_row ordinal=3466 kind=3 ns=288236518994362 fields=667,668,1,2,288236518924946,0,995,4,4,0,4,0,4,5,1,3
event=trace_row ordinal=3467 kind=5 ns=288236528979006 fields=513,6,15,0,0,0,5,0,0,0,16,0,0,0,0,0
event=trace_row ordinal=3468 kind=0 ns=288236528924464 fields=668,2,0,25,1,0,0,0,0,0,0,0,0,0,0,0
event=trace_row ordinal=3469 kind=1 ns=288236528924464 fields=668,2,0,1008,1800,200,200,0,1,0,0,0,0,0,0,0
event=trace_row ordinal=3470 kind=3 ns=288236528988339 fields=668,669,1,2,288236528924464,0,1000,5,5,0,5,0,5,5,1,3
event=trace_row ordinal=3471 kind=4 ns=288236532023428 fields=385,8,39,20,39,64,0,0,35,0,16,0,0,0,0,0
event=trace_row ordinal=3472 kind=4 ns=288236532100428 fields=641,5,3,0,0,0,0,0,0,0,16,0,0,0,0,0
event=trace_row ordinal=3473 kind=5 ns=288236539075649 fields=513,6,15,0,0,0,5,0,0,0,16,0,0,0,0,0
event=trace_row ordinal=3474 kind=0 ns=288236538965107 fields=669,2,0,50,2,0,0,0,0,0,0,0,0,0,0,0
event=trace_row ordinal=3475 kind=1 ns=288236538965107 fields=669,2,0,1008,1800,200,200,0,1,0,0,0,0,0,0,0
event=trace_row ordinal=3476 kind=1 ns=288236538965107 fields=669,2,1,1009,1800,200,200,0,1,0,0,0,0,0,0,0
event=trace_row ordinal=3477 kind=3 ns=288236539094024 fields=669,670,1,2,288236538965107,0,1000,5,5,0,5,0,5,5,1,3
event=trace_row ordinal=3478 kind=5 ns=288236548999334 fields=513,6,15,0,0,0,5,0,0,0,16,0,0,0,0,0
event=trace_row ordinal=3479 kind=0 ns=288236548936334 fields=670,2,0,25,1,0,0,0,0,0,0,0,0,0,0,0
event=trace_row ordinal=3480 kind=1 ns=288236548936334 fields=670,2,0,1009,1800,200,200,0,1,0,0,0,0,0,0,0
event=trace_row ordinal=3481 kind=3 ns=288236549010126 fields=670,671,1,2,288236548936334,0,1000,5,5,0,5,0,5,5,1,3
event=trace_row ordinal=3482 kind=5 ns=288236558986311 fields=513,6,15,0,0,0,5,0,0,0,16,0,0,0,0,0
event=trace_row ordinal=3483 kind=0 ns=288236558926811 fields=671,2,0,50,2,0,0,0,0,0,0,0,0,0,0,0
event=trace_row ordinal=3484 kind=1 ns=288236558926811 fields=671,2,0,1009,1800,200,200,0,1,0,0,0,0,0,0,0
event=trace_row ordinal=3485 kind=1 ns=288236558926811 fields=671,2,1,1008,1800,200,200,0,1,0,0,0,0,0,0,0
event=trace_row ordinal=3486 kind=3 ns=288236558995644 fields=671,672,1,2,288236558926811,0,1000,5,5,0,5,0,5,5,1,3
event=trace_row ordinal=3487 kind=5 ns=288236568980287 fields=513,6,15,0,0,0,5,0,0,0,16,0,0,0,0,0
event=trace_row ordinal=3488 kind=0 ns=288236568926621 fields=672,2,0,25,1,0,0,0,0,0,0,0,0,0,0,0
event=trace_row ordinal=3489 kind=1 ns=288236568926621 fields=672,2,0,1008,1800,200,200,0,1,0,0,0,0,0,0,0
event=trace_row ordinal=3490 kind=3 ns=288236568990204 fields=672,673,1,2,288236568926621,0,1000,5,5,0,5,0,5,5,1,3
event=trace_row ordinal=3491 kind=5 ns=288236578978931 fields=513,6,15,0,0,0,5,0,0,0,16,0,0,0,0,0
event=trace_row ordinal=3492 kind=0 ns=288236578924681 fields=673,2,0,25,1,0,0,0,0,0,0,0,0,0,0,0
event=trace_row ordinal=3493 kind=1 ns=288236578924681 fields=673,2,0,1008,1800,200,200,0,1,0,0,0,0,0,0,0
event=trace_row ordinal=3494 kind=3 ns=288236578988264 fields=673,674,1,2,288236578924681,0,1000,5,5,0,5,0,5,5,1,3
event=trace_row ordinal=3495 kind=4 ns=288236581761727 fields=385,8,39,20,39,68,0,0,48,0,16,0,0,0,0,0
event=trace_row ordinal=3496 kind=4 ns=288236581956853 fields=641,5,3,0,0,0,0,0,0,0,16,0,0,0,0,0
event=trace_row ordinal=3497 kind=5 ns=288236588984574 fields=513,6,15,0,0,0,5,0,0,0,16,0,0,0,0,0
event=trace_row ordinal=3498 kind=0 ns=288236588925949 fields=674,2,0,50,2,0,0,0,0,0,0,0,0,0,0,0
event=trace_row ordinal=3499 kind=1 ns=288236588925949 fields=674,2,0,1009,1800,200,200,0,1,0,0,0,0,0,0,0
event=trace_row ordinal=3500 kind=1 ns=288236588925949 fields=674,2,1,1009,1800,200,200,0,1,0,0,0,0,0,0,0
event=trace_row ordinal=3501 kind=3 ns=288236588995074 fields=674,675,1,2,288236588925949,0,1000,5,5,0,5,0,5,5,1,3
event=trace_row ordinal=3502 kind=5 ns=288236598977384 fields=513,6,15,0,0,0,5,0,0,0,16,0,0,0,0,0
event=trace_row ordinal=3503 kind=0 ns=288236598924301 fields=675,2,0,25,1,0,0,0,0,0,0,0,0,0,0,0
event=trace_row ordinal=3504 kind=1 ns=288236598924301 fields=675,2,0,1009,1800,200,200,0,1,0,0,0,0,0,0,0
event=trace_row ordinal=3505 kind=3 ns=288236598986426 fields=675,676,1,2,288236598924301,0,1000,5,5,0,5,0,5,5,1,3
event=trace_row ordinal=3506 kind=5 ns=288236608984777 fields=513,6,15,0,0,0,5,0,0,0,16,0,0,0,0,0
event=trace_row ordinal=3507 kind=0 ns=288236608924986 fields=676,2,0,50,2,0,0,0,0,0,0,0,0,0,0,0
event=trace_row ordinal=3508 kind=1 ns=288236608924986 fields=676,2,0,1008,1800,200,200,0,1,0,0,0,0,0,0,0
event=trace_row ordinal=3509 kind=1 ns=288236608924986 fields=676,2,1,1008,1800,200,200,0,1,0,0,0,0,0,0,0
event=trace_row ordinal=3510 kind=3 ns=288236608994402 fields=676,677,1,2,288236608924986,0,1000,5,5,0,5,0,5,5,1,3
event=trace_row ordinal=3511 kind=5 ns=288236618977879 fields=513,6,15,0,0,0,5,0,0,0,16,0,0,0,0,0
event=trace_row ordinal=3512 kind=0 ns=288236618924795 fields=677,2,0,25,1,0,0,0,0,0,0,0,0,0,0,0
event=trace_row ordinal=3513 kind=1 ns=288236618924795 fields=677,2,0,1008,1800,200,200,0,1,0,0,0,0,0,0,0
event=trace_row ordinal=3514 kind=3 ns=288236618987212 fields=677,678,1,2,288236618924795,0,1000,5,5,0,5,0,5,5,1,3
event=trace_row ordinal=3515 kind=5 ns=288236628984106 fields=513,6,15,0,0,0,5,0,0,0,16,0,0,0,0,0
event=trace_row ordinal=3516 kind=0 ns=288236628924897 fields=678,2,0,50,2,0,0,0,0,0,0,0,0,0,0,0
event=trace_row ordinal=3517 kind=1 ns=288236628924897 fields=678,2,0,1008,1800,200,200,0,1,0,0,0,0,0,0,0
event=trace_row ordinal=3518 kind=1 ns=288236628924897 fields=678,2,1,1008,1800,200,200,0,1,0,0,0,0,0,0,0
event=trace_row ordinal=3519 kind=3 ns=288236628993439 fields=678,679,1,2,288236628924897,0,1000,5,5,0,5,0,5,5,1,3
event=trace_row ordinal=3520 kind=4 ns=288236631705652 fields=385,8,39,20,39,68,0,0,53,0,16,0,0,0,0,0
event=trace_row ordinal=3521 kind=4 ns=288236631905153 fields=641,5,3,0,0,0,0,0,0,0,16,0,0,0,0,0
event=trace_row ordinal=3522 kind=5 ns=288236638979541 fields=513,6,15,0,0,0,5,0,0,0,16,0,0,0,0,0
event=trace_row ordinal=3523 kind=0 ns=288236638924707 fields=679,2,0,25,1,0,0,0,0,0,0,0,0,0,0,0
event=trace_row ordinal=3524 kind=1 ns=288236638924707 fields=679,2,0,1008,1800,200,200,0,1,0,0,0,0,0,0,0
event=trace_row ordinal=3525 kind=3 ns=288236638988582 fields=679,680,1,2,288236638924707,0,1000,5,5,0,5,0,5,5,1,3
event=trace_row ordinal=3526 kind=5 ns=288236648977892 fields=513,6,15,0,0,0,5,0,0,0,16,0,0,0,0,0
event=trace_row ordinal=3527 kind=0 ns=288236648924517 fields=680,2,0,25,1,0,0,0,0,0,0,0,0,0,0,0
event=trace_row ordinal=3528 kind=1 ns=288236648924517 fields=680,2,0,1008,1800,200,200,0,1,0,0,0,0,0,0,0
event=trace_row ordinal=3529 kind=3 ns=288236648988101 fields=680,681,1,2,288236648924517,0,1000,5,5,0,5,0,5,5,1,3
event=trace_row ordinal=3530 kind=5 ns=288236658983244 fields=513,6,15,0,0,0,5,0,0,0,16,0,0,0,0,0
event=trace_row ordinal=3531 kind=0 ns=288236658924327 fields=681,2,0,50,2,0,0,0,0,0,0,0,0,0,0,0
event=trace_row ordinal=3532 kind=1 ns=288236658924327 fields=681,2,0,1008,1800,200,200,0,1,0,0,0,0,0,0,0
event=trace_row ordinal=3533 kind=1 ns=288236658924327 fields=681,2,1,1008,1800,200,200,0,1,0,0,0,0,0,0,0
event=trace_row ordinal=3534 kind=3 ns=288236658992869 fields=681,682,1,2,288236658924327,0,1000,5,5,0,5,0,5,5,1,3
event=trace_row ordinal=3535 kind=5 ns=288236668977804 fields=513,6,15,0,0,0,5,0,0,0,16,0,0,0,0,0
event=trace_row ordinal=3536 kind=0 ns=288236668924137 fields=682,2,0,25,1,0,0,0,0,0,0,0,0,0,0,0
event=trace_row ordinal=3537 kind=1 ns=288236668924137 fields=682,2,0,1009,1800,200,200,0,1,0,0,0,0,0,0,0
event=trace_row ordinal=3538 kind=3 ns=288236668986846 fields=682,683,1,2,288236668924137,0,1000,5,5,0,5,0,5,5,1,3
event=trace_row ordinal=3539 kind=5 ns=288236678982864 fields=513,6,15,0,0,0,5,0,0,0,16,0,0,0,0,0
event=trace_row ordinal=3540 kind=0 ns=288236678924530 fields=683,2,0,50,2,0,0,0,0,0,0,0,0,0,0,0
event=trace_row ordinal=3541 kind=1 ns=288236678924530 fields=683,2,0,1009,1800,200,200,0,1,0,0,0,0,0,0,0
event=trace_row ordinal=3542 kind=1 ns=288236678924530 fields=683,2,1,1008,1800,200,200,0,1,0,0,0,0,0,0,0
event=trace_row ordinal=3543 kind=3 ns=288236678992197 fields=683,684,1,2,288236678924530,0,1000,5,5,0,5,0,5,5,1,3
event=trace_row ordinal=3544 kind=4 ns=288236681651910 fields=385,8,39,20,39,68,0,0,44,0,16,0,0,0,0,0
event=trace_row ordinal=3545 kind=4 ns=288236681848786 fields=641,5,3,0,0,0,0,0,0,0,16,0,0,0,0,0
event=trace_row ordinal=3546 kind=5 ns=288236688991132 fields=513,6,15,0,0,0,5,0,0,0,16,0,0,0,0,0
event=trace_row ordinal=3547 kind=0 ns=288236688929882 fields=684,2,0,25,1,0,0,0,0,0,0,0,0,0,0,0
event=trace_row ordinal=3548 kind=1 ns=288236688929882 fields=684,2,0,1008,1800,200,200,0,1,0,0,0,0,0,0,0
event=trace_row ordinal=3549 kind=3 ns=288236689001924 fields=684,685,1,2,288236688929882,0,1000,5,5,0,5,0,5,5,1,3
event=trace_row ordinal=3550 kind=5 ns=288236698990942 fields=513,6,15,0,0,0,5,0,0,0,16,0,0,0,0,0
event=trace_row ordinal=3551 kind=0 ns=288236698928817 fields=685,2,0,50,2,0,0,0,0,0,0,0,0,0,0,0
event=trace_row ordinal=3552 kind=1 ns=288236698928817 fields=685,2,0,1008,1800,200,200,0,1,0,0,0,0,0,0,0
event=trace_row ordinal=3553 kind=1 ns=288236698928817 fields=685,2,1,1008,1800,200,200,0,1,0,0,0,0,0,0,0
event=trace_row ordinal=3554 kind=3 ns=288236699001442 fields=685,686,1,2,288236698928817,0,1000,5,5,0,5,0,5,5,1,3
event=trace_row ordinal=3555 kind=5 ns=288236709065711 fields=513,6,15,0,0,0,5,0,0,0,16,0,0,0,0,0
event=trace_row ordinal=3556 kind=0 ns=288236708954002 fields=686,2,0,25,1,0,0,0,0,0,0,0,0,0,0,0
event=trace_row ordinal=3557 kind=1 ns=288236708954002 fields=686,2,0,1008,1800,200,200,0,1,0,0,0,0,0,0,0
event=trace_row ordinal=3558 kind=3 ns=288236709085252 fields=686,687,1,2,288236708954002,0,1000,5,5,0,5,0,5,5,1,3
event=trace_row ordinal=3559 kind=4 ns=288236714860263 fields=1793,1,5,0,0,0,0,0,0,0,16,0,0,0,0,0
event=trace_row ordinal=3560 kind=5 ns=288236719060854 fields=513,6,15,0,0,0,5,0,0,0,16,0,0,0,0,0
event=trace_row ordinal=3561 kind=0 ns=288236718955270 fields=687,2,0,25,1,0,0,0,0,0,0,0,0,0,0,0
event=trace_row ordinal=3562 kind=1 ns=288236718955270 fields=687,2,0,1008,1800,200,200,0,1,0,0,0,0,0,0,0
event=trace_row ordinal=3563 kind=3 ns=288236719078937 fields=687,688,1,2,288236718955270,0,1000,5,5,0,5,0,5,5,1,3
event=trace_row ordinal=3564 kind=5 ns=288236729037914 fields=513,6,15,0,0,0,5,0,0,0,16,0,0,0,0,0
event=trace_row ordinal=3565 kind=0 ns=288236728946039 fields=688,2,0,50,2,0,0,0,0,0,0,0,0,0,0,0
event=trace_row ordinal=3566 kind=1 ns=288236728946039 fields=688,2,0,1008,1800,200,200,0,1,0,0,0,0,0,0,0
event=trace_row ordinal=3567 kind=1 ns=288236728946039 fields=688,2,1,1008,1800,200,200,0,1,0,0,0,0,0,0,0
event=trace_row ordinal=3568 kind=3 ns=288236729052789 fields=688,689,1,2,288236728946039,0,1000,5,5,0,5,0,5,5,1,3
event=trace_row ordinal=3569 kind=4 ns=288236731627919 fields=385,8,39,20,39,68,0,0,48,0,16,0,0,0,0,0
event=trace_row ordinal=3570 kind=4 ns=288236731809919 fields=641,5,3,0,0,0,0,0,0,0,16,0,0,0,0,0
event=trace_row ordinal=3571 kind=5 ns=288236739091391 fields=513,6,15,0,0,0,5,0,0,0,16,0,0,0,0,0
event=trace_row ordinal=3572 kind=0 ns=288236738970057 fields=689,2,0,25,1,0,0,0,0,0,0,0,0,0,0,0
event=trace_row ordinal=3573 kind=1 ns=288236738970057 fields=689,2,0,1008,1800,200,200,0,1,0,0,0,0,0,0,0
event=trace_row ordinal=3574 kind=3 ns=288236739113557 fields=689,690,1,2,288236738970057,0,1000,5,5,0,5,0,5,5,1,3
event=trace_row ordinal=3575 kind=5 ns=288236749068742 fields=513,6,15,0,0,0,5,0,0,0,16,0,0,0,0,0
event=trace_row ordinal=3576 kind=0 ns=288236748960534 fields=690,2,0,50,2,0,0,0,0,0,0,0,0,0,0,0
event=trace_row ordinal=3577 kind=1 ns=288236748960534 fields=690,2,0,1008,1800,200,200,0,1,0,0,0,0,0,0,0
event=trace_row ordinal=3578 kind=1 ns=288236748960534 fields=690,2,1,1008,1800,200,200,0,1,0,0,0,0,0,0,0
event=trace_row ordinal=3579 kind=3 ns=288236749088576 fields=690,691,1,2,288236748960534,0,1000,5,5,0,5,0,5,5,1,3
event=trace_row ordinal=3580 kind=5 ns=288236759091011 fields=513,6,15,0,0,0,5,0,0,0,16,0,0,0,0,0
event=trace_row ordinal=3581 kind=0 ns=288236758970552 fields=691,2,0,25,1,0,0,0,0,0,0,0,0,0,0,0
event=trace_row ordinal=3582 kind=1 ns=288236758970552 fields=691,2,0,1008,1800,200,200,0,1,0,0,0,0,0,0,0
event=trace_row ordinal=3583 kind=3 ns=288236759111719 fields=691,692,1,2,288236758970552,0,1000,5,5,0,5,0,5,5,1,3
event=trace_row ordinal=3584 kind=5 ns=288236769041237 fields=513,6,15,0,0,0,5,0,0,0,16,0,0,0,0,0
event=trace_row ordinal=3585 kind=0 ns=288236768949362 fields=692,2,0,50,2,0,0,0,0,0,0,0,0,0,0,0
event=trace_row ordinal=3586 kind=1 ns=288236768949362 fields=692,2,0,1008,1800,200,200,0,1,0,0,0,0,0,0,0
event=trace_row ordinal=3587 kind=1 ns=288236768949362 fields=692,2,1,1008,1800,200,200,0,1,0,0,0,0,0,0,0
event=trace_row ordinal=3588 kind=3 ns=288236769056112 fields=692,693,1,2,288236768949362,0,1000,5,5,0,5,0,5,5,1,3
event=trace_row ordinal=3589 kind=5 ns=288236779149547 fields=513,6,15,0,0,0,5,0,0,0,16,0,0,0,0,0
event=trace_row ordinal=3590 kind=0 ns=288236778991172 fields=693,2,0,25,1,0,0,0,0,0,0,0,0,0,0,0
event=trace_row ordinal=3591 kind=1 ns=288236778991172 fields=693,2,0,1008,1800,200,200,0,1,0,0,0,0,0,0,0
event=trace_row ordinal=3592 kind=3 ns=288236779174922 fields=693,694,1,2,288236778991172,0,1000,5,5,0,5,0,5,5,1,3
event=trace_row ordinal=3593 kind=4 ns=288236781565135 fields=385,8,39,20,39,68,0,0,53,0,16,0,0,0,0,0
event=trace_row ordinal=3594 kind=4 ns=288236781743635 fields=641,5,3,0,0,0,0,0,0,0,16,0,0,0,0,0
event=trace_row ordinal=3595 kind=5 ns=288236789070024 fields=513,6,15,0,0,0,5,0,0,0,16,0,0,0,0,0
event=trace_row ordinal=3596 kind=0 ns=288236788961232 fields=694,2,0,25,1,0,0,0,0,0,0,0,0,0,0,0
event=trace_row ordinal=3597 kind=1 ns=288236788961232 fields=694,2,0,1009,1800,200,200,0,1,0,0,0,0,0,0,0
event=trace_row ordinal=3598 kind=3 ns=288236789089274 fields=694,695,1,2,288236788961232,0,1000,5,5,0,5,0,5,5,1,3
event=trace_row ordinal=3599 kind=5 ns=288236799156751 fields=513,6,15,0,0,0,5,0,0,0,16,0,0,0,0,0
event=trace_row ordinal=3600 kind=0 ns=288236798991375 fields=695,2,0,50,2,0,0,0,0,0,0,0,0,0,0,0
event=trace_row ordinal=3601 kind=1 ns=288236798991375 fields=695,2,0,1009,1800,200,200,0,1,0,0,0,0,0,0,0
event=trace_row ordinal=3602 kind=1 ns=288236798991375 fields=695,2,1,1009,1800,200,200,0,1,0,0,0,0,0,0,0
event=trace_row ordinal=3603 kind=3 ns=288236799183001 fields=695,696,1,2,288236798991375,0,1000,5,5,0,5,0,5,5,1,3
event=trace_row ordinal=3604 kind=5 ns=288236809099977 fields=513,6,15,0,0,0,5,0,0,0,16,0,0,0,0,0
event=trace_row ordinal=3605 kind=0 ns=288236808973685 fields=696,2,0,25,1,0,0,0,0,0,0,0,0,0,0,0
event=trace_row ordinal=3606 kind=1 ns=288236808973685 fields=696,2,0,1008,1800,200,200,0,1,0,0,0,0,0,0,0
event=trace_row ordinal=3607 kind=3 ns=288236809123602 fields=696,697,1,2,288236808973685,0,1000,5,5,0,5,0,5,5,1,3
event=trace_row ordinal=3608 kind=5 ns=288236819116704 fields=513,6,15,0,0,0,5,0,0,0,16,0,0,0,0,0
event=trace_row ordinal=3609 kind=0 ns=288236818976412 fields=697,2,0,50,2,0,0,0,0,0,0,0,0,0,0,0
event=trace_row ordinal=3610 kind=1 ns=288236818976412 fields=697,2,0,1008,1800,200,200,0,1,0,0,0,0,0,0,0
event=trace_row ordinal=3611 kind=1 ns=288236818976412 fields=697,2,1,1008,1800,200,200,0,1,0,0,0,0,0,0,0
event=trace_row ordinal=3612 kind=3 ns=288236819142079 fields=697,698,1,2,288236818976412,0,1000,5,5,0,5,0,5,5,1,3
event=trace_row ordinal=3613 kind=5 ns=288236829097847 fields=513,6,15,0,0,0,5,0,0,0,16,0,0,0,0,0
event=trace_row ordinal=3614 kind=0 ns=288236828972722 fields=698,2,0,25,1,0,0,0,0,0,0,0,0,0,0,0
event=trace_row ordinal=3615 kind=1 ns=288236828972722 fields=698,2,0,1008,1800,200,200,0,1,0,0,0,0,0,0,0
event=trace_row ordinal=3616 kind=3 ns=288236829121180 fields=698,699,1,2,288236828972722,0,1000,5,5,0,5,0,5,5,1,3
event=trace_row ordinal=3617 kind=4 ns=288236831507018 fields=385,8,39,20,39,68,0,0,50,0,16,0,0,0,0,0
event=trace_row ordinal=3618 kind=4 ns=288236831691644 fields=641,5,3,0,0,0,0,0,0,0,16,0,0,0,0,0
event=trace_row ordinal=3619 kind=5 ns=288236839029115 fields=513,6,15,0,0,0,5,0,0,0,16,0,0,0,0,0
event=trace_row ordinal=3620 kind=0 ns=288236838944823 fields=699,2,0,50,2,0,0,0,0,0,0,0,0,0,0,0
event=trace_row ordinal=3621 kind=1 ns=288236838944823 fields=699,2,0,1008,1800,200,200,0,1,0,0,0,0,0,0,0
event=trace_row ordinal=3622 kind=1 ns=288236838944823 fields=699,2,1,1008,1800,200,200,0,1,0,0,0,0,0,0,0
event=trace_row ordinal=3623 kind=3 ns=288236839046032 fields=699,700,1,2,288236838944823,0,1000,5,5,0,5,0,5,5,1,3
event=trace_row ordinal=3624 kind=5 ns=288236849033009 fields=513,6,15,0,0,0,5,0,0,0,16,0,0,0,0,0
event=trace_row ordinal=3625 kind=0 ns=288236848948717 fields=700,2,0,25,1,0,0,0,0,0,0,0,0,0,0,0
event=trace_row ordinal=3626 kind=1 ns=288236848948717 fields=700,2,0,1008,1800,200,200,0,1,0,0,0,0,0,0,0
event=trace_row ordinal=3627 kind=3 ns=288236849049050 fields=700,701,1,2,288236848948717,0,1000,5,5,0,5,0,5,5,1,3
event=trace_row ordinal=3628 kind=5 ns=288236859121485 fields=513,6,15,0,0,0,5,0,0,0,16,0,0,0,0,0
event=trace_row ordinal=3629 kind=0 ns=288236858981485 fields=701,2,0,25,1,0,0,0,0,0,0,0,0,0,0,0
event=trace_row ordinal=3630 kind=1 ns=288236858981485 fields=701,2,0,1008,1800,200,200,0,1,0,0,0,0,0,0,0
event=trace_row ordinal=3631 kind=3 ns=288236859143360 fields=701,702,1,2,288236858981485,0,1000,5,5,0,5,0,5,5,1,3
event=trace_row ordinal=3632 kind=5 ns=288236869081045 fields=513,6,15,0,0,0,5,0,0,0,16,0,0,0,0,0
event=trace_row ordinal=3633 kind=0 ns=288236868959712 fields=702,2,0,50,2,0,0,0,0,0,0,0,0,0,0,0
event=trace_row ordinal=3634 kind=1 ns=288236868959712 fields=702,2,0,1009,1800,200,200,0,1,0,0,0,0,0,0,0
event=trace_row ordinal=3635 kind=1 ns=288236868959712 fields=702,2,1,1009,1800,200,200,0,1,0,0,0,0,0,0,0
event=trace_row ordinal=3636 kind=3 ns=288236869099129 fields=702,703,1,2,288236868959712,0,1000,5,5,0,5,0,5,5,1,3
event=trace_row ordinal=3637 kind=5 ns=288236879053439 fields=513,6,15,0,0,0,5,0,0,0,16,0,0,0,0,0
event=trace_row ordinal=3638 kind=0 ns=288236878953397 fields=703,2,0,25,1,0,0,0,0,0,0,0,0,0,0,0
event=trace_row ordinal=3639 kind=1 ns=288236878953397 fields=703,2,0,1009,1800,200,200,0,1,0,0,0,0,0,0,0
event=trace_row ordinal=3640 kind=3 ns=288236879070647 fields=703,704,1,2,288236878953397,0,1000,5,5,0,5,0,5,5,1,3
event=trace_row ordinal=3641 kind=4 ns=288236881452401 fields=385,8,39,20,39,68,0,0,48,0,16,0,0,0,0,0
event=trace_row ordinal=3642 kind=4 ns=288236881637318 fields=641,5,3,0,0,0,0,0,0,0,16,0,0,0,0,0
event=trace_row ordinal=3643 kind=5 ns=288236889042165 fields=513,6,15,0,0,0,5,0,0,0,16,0,0,0,0,0
event=trace_row ordinal=3644 kind=0 ns=288236888943582 fields=704,2,0,50,2,0,0,0,0,0,0,0,0,0,0,0
event=trace_row ordinal=3645 kind=1 ns=288236888943582 fields=704,2,0,1008,1800,200,200,0,1,0,0,0,0,0,0,0
event=trace_row ordinal=3646 kind=1 ns=288236888943582 fields=704,2,1,1008,1800,200,200,0,1,0,0,0,0,0,0,0
event=trace_row ordinal=3647 kind=3 ns=288236889058499 fields=704,705,1,2,288236888943582,0,1000,5,5,0,5,0,5,5,1,3
event=trace_row ordinal=3648 kind=5 ns=288236898962933 fields=513,6,15,0,0,0,5,0,0,0,16,0,0,0,0,0
event=trace_row ordinal=3649 kind=0 ns=288236898908975 fields=705,2,0,25,1,0,0,0,0,0,0,0,0,0,0,0
event=trace_row ordinal=3650 kind=1 ns=288236898908975 fields=705,2,0,1008,1800,200,200,0,1,0,0,0,0,0,0,0
event=trace_row ordinal=3651 kind=3 ns=288236898971392 fields=705,706,1,2,288236898908975,0,1000,5,5,0,5,0,5,5,1,3
event=trace_row ordinal=3652 kind=5 ns=288236908930660 fields=513,6,15,0,0,0,5,0,0,0,16,0,0,0,0,0
event=trace_row ordinal=3653 kind=0 ns=288236908902077 fields=706,2,0,50,2,0,0,0,0,0,0,0,0,0,0,0
event=trace_row ordinal=3654 kind=1 ns=288236908902077 fields=706,2,0,1009,1800,200,200,0,1,0,0,0,0,0,0,0
event=trace_row ordinal=3655 kind=1 ns=288236908902077 fields=706,2,1,1009,1800,200,200,0,1,0,0,0,0,0,0,0
event=trace_row ordinal=3656 kind=3 ns=288236908936202 fields=706,707,1,2,288236908902077,0,1000,5,5,0,5,0,5,5,1,3
event=trace_row ordinal=3657 kind=5 ns=288236918926970 fields=513,6,15,0,0,0,5,0,0,0,16,0,0,0,0,0
event=trace_row ordinal=3658 kind=0 ns=288236918899845 fields=707,2,0,25,1,0,0,0,0,0,0,0,0,0,0,0
event=trace_row ordinal=3659 kind=1 ns=288236918899845 fields=707,2,0,1009,1800,200,200,0,1,0,0,0,0,0,0,0
event=trace_row ordinal=3660 kind=3 ns=288236918931053 fields=707,708,1,2,288236918899845,0,1000,5,5,0,5,0,5,5,1,3
event=trace_row ordinal=3661 kind=5 ns=288236928917738 fields=513,6,15,0,0,0,5,0,0,0,16,0,0,0,0,0
event=trace_row ordinal=3662 kind=0 ns=288236928895572 fields=708,2,0,25,1,0,0,0,0,0,0,0,0,0,0,0
event=trace_row ordinal=3663 kind=1 ns=288236928895572 fields=708,2,0,1008,1800,200,200,0,1,0,0,0,0,0,0,0
event=trace_row ordinal=3664 kind=3 ns=288236928921238 fields=708,709,1,2,288236928895572,0,1000,5,5,0,5,0,5,5,1,3
event=trace_row ordinal=3665 kind=4 ns=288236931375034 fields=385,8,39,20,39,68,0,0,48,0,16,0,0,0,0,0
event=trace_row ordinal=3666 kind=4 ns=288236931566951 fields=641,5,3,0,0,0,0,0,0,0,16,0,0,0,0,0
event=trace_row ordinal=3667 kind=5 ns=288236938916090 fields=513,6,15,0,0,0,5,0,0,0,16,0,0,0,0,0
event=trace_row ordinal=3668 kind=0 ns=288236938894215 fields=709,2,0,50,2,0,0,0,0,0,0,0,0,0,0,0
event=trace_row ordinal=3669 kind=1 ns=288236938894215 fields=709,2,0,1008,1800,200,200,0,1,0,0,0,0,0,0,0
event=trace_row ordinal=3670 kind=1 ns=288236938894215 fields=709,2,1,1008,1800,200,200,0,1,0,0,0,0,0,0,0
event=trace_row ordinal=3671 kind=3 ns=288236938920173 fields=709,710,1,2,288236938894215,0,1000,5,5,0,5,0,5,5,1,3
event=trace_row ordinal=3672 kind=5 ns=288236948912983 fields=513,6,15,0,0,0,5,0,0,0,16,0,0,0,0,0
event=trace_row ordinal=3673 kind=0 ns=288236948893733 fields=710,2,0,25,1,0,0,0,0,0,0,0,0,0,0,0
event=trace_row ordinal=3674 kind=1 ns=288236948893733 fields=710,2,0,1008,1800,200,200,0,1,0,0,0,0,0,0,0
event=trace_row ordinal=3675 kind=3 ns=288236948916483 fields=710,711,1,2,288236948893733,0,1000,5,5,0,5,0,5,5,1,3
event=trace_row ordinal=3676 kind=5 ns=288236958915418 fields=513,6,15,0,0,0,5,0,0,0,16,0,0,0,0,0
event=trace_row ordinal=3677 kind=0 ns=288236958893543 fields=711,2,0,50,2,0,0,0,0,0,0,0,0,0,0,0
event=trace_row ordinal=3678 kind=1 ns=288236958893543 fields=711,2,0,1008,1800,200,200,0,1,0,0,0,0,0,0,0
event=trace_row ordinal=3679 kind=1 ns=288236958893543 fields=711,2,1,1008,1800,200,200,0,1,0,0,0,0,0,0,0
event=trace_row ordinal=3680 kind=3 ns=288236958918627 fields=711,712,1,2,288236958893543,0,1000,5,5,0,5,0,5,5,1,3
event=trace_row ordinal=3681 kind=4 ns=288236964300178 fields=1793,1,5,0,0,0,0,0,0,0,16,0,0,0,0,0
event=trace_row ordinal=3682 kind=5 ns=288236968915812 fields=513,6,15,0,0,0,5,0,0,0,16,0,0,0,0,0
event=trace_row ordinal=3683 kind=0 ns=288236968894812 fields=712,2,0,25,1,0,0,0,0,0,0,0,0,0,0,0
event=trace_row ordinal=3684 kind=1 ns=288236968894812 fields=712,2,0,1008,1800,200,200,0,1,0,0,0,0,0,0,0
event=trace_row ordinal=3685 kind=3 ns=288236968919603 fields=712,713,1,2,288236968894812,0,1000,5,5,0,5,0,5,5,1,3
event=trace_row ordinal=3686 kind=5 ns=288236978915038 fields=513,6,15,0,0,0,5,0,0,0,16,0,0,0,0,0
event=trace_row ordinal=3687 kind=0 ns=288236978893747 fields=713,2,0,50,2,0,0,0,0,0,0,0,0,0,0,0
event=trace_row ordinal=3688 kind=1 ns=288236978893747 fields=713,2,0,1008,1800,200,200,0,1,0,0,0,0,0,0,0
event=trace_row ordinal=3689 kind=1 ns=288236978893747 fields=713,2,1,1008,1800,200,200,0,1,0,0,0,0,0,0,0
event=trace_row ordinal=3690 kind=3 ns=288236978918247 fields=713,714,1,2,288236978893747,0,1000,5,5,0,5,0,5,5,1,3
event=trace_row ordinal=3691 kind=4 ns=288236981264709 fields=385,8,39,20,39,68,0,0,48,0,16,0,0,0,0,0
event=trace_row ordinal=3692 kind=4 ns=288236981514960 fields=641,5,3,0,0,0,0,0,0,0,16,0,0,0,0,0
event=trace_row ordinal=3693 kind=5 ns=288236988913682 fields=513,6,15,0,0,0,5,0,0,0,16,0,0,0,0,0
event=trace_row ordinal=3694 kind=0 ns=288236988894140 fields=714,2,0,25,1,0,0,0,0,0,0,0,0,0,0,0
event=trace_row ordinal=3695 kind=1 ns=288236988894140 fields=714,2,0,1008,1800,200,200,0,1,0,0,0,0,0,0,0
event=trace_row ordinal=3696 kind=3 ns=288236988917182 fields=714,715,1,2,288236988894140,0,1000,5,5,0,5,0,5,5,1,3
event=trace_row ordinal=3697 kind=5 ns=288236998911742 fields=513,6,15,0,0,0,5,0,0,0,16,0,0,0,0,0
event=trace_row ordinal=3698 kind=0 ns=288236998892783 fields=715,2,0,25,1,0,0,0,0,0,0,0,0,0,0,0
event=trace_row ordinal=3699 kind=1 ns=288236998892783 fields=715,2,0,1008,1800,200,200,0,1,0,0,0,0,0,0,0
event=trace_row ordinal=3700 kind=3 ns=288236998915534 fields=715,716,1,2,288236998892783,0,1000,5,5,0,5,0,5,5,1,3
event=trace_row ordinal=3701 kind=5 ns=288237008914469 fields=513,6,15,0,0,0,5,0,0,0,16,0,0,0,0,0
event=trace_row ordinal=3702 kind=0 ns=288237008893760 fields=716,2,0,50,2,0,0,0,0,0,0,0,0,0,0,0
event=trace_row ordinal=3703 kind=1 ns=288237008893760 fields=716,2,0,1008,1800,200,200,0,1,0,0,0,0,0,0,0
event=trace_row ordinal=3704 kind=1 ns=288237008893760 fields=716,2,1,1008,1800,200,200,0,1,0,0,0,0,0,0,0
event=trace_row ordinal=3705 kind=3 ns=288237008917969 fields=716,717,1,2,288237008893760,0,1000,5,5,0,5,0,5,5,1,3
event=trace_row ordinal=3706 kind=5 ns=288237018990695 fields=513,6,15,0,0,0,5,0,0,0,16,0,0,0,0,0
event=trace_row ordinal=3707 kind=0 ns=288237018930320 fields=717,2,0,25,1,0,0,0,0,0,0,0,0,0,0,0
event=trace_row ordinal=3708 kind=1 ns=288237018930320 fields=717,2,0,1008,1800,200,200,0,1,0,0,0,0,0,0,0
event=trace_row ordinal=3709 kind=3 ns=288237019000612 fields=717,718,1,2,288237018930320,0,1000,5,5,0,5,0,5,5,1,3
event=trace_row ordinal=3710 kind=5 ns=288237028985256 fields=513,6,15,0,0,0,5,0,0,0,16,0,0,0,0,0
event=trace_row ordinal=3711 kind=0 ns=288237028925172 fields=718,2,0,50,2,0,0,0,0,0,0,0,0,0,0,0
event=trace_row ordinal=3712 kind=1 ns=288237028925172 fields=718,2,0,1009,1800,200,200,0,1,0,0,0,0,0,0,0
event=trace_row ordinal=3713 kind=1 ns=288237028925172 fields=718,2,1,1009,1800,200,200,0,1,0,0,0,0,0,0,0
event=trace_row ordinal=3714 kind=3 ns=288237028994881 fields=718,719,1,2,288237028925172,0,1000,5,5,0,5,0,5,5,1,3
event=trace_row ordinal=3715 kind=4 ns=288237031274260 fields=385,8,39,20,39,68,0,0,52,0,16,0,0,0,0,0
event=trace_row ordinal=3716 kind=4 ns=288237031474052 fields=641,5,3,0,0,0,0,0,0,0,16,0,0,0,0,0
event=trace_row ordinal=3717 kind=5 ns=288237038925857 fields=513,6,15,0,0,0,5,0,0,0,16,0,0,0,0,0
event=trace_row ordinal=3718 kind=0 ns=288237038899607 fields=719,2,0,25,1,0,0,0,0,0,0,0,0,0,0,0
event=trace_row ordinal=3719 kind=1 ns=288237038899607 fields=719,2,0,1009,1800,200,200,0,1,0,0,0,0,0,0,0
event=trace_row ordinal=3720 kind=3 ns=288237038930816 fields=719,720,1,2,288237038899607,0,1000,5,5,0,5,0,5,5,1,3
event=trace_row ordinal=3721 kind=5 ns=288237048916626 fields=513,6,15,0,0,0,5,0,0,0,16,0,0,0,0,0
event=trace_row ordinal=3722 kind=0 ns=288237048894459 fields=720,2,0,50,2,0,0,0,0,0,0,0,0,0,0,0
event=trace_row ordinal=3723 kind=1 ns=288237048894459 fields=720,2,0,1008,1800,200,200,0,1,0,0,0,0,0,0,0
event=trace_row ordinal=3724 kind=1 ns=288237048894459 fields=720,2,1,1008,1800,200,200,0,1,0,0,0,0,0,0,0
event=trace_row ordinal=3725 kind=3 ns=288237048920126 fields=720,721,1,2,288237048894459,0,1000,5,5,0,5,0,5,5,1,3
event=trace_row ordinal=3726 kind=5 ns=288237058912936 fields=513,6,15,0,0,0,5,0,0,0,16,0,0,0,0,0
event=trace_row ordinal=3727 kind=0 ns=288237058893686 fields=721,2,0,25,1,0,0,0,0,0,0,0,0,0,0,0
event=trace_row ordinal=3728 kind=1 ns=288237058893686 fields=721,2,0,1008,1800,200,200,0,1,0,0,0,0,0,0,0
event=trace_row ordinal=3729 kind=3 ns=288237058916727 fields=721,722,1,2,288237058893686,0,1000,5,5,0,5,0,5,5,1,3
event=trace_row ordinal=3730 kind=5 ns=288237068937829 fields=513,6,15,0,0,0,5,0,0,0,16,0,0,0,0,0
event=trace_row ordinal=3731 kind=0 ns=288237068905746 fields=722,2,0,25,1,0,0,0,0,0,0,0,0,0,0,0
event=trace_row ordinal=3732 kind=1 ns=288237068905746 fields=722,2,0,1008,1800,200,200,0,1,0,0,0,0,0,0,0
event=trace_row ordinal=3733 kind=3 ns=288237068943371 fields=722,723,1,2,288237068905746,0,1000,5,5,0,5,0,5,5,1,3
event=trace_row ordinal=3734 kind=5 ns=288237078916931 fields=513,6,15,0,0,0,5,0,0,0,16,0,0,0,0,0
event=trace_row ordinal=3735 kind=0 ns=288237078894764 fields=723,2,0,50,2,0,0,0,0,0,0,0,0,0,0,0
event=trace_row ordinal=3736 kind=1 ns=288237078894764 fields=723,2,0,1008,1800,200,200,0,1,0,0,0,0,0,0,0
event=trace_row ordinal=3737 kind=1 ns=288237078894764 fields=723,2,1,1008,1800,200,200,0,1,0,0,0,0,0,0,0
event=trace_row ordinal=3738 kind=3 ns=288237078920431 fields=723,724,1,2,288237078894764,0,1000,5,5,0,5,0,5,5,1,3
event=trace_row ordinal=3739 kind=4 ns=288237081214393 fields=385,8,39,20,39,68,0,0,46,0,16,0,0,0,0,0
event=trace_row ordinal=3740 kind=4 ns=288237081407769 fields=641,5,3,0,0,0,0,0,0,0,16,0,0,0,0,0
event=trace_row ordinal=3741 kind=5 ns=288237088913824 fields=513,6,15,0,0,0,5,0,0,0,16,0,0,0,0,0
event=trace_row ordinal=3742 kind=0 ns=288237088894574 fields=724,2,0,25,1,0,0,0,0,0,0,0,0,0,0,0
event=trace_row ordinal=3743 kind=1 ns=288237088894574 fields=724,2,0,1008,1800,200,200,0,1,0,0,0,0,0,0,0
event=trace_row ordinal=3744 kind=3 ns=288237088917324 fields=724,725,1,2,288237088894574,0,1000,5,5,0,5,0,5,5,1,3
event=trace_row ordinal=3745 kind=5 ns=288237098914801 fields=513,6,15,0,0,0,5,0,0,0,16,0,0,0,0,0
event=trace_row ordinal=3746 kind=0 ns=288237098894093 fields=725,2,0,50,2,0,0,0,0,0,0,0,0,0,0,0
event=trace_row ordinal=3747 kind=1 ns=288237098894093 fields=725,2,0,1008,1800,200,200,0,1,0,0,0,0,0,0,0
event=trace_row ordinal=3748 kind=1 ns=288237098894093 fields=725,2,1,1008,1800,200,200,0,1,0,0,0,0,0,0,0
event=trace_row ordinal=3749 kind=3 ns=288237098918301 fields=725,726,1,2,288237098894093,0,1000,5,5,0,5,0,5,5,1,3
event=trace_row ordinal=3750 kind=5 ns=288237108928319 fields=513,6,15,0,0,0,5,0,0,0,16,0,0,0,0,0
event=trace_row ordinal=3751 kind=0 ns=288237108905278 fields=726,2,0,25,1,0,0,0,0,0,0,0,0,0,0,0
event=trace_row ordinal=3752 kind=1 ns=288237108905278 fields=726,2,0,1008,1800,200,200,0,1,0,0,0,0,0,0,0
event=trace_row ordinal=3753 kind=3 ns=288237108932111 fields=726,727,1,2,288237108905278,0,1000,5,5,0,5,0,5,5,1,3
event=trace_row ordinal=3754 kind=5 ns=288237118917629 fields=513,6,15,0,0,0,5,0,0,0,16,0,0,0,0,0
event=trace_row ordinal=3755 kind=0 ns=288237118895463 fields=727,2,0,50,2,0,0,0,0,0,0,0,0,0,0,0
event=trace_row ordinal=3756 kind=1 ns=288237118895463 fields=727,2,0,1008,1800,200,200,0,1,0,0,0,0,0,0,0
event=trace_row ordinal=3757 kind=1 ns=288237118895463 fields=727,2,1,1008,1800,200,200,0,1,0,0,0,0,0,0,0
event=trace_row ordinal=3758 kind=3 ns=288237118921713 fields=727,728,1,2,288237118895463,0,1000,5,5,0,5,0,5,5,1,3
event=trace_row ordinal=3759 kind=5 ns=288237128915106 fields=513,6,15,0,0,0,5,0,0,0,16,0,0,0,0,0
event=trace_row ordinal=3760 kind=0 ns=288237128894981 fields=728,2,0,25,1,0,0,0,0,0,0,0,0,0,0,0
event=trace_row ordinal=3761 kind=1 ns=288237128894981 fields=728,2,0,1008,1800,200,200,0,1,0,0,0,0,0,0,0
event=trace_row ordinal=3762 kind=3 ns=288237128918606 fields=728,729,1,2,288237128894981,0,1000,5,5,0,5,0,5,5,1,3
event=trace_row ordinal=3763 kind=4 ns=288237131158902 fields=385,8,39,20,39,68,0,0,48,0,16,0,0,0,0,0
event=trace_row ordinal=3764 kind=4 ns=288237131355486 fields=641,5,3,0,0,0,0,0,0,0,16,0,0,0,0,0
event=trace_row ordinal=3765 kind=5 ns=288237138915791 fields=513,6,15,0,0,0,5,0,0,0,16,0,0,0,0,0
event=trace_row ordinal=3766 kind=0 ns=288237138894791 fields=729,2,0,25,1,0,0,0,0,0,0,0,0,0,0,0
event=trace_row ordinal=3767 kind=1 ns=288237138894791 fields=729,2,0,1008,1800,200,200,0,1,0,0,0,0,0,0,0
event=trace_row ordinal=3768 kind=3 ns=288237138919291 fields=729,730,1,2,288237138894791,0,1000,5,5,0,5,0,5,5,1,3
event=trace_row ordinal=3769 kind=5 ns=288237148914726 fields=513,6,15,0,0,0,5,0,0,0,16,0,0,0,0,0
event=trace_row ordinal=3770 kind=0 ns=288237148893726 fields=730,2,0,50,2,0,0,0,0,0,0,0,0,0,0,0
event=trace_row ordinal=3771 kind=1 ns=288237148893726 fields=730,2,0,1008,1800,200,200,0,1,0,0,0,0,0,0,0
event=trace_row ordinal=3772 kind=1 ns=288237148893726 fields=730,2,1,1008,1800,200,200,0,1,0,0,0,0,0,0,0
event=trace_row ordinal=3773 kind=3 ns=288237148918226 fields=730,731,1,2,288237148893726,0,1000,5,5,0,5,0,5,5,1,3
event=trace_row ordinal=3774 kind=5 ns=288237158912203 fields=513,6,15,0,0,0,5,0,0,0,16,0,0,0,0,0
event=trace_row ordinal=3775 kind=0 ns=288237158893536 fields=731,2,0,25,1,0,0,0,0,0,0,0,0,0,0,0
event=trace_row ordinal=3776 kind=1 ns=288237158893536 fields=731,2,0,1008,1800,200,200,0,1,0,0,0,0,0,0,0
event=trace_row ordinal=3777 kind=3 ns=288237158915411 fields=731,732,1,2,288237158893536,0,1000,5,5,0,5,0,5,5,1,3
event=trace_row ordinal=3778 kind=5 ns=288237168914055 fields=513,6,15,0,0,0,5,0,0,0,16,0,0,0,0,0
event=trace_row ordinal=3779 kind=0 ns=288237168893346 fields=732,2,0,50,2,0,0,0,0,0,0,0,0,0,0,0
event=trace_row ordinal=3780 kind=1 ns=288237168893346 fields=732,2,0,1008,1800,200,200,0,1,0,0,0,0,0,0,0
event=trace_row ordinal=3781 kind=1 ns=288237168893346 fields=732,2,1,1008,1800,200,200,0,1,0,0,0,0,0,0,0
event=trace_row ordinal=3782 kind=3 ns=288237168917555 fields=732,733,1,2,288237168893346,0,1000,5,5,0,5,0,5,5,1,3
event=trace_row ordinal=3783 kind=5 ns=288237178912407 fields=513,6,15,0,0,0,5,0,0,0,16,0,0,0,0,0
event=trace_row ordinal=3784 kind=0 ns=288237178893157 fields=733,2,0,25,1,0,0,0,0,0,0,0,0,0,0,0
event=trace_row ordinal=3785 kind=1 ns=288237178893157 fields=733,2,0,1008,1800,200,200,0,1,0,0,0,0,0,0,0
event=trace_row ordinal=3786 kind=3 ns=288237178916198 fields=733,734,1,2,288237178893157,0,1000,5,5,0,5,0,5,5,1,3
event=trace_row ordinal=3787 kind=4 ns=288237181100494 fields=385,8,39,20,39,68,0,0,52,0,16,0,0,0,0,0
event=trace_row ordinal=3788 kind=4 ns=288237181301161 fields=641,5,3,0,0,0,0,0,0,0,16,0,0,0,0,0
event=trace_row ordinal=3789 kind=5 ns=288237188914550 fields=513,6,15,0,0,0,5,0,0,0,16,0,0,0,0,0
event=trace_row ordinal=3790 kind=0 ns=288237188893842 fields=734,2,0,50,2,0,0,0,0,0,0,0,0,0,0,0
event=trace_row ordinal=3791 kind=1 ns=288237188893842 fields=734,2,0,1009,1800,200,200,0,1,0,0,0,0,0,0,0
event=trace_row ordinal=3792 kind=1 ns=288237188893842 fields=734,2,1,1009,1800,200,200,0,1,0,0,0,0,0,0,0
event=trace_row ordinal=3793 kind=3 ns=288237188918050 fields=734,735,1,2,288237188893842,0,1000,5,5,0,5,0,5,5,1,3
event=trace_row ordinal=3794 kind=5 ns=288237198912902 fields=513,6,15,0,0,0,5,0,0,0,16,0,0,0,0,0
event=trace_row ordinal=3795 kind=0 ns=288237198893652 fields=735,2,0,25,1,0,0,0,0,0,0,0,0,0,0,0
event=trace_row ordinal=3796 kind=1 ns=288237198893652 fields=735,2,0,1009,1800,200,200,0,1,0,0,0,0,0,0,0
event=trace_row ordinal=3797 kind=3 ns=288237198916110 fields=735,736,1,2,288237198893652,0,1000,5,5,0,5,0,5,5,1,3
event=trace_row ordinal=3798 kind=5 ns=288237208911837 fields=513,6,15,0,0,0,5,0,0,0,16,0,0,0,0,0
event=trace_row ordinal=3799 kind=0 ns=288237208893462 fields=736,2,0,25,1,0,0,0,0,0,0,0,0,0,0,0
event=trace_row ordinal=3800 kind=1 ns=288237208893462 fields=736,2,0,1008,1800,200,200,0,1,0,0,0,0,0,0,0
event=trace_row ordinal=3801 kind=3 ns=288237208915337 fields=736,737,1,2,288237208893462,0,1000,5,5,0,5,0,5,5,1,3
event=trace_row ordinal=3802 kind=4 ns=288237213846846 fields=1793,1,5,0,0,0,0,0,0,0,16,0,0,0,0,0
event=trace_row ordinal=3803 kind=5 ns=288237218921272 fields=513,6,15,0,0,0,5,0,0,0,16,0,0,0,0,0
event=trace_row ordinal=3804 kind=0 ns=288237218896480 fields=737,2,0,50,2,0,0,0,0,0,0,0,0,0,0,0
event=trace_row ordinal=3805 kind=1 ns=288237218896480 fields=737,2,0,1008,1800,200,200,0,1,0,0,0,0,0,0,0
event=trace_row ordinal=3806 kind=1 ns=288237218896480 fields=737,2,1,1008,1800,200,200,0,1,0,0,0,0,0,0,0
event=trace_row ordinal=3807 kind=3 ns=288237218925355 fields=737,738,1,2,288237218896480,0,1000,5,5,0,5,0,5,5,1,3
event=trace_row ordinal=3808 kind=5 ns=288237228990499 fields=513,6,15,0,0,0,5,0,0,0,16,0,0,0,0,0
event=trace_row ordinal=3809 kind=0 ns=288237228930999 fields=738,2,0,25,1,0,0,0,0,0,0,0,0,0,0,0
event=trace_row ordinal=3810 kind=1 ns=288237228930999 fields=738,2,0,1009,1800,200,200,0,1,0,0,0,0,0,0,0
event=trace_row ordinal=3811 kind=3 ns=288237229000124 fields=738,739,1,2,288237228930999,0,1000,5,5,0,5,0,5,5,1,3
event=trace_row ordinal=3812 kind=4 ns=288237231066294 fields=385,8,39,20,39,68,0,0,53,0,16,0,0,0,0,0
event=trace_row ordinal=3813 kind=4 ns=288237231261420 fields=641,5,3,0,0,0,0,0,0,0,16,0,0,0,0,0
event=trace_row ordinal=3814 kind=5 ns=288237238993225 fields=513,6,15,0,0,0,5,0,0,0,16,0,0,0,0,0
event=trace_row ordinal=3815 kind=0 ns=288237238929059 fields=739,2,0,50,2,0,0,0,0,0,0,0,0,0,0,0
event=trace_row ordinal=3816 kind=1 ns=288237238929059 fields=739,2,0,1009,1800,200,200,0,1,0,0,0,0,0,0,0
event=trace_row ordinal=3817 kind=1 ns=288237238929059 fields=739,2,1,1008,1800,200,200,0,1,0,0,0,0,0,0,0
event=trace_row ordinal=3818 kind=3 ns=288237239003726 fields=739,740,1,2,288237238929059,0,1000,5,5,0,5,0,5,5,1,3
event=trace_row ordinal=3819 kind=5 ns=288237249093952 fields=513,6,15,0,0,0,5,0,0,0,16,0,0,0,0,0
event=trace_row ordinal=3820 kind=0 ns=288237248965619 fields=740,2,0,25,1,0,0,0,0,0,0,0,0,0,0,0
event=trace_row ordinal=3821 kind=1 ns=288237248965619 fields=740,2,0,1008,1800,200,200,0,1,0,0,0,0,0,0,0
event=trace_row ordinal=3822 kind=3 ns=288237249115536 fields=740,741,1,2,288237248965619,0,1000,5,5,0,5,0,5,5,1,3
event=trace_row ordinal=3823 kind=5 ns=288237259070137 fields=513,6,15,0,0,0,5,0,0,0,16,0,0,0,0,0
event=trace_row ordinal=3824 kind=0 ns=288237258949387 fields=741,2,0,50,2,0,0,0,0,0,0,0,0,0,0,0
event=trace_row ordinal=3825 kind=1 ns=288237258949387 fields=741,2,0,1008,1800,200,200,0,1,0,0,0,0,0,0,0
event=trace_row ordinal=3826 kind=1 ns=288237258949387 fields=741,2,1,1008,1800,200,200,0,1,0,0,0,0,0,0,0
event=trace_row ordinal=3827 kind=3 ns=288237259089971 fields=741,742,1,2,288237258949387,0,1000,5,5,0,5,0,5,5,1,3
event=trace_row ordinal=3828 kind=5 ns=288237269090364 fields=513,6,15,0,0,0,5,0,0,0,16,0,0,0,0,0
event=trace_row ordinal=3829 kind=0 ns=288237268966697 fields=742,2,0,25,1,0,0,0,0,0,0,0,0,0,0,0
event=trace_row ordinal=3830 kind=1 ns=288237268966697 fields=742,2,0,1008,1800,200,200,0,1,0,0,0,0,0,0,0
event=trace_row ordinal=3831 kind=3 ns=288237269112239 fields=742,743,1,2,288237268966697,0,1000,5,5,0,5,0,5,5,1,3
event=trace_row ordinal=3832 kind=5 ns=288237279081424 fields=513,6,15,0,0,0,5,0,0,0,16,0,0,0,0,0
event=trace_row ordinal=3833 kind=0 ns=288237278966799 fields=743,2,0,25,1,0,0,0,0,0,0,0,0,0,0,0
event=trace_row ordinal=3834 kind=1 ns=288237278966799 fields=743,2,0,1008,1800,200,200,0,1,0,0,0,0,0,0,0
event=trace_row ordinal=3835 kind=3 ns=288237279102424 fields=743,744,1,2,288237278966799,0,1000,5,5,0,5,0,5,5,1,3
event=trace_row ordinal=3836 kind=4 ns=288237281031803 fields=385,8,39,20,39,68,0,0,48,0,16,0,0,0,0,0
event=trace_row ordinal=3837 kind=4 ns=288237281210303 fields=641,5,3,0,0,0,0,0,0,0,16,0,0,0,0,0
event=trace_row ordinal=3838 kind=5 ns=288237289059359 fields=513,6,15,0,0,0,5,0,0,0,16,0,0,0,0,0
event=trace_row ordinal=3839 kind=0 ns=288237288957859 fields=744,2,0,50,2,0,0,0,0,0,0,0,0,0,0,0
event=trace_row ordinal=3840 kind=1 ns=288237288957859 fields=744,2,0,1008,1800,200,200,0,1,0,0,0,0,0,0,0
event=trace_row ordinal=3841 kind=1 ns=288237288957859 fields=744,2,1,1008,1800,200,200,0,1,0,0,0,0,0,0,0
event=trace_row ordinal=3842 kind=3 ns=288237289075984 fields=744,745,1,2,288237288957859,0,1000,5,5,0,5,0,5,5,1,3
event=trace_row ordinal=3843 kind=5 ns=288237299076378 fields=513,6,15,0,0,0,5,0,0,0,16,0,0,0,0,0
event=trace_row ordinal=3844 kind=0 ns=288237298965253 fields=745,2,0,25,1,0,0,0,0,0,0,0,0,0,0,0
event=trace_row ordinal=3845 kind=1 ns=288237298965253 fields=745,2,0,1008,1800,200,200,0,1,0,0,0,0,0,0,0
event=trace_row ordinal=3846 kind=3 ns=288237299095628 fields=745,746,1,2,288237298965253,0,1000,5,5,0,5,0,5,5,1,3
event=trace_row ordinal=3847 kind=5 ns=288237309099813 fields=513,6,15,0,0,0,5,0,0,0,16,0,0,0,0,0
event=trace_row ordinal=3848 kind=0 ns=288237308968563 fields=746,2,0,50,2,0,0,0,0,0,0,0,0,0,0,0
event=trace_row ordinal=3849 kind=1 ns=288237308968563 fields=746,2,0,1008,1800,200,200,0,1,0,0,0,0,0,0,0
event=trace_row ordinal=3850 kind=1 ns=288237308968563 fields=746,2,1,1008,1800,200,200,0,1,0,0,0,0,0,0,0
event=trace_row ordinal=3851 kind=3 ns=288237309134813 fields=746,747,1,2,288237308968563,0,1000,5,5,0,5,0,5,5,1,3
event=trace_row ordinal=3852 kind=5 ns=288237319087081 fields=513,6,15,0,0,0,5,0,0,0,16,0,0,0,0,0
event=trace_row ordinal=3853 kind=0 ns=288237318974498 fields=747,2,0,25,1,0,0,0,0,0,0,0,0,0,0,0
event=trace_row ordinal=3854 kind=1 ns=288237318974498 fields=747,2,0,1008,1800,200,200,0,1,0,0,0,0,0,0,0
event=trace_row ordinal=3855 kind=3 ns=288237319108081 fields=747,748,1,2,288237318974498,0,1000,5,5,0,5,0,5,5,1,3
event=trace_row ordinal=3856 kind=5 ns=288237329093600 fields=513,6,15,0,0,0,5,0,0,0,16,0,0,0,0,0
event=trace_row ordinal=3857 kind=0 ns=288237328974016 fields=748,2,0,50,2,0,0,0,0,0,0,0,0,0,0,0
event=trace_row ordinal=3858 kind=1 ns=288237328974016 fields=748,2,0,1008,1800,200,200,0,1,0,0,0,0,0,0,0
event=trace_row ordinal=3859 kind=1 ns=288237328974016 fields=748,2,1,1008,1800,200,200,0,1,0,0,0,0,0,0,0
event=trace_row ordinal=3860 kind=3 ns=288237329119558 fields=748,749,1,2,288237328974016,0,1000,5,5,0,5,0,5,5,1,3
event=trace_row ordinal=3861 kind=4 ns=288237331027353 fields=385,8,39,20,39,68,0,0,48,0,16,0,0,0,0,0
event=trace_row ordinal=3862 kind=4 ns=288237331171729 fields=641,5,3,0,0,0,0,0,0,0,16,0,0,0,0,0
event=trace_row ordinal=3863 kind=5 ns=288237339124326 fields=513,6,15,0,0,0,5,0,0,0,16,0,0,0,0,0
event=trace_row ordinal=3864 kind=0 ns=288237338983743 fields=749,2,0,25,1,0,0,0,0,0,0,0,0,0,0,0
event=trace_row ordinal=3865 kind=1 ns=288237338983743 fields=749,2,0,1008,1800,200,200,0,1,0,0,0,0,0,0,0
event=trace_row ordinal=3866 kind=3 ns=288237339147077 fields=749,750,1,2,288237338983743,0,1000,5,5,0,5,0,5,5,1,3
event=trace_row ordinal=3867 kind=5 ns=288237349079803 fields=513,6,15,0,0,0,5,0,0,0,16,0,0,0,0,0
event=trace_row ordinal=3868 kind=0 ns=288237348970136 fields=750,2,0,25,1,0,0,0,0,0,0,0,0,0,0,0
event=trace_row ordinal=3869 kind=1 ns=288237348970136 fields=750,2,0,1008,1800,200,200,0,1,0,0,0,0,0,0,0
event=trace_row ordinal=3870 kind=3 ns=288237349100220 fields=750,751,1,2,288237348970136,0,1000,5,5,0,5,0,5,5,1,3
event=trace_row ordinal=3871 kind=5 ns=288237359099447 fields=513,6,15,0,0,0,5,0,0,0,16,0,0,0,0,0
event=trace_row ordinal=3872 kind=0 ns=288237358973738 fields=751,2,0,50,2,0,0,0,0,0,0,0,0,0,0,0
event=trace_row ordinal=3873 kind=1 ns=288237358973738 fields=751,2,0,1008,1800,200,200,0,1,0,0,0,0,0,0,0
event=trace_row ordinal=3874 kind=1 ns=288237358973738 fields=751,2,1,1008,1800,200,200,0,1,0,0,0,0,0,0,0
event=trace_row ordinal=3875 kind=3 ns=288237359119863 fields=751,752,1,2,288237358973738,0,1000,5,5,0,5,0,5,5,1,3
event=trace_row ordinal=3876 kind=5 ns=288237369091090 fields=513,6,15,0,0,0,5,0,0,0,16,0,0,0,0,0
event=trace_row ordinal=3877 kind=0 ns=288237368972090 fields=752,2,0,25,1,0,0,0,0,0,0,0,0,0,0,0
event=trace_row ordinal=3878 kind=1 ns=288237368972090 fields=752,2,0,1008,1800,200,200,0,1,0,0,0,0,0,0,0
event=trace_row ordinal=3879 kind=3 ns=288237369111798 fields=752,753,1,2,288237368972090,0,1000,5,5,0,5,0,5,5,1,3
event=trace_row ordinal=3880 kind=5 ns=288237379023233 fields=513,6,15,0,0,0,5,0,0,0,16,0,0,0,0,0
event=trace_row ordinal=3881 kind=0 ns=288237378941566 fields=753,2,0,50,2,0,0,0,0,0,0,0,0,0,0,0
event=trace_row ordinal=3882 kind=1 ns=288237378941566 fields=753,2,0,1008,1800,200,200,0,1,0,0,0,0,0,0,0
event=trace_row ordinal=3883 kind=1 ns=288237378941566 fields=753,2,1,1008,1800,200,200,0,1,0,0,0,0,0,0,0
event=trace_row ordinal=3884 kind=3 ns=288237379037817 fields=753,754,1,2,288237378941566,0,1000,5,5,0,5,0,5,5,1,3
event=trace_row ordinal=3885 kind=4 ns=288237380936570 fields=385,8,39,20,39,68,0,0,47,0,16,0,0,0,0,0
event=trace_row ordinal=3886 kind=4 ns=288237381045070 fields=641,5,3,0,0,0,0,0,0,0,16,0,0,0,0,0
event=trace_row ordinal=3887 kind=5 ns=288237389023918 fields=513,6,15,0,0,0,5,0,0,0,16,0,0,0,0,0
event=trace_row ordinal=3888 kind=0 ns=288237388944585 fields=754,2,0,25,1,0,0,0,0,0,0,0,0,0,0,0
event=trace_row ordinal=3889 kind=1 ns=288237388944585 fields=754,2,0,1008,1800,200,200,0,1,0,0,0,0,0,0,0
event=trace_row ordinal=3890 kind=3 ns=288237389038793 fields=754,755,1,2,288237388944585,0,1000,5,5,0,5,0,5,5,1,3
event=trace_row ordinal=3891 kind=5 ns=288237399124937 fields=513,6,15,0,0,0,5,0,0,0,16,0,0,0,0,0
event=trace_row ordinal=3892 kind=0 ns=288237398978520 fields=755,2,0,50,2,0,0,0,0,0,0,0,0,0,0,0
event=trace_row ordinal=3893 kind=1 ns=288237398978520 fields=755,2,0,1008,1800,200,200,0,1,0,0,0,0,0,0,0
event=trace_row ordinal=3894 kind=1 ns=288237398978520 fields=755,2,1,1008,1800,200,200,0,1,0,0,0,0,0,0,0
event=trace_row ordinal=3895 kind=3 ns=288237399148270 fields=755,756,1,2,288237398978520,0,1000,5,5,0,5,0,5,5,1,3
event=trace_row ordinal=3896 kind=5 ns=288237409076330 fields=513,6,15,0,0,0,5,0,0,0,16,0,0,0,0,0
event=trace_row ordinal=3897 kind=0 ns=288237408959955 fields=756,2,0,25,1,0,0,0,0,0,0,0,0,0,0,0
event=trace_row ordinal=3898 kind=1 ns=288237408959955 fields=756,2,0,1008,1800,200,200,0,1,0,0,0,0,0,0,0
event=trace_row ordinal=3899 kind=3 ns=288237409096747 fields=756,757,1,2,288237408959955,0,1000,5,5,0,5,0,5,5,1,3
event=trace_row ordinal=3900 kind=5 ns=288237419040265 fields=513,6,15,0,0,0,5,0,0,0,16,0,0,0,0,0
event=trace_row ordinal=3901 kind=0 ns=288237418948098 fields=757,2,0,25,1,0,0,0,0,0,0,0,0,0,0,0
event=trace_row ordinal=3902 kind=1 ns=288237418948098 fields=757,2,0,1008,1800,200,200,0,1,0,0,0,0,0,0,0
event=trace_row ordinal=3903 kind=3 ns=288237419056599 fields=757,758,1,2,288237418948098,0,1000,5,5,0,5,0,5,5,1,3
event=trace_row ordinal=3904 kind=5 ns=288237429062534 fields=513,6,15,0,0,0,5,0,0,0,16,0,0,0,0,0
event=trace_row ordinal=3905 kind=0 ns=288237428951409 fields=758,2,0,50,2,0,0,0,0,0,0,0,0,0,0,0
event=trace_row ordinal=3906 kind=1 ns=288237428951409 fields=758,2,0,1009,1800,200,200,0,1,0,0,0,0,0,0,0
event=trace_row ordinal=3907 kind=1 ns=288237428951409 fields=758,2,1,1009,1800,200,200,0,1,0,0,0,0,0,0,0
event=trace_row ordinal=3908 kind=3 ns=288237429080909 fields=758,759,1,2,288237428951409,0,1000,5,5,0,5,0,5,5,1,3
event=trace_row ordinal=3909 kind=4 ns=288237430864745 fields=385,8,39,20,39,68,0,0,51,0,16,0,0,0,0,0
event=trace_row ordinal=3910 kind=4 ns=288237431051704 fields=641,5,3,0,0,0,0,0,0,0,16,0,0,0,0,0
event=trace_row ordinal=3911 kind=5 ns=288237439025010 fields=513,6,15,0,0,0,5,0,0,0,16,0,0,0,0,0
event=trace_row ordinal=3912 kind=0 ns=288237438942760 fields=759,2,0,25,1,0,0,0,0,0,0,0,0,0,0,0
event=trace_row ordinal=3913 kind=1 ns=288237438942760 fields=759,2,0,1009,1800,200,200,0,1,0,0,0,0,0,0,0
event=trace_row ordinal=3914 kind=3 ns=288237439039885 fields=759,760,1,2,288237438942760,0,1000,5,5,0,5,0,5,5,1,3
event=trace_row ordinal=3915 kind=5 ns=288237449079946 fields=513,6,15,0,0,0,5,0,0,0,16,0,0,0,0,0
event=trace_row ordinal=3916 kind=0 ns=288237448961820 fields=760,2,0,50,2,0,0,0,0,0,0,0,0,0,0,0
event=trace_row ordinal=3917 kind=1 ns=288237448961820 fields=760,2,0,1008,1800,200,200,0,1,0,0,0,0,0,0,0
event=trace_row ordinal=3918 kind=1 ns=288237448961820 fields=760,2,1,1008,1800,200,200,0,1,0,0,0,0,0,0,0
event=trace_row ordinal=3919 kind=3 ns=288237449100362 fields=760,761,1,2,288237448961820,0,1000,5,5,0,5,0,5,5,1,3
event=trace_row ordinal=3920 kind=5 ns=288237458984672 fields=513,6,15,0,0,0,5,0,0,0,16,0,0,0,0,0
event=trace_row ordinal=3921 kind=0 ns=288237458928089 fields=761,2,0,25,1,0,0,0,0,0,0,0,0,0,0,0
event=trace_row ordinal=3922 kind=1 ns=288237458928089 fields=761,2,0,1008,1800,200,200,0,1,0,0,0,0,0,0,0
event=trace_row ordinal=3923 kind=3 ns=288237458994297 fields=761,762,1,2,288237458928089,0,1000,5,5,0,5,0,5,5,1,3
event=trace_row ordinal=3924 kind=4 ns=288237463421805 fields=1793,1,5,0,0,0,0,0,0,0,16,0,0,0,0,0
event=trace_row ordinal=3925 kind=5 ns=288237468985357 fields=513,6,15,0,0,0,5,0,0,0,16,0,0,0,0,0
event=trace_row ordinal=3926 kind=0 ns=288237468926149 fields=762,2,0,50,2,0,0,0,0,0,0,0,0,0,0,0
event=trace_row ordinal=3927 kind=1 ns=288237468926149 fields=762,2,0,1008,1800,200,200,0,1,0,0,0,0,0,0,0
event=trace_row ordinal=3928 kind=1 ns=288237468926149 fields=762,2,1,1008,1800,200,200,0,1,0,0,0,0,0,0,0
event=trace_row ordinal=3929 kind=3 ns=288237468995274 fields=762,763,1,2,288237468926149,0,1000,5,5,0,5,0,5,5,1,3
event=trace_row ordinal=3930 kind=5 ns=288237478979042 fields=513,6,15,0,0,0,5,0,0,0,16,0,0,0,0,0
event=trace_row ordinal=3931 kind=0 ns=288237478925084 fields=763,2,0,25,1,0,0,0,0,0,0,0,0,0,0,0
event=trace_row ordinal=3932 kind=1 ns=288237478925084 fields=763,2,0,1008,1800,200,200,0,1,0,0,0,0,0,0,0
event=trace_row ordinal=3933 kind=3 ns=288237478988376 fields=763,764,1,2,288237478925084,0,1000,5,5,0,5,0,5,5,1,3
event=trace_row ordinal=3934 kind=4 ns=288237480800212 fields=385,8,39,20,39,68,0,0,46,0,16,0,0,0,0,0
event=trace_row ordinal=3935 kind=4 ns=288237480925046 fields=641,5,3,0,0,0,0,0,0,0,16,0,0,0,0,0
event=trace_row ordinal=3936 kind=5 ns=288237488978852 fields=513,6,15,0,0,0,5,0,0,0,16,0,0,0,0,0
event=trace_row ordinal=3937 kind=0 ns=288237488924894 fields=764,2,0,25,1,0,0,0,0,0,0,0,0,0,0,0
event=trace_row ordinal=3938 kind=1 ns=288237488924894 fields=764,2,0,1008,1800,200,200,0,1,0,0,0,0,0,0,0
event=trace_row ordinal=3939 kind=3 ns=288237488987894 fields=764,765,1,2,288237488924894,0,1000,5,5,0,5,0,5,5,1,3
event=trace_row ordinal=3940 kind=5 ns=288237498983329 fields=513,6,15,0,0,0,5,0,0,0,16,0,0,0,0,0
event=trace_row ordinal=3941 kind=0 ns=288237498924412 fields=765,2,0,50,2,0,0,0,0,0,0,0,0,0,0,0
event=trace_row ordinal=3942 kind=1 ns=288237498924412 fields=765,2,0,1008,1800,200,200,0,1,0,0,0,0,0,0,0
event=trace_row ordinal=3943 kind=1 ns=288237498924412 fields=765,2,1,1008,1800,200,200,0,1,0,0,0,0,0,0,0
event=trace_row ordinal=3944 kind=3 ns=288237498992954 fields=765,766,1,2,288237498924412,0,1000,5,5,0,5,0,5,5,1,3
event=trace_row ordinal=3945 kind=5 ns=288237508977598 fields=513,6,15,0,0,0,5,0,0,0,16,0,0,0,0,0
event=trace_row ordinal=3946 kind=0 ns=288237508924222 fields=766,2,0,25,1,0,0,0,0,0,0,0,0,0,0,0
event=trace_row ordinal=3947 kind=1 ns=288237508924222 fields=766,2,0,1009,1800,200,200,0,1,0,0,0,0,0,0,0
event=trace_row ordinal=3948 kind=3 ns=288237508986931 fields=766,767,1,2,288237508924222,0,1000,5,5,0,5,0,5,5,1,3
event=trace_row ordinal=3949 kind=5 ns=288237518983533 fields=513,6,15,0,0,0,5,0,0,0,16,0,0,0,0,0
event=trace_row ordinal=3950 kind=0 ns=288237518924616 fields=767,2,0,50,2,0,0,0,0,0,0,0,0,0,0,0
event=trace_row ordinal=3951 kind=1 ns=288237518924616 fields=767,2,0,1009,1800,200,200,0,1,0,0,0,0,0,0,0
event=trace_row ordinal=3952 kind=1 ns=288237518924616 fields=767,2,1,1008,1800,200,200,0,1,0,0,0,0,0,0,0
event=trace_row ordinal=3953 kind=3 ns=288237518993158 fields=767,768,1,2,288237518924616,0,1000,5,5,0,5,0,5,5,1,3
event=trace_row ordinal=3954 kind=5 ns=288237528978384 fields=513,6,15,0,0,0,5,0,0,0,16,0,0,0,0,0
event=trace_row ordinal=3955 kind=0 ns=288237528925301 fields=768,2,0,25,1,0,0,0,0,0,0,0,0,0,0,0
event=trace_row ordinal=3956 kind=1 ns=288237528925301 fields=768,2,0,1008,1800,200,200,0,1,0,0,0,0,0,0,0
event=trace_row ordinal=3957 kind=3 ns=288237528987718 fields=768,769,1,2,288237528925301,0,1000,5,5,0,5,0,5,5,1,3
event=trace_row ordinal=3958 kind=4 ns=288237530747054 fields=385,8,39,20,39,68,0,0,48,0,16,0,0,0,0,0
event=trace_row ordinal=3959 kind=4 ns=288237530889096 fields=641,5,3,0,0,0,0,0,0,0,16,0,0,0,0,0
event=trace_row ordinal=3960 kind=5 ns=288237538984319 fields=513,6,15,0,0,0,5,0,0,0,16,0,0,0,0,0
event=trace_row ordinal=3961 kind=0 ns=288237538925111 fields=769,2,0,50,2,0,0,0,0,0,0,0,0,0,0,0
event=trace_row ordinal=3962 kind=1 ns=288237538925111 fields=769,2,0,1008,1800,200,200,0,1,0,0,0,0,0,0,0
event=trace_row ordinal=3963 kind=1 ns=288237538925111 fields=769,2,1,1008,1800,200,200,0,1,0,0,0,0,0,0,0
event=trace_row ordinal=3964 kind=3 ns=288237538993944 fields=769,770,1,2,288237538925111,0,1000,5,5,0,5,0,5,5,1,3
event=trace_row ordinal=3965 kind=5 ns=288237548979171 fields=513,6,15,0,0,0,5,0,0,0,16,0,0,0,0,0
event=trace_row ordinal=3966 kind=0 ns=288237548926088 fields=770,2,0,25,1,0,0,0,0,0,0,0,0,0,0,0
event=trace_row ordinal=3967 kind=1 ns=288237548926088 fields=770,2,0,1008,1800,200,200,0,1,0,0,0,0,0,0,0
event=trace_row ordinal=3968 kind=3 ns=288237548988505 fields=770,771,1,2,288237548926088,0,1000,5,5,0,5,0,5,5,1,3
event=trace_row ordinal=3969 kind=5 ns=288237558979273 fields=513,6,15,0,0,0,5,0,0,0,16,0,0,0,0,0
event=trace_row ordinal=3970 kind=0 ns=288237558925314 fields=771,2,0,25,1,0,0,0,0,0,0,0,0,0,0,0
event=trace_row ordinal=3971 kind=1 ns=288237558925314 fields=771,2,0,1008,1800,200,200,0,1,0,0,0,0,0,0,0
event=trace_row ordinal=3972 kind=3 ns=288237558988315 fields=771,772,1,2,288237558925314,0,1000,5,5,0,5,0,5,5,1,3
event=trace_row ordinal=3973 kind=5 ns=288237568984041 fields=513,6,15,0,0,0,5,0,0,0,16,0,0,0,0,0
event=trace_row ordinal=3974 kind=0 ns=288237568925708 fields=772,2,0,50,2,0,0,0,0,0,0,0,0,0,0,0
event=trace_row ordinal=3975 kind=1 ns=288237568925708 fields=772,2,0,1008,1800,200,200,0,1,0,0,0,0,0,0,0
event=trace_row ordinal=3976 kind=1 ns=288237568925708 fields=772,2,1,1008,1800,200,200,0,1,0,0,0,0,0,0,0
event=trace_row ordinal=3977 kind=3 ns=288237568993666 fields=772,773,1,2,288237568925708,0,1000,5,5,0,5,0,5,5,1,3
event=trace_row ordinal=3978 kind=5 ns=288237578978601 fields=513,6,15,0,0,0,5,0,0,0,16,0,0,0,0,0
event=trace_row ordinal=3979 kind=0 ns=288237578924935 fields=773,2,0,25,1,0,0,0,0,0,0,0,0,0,0,0
event=trace_row ordinal=3980 kind=1 ns=288237578924935 fields=773,2,0,1008,1800,200,200,0,1,0,0,0,0,0,0,0
event=trace_row ordinal=3981 kind=3 ns=288237578988226 fields=773,774,1,2,288237578924935,0,1000,5,5,0,5,0,5,5,1,3
event=trace_row ordinal=3982 kind=4 ns=288237580688938 fields=385,8,39,20,39,68,0,0,51,0,16,0,0,0,0,0
event=trace_row ordinal=3983 kind=4 ns=288237580829230 fields=641,5,3,0,0,0,0,0,0,0,16,0,0,0,0,0
event=trace_row ordinal=3984 kind=5 ns=288237588984245 fields=513,6,15,0,0,0,5,0,0,0,16,0,0,0,0,0
event=trace_row ordinal=3985 kind=0 ns=288237588925328 fields=774,2,0,50,2,0,0,0,0,0,0,0,0,0,0,0
event=trace_row ordinal=3986 kind=1 ns=288237588925328 fields=774,2,0,1009,1800,200,200,0,1,0,0,0,0,0,0,0
event=trace_row ordinal=3987 kind=1 ns=288237588925328 fields=774,2,1,1009,1800,200,200,0,1,0,0,0,0,0,0,0
event=trace_row ordinal=3988 kind=3 ns=288237588993578 fields=774,775,1,2,288237588925328,0,1000,5,5,0,5,0,5,5,1,3
event=trace_row ordinal=3989 kind=5 ns=288237598978513 fields=513,6,15,0,0,0,5,0,0,0,16,0,0,0,0,0
event=trace_row ordinal=3990 kind=0 ns=288237598924846 fields=775,2,0,25,1,0,0,0,0,0,0,0,0,0,0,0
event=trace_row ordinal=3991 kind=1 ns=288237598924846 fields=775,2,0,1009,1800,200,200,0,1,0,0,0,0,0,0,0
event=trace_row ordinal=3992 kind=3 ns=288237598987847 fields=775,776,1,2,288237598924846,0,1000,5,5,0,5,0,5,5,1,3
event=trace_row ordinal=3993 kind=5 ns=288237609106657 fields=513,6,15,0,0,0,5,0,0,0,16,0,0,0,0,0
event=trace_row ordinal=3994 kind=0 ns=288237608974823 fields=776,2,0,50,2,0,0,0,0,0,0,0,0,0,0,0
event=trace_row ordinal=3995 kind=1 ns=288237608974823 fields=776,2,0,1008,1800,200,200,0,1,0,0,0,0,0,0,0
event=trace_row ordinal=3996 kind=1 ns=288237608974823 fields=776,2,1,1008,1800,200,200,0,1,0,0,0,0,0,0,0
event=trace_row ordinal=3997 kind=3 ns=288237609126490 fields=776,777,1,2,288237608974823,0,1000,5,5,0,5,0,5,5,1,3
event=trace_row ordinal=3998 kind=5 ns=288237618998842 fields=513,6,15,0,0,0,5,0,0,0,16,0,0,0,0,0
event=trace_row ordinal=3999 kind=0 ns=288237618932633 fields=777,2,0,25,1,0,0,0,0,0,0,0,0,0,0,0
event=trace_row ordinal=4000 kind=1 ns=288237618932633 fields=777,2,0,1008,1800,200,200,0,1,0,0,0,0,0,0,0
event=trace_row ordinal=4001 kind=3 ns=288237619008758 fields=777,778,1,2,288237618932633,0,1000,5,5,0,5,0,5,5,1,3
event=trace_row ordinal=4002 kind=5 ns=288237628981443 fields=513,6,15,0,0,0,5,0,0,0,16,0,0,0,0,0
event=trace_row ordinal=4003 kind=0 ns=288237628926902 fields=778,2,0,25,1,0,0,0,0,0,0,0,0,0,0,0
event=trace_row ordinal=4004 kind=1 ns=288237628926902 fields=778,2,0,1009,1800,200,200,0,1,0,0,0,0,0,0,0
event=trace_row ordinal=4005 kind=3 ns=288237628990485 fields=778,779,1,2,288237628926902,0,1000,5,5,0,5,0,5,5,1,3
event=trace_row ordinal=4006 kind=4 ns=288237630651822 fields=385,8,39,20,39,68,0,0,53,0,16,0,0,0,0,0
event=trace_row ordinal=4007 kind=4 ns=288237630836739 fields=641,5,3,0,0,0,0,0,0,0,16,0,0,0,0,0
event=trace_row ordinal=4008 kind=5 ns=288237638984462 fields=513,6,15,0,0,0,5,0,0,0,16,0,0,0,0,0
event=trace_row ordinal=4009 kind=0 ns=288237638925545 fields=779,2,0,50,2,0,0,0,0,0,0,0,0,0,0,0
event=trace_row ordinal=4010 kind=1 ns=288237638925545 fields=779,2,0,1009,1800,200,200,0,1,0,0,0,0,0,0,0
event=trace_row ordinal=4011 kind=1 ns=288237638925545 fields=779,2,1,1009,1800,200,200,0,1,0,0,0,0,0,0,0
event=trace_row ordinal=4012 kind=3 ns=288237638994379 fields=779,780,1,2,288237638925545,0,1000,5,5,0,5,0,5,5,1,3
event=trace_row ordinal=4013 kind=5 ns=288237648977272 fields=513,6,15,0,0,0,5,0,0,0,16,0,0,0,0,0
event=trace_row ordinal=4014 kind=0 ns=288237648923897 fields=780,2,0,25,1,0,0,0,0,0,0,0,0,0,0,0
event=trace_row ordinal=4015 kind=1 ns=288237648923897 fields=780,2,0,1008,1800,200,200,0,1,0,0,0,0,0,0,0
event=trace_row ordinal=4016 kind=3 ns=288237648986605 fields=780,781,1,2,288237648923897,0,1000,5,5,0,5,0,5,5,1,3
event=trace_row ordinal=4017 kind=5 ns=288237658984665 fields=513,6,15,0,0,0,5,0,0,0,16,0,0,0,0,0
event=trace_row ordinal=4018 kind=0 ns=288237658925457 fields=781,2,0,50,2,0,0,0,0,0,0,0,0,0,0,0
event=trace_row ordinal=4019 kind=1 ns=288237658925457 fields=781,2,0,1008,1800,200,200,0,1,0,0,0,0,0,0,0
event=trace_row ordinal=4020 kind=1 ns=288237658925457 fields=781,2,1,1008,1800,200,200,0,1,0,0,0,0,0,0,0
event=trace_row ordinal=4021 kind=3 ns=288237658994290 fields=781,782,1,2,288237658925457,0,1000,5,5,0,5,0,5,5,1,3
event=trace_row ordinal=4022 kind=5 ns=288237668978642 fields=513,6,15,0,0,0,5,0,0,0,16,0,0,0,0,0
event=trace_row ordinal=4023 kind=0 ns=288237668924975 fields=782,2,0,25,1,0,0,0,0,0,0,0,0,0,0,0
event=trace_row ordinal=4024 kind=1 ns=288237668924975 fields=782,2,0,1008,1800,200,200,0,1,0,0,0,0,0,0,0
event=trace_row ordinal=4025 kind=3 ns=288237668987975 fields=782,783,1,2,288237668924975,0,1000,5,5,0,5,0,5,5,1,3
event=trace_row ordinal=4026 kind=5 ns=288237678985160 fields=513,6,15,0,0,0,5,0,0,0,16,0,0,0,0,0
event=trace_row ordinal=4027 kind=0 ns=288237678925077 fields=783,2,0,50,2,0,0,0,0,0,0,0,0,0,0,0
event=trace_row ordinal=4028 kind=1 ns=288237678925077 fields=783,2,0,1008,1800,200,200,0,1,0,0,0,0,0,0,0
event=trace_row ordinal=4029 kind=1 ns=288237678925077 fields=783,2,1,1008,1800,200,200,0,1,0,0,0,0,0,0,0
event=trace_row ordinal=4030 kind=3 ns=288237678994494 fields=783,784,1,2,288237678925077,0,1000,5,5,0,5,0,5,5,1,3
event=trace_row ordinal=4031 kind=4 ns=288237680589038 fields=385,8,39,20,39,68,0,0,48,0,16,0,0,0,0,0
event=trace_row ordinal=4032 kind=4 ns=288237680787372 fields=641,5,3,0,0,0,0,0,0,0,16,0,0,0,0,0
event=trace_row ordinal=4033 kind=5 ns=288237688977387 fields=513,6,15,0,0,0,5,0,0,0,16,0,0,0,0,0
event=trace_row ordinal=4034 kind=0 ns=288237688924012 fields=784,2,0,25,1,0,0,0,0,0,0,0,0,0,0,0
event=trace_row ordinal=4035 kind=1 ns=288237688924012 fields=784,2,0,1008,1800,200,200,0,1,0,0,0,0,0,0,0
event=trace_row ordinal=4036 kind=3 ns=288237688986429 fields=784,785,1,2,288237688924012,0,1000,5,5,0,5,0,5,5,1,3
event=trace_row ordinal=4037 kind=5 ns=288237698979531 fields=513,6,15,0,0,0,5,0,0,0,16,0,0,0,0,0
event=trace_row ordinal=4038 kind=0 ns=288237698924989 fields=785,2,0,25,1,0,0,0,0,0,0,0,0,0,0,0
event=trace_row ordinal=4039 kind=1 ns=288237698924989 fields=785,2,0,1008,1800,200,200,0,1,0,0,0,0,0,0,0
event=trace_row ordinal=4040 kind=3 ns=288237698988864 fields=785,786,1,2,288237698924989,0,1000,5,5,0,5,0,5,5,1,3
event=trace_row ordinal=4041 kind=5 ns=288237708983132 fields=513,6,15,0,0,0,5,0,0,0,16,0,0,0,0,0
event=trace_row ordinal=4042 kind=0 ns=288237708924799 fields=786,2,0,50,2,0,0,0,0,0,0,0,0,0,0,0
event=trace_row ordinal=4043 kind=1 ns=288237708924799 fields=786,2,0,1008,1800,200,200,0,1,0,0,0,0,0,0,0
event=trace_row ordinal=4044 kind=1 ns=288237708924799 fields=786,2,1,1008,1800,200,200,0,1,0,0,0,0,0,0,0
event=trace_row ordinal=4045 kind=3 ns=288237708992757 fields=786,787,1,2,288237708924799,0,1000,5,5,0,5,0,5,5,1,3
event=trace_row ordinal=4046 kind=4 ns=288237712894681 fields=1793,1,5,0,0,0,0,0,0,0,16,0,0,0,0,0
event=trace_row ordinal=4047 kind=5 ns=288237718978276 fields=513,6,15,0,0,0,5,0,0,0,16,0,0,0,0,0
event=trace_row ordinal=4048 kind=0 ns=288237718924901 fields=787,2,0,25,1,0,0,0,0,0,0,0,0,0,0,0
event=trace_row ordinal=4049 kind=1 ns=288237718924901 fields=787,2,0,1008,1800,200,200,0,1,0,0,0,0,0,0,0
event=trace_row ordinal=4050 kind=3 ns=288237718987609 fields=787,788,1,2,288237718924901,0,1000,5,5,0,5,0,5,5,1,3
event=trace_row ordinal=4051 kind=5 ns=288237728984503 fields=513,6,15,0,0,0,5,0,0,0,16,0,0,0,0,0
event=trace_row ordinal=4052 kind=0 ns=288237728924711 fields=788,2,0,50,2,0,0,0,0,0,0,0,0,0,0,0
event=trace_row ordinal=4053 kind=1 ns=288237728924711 fields=788,2,0,1008,1800,200,200,0,1,0,0,0,0,0,0,0
event=trace_row ordinal=4054 kind=1 ns=288237728924711 fields=788,2,1,1008,1800,200,200,0,1,0,0,0,0,0,0,0
event=trace_row ordinal=4055 kind=3 ns=288237728994128 fields=788,789,1,2,288237728924711,0,1000,5,5,0,5,0,5,5,1,3
event=trace_row ordinal=4056 kind=4 ns=288237730525964 fields=385,8,39,20,39,68,0,0,51,0,16,0,0,0,0,0
event=trace_row ordinal=4057 kind=4 ns=288237730670047 fields=641,5,3,0,0,0,0,0,0,0,16,0,0,0,0,0
event=trace_row ordinal=4058 kind=5 ns=288237738979063 fields=513,6,15,0,0,0,5,0,0,0,16,0,0,0,0,0
event=trace_row ordinal=4059 kind=0 ns=288237738924812 fields=789,2,0,25,1,0,0,0,0,0,0,0,0,0,0,0
event=trace_row ordinal=4060 kind=1 ns=288237738924812 fields=789,2,0,1008,1800,200,200,0,1,0,0,0,0,0,0,0
event=trace_row ordinal=4061 kind=3 ns=288237738988396 fields=789,790,1,2,288237738924812,0,1000,5,5,0,5,0,5,5,1,3
event=trace_row ordinal=4062 kind=5 ns=288237748984706 fields=513,6,15,0,0,0,5,0,0,0,16,0,0,0,0,0
event=trace_row ordinal=4063 kind=0 ns=288237748925206 fields=790,2,0,50,2,0,0,0,0,0,0,0,0,0,0,0
event=trace_row ordinal=4064 kind=1 ns=288237748925206 fields=790,2,0,1009,1800,200,200,0,1,0,0,0,0,0,0,0
event=trace_row ordinal=4065 kind=1 ns=288237748925206 fields=790,2,1,1009,1800,200,200,0,1,0,0,0,0,0,0,0
event=trace_row ordinal=4066 kind=3 ns=288237748994039 fields=790,791,1,2,288237748925206,0,1000,5,5,0,5,0,5,5,1,3
event=trace_row ordinal=4067 kind=5 ns=288237758978099 fields=513,6,15,0,0,0,5,0,0,0,16,0,0,0,0,0
event=trace_row ordinal=4068 kind=0 ns=288237758924724 fields=791,2,0,25,1,0,0,0,0,0,0,0,0,0,0,0
event=trace_row ordinal=4069 kind=1 ns=288237758924724 fields=791,2,0,1009,1800,200,200,0,1,0,0,0,0,0,0,0
event=trace_row ordinal=4070 kind=3 ns=288237758987724 fields=791,792,1,2,288237758924724,0,1000,5,5,0,5,0,5,5,1,3
event=trace_row ordinal=4071 kind=5 ns=288237768984910 fields=513,6,15,0,0,0,5,0,0,0,16,0,0,0,0,0
event=trace_row ordinal=4072 kind=0 ns=288237768927159 fields=792,2,0,25,1,0,0,0,0,0,0,0,0,0,0,0
event=trace_row ordinal=4073 kind=1 ns=288237768927159 fields=792,2,0,1008,1800,200,200,0,1,0,0,0,0,0,0,0
event=trace_row ordinal=4074 kind=3 ns=288237768995701 fields=792,793,1,2,288237768927159,0,1000,5,5,0,5,0,5,5,1,3
event=trace_row ordinal=4075 kind=5 ns=288237778990553 fields=513,6,15,0,0,0,5,0,0,0,16,0,0,0,0,0
event=trace_row ordinal=4076 kind=0 ns=288237778928719 fields=793,2,0,50,2,0,0,0,0,0,0,0,0,0,0,0
event=trace_row ordinal=4077 kind=1 ns=288237778928719 fields=793,2,0,1008,1800,200,200,0,1,0,0,0,0,0,0,0
event=trace_row ordinal=4078 kind=1 ns=288237778928719 fields=793,2,1,1008,1800,200,200,0,1,0,0,0,0,0,0,0
event=trace_row ordinal=4079 kind=3 ns=288237779001053 fields=793,794,1,2,288237778928719,0,1000,5,5,0,5,0,5,5,1,3
event=trace_row ordinal=4080 kind=4 ns=288237780500222 fields=385,8,39,20,39,68,0,0,44,0,16,0,0,0,0,0
event=trace_row ordinal=4081 kind=4 ns=288237780676681 fields=641,5,3,0,0,0,0,0,0,0,16,0,0,0,0,0
event=trace_row ordinal=4082 kind=5 ns=288237789087488 fields=513,6,15,0,0,0,5,0,0,0,16,0,0,0,0,0
event=trace_row ordinal=4083 kind=0 ns=288237788964113 fields=794,2,0,25,1,0,0,0,0,0,0,0,0,0,0,0
event=trace_row ordinal=4084 kind=1 ns=288237788964113 fields=794,2,0,1008,1800,200,200,0,1,0,0,0,0,0,0,0
event=trace_row ordinal=4085 kind=3 ns=288237789107613 fields=794,795,1,2,288237788964113,0,1000,5,5,0,5,0,5,5,1,3
event=trace_row ordinal=4086 kind=5 ns=288237799059590 fields=513,6,15,0,0,0,5,0,0,0,16,0,0,0,0,0
event=trace_row ordinal=4087 kind=0 ns=288237798954006 fields=795,2,0,50,2,0,0,0,0,0,0,0,0,0,0,0
event=trace_row ordinal=4088 kind=1 ns=288237798954006 fields=795,2,0,1008,1800,200,200,0,1,0,0,0,0,0,0,0
event=trace_row ordinal=4089 kind=1 ns=288237798954006 fields=795,2,1,1008,1800,200,200,0,1,0,0,0,0,0,0,0
event=trace_row ordinal=4090 kind=3 ns=288237799077090 fields=795,796,1,2,288237798954006,0,1000,5,5,0,5,0,5,5,1,3
event=trace_row ordinal=4091 kind=5 ns=288237809038983 fields=513,6,15,0,0,0,5,0,0,0,16,0,0,0,0,0
event=trace_row ordinal=4092 kind=0 ns=288237808945358 fields=796,2,0,25,1,0,0,0,0,0,0,0,0,0,0,0
event=trace_row ordinal=4093 kind=1 ns=288237808945358 fields=796,2,0,1008,1800,200,200,0,1,0,0,0,0,0,0,0
event=trace_row ordinal=4094 kind=3 ns=288237809055025 fields=796,797,1,2,288237808945358,0,1000,5,5,0,5,0,5,5,1,3
event=trace_row ordinal=4095 kind=5 ns=288237819040835 fields=513,6,15,0,0,0,5,0,0,0,16,0,0,0,0,0
event=trace_row ordinal=4096 kind=0 ns=288237818942835 fields=797,2,0,50,2,0,0,0,0,0,0,0,0,0,0,0
event=trace_row ordinal=4097 kind=1 ns=288237818942835 fields=797,2,0,1008,1800,200,200,0,1,0,0,0,0,0,0,0
event=trace_row ordinal=4098 kind=1 ns=288237818942835 fields=797,2,1,1008,1800,200,200,0,1,0,0,0,0,0,0,0
event=trace_row ordinal=4099 kind=3 ns=288237819058335 fields=797,798,1,2,288237818942835,0,1000,5,5,0,5,0,5,5,1,3
event=trace_row ordinal=4100 kind=5 ns=288237829010020 fields=513,6,15,0,0,0,5,0,0,0,16,0,0,0,0,0
event=trace_row ordinal=4101 kind=0 ns=288237828935645 fields=798,2,0,25,1,0,0,0,0,0,0,0,0,0,0,0
event=trace_row ordinal=4102 kind=1 ns=288237828935645 fields=798,2,0,1008,1800,200,200,0,1,0,0,0,0,0,0,0
event=trace_row ordinal=4103 kind=3 ns=288237829024603 fields=798,799,1,2,288237828935645,0,1000,5,5,0,5,0,5,5,1,3
event=trace_row ordinal=4104 kind=4 ns=288237830438898 fields=385,8,39,20,39,68,0,0,51,0,16,0,0,0,0,0
event=trace_row ordinal=4105 kind=4 ns=288237830625273 fields=641,5,3,0,0,0,0,0,0,0,16,0,0,0,0,0
event=trace_row ordinal=4106 kind=5 ns=288237839045122 fields=513,6,15,0,0,0,5,0,0,0,16,0,0,0,0,0
event=trace_row ordinal=4107 kind=0 ns=288237838953538 fields=799,2,0,25,1,0,0,0,0,0,0,0,0,0,0,0
event=trace_row ordinal=4108 kind=1 ns=288237838953538 fields=799,2,0,1008,1800,200,200,0,1,0,0,0,0,0,0,0
event=trace_row ordinal=4109 kind=3 ns=288237839062330 fields=799,800,1,2,288237838953538,0,1000,5,5,0,5,0,5,5,1,3
event=trace_row ordinal=4110 kind=5 ns=288237848988932 fields=513,6,15,0,0,0,5,0,0,0,16,0,0,0,0,0
event=trace_row ordinal=4111 kind=0 ns=288237848927098 fields=800,2,0,50,2,0,0,0,0,0,0,0,0,0,0,0
event=trace_row ordinal=4112 kind=1 ns=288237848927098 fields=800,2,0,1008,1800,200,200,0,1,0,0,0,0,0,0,0
event=trace_row ordinal=4113 kind=1 ns=288237848927098 fields=800,2,1,1008,1800,200,200,0,1,0,0,0,0,0,0,0
event=trace_row ordinal=4114 kind=3 ns=288237848999432 fields=800,801,1,2,288237848927098,0,1000,5,5,0,5,0,5,5,1,3
event=trace_row ordinal=4115 kind=5 ns=288237858978825 fields=513,6,15,0,0,0,5,0,0,0,16,0,0,0,0,0
event=trace_row ordinal=4116 kind=0 ns=288237858924575 fields=801,2,0,25,1,0,0,0,0,0,0,0,0,0,0,0
event=trace_row ordinal=4117 kind=1 ns=288237858924575 fields=801,2,0,1008,1800,200,200,0,1,0,0,0,0,0,0,0
event=trace_row ordinal=4118 kind=3 ns=288237858987867 fields=801,802,1,2,288237858924575,0,1000,5,5,0,5,0,5,5,1,3
event=trace_row ordinal=4119 kind=5 ns=288237868983594 fields=513,6,15,0,0,0,5,0,0,0,16,0,0,0,0,0
event=trace_row ordinal=4120 kind=0 ns=288237868924968 fields=802,2,0,50,2,0,0,0,0,0,0,0,0,0,0,0
event=trace_row ordinal=4121 kind=1 ns=288237868924968 fields=802,2,0,1009,1800,200,200,0,1,0,0,0,0,0,0,0
event=trace_row ordinal=4122 kind=1 ns=288237868924968 fields=802,2,1,1009,1800,200,200,0,1,0,0,0,0,0,0,0
event=trace_row ordinal=4123 kind=3 ns=288237868992927 fields=802,803,1,2,288237868924968,0,1000,5,5,0,5,0,5,5,1,3
event=trace_row ordinal=4124 kind=5 ns=288237878979904 fields=513,6,15,0,0,0,5,0,0,0,16,0,0,0,0,0
event=trace_row ordinal=4125 kind=0 ns=288237878925654 fields=803,2,0,25,1,0,0,0,0,0,0,0,0,0,0,0
event=trace_row ordinal=4126 kind=1 ns=288237878925654 fields=803,2,0,1009,1800,200,200,0,1,0,0,0,0,0,0,0
event=trace_row ordinal=4127 kind=3 ns=288237878989529 fields=803,804,1,2,288237878925654,0,1000,5,5,0,5,0,5,5,1,3
event=trace_row ordinal=4128 kind=4 ns=288237880382531 fields=385,8,39,20,39,68,0,0,46,0,16,0,0,0,0,0
event=trace_row ordinal=4129 kind=4 ns=288237880574157 fields=641,5,3,0,0,0,0,0,0,0,16,0,0,0,0,0
event=trace_row ordinal=4130 kind=5 ns=288237888983797 fields=513,6,15,0,0,0,5,0,0,0,16,0,0,0,0,0
event=trace_row ordinal=4131 kind=0 ns=288237888924880 fields=804,2,0,50,2,0,0,0,0,0,0,0,0,0,0,0
event=trace_row ordinal=4132 kind=1 ns=288237888924880 fields=804,2,0,1008,1800,200,200,0,1,0,0,0,0,0,0,0
event=trace_row ordinal=4133 kind=1 ns=288237888924880 fields=804,2,1,1008,1800,200,200,0,1,0,0,0,0,0,0,0
event=trace_row ordinal=4134 kind=3 ns=288237888993422 fields=804,805,1,2,288237888924880,0,1000,5,5,0,5,0,5,5,1,3
event=trace_row ordinal=4135 kind=5 ns=288237898978357 fields=513,6,15,0,0,0,5,0,0,0,16,0,0,0,0,0
event=trace_row ordinal=4136 kind=0 ns=288237898924399 fields=805,2,0,25,1,0,0,0,0,0,0,0,0,0,0,0
event=trace_row ordinal=4137 kind=1 ns=288237898924399 fields=805,2,0,1008,1800,200,200,0,1,0,0,0,0,0,0,0
event=trace_row ordinal=4138 kind=3 ns=288237898988274 fields=805,806,1,2,288237898924399,0,1000,5,5,0,5,0,5,5,1,3
event=trace_row ordinal=4139 kind=5 ns=288237908978751 fields=513,6,15,0,0,0,5,0,0,0,16,0,0,0,0,0
event=trace_row ordinal=4140 kind=0 ns=288237908925084 fields=806,2,0,25,1,0,0,0,0,0,0,0,0,0,0,0
event=trace_row ordinal=4141 kind=1 ns=288237908925084 fields=806,2,0,1008,1800,200,200,0,1,0,0,0,0,0,0,0
event=trace_row ordinal=4142 kind=3 ns=288237908987792 fields=806,807,1,2,288237908925084,0,1000,5,5,0,5,0,5,5,1,3
event=trace_row ordinal=4143 kind=5 ns=288237918984686 fields=513,6,15,0,0,0,5,0,0,0,16,0,0,0,0,0
event=trace_row ordinal=4144 kind=0 ns=288237918925477 fields=807,2,0,50,2,0,0,0,0,0,0,0,0,0,0,0
event=trace_row ordinal=4145 kind=1 ns=288237918925477 fields=807,2,0,1008,1800,200,200,0,1,0,0,0,0,0,0,0
event=trace_row ordinal=4146 kind=1 ns=288237918925477 fields=807,2,1,1008,1800,200,200,0,1,0,0,0,0,0,0,0
event=trace_row ordinal=4147 kind=3 ns=288237918994311 fields=807,808,1,2,288237918925477,0,1000,5,5,0,5,0,5,5,1,3
event=trace_row ordinal=4148 kind=5 ns=288237928981871 fields=513,6,15,0,0,0,5,0,0,0,16,0,0,0,0,0
event=trace_row ordinal=4149 kind=0 ns=288237928928496 fields=808,2,0,25,1,0,0,0,0,0,0,0,0,0,0,0
event=trace_row ordinal=4150 kind=1 ns=288237928928496 fields=808,2,0,1008,1800,200,200,0,1,0,0,0,0,0,0,0
event=trace_row ordinal=4151 kind=3 ns=288237928991204 fields=808,809,1,2,288237928928496,0,1000,5,5,0,5,0,5,5,1,3
event=trace_row ordinal=4152 kind=4 ns=288237930322082 fields=385,8,39,20,39,68,0,0,47,0,16,0,0,0,0,0
event=trace_row ordinal=4153 kind=4 ns=288237930458873 fields=641,5,3,0,0,0,0,0,0,0,16,0,0,0,0,0
event=trace_row ordinal=4154 kind=5 ns=288237938984306 fields=513,6,15,0,0,0,5,0,0,0,16,0,0,0,0,0
event=trace_row ordinal=4155 kind=0 ns=288237938925097 fields=809,2,0,50,2,0,0,0,0,0,0,0,0,0,0,0
event=trace_row ordinal=4156 kind=1 ns=288237938925097 fields=809,2,0,1008,1800,200,200,0,1,0,0,0,0,0,0,0
event=trace_row ordinal=4157 kind=1 ns=288237938925097 fields=809,2,1,1008,1800,200,200,0,1,0,0,0,0,0,0,0
event=trace_row ordinal=4158 kind=3 ns=288237938993931 fields=809,810,1,2,288237938925097,0,1000,5,5,0,5,0,5,5,1,3
event=trace_row ordinal=4159 kind=5 ns=288237948978866 fields=513,6,15,0,0,0,5,0,0,0,16,0,0,0,0,0
event=trace_row ordinal=4160 kind=0 ns=288237948924616 fields=810,2,0,25,1,0,0,0,0,0,0,0,0,0,0,0
event=trace_row ordinal=4161 kind=1 ns=288237948924616 fields=810,2,0,1008,1800,200,200,0,1,0,0,0,0,0,0,0
event=trace_row ordinal=4162 kind=3 ns=288237948988199 fields=810,811,1,2,288237948924616,0,1000,5,5,0,5,0,5,5,1,3
event=trace_row ordinal=4163 kind=5 ns=288237958983634 fields=513,6,15,0,0,0,5,0,0,0,16,0,0,0,0,0
event=trace_row ordinal=4164 kind=0 ns=288237958925009 fields=811,2,0,50,2,0,0,0,0,0,0,0,0,0,0,0
event=trace_row ordinal=4165 kind=1 ns=288237958925009 fields=811,2,0,1008,1800,200,200,0,1,0,0,0,0,0,0,0
event=trace_row ordinal=4166 kind=1 ns=288237958925009 fields=811,2,1,1008,1800,200,200,0,1,0,0,0,0,0,0,0
event=trace_row ordinal=4167 kind=3 ns=288237958993259 fields=811,812,1,2,288237958925009,0,1000,5,5,0,5,0,5,5,1,3
event=trace_row ordinal=4168 kind=4 ns=288237962439016 fields=1793,1,5,0,0,0,0,0,0,0,16,0,0,0,0,0
event=trace_row ordinal=4169 kind=5 ns=288237968978194 fields=513,6,15,0,0,0,5,0,0,0,16,0,0,0,0,0
event=trace_row ordinal=4170 kind=0 ns=288237968924528 fields=812,2,0,25,1,0,0,0,0,0,0,0,0,0,0,0
event=trace_row ordinal=4171 kind=1 ns=288237968924528 fields=812,2,0,1008,1800,200,200,0,1,0,0,0,0,0,0,0
event=trace_row ordinal=4172 kind=3 ns=288237968987528 fields=812,813,1,2,288237968924528,0,1000,5,5,0,5,0,5,5,1,3
event=trace_row ordinal=4173 kind=5 ns=288237978979755 fields=513,6,15,0,0,0,5,0,0,0,16,0,0,0,0,0
event=trace_row ordinal=4174 kind=0 ns=288237978925505 fields=813,2,0,25,1,0,0,0,0,0,0,0,0,0,0,0
event=trace_row ordinal=4175 kind=1 ns=288237978925505 fields=813,2,0,1008,1800,200,200,0,1,0,0,0,0,0,0,0
event=trace_row ordinal=4176 kind=3 ns=288237978988796 fields=813,814,1,2,288237978925505,0,1000,5,5,0,5,0,5,5,1,3
event=trace_row ordinal=4177 kind=4 ns=288237980259590 fields=385,8,39,20,39,68,0,0,51,0,16,0,0,0,0,0
event=trace_row ordinal=4178 kind=4 ns=288237980462882 fields=641,5,3,0,0,0,0,0,0,0,16,0,0,0,0,0
event=trace_row ordinal=4179 kind=5 ns=288237988983940 fields=513,6,15,0,0,0,5,0,0,0,16,0,0,0,0,0
event=trace_row ordinal=4180 kind=0 ns=288237988925023 fields=814,2,0,50,2,0,0,0,0,0,0,0,0,0,0,0
event=trace_row ordinal=4181 kind=1 ns=288237988925023 fields=814,2,0,1009,1800,200,200,0,1,0,0,0,0,0,0,0
event=trace_row ordinal=4182 kind=1 ns=288237988925023 fields=814,2,1,1009,1800,200,200,0,1,0,0,0,0,0,0,0
event=trace_row ordinal=4183 kind=3 ns=288237988993565 fields=814,815,1,2,288237988925023,0,1000,5,5,0,5,0,5,5,1,3
event=trace_row ordinal=4184 kind=5 ns=288237999103042 fields=513,6,15,0,0,0,5,0,0,0,16,0,0,0,0,0
event=trace_row ordinal=4185 kind=0 ns=288237998974417 fields=815,2,0,25,1,0,0,0,0,0,0,0,0,0,0,0
event=trace_row ordinal=4186 kind=1 ns=288237998974417 fields=815,2,0,1009,1800,200,200,0,1,0,0,0,0,0,0,0
event=trace_row ordinal=4187 kind=3 ns=288237999124917 fields=815,816,1,2,288237998974417,0,1000,5,5,0,5,0,5,5,1,3
event=trace_row ordinal=4188 kind=5 ns=288238009004269 fields=513,6,15,0,0,0,5,0,0,0,16,0,0,0,0,0
event=trace_row ordinal=4189 kind=0 ns=288238008934852 fields=816,2,0,50,2,0,0,0,0,0,0,0,0,0,0,0
event=trace_row ordinal=4190 kind=1 ns=288238008934852 fields=816,2,0,1008,1800,200,200,0,1,0,0,0,0,0,0,0
event=trace_row ordinal=4191 kind=1 ns=288238008934852 fields=816,2,1,1008,1800,200,200,0,1,0,0,0,0,0,0,0
event=trace_row ordinal=4192 kind=3 ns=288238009015935 fields=816,817,1,2,288238008934852,0,1000,5,5,0,5,0,5,5,1,3
event=trace_row ordinal=4193 kind=5 ns=288238018980745 fields=513,6,15,0,0,0,5,0,0,0,16,0,0,0,0,0
event=trace_row ordinal=4194 kind=0 ns=288238018925037 fields=817,2,0,25,1,0,0,0,0,0,0,0,0,0,0,0
event=trace_row ordinal=4195 kind=1 ns=288238018925037 fields=817,2,0,1008,1800,200,200,0,1,0,0,0,0,0,0,0
event=trace_row ordinal=4196 kind=3 ns=288238018990079 fields=817,818,1,2,288238018925037,0,1000,5,5,0,5,0,5,5,1,3
event=trace_row ordinal=4197 kind=5 ns=288238028984056 fields=513,6,15,0,0,0,5,0,0,0,16,0,0,0,0,0
event=trace_row ordinal=4198 kind=0 ns=288238028925722 fields=818,2,0,50,2,0,0,0,0,0,0,0,0,0,0,0
event=trace_row ordinal=4199 kind=1 ns=288238028925722 fields=818,2,0,1008,1800,200,200,0,1,0,0,0,0,0,0,0
event=trace_row ordinal=4200 kind=1 ns=288238028925722 fields=818,2,1,1008,1800,200,200,0,1,0,0,0,0,0,0,0
event=trace_row ordinal=4201 kind=3 ns=288238028993972 fields=818,819,1,2,288238028925722,0,1000,5,5,0,5,0,5,5,1,3
event=trace_row ordinal=4202 kind=4 ns=288238030224516 fields=385,8,39,20,39,68,0,0,55,0,16,0,0,0,0,0
event=trace_row ordinal=4203 kind=4 ns=288238030411766 fields=641,5,3,0,0,0,0,0,0,0,16,0,0,0,0,0
event=trace_row ordinal=4204 kind=5 ns=288238038978616 fields=513,6,15,0,0,0,5,0,0,0,16,0,0,0,0,0
event=trace_row ordinal=4205 kind=0 ns=288238038924657 fields=819,2,0,25,1,0,0,0,0,0,0,0,0,0,0,0
event=trace_row ordinal=4206 kind=1 ns=288238038924657 fields=819,2,0,1008,1800,200,200,0,1,0,0,0,0,0,0,0
event=trace_row ordinal=4207 kind=3 ns=288238038987949 fields=819,820,1,2,288238038924657,0,1000,5,5,0,5,0,5,5,1,3
event=trace_row ordinal=4208 kind=5 ns=288238048979301 fields=513,6,15,0,0,0,5,0,0,0,16,0,0,0,0,0
event=trace_row ordinal=4209 kind=0 ns=288238048925634 fields=820,2,0,25,1,0,0,0,0,0,0,0,0,0,0,0
event=trace_row ordinal=4210 kind=1 ns=288238048925634 fields=820,2,0,1008,1800,200,200,0,1,0,0,0,0,0,0,0
event=trace_row ordinal=4211 kind=3 ns=288238048988926 fields=820,821,1,2,288238048925634,0,1000,5,5,0,5,0,5,5,1,3
event=trace_row ordinal=4212 kind=5 ns=288238058983778 fields=513,6,15,0,0,0,5,0,0,0,16,0,0,0,0,0
event=trace_row ordinal=4213 kind=0 ns=288238058925444 fields=821,2,0,50,2,0,0,0,0,0,0,0,0,0,0,0
event=trace_row ordinal=4214 kind=1 ns=288238058925444 fields=821,2,0,1008,1800,200,200,0,1,0,0,0,0,0,0,0
event=trace_row ordinal=4215 kind=1 ns=288238058925444 fields=821,2,1,1008,1800,200,200,0,1,0,0,0,0,0,0,0
event=trace_row ordinal=4216 kind=3 ns=288238058993111 fields=821,822,1,2,288238058925444,0,1000,5,5,0,5,0,5,5,1,3
event=trace_row ordinal=4217 kind=5 ns=288238068978630 fields=513,6,15,0,0,0,5,0,0,0,16,0,0,0,0,0
event=trace_row ordinal=4218 kind=0 ns=288238068924963 fields=822,2,0,25,1,0,0,0,0,0,0,0,0,0,0,0
event=trace_row ordinal=4219 kind=1 ns=288238068924963 fields=822,2,0,1009,1800,200,200,0,1,0,0,0,0,0,0,0
event=trace_row ordinal=4220 kind=3 ns=288238068987963 fields=822,823,1,2,288238068924963,0,1000,5,5,0,5,0,5,5,1,3
event=trace_row ordinal=4221 kind=5 ns=288238078984565 fields=513,6,15,0,0,0,5,0,0,0,16,0,0,0,0,0
event=trace_row ordinal=4222 kind=0 ns=288238078925065 fields=823,2,0,50,2,0,0,0,0,0,0,0,0,0,0,0
event=trace_row ordinal=4223 kind=1 ns=288238078925065 fields=823,2,0,1009,1800,200,200,0,1,0,0,0,0,0,0,0
event=trace_row ordinal=4224 kind=1 ns=288238078925065 fields=823,2,1,1008,1800,200,200,0,1,0,0,0,0,0,0,0
event=trace_row ordinal=4225 kind=3 ns=288238078993898 fields=823,824,1,2,288238078925065,0,1000,5,5,0,5,0,5,5,1,3
event=trace_row ordinal=4226 kind=4 ns=288238080159109 fields=385,8,39,20,39,68,0,0,46,0,16,0,0,0,0,0
event=trace_row ordinal=4227 kind=4 ns=288238080358609 fields=641,5,3,0,0,0,0,0,0,0,16,0,0,0,0,0
event=trace_row ordinal=4228 kind=5 ns=288238088980292 fields=513,6,15,0,0,0,5,0,0,0,16,0,0,0,0,0
event=trace_row ordinal=4229 kind=0 ns=288238088924875 fields=824,2,0,25,1,0,0,0,0,0,0,0,0,0,0,0
event=trace_row ordinal=4230 kind=1 ns=288238088924875 fields=824,2,0,1008,1800,200,200,0,1,0,0,0,0,0,0,0
event=trace_row ordinal=4231 kind=3 ns=288238088989625 fields=824,825,1,2,288238088924875,0,1000,5,5,0,5,0,5,5,1,3
event=trace_row ordinal=4232 kind=5 ns=288238098983893 fields=513,6,15,0,0,0,5,0,0,0,16,0,0,0,0,0
event=trace_row ordinal=4233 kind=0 ns=288238098924977 fields=825,2,0,50,2,0,0,0,0,0,0,0,0,0,0,0
event=trace_row ordinal=4234 kind=1 ns=288238098924977 fields=825,2,0,1008,1800,200,200,0,1,0,0,0,0,0,0,0
event=trace_row ordinal=4235 kind=1 ns=288238098924977 fields=825,2,1,1009,1800,200,200,0,1,0,0,0,0,0,0,0
event=trace_row ordinal=4236 kind=3 ns=288238098993518 fields=825,826,1,2,288238098924977,0,1000,5,5,0,5,0,5,5,1,3
event=trace_row ordinal=4237 kind=5 ns=288238108979912 fields=513,6,15,0,0,0,5,0,0,0,16,0,0,0,0,0
event=trace_row ordinal=4238 kind=0 ns=288238108925370 fields=826,2,0,25,1,0,0,0,0,0,0,0,0,0,0,0
event=trace_row ordinal=4239 kind=1 ns=288238108925370 fields=826,2,0,1009,1800,200,200,0,1,0,0,0,0,0,0,0
event=trace_row ordinal=4240 kind=3 ns=288238108989245 fields=826,827,1,2,288238108925370,0,1000,5,5,0,5,0,5,5,1,3
event=trace_row ordinal=4241 kind=5 ns=288238118978264 fields=513,6,15,0,0,0,5,0,0,0,16,0,0,0,0,0
event=trace_row ordinal=4242 kind=0 ns=288238118924889 fields=827,2,0,25,1,0,0,0,0,0,0,0,0,0,0,0
event=trace_row ordinal=4243 kind=1 ns=288238118924889 fields=827,2,0,1009,1800,200,200,0,1,0,0,0,0,0,0,0
event=trace_row ordinal=4244 kind=3 ns=288238118987597 fields=827,828,1,2,288238118924889,0,1000,5,5,0,5,0,5,5,1,3
event=trace_row ordinal=4245 kind=5 ns=288238128983324 fields=513,6,15,0,0,0,5,0,0,0,16,0,0,0,0,0
event=trace_row ordinal=4246 kind=0 ns=288238128924699 fields=828,2,0,50,2,0,0,0,0,0,0,0,0,0,0,0
event=trace_row ordinal=4247 kind=1 ns=288238128924699 fields=828,2,0,1008,1800,200,200,0,1,0,0,0,0,0,0,0
event=trace_row ordinal=4248 kind=1 ns=288238128924699 fields=828,2,1,1008,1800,200,200,0,1,0,0,0,0,0,0,0
event=trace_row ordinal=4249 kind=3 ns=288238128992657 fields=828,829,1,2,288238128924699,0,1000,5,5,0,5,0,5,5,1,3
event=trace_row ordinal=4250 kind=4 ns=288238130104493 fields=385,8,39,20,39,68,0,0,52,0,16,0,0,0,0,0
event=trace_row ordinal=4251 kind=4 ns=288238130303118 fields=641,5,3,0,0,0,0,0,0,0,16,0,0,0,0,0
event=trace_row ordinal=4252 kind=5 ns=288238138980509 fields=513,6,15,0,0,0,5,0,0,0,16,0,0,0,0,0
event=trace_row ordinal=4253 kind=0 ns=288238138925092 fields=829,2,0,25,1,0,0,0,0,0,0,0,0,0,0,0
event=trace_row ordinal=4254 kind=1 ns=288238138925092 fields=829,2,0,1008,1800,200,200,0,1,0,0,0,0,0,0,0
event=trace_row ordinal=4255 kind=3 ns=288238138989551 fields=829,830,1,2,288238138925092,0,1000,5,5,0,5,0,5,5,1,3
event=trace_row ordinal=4256 kind=5 ns=288238148985861 fields=513,6,15,0,0,0,5,0,0,0,16,0,0,0,0,0
event=trace_row ordinal=4257 kind=0 ns=288238148926361 fields=830,2,0,50,2,0,0,0,0,0,0,0,0,0,0,0
event=trace_row ordinal=4258 kind=1 ns=288238148926361 fields=830,2,0,1009,1800,200,200,0,1,0,0,0,0,0,0,0
event=trace_row ordinal=4259 kind=1 ns=288238148926361 fields=830,2,1,1009,1800,200,200,0,1,0,0,0,0,0,0,0
event=trace_row ordinal=4260 kind=3 ns=288238148995194 fields=830,831,1,2,288238148926361,0,1000,5,5,0,5,0,5,5,1,3
event=trace_row ordinal=4261 kind=5 ns=288238158983046 fields=513,6,15,0,0,0,5,0,0,0,16,0,0,0,0,0
event=trace_row ordinal=4262 kind=0 ns=288238158927338 fields=831,2,0,25,1,0,0,0,0,0,0,0,0,0,0,0
event=trace_row ordinal=4263 kind=1 ns=288238158927338 fields=831,2,0,1009,1800,200,200,0,1,0,0,0,0,0,0,0
event=trace_row ordinal=4264 kind=3 ns=288238158992963 fields=831,832,1,2,288238158927338,0,1000,5,5,0,5,0,5,5,1,3
event=trace_row ordinal=4265 kind=5 ns=288238169052273 fields=513,6,15,0,0,0,5,0,0,0,16,0,0,0,0,0
event=trace_row ordinal=4266 kind=0 ns=288238168946106 fields=832,2,0,50,2,0,0,0,0,0,0,0,0,0,0,0
event=trace_row ordinal=4267 kind=1 ns=288238168946106 fields=832,2,0,1008,1800,200,200,0,1,0,0,0,0,0,0,0
event=trace_row ordinal=4268 kind=1 ns=288238168946106 fields=832,2,1,1008,1800,200,200,0,1,0,0,0,0,0,0,0
event=trace_row ordinal=4269 kind=3 ns=288238169069190 fields=832,833,1,2,288238168946106,0,1000,5,5,0,5,0,5,5,1,3
event=trace_row ordinal=4270 kind=5 ns=288238179053542 fields=513,6,15,0,0,0,5,0,0,0,16,0,0,0,0,0
event=trace_row ordinal=4271 kind=0 ns=288238178952041 fields=833,2,0,25,1,0,0,0,0,0,0,0,0,0,0,0
event=trace_row ordinal=4272 kind=1 ns=288238178952041 fields=833,2,0,1008,1800,200,200,0,1,0,0,0,0,0,0,0
event=trace_row ordinal=4273 kind=3 ns=288238179071333 fields=833,834,1,2,288238178952041,0,1000,5,5,0,5,0,5,5,1,3
event=trace_row ordinal=4274 kind=4 ns=288238180067085 fields=385,8,39,20,39,68,0,0,44,0,16,0,0,0,0,0
event=trace_row ordinal=4275 kind=4 ns=288238180250835 fields=641,5,3,0,0,0,0,0,0,0,16,0,0,0,0,0
event=trace_row ordinal=4276 kind=5 ns=288238189021268 fields=513,6,15,0,0,0,5,0,0,0,16,0,0,0,0,0
event=trace_row ordinal=4277 kind=0 ns=288238188942518 fields=834,2,0,25,1,0,0,0,0,0,0,0,0,0,0,0
event=trace_row ordinal=4278 kind=1 ns=288238188942518 fields=834,2,0,1009,1800,200,200,0,1,0,0,0,0,0,0,0
event=trace_row ordinal=4279 kind=3 ns=288238189035560 fields=834,835,1,2,288238188942518,0,1000,5,5,0,5,0,5,5,1,3
event=trace_row ordinal=4280 kind=5 ns=288238199111787 fields=513,6,15,0,0,0,5,0,0,0,16,0,0,0,0,0
event=trace_row ordinal=4281 kind=0 ns=288238198973537 fields=835,2,0,50,2,0,0,0,0,0,0,0,0,0,0,0
event=trace_row ordinal=4282 kind=1 ns=288238198973537 fields=835,2,0,1009,1800,200,200,0,1,0,0,0,0,0,0,0
event=trace_row ordinal=4283 kind=1 ns=288238198973537 fields=835,2,1,1009,1800,200,200,0,1,0,0,0,0,0,0,0
event=trace_row ordinal=4284 kind=3 ns=288238199134245 fields=835,836,1,2,288238198973537,0,1000,5,5,0,5,0,5,5,1,3
event=trace_row ordinal=4285 kind=5 ns=288238209072222 fields=513,6,15,0,0,0,5,0,0,0,16,0,0,0,0,0
event=trace_row ordinal=4286 kind=0 ns=288238208962555 fields=836,2,0,25,1,0,0,0,0,0,0,0,0,0,0,0
event=trace_row ordinal=4287 kind=1 ns=288238208962555 fields=836,2,0,1008,1800,200,200,0,1,0,0,0,0,0,0,0
event=trace_row ordinal=4288 kind=3 ns=288238209092347 fields=836,837,1,2,288238208962555,0,1000,5,5,0,5,0,5,5,1,3
event=trace_row ordinal=4289 kind=4 ns=288238212000852 fields=1793,1,5,0,0,0,0,0,0,0,16,0,0,0,0,0
event=trace_row ordinal=4290 kind=5 ns=288238219095949 fields=513,6,15,0,0,0,5,0,0,0,16,0,0,0,0,0
event=trace_row ordinal=4291 kind=0 ns=288238218967907 fields=837,2,0,50,2,0,0,0,0,0,0,0,0,0,0,0
event=trace_row ordinal=4292 kind=1 ns=288238218967907 fields=837,2,0,1008,1800,200,200,0,1,0,0,0,0,0,0,0
event=trace_row ordinal=4293 kind=1 ns=288238218967907 fields=837,2,1,1009,1800,200,200,0,1,0,0,0,0,0,0,0
event=trace_row ordinal=4294 kind=3 ns=288238219116657 fields=837,838,1,2,288238218967907,0,1000,5,5,0,5,0,5,5,1,3
event=trace_row ordinal=4295 kind=5 ns=288238229041509 fields=513,6,15,0,0,0,5,0,0,0,16,0,0,0,0,0
event=trace_row ordinal=4296 kind=0 ns=288238228953717 fields=838,2,0,25,1,0,0,0,0,0,0,0,0,0,0,0
event=trace_row ordinal=4297 kind=1 ns=288238228953717 fields=838,2,0,1009,1800,200,200,0,1,0,0,0,0,0,0,0
event=trace_row ordinal=4298 kind=3 ns=288238229056092 fields=838,839,1,2,288238228953717,0,1000,5,5,0,5,0,5,5,1,3
event=trace_row ordinal=4299 kind=4 ns=288238230071678 fields=385,8,39,20,39,68,0,0,51,0,16,0,0,0,0,0
event=trace_row ordinal=4300 kind=4 ns=288238230260386 fields=641,5,3,0,0,0,0,0,0,0,16,0,0,0,0,0
event=trace_row ordinal=4301 kind=5 ns=288238239133194 fields=513,6,15,0,0,0,5,0,0,0,16,0,0,0,0,0
event=trace_row ordinal=4302 kind=0 ns=288238238981527 fields=839,2,0,50,2,0,0,0,0,0,0,0,0,0,0,0
event=trace_row ordinal=4303 kind=1 ns=288238238981527 fields=839,2,0,1009,1800,200,200,0,1,0,0,0,0,0,0,0
event=trace_row ordinal=4304 kind=1 ns=288238238981527 fields=839,2,1,1008,1800,200,200,0,1,0,0,0,0,0,0,0
event=trace_row ordinal=4305 kind=3 ns=288238239159736 fields=839,840,1,2,288238238981527,0,1000,5,5,0,5,0,5,5,1,3
event=trace_row ordinal=4306 kind=5 ns=288238249040838 fields=513,6,15,0,0,0,5,0,0,0,16,0,0,0,0,0
event=trace_row ordinal=4307 kind=0 ns=288238248952754 fields=840,2,0,25,1,0,0,0,0,0,0,0,0,0,0,0
event=trace_row ordinal=4308 kind=1 ns=288238248952754 fields=840,2,0,1008,1800,200,200,0,1,0,0,0,0,0,0,0
event=trace_row ordinal=4309 kind=3 ns=288238249056588 fields=840,841,1,2,288238248952754,0,1000,5,5,0,5,0,5,5,1,3
event=trace_row ordinal=4310 kind=5 ns=288238259157606 fields=513,6,15,0,0,0,5,0,0,0,16,0,0,0,0,0
event=trace_row ordinal=4311 kind=0 ns=288238258997773 fields=841,2,0,25,1,0,0,0,0,0,0,0,0,0,0,0
event=trace_row ordinal=4312 kind=1 ns=288238258997773 fields=841,2,0,1008,1800,200,200,0,1,0,0,0,0,0,0,0
event=trace_row ordinal=4313 kind=3 ns=288238259183565 fields=841,842,1,2,288238258997773,0,1000,5,5,0,5,0,5,5,1,3
event=trace_row ordinal=4314 kind=5 ns=288238269111916 fields=513,6,15,0,0,0,5,0,0,0,16,0,0,0,0,0
event=trace_row ordinal=4315 kind=0 ns=288238268973083 fields=842,2,0,50,2,0,0,0,0,0,0,0,0,0,0,0
event=trace_row ordinal=4316 kind=1 ns=288238268973083 fields=842,2,0,1008,1800,200,200,0,1,0,0,0,0,0,0,0
event=trace_row ordinal=4317 kind=1 ns=288238268973083 fields=842,2,1,1008,1800,200,200,0,1,0,0,0,0,0,0,0
event=trace_row ordinal=4318 kind=3 ns=288238269136708 fields=842,843,1,2,288238268973083,0,1000,5,5,0,5,0,5,5,1,3
event=trace_row ordinal=4319 kind=5 ns=288238279113185 fields=513,6,15,0,0,0,5,0,0,0,16,0,0,0,0,0
event=trace_row ordinal=4320 kind=0 ns=288238278977851 fields=843,2,0,25,1,0,0,0,0,0,0,0,0,0,0,0
event=trace_row ordinal=4321 kind=1 ns=288238278977851 fields=843,2,0,1008,1800,200,200,0,1,0,0,0,0,0,0,0
event=trace_row ordinal=4322 kind=3 ns=288238279137102 fields=843,844,1,2,288238278977851,0,1000,5,5,0,5,0,5,5,1,3
event=trace_row ordinal=4323 kind=4 ns=288238280024062 fields=385,8,39,20,39,68,0,0,47,0,16,0,0,0,0,0
event=trace_row ordinal=4324 kind=4 ns=288238280205770 fields=641,5,3,0,0,0,0,0,0,0,16,0,0,0,0,0
event=trace_row ordinal=4325 kind=5 ns=288238289105703 fields=513,6,15,0,0,0,5,0,0,0,16,0,0,0,0,0
event=trace_row ordinal=4326 kind=0 ns=288238288972995 fields=844,2,0,50,2,0,0,0,0,0,0,0,0,0,0,0
event=trace_row ordinal=4327 kind=1 ns=288238288972995 fields=844,2,0,1008,1800,200,200,0,1,0,0,0,0,0,0,0
event=trace_row ordinal=4328 kind=1 ns=288238288972995 fields=844,2,1,1008,1800,200,200,0,1,0,0,0,0,0,0,0
event=trace_row ordinal=4329 kind=3 ns=288238289126704 fields=844,845,1,2,288238288972995,0,1000,5,5,0,5,0,5,5,1,3
event=trace_row ordinal=4330 kind=5 ns=288238299029389 fields=513,6,15,0,0,0,5,0,0,0,16,0,0,0,0,0
event=trace_row ordinal=4331 kind=0 ns=288238298943347 fields=845,2,0,25,1,0,0,0,0,0,0,0,0,0,0,0
event=trace_row ordinal=4332 kind=1 ns=288238298943347 fields=845,2,0,1008,1800,200,200,0,1,0,0,0,0,0,0,0
event=trace_row ordinal=4333 kind=3 ns=288238299043389 fields=845,846,1,2,288238298943347,0,1000,5,5,0,5,0,5,5,1,3
event=trace_row ordinal=4334 kind=5 ns=288238309026282 fields=513,6,15,0,0,0,5,0,0,0,16,0,0,0,0,0
event=trace_row ordinal=4335 kind=0 ns=288238308941407 fields=846,2,0,50,2,0,0,0,0,0,0,0,0,0,0,0
event=trace_row ordinal=4336 kind=1 ns=288238308941407 fields=846,2,0,1008,1800,200,200,0,1,0,0,0,0,0,0,0
event=trace_row ordinal=4337 kind=1 ns=288238308941407 fields=846,2,1,1008,1800,200,200,0,1,0,0,0,0,0,0,0
event=trace_row ordinal=4338 kind=3 ns=288238309039990 fields=846,847,1,2,288238308941407,0,1000,5,5,0,5,0,5,5,1,3
event=trace_row ordinal=4339 kind=5 ns=288238319126717 fields=513,6,15,0,0,0,5,0,0,0,16,0,0,0,0,0
event=trace_row ordinal=4340 kind=0 ns=288238318981467 fields=847,2,0,25,1,0,0,0,0,0,0,0,0,0,0,0
event=trace_row ordinal=4341 kind=1 ns=288238318981467 fields=847,2,0,1008,1800,200,200,0,1,0,0,0,0,0,0,0
event=trace_row ordinal=4342 kind=3 ns=288238319151217 fields=847,848,1,2,288238318981467,0,1000,5,5,0,5,0,5,5,1,3
event=trace_row ordinal=4343 kind=5 ns=288238329069652 fields=513,6,15,0,0,0,5,0,0,0,16,0,0,0,0,0
event=trace_row ordinal=4344 kind=0 ns=288238328959402 fields=848,2,0,25,1,0,0,0,0,0,0,0,0,0,0,0
event=trace_row ordinal=4345 kind=1 ns=288238328959402 fields=848,2,0,1008,1800,200,200,0,1,0,0,0,0,0,0,0
event=trace_row ordinal=4346 kind=3 ns=288238329089777 fields=848,849,1,2,288238328959402,0,1000,5,5,0,5,0,5,5,1,3
event=trace_row ordinal=4347 kind=4 ns=288238329970904 fields=385,8,39,20,39,68,0,0,46,0,16,0,0,0,0,0
event=trace_row ordinal=4348 kind=4 ns=288238330100113 fields=641,5,3,0,0,0,0,0,0,0,16,0,0,0,0,0
event=trace_row ordinal=4349 kind=5 ns=288238339061296 fields=513,6,15,0,0,0,5,0,0,0,16,0,0,0,0,0
event=trace_row ordinal=4350 kind=0 ns=288238338955712 fields=849,2,0,50,2,0,0,0,0,0,0,0,0,0,0,0
event=trace_row ordinal=4351 kind=1 ns=288238338955712 fields=849,2,0,1008,1800,200,200,0,1,0,0,0,0,0,0,0
event=trace_row ordinal=4352 kind=1 ns=288238338955712 fields=849,2,1,1008,1800,200,200,0,1,0,0,0,0,0,0,0
event=trace_row ordinal=4353 kind=3 ns=288238339079379 fields=849,850,1,2,288238338955712,0,1000,5,5,0,5,0,5,5,1,3
event=trace_row ordinal=4354 kind=5 ns=288238349034273 fields=513,6,15,0,0,0,5,0,0,0,16,0,0,0,0,0
event=trace_row ordinal=4355 kind=0 ns=288238348944148 fields=850,2,0,25,1,0,0,0,0,0,0,0,0,0,0,0
event=trace_row ordinal=4356 kind=1 ns=288238348944148 fields=850,2,0,1008,1800,200,200,0,1,0,0,0,0,0,0,0
event=trace_row ordinal=4357 kind=3 ns=288238349049439 fields=850,851,1,2,288238348944148,0,1000,5,5,0,5,0,5,5,1,3
event=trace_row ordinal=4358 kind=5 ns=288238359039625 fields=513,6,15,0,0,0,5,0,0,0,16,0,0,0,0,0
event=trace_row ordinal=4359 kind=0 ns=288238358943666 fields=851,2,0,50,2,0,0,0,0,0,0,0,0,0,0,0
event=trace_row ordinal=4360 kind=1 ns=288238358943666 fields=851,2,0,1008,1800,200,200,0,1,0,0,0,0,0,0,0
event=trace_row ordinal=4361 kind=1 ns=288238358943666 fields=851,2,1,1008,1800,200,200,0,1,0,0,0,0,0,0,0
event=trace_row ordinal=4362 kind=3 ns=288238359055958 fields=851,852,1,2,288238358943666,0,1000,5,5,0,5,0,5,5,1,3
event=trace_row ordinal=4363 kind=5 ns=288238369021351 fields=513,6,15,0,0,0,5,0,0,0,16,0,0,0,0,0
event=trace_row ordinal=4364 kind=0 ns=288238368939685 fields=852,2,0,25,1,0,0,0,0,0,0,0,0,0,0,0
event=trace_row ordinal=4365 kind=1 ns=288238368939685 fields=852,2,0,1008,1800,200,200,0,1,0,0,0,0,0,0,0
event=trace_row ordinal=4366 kind=3 ns=288238369037393 fields=852,853,1,2,288238368939685,0,1000,5,5,0,5,0,5,5,1,3
event=trace_row ordinal=4367 kind=5 ns=288238379030787 fields=513,6,15,0,0,0,5,0,0,0,16,0,0,0,0,0
event=trace_row ordinal=4368 kind=0 ns=288238378942995 fields=853,2,0,50,2,0,0,0,0,0,0,0,0,0,0,0
event=trace_row ordinal=4369 kind=1 ns=288238378942995 fields=853,2,0,1008,1800,200,200,0,1,0,0,0,0,0,0,0
event=trace_row ordinal=4370 kind=1 ns=288238378942995 fields=853,2,1,1008,1800,200,200,0,1,0,0,0,0,0,0,0
event=trace_row ordinal=4371 kind=3 ns=288238379047412 fields=853,854,1,2,288238378942995,0,1000,5,5,0,5,0,5,5,1,3
event=trace_row ordinal=4372 kind=4 ns=288238379918622 fields=385,8,39,20,39,68,0,0,49,0,16,0,0,0,0,0
event=trace_row ordinal=4373 kind=4 ns=288238380102372 fields=641,5,3,0,0,0,0,0,0,0,16,0,0,0,0,0
event=trace_row ordinal=4374 kind=5 ns=288238388981597 fields=513,6,15,0,0,0,5,0,0,0,16,0,0,0,0,0
event=trace_row ordinal=4375 kind=0 ns=288238388926763 fields=854,2,0,25,1,0,0,0,0,0,0,0,0,0,0,0
event=trace_row ordinal=4376 kind=1 ns=288238388926763 fields=854,2,0,1008,1800,200,200,0,1,0,0,0,0,0,0,0
event=trace_row ordinal=4377 kind=3 ns=288238388991222 fields=854,855,1,2,288238388926763,0,1000,5,5,0,5,0,5,5,1,3
event=trace_row ordinal=4378 kind=5 ns=288238398979365 fields=513,6,15,0,0,0,5,0,0,0,16,0,0,0,0,0
event=trace_row ordinal=4379 kind=0 ns=288238398924532 fields=855,2,0,25,1,0,0,0,0,0,0,0,0,0,0,0
event=trace_row ordinal=4380 kind=1 ns=288238398924532 fields=855,2,0,1008,1800,200,200,0,1,0,0,0,0,0,0,0
event=trace_row ordinal=4381 kind=3 ns=288238398988698 fields=855,856,1,2,288238398924532,0,1000,5,5,0,5,0,5,5,1,3
event=trace_row ordinal=4382 kind=5 ns=288238408983259 fields=513,6,15,0,0,0,5,0,0,0,16,0,0,0,0,0
event=trace_row ordinal=4383 kind=0 ns=288238408924925 fields=856,2,0,50,2,0,0,0,0,0,0,0,0,0,0,0
event=trace_row ordinal=4384 kind=1 ns=288238408924925 fields=856,2,0,1008,1800,200,200,0,1,0,0,0,0,0,0,0
event=trace_row ordinal=4385 kind=1 ns=288238408924925 fields=856,2,1,1008,1800,200,200,0,1,0,0,0,0,0,0,0
event=trace_row ordinal=4386 kind=3 ns=288238408992884 fields=856,857,1,2,288238408924925,0,1000,5,5,0,5,0,5,5,1,3
event=trace_row ordinal=4387 kind=5 ns=288238418978694 fields=513,6,15,0,0,0,5,0,0,0,16,0,0,0,0,0
event=trace_row ordinal=4388 kind=0 ns=288238418924444 fields=857,2,0,25,1,0,0,0,0,0,0,0,0,0,0,0
event=trace_row ordinal=4389 kind=1 ns=288238418924444 fields=857,2,0,1008,1800,200,200,0,1,0,0,0,0,0,0,0
event=trace_row ordinal=4390 kind=3 ns=288238418988027 fields=857,858,1,2,288238418924444,0,1000,5,5,0,5,0,5,5,1,3
event=trace_row ordinal=4391 kind=5 ns=288238428983171 fields=513,6,15,0,0,0,5,0,0,0,16,0,0,0,0,0
event=trace_row ordinal=4392 kind=0 ns=288238428924254 fields=858,2,0,50,2,0,0,0,0,0,0,0,0,0,0,0
event=trace_row ordinal=4393 kind=1 ns=288238428924254 fields=858,2,0,1009,1800,200,200,0,1,0,0,0,0,0,0,0
event=trace_row ordinal=4394 kind=1 ns=288238428924254 fields=858,2,1,1009,1800,200,200,0,1,0,0,0,0,0,0,0
event=trace_row ordinal=4395 kind=3 ns=288238428992796 fields=858,859,1,2,288238428924254,0,1000,5,5,0,5,0,5,5,1,3
event=trace_row ordinal=4396 kind=4 ns=288238429849714 fields=385,8,39,20,39,68,0,0,54,0,16,0,0,0,0,0
event=trace_row ordinal=4397 kind=4 ns=288238430048923 fields=641,5,3,0,0,0,0,0,0,0,16,0,0,0,0,0
event=trace_row ordinal=4398 kind=5 ns=288238438978897 fields=513,6,15,0,0,0,5,0,0,0,16,0,0,0,0,0
event=trace_row ordinal=4399 kind=0 ns=288238438924647 fields=859,2,0,25,1,0,0,0,0,0,0,0,0,0,0,0
event=trace_row ordinal=4400 kind=1 ns=288238438924647 fields=859,2,0,1009,1800,200,200,0,1,0,0,0,0,0,0,0
event=trace_row ordinal=4401 kind=3 ns=288238438988231 fields=859,860,1,2,288238438924647,0,1000,5,5,0,5,0,5,5,1,3
event=trace_row ordinal=4402 kind=5 ns=288238448984249 fields=513,6,15,0,0,0,5,0,0,0,16,0,0,0,0,0
event=trace_row ordinal=4403 kind=0 ns=288238448925624 fields=860,2,0,50,2,0,0,0,0,0,0,0,0,0,0,0
event=trace_row ordinal=4404 kind=1 ns=288238448925624 fields=860,2,0,1008,1800,200,200,0,1,0,0,0,0,0,0,0
event=trace_row ordinal=4405 kind=1 ns=288238448925624 fields=860,2,1,1008,1800,200,200,0,1,0,0,0,0,0,0,0
event=trace_row ordinal=4406 kind=3 ns=288238448993583 fields=860,861,1,2,288238448925624,0,1000,5,5,0,5,0,5,5,1,3
event=trace_row ordinal=4407 kind=5 ns=288238458977351 fields=513,6,15,0,0,0,5,0,0,0,16,0,0,0,0,0
event=trace_row ordinal=4408 kind=0 ns=288238458923976 fields=861,2,0,25,1,0,0,0,0,0,0,0,0,0,0,0
event=trace_row ordinal=4409 kind=1 ns=288238458923976 fields=861,2,0,1008,1800,200,200,0,1,0,0,0,0,0,0,0
event=trace_row ordinal=4410 kind=3 ns=288238458986684 fields=861,862,1,2,288238458923976,0,1000,5,5,0,5,0,5,5,1,3
event=trace_row ordinal=4411 kind=4 ns=288238461530606 fields=1793,1,5,0,0,0,0,0,0,0,16,0,0,0,0,0
event=trace_row ordinal=4412 kind=5 ns=288238468978036 fields=513,6,15,0,0,0,5,0,0,0,16,0,0,0,0,0
event=trace_row ordinal=4413 kind=0 ns=288238468924661 fields=862,2,0,25,1,0,0,0,0,0,0,0,0,0,0,0
event=trace_row ordinal=4414 kind=1 ns=288238468924661 fields=862,2,0,1008,1800,200,200,0,1,0,0,0,0,0,0,0
event=trace_row ordinal=4415 kind=3 ns=288238468987370 fields=862,863,1,2,288238468924661,0,1000,5,5,0,5,0,5,5,1,3
event=trace_row ordinal=4416 kind=5 ns=288238478983096 fields=513,6,15,0,0,0,5,0,0,0,16,0,0,0,0,0
event=trace_row ordinal=4417 kind=0 ns=288238478925055 fields=863,2,0,50,2,0,0,0,0,0,0,0,0,0,0,0
event=trace_row ordinal=4418 kind=1 ns=288238478925055 fields=863,2,0,1008,1800,200,200,0,1,0,0,0,0,0,0,0
event=trace_row ordinal=4419 kind=1 ns=288238478925055 fields=863,2,1,1008,1800,200,200,0,1,0,0,0,0,0,0,0
event=trace_row ordinal=4420 kind=3 ns=288238478992722 fields=863,864,1,2,288238478925055,0,1000,5,5,0,5,0,5,5,1,3
event=trace_row ordinal=4421 kind=4 ns=288238479796556 fields=385,8,39,20,39,68,0,0,48,0,16,0,0,0,0,0
event=trace_row ordinal=4422 kind=4 ns=288238479994015 fields=641,5,3,0,0,0,0,0,0,0,16,0,0,0,0,0
event=trace_row ordinal=4423 kind=5 ns=288238488978823 fields=513,6,15,0,0,0,5,0,0,0,16,0,0,0,0,0
event=trace_row ordinal=4424 kind=0 ns=288238488925157 fields=864,2,0,25,1,0,0,0,0,0,0,0,0,0,0,0
event=trace_row ordinal=4425 kind=1 ns=288238488925157 fields=864,2,0,1008,1800,200,200,0,1,0,0,0,0,0,0,0
event=trace_row ordinal=4426 kind=3 ns=288238488987865 fields=864,865,1,2,288238488925157,0,1000,5,5,0,5,0,5,5,1,3
event=trace_row ordinal=4427 kind=5 ns=288238498983300 fields=513,6,15,0,0,0,5,0,0,0,16,0,0,0,0,0
event=trace_row ordinal=4428 kind=0 ns=288238498924675 fields=865,2,0,50,2,0,0,0,0,0,0,0,0,0,0,0
event=trace_row ordinal=4429 kind=1 ns=288238498924675 fields=865,2,0,1008,1800,200,200,0,1,0,0,0,0,0,0,0
event=trace_row ordinal=4430 kind=1 ns=288238498924675 fields=865,2,1,1008,1800,200,200,0,1,0,0,0,0,0,0,0
event=trace_row ordinal=4431 kind=3 ns=288238498992925 fields=865,866,1,2,288238498924675,0,1000,5,5,0,5,0,5,5,1,3
event=trace_row ordinal=4432 kind=5 ns=288238508978444 fields=513,6,15,0,0,0,5,0,0,0,16,0,0,0,0,0
event=trace_row ordinal=4433 kind=0 ns=288238508925360 fields=866,2,0,25,1,0,0,0,0,0,0,0,0,0,0,0
event=trace_row ordinal=4434 kind=1 ns=288238508925360 fields=866,2,0,1008,1800,200,200,0,1,0,0,0,0,0,0,0
event=trace_row ordinal=4435 kind=3 ns=288238508987485 fields=866,867,1,2,288238508925360,0,1000,5,5,0,5,0,5,5,1,3
event=trace_row ordinal=4436 kind=5 ns=288238518982920 fields=513,6,15,0,0,0,5,0,0,0,16,0,0,0,0,0
event=trace_row ordinal=4437 kind=0 ns=288238518924879 fields=867,2,0,50,2,0,0,0,0,0,0,0,0,0,0,0
event=trace_row ordinal=4438 kind=1 ns=288238518924879 fields=867,2,0,1008,1800,200,200,0,1,0,0,0,0,0,0,0
event=trace_row ordinal=4439 kind=1 ns=288238518924879 fields=867,2,1,1008,1800,200,200,0,1,0,0,0,0,0,0,0
event=trace_row ordinal=4440 kind=3 ns=288238518992254 fields=867,868,1,2,288238518924879,0,1000,5,5,0,5,0,5,5,1,3
event=trace_row ordinal=4441 kind=5 ns=288238529362481 fields=513,6,15,0,0,0,5,0,0,0,16,0,0,0,0,0
event=trace_row ordinal=4442 kind=0 ns=288238529065856 fields=868,2,0,25,1,0,0,0,0,0,0,0,0,0,0,0
event=trace_row ordinal=4443 kind=1 ns=288238529065856 fields=868,2,0,1008,1800,200,200,0,1,0,0,0,0,0,0,0
event=trace_row ordinal=4444 kind=3 ns=288238529409148 fields=868,869,1,2,288238529065856,0,1000,5,5,0,5,0,5,5,1,3
event=trace_row ordinal=4445 kind=4 ns=288238529848399 fields=385,8,39,20,39,68,0,0,52,0,16,0,0,0,0,0
event=trace_row ordinal=4446 kind=4 ns=288238530019608 fields=641,5,3,0,0,0,0,0,0,0,16,0,0,0,0,0
event=trace_row ordinal=4447 kind=5 ns=288238538997124 fields=513,6,15,0,0,0,5,0,0,0,16,0,0,0,0,0
event=trace_row ordinal=4448 kind=0 ns=288238538931499 fields=869,2,0,25,1,0,0,0,0,0,0,0,0,0,0,0
event=trace_row ordinal=4449 kind=1 ns=288238538931499 fields=869,2,0,1008,1800,200,200,0,1,0,0,0,0,0,0,0
event=trace_row ordinal=4450 kind=3 ns=288238539007041 fields=869,870,1,2,288238538931499,0,1000,5,5,0,5,0,5,5,1,3
event=trace_row ordinal=4451 kind=5 ns=288238548989351 fields=513,6,15,0,0,0,5,0,0,0,16,0,0,0,0,0
event=trace_row ordinal=4452 kind=0 ns=288238548927518 fields=870,2,0,50,2,0,0,0,0,0,0,0,0,0,0,0
event=trace_row ordinal=4453 kind=1 ns=288238548927518 fields=870,2,0,1008,1800,200,200,0,1,0,0,0,0,0,0,0
event=trace_row ordinal=4454 kind=1 ns=288238548927518 fields=870,2,1,1008,1800,200,200,0,1,0,0,0,0,0,0,0
event=trace_row ordinal=4455 kind=3 ns=288238548998976 fields=870,871,1,2,288238548927518,0,1000,5,5,0,5,0,5,5,1,3
event=trace_row ordinal=4456 kind=5 ns=288238558979828 fields=513,6,15,0,0,0,5,0,0,0,16,0,0,0,0,0
event=trace_row ordinal=4457 kind=0 ns=288238558926161 fields=871,2,0,25,1,0,0,0,0,0,0,0,0,0,0,0
event=trace_row ordinal=4458 kind=1 ns=288238558926161 fields=871,2,0,1008,1800,200,200,0,1,0,0,0,0,0,0,0
event=trace_row ordinal=4459 kind=3 ns=288238558989161 fields=871,872,1,2,288238558926161,0,1000,5,5,0,5,0,5,5,1,3
event=trace_row ordinal=4460 kind=5 ns=288238568983721 fields=513,6,15,0,0,0,5,0,0,0,16,0,0,0,0,0
event=trace_row ordinal=4461 kind=0 ns=288238568925096 fields=872,2,0,50,2,0,0,0,0,0,0,0,0,0,0,0
event=trace_row ordinal=4462 kind=1 ns=288238568925096 fields=872,2,0,1008,1800,200,200,0,1,0,0,0,0,0,0,0
event=trace_row ordinal=4463 kind=1 ns=288238568925096 fields=872,2,1,1008,1800,200,200,0,1,0,0,0,0,0,0,0
event=trace_row ordinal=4464 kind=3 ns=288238568993055 fields=872,873,1,2,288238568925096,0,1000,5,5,0,5,0,5,5,1,3
event=trace_row ordinal=4465 kind=5 ns=288238578979448 fields=513,6,15,0,0,0,5,0,0,0,16,0,0,0,0,0
event=trace_row ordinal=4466 kind=0 ns=288238578925198 fields=873,2,0,25,1,0,0,0,0,0,0,0,0,0,0,0
event=trace_row ordinal=4467 kind=1 ns=288238578925198 fields=873,2,0,1008,1800,200,200,0,1,0,0,0,0,0,0,0
event=trace_row ordinal=4468 kind=3 ns=288238578989073 fields=873,874,1,2,288238578925198,0,1000,5,5,0,5,0,5,5,1,3
event=trace_row ordinal=4469 kind=4 ns=288238579690824 fields=385,8,39,20,39,68,0,0,44,0,16,0,0,0,0,0
event=trace_row ordinal=4470 kind=4 ns=288238580013117 fields=641,5,3,0,0,0,0,0,0,0,16,0,0,0,0,0
event=trace_row ordinal=4471 kind=5 ns=288238588985092 fields=513,6,15,0,0,0,5,0,0,0,16,0,0,0,0,0
event=trace_row ordinal=4472 kind=0 ns=288238588925592 fields=874,2,0,50,2,0,0,0,0,0,0,0,0,0,0,0
event=trace_row ordinal=4473 kind=1 ns=288238588925592 fields=874,2,0,1009,1800,200,200,0,1,0,0,0,0,0,0,0
event=trace_row ordinal=4474 kind=1 ns=288238588925592 fields=874,2,1,1009,1800,200,200,0,1,0,0,0,0,0,0,0
event=trace_row ordinal=4475 kind=3 ns=288238588994425 fields=874,875,1,2,288238588925592,0,1000,5,5,0,5,0,5,5,1,3
event=trace_row ordinal=4476 kind=5 ns=288238598977610 fields=513,6,15,0,0,0,5,0,0,0,16,0,0,0,0,0
event=trace_row ordinal=4477 kind=0 ns=288238598924818 fields=875,2,0,25,1,0,0,0,0,0,0,0,0,0,0,0
event=trace_row ordinal=4478 kind=1 ns=288238598924818 fields=875,2,0,1009,1800,200,200,0,1,0,0,0,0,0,0,0
event=trace_row ordinal=4479 kind=3 ns=288238598986944 fields=875,876,1,2,288238598924818,0,1000,5,5,0,5,0,5,5,1,3
event=trace_row ordinal=4480 kind=5 ns=288238608978295 fields=513,6,15,0,0,0,5,0,0,0,16,0,0,0,0,0
event=trace_row ordinal=4481 kind=0 ns=288238608925212 fields=876,2,0,25,1,0,0,0,0,0,0,0,0,0,0,0
event=trace_row ordinal=4482 kind=1 ns=288238608925212 fields=876,2,0,1008,1800,200,200,0,1,0,0,0,0,0,0,0
event=trace_row ordinal=4483 kind=3 ns=288238608987629 fields=876,877,1,2,288238608925212,0,1000,5,5,0,5,0,5,5,1,3
event=trace_row ordinal=4484 kind=5 ns=288238618983356 fields=513,6,15,0,0,0,5,0,0,0,16,0,0,0,0,0
event=trace_row ordinal=4485 kind=0 ns=288238618924730 fields=877,2,0,50,2,0,0,0,0,0,0,0,0,0,0,0
event=trace_row ordinal=4486 kind=1 ns=288238618924730 fields=877,2,0,1008,1800,200,200,0,1,0,0,0,0,0,0,0
event=trace_row ordinal=4487 kind=1 ns=288238618924730 fields=877,2,1,1008,1800,200,200,0,1,0,0,0,0,0,0,0
event=trace_row ordinal=4488 kind=3 ns=288238618992981 fields=877,878,1,2,288238618924730,0,1000,5,5,0,5,0,5,5,1,3
event=trace_row ordinal=4489 kind=5 ns=288238628977916 fields=513,6,15,0,0,0,5,0,0,0,16,0,0,0,0,0
event=trace_row ordinal=4490 kind=0 ns=288238628924832 fields=878,2,0,25,1,0,0,0,0,0,0,0,0,0,0,0
event=trace_row ordinal=4491 kind=1 ns=288238628924832 fields=878,2,0,1008,1800,200,200,0,1,0,0,0,0,0,0,0
event=trace_row ordinal=4492 kind=3 ns=288238628986957 fields=878,879,1,2,288238628924832,0,1000,5,5,0,5,0,5,5,1,3
event=trace_row ordinal=4493 kind=4 ns=288238629635334 fields=385,8,39,20,39,68,0,0,51,0,16,0,0,0,0,0
event=trace_row ordinal=4494 kind=4 ns=288238629958501 fields=641,5,3,0,0,0,0,0,0,0,16,0,0,0,0,0
event=trace_row ordinal=4495 kind=5 ns=288238638932809 fields=513,6,15,0,0,0,5,0,0,0,16,0,0,0,0,0
event=trace_row ordinal=4496 kind=0 ns=288238638902476 fields=879,2,0,50,2,0,0,0,0,0,0,0,0,0,0,0
event=trace_row ordinal=4497 kind=1 ns=288238638902476 fields=879,2,0,1008,1800,200,200,0,1,0,0,0,0,0,0,0
event=trace_row ordinal=4498 kind=1 ns=288238638902476 fields=879,2,1,1008,1800,200,200,0,1,0,0,0,0,0,0,0
event=trace_row ordinal=4499 kind=3 ns=288238638937767 fields=879,880,1,2,288238638902476,0,1000,5,5,0,5,0,5,5,1,3
event=trace_row ordinal=4500 kind=5 ns=288238648919203 fields=513,6,15,0,0,0,5,0,0,0,16,0,0,0,0,0
event=trace_row ordinal=4501 kind=0 ns=288238648895869 fields=880,2,0,25,1,0,0,0,0,0,0,0,0,0,0,0
event=trace_row ordinal=4502 kind=1 ns=288238648895869 fields=880,2,0,1008,1800,200,200,0,1,0,0,0,0,0,0,0
event=trace_row ordinal=4503 kind=3 ns=288238648922994 fields=880,881,1,2,288238648895869,0,1000,5,5,0,5,0,5,5,1,3
event=trace_row ordinal=4504 kind=5 ns=288238658915513 fields=513,6,15,0,0,0,5,0,0,0,16,0,0,0,0,0
event=trace_row ordinal=4505 kind=0 ns=288238658893929 fields=881,2,0,50,2,0,0,0,0,0,0,0,0,0,0,0
event=trace_row ordinal=4506 kind=1 ns=288238658893929 fields=881,2,0,1008,1800,200,200,0,1,0,0,0,0,0,0,0
event=trace_row ordinal=4507 kind=1 ns=288238658893929 fields=881,2,1,1008,1800,200,200,0,1,0,0,0,0,0,0,0
event=trace_row ordinal=4508 kind=3 ns=288238658919013 fields=881,882,1,2,288238658893929,0,1000,5,5,0,5,0,5,5,1,3
event=trace_row ordinal=4509 kind=5 ns=288238668912990 fields=513,6,15,0,0,0,5,0,0,0,16,0,0,0,0,0
event=trace_row ordinal=4510 kind=0 ns=288238668894031 fields=882,2,0,25,1,0,0,0,0,0,0,0,0,0,0,0
event=trace_row ordinal=4511 kind=1 ns=288238668894031 fields=882,2,0,1008,1800,200,200,0,1,0,0,0,0,0,0,0
event=trace_row ordinal=4512 kind=3 ns=288238668916198 fields=882,883,1,2,288238668894031,0,1000,5,5,0,5,0,5,5,1,3
event=trace_row ordinal=4513 kind=5 ns=288238678913966 fields=513,6,15,0,0,0,5,0,0,0,16,0,0,0,0,0
event=trace_row ordinal=4514 kind=0 ns=288238678894133 fields=883,2,0,25,1,0,0,0,0,0,0,0,0,0,0,0
event=trace_row ordinal=4515 kind=1 ns=288238678894133 fields=883,2,0,1008,1800,200,200,0,1,0,0,0,0,0,0,0
event=trace_row ordinal=4516 kind=3 ns=288238678917758 fields=883,884,1,2,288238678894133,0,1000,5,5,0,5,0,5,5,1,3
event=trace_row ordinal=4517 kind=4 ns=288238679630884 fields=385,8,39,20,39,68,0,0,47,0,16,0,0,0,0,0
event=trace_row ordinal=4518 kind=4 ns=288238679892510 fields=641,5,3,0,0,0,0,0,0,0,16,0,0,0,0,0
event=trace_row ordinal=4519 kind=5 ns=288238688916402 fields=513,6,15,0,0,0,5,0,0,0,16,0,0,0,0,0
event=trace_row ordinal=4520 kind=0 ns=288238688894527 fields=884,2,0,50,2,0,0,0,0,0,0,0,0,0,0,0
event=trace_row ordinal=4521 kind=1 ns=288238688894527 fields=884,2,0,1008,1800,200,200,0,1,0,0,0,0,0,0,0
event=trace_row ordinal=4522 kind=1 ns=288238688894527 fields=884,2,1,1008,1800,200,200,0,1,0,0,0,0,0,0,0
event=trace_row ordinal=4523 kind=3 ns=288238688919902 fields=884,885,1,2,288238688894527,0,1000,5,5,0,5,0,5,5,1,3
event=trace_row ordinal=4524 kind=5 ns=288238698915628 fields=513,6,15,0,0,0,5,0,0,0,16,0,0,0,0,0
event=trace_row ordinal=4525 kind=0 ns=288238698895503 fields=885,2,0,25,1,0,0,0,0,0,0,0,0,0,0,0
event=trace_row ordinal=4526 kind=1 ns=288238698895503 fields=885,2,0,1008,1800,200,200,0,1,0,0,0,0,0,0,0
event=trace_row ordinal=4527 kind=3 ns=288238698918837 fields=885,886,1,2,288238698895503,0,1000,5,5,0,5,0,5,5,1,3
event=trace_row ordinal=4528 kind=5 ns=288238708936730 fields=513,6,15,0,0,0,5,0,0,0,16,0,0,0,0,0
event=trace_row ordinal=4529 kind=0 ns=288238708903480 fields=886,2,0,50,2,0,0,0,0,0,0,0,0,0,0,0
event=trace_row ordinal=4530 kind=1 ns=288238708903480 fields=886,2,0,1009,1800,200,200,0,1,0,0,0,0,0,0,0
event=trace_row ordinal=4531 kind=1 ns=288238708903480 fields=886,2,1,1009,1800,200,200,0,1,0,0,0,0,0,0,0
event=trace_row ordinal=4532 kind=3 ns=288238708941397 fields=886,887,1,2,288238708903480,0,1000,5,5,0,5,0,5,5,1,3
event=trace_row ordinal=4533 kind=4 ns=288238711074651 fields=1793,1,5,0,0,0,0,0,0,0,16,0,0,0,0,0
event=trace_row ordinal=4534 kind=5 ns=288238718923999 fields=513,6,15,0,0,0,5,0,0,0,16,0,0,0,0,0
event=trace_row ordinal=4535 kind=0 ns=288238718899790 fields=887,2,0,25,1,0,0,0,0,0,0,0,0,0,0,0
event=trace_row ordinal=4536 kind=1 ns=288238718899790 fields=887,2,0,1009,1800,200,200,0,1,0,0,0,0,0,0,0
event=trace_row ordinal=4537 kind=3 ns=288238718928082 fields=887,888,1,2,288238718899790,0,1000,5,5,0,5,0,5,5,1,3
event=trace_row ordinal=4538 kind=5 ns=288238728923226 fields=513,6,15,0,0,0,5,0,0,0,16,0,0,0,0,0
event=trace_row ordinal=4539 kind=0 ns=288238728899309 fields=888,2,0,50,2,0,0,0,0,0,0,0,0,0,0,0
event=trace_row ordinal=4540 kind=1 ns=288238728899309 fields=888,2,0,1008,1800,200,200,0,1,0,0,0,0,0,0,0
event=trace_row ordinal=4541 kind=1 ns=288238728899309 fields=888,2,1,1008,1800,200,200,0,1,0,0,0,0,0,0,0
event=trace_row ordinal=4542 kind=3 ns=288238728927309 fields=888,889,1,2,288238728899309,0,1000,5,5,0,5,0,5,5,1,3
event=trace_row ordinal=4543 kind=4 ns=288238729580060 fields=385,8,39,20,39,68,0,0,46,0,16,0,0,0,0,0
event=trace_row ordinal=4544 kind=4 ns=288238729836436 fields=641,5,3,0,0,0,0,0,0,0,16,0,0,0,0,0
event=trace_row ordinal=4545 kind=5 ns=288238738925952 fields=513,6,15,0,0,0,5,0,0,0,16,0,0,0,0,0
event=trace_row ordinal=4546 kind=0 ns=288238738899994 fields=889,2,0,25,1,0,0,0,0,0,0,0,0,0,0,0
event=trace_row ordinal=4547 kind=1 ns=288238738899994 fields=889,2,0,1008,1800,200,200,0,1,0,0,0,0,0,0,0
event=trace_row ordinal=4548 kind=3 ns=288238738930911 fields=889,890,1,2,288238738899994,0,1000,5,5,0,5,0,5,5,1,3
event=trace_row ordinal=4549 kind=5 ns=288238749013846 fields=513,6,15,0,0,0,5,0,0,0,16,0,0,0,0,0
event=trace_row ordinal=4550 kind=0 ns=288238748943846 fields=890,2,0,25,1,0,0,0,0,0,0,0,0,0,0,0
event=trace_row ordinal=4551 kind=1 ns=288238748943846 fields=890,2,0,1009,1800,200,200,0,1,0,0,0,0,0,0,0
event=trace_row ordinal=4552 kind=3 ns=288238749027263 fields=890,891,1,2,288238748943846,0,1000,5,5,0,5,0,5,5,1,3
event=trace_row ordinal=4553 kind=5 ns=288238759161532 fields=513,6,15,0,0,0,5,0,0,0,16,0,0,0,0,0
event=trace_row ordinal=4554 kind=0 ns=288238758993531 fields=891,2,0,50,2,0,0,0,0,0,0,0,0,0,0,0
event=trace_row ordinal=4555 kind=1 ns=288238758993531 fields=891,2,0,1009,1800,200,200,0,1,0,0,0,0,0,0,0
event=trace_row ordinal=4556 kind=1 ns=288238758993531 fields=891,2,1,1009,1800,200,200,0,1,0,0,0,0,0,0,0
event=trace_row ordinal=4557 kind=3 ns=288238759179907 fields=891,892,1,2,288238758993531,0,1000,5,5,0,5,0,5,5,1,3
event=trace_row ordinal=4558 kind=5 ns=288238769005883 fields=513,6,15,0,0,0,5,0,0,0,16,0,0,0,0,0
event=trace_row ordinal=4559 kind=0 ns=288238768937050 fields=892,2,0,25,1,0,0,0,0,0,0,0,0,0,0,0
event=trace_row ordinal=4560 kind=1 ns=288238768937050 fields=892,2,0,1008,1800,200,200,0,1,0,0,0,0,0,0,0
event=trace_row ordinal=4561 kind=3 ns=288238769016675 fields=892,893,1,2,288238768937050,0,1000,5,5,0,5,0,5,5,1,3
event=trace_row ordinal=4562 kind=5 ns=288238778987902 fields=513,6,15,0,0,0,5,0,0,0,16,0,0,0,0,0
event=trace_row ordinal=4563 kind=0 ns=288238778926943 fields=893,2,0,50,2,0,0,0,0,0,0,0,0,0,0,0
event=trace_row ordinal=4564 kind=1 ns=288238778926943 fields=893,2,0,1008,1800,200,200,0,1,0,0,0,0,0,0,0
event=trace_row ordinal=4565 kind=1 ns=288238778926943 fields=893,2,1,1009,1800,200,200,0,1,0,0,0,0,0,0,0
event=trace_row ordinal=4566 kind=3 ns=288238778997818 fields=893,894,1,2,288238778926943,0,1000,5,5,0,5,0,5,5,1,3
event=trace_row ordinal=4567 kind=4 ns=288238779614694 fields=385,8,39,20,39,68,0,0,49,0,16,0,0,0,0,0
event=trace_row ordinal=4568 kind=4 ns=288238779801361 fields=641,5,3,0,0,0,0,0,0,0,16,0,0,0,0,0
event=trace_row ordinal=4569 kind=5 ns=288238788981295 fields=513,6,15,0,0,0,5,0,0,0,16,0,0,0,0,0
event=trace_row ordinal=4570 kind=0 ns=288238788925587 fields=894,2,0,25,1,0,0,0,0,0,0,0,0,0,0,0
event=trace_row ordinal=4571 kind=1 ns=288238788925587 fields=894,2,0,1009,1800,200,200,0,1,0,0,0,0,0,0,0
event=trace_row ordinal=4572 kind=3 ns=288238788990628 fields=894,895,1,2,288238788925587,0,1000,5,5,0,5,0,5,5,1,3
event=trace_row ordinal=4573 kind=5 ns=288238798984314 fields=513,6,15,0,0,0,5,0,0,0,16,0,0,0,0,0
event=trace_row ordinal=4574 kind=0 ns=288238798924522 fields=895,2,0,50,2,0,0,0,0,0,0,0,0,0,0,0
event=trace_row ordinal=4575 kind=1 ns=288238798924522 fields=895,2,0,1009,1800,200,200,0,1,0,0,0,0,0,0,0
event=trace_row ordinal=4576 kind=1 ns=288238798924522 fields=895,2,1,1008,1800,200,200,0,1,0,0,0,0,0,0,0
event=trace_row ordinal=4577 kind=3 ns=288238798993939 fields=895,896,1,2,288238798924522,0,1000,5,5,0,5,0,5,5,1,3
event=trace_row ordinal=4578 kind=5 ns=288238808978874 fields=513,6,15,0,0,0,5,0,0,0,16,0,0,0,0,0
event=trace_row ordinal=4579 kind=0 ns=288238808925207 fields=896,2,0,25,1,0,0,0,0,0,0,0,0,0,0,0
event=trace_row ordinal=4580 kind=1 ns=288238808925207 fields=896,2,0,1008,1800,200,200,0,1,0,0,0,0,0,0,0
event=trace_row ordinal=4581 kind=3 ns=288238808988499 fields=896,897,1,2,288238808925207,0,1000,5,5,0,5,0,5,5,1,3
event=trace_row ordinal=4582 kind=5 ns=288238818978976 fields=513,6,15,0,0,0,5,0,0,0,16,0,0,0,0,0
event=trace_row ordinal=4583 kind=0 ns=288238818924725 fields=897,2,0,25,1,0,0,0,0,0,0,0,0,0,0,0
event=trace_row ordinal=4584 kind=1 ns=288238818924725 fields=897,2,0,1008,1800,200,200,0,1,0,0,0,0,0,0,0
event=trace_row ordinal=4585 kind=3 ns=288238818988017 fields=897,898,1,2,288238818924725,0,1000,5,5,0,5,0,5,5,1,3
event=trace_row ordinal=4586 kind=5 ns=288238828982869 fields=513,6,15,0,0,0,5,0,0,0,16,0,0,0,0,0
event=trace_row ordinal=4587 kind=0 ns=288238828924244 fields=898,2,0,50,2,0,0,0,0,0,0,0,0,0,0,0
event=trace_row ordinal=4588 kind=1 ns=288238828924244 fields=898,2,0,1009,1800,200,200,0,1,0,0,0,0,0,0,0
event=trace_row ordinal=4589 kind=1 ns=288238828924244 fields=898,2,1,1009,1800,200,200,0,1,0,0,0,0,0,0,0
event=trace_row ordinal=4590 kind=3 ns=288238828992494 fields=898,899,1,2,288238828924244,0,1000,5,5,0,5,0,5,5,1,3
event=trace_row ordinal=4591 kind=4 ns=288238829524203 fields=385,8,39,20,39,68,0,0,53,0,16,0,0,0,0,0
event=trace_row ordinal=4592 kind=4 ns=288238829747912 fields=641,5,3,0,0,0,0,0,0,0,16,0,0,0,0,0
event=trace_row ordinal=4593 kind=5 ns=288238838978013 fields=513,6,15,0,0,0,5,0,0,0,16,0,0,0,0,0
event=trace_row ordinal=4594 kind=0 ns=288238838924346 fields=899,2,0,25,1,0,0,0,0,0,0,0,0,0,0,0
event=trace_row ordinal=4595 kind=1 ns=288238838924346 fields=899,2,0,1009,1800,200,200,0,1,0,0,0,0,0,0,0
event=trace_row ordinal=4596 kind=3 ns=288238838987346 fields=899,900,1,2,288238838924346,0,1000,5,5,0,5,0,5,5,1,3
event=trace_row ordinal=4597 kind=5 ns=288238848986281 fields=513,6,15,0,0,0,5,0,0,0,16,0,0,0,0,0
event=trace_row ordinal=4598 kind=0 ns=288238848925906 fields=900,2,0,50,2,0,0,0,0,0,0,0,0,0,0,0
event=trace_row ordinal=4599 kind=1 ns=288238848925906 fields=900,2,0,1008,1800,200,200,0,1,0,0,0,0,0,0,0
event=trace_row ordinal=4600 kind=1 ns=288238848925906 fields=900,2,1,1008,1800,200,200,0,1,0,0,0,0,0,0,0
event=trace_row ordinal=4601 kind=3 ns=288238848995906 fields=900,901,1,2,288238848925906,0,1000,5,5,0,5,0,5,5,1,3
event=trace_row ordinal=4602 kind=5 ns=288238858978508 fields=513,6,15,0,0,0,5,0,0,0,16,0,0,0,0,0
event=trace_row ordinal=4603 kind=0 ns=288238858924550 fields=901,2,0,25,1,0,0,0,0,0,0,0,0,0,0,0
event=trace_row ordinal=4604 kind=1 ns=288238858924550 fields=901,2,0,1008,1800,200,200,0,1,0,0,0,0,0,0,0
event=trace_row ordinal=4605 kind=3 ns=288238858987841 fields=901,902,1,2,288238858924550,0,1000,5,5,0,5,0,5,5,1,3
event=trace_row ordinal=4606 kind=5 ns=288238868984151 fields=513,6,15,0,0,0,5,0,0,0,16,0,0,0,0,0
event=trace_row ordinal=4607 kind=0 ns=288238868925818 fields=902,2,0,50,2,0,0,0,0,0,0,0,0,0,0,0
event=trace_row ordinal=4608 kind=1 ns=288238868925818 fields=902,2,0,1008,1800,200,200,0,1,0,0,0,0,0,0,0
event=trace_row ordinal=4609 kind=1 ns=288238868925818 fields=902,2,1,1008,1800,200,200,0,1,0,0,0,0,0,0,0
event=trace_row ordinal=4610 kind=3 ns=288238868994360 fields=902,903,1,2,288238868925818,0,1000,5,5,0,5,0,5,5,1,3
event=trace_row ordinal=4611 kind=5 ns=288238878978128 fields=513,6,15,0,0,0,5,0,0,0,16,0,0,0,0,0
event=trace_row ordinal=4612 kind=0 ns=288238878924753 fields=903,2,0,25,1,0,0,0,0,0,0,0,0,0,0,0
event=trace_row ordinal=4613 kind=1 ns=288238878924753 fields=903,2,0,1008,1800,200,200,0,1,0,0,0,0,0,0,0
event=trace_row ordinal=4614 kind=3 ns=288238878987170 fields=903,904,1,2,288238878924753,0,1000,5,5,0,5,0,5,5,1,3
event=trace_row ordinal=4615 kind=4 ns=288238879517129 fields=385,8,39,20,39,68,0,0,49,0,16,0,0,0,0,0
event=trace_row ordinal=4616 kind=4 ns=288238879702338 fields=641,5,3,0,0,0,0,0,0,0,16,0,0,0,0,0
event=trace_row ordinal=4617 kind=5 ns=288238888979397 fields=513,6,15,0,0,0,5,0,0,0,16,0,0,0,0,0
event=trace_row ordinal=4618 kind=0 ns=288238888924855 fields=904,2,0,26,1,0,0,0,0,0,0,0,0,0,0,0
event=trace_row ordinal=4619 kind=1 ns=288238888924855 fields=904,2,0,1008,1800,200,200,0,1,0,0,0,0,0,0,0
event=trace_row ordinal=4620 kind=3 ns=288238888988730 fields=904,905,1,2,288238888924855,0,1000,5,5,0,5,0,5,5,1,3
event=trace_row ordinal=4621 kind=5 ns=288238898982999 fields=513,6,15,0,0,0,5,0,0,0,16,0,0,0,0,0
event=trace_row ordinal=4622 kind=0 ns=288238898924374 fields=905,2,0,52,2,0,0,0,0,0,0,0,0,0,0,0
event=trace_row ordinal=4623 kind=1 ns=288238898924374 fields=905,2,0,1008,1800,200,200,0,1,0,0,0,0,0,0,0
event=trace_row ordinal=4624 kind=1 ns=288238898924374 fields=905,2,1,1008,1800,200,200,0,1,0,0,0,0,0,0,0
event=trace_row ordinal=4625 kind=3 ns=288238898992624 fields=905,906,1,2,288238898924374,0,1000,5,5,0,5,0,5,5,1,3
event=trace_row ordinal=4626 kind=5 ns=288238908979309 fields=513,6,15,0,0,0,5,0,0,0,16,0,0,0,0,0
event=trace_row ordinal=4627 kind=0 ns=288238908926225 fields=906,2,0,26,1,0,0,0,0,0,0,0,0,0,0,0
event=trace_row ordinal=4628 kind=1 ns=288238908926225 fields=906,2,0,1009,1800,200,200,0,1,0,0,0,0,0,0,0
event=trace_row ordinal=4629 kind=3 ns=288238908988642 fields=906,907,1,2,288238908926225,0,1000,5,5,0,5,0,5,5,1,3
event=trace_row ordinal=4630 kind=5 ns=288238919107161 fields=513,6,15,0,0,0,5,0,0,0,16,0,0,0,0,0
event=trace_row ordinal=4631 kind=0 ns=288238918973286 fields=907,2,0,51,2,0,0,0,0,0,0,0,0,0,0,0
event=trace_row ordinal=4632 kind=1 ns=288238918973286 fields=907,2,0,1009,1800,200,200,0,1,0,0,0,0,0,0,0
event=trace_row ordinal=4633 kind=1 ns=288238918973286 fields=907,2,1,1008,1800,200,200,0,1,0,0,0,0,0,0,0
event=trace_row ordinal=4634 kind=3 ns=288238919128453 fields=907,908,1,2,288238918973286,0,1000,5,5,0,5,0,5,5,1,3
event=trace_row ordinal=4635 kind=5 ns=288238929001096 fields=513,6,15,0,0,0,5,0,0,0,16,0,0,0,0,0
event=trace_row ordinal=4636 kind=0 ns=288238928934012 fields=908,2,0,25,1,0,0,0,0,0,0,0,0,0,0,0
event=trace_row ordinal=4637 kind=1 ns=288238928934012 fields=908,2,0,1008,1800,200,200,0,1,0,0,0,0,0,0,0
event=trace_row ordinal=4638 kind=3 ns=288238929013929 fields=908,909,1,2,288238928934012,0,1000,5,5,0,5,0,5,5,1,3
event=trace_row ordinal=4639 kind=4 ns=288238929557014 fields=385,8,39,20,39,68,0,0,53,0,16,0,0,0,0,0
event=trace_row ordinal=4640 kind=4 ns=288238929728514 fields=641,5,3,0,0,0,0,0,0,0,16,0,0,0,0,0
event=trace_row ordinal=4641 kind=5 ns=288238938984864 fields=513,6,15,0,0,0,5,0,0,0,16,0,0,0,0,0
event=trace_row ordinal=4642 kind=0 ns=288238938925948 fields=909,2,0,50,2,0,0,0,0,0,0,0,0,0,0,0
event=trace_row ordinal=4643 kind=1 ns=288238938925948 fields=909,2,0,1008,1800,200,200,0,1,0,0,0,0,0,0,0
event=trace_row ordinal=4644 kind=1 ns=288238938925948 fields=909,2,1,1009,1800,200,200,0,1,0,0,0,0,0,0,0
event=trace_row ordinal=4645 kind=3 ns=288238938995364 fields=909,910,1,2,288238938925948,0,1000,5,5,0,5,0,5,5,1,3
event=trace_row ordinal=4646 kind=5 ns=288238948979133 fields=513,6,15,0,0,0,5,0,0,0,16,0,0,0,0,0
event=trace_row ordinal=4647 kind=0 ns=288238948925466 fields=910,2,0,25,1,0,0,0,0,0,0,0,0,0,0,0
event=trace_row ordinal=4648 kind=1 ns=288238948925466 fields=910,2,0,1009,1800,200,200,0,1,0,0,0,0,0,0,0
event=trace_row ordinal=4649 kind=3 ns=288238948988466 fields=910,911,1,2,288238948925466,0,1000,5,5,0,5,0,5,5,1,3
event=trace_row ordinal=4650 kind=5 ns=288238958931985 fields=513,6,15,0,0,0,5,0,0,0,16,0,0,0,0,0
event=trace_row ordinal=4651 kind=0 ns=288238958903985 fields=911,2,0,25,1,0,0,0,0,0,0,0,0,0,0,0
event=trace_row ordinal=4652 kind=1 ns=288238958903985 fields=911,2,0,1009,1800,200,200,0,1,0,0,0,0,0,0,0
event=trace_row ordinal=4653 kind=3 ns=288238958936651 fields=911,912,1,2,288238958903985,0,1000,5,5,0,5,0,5,5,1,3
event=trace_row ordinal=4654 kind=4 ns=288238960547821 fields=1793,1,5,0,0,0,0,0,0,0,16,0,0,0,0,0
event=trace_row ordinal=4655 kind=5 ns=288238968920711 fields=513,6,15,0,0,0,5,0,0,0,16,0,0,0,0,0
event=trace_row ordinal=4656 kind=0 ns=288238968896211 fields=912,2,0,50,2,0,0,0,0,0,0,0,0,0,0,0
event=trace_row ordinal=4657 kind=1 ns=288238968896211 fields=912,2,0,1008,1800,200,200,0,1,0,0,0,0,0,0,0
event=trace_row ordinal=4658 kind=1 ns=288238968896211 fields=912,2,1,1008,1800,200,200,0,1,0,0,0,0,0,0,0
event=trace_row ordinal=4659 kind=3 ns=288238968924795 fields=912,913,1,2,288238968896211,0,1000,5,5,0,5,0,5,5,1,3
event=trace_row ordinal=4660 kind=5 ns=288238978913522 fields=513,6,15,0,0,0,5,0,0,0,16,0,0,0,0,0
event=trace_row ordinal=4661 kind=0 ns=288238978893688 fields=913,2,0,25,1,0,0,0,0,0,0,0,0,0,0,0
event=trace_row ordinal=4662 kind=1 ns=288238978893688 fields=913,2,0,1008,1800,200,200,0,1,0,0,0,0,0,0,0
event=trace_row ordinal=4663 kind=3 ns=288238978916730 fields=913,914,1,2,288238978893688,0,1000,5,5,0,5,0,5,5,1,3
event=trace_row ordinal=4664 kind=4 ns=288238979437064 fields=385,8,39,20,39,68,0,0,43,0,16,0,0,0,0,0
event=trace_row ordinal=4665 kind=4 ns=288238979625481 fields=641,5,3,0,0,0,0,0,0,0,16,0,0,0,0,0
event=trace_row ordinal=4666 kind=5 ns=288238988916540 fields=513,6,15,0,0,0,5,0,0,0,16,0,0,0,0,0
event=trace_row ordinal=4667 kind=0 ns=288238988894082 fields=914,2,0,50,2,0,0,0,0,0,0,0,0,0,0,0
event=trace_row ordinal=4668 kind=1 ns=288238988894082 fields=914,2,0,1008,1800,200,200,0,1,0,0,0,0,0,0,0
event=trace_row ordinal=4669 kind=1 ns=288238988894082 fields=914,2,1,1008,1800,200,200,0,1,0,0,0,0,0,0,0
event=trace_row ordinal=4670 kind=3 ns=288238988920332 fields=914,915,1,2,288238988894082,0,1000,5,5,0,5,0,5,5,1,3
event=trace_row ordinal=4671 kind=5 ns=288238998912267 fields=513,6,15,0,0,0,5,0,0,0,16,0,0,0,0,0
event=trace_row ordinal=4672 kind=0 ns=288238998893017 fields=915,2,0,25,1,0,0,0,0,0,0,0,0,0,0,0
event=trace_row ordinal=4673 kind=1 ns=288238998893017 fields=915,2,0,1008,1800,200,200,0,1,0,0,0,0,0,0,0
event=trace_row ordinal=4674 kind=3 ns=288238998915767 fields=915,916,1,2,288238998893017,0,1000,5,5,0,5,0,5,5,1,3
event=trace_row ordinal=4675 kind=5 ns=288239008921119 fields=513,6,15,0,0,0,5,0,0,0,16,0,0,0,0,0
event=trace_row ordinal=4676 kind=0 ns=288239008896036 fields=916,2,0,50,2,0,0,0,0,0,0,0,0,0,0,0
event=trace_row ordinal=4677 kind=1 ns=288239008896036 fields=916,2,0,1008,1800,200,200,0,1,0,0,0,0,0,0,0
event=trace_row ordinal=4678 kind=1 ns=288239008896036 fields=916,2,1,1008,1800,200,200,0,1,0,0,0,0,0,0,0
event=trace_row ordinal=4679 kind=3 ns=288239008925786 fields=916,917,1,2,288239008896036,0,1000,5,5,0,5,0,5,5,1,3
event=trace_row ordinal=4680 kind=5 ns=288239018913638 fields=513,6,15,0,0,0,5,0,0,0,16,0,0,0,0,0
event=trace_row ordinal=4681 kind=0 ns=288239018894096 fields=917,2,0,25,1,0,0,0,0,0,0,0,0,0,0,0
event=trace_row ordinal=4682 kind=1 ns=288239018894096 fields=917,2,0,1008,1800,200,200,0,1,0,0,0,0,0,0,0
event=trace_row ordinal=4683 kind=3 ns=288239018917138 fields=917,918,1,2,288239018894096,0,1000,5,5,0,5,0,5,5,1,3
event=trace_row ordinal=4684 kind=5 ns=288239028912865 fields=513,6,15,0,0,0,5,0,0,0,16,0,0,0,0,0
event=trace_row ordinal=4685 kind=0 ns=288239028893615 fields=918,2,0,25,1,0,0,0,0,0,0,0,0,0,0,0
event=trace_row ordinal=4686 kind=1 ns=288239028893615 fields=918,2,0,1008,1800,200,200,0,1,0,0,0,0,0,0,0
event=trace_row ordinal=4687 kind=3 ns=288239028916073 fields=918,919,1,2,288239028893615,0,1000,5,5,0,5,0,5,5,1,3
event=trace_row ordinal=4688 kind=4 ns=288239029433491 fields=385,8,39,20,39,68,0,0,51,0,16,0,0,0,0,0
event=trace_row ordinal=4689 kind=4 ns=288239029622491 fields=641,5,3,0,0,0,0,0,0,0,16,0,0,0,0,0
event=trace_row ordinal=4690 kind=5 ns=288239038915592 fields=513,6,15,0,0,0,5,0,0,0,16,0,0,0,0,0
event=trace_row ordinal=4691 kind=0 ns=288239038893717 fields=919,2,0,50,2,0,0,0,0,0,0,0,0,0,0,0
event=trace_row ordinal=4692 kind=1 ns=288239038893717 fields=919,2,0,1008,1800,200,200,0,1,0,0,0,0,0,0,0
event=trace_row ordinal=4693 kind=1 ns=288239038893717 fields=919,2,1,1008,1800,200,200,0,1,0,0,0,0,0,0,0
event=trace_row ordinal=4694 kind=3 ns=288239038919383 fields=919,920,1,2,288239038893717,0,1000,5,5,0,5,0,5,5,1,3
event=trace_row ordinal=4695 kind=5 ns=288239048913360 fields=513,6,15,0,0,0,5,0,0,0,16,0,0,0,0,0
event=trace_row ordinal=4696 kind=0 ns=288239048893819 fields=920,2,0,25,1,0,0,0,0,0,0,0,0,0,0,0
event=trace_row ordinal=4697 kind=1 ns=288239048893819 fields=920,2,0,1008,1800,200,200,0,1,0,0,0,0,0,0,0
event=trace_row ordinal=4698 kind=3 ns=288239048917444 fields=920,921,1,2,288239048893819,0,1000,5,5,0,5,0,5,5,1,3
event=trace_row ordinal=4699 kind=5 ns=288239058916379 fields=513,6,15,0,0,0,5,0,0,0,16,0,0,0,0,0
event=trace_row ordinal=4700 kind=0 ns=288239058894504 fields=921,2,0,50,2,0,0,0,0,0,0,0,0,0,0,0
event=trace_row ordinal=4701 kind=1 ns=288239058894504 fields=921,2,0,1008,1800,200,200,0,1,0,0,0,0,0,0,0
event=trace_row ordinal=4702 kind=1 ns=288239058894504 fields=921,2,1,1008,1800,200,200,0,1,0,0,0,0,0,0,0
event=trace_row ordinal=4703 kind=3 ns=288239058919879 fields=921,922,1,2,288239058894504,0,1000,5,5,0,5,0,5,5,1,3
event=trace_row ordinal=4704 kind=5 ns=288239068912689 fields=513,6,15,0,0,0,5,0,0,0,16,0,0,0,0,0
event=trace_row ordinal=4705 kind=0 ns=288239068893439 fields=922,2,0,25,1,0,0,0,0,0,0,0,0,0,0,0
event=trace_row ordinal=4706 kind=1 ns=288239068893439 fields=922,2,0,1008,1800,200,200,0,1,0,0,0,0,0,0,0
event=trace_row ordinal=4707 kind=3 ns=288239068915897 fields=922,923,1,2,288239068893439,0,1000,5,5,0,5,0,5,5,1,3
event=trace_row ordinal=4708 kind=5 ns=288239078916291 fields=513,6,15,0,0,0,5,0,0,0,16,0,0,0,0,0
event=trace_row ordinal=4709 kind=0 ns=288239078895291 fields=923,2,0,50,2,0,0,0,0,0,0,0,0,0,0,0
event=trace_row ordinal=4710 kind=1 ns=288239078895291 fields=923,2,0,1008,1800,200,200,0,1,0,0,0,0,0,0,0
event=trace_row ordinal=4711 kind=1 ns=288239078895291 fields=923,2,1,1008,1800,200,200,0,1,0,0,0,0,0,0,0
event=trace_row ordinal=4712 kind=3 ns=288239078919499 fields=923,924,1,2,288239078895291,0,1000,5,5,0,5,0,5,5,1,3
event=trace_row ordinal=4713 kind=4 ns=288239079200958 fields=385,8,39,20,39,68,0,0,49,0,16,0,0,0,0,0
event=trace_row ordinal=4714 kind=4 ns=288239079602584 fields=641,5,3,0,0,0,0,0,0,0,16,0,0,0,0,0
event=trace_row ordinal=4715 kind=5 ns=288239088918143 fields=513,6,15,0,0,0,5,0,0,0,16,0,0,0,0,0
event=trace_row ordinal=4716 kind=0 ns=288239088896560 fields=924,2,0,25,1,0,0,0,0,0,0,0,0,0,0,0
event=trace_row ordinal=4717 kind=1 ns=288239088896560 fields=924,2,0,1008,1800,200,200,0,1,0,0,0,0,0,0,0
event=trace_row ordinal=4718 kind=3 ns=288239088921643 fields=924,925,1,2,288239088896560,0,1000,5,5,0,5,0,5,5,1,3
event=trace_row ordinal=4719 kind=5 ns=288239098940995 fields=513,6,15,0,0,0,5,0,0,0,16,0,0,0,0,0
event=trace_row ordinal=4720 kind=0 ns=288239098906870 fields=925,2,0,25,1,0,0,0,0,0,0,0,0,0,0,0
event=trace_row ordinal=4721 kind=1 ns=288239098906870 fields=925,2,0,1008,1800,200,200,0,1,0,0,0,0,0,0,0
event=trace_row ordinal=4722 kind=3 ns=288239098946537 fields=925,926,1,2,288239098906870,0,1000,5,5,0,5,0,5,5,1,3
event=trace_row ordinal=4723 kind=5 ns=288239108923014 fields=513,6,15,0,0,0,5,0,0,0,16,0,0,0,0,0
event=trace_row ordinal=4724 kind=0 ns=288239108898513 fields=926,2,0,50,2,0,0,0,0,0,0,0,0,0,0,0
event=trace_row ordinal=4725 kind=1 ns=288239108898513 fields=926,2,0,1008,1800,200,200,0,1,0,0,0,0,0,0,0
event=trace_row ordinal=4726 kind=1 ns=288239108898513 fields=926,2,1,1008,1800,200,200,0,1,0,0,0,0,0,0,0
event=trace_row ordinal=4727 kind=3 ns=288239108927972 fields=926,927,1,2,288239108898513,0,1000,5,5,0,5,0,5,5,1,3
event=trace_row ordinal=4728 kind=5 ns=288239118933615 fields=513,6,15,0,0,0,5,0,0,0,16,0,0,0,0,0
event=trace_row ordinal=4729 kind=0 ns=288239118902699 fields=927,2,0,25,1,0,0,0,0,0,0,0,0,0,0,0
event=trace_row ordinal=4730 kind=1 ns=288239118902699 fields=927,2,0,1008,1800,200,200,0,1,0,0,0,0,0,0,0
event=trace_row ordinal=4731 kind=3 ns=288239118939740 fields=927,928,1,2,288239118902699,0,1000,5,5,0,5,0,5,5,1,3
event=trace_row ordinal=4732 kind=5 ns=288239128925551 fields=513,6,15,0,0,0,5,0,0,0,16,0,0,0,0,0
event=trace_row ordinal=4733 kind=0 ns=288239128900759 fields=928,2,0,50,2,0,0,0,0,0,0,0,0,0,0,0
event=trace_row ordinal=4734 kind=1 ns=288239128900759 fields=928,2,0,1008,1800,200,200,0,1,0,0,0,0,0,0,0
event=trace_row ordinal=4735 kind=1 ns=288239128900759 fields=928,2,1,1008,1800,200,200,0,1,0,0,0,0,0,0,0
event=trace_row ordinal=4736 kind=3 ns=288239128930217 fields=928,929,1,2,288239128900759,0,1000,5,5,0,5,0,5,5,1,3
event=trace_row ordinal=4737 kind=4 ns=288239129167926 fields=385,8,39,20,39,68,0,0,44,0,16,0,0,0,0,0
event=trace_row ordinal=4738 kind=4 ns=288239129549719 fields=641,5,3,0,0,0,0,0,0,0,16,0,0,0,0,0
event=trace_row ordinal=4739 kind=5 ns=288239138931194 fields=513,6,15,0,0,0,5,0,0,0,16,0,0,0,0,0
event=trace_row ordinal=4740 kind=0 ns=288239138902028 fields=929,2,0,25,1,0,0,0,0,0,0,0,0,0,0,0
event=trace_row ordinal=4741 kind=1 ns=288239138902028 fields=929,2,0,1008,1800,200,200,0,1,0,0,0,0,0,0,0
event=trace_row ordinal=4742 kind=3 ns=288239138936153 fields=929,930,1,2,288239138902028,0,1000,5,5,0,5,0,5,5,1,3
event=trace_row ordinal=4743 kind=5 ns=288239148924588 fields=513,6,15,0,0,0,5,0,0,0,16,0,0,0,0,0
event=trace_row ordinal=4744 kind=0 ns=288239148899796 fields=930,2,0,50,2,0,0,0,0,0,0,0,0,0,0,0
event=trace_row ordinal=4745 kind=1 ns=288239148899796 fields=930,2,0,1008,1800,200,200,0,1,0,0,0,0,0,0,0
event=trace_row ordinal=4746 kind=1 ns=288239148899796 fields=930,2,1,1008,1800,200,200,0,1,0,0,0,0,0,0,0
event=trace_row ordinal=4747 kind=3 ns=288239148929255 fields=930,931,1,2,288239148899796,0,1000,5,5,0,5,0,5,5,1,3
event=trace_row ordinal=4748 kind=5 ns=288239158970773 fields=513,6,15,0,0,0,5,0,0,0,16,0,0,0,0,0
event=trace_row ordinal=4749 kind=0 ns=288239158919440 fields=931,2,0,25,1,0,0,0,0,0,0,0,0,0,0,0
event=trace_row ordinal=4750 kind=1 ns=288239158919440 fields=931,2,0,1008,1800,200,200,0,1,0,0,0,0,0,0,0
event=trace_row ordinal=4751 kind=3 ns=288239158980107 fields=931,932,1,2,288239158919440,0,1000,5,5,0,5,0,5,5,1,3
event=trace_row ordinal=4752 kind=5 ns=288239168918958 fields=513,6,15,0,0,0,5,0,0,0,16,0,0,0,0,0
event=trace_row ordinal=4753 kind=0 ns=288239168897667 fields=932,2,0,25,1,0,0,0,0,0,0,0,0,0,0,0
event=trace_row ordinal=4754 kind=1 ns=288239168897667 fields=932,2,0,1008,1800,200,200,0,1,0,0,0,0,0,0,0
event=trace_row ordinal=4755 kind=3 ns=288239168922750 fields=932,933,1,2,288239168897667,0,1000,5,5,0,5,0,5,5,1,3
event=trace_row ordinal=4756 kind=5 ns=288239178958727 fields=513,6,15,0,0,0,5,0,0,0,16,0,0,0,0,0
event=trace_row ordinal=4757 kind=0 ns=288239178912644 fields=933,2,0,50,2,0,0,0,0,0,0,0,0,0,0,0
event=trace_row ordinal=4758 kind=1 ns=288239178912644 fields=933,2,0,1008,1800,200,200,0,1,0,0,0,0,0,0,0
event=trace_row ordinal=4759 kind=1 ns=288239178912644 fields=933,2,1,1008,1800,200,200,0,1,0,0,0,0,0,0,0
event=trace_row ordinal=4760 kind=3 ns=288239178965435 fields=933,934,1,2,288239178912644,0,1000,5,5,0,5,0,5,5,1,3
event=trace_row ordinal=4761 kind=4 ns=288239179163769 fields=385,8,39,20,39,68,0,0,48,0,16,0,0,0,0,0
event=trace_row ordinal=4762 kind=4 ns=288239179498603 fields=641,5,3,0,0,0,0,0,0,0,16,0,0,0,0,0
event=trace_row ordinal=4763 kind=5 ns=288239188935787 fields=513,6,15,0,0,0,5,0,0,0,16,0,0,0,0,0
event=trace_row ordinal=4764 kind=0 ns=288239188905746 fields=934,2,0,25,1,0,0,0,0,0,0,0,0,0,0,0
event=trace_row ordinal=4765 kind=1 ns=288239188905746 fields=934,2,0,1008,1800,200,200,0,1,0,0,0,0,0,0,0
event=trace_row ordinal=4766 kind=3 ns=288239188940746 fields=934,935,1,2,288239188905746,0,1000,5,5,0,5,0,5,5,1,3
event=trace_row ordinal=4767 kind=5 ns=288239198931806 fields=513,6,15,0,0,0,5,0,0,0,16,0,0,0,0,0
event=trace_row ordinal=4768 kind=0 ns=288239198903806 fields=935,2,0,50,2,0,0,0,0,0,0,0,0,0,0,0
event=trace_row ordinal=4769 kind=1 ns=288239198903806 fields=935,2,0,1008,1800,200,200,0,1,0,0,0,0,0,0,0
event=trace_row ordinal=4770 kind=1 ns=288239198903806 fields=935,2,1,1008,1800,200,200,0,1,0,0,0,0,0,0,0
event=trace_row ordinal=4771 kind=3 ns=288239198936473 fields=935,936,1,2,288239198903806,0,1000,5,5,0,5,0,5,5,1,3
event=trace_row ordinal=4772 kind=5 ns=288239208933658 fields=513,6,15,0,0,0,5,0,0,0,16,0,0,0,0,0
event=trace_row ordinal=4773 kind=0 ns=288239208903616 fields=936,2,0,25,1,0,0,0,0,0,0,0,0,0,0,0
event=trace_row ordinal=4774 kind=1 ns=288239208903616 fields=936,2,0,1008,1800,200,200,0,1,0,0,0,0,0,0,0
event=trace_row ordinal=4775 kind=3 ns=288239208938033 fields=936,937,1,2,288239208903616,0,1000,5,5,0,5,0,5,5,1,3
event=trace_row ordinal=4776 kind=4 ns=288239210103535 fields=1793,1,5,0,0,0,0,0,0,0,16,0,0,0,0,0
event=trace_row ordinal=4777 kind=5 ns=288239218930551 fields=513,6,15,0,0,0,5,0,0,0,16,0,0,0,0,0
event=trace_row ordinal=4778 kind=0 ns=288239218903426 fields=937,2,0,50,2,0,0,0,0,0,0,0,0,0,0,0
event=trace_row ordinal=4779 kind=1 ns=288239218903426 fields=937,2,0,1008,1800,200,200,0,1,0,0,0,0,0,0,0
event=trace_row ordinal=4780 kind=1 ns=288239218903426 fields=937,2,1,1008,1800,200,200,0,1,0,0,0,0,0,0,0
event=trace_row ordinal=4781 kind=3 ns=288239218935218 fields=937,938,1,2,288239218903426,0,1000,5,5,0,5,0,5,5,1,3
event=trace_row ordinal=4782 kind=5 ns=288239228925695 fields=513,6,15,0,0,0,5,0,0,0,16,0,0,0,0,0
event=trace_row ordinal=4783 kind=0 ns=288239228900028 fields=938,2,0,25,1,0,0,0,0,0,0,0,0,0,0,0
event=trace_row ordinal=4784 kind=1 ns=288239228900028 fields=938,2,0,1008,1800,200,200,0,1,0,0,0,0,0,0,0
event=trace_row ordinal=4785 kind=3 ns=288239228929487 fields=938,939,1,2,288239228900028,0,1000,5,5,0,5,0,5,5,1,3
event=trace_row ordinal=4786 kind=4 ns=288239229048779 fields=385,8,39,20,39,68,0,0,52,0,16,0,0,0,0,0
event=trace_row ordinal=4787 kind=4 ns=288239229446029 fields=641,5,3,0,0,0,0,0,0,0,16,0,0,0,0,0
event=trace_row ordinal=4788 kind=5 ns=288239238932505 fields=513,6,15,0,0,0,5,0,0,0,16,0,0,0,0,0
event=trace_row ordinal=4789 kind=0 ns=288239238904797 fields=939,2,0,25,1,0,0,0,0,0,0,0,0,0,0,0
event=trace_row ordinal=4790 kind=1 ns=288239238904797 fields=939,2,0,1008,1800,200,200,0,1,0,0,0,0,0,0,0
event=trace_row ordinal=4791 kind=3 ns=288239238938047 fields=939,940,1,2,288239238904797,0,1000,5,5,0,5,0,5,5,1,3
event=trace_row ordinal=4792 kind=5 ns=288239248935524 fields=513,6,15,0,0,0,5,0,0,0,16,0,0,0,0,0
event=trace_row ordinal=4793 kind=0 ns=288239248903732 fields=940,2,0,50,2,0,0,0,0,0,0,0,0,0,0,0
event=trace_row ordinal=4794 kind=1 ns=288239248903732 fields=940,2,0,1008,1800,200,200,0,1,0,0,0,0,0,0,0
event=trace_row ordinal=4795 kind=1 ns=288239248903732 fields=940,2,1,1008,1800,200,200,0,1,0,0,0,0,0,0,0
event=trace_row ordinal=4796 kind=3 ns=288239248940774 fields=940,941,1,2,288239248903732,0,1000,5,5,0,5,0,5,5,1,3
event=trace_row ordinal=4797 kind=5 ns=288239258942043 fields=513,6,15,0,0,0,5,0,0,0,16,0,0,0,0,0
event=trace_row ordinal=4798 kind=0 ns=288239258907334 fields=941,2,0,25,1,0,0,0,0,0,0,0,0,0,0,0
event=trace_row ordinal=4799 kind=1 ns=288239258907334 fields=941,2,0,1008,1800,200,200,0,1,0,0,0,0,0,0,0
event=trace_row ordinal=4800 kind=3 ns=288239258948168 fields=941,942,1,2,288239258907334,0,1000,5,5,0,5,0,5,5,1,3
event=trace_row ordinal=4801 kind=5 ns=288239268926978 fields=513,6,15,0,0,0,5,0,0,0,16,0,0,0,0,0
event=trace_row ordinal=4802 kind=0 ns=288239268900144 fields=942,2,0,50,2,0,0,0,0,0,0,0,0,0,0,0
event=trace_row ordinal=4803 kind=1 ns=288239268900144 fields=942,2,0,1008,1800,200,200,0,1,0,0,0,0,0,0,0
event=trace_row ordinal=4804 kind=1 ns=288239268900144 fields=942,2,1,1008,1800,200,200,0,1,0,0,0,0,0,0,0
event=trace_row ordinal=4805 kind=3 ns=288239268931061 fields=942,943,1,2,288239268900144,0,1000,5,5,0,5,0,5,5,1,3
event=trace_row ordinal=4806 kind=5 ns=288239278928246 fields=513,6,15,0,0,0,5,0,0,0,16,0,0,0,0,0
event=trace_row ordinal=4807 kind=0 ns=288239278900538 fields=943,2,0,25,1,0,0,0,0,0,0,0,0,0,0,0
event=trace_row ordinal=4808 kind=1 ns=288239278900538 fields=943,2,0,1008,1800,200,200,0,1,0,0,0,0,0,0,0
event=trace_row ordinal=4809 kind=3 ns=288239278932621 fields=943,944,1,2,288239278900538,0,1000,5,5,0,5,0,5,5,1,3
event=trace_row ordinal=4810 kind=4 ns=288239279005830 fields=385,8,39,20,39,68,0,0,49,0,16,0,0,0,0,0
event=trace_row ordinal=4811 kind=4 ns=288239279403081 fields=641,5,3,0,0,0,0,0,0,0,16,0,0,0,0,0
event=trace_row ordinal=4812 kind=5 ns=288239288922515 fields=513,6,15,0,0,0,5,0,0,0,16,0,0,0,0,0
event=trace_row ordinal=4813 kind=0 ns=288239288898890 fields=944,2,0,50,2,0,0,0,0,0,0,0,0,0,0,0
event=trace_row ordinal=4814 kind=1 ns=288239288898890 fields=944,2,0,1008,1800,200,200,0,1,0,0,0,0,0,0,0
event=trace_row ordinal=4815 kind=1 ns=288239288898890 fields=944,2,1,1008,1800,200,200,0,1,0,0,0,0,0,0,0
event=trace_row ordinal=4816 kind=3 ns=288239288926598 fields=944,945,1,2,288239288898890,0,1000,5,5,0,5,0,5,5,1,3
event=trace_row ordinal=4817 kind=5 ns=288239298930784 fields=513,6,15,0,0,0,5,0,0,0,16,0,0,0,0,0
event=trace_row ordinal=4818 kind=0 ns=288239298900742 fields=945,2,0,25,1,0,0,0,0,0,0,0,0,0,0,0
event=trace_row ordinal=4819 kind=1 ns=288239298900742 fields=945,2,0,1008,1800,200,200,0,1,0,0,0,0,0,0,0
event=trace_row ordinal=4820 kind=3 ns=288239298935742 fields=945,946,1,2,288239298900742,0,1000,5,5,0,5,0,5,5,1,3
event=trace_row ordinal=4821 kind=5 ns=288239308915427 fields=513,6,15,0,0,0,5,0,0,0,16,0,0,0,0,0
event=trace_row ordinal=4822 kind=0 ns=288239308895302 fields=946,2,0,25,1,0,0,0,0,0,0,0,0,0,0,0
event=trace_row ordinal=4823 kind=1 ns=288239308895302 fields=946,2,0,1009,1800,200,200,0,1,0,0,0,0,0,0,0
event=trace_row ordinal=4824 kind=3 ns=288239308918635 fields=946,947,1,2,288239308895302,0,1000,5,5,0,5,0,5,5,1,3
event=trace_row ordinal=4825 kind=5 ns=288239318914654 fields=513,6,15,0,0,0,5,0,0,0,16,0,0,0,0,0
event=trace_row ordinal=4826 kind=0 ns=288239318893654 fields=947,2,0,50,2,0,0,0,0,0,0,0,0,0,0,0
event=trace_row ordinal=4827 kind=1 ns=288239318893654 fields=947,2,0,1009,1800,200,200,0,1,0,0,0,0,0,0,0
event=trace_row ordinal=4828 kind=1 ns=288239318893654 fields=947,2,1,1008,1800,200,200,0,1,0,0,0,0,0,0,0
event=trace_row ordinal=4829 kind=3 ns=288239318918154 fields=947,948,1,2,288239318893654,0,1000,5,5,0,5,0,5,5,1,3
event=trace_row ordinal=4830 kind=5 ns=288239328912714 fields=513,6,15,0,0,0,5,0,0,0,16,0,0,0,0,0
event=trace_row ordinal=4831 kind=0 ns=288239328893756 fields=948,2,0,25,1,0,0,0,0,0,0,0,0,0,0,0
event=trace_row ordinal=4832 kind=1 ns=288239328893756 fields=948,2,0,1008,1800,200,200,0,1,0,0,0,0,0,0,0
event=trace_row ordinal=4833 kind=3 ns=288239328915923 fields=948,949,1,2,288239328893756,0,1000,5,5,0,5,0,5,5,1,3
event=trace_row ordinal=4834 kind=4 ns=288239328938673 fields=385,8,39,20,39,68,0,0,54,0,16,0,0,0,0,0
event=trace_row ordinal=4835 kind=4 ns=288239329387257 fields=641,5,3,0,0,0,0,0,0,0,16,0,0,0,0,0
event=trace_row ordinal=4836 kind=5 ns=288239338915441 fields=513,6,15,0,0,0,5,0,0,0,16,0,0,0,0,0
event=trace_row ordinal=4837 kind=0 ns=288239338894150 fields=949,2,0,50,2,0,0,0,0,0,0,0,0,0,0,0
event=trace_row ordinal=4838 kind=1 ns=288239338894150 fields=949,2,0,1008,1800,200,200,0,1,0,0,0,0,0,0,0
event=trace_row ordinal=4839 kind=1 ns=288239338894150 fields=949,2,1,1008,1800,200,200,0,1,0,0,0,0,0,0,0
event=trace_row ordinal=4840 kind=3 ns=288239338918941 fields=949,950,1,2,288239338894150,0,1000,5,5,0,5,0,5,5,1,3
event=trace_row ordinal=4841 kind=5 ns=288239348912335 fields=513,6,15,0,0,0,5,0,0,0,16,0,0,0,0,0
event=trace_row ordinal=4842 kind=0 ns=288239348893376 fields=950,2,0,25,1,0,0,0,0,0,0,0,0,0,0,0
event=trace_row ordinal=4843 kind=1 ns=288239348893376 fields=950,2,0,1008,1800,200,200,0,1,0,0,0,0,0,0,0
event=trace_row ordinal=4844 kind=3 ns=288239348915835 fields=950,951,1,2,288239348893376,0,1000,5,5,0,5,0,5,5,1,3
event=trace_row ordinal=4845 kind=5 ns=288239358914770 fields=513,6,15,0,0,0,5,0,0,0,16,0,0,0,0,0
event=trace_row ordinal=4846 kind=0 ns=288239358893478 fields=951,2,0,50,2,0,0,0,0,0,0,0,0,0,0,0
event=trace_row ordinal=4847 kind=1 ns=288239358893478 fields=951,2,0,1008,1800,200,200,0,1,0,0,0,0,0,0,0
event=trace_row ordinal=4848 kind=1 ns=288239358893478 fields=951,2,1,1008,1800,200,200,0,1,0,0,0,0,0,0,0
event=trace_row ordinal=4849 kind=3 ns=288239358918270 fields=951,952,1,2,288239358893478,0,1000,5,5,0,5,0,5,5,1,3
event=trace_row ordinal=4850 kind=5 ns=288239368916330 fields=513,6,15,0,0,0,5,0,0,0,16,0,0,0,0,0
event=trace_row ordinal=4851 kind=0 ns=288239368895622 fields=952,2,0,25,1,0,0,0,0,0,0,0,0,0,0,0
event=trace_row ordinal=4852 kind=1 ns=288239368895622 fields=952,2,0,1008,1800,200,200,0,1,0,0,0,0,0,0,0
event=trace_row ordinal=4853 kind=3 ns=288239368919539 fields=952,953,1,2,288239368895622,0,1000,5,5,0,5,0,5,5,1,3
event=trace_row ordinal=4854 kind=5 ns=288239378904766 fields=513,6,15,0,0,0,5,0,0,0,16,0,0,0,0,0
event=trace_row ordinal=4855 kind=0 ns=288239378885807 fields=953,2,0,25,1,0,0,0,0,0,0,0,0,0,0,0
event=trace_row ordinal=4856 kind=1 ns=288239378885807 fields=953,2,0,1008,1800,200,200,0,1,0,0,0,0,0,0,0
event=trace_row ordinal=4857 kind=3 ns=288239378907974 fields=953,954,1,2,288239378885807,0,1000,5,5,0,5,0,5,5,1,3
event=trace_row ordinal=4858 kind=4 ns=288239378917891 fields=385,8,39,20,39,68,0,0,44,0,16,0,0,0,0,0
event=trace_row ordinal=4859 kind=4 ns=288239379146558 fields=641,5,3,0,0,0,0,0,0,0,16,0,0,0,0,0
event=trace_row ordinal=4860 kind=5 ns=288239388916534 fields=513,6,15,0,0,0,5,0,0,0,16,0,0,0,0,0
event=trace_row ordinal=4861 kind=0 ns=288239388894659 fields=954,2,0,50,2,0,0,0,0,0,0,0,0,0,0,0
event=trace_row ordinal=4862 kind=1 ns=288239388894659 fields=954,2,0,1008,1800,200,200,0,1,0,0,0,0,0,0,0
event=trace_row ordinal=4863 kind=1 ns=288239388894659 fields=954,2,1,1008,1800,200,200,0,1,0,0,0,0,0,0,0
event=trace_row ordinal=4864 kind=3 ns=288239388920326 fields=954,955,1,2,288239388894659,0,1000,5,5,0,5,0,5,5,1,3
event=trace_row ordinal=4865 kind=5 ns=288239398912261 fields=513,6,15,0,0,0,5,0,0,0,16,0,0,0,0,0
event=trace_row ordinal=4866 kind=0 ns=288239398893594 fields=955,2,0,25,1,0,0,0,0,0,0,0,0,0,0,0
event=trace_row ordinal=4867 kind=1 ns=288239398893594 fields=955,2,0,1008,1800,200,200,0,1,0,0,0,0,0,0,0
event=trace_row ordinal=4868 kind=3 ns=288239398915761 fields=955,956,1,2,288239398893594,0,1000,5,5,0,5,0,5,5,1,3
event=trace_row ordinal=4869 kind=5 ns=288239408915863 fields=513,6,15,0,0,0,5,0,0,0,16,0,0,0,0,0
event=trace_row ordinal=4870 kind=0 ns=288239408894280 fields=956,2,0,50,2,0,0,0,0,0,0,0,0,0,0,0
event=trace_row ordinal=4871 kind=1 ns=288239408894280 fields=956,2,0,1008,1800,200,200,0,1,0,0,0,0,0,0,0
event=trace_row ordinal=4872 kind=1 ns=288239408894280 fields=956,2,1,1008,1800,200,200,0,1,0,0,0,0,0,0,0
event=trace_row ordinal=4873 kind=3 ns=288239408919363 fields=956,957,1,2,288239408894280,0,1000,5,5,0,5,0,5,5,1,3
event=trace_row ordinal=4874 kind=5 ns=288239418912173 fields=513,6,15,0,0,0,5,0,0,0,16,0,0,0,0,0
event=trace_row ordinal=4875 kind=0 ns=288239418893507 fields=957,2,0,25,1,0,0,0,0,0,0,0,0,0,0,0
event=trace_row ordinal=4876 kind=1 ns=288239418893507 fields=957,2,0,1008,1800,200,200,0,1,0,0,0,0,0,0,0
event=trace_row ordinal=4877 kind=3 ns=288239418915673 fields=957,958,1,2,288239418893507,0,1000,5,5,0,5,0,5,5,1,3
event=trace_row ordinal=4878 kind=5 ns=288239428853650 fields=513,6,15,0,0,0,5,0,0,0,16,0,0,0,0,0
event=trace_row ordinal=4879 kind=0 ns=288239428833233 fields=958,2,0,50,2,0,0,0,0,0,0,0,0,0,0,0
event=trace_row ordinal=4880 kind=1 ns=288239428833233 fields=958,2,0,1008,1800,200,200,0,1,0,0,0,0,0,0,0
event=trace_row ordinal=4881 kind=1 ns=288239428833233 fields=958,2,1,1008,1800,200,200,0,1,0,0,0,0,0,0,0
event=trace_row ordinal=4882 kind=3 ns=288239428857150 fields=958,959,1,2,288239428833233,0,1000,5,5,0,5,0,5,5,1,3
event=trace_row ordinal=4883 kind=4 ns=288239428865609 fields=385,8,39,20,39,68,0,0,50,0,16,0,0,0,0,0
event=trace_row ordinal=4884 kind=4 ns=288239429090776 fields=641,5,3,0,0,0,0,0,0,0,16,0,0,0,0,0
event=trace_row ordinal=4885 kind=5 ns=288239438913252 fields=513,6,15,0,0,0,5,0,0,0,16,0,0,0,0,0
event=trace_row ordinal=4886 kind=0 ns=288239438893711 fields=959,2,0,25,1,0,0,0,0,0,0,0,0,0,0,0
event=trace_row ordinal=4887 kind=1 ns=288239438893711 fields=959,2,0,1008,1800,200,200,0,1,0,0,0,0,0,0,0
event=trace_row ordinal=4888 kind=3 ns=288239438916752 fields=959,960,1,2,288239438893711,0,1000,5,5,0,5,0,5,5,1,3
event=trace_row ordinal=4889 kind=5 ns=288239448912187 fields=513,6,15,0,0,0,5,0,0,0,16,0,0,0,0,0
event=trace_row ordinal=4890 kind=0 ns=288239448893521 fields=960,2,0,25,1,0,0,0,0,0,0,0,0,0,0,0
event=trace_row ordinal=4891 kind=1 ns=288239448893521 fields=960,2,0,1008,1800,200,200,0,1,0,0,0,0,0,0,0
event=trace_row ordinal=4892 kind=3 ns=288239448915979 fields=960,961,1,2,288239448893521,0,1000,5,5,0,5,0,5,5,1,3
event=trace_row ordinal=4893 kind=5 ns=288239458935623 fields=513,6,15,0,0,0,5,0,0,0,16,0,0,0,0,0
event=trace_row ordinal=4894 kind=0 ns=288239458904414 fields=961,2,0,50,2,0,0,0,0,0,0,0,0,0,0,0
event=trace_row ordinal=4895 kind=1 ns=288239458904414 fields=961,2,0,1008,1800,200,200,0,1,0,0,0,0,0,0,0
event=trace_row ordinal=4896 kind=1 ns=288239458904414 fields=961,2,1,1008,1800,200,200,0,1,0,0,0,0,0,0,0
event=trace_row ordinal=4897 kind=3 ns=288239458939998 fields=961,962,1,2,288239458904414,0,1000,5,5,0,5,0,5,5,1,3
event=trace_row ordinal=4898 kind=4 ns=288239459643791 fields=1793,1,5,0,0,0,0,0,0,0,16,0,0,0,0,0
event=trace_row ordinal=4899 kind=5 ns=288239468920850 fields=513,6,15,0,0,0,5,0,0,0,16,0,0,0,0,0
event=trace_row ordinal=4900 kind=0 ns=288239468899266 fields=962,2,0,25,1,0,0,0,0,0,0,0,0,0,0,0
event=trace_row ordinal=4901 kind=1 ns=288239468899266 fields=962,2,0,1008,1800,200,200,0,1,0,0,0,0,0,0,0
event=trace_row ordinal=4902 kind=3 ns=288239468924350 fields=962,963,1,2,288239468899266,0,1000,5,5,0,5,0,5,5,1,3
event=trace_row ordinal=4903 kind=5 ns=288239478798451 fields=513,6,15,0,0,0,5,0,0,0,16,0,0,0,0,0
event=trace_row ordinal=4904 kind=0 ns=288239478777743 fields=963,2,0,50,2,0,0,0,0,0,0,0,0,0,0,0
event=trace_row ordinal=4905 kind=1 ns=288239478777743 fields=963,2,0,1008,1800,200,200,0,1,0,0,0,0,0,0,0
event=trace_row ordinal=4906 kind=1 ns=288239478777743 fields=963,2,1,1008,1800,200,200,0,1,0,0,0,0,0,0,0
event=trace_row ordinal=4907 kind=3 ns=288239478801951 fields=963,964,1,2,288239478777743,0,1000,5,5,0,5,0,5,5,1,3
event=trace_row ordinal=4908 kind=4 ns=288239478810118 fields=385,8,39,20,39,68,0,0,51,0,16,0,0,0,0,0
event=trace_row ordinal=4909 kind=4 ns=288239479038785 fields=641,5,3,0,0,0,0,0,0,0,16,0,0,0,0,0
event=trace_row ordinal=4910 kind=5 ns=288239488914637 fields=513,6,15,0,0,0,5,0,0,0,16,0,0,0,0,0
event=trace_row ordinal=4911 kind=0 ns=288239488894804 fields=964,2,0,25,1,0,0,0,0,0,0,0,0,0,0,0
event=trace_row ordinal=4912 kind=1 ns=288239488894804 fields=964,2,0,1008,1800,200,200,0,1,0,0,0,0,0,0,0
event=trace_row ordinal=4913 kind=3 ns=288239488918429 fields=964,965,1,2,288239488894804,0,1000,5,5,0,5,0,5,5,1,3
event=trace_row ordinal=4914 kind=5 ns=288239498914447 fields=513,6,15,0,0,0,5,0,0,0,16,0,0,0,0,0
event=trace_row ordinal=4915 kind=0 ns=288239498893739 fields=965,2,0,50,2,0,0,0,0,0,0,0,0,0,0,0
event=trace_row ordinal=4916 kind=1 ns=288239498893739 fields=965,2,0,1008,1800,200,200,0,1,0,0,0,0,0,0,0
event=trace_row ordinal=4917 kind=1 ns=288239498893739 fields=965,2,1,1008,1800,200,200,0,1,0,0,0,0,0,0,0
event=trace_row ordinal=4918 kind=3 ns=288239498917655 fields=965,966,1,2,288239498893739,0,1000,5,5,0,5,0,5,5,1,3
event=trace_row ordinal=4919 kind=5 ns=288239508992716 fields=513,6,15,0,0,0,5,0,0,0,16,0,0,0,0,0
event=trace_row ordinal=4920 kind=0 ns=288239508932049 fields=966,2,0,25,1,0,0,0,0,0,0,0,0,0,0,0
event=trace_row ordinal=4921 kind=1 ns=288239508932049 fields=966,2,0,1008,1800,200,200,0,1,0,0,0,0,0,0,0
event=trace_row ordinal=4922 kind=3 ns=288239509003216 fields=966,967,1,2,288239508932049,0,1000,5,5,0,5,0,5,5,1,3
event=trace_row ordinal=4923 kind=5 ns=288239518979109 fields=513,6,15,0,0,0,5,0,0,0,16,0,0,0,0,0
event=trace_row ordinal=4924 kind=0 ns=288239518925151 fields=967,2,0,25,1,0,0,0,0,0,0,0,0,0,0,0
event=trace_row ordinal=4925 kind=1 ns=288239518925151 fields=967,2,0,1008,1800,200,200,0,1,0,0,0,0,0,0,0
event=trace_row ordinal=4926 kind=3 ns=288239518988734 fields=967,968,1,2,288239518925151,0,1000,5,5,0,5,0,5,5,1,3
event=trace_row ordinal=4927 kind=5 ns=288239528815878 fields=513,6,15,0,0,0,5,0,0,0,16,0,0,0,0,0
event=trace_row ordinal=4928 kind=0 ns=288239528755211 fields=968,2,0,50,2,0,0,0,0,0,0,0,0,0,0,0
event=trace_row ordinal=4929 kind=1 ns=288239528755211 fields=968,2,0,1008,1800,200,200,0,1,0,0,0,0,0,0,0
event=trace_row ordinal=4930 kind=1 ns=288239528755211 fields=968,2,1,1008,1800,200,200,0,1,0,0,0,0,0,0,0
event=trace_row ordinal=4931 kind=3 ns=288239528825503 fields=968,969,1,2,288239528755211,0,1000,5,5,0,5,0,5,5,1,3
event=trace_row ordinal=4932 kind=4 ns=288239528850294 fields=385,8,39,20,39,68,0,0,44,0,16,0,0,0,0,0
event=trace_row ordinal=4933 kind=4 ns=288239529002545 fields=641,5,3,0,0,0,0,0,0,0,16,0,0,0,0,0
event=trace_row ordinal=4934 kind=5 ns=288239538978730 fields=513,6,15,0,0,0,5,0,0,0,16,0,0,0,0,0
event=trace_row ordinal=4935 kind=0 ns=288239538924772 fields=969,2,0,25,1,0,0,0,0,0,0,0,0,0,0,0
event=trace_row ordinal=4936 kind=1 ns=288239538924772 fields=969,2,0,1008,1800,200,200,0,1,0,0,0,0,0,0,0
event=trace_row ordinal=4937 kind=3 ns=288239538987772 fields=969,970,1,2,288239538924772,0,1000,5,5,0,5,0,5,5,1,3
event=trace_row ordinal=4938 kind=5 ns=288239548983207 fields=513,6,15,0,0,0,5,0,0,0,16,0,0,0,0,0
event=trace_row ordinal=4939 kind=0 ns=288239548924873 fields=970,2,0,50,2,0,0,0,0,0,0,0,0,0,0,0
event=trace_row ordinal=4940 kind=1 ns=288239548924873 fields=970,2,0,1009,1800,200,200,0,1,0,0,0,0,0,0,0
event=trace_row ordinal=4941 kind=1 ns=288239548924873 fields=970,2,1,1009,1800,200,200,0,1,0,0,0,0,0,0,0
event=trace_row ordinal=4942 kind=3 ns=288239548992540 fields=970,971,1,2,288239548924873,0,1000,5,5,0,5,0,5,5,1,3
event=trace_row ordinal=4943 kind=5 ns=288239558978059 fields=513,6,15,0,0,0,5,0,0,0,16,0,0,0,0,0
event=trace_row ordinal=4944 kind=0 ns=288239558924392 fields=971,2,0,25,1,0,0,0,0,0,0,0,0,0,0,0
event=trace_row ordinal=4945 kind=1 ns=288239558924392 fields=971,2,0,1009,1800,200,200,0,1,0,0,0,0,0,0,0
event=trace_row ordinal=4946 kind=3 ns=288239558987976 fields=971,972,1,2,288239558924392,0,1000,5,5,0,5,0,5,5,1,3
event=trace_row ordinal=4947 kind=5 ns=288239568983994 fields=513,6,15,0,0,0,5,0,0,0,16,0,0,0,0,0
event=trace_row ordinal=4948 kind=0 ns=288239568924494 fields=972,2,0,52,2,0,0,0,0,0,0,0,0,0,0,0
event=trace_row ordinal=4949 kind=1 ns=288239568924494 fields=972,2,0,1008,1800,200,200,0,1,0,0,0,0,0,0,0
event=trace_row ordinal=4950 kind=1 ns=288239568924494 fields=972,2,1,1008,1800,200,200,0,1,0,0,0,0,0,0,0
event=trace_row ordinal=4951 kind=3 ns=288239568993911 fields=972,973,1,2,288239568924494,0,1000,5,5,0,5,0,5,5,1,3
event=trace_row ordinal=4952 kind=5 ns=288239578759221 fields=513,6,15,0,0,0,5,0,0,0,16,0,0,0,0,0
event=trace_row ordinal=4953 kind=0 ns=288239578703512 fields=973,2,0,26,1,0,0,0,0,0,0,0,0,0,0,0
event=trace_row ordinal=4954 kind=1 ns=288239578703512 fields=973,2,0,1008,1800,200,200,0,1,0,0,0,0,0,0,0
event=trace_row ordinal=4955 kind=3 ns=288239578768554 fields=973,974,1,2,288239578703512,0,1000,5,5,0,5,0,5,5,1,3
event=trace_row ordinal=4956 kind=4 ns=288239578793054 fields=385,8,39,20,39,68,0,0,48,0,16,0,0,0,0,0
event=trace_row ordinal=4957 kind=4 ns=288239578949679 fields=641,5,3,0,0,0,0,0,0,0,16,0,0,0,0,0
event=trace_row ordinal=4958 kind=5 ns=288239588978656 fields=513,6,15,0,0,0,5,0,0,0,16,0,0,0,0,0
event=trace_row ordinal=4959 kind=0 ns=288239588924406 fields=974,2,0,26,1,0,0,0,0,0,0,0,0,0,0,0
event=trace_row ordinal=4960 kind=1 ns=288239588924406 fields=974,2,0,1009,1800,200,200,0,1,0,0,0,0,0,0,0
event=trace_row ordinal=4961 kind=3 ns=288239588987990 fields=974,975,1,2,288239588924406,0,1000,5,5,0,5,0,5,5,1,3
event=trace_row ordinal=4962 kind=5 ns=288239598983717 fields=513,6,15,0,0,0,5,0,0,0,16,0,0,0,0,0
event=trace_row ordinal=4963 kind=0 ns=288239598924508 fields=975,2,0,52,2,0,0,0,0,0,0,0,0,0,0,0
event=trace_row ordinal=4964 kind=1 ns=288239598924508 fields=975,2,0,1009,1800,200,200,0,1,0,0,0,0,0,0,0
event=trace_row ordinal=4965 kind=1 ns=288239598924508 fields=975,2,1,1008,1800,200,200,0,1,0,0,0,0,0,0,0
event=trace_row ordinal=4966 kind=3 ns=288239598993050 fields=975,976,1,2,288239598924508,0,1000,5,5,0,5,0,5,5,1,3
event=trace_row ordinal=4967 kind=5 ns=288239608982360 fields=513,6,15,0,0,0,5,0,0,0,16,0,0,0,0,0
event=trace_row ordinal=4968 kind=0 ns=288239608926360 fields=976,2,0,26,1,0,0,0,0,0,0,0,0,0,0,0
event=trace_row ordinal=4969 kind=1 ns=288239608926360 fields=976,2,0,1008,1800,200,200,0,1,0,0,0,0,0,0,0
event=trace_row ordinal=4970 kind=3 ns=288239608991694 fields=976,977,1,2,288239608926360,0,1000,5,5,0,5,0,5,5,1,3
event=trace_row ordinal=4971 kind=5 ns=288239618992379 fields=513,6,15,0,0,0,5,0,0,0,16,0,0,0,0,0
event=trace_row ordinal=4972 kind=0 ns=288239618928212 fields=977,2,0,52,2,0,0,0,0,0,0,0,0,0,0,0
event=trace_row ordinal=4973 kind=1 ns=288239618928212 fields=977,2,0,1008,1800,200,200,0,1,0,0,0,0,0,0,0
event=trace_row ordinal=4974 kind=1 ns=288239618928212 fields=977,2,1,1008,1800,200,200,0,1,0,0,0,0,0,0,0
event=trace_row ordinal=4975 kind=3 ns=288239619004337 fields=977,978,1,2,288239618928212,0,1000,5,5,0,5,0,5,5,1,3
event=trace_row ordinal=4976 kind=5 ns=288239628731730 fields=513,6,15,0,0,0,5,0,0,0,16,0,0,0,0,0
event=trace_row ordinal=4977 kind=0 ns=288239628662605 fields=978,2,0,26,1,0,0,0,0,0,0,0,0,0,0,0
event=trace_row ordinal=4978 kind=1 ns=288239628662605 fields=978,2,0,1008,1800,200,200,0,1,0,0,0,0,0,0,0
event=trace_row ordinal=4979 kind=3 ns=288239628744564 fields=978,979,1,2,288239628662605,0,1000,5,5,0,5,0,5,5,1,3
event=trace_row ordinal=4980 kind=4 ns=288239628781314 fields=385,8,39,20,39,68,0,0,52,0,16,0,0,0,0,0
event=trace_row ordinal=4981 kind=4 ns=288239628903814 fields=641,5,3,0,0,0,0,0,0,0,16,0,0,0,0,0
event=trace_row ordinal=4982 kind=5 ns=288239639067833 fields=513,6,15,0,0,0,5,0,0,0,16,0,0,0,0,0
event=trace_row ordinal=4983 kind=0 ns=288239638956708 fields=979,2,0,52,2,0,0,0,0,0,0,0,0,0,0,0
event=trace_row ordinal=4984 kind=1 ns=288239638956708 fields=979,2,0,1008,1800,200,200,0,1,0,0,0,0,0,0,0
event=trace_row ordinal=4985 kind=1 ns=288239638956708 fields=979,2,1,1008,1800,200,200,0,1,0,0,0,0,0,0,0
event=trace_row ordinal=4986 kind=3 ns=288239639087958 fields=979,980,1,2,288239638956708,0,1000,5,5,0,5,0,5,5,1,3
event=trace_row ordinal=4987 kind=5 ns=288239649027685 fields=513,6,15,0,0,0,5,0,0,0,16,0,0,0,0,0
event=trace_row ordinal=4988 kind=0 ns=288239648943684 fields=980,2,0,26,1,0,0,0,0,0,0,0,0,0,0,0
event=trace_row ordinal=4989 kind=1 ns=288239648943684 fields=980,2,0,1008,1800,200,200,0,1,0,0,0,0,0,0,0
event=trace_row ordinal=4990 kind=3 ns=288239649044018 fields=980,981,1,2,288239648943684,0,1000,5,5,0,5,0,5,5,1,3
event=trace_row ordinal=4991 kind=5 ns=288239659110037 fields=513,6,15,0,0,0,5,0,0,0,16,0,0,0,0,0
event=trace_row ordinal=4992 kind=0 ns=288239658971203 fields=981,2,0,26,1,0,0,0,0,0,0,0,0,0,0,0
event=trace_row ordinal=4993 kind=1 ns=288239658971203 fields=981,2,0,1008,1800,200,200,0,1,0,0,0,0,0,0,0
event=trace_row ordinal=4994 kind=3 ns=288239659132203 fields=981,982,1,2,288239658971203,0,1000,5,5,0,5,0,5,5,1,3
event=trace_row ordinal=4995 kind=5 ns=288239669072805 fields=513,6,15,0,0,0,5,0,0,0,16,0,0,0,0,0
event=trace_row ordinal=4996 kind=0 ns=288239668960513 fields=982,2,0,52,2,0,0,0,0,0,0,0,0,0,0,0
event=trace_row ordinal=4997 kind=1 ns=288239668960513 fields=982,2,0,1009,1800,200,200,0,1,0,0,0,0,0,0,0
event=trace_row ordinal=4998 kind=1 ns=288239668960513 fields=982,2,1,1009,1800,200,200,0,1,0,0,0,0,0,0,0
event=trace_row ordinal=4999 kind=3 ns=288239669097014 fields=982,983,1,2,288239668960513,0,1000,5,5,0,5,0,5,5,1,3
event=trace_row ordinal=5000 kind=5 ns=288239678776865 fields=513,6,15,0,0,0,5,0,0,0,16,0,0,0,0,0
event=trace_row ordinal=5001 kind=0 ns=288239678664281 fields=983,2,0,26,1,0,0,0,0,0,0,0,0,0,0,0
event=trace_row ordinal=5002 kind=1 ns=288239678664281 fields=983,2,0,1009,1800,200,200,0,1,0,0,0,0,0,0,0
event=trace_row ordinal=5003 kind=3 ns=288239678799907 fields=983,984,1,2,288239678664281,0,1000,5,5,0,5,0,5,5,1,3
event=trace_row ordinal=5004 kind=4 ns=288239678850657 fields=385,8,39,20,39,68,0,0,48,0,16,0,0,0,0,0
event=trace_row ordinal=5005 kind=4 ns=288239678905490 fields=641,5,3,0,0,0,0,0,0,0,16,0,0,0,0,0
event=trace_row ordinal=5006 kind=5 ns=288239689042967 fields=513,6,15,0,0,0,5,0,0,0,16,0,0,0,0,0
event=trace_row ordinal=5007 kind=0 ns=288239688951967 fields=984,2,0,52,2,0,0,0,0,0,0,0,0,0,0,0
event=trace_row ordinal=5008 kind=1 ns=288239688951967 fields=984,2,0,1008,1800,200,200,0,1,0,0,0,0,0,0,0
event=trace_row ordinal=5009 kind=1 ns=288239688951967 fields=984,2,1,1008,1800,200,200,0,1,0,0,0,0,0,0,0
event=trace_row ordinal=5010 kind=3 ns=288239689056676 fields=984,985,1,2,288239688951967,0,1000,5,5,0,5,0,5,5,1,3
event=trace_row ordinal=5011 kind=5 ns=288239699148361 fields=513,6,15,0,0,0,5,0,0,0,16,0,0,0,0,0
event=trace_row ordinal=5012 kind=0 ns=288239698989986 fields=985,2,0,26,1,0,0,0,0,0,0,0,0,0,0,0
event=trace_row ordinal=5013 kind=1 ns=288239698989986 fields=985,2,0,1008,1800,200,200,0,1,0,0,0,0,0,0,0
event=trace_row ordinal=5014 kind=3 ns=288239699175195 fields=985,986,1,2,288239698989986,0,1000,5,5,0,5,0,5,5,1,3
event=trace_row ordinal=5015 kind=5 ns=288239709025380 fields=513,6,15,0,0,0,5,0,0,0,16,0,0,0,0,0
event=trace_row ordinal=5016 kind=0 ns=288239708943421 fields=986,2,0,52,2,0,0,0,0,0,0,0,0,0,0,0
event=trace_row ordinal=5017 kind=1 ns=288239708943421 fields=986,2,0,1008,1800,200,200,0,1,0,0,0,0,0,0,0
event=trace_row ordinal=5018 kind=1 ns=288239708943421 fields=986,2,1,1008,1800,200,200,0,1,0,0,0,0,0,0,0
event=trace_row ordinal=5019 kind=3 ns=288239709040255 fields=986,987,1,2,288239708943421,0,1000,5,5,0,5,0,5,5,1,3
event=trace_row ordinal=5020 kind=4 ns=288239709181713 fields=1793,1,5,0,0,0,0,0,0,0,16,0,0,0,0,0
event=trace_row ordinal=5021 kind=5 ns=288239719163732 fields=513,6,15,0,0,0,5,0,0,0,16,0,0,0,0,0
event=trace_row ordinal=5022 kind=0 ns=288239718996606 fields=987,2,0,26,1,0,0,0,0,0,0,0,0,0,0,0
event=trace_row ordinal=5023 kind=1 ns=288239718996606 fields=987,2,0,1008,1800,200,200,0,1,0,0,0,0,0,0,0
event=trace_row ordinal=5024 kind=3 ns=288239719192607 fields=987,988,1,2,288239718996606,0,1000,5,5,0,5,0,5,5,1,3
event=trace_row ordinal=5025 kind=5 ns=288239728721958 fields=513,6,15,0,0,0,5,0,0,0,16,0,0,0,0,0
event=trace_row ordinal=5026 kind=0 ns=288239728608791 fields=988,2,0,25,1,0,0,0,0,0,0,0,0,0,0,0
event=trace_row ordinal=5027 kind=1 ns=288239728608791 fields=988,2,0,1008,1800,200,200,0,1,0,0,0,0,0,0,0
event=trace_row ordinal=5028 kind=3 ns=288239728744708 fields=988,989,1,2,288239728608791,0,1000,5,5,0,5,0,5,5,1,3
event=trace_row ordinal=5029 kind=4 ns=288239728795166 fields=385,8,39,20,39,68,0,0,53,0,16,0,0,0,0,0
event=trace_row ordinal=5030 kind=4 ns=288239728841541 fields=641,5,3,0,0,0,0,0,0,0,16,0,0,0,0,0
event=trace_row ordinal=5031 kind=5 ns=288239739118144 fields=513,6,15,0,0,0,5,0,0,0,16,0,0,0,0,0
event=trace_row ordinal=5032 kind=0 ns=288239738979019 fields=989,2,0,50,2,0,0,0,0,0,0,0,0,0,0,0
event=trace_row ordinal=5033 kind=1 ns=288239738979019 fields=989,2,0,1008,1800,200,200,0,1,0,0,0,0,0,0,0
event=trace_row ordinal=5034 kind=1 ns=288239738979019 fields=989,2,1,1008,1800,200,200,0,1,0,0,0,0,0,0,0
event=trace_row ordinal=5035 kind=3 ns=288239739143227 fields=989,990,1,2,288239738979019,0,1000,5,5,0,5,0,5,5,1,3
event=trace_row ordinal=5036 kind=5 ns=288239749088496 fields=513,6,15,0,0,0,5,0,0,0,16,0,0,0,0,0
event=trace_row ordinal=5037 kind=0 ns=288239748972412 fields=990,2,0,25,1,0,0,0,0,0,0,0,0,0,0,0
event=trace_row ordinal=5038 kind=1 ns=288239748972412 fields=990,2,0,1008,1800,200,200,0,1,0,0,0,0,0,0,0
event=trace_row ordinal=5039 kind=3 ns=288239749109787 fields=990,991,1,2,288239748972412,0,1000,5,5,0,5,0,5,5,1,3
event=trace_row ordinal=5040 kind=5 ns=288239759060014 fields=513,6,15,0,0,0,5,0,0,0,16,0,0,0,0,0
event=trace_row ordinal=5041 kind=0 ns=288239758959389 fields=991,2,0,50,2,0,0,0,0,0,0,0,0,0,0,0
event=trace_row ordinal=5042 kind=1 ns=288239758959389 fields=991,2,0,1008,1800,200,200,0,1,0,0,0,0,0,0,0
event=trace_row ordinal=5043 kind=1 ns=288239758959389 fields=991,2,1,1008,1800,200,200,0,1,0,0,0,0,0,0,0
event=trace_row ordinal=5044 kind=3 ns=288239759078681 fields=991,992,1,2,288239758959389,0,1000,5,5,0,5,0,5,5,1,3
event=trace_row ordinal=5045 kind=5 ns=288239769033574 fields=513,6,15,0,0,0,5,0,0,0,16,0,0,0,0,0
event=trace_row ordinal=5046 kind=0 ns=288239768950741 fields=992,2,0,25,1,0,0,0,0,0,0,0,0,0,0,0
event=trace_row ordinal=5047 kind=1 ns=288239768950741 fields=992,2,0,1008,1800,200,200,0,1,0,0,0,0,0,0,0
event=trace_row ordinal=5048 kind=3 ns=288239769049616 fields=992,993,1,2,288239768950741,0,1000,5,5,0,5,0,5,5,1,3
event=trace_row ordinal=5049 kind=5 ns=288239778719843 fields=513,6,15,0,0,0,5,0,0,0,16,0,0,0,0,0
event=trace_row ordinal=5050 kind=0 ns=288239778588592 fields=993,2,0,25,1,0,0,0,0,0,0,0,0,0,0,0
event=trace_row ordinal=5051 kind=1 ns=288239778588592 fields=993,2,0,1008,1800,200,200,0,1,0,0,0,0,0,0,0
event=trace_row ordinal=5052 kind=3 ns=288239778746384 fields=993,994,1,2,288239778588592,0,1000,5,5,0,5,0,5,5,1,3
event=trace_row ordinal=5053 kind=4 ns=288239778800926 fields=385,8,39,20,39,68,0,0,46,0,16,0,0,0,0,0
event=trace_row ordinal=5054 kind=4 ns=288239778852259 fields=641,5,3,0,0,0,0,0,0,0,16,0,0,0,0,0
event=trace_row ordinal=5055 kind=5 ns=288239789088028 fields=513,6,15,0,0,0,5,0,0,0,16,0,0,0,0,0
event=trace_row ordinal=5056 kind=0 ns=288239788962903 fields=994,2,0,50,2,0,0,0,0,0,0,0,0,0,0,0
event=trace_row ordinal=5057 kind=1 ns=288239788962903 fields=994,2,0,1009,1800,200,200,0,1,0,0,0,0,0,0,0
event=trace_row ordinal=5058 kind=1 ns=288239788962903 fields=994,2,1,1009,1800,200,200,0,1,0,0,0,0,0,0,0
event=trace_row ordinal=5059 kind=3 ns=288239789108737 fields=994,995,1,2,288239788962903,0,1000,5,5,0,5,0,5,5,1,3
event=trace_row ordinal=5060 kind=5 ns=288239799070630 fields=513,6,15,0,0,0,5,0,0,0,16,0,0,0,0,0
event=trace_row ordinal=5061 kind=0 ns=288239798959213 fields=995,2,0,25,1,0,0,0,0,0,0,0,0,0,0,0
event=trace_row ordinal=5062 kind=1 ns=288239798959213 fields=995,2,0,1009,1800,200,200,0,1,0,0,0,0,0,0,0
event=trace_row ordinal=5063 kind=3 ns=288239799091339 fields=995,996,1,2,288239798959213,0,1000,5,5,0,5,0,5,5,1,3
event=trace_row ordinal=5064 kind=5 ns=288239809044191 fields=513,6,15,0,0,0,5,0,0,0,16,0,0,0,0,0
event=trace_row ordinal=5065 kind=0 ns=288239808947940 fields=996,2,0,52,2,0,0,0,0,0,0,0,0,0,0,0
event=trace_row ordinal=5066 kind=1 ns=288239808947940 fields=996,2,0,1008,1800,200,200,0,1,0,0,0,0,0,0,0
event=trace_row ordinal=5067 kind=1 ns=288239808947940 fields=996,2,1,1008,1800,200,200,0,1,0,0,0,0,0,0,0
event=trace_row ordinal=5068 kind=3 ns=288239809061691 fields=996,997,1,2,288239808947940,0,1000,5,5,0,5,0,5,5,1,3
event=trace_row ordinal=5069 kind=5 ns=288239819031167 fields=513,6,15,0,0,0,5,0,0,0,16,0,0,0,0,0
event=trace_row ordinal=5070 kind=0 ns=288239818941917 fields=997,2,0,26,1,0,0,0,0,0,0,0,0,0,0,0
event=trace_row ordinal=5071 kind=1 ns=288239818941917 fields=997,2,0,1008,1800,200,200,0,1,0,0,0,0,0,0,0
event=trace_row ordinal=5072 kind=3 ns=288239819048376 fields=997,998,1,2,288239818941917,0,1000,5,5,0,5,0,5,5,1,3
event=trace_row ordinal=5073 kind=4 ns=288239828443268 fields=385,8,39,20,39,68,0,0,50,0,16,0,0,0,0,0
event=trace_row ordinal=5074 kind=5 ns=288239828610685 fields=513,6,15,0,0,0,5,0,0,0,16,0,0,0,0,0
event=trace_row ordinal=5075 kind=0 ns=288239828524643 fields=998,2,0,52,2,0,0,0,0,0,0,0,0,0,0,0
event=trace_row ordinal=5076 kind=1 ns=288239828524643 fields=998,2,0,1008,1800,200,200,0,1,0,0,0,0,0,0,0
event=trace_row ordinal=5077 kind=1 ns=288239828524643 fields=998,2,1,1008,1800,200,200,0,1,0,0,0,0,0,0,0
event=trace_row ordinal=5078 kind=3 ns=288239828626727 fields=998,999,1,2,288239828524643,0,1000,5,5,0,5,0,5,5,1,3
event=trace_row ordinal=5079 kind=4 ns=288239828681852 fields=641,5,3,0,0,0,0,0,0,0,16,0,0,0,0,0
event=trace_row ordinal=5080 kind=5 ns=288239839034871 fields=513,6,15,0,0,0,5,0,0,0,16,0,0,0,0,0
event=trace_row ordinal=5081 kind=0 ns=288239838944163 fields=999,2,0,26,1,0,0,0,0,0,0,0,0,0,0,0
event=trace_row ordinal=5082 kind=1 ns=288239838944163 fields=999,2,0,1008,1800,200,200,0,1,0,0,0,0,0,0,0
event=trace_row ordinal=5083 kind=3 ns=288239839050913 fields=999,1000,1,2,288239838944163,0,1000,5,5,0,5,0,5,5,1,3
event=trace_row ordinal=5084 kind=5 ns=288239848990640 fields=513,6,15,0,0,0,5,0,0,0,16,0,0,0,0,0
event=trace_row ordinal=5085 kind=0 ns=288239848927640 fields=1000,2,0,52,2,0,0,0,0,0,0,0,0,0,0,0
event=trace_row ordinal=5086 kind=1 ns=288239848927640 fields=1000,2,0,1008,1800,200,200,0,1,0,0,0,0,0,0,0
event=trace_row ordinal=5087 kind=1 ns=288239848927640 fields=1000,2,1,1008,1800,200,200,0,1,0,0,0,0,0,0,0
event=trace_row ordinal=5088 kind=3 ns=288239849000557 fields=1000,1001,1,2,288239848927640,0,1000,5,5,0,5,0,5,5,1,3
event=trace_row ordinal=5089 kind=5 ns=288239858978200 fields=513,6,15,0,0,0,5,0,0,0,16,0,0,0,0,0
event=trace_row ordinal=5090 kind=0 ns=288239858924533 fields=1001,2,0,26,1,0,0,0,0,0,0,0,0,0,0,0
event=trace_row ordinal=5091 kind=1 ns=288239858924533 fields=1001,2,0,1008,1800,200,200,0,1,0,0,0,0,0,0,0
event=trace_row ordinal=5092 kind=3 ns=288239858987825 fields=1001,1002,1,2,288239858924533,0,1000,5,5,0,5,0,5,5,1,3
event=trace_row ordinal=5093 kind=5 ns=288239868978010 fields=513,6,15,0,0,0,5,0,0,0,16,0,0,0,0,0
event=trace_row ordinal=5094 kind=0 ns=288239868924635 fields=1002,2,0,26,1,0,0,0,0,0,0,0,0,0,0,0
event=trace_row ordinal=5095 kind=1 ns=288239868924635 fields=1002,2,0,1008,1800,200,200,0,1,0,0,0,0,0,0,0
event=trace_row ordinal=5096 kind=3 ns=288239868987052 fields=1002,1003,1,2,288239868924635,0,1000,5,5,0,5,0,5,5,1,3
event=trace_row ordinal=5097 kind=4 ns=288239878371153 fields=385,8,39,20,39,68,0,0,52,0,16,0,0,0,0,0
event=trace_row ordinal=5098 kind=5 ns=288239878710362 fields=513,6,15,0,0,0,5,0,0,0,16,0,0,0,0,0
event=trace_row ordinal=5099 kind=0 ns=288239878648528 fields=1003,2,0,52,2,0,0,0,0,0,0,0,0,0,0,0
event=trace_row ordinal=5100 kind=1 ns=288239878648528 fields=1003,2,0,1008,1800,200,200,0,1,0,0,0,0,0,0,0
event=trace_row ordinal=5101 kind=1 ns=288239878648528 fields=1003,2,1,1008,1800,200,200,0,1,0,0,0,0,0,0,0
event=trace_row ordinal=5102 kind=3 ns=288239878720278 fields=1003,1004,1,2,288239878648528,0,1000,5,5,0,5,0,5,5,1,3
event=trace_row ordinal=5103 kind=4 ns=288239878797570 fields=641,5,3,0,0,0,0,0,0,0,16,0,0,0,0,0
event=trace_row ordinal=5104 kind=5 ns=288239888979381 fields=513,6,15,0,0,0,5,0,0,0,16,0,0,0,0,0
event=trace_row ordinal=5105 kind=0 ns=288239888925131 fields=1004,2,0,26,1,0,0,0,0,0,0,0,0,0,0,0
event=trace_row ordinal=5106 kind=1 ns=288239888925131 fields=1004,2,0,1008,1800,200,200,0,1,0,0,0,0,0,0,0
event=trace_row ordinal=5107 kind=3 ns=288239888988714 fields=1004,1005,1,2,288239888925131,0,1000,5,5,0,5,0,5,5,1,3
event=trace_row ordinal=5108 kind=5 ns=288239898984149 fields=513,6,15,0,0,0,5,0,0,0,16,0,0,0,0,0
event=trace_row ordinal=5109 kind=0 ns=288239898925233 fields=1005,2,0,52,2,0,0,0,0,0,0,0,0,0,0,0
event=trace_row ordinal=5110 kind=1 ns=288239898925233 fields=1005,2,0,1008,1800,200,200,0,1,0,0,0,0,0,0,0
event=trace_row ordinal=5111 kind=1 ns=288239898925233 fields=1005,2,1,1009,1800,200,200,0,1,0,0,0,0,0,0,0
event=trace_row ordinal=5112 kind=3 ns=288239898993775 fields=1005,1006,1,2,288239898925233,0,1000,5,5,0,5,0,5,5,1,3
event=trace_row ordinal=5113 kind=5 ns=288239908979293 fields=513,6,15,0,0,0,5,0,0,0,16,0,0,0,0,0
event=trace_row ordinal=5114 kind=0 ns=288239908925626 fields=1006,2,0,26,1,0,0,0,0,0,0,0,0,0,0,0
event=trace_row ordinal=5115 kind=1 ns=288239908925626 fields=1006,2,0,1009,1800,200,200,0,1,0,0,0,0,0,0,0
event=trace_row ordinal=5116 kind=3 ns=288239908988335 fields=1006,1007,1,2,288239908925626,0,1000,5,5,0,5,0,5,5,1,3
event=trace_row ordinal=5117 kind=5 ns=288239918985520 fields=513,6,15,0,0,0,5,0,0,0,16,0,0,0,0,0
event=trace_row ordinal=5118 kind=0 ns=288239918926312 fields=1007,2,0,52,2,0,0,0,0,0,0,0,0,0,0,0
event=trace_row ordinal=5119 kind=1 ns=288239918926312 fields=1007,2,0,1009,1800,200,200,0,1,0,0,0,0,0,0,0
event=trace_row ordinal=5120 kind=1 ns=288239918926312 fields=1007,2,1,1008,1800,200,200,0,1,0,0,0,0,0,0,0
event=trace_row ordinal=5121 kind=3 ns=288239918995437 fields=1007,1008,1,2,288239918926312,0,1000,5,5,0,5,0,5,5,1,3
event=trace_row ordinal=5122 kind=4 ns=288239928311287 fields=385,8,39,20,39,68,0,0,44,0,16,0,0,0,0,0
event=trace_row ordinal=5123 kind=5 ns=288239928649913 fields=513,6,15,0,0,0,5,0,0,0,16,0,0,0,0,0
event=trace_row ordinal=5124 kind=0 ns=288239928595080 fields=1008,2,0,26,1,0,0,0,0,0,0,0,0,0,0,0
event=trace_row ordinal=5125 kind=1 ns=288239928595080 fields=1008,2,0,1008,1800,200,200,0,1,0,0,0,0,0,0,0
event=trace_row ordinal=5126 kind=3 ns=288239928659246 fields=1008,1009,1,2,288239928595080,0,1000,5,5,0,5,0,5,5,1,3
event=trace_row ordinal=5127 kind=4 ns=288239928681705 fields=641,5,3,0,0,0,0,0,0,0,16,0,0,0,0,0
event=trace_row ordinal=5128 kind=5 ns=288239938978724 fields=513,6,15,0,0,0,5,0,0,0,16,0,0,0,0,0
event=trace_row ordinal=5129 kind=0 ns=288239938925349 fields=1009,2,0,26,1,0,0,0,0,0,0,0,0,0,0,0
event=trace_row ordinal=5130 kind=1 ns=288239938925349 fields=1009,2,0,1008,1800,200,200,0,1,0,0,0,0,0,0,0
event=trace_row ordinal=5131 kind=3 ns=288239938988057 fields=1009,1010,1,2,288239938925349,0,1000,5,5,0,5,0,5,5,1,3
event=trace_row ordinal=5132 kind=5 ns=288239948983784 fields=513,6,15,0,0,0,5,0,0,0,16,0,0,0,0,0
event=trace_row ordinal=5133 kind=0 ns=288239948924284 fields=1010,2,0,52,2,0,0,0,0,0,0,0,0,0,0,0
event=trace_row ordinal=5134 kind=1 ns=288239948924284 fields=1010,2,0,1008,1800,200,200,0,1,0,0,0,0,0,0,0
event=trace_row ordinal=5135 kind=1 ns=288239948924284 fields=1010,2,1,1008,1800,200,200,0,1,0,0,0,0,0,0,0
event=trace_row ordinal=5136 kind=3 ns=288239948993409 fields=1010,1011,1,2,288239948924284,0,1000,5,5,0,5,0,5,5,1,3
event=trace_row ordinal=5137 kind=5 ns=288239958758136 fields=513,6,15,0,0,0,5,0,0,0,16,0,0,0,0,0
event=trace_row ordinal=5138 kind=0 ns=288239958703011 fields=1011,2,0,26,1,0,0,0,0,0,0,0,0,0,0,0
event=trace_row ordinal=5139 kind=1 ns=288239958703011 fields=1011,2,0,1008,1800,200,200,0,1,0,0,0,0,0,0,0
event=trace_row ordinal=5140 kind=3 ns=288239958767469 fields=1011,1012,1,2,288239958703011,0,1000,5,5,0,5,0,5,5,1,3
event=trace_row ordinal=5141 kind=4 ns=288239958790511 fields=1793,1,5,0,0,0,0,0,0,0,16,0,0,0,0,0
event=trace_row ordinal=5142 kind=5 ns=288239968983696 fields=513,6,15,0,0,0,5,0,0,0,16,0,0,0,0,0
event=trace_row ordinal=5143 kind=0 ns=288239968924780 fields=1012,2,0,52,2,0,0,0,0,0,0,0,0,0,0,0
event=trace_row ordinal=5144 kind=1 ns=288239968924780 fields=1012,2,0,1008,1800,200,200,0,1,0,0,0,0,0,0,0
event=trace_row ordinal=5145 kind=1 ns=288239968924780 fields=1012,2,1,1008,1800,200,200,0,1,0,0,0,0,0,0,0
event=trace_row ordinal=5146 kind=3 ns=288239968993030 fields=1012,1013,1,2,288239968924780,0,1000,5,5,0,5,0,5,5,1,3
event=trace_row ordinal=5147 kind=4 ns=288239978256089 fields=385,8,39,20,39,68,0,0,48,0,16,0,0,0,0,0
event=trace_row ordinal=5148 kind=5 ns=288239978595589 fields=513,6,15,0,0,0,5,0,0,0,16,0,0,0,0,0
event=trace_row ordinal=5149 kind=0 ns=288239978540756 fields=1013,2,0,26,1,0,0,0,0,0,0,0,0,0,0,0
event=trace_row ordinal=5150 kind=1 ns=288239978540756 fields=1013,2,0,1008,1800,200,200,0,1,0,0,0,0,0,0,0
event=trace_row ordinal=5151 kind=3 ns=288239978604923 fields=1013,1014,1,2,288239978540756,0,1000,5,5,0,5,0,5,5,1,3
event=trace_row ordinal=5152 kind=4 ns=288239978626798 fields=641,5,3,0,0,0,0,0,0,0,16,0,0,0,0,0
event=trace_row ordinal=5153 kind=5 ns=288239989091817 fields=513,6,15,0,0,0,5,0,0,0,16,0,0,0,0,0
event=trace_row ordinal=5154 kind=0 ns=288239988959400 fields=1014,2,0,52,2,0,0,0,0,0,0,0,0,0,0,0
event=trace_row ordinal=5155 kind=1 ns=288239988959400 fields=1014,2,0,1008,1800,200,200,0,1,0,0,0,0,0,0,0
event=trace_row ordinal=5156 kind=1 ns=288239988959400 fields=1014,2,1,1008,1800,200,200,0,1,0,0,0,0,0,0,0
event=trace_row ordinal=5157 kind=3 ns=288239989111651 fields=1014,1015,1,2,288239988959400,0,1000,5,5,0,5,0,5,5,1,3
event=trace_row ordinal=5158 kind=5 ns=288239999004128 fields=513,6,15,0,0,0,5,0,0,0,16,0,0,0,0,0
event=trace_row ordinal=5159 kind=0 ns=288239998935877 fields=1015,2,0,26,1,0,0,0,0,0,0,0,0,0,0,0
event=trace_row ordinal=5160 kind=1 ns=288239998935877 fields=1015,2,0,1008,1800,200,200,0,1,0,0,0,0,0,0,0
event=trace_row ordinal=5161 kind=3 ns=288239999015794 fields=1015,1016,1,2,288239998935877,0,1000,5,5,0,5,0,5,5,1,3
event=trace_row ordinal=5162 kind=5 ns=288240008983813 fields=513,6,15,0,0,0,5,0,0,0,16,0,0,0,0,0
event=trace_row ordinal=5163 kind=0 ns=288240008928104 fields=1016,2,0,26,1,0,0,0,0,0,0,0,0,0,0,0
event=trace_row ordinal=5164 kind=1 ns=288240008928104 fields=1016,2,0,1008,1800,200,200,0,1,0,0,0,0,0,0,0
event=trace_row ordinal=5165 kind=3 ns=288240008993438 fields=1016,1017,1,2,288240008928104,0,1000,5,5,0,5,0,5,5,1,3
event=trace_row ordinal=5166 kind=5 ns=288240018985665 fields=513,6,15,0,0,0,5,0,0,0,16,0,0,0,0,0
event=trace_row ordinal=5167 kind=0 ns=288240018925581 fields=1017,2,0,52,2,0,0,0,0,0,0,0,0,0,0,0
event=trace_row ordinal=5168 kind=1 ns=288240018925581 fields=1017,2,0,1008,1800,200,200,0,1,0,0,0,0,0,0,0
event=trace_row ordinal=5169 kind=1 ns=288240018925581 fields=1017,2,1,1009,1800,200,200,0,1,0,0,0,0,0,0,0
event=trace_row ordinal=5170 kind=3 ns=288240018995290 fields=1017,1018,1,2,288240018925581,0,1000,5,5,0,5,0,5,5,1,3
event=trace_row ordinal=5171 kind=4 ns=288240028216641 fields=385,8,39,20,39,68,0,0,52,0,16,0,0,0,0,0
event=trace_row ordinal=5172 kind=4 ns=288240028466891 fields=641,5,3,0,0,0,0,0,0,0,16,0,0,0,0,0
event=trace_row ordinal=5173 kind=5 ns=288240028568975 fields=513,6,15,0,0,0,5,0,0,0,16,0,0,0,0,0
event=trace_row ordinal=5174 kind=0 ns=288240028515308 fields=1018,2,0,26,1,0,0,0,0,0,0,0,0,0,0,0
event=trace_row ordinal=5175 kind=1 ns=288240028515308 fields=1018,2,0,1009,1800,200,200,0,1,0,0,0,0,0,0,0
event=trace_row ordinal=5176 kind=3 ns=288240028578308 fields=1018,1019,1,2,288240028515308,0,1000,5,5,0,5,0,5,5,1,3
event=trace_row ordinal=5177 kind=5 ns=288240038984702 fields=513,6,15,0,0,0,5,0,0,0,16,0,0,0,0,0
event=trace_row ordinal=5178 kind=0 ns=288240038926077 fields=1019,2,0,52,2,0,0,0,0,0,0,0,0,0,0,0
event=trace_row ordinal=5179 kind=1 ns=288240038926077 fields=1019,2,0,1009,1800,200,200,0,1,0,0,0,0,0,0,0
event=trace_row ordinal=5180 kind=1 ns=288240038926077 fields=1019,2,1,1008,1800,200,200,0,1,0,0,0,0,0,0,0
event=trace_row ordinal=5181 kind=3 ns=288240038994327 fields=1019,1020,1,2,288240038926077,0,1000,5,5,0,5,0,5,5,1,3
event=trace_row ordinal=5182 kind=5 ns=288240048978388 fields=513,6,15,0,0,0,5,0,0,0,16,0,0,0,0,0
event=trace_row ordinal=5183 kind=0 ns=288240048925013 fields=1020,2,0,26,1,0,0,0,0,0,0,0,0,0,0,0
event=trace_row ordinal=5184 kind=1 ns=288240048925013 fields=1020,2,0,1008,1800,200,200,0,1,0,0,0,0,0,0,0
event=trace_row ordinal=5185 kind=3 ns=288240048987429 fields=1020,1021,1,2,288240048925013,0,1000,5,5,0,5,0,5,5,1,3
event=trace_row ordinal=5186 kind=5 ns=288240058981990 fields=513,6,15,0,0,0,5,0,0,0,16,0,0,0,0,0
event=trace_row ordinal=5187 kind=0 ns=288240058923948 fields=1021,2,0,51,2,0,0,0,0,0,0,0,0,0,0,0
event=trace_row ordinal=5188 kind=1 ns=288240058923948 fields=1021,2,0,1008,1800,200,200,0,1,0,0,0,0,0,0,0
event=trace_row ordinal=5189 kind=1 ns=288240058923948 fields=1021,2,1,1009,1800,200,200,0,1,0,0,0,0,0,0,0
event=trace_row ordinal=5190 kind=3 ns=288240058991615 fields=1021,1022,1,2,288240058923948,0,1000,5,5,0,5,0,5,5,1,3
event=trace_row ordinal=5191 kind=5 ns=288240068978300 fields=513,6,15,0,0,0,5,0,0,0,16,0,0,0,0,0
event=trace_row ordinal=5192 kind=0 ns=288240068924342 fields=1022,2,0,25,1,0,0,0,0,0,0,0,0,0,0,0
event=trace_row ordinal=5193 kind=1 ns=288240068924342 fields=1022,2,0,1009,1800,200,200,0,1,0,0,0,0,0,0,0
event=trace_row ordinal=5194 kind=3 ns=288240068987633 fields=1022,1023,1,2,288240068924342,0,1000,5,5,0,5,0,5,5,1,3
event=trace_row ordinal=5195 kind=4 ns=288240078152401 fields=385,8,39,20,39,68,0,0,48,0,16,0,0,0,0,0
event=trace_row ordinal=5196 kind=4 ns=288240078412568 fields=641,5,3,0,0,0,0,0,0,0,16,0,0,0,0,0
event=trace_row ordinal=5197 kind=5 ns=288240078982194 fields=513,6,15,0,0,0,5,0,0,0,16,0,0,0,0,0
event=trace_row ordinal=5198 kind=0 ns=288240078926777 fields=1023,2,0,25,1,0,0,0,0,0,0,0,0,0,0,0
event=trace_row ordinal=5199 kind=1 ns=288240078926777 fields=1023,2,0,1009,1800,200,200,0,1,0,0,0,0,0,0,0
event=trace_row ordinal=5200 kind=3 ns=288240078991527 fields=1023,1024,1,2,288240078926777,0,1000,5,5,0,5,0,5,5,1,3
event=trace_row ordinal=5201 kind=5 ns=288240088986379 fields=513,6,15,0,0,0,5,0,0,0,16,0,0,0,0,0
event=trace_row ordinal=5202 kind=0 ns=288240088925712 fields=1024,2,0,50,2,0,0,0,0,0,0,0,0,0,0,0
event=trace_row ordinal=5203 kind=1 ns=288240088925712 fields=1024,2,0,1008,1800,200,200,0,1,0,0,0,0,0,0,0
event=trace_row ordinal=5204 kind=1 ns=288240088925712 fields=1024,2,1,1008,1800,200,200,0,1,0,0,0,0,0,0,0
event=trace_row ordinal=5205 kind=3 ns=288240088996004 fields=1024,1025,1,2,288240088925712,0,1000,5,5,0,5,0,5,5,1,3
event=trace_row ordinal=5206 kind=5 ns=288240098979773 fields=513,6,15,0,0,0,5,0,0,0,16,0,0,0,0,0
event=trace_row ordinal=5207 kind=0 ns=288240098924356 fields=1025,2,0,25,1,0,0,0,0,0,0,0,0,0,0,0
event=trace_row ordinal=5208 kind=1 ns=288240098924356 fields=1025,2,0,1008,1800,200,200,0,1,0,0,0,0,0,0,0
event=trace_row ordinal=5209 kind=3 ns=288240098989106 fields=1025,1026,1,2,288240098924356,0,1000,5,5,0,5,0,5,5,1,3
event=trace_row ordinal=5210 kind=5 ns=288240108983375 fields=513,6,15,0,0,0,5,0,0,0,16,0,0,0,0,0
event=trace_row ordinal=5211 kind=0 ns=288240108924750 fields=1026,2,0,50,2,0,0,0,0,0,0,0,0,0,0,0
event=trace_row ordinal=5212 kind=1 ns=288240108924750 fields=1026,2,0,1008,1800,200,200,0,1,0,0,0,0,0,0,0
event=trace_row ordinal=5213 kind=1 ns=288240108924750 fields=1026,2,1,1008,1800,200,200,0,1,0,0,0,0,0,0,0
event=trace_row ordinal=5214 kind=3 ns=288240108992708 fields=1026,1027,1,2,288240108924750,0,1000,5,5,0,5,0,5,5,1,3
event=trace_row ordinal=5215 kind=5 ns=288240118979102 fields=513,6,15,0,0,0,5,0,0,0,16,0,0,0,0,0
event=trace_row ordinal=5216 kind=0 ns=288240118925435 fields=1027,2,0,25,1,0,0,0,0,0,0,0,0,0,0,0
event=trace_row ordinal=5217 kind=1 ns=288240118925435 fields=1027,2,0,1008,1800,200,200,0,1,0,0,0,0,0,0,0
event=trace_row ordinal=5218 kind=3 ns=288240118988144 fields=1027,1028,1,2,288240118925435,0,1000,5,5,0,5,0,5,5,1,3
event=trace_row ordinal=5219 kind=4 ns=288240128099536 fields=385,8,39,20,39,68,0,0,51,0,16,0,0,0,0,0
event=trace_row ordinal=5220 kind=4 ns=288240128361453 fields=641,5,3,0,0,0,0,0,0,0,16,0,0,0,0,0
event=trace_row ordinal=5221 kind=5 ns=288240128985329 fields=513,6,15,0,0,0,5,0,0,0,16,0,0,0,0,0
event=trace_row ordinal=5222 kind=0 ns=288240128926120 fields=1028,2,0,50,2,0,0,0,0,0,0,0,0,0,0,0
event=trace_row ordinal=5223 kind=1 ns=288240128926120 fields=1028,2,0,1008,1800,200,200,0,1,0,0,0,0,0,0,0
event=trace_row ordinal=5224 kind=1 ns=288240128926120 fields=1028,2,1,1008,1800,200,200,0,1,0,0,0,0,0,0,0
event=trace_row ordinal=5225 kind=3 ns=288240128994662 fields=1028,1029,1,2,288240128926120,0,1000,5,5,0,5,0,5,5,1,3
event=trace_row ordinal=5226 kind=5 ns=288240138979889 fields=513,6,15,0,0,0,5,0,0,0,16,0,0,0,0,0
event=trace_row ordinal=5227 kind=0 ns=288240138925931 fields=1029,2,0,25,1,0,0,0,0,0,0,0,0,0,0,0
event=trace_row ordinal=5228 kind=1 ns=288240138925931 fields=1029,2,0,1008,1800,200,200,0,1,0,0,0,0,0,0,0
event=trace_row ordinal=5229 kind=3 ns=288240138988931 fields=1029,1030,1,2,288240138925931,0,1000,5,5,0,5,0,5,5,1,3
event=trace_row ordinal=5230 kind=5 ns=288240148993116 fields=513,6,15,0,0,0,5,0,0,0,16,0,0,0,0,0
event=trace_row ordinal=5231 kind=0 ns=288240148930408 fields=1030,2,0,25,1,0,0,0,0,0,0,0,0,0,0,0
event=trace_row ordinal=5232 kind=1 ns=288240148930408 fields=1030,2,0,1009,1800,200,200,0,1,0,0,0,0,0,0,0
event=trace_row ordinal=5233 kind=3 ns=288240149004491 fields=1030,1031,1,2,288240148930408,0,1000,5,5,0,5,0,5,5,1,3
event=trace_row ordinal=5234 kind=5 ns=288240158992343 fields=513,6,15,0,0,0,5,0,0,0,16,0,0,0,0,0
event=trace_row ordinal=5235 kind=0 ns=288240158928760 fields=1031,2,0,50,2,0,0,0,0,0,0,0,0,0,0,0
event=trace_row ordinal=5236 kind=1 ns=288240158928760 fields=1031,2,0,1009,1800,200,200,0,1,0,0,0,0,0,0,0
event=trace_row ordinal=5237 kind=1 ns=288240158928760 fields=1031,2,1,1008,1800,200,200,0,1,0,0,0,0,0,0,0
event=trace_row ordinal=5238 kind=3 ns=288240159003135 fields=1031,1032,1,2,288240158928760,0,1000,5,5,0,5,0,5,5,1,3
event=trace_row ordinal=5239 kind=5 ns=288240169055737 fields=513,6,15,0,0,0,5,0,0,0,16,0,0,0,0,0
event=trace_row ordinal=5240 kind=0 ns=288240168951904 fields=1032,2,0,25,1,0,0,0,0,0,0,0,0,0,0,0
event=trace_row ordinal=5241 kind=1 ns=288240168951904 fields=1032,2,0,1008,1800,200,200,0,1,0,0,0,0,0,0,0
event=trace_row ordinal=5242 kind=3 ns=288240169074112 fields=1032,1033,1,2,288240168951904,0,1000,5,5,0,5,0,5,5,1,3
event=trace_row ordinal=5243 kind=4 ns=288240178077879 fields=385,8,39,20,39,68,0,0,46,0,16,0,0,0,0,0
event=trace_row ordinal=5244 kind=4 ns=288240178308588 fields=641,5,3,0,0,0,0,0,0,0,16,0,0,0,0,0
event=trace_row ordinal=5245 kind=5 ns=288240179044756 fields=513,6,15,0,0,0,5,0,0,0,16,0,0,0,0,0
event=trace_row ordinal=5246 kind=0 ns=288240178948506 fields=1033,2,0,50,2,0,0,0,0,0,0,0,0,0,0,0
event=trace_row ordinal=5247 kind=1 ns=288240178948506 fields=1033,2,0,1008,1800,200,200,0,1,0,0,0,0,0,0,0
event=trace_row ordinal=5248 kind=1 ns=288240178948506 fields=1033,2,1,1009,1800,200,200,0,1,0,0,0,0,0,0,0
event=trace_row ordinal=5249 kind=3 ns=288240179061672 fields=1033,1034,1,2,288240178948506,0,1000,5,5,0,5,0,5,5,1,3
event=trace_row ordinal=5250 kind=5 ns=288240189019483 fields=513,6,15,0,0,0,5,0,0,0,16,0,0,0,0,0
event=trace_row ordinal=5251 kind=0 ns=288240188941899 fields=1034,2,0,25,1,0,0,0,0,0,0,0,0,0,0,0
event=trace_row ordinal=5252 kind=1 ns=288240188941899 fields=1034,2,0,1009,1800,200,200,0,1,0,0,0,0,0,0,0
event=trace_row ordinal=5253 kind=3 ns=288240189034649 fields=1034,1035,1,2,288240188941899,0,1000,5,5,0,5,0,5,5,1,3
event=trace_row ordinal=5254 kind=5 ns=288240199117293 fields=513,6,15,0,0,0,5,0,0,0,16,0,0,0,0,0
event=trace_row ordinal=5255 kind=0 ns=288240198974960 fields=1035,2,0,50,2,0,0,0,0,0,0,0,0,0,0,0
event=trace_row ordinal=5256 kind=1 ns=288240198974960 fields=1035,2,0,1009,1800,200,200,0,1,0,0,0,0,0,0,0
event=trace_row ordinal=5257 kind=1 ns=288240198974960 fields=1035,2,1,1008,1800,200,200,0,1,0,0,0,0,0,0,0
event=trace_row ordinal=5258 kind=3 ns=288240199140627 fields=1035,1036,1,2,288240198974960,0,1000,5,5,0,5,0,5,5,1,3
event=trace_row ordinal=5259 kind=4 ns=288240208257852 fields=1793,1,5,0,0,0,0,0,0,0,16,0,0,0,0,0
event=trace_row ordinal=5260 kind=5 ns=288240209064604 fields=513,6,15,0,0,0,5,0,0,0,16,0,0,0,0,0
event=trace_row ordinal=5261 kind=0 ns=288240208961937 fields=1036,2,0,25,1,0,0,0,0,0,0,0,0,0,0,0
event=trace_row ordinal=5262 kind=1 ns=288240208961937 fields=1036,2,0,1008,1800,200,200,0,1,0,0,0,0,0,0,0
event=trace_row ordinal=5263 kind=3 ns=288240209083270 fields=1036,1037,1,2,288240208961937,0,1000,5,5,0,5,0,5,5,1,3
event=trace_row ordinal=5264 kind=5 ns=288240219086581 fields=513,6,15,0,0,0,5,0,0,0,16,0,0,0,0,0
event=trace_row ordinal=5265 kind=0 ns=288240218971664 fields=1037,2,0,25,1,0,0,0,0,0,0,0,0,0,0,0
event=trace_row ordinal=5266 kind=1 ns=288240218971664 fields=1037,2,0,1008,1800,200,200,0,1,0,0,0,0,0,0,0
event=trace_row ordinal=5267 kind=3 ns=288240219106414 fields=1037,1038,1,2,288240218971664,0,1000,5,5,0,5,0,5,5,1,3
event=trace_row ordinal=5268 kind=4 ns=288240227966389 fields=385,8,39,20,39,68,0,0,51,0,16,0,0,0,0,0
event=trace_row ordinal=5269 kind=4 ns=288240228255723 fields=641,5,3,0,0,0,0,0,0,0,16,0,0,0,0,0
event=trace_row ordinal=5270 kind=5 ns=288240229042933 fields=513,6,15,0,0,0,5,0,0,0,16,0,0,0,0,0
event=trace_row ordinal=5271 kind=0 ns=288240228951349 fields=1038,2,0,50,2,0,0,0,0,0,0,0,0,0,0,0
event=trace_row ordinal=5272 kind=1 ns=288240228951349 fields=1038,2,0,1008,1800,200,200,0,1,0,0,0,0,0,0,0
event=trace_row ordinal=5273 kind=1 ns=288240228951349 fields=1038,2,1,1008,1800,200,200,0,1,0,0,0,0,0,0,0
event=trace_row ordinal=5274 kind=3 ns=288240229058974 fields=1038,1039,1,2,288240228951349,0,1000,5,5,0,5,0,5,5,1,3
event=trace_row ordinal=5275 kind=5 ns=288240239012993 fields=513,6,15,0,0,0,5,0,0,0,16,0,0,0,0,0
event=trace_row ordinal=5276 kind=0 ns=288240238936868 fields=1039,2,0,25,1,0,0,0,0,0,0,0,0,0,0,0
event=trace_row ordinal=5277 kind=1 ns=288240238936868 fields=1039,2,0,1008,1800,200,200,0,1,0,0,0,0,0,0,0
event=trace_row ordinal=5278 kind=3 ns=288240239024368 fields=1039,1040,1,2,288240238936868,0,1000,5,5,0,5,0,5,5,1,3
event=trace_row ordinal=5279 kind=5 ns=288240248950970 fields=513,6,15,0,0,0,5,0,0,0,16,0,0,0,0,0
event=trace_row ordinal=5280 kind=0 ns=288240248911595 fields=1040,2,0,50,2,0,0,0,0,0,0,0,0,0,0,0
event=trace_row ordinal=5281 kind=1 ns=288240248911595 fields=1040,2,0,1008,1800,200,200,0,1,0,0,0,0,0,0,0
event=trace_row ordinal=5282 kind=1 ns=288240248911595 fields=1040,2,1,1008,1800,200,200,0,1,0,0,0,0,0,0,0
event=trace_row ordinal=5283 kind=3 ns=288240248957095 fields=1040,1041,1,2,288240248911595,0,1000,5,5,0,5,0,5,5,1,3
event=trace_row ordinal=5284 kind=5 ns=288240258949905 fields=513,6,15,0,0,0,5,0,0,0,16,0,0,0,0,0
event=trace_row ordinal=5285 kind=0 ns=288240258910238 fields=1041,2,0,25,1,0,0,0,0,0,0,0,0,0,0,0
event=trace_row ordinal=5286 kind=1 ns=288240258910238 fields=1041,2,0,1008,1800,200,200,0,1,0,0,0,0,0,0,0
event=trace_row ordinal=5287 kind=3 ns=288240258956905 fields=1041,1042,1,2,288240258910238,0,1000,5,5,0,5,0,5,5,1,3
event=trace_row ordinal=5288 kind=5 ns=288240268933674 fields=513,6,15,0,0,0,5,0,0,0,16,0,0,0,0,0
event=trace_row ordinal=5289 kind=0 ns=288240268904215 fields=1042,2,0,50,2,0,0,0,0,0,0,0,0,0,0,0
event=trace_row ordinal=5290 kind=1 ns=288240268904215 fields=1042,2,0,1008,1800,200,200,0,1,0,0,0,0,0,0,0
event=trace_row ordinal=5291 kind=1 ns=288240268904215 fields=1042,2,1,1008,1800,200,200,0,1,0,0,0,0,0,0,0
event=trace_row ordinal=5292 kind=3 ns=288240268938632 fields=1042,1043,1,2,288240268904215,0,1000,5,5,0,5,0,5,5,1,3
event=trace_row ordinal=5293 kind=4 ns=288240277959024 fields=385,8,39,20,39,68,0,0,53,0,16,0,0,0,0,0
event=trace_row ordinal=5294 kind=4 ns=288240278185649 fields=641,5,3,0,0,0,0,0,0,0,16,0,0,0,0,0
event=trace_row ordinal=5295 kind=5 ns=288240278938734 fields=513,6,15,0,0,0,5,0,0,0,16,0,0,0,0,0
event=trace_row ordinal=5296 kind=0 ns=288240278908692 fields=1043,2,0,25,1,0,0,0,0,0,0,0,0,0,0,0
event=trace_row ordinal=5297 kind=1 ns=288240278908692 fields=1043,2,0,1008,1800,200,200,0,1,0,0,0,0,0,0,0
event=trace_row ordinal=5298 kind=3 ns=288240278943692 fields=1043,1044,1,2,288240278908692,0,1000,5,5,0,5,0,5,5,1,3
event=trace_row ordinal=5299 kind=5 ns=288240288936211 fields=513,6,15,0,0,0,5,0,0,0,16,0,0,0,0,0
event=trace_row ordinal=5300 kind=0 ns=288240288907044 fields=1044,2,0,25,1,0,0,0,0,0,0,0,0,0,0,0
event=trace_row ordinal=5301 kind=1 ns=288240288907044 fields=1044,2,0,1008,1800,200,200,0,1,0,0,0,0,0,0,0
event=trace_row ordinal=5302 kind=3 ns=288240288941170 fields=1044,1045,1,2,288240288907044,0,1000,5,5,0,5,0,5,5,1,3
event=trace_row ordinal=5303 kind=5 ns=288240298927563 fields=513,6,15,0,0,0,5,0,0,0,16,0,0,0,0,0
event=trace_row ordinal=5304 kind=0 ns=288240298899855 fields=1045,2,0,50,2,0,0,0,0,0,0,0,0,0,0,0
event=trace_row ordinal=5305 kind=1 ns=288240298899855 fields=1045,2,0,1008,1800,200,200,0,1,0,0,0,0,0,0,0
event=trace_row ordinal=5306 kind=1 ns=288240298899855 fields=1045,2,1,1009,1800,200,200,0,1,0,0,0,0,0,0,0
event=trace_row ordinal=5307 kind=3 ns=288240298932230 fields=1045,1046,1,2,288240298899855,0,1000,5,5,0,5,0,5,5,1,3
event=trace_row ordinal=5308 kind=5 ns=288240308927374 fields=513,6,15,0,0,0,5,0,0,0,16,0,0,0,0,0
event=trace_row ordinal=5309 kind=0 ns=288240308900832 fields=1046,2,0,25,1,0,0,0,0,0,0,0,0,0,0,0
event=trace_row ordinal=5310 kind=1 ns=288240308900832 fields=1046,2,0,1009,1800,200,200,0,1,0,0,0,0,0,0,0
event=trace_row ordinal=5311 kind=3 ns=288240308932040 fields=1046,1047,1,2,288240308900832,0,1000,5,5,0,5,0,5,5,1,3
event=trace_row ordinal=5312 kind=5 ns=288240318971809 fields=513,6,15,0,0,0,5,0,0,0,16,0,0,0,0,0
event=trace_row ordinal=5313 kind=0 ns=288240318920476 fields=1047,2,0,50,2,0,0,0,0,0,0,0,0,0,0,0
event=trace_row ordinal=5314 kind=1 ns=288240318920476 fields=1047,2,0,1009,1800,200,200,0,1,0,0,0,0,0,0,0
event=trace_row ordinal=5315 kind=1 ns=288240318920476 fields=1047,2,1,1008,1800,200,200,0,1,0,0,0,0,0,0,0
event=trace_row ordinal=5316 kind=3 ns=288240318980559 fields=1047,1048,1,2,288240318920476,0,1000,5,5,0,5,0,5,5,1,3
event=trace_row ordinal=5317 kind=4 ns=288240327898284 fields=385,8,39,20,39,68,0,0,43,0,16,0,0,0,0,0
event=trace_row ordinal=5318 kind=4 ns=288240328134826 fields=641,5,3,0,0,0,0,0,0,0,16,0,0,0,0,0
event=trace_row ordinal=5319 kind=5 ns=288240328932536 fields=513,6,15,0,0,0,5,0,0,0,16,0,0,0,0,0
event=trace_row ordinal=5320 kind=0 ns=288240328905119 fields=1048,2,0,25,1,0,0,0,0,0,0,0,0,0,0,0
event=trace_row ordinal=5321 kind=1 ns=288240328905119 fields=1048,2,0,1008,1800,200,200,0,1,0,0,0,0,0,0,0
event=trace_row ordinal=5322 kind=3 ns=288240328936911 fields=1048,1049,1,2,288240328905119,0,1000,5,5,0,5,0,5,5,1,3
event=trace_row ordinal=5323 kind=5 ns=288240338928846 fields=513,6,15,0,0,0,5,0,0,0,16,0,0,0,0,0
event=trace_row ordinal=5324 kind=0 ns=288240338901138 fields=1049,2,0,50,2,0,0,0,0,0,0,0,0,0,0,0
event=trace_row ordinal=5325 kind=1 ns=288240338901138 fields=1049,2,0,1008,1800,200,200,0,1,0,0,0,0,0,0,0
event=trace_row ordinal=5326 kind=1 ns=288240338901138 fields=1049,2,1,1008,1800,200,200,0,1,0,0,0,0,0,0,0
event=trace_row ordinal=5327 kind=3 ns=288240338932930 fields=1049,1050,1,2,288240338901138,0,1000,5,5,0,5,0,5,5,1,3
event=trace_row ordinal=5328 kind=5 ns=288240348927198 fields=513,6,15,0,0,0,5,0,0,0,16,0,0,0,0,0
event=trace_row ordinal=5329 kind=0 ns=288240348899782 fields=1050,2,0,25,1,0,0,0,0,0,0,0,0,0,0,0
event=trace_row ordinal=5330 kind=1 ns=288240348899782 fields=1050,2,0,1008,1800,200,200,0,1,0,0,0,0,0,0,0
event=trace_row ordinal=5331 kind=3 ns=288240348931865 fields=1050,1051,1,2,288240348899782,0,1000,5,5,0,5,0,5,5,1,3
event=trace_row ordinal=5332 kind=5 ns=288240358922925 fields=513,6,15,0,0,0,5,0,0,0,16,0,0,0,0,0
event=trace_row ordinal=5333 kind=0 ns=288240358898134 fields=1051,2,0,25,1,0,0,0,0,0,0,0,0,0,0,0
event=trace_row ordinal=5334 kind=1 ns=288240358898134 fields=1051,2,0,1008,1800,200,200,0,1,0,0,0,0,0,0,0
event=trace_row ordinal=5335 kind=3 ns=288240358927592 fields=1051,1052,1,2,288240358898134,0,1000,5,5,0,5,0,5,5,1,3
event=trace_row ordinal=5336 kind=5 ns=288240368925069 fields=513,6,15,0,0,0,5,0,0,0,16,0,0,0,0,0
event=trace_row ordinal=5337 kind=0 ns=288240368898527 fields=1052,2,0,50,2,0,0,0,0,0,0,0,0,0,0,0
event=trace_row ordinal=5338 kind=1 ns=288240368898527 fields=1052,2,0,1008,1800,200,200,0,1,0,0,0,0,0,0,0
event=trace_row ordinal=5339 kind=1 ns=288240368898527 fields=1052,2,1,1008,1800,200,200,0,1,0,0,0,0,0,0,0
event=trace_row ordinal=5340 kind=3 ns=288240368928861 fields=1052,1053,1,2,288240368898527,0,1000,5,5,0,5,0,5,5,1,3
event=trace_row ordinal=5341 kind=4 ns=288240377833169 fields=385,8,39,20,39,68,0,0,48,0,16,0,0,0,0,0
event=trace_row ordinal=5342 kind=4 ns=288240378080503 fields=641,5,3,0,0,0,0,0,0,0,16,0,0,0,0,0
event=trace_row ordinal=5343 kind=5 ns=288240378921671 fields=513,6,15,0,0,0,5,0,0,0,16,0,0,0,0,0
event=trace_row ordinal=5344 kind=0 ns=288240378898046 fields=1053,2,0,25,1,0,0,0,0,0,0,0,0,0,0,0
event=trace_row ordinal=5345 kind=1 ns=288240378898046 fields=1053,2,0,1008,1800,200,200,0,1,0,0,0,0,0,0,0
event=trace_row ordinal=5346 kind=3 ns=288240378925171 fields=1053,1054,1,2,288240378898046,0,1000,5,5,0,5,0,5,5,1,3
event=trace_row ordinal=5347 kind=5 ns=288240388915065 fields=513,6,15,0,0,0,5,0,0,0,16,0,0,0,0,0
event=trace_row ordinal=5348 kind=0 ns=288240388894065 fields=1054,2,0,50,2,0,0,0,0,0,0,0,0,0,0,0
event=trace_row ordinal=5349 kind=1 ns=288240388894065 fields=1054,2,0,1009,1800,200,200,0,1,0,0,0,0,0,0,0
event=trace_row ordinal=5350 kind=1 ns=288240388894065 fields=1054,2,1,1009,1800,200,200,0,1,0,0,0,0,0,0,0
event=trace_row ordinal=5351 kind=3 ns=288240388918565 fields=1054,1055,1,2,288240388894065,0,1000,5,5,0,5,0,5,5,1,3
event=trace_row ordinal=5352 kind=5 ns=288240398912833 fields=513,6,15,0,0,0,5,0,0,0,16,0,0,0,0,0
event=trace_row ordinal=5353 kind=0 ns=288240398893875 fields=1055,2,0,25,1,0,0,0,0,0,0,0,0,0,0,0
event=trace_row ordinal=5354 kind=1 ns=288240398893875 fields=1055,2,0,1009,1800,200,200,0,1,0,0,0,0,0,0,0
event=trace_row ordinal=5355 kind=3 ns=288240398916042 fields=1055,1056,1,2,288240398893875,0,1000,5,5,0,5,0,5,5,1,3
event=trace_row ordinal=5356 kind=5 ns=288240408914102 fields=513,6,15,0,0,0,5,0,0,0,16,0,0,0,0,0
event=trace_row ordinal=5357 kind=0 ns=288240408893394 fields=1056,2,0,50,2,0,0,0,0,0,0,0,0,0,0,0
event=trace_row ordinal=5358 kind=1 ns=288240408893394 fields=1056,2,0,1009,1800,200,200,0,1,0,0,0,0,0,0,0
event=trace_row ordinal=5359 kind=1 ns=288240408893394 fields=1056,2,1,1009,1800,200,200,0,1,0,0,0,0,0,0,0
event=trace_row ordinal=5360 kind=3 ns=288240408917310 fields=1056,1057,1,2,288240408893394,0,1000,5,5,0,5,0,5,5,1,3
event=trace_row ordinal=5361 kind=5 ns=288240418912454 fields=513,6,15,0,0,0,5,0,0,0,16,0,0,0,0,0
event=trace_row ordinal=5362 kind=0 ns=288240418893496 fields=1057,2,0,25,1,0,0,0,0,0,0,0,0,0,0,0
event=trace_row ordinal=5363 kind=1 ns=288240418893496 fields=1057,2,0,1009,1800,200,200,0,1,0,0,0,0,0,0,0
event=trace_row ordinal=5364 kind=3 ns=288240418915954 fields=1057,1058,1,2,288240418893496,0,1000,5,5,0,5,0,5,5,1,3
event=trace_row ordinal=5365 kind=4 ns=288240427765137 fields=385,8,39,20,39,68,0,0,53,0,16,0,0,0,0,0
event=trace_row ordinal=5366 kind=4 ns=288240428025596 fields=641,5,3,0,0,0,0,0,0,0,16,0,0,0,0,0
event=trace_row ordinal=5367 kind=5 ns=288240428916056 fields=513,6,15,0,0,0,5,0,0,0,16,0,0,0,0,0
event=trace_row ordinal=5368 kind=0 ns=288240428895056 fields=1058,2,0,25,1,0,0,0,0,0,0,0,0,0,0,0
event=trace_row ordinal=5369 kind=1 ns=288240428895056 fields=1058,2,0,1009,1800,200,200,0,1,0,0,0,0,0,0,0
event=trace_row ordinal=5370 kind=3 ns=288240428919848 fields=1058,1059,1,2,288240428895056,0,1000,5,5,0,5,0,5,5,1,3
event=trace_row ordinal=5371 kind=5 ns=288240438914700 fields=513,6,15,0,0,0,5,0,0,0,16,0,0,0,0,0
event=trace_row ordinal=5372 kind=0 ns=288240438893991 fields=1059,2,0,50,2,0,0,0,0,0,0,0,0,0,0,0
event=trace_row ordinal=5373 kind=1 ns=288240438893991 fields=1059,2,0,1009,1800,200,200,0,1,0,0,0,0,0,0,0
event=trace_row ordinal=5374 kind=1 ns=288240438893991 fields=1059,2,1,1008,1800,200,200,0,1,0,0,0,0,0,0,0
event=trace_row ordinal=5375 kind=3 ns=288240438918200 fields=1059,1060,1,2,288240438893991,0,1000,5,5,0,5,0,5,5,1,3
event=trace_row ordinal=5376 kind=5 ns=288240448913927 fields=513,6,15,0,0,0,5,0,0,0,16,0,0,0,0,0
event=trace_row ordinal=5377 kind=0 ns=288240448894093 fields=1060,2,0,25,1,0,0,0,0,0,0,0,0,0,0,0
event=trace_row ordinal=5378 kind=1 ns=288240448894093 fields=1060,2,0,1008,1800,200,200,0,1,0,0,0,0,0,0,0
event=trace_row ordinal=5379 kind=3 ns=288240448917719 fields=1060,1061,1,2,288240448894093,0,1000,5,5,0,5,0,5,5,1,3
event=trace_row ordinal=5380 kind=4 ns=288240457700985 fields=1793,1,5,0,0,0,0,0,0,0,16,0,0,0,0,0
event=trace_row ordinal=5381 kind=5 ns=288240458914904 fields=513,6,15,0,0,0,5,0,0,0,16,0,0,0,0,0
event=trace_row ordinal=5382 kind=0 ns=288240458894196 fields=1061,2,0,50,2,0,0,0,0,0,0,0,0,0,0,0
event=trace_row ordinal=5383 kind=1 ns=288240458894196 fields=1061,2,0,1008,1800,200,200,0,1,0,0,0,0,0,0,0
event=trace_row ordinal=5384 kind=1 ns=288240458894196 fields=1061,2,1,1009,1800,200,200,0,1,0,0,0,0,0,0,0
event=trace_row ordinal=5385 kind=3 ns=288240458918404 fields=1061,1062,1,2,288240458894196,0,1000,5,5,0,5,0,5,5,1,3
event=trace_row ordinal=5386 kind=5 ns=288240468912089 fields=513,6,15,0,0,0,5,0,0,0,16,0,0,0,0,0
event=trace_row ordinal=5387 kind=0 ns=288240468893131 fields=1062,2,0,25,1,0,0,0,0,0,0,0,0,0,0,0
event=trace_row ordinal=5388 kind=1 ns=288240468893131 fields=1062,2,0,1009,1800,200,200,0,1,0,0,0,0,0,0,0
event=trace_row ordinal=5389 kind=3 ns=288240468915298 fields=1062,1063,1,2,288240468893131,0,1000,5,5,0,5,0,5,5,1,3
event=trace_row ordinal=5390 kind=4 ns=288240477707897 fields=385,8,39,20,39,68,0,0,47,0,16,0,0,0,0,0
event=trace_row ordinal=5391 kind=4 ns=288240477974481 fields=641,5,3,0,0,0,0,0,0,0,16,0,0,0,0,0
event=trace_row ordinal=5392 kind=5 ns=288240478915400 fields=513,6,15,0,0,0,5,0,0,0,16,0,0,0,0,0
event=trace_row ordinal=5393 kind=0 ns=288240478894400 fields=1063,2,0,50,2,0,0,0,0,0,0,0,0,0,0,0
event=trace_row ordinal=5394 kind=1 ns=288240478894400 fields=1063,2,0,1009,1800,200,200,0,1,0,0,0,0,0,0,0
event=trace_row ordinal=5395 kind=1 ns=288240478894400 fields=1063,2,1,1008,1800,200,200,0,1,0,0,0,0,0,0,0
event=trace_row ordinal=5396 kind=3 ns=288240478918608 fields=1063,1064,1,2,288240478894400,0,1000,5,5,0,5,0,5,5,1,3
event=trace_row ordinal=5397 kind=5 ns=288240488912293 fields=513,6,15,0,0,0,5,0,0,0,16,0,0,0,0,0
event=trace_row ordinal=5398 kind=0 ns=288240488893335 fields=1064,2,0,25,1,0,0,0,0,0,0,0,0,0,0,0
event=trace_row ordinal=5399 kind=1 ns=288240488893335 fields=1064,2,0,1008,1800,200,200,0,1,0,0,0,0,0,0,0
event=trace_row ordinal=5400 kind=3 ns=288240488915502 fields=1064,1065,1,2,288240488893335,0,1000,5,5,0,5,0,5,5,1,3
event=trace_row ordinal=5401 kind=5 ns=288240498912395 fields=513,6,15,0,0,0,5,0,0,0,16,0,0,0,0,0
event=trace_row ordinal=5402 kind=0 ns=288240498893145 fields=1065,2,0,25,1,0,0,0,0,0,0,0,0,0,0,0
event=trace_row ordinal=5403 kind=1 ns=288240498893145 fields=1065,2,0,1008,1800,200,200,0,1,0,0,0,0,0,0,0
event=trace_row ordinal=5404 kind=3 ns=288240498915604 fields=1065,1066,1,2,288240498893145,0,1000,5,5,0,5,0,5,5,1,3
event=trace_row ordinal=5405 kind=5 ns=288240508914247 fields=513,6,15,0,0,0,5,0,0,0,16,0,0,0,0,0
event=trace_row ordinal=5406 kind=0 ns=288240508893539 fields=1066,2,0,50,2,0,0,0,0,0,0,0,0,0,0,0
event=trace_row ordinal=5407 kind=1 ns=288240508893539 fields=1066,2,0,1009,1800,200,200,0,1,0,0,0,0,0,0,0
event=trace_row ordinal=5408 kind=1 ns=288240508893539 fields=1066,2,1,1009,1800,200,200,0,1,0,0,0,0,0,0,0
event=trace_row ordinal=5409 kind=3 ns=288240508917747 fields=1066,1067,1,2,288240508893539,0,1000,5,5,0,5,0,5,5,1,3
event=trace_row ordinal=5410 kind=5 ns=288240518912308 fields=513,6,15,0,0,0,5,0,0,0,16,0,0,0,0,0
event=trace_row ordinal=5411 kind=0 ns=288240518893641 fields=1067,2,0,25,1,0,0,0,0,0,0,0,0,0,0,0
event=trace_row ordinal=5412 kind=1 ns=288240518893641 fields=1067,2,0,1009,1800,200,200,0,1,0,0,0,0,0,0,0
event=trace_row ordinal=5413 kind=3 ns=288240518915808 fields=1067,1068,1,2,288240518893641,0,1000,5,5,0,5,0,5,5,1,3
event=trace_row ordinal=5414 kind=4 ns=288240527874949 fields=385,8,39,20,39,68,0,0,51,0,16,0,0,0,0,0
event=trace_row ordinal=5415 kind=4 ns=288240527960408 fields=641,5,3,0,0,0,0,0,0,0,16,0,0,0,0,0
event=trace_row ordinal=5416 kind=5 ns=288240529027327 fields=513,6,15,0,0,0,5,0,0,0,16,0,0,0,0,0
event=trace_row ordinal=5417 kind=0 ns=288240528947993 fields=1068,2,0,50,2,0,0,0,0,0,0,0,0,0,0,0
event=trace_row ordinal=5418 kind=1 ns=288240528947993 fields=1068,2,0,1008,1800,200,200,0,1,0,0,0,0,0,0,0
event=trace_row ordinal=5419 kind=1 ns=288240528947993 fields=1068,2,1,1008,1800,200,200,0,1,0,0,0,0,0,0,0
event=trace_row ordinal=5420 kind=3 ns=288240529039285 fields=1068,1069,1,2,288240528947993,0,1000,5,5,0,5,0,5,5,1,3
event=trace_row ordinal=5421 kind=5 ns=288240538984845 fields=513,6,15,0,0,0,5,0,0,0,16,0,0,0,0,0
event=trace_row ordinal=5422 kind=0 ns=288240538928262 fields=1069,2,0,25,1,0,0,0,0,0,0,0,0,0,0,0
event=trace_row ordinal=5423 kind=1 ns=288240538928262 fields=1069,2,0,1008,1800,200,200,0,1,0,0,0,0,0,0,0
event=trace_row ordinal=5424 kind=3 ns=288240538994470 fields=1069,1070,1,2,288240538928262,0,1000,5,5,0,5,0,5,5,1,3
event=trace_row ordinal=5425 kind=5 ns=288240548984364 fields=513,6,15,0,0,0,5,0,0,0,16,0,0,0,0,0
event=trace_row ordinal=5426 kind=0 ns=288240548926322 fields=1070,2,0,50,2,0,0,0,0,0,0,0,0,0,0,0
event=trace_row ordinal=5427 kind=1 ns=288240548926322 fields=1070,2,0,1008,1800,200,200,0,1,0,0,0,0,0,0,0
event=trace_row ordinal=5428 kind=1 ns=288240548926322 fields=1070,2,1,1008,1800,200,200,0,1,0,0,0,0,0,0,0
event=trace_row ordinal=5429 kind=3 ns=288240548993989 fields=1070,1071,1,2,288240548926322,0,1000,5,5,0,5,0,5,5,1,3
event=trace_row ordinal=5430 kind=5 ns=288240558978633 fields=513,6,15,0,0,0,5,0,0,0,16,0,0,0,0,0
event=trace_row ordinal=5431 kind=0 ns=288240558924674 fields=1071,2,0,25,1,0,0,0,0,0,0,0,0,0,0,0
event=trace_row ordinal=5432 kind=1 ns=288240558924674 fields=1071,2,0,1008,1800,200,200,0,1,0,0,0,0,0,0,0
event=trace_row ordinal=5433 kind=3 ns=288240558988258 fields=1071,1072,1,2,288240558924674,0,1000,5,5,0,5,0,5,5,1,3
event=trace_row ordinal=5434 kind=5 ns=288240568980776 fields=513,6,15,0,0,0,5,0,0,0,16,0,0,0,0,0
event=trace_row ordinal=5435 kind=0 ns=288240568926234 fields=1072,2,0,25,1,0,0,0,0,0,0,0,0,0,0,0
event=trace_row ordinal=5436 kind=1 ns=288240568926234 fields=1072,2,0,1008,1800,200,200,0,1,0,0,0,0,0,0,0
event=trace_row ordinal=5437 kind=3 ns=288240568990110 fields=1072,1073,1,2,288240568926234,0,1000,5,5,0,5,0,5,5,1,3
event=trace_row ordinal=5438 kind=4 ns=288240577622292 fields=385,8,39,20,39,68,0,0,46,0,16,0,0,0,0,0
event=trace_row ordinal=5439 kind=4 ns=288240577821501 fields=641,5,3,0,0,0,0,0,0,0,16,0,0,0,0,0
event=trace_row ordinal=5440 kind=5 ns=288240578984087 fields=513,6,15,0,0,0,5,0,0,0,16,0,0,0,0,0
event=trace_row ordinal=5441 kind=0 ns=288240578925170 fields=1073,2,0,50,2,0,0,0,0,0,0,0,0,0,0,0
event=trace_row ordinal=5442 kind=1 ns=288240578925170 fields=1073,2,0,1008,1800,200,200,0,1,0,0,0,0,0,0,0
event=trace_row ordinal=5443 kind=1 ns=288240578925170 fields=1073,2,1,1008,1800,200,200,0,1,0,0,0,0,0,0,0
event=trace_row ordinal=5444 kind=3 ns=288240578993420 fields=1073,1074,1,2,288240578925170,0,1000,5,5,0,5,0,5,5,1,3
event=trace_row ordinal=5445 kind=5 ns=288240588978939 fields=513,6,15,0,0,0,5,0,0,0,16,0,0,0,0,0
event=trace_row ordinal=5446 kind=0 ns=288240588924689 fields=1074,2,0,25,1,0,0,0,0,0,0,0,0,0,0,0
event=trace_row ordinal=5447 kind=1 ns=288240588924689 fields=1074,2,0,1008,1800,200,200,0,1,0,0,0,0,0,0,0
event=trace_row ordinal=5448 kind=3 ns=288240588988272 fields=1074,1075,1,2,288240588924689,0,1000,5,5,0,5,0,5,5,1,3
event=trace_row ordinal=5449 kind=5 ns=288240598983999 fields=513,6,15,0,0,0,5,0,0,0,16,0,0,0,0,0
event=trace_row ordinal=5450 kind=0 ns=288240598925082 fields=1075,2,0,50,2,0,0,0,0,0,0,0,0,0,0,0
event=trace_row ordinal=5451 kind=1 ns=288240598925082 fields=1075,2,0,1008,1800,200,200,0,1,0,0,0,0,0,0,0
event=trace_row ordinal=5452 kind=1 ns=288240598925082 fields=1075,2,1,1008,1800,200,200,0,1,0,0,0,0,0,0,0
event=trace_row ordinal=5453 kind=3 ns=288240598993624 fields=1075,1076,1,2,288240598925082,0,1000,5,5,0,5,0,5,5,1,3
event=trace_row ordinal=5454 kind=5 ns=288240608978851 fields=513,6,15,0,0,0,5,0,0,0,16,0,0,0,0,0
event=trace_row ordinal=5455 kind=0 ns=288240608924893 fields=1076,2,0,25,1,0,0,0,0,0,0,0,0,0,0,0
event=trace_row ordinal=5456 kind=1 ns=288240608924893 fields=1076,2,0,1008,1800,200,200,0,1,0,0,0,0,0,0,0
event=trace_row ordinal=5457 kind=3 ns=288240608987893 fields=1076,1077,1,2,288240608924893,0,1000,5,5,0,5,0,5,5,1,3
event=trace_row ordinal=5458 kind=5 ns=288240618984495 fields=513,6,15,0,0,0,5,0,0,0,16,0,0,0,0,0
event=trace_row ordinal=5459 kind=0 ns=288240618925578 fields=1077,2,0,50,2,0,0,0,0,0,0,0,0,0,0,0
event=trace_row ordinal=5460 kind=1 ns=288240618925578 fields=1077,2,0,1008,1800,200,200,0,1,0,0,0,0,0,0,0
event=trace_row ordinal=5461 kind=1 ns=288240618925578 fields=1077,2,1,1009,1800,200,200,0,1,0,0,0,0,0,0,0
event=trace_row ordinal=5462 kind=3 ns=288240618994120 fields=1077,1078,1,2,288240618925578,0,1000,5,5,0,5,0,5,5,1,3
event=trace_row ordinal=5463 kind=4 ns=288240627567969 fields=385,8,39,20,39,68,0,0,50,0,16,0,0,0,0,0
event=trace_row ordinal=5464 kind=4 ns=288240627766886 fields=641,5,3,0,0,0,0,0,0,0,16,0,0,0,0,0
event=trace_row ordinal=5465 kind=5 ns=288240628978763 fields=513,6,15,0,0,0,5,0,0,0,16,0,0,0,0,0
event=trace_row ordinal=5466 kind=0 ns=288240628925097 fields=1078,2,0,25,1,0,0,0,0,0,0,0,0,0,0,0
event=trace_row ordinal=5467 kind=1 ns=288240628925097 fields=1078,2,0,1009,1800,200,200,0,1,0,0,0,0,0,0,0
event=trace_row ordinal=5468 kind=3 ns=288240628987805 fields=1078,1079,1,2,288240628925097,0,1000,5,5,0,5,0,5,5,1,3
event=trace_row ordinal=5469 kind=5 ns=288240638977699 fields=513,6,15,0,0,0,5,0,0,0,16,0,0,0,0,0
event=trace_row ordinal=5470 kind=0 ns=288240638924615 fields=1079,2,0,25,1,0,0,0,0,0,0,0,0,0,0,0
event=trace_row ordinal=5471 kind=1 ns=288240638924615 fields=1079,2,0,1009,1800,200,200,0,1,0,0,0,0,0,0,0
event=trace_row ordinal=5472 kind=3 ns=288240638987032 fields=1079,1080,1,2,288240638924615,0,1000,5,5,0,5,0,5,5,1,3
event=trace_row ordinal=5473 kind=5 ns=288240648983926 fields=513,6,15,0,0,0,5,0,0,0,16,0,0,0,0,0
event=trace_row ordinal=5474 kind=0 ns=288240648925592 fields=1080,2,0,50,2,0,0,0,0,0,0,0,0,0,0,0
event=trace_row ordinal=5475 kind=1 ns=288240648925592 fields=1080,2,0,1008,1800,200,200,0,1,0,0,0,0,0,0,0
event=trace_row ordinal=5476 kind=1 ns=288240648925592 fields=1080,2,1,1008,1800,200,200,0,1,0,0,0,0,0,0,0
event=trace_row ordinal=5477 kind=3 ns=288240648993842 fields=1080,1081,1,2,288240648925592,0,1000,5,5,0,5,0,5,5,1,3
event=trace_row ordinal=5478 kind=5 ns=288240658979361 fields=513,6,15,0,0,0,5,0,0,0,16,0,0,0,0,0
event=trace_row ordinal=5479 kind=0 ns=288240658924819 fields=1081,2,0,25,1,0,0,0,0,0,0,0,0,0,0,0
event=trace_row ordinal=5480 kind=1 ns=288240658924819 fields=1081,2,0,1008,1800,200,200,0,1,0,0,0,0,0,0,0
event=trace_row ordinal=5481 kind=3 ns=288240658988403 fields=1081,1082,1,2,288240658924819,0,1000,5,5,0,5,0,5,5,1,3
event=trace_row ordinal=5482 kind=5 ns=288240668984713 fields=513,6,15,0,0,0,5,0,0,0,16,0,0,0,0,0
event=trace_row ordinal=5483 kind=0 ns=288240668924921 fields=1082,2,0,50,2,0,0,0,0,0,0,0,0,0,0,0
event=trace_row ordinal=5484 kind=1 ns=288240668924921 fields=1082,2,0,1008,1800,200,200,0,1,0,0,0,0,0,0,0
event=trace_row ordinal=5485 kind=1 ns=288240668924921 fields=1082,2,1,1008,1800,200,200,0,1,0,0,0,0,0,0,0
event=trace_row ordinal=5486 kind=3 ns=288240668994338 fields=1082,1083,1,2,288240668924921,0,1000,5,5,0,5,0,5,5,1,3
event=trace_row ordinal=5487 kind=4 ns=288240677512771 fields=385,8,39,20,39,68,0,0,54,0,16,0,0,0,0,0
event=trace_row ordinal=5488 kind=4 ns=288240677776438 fields=641,5,3,0,0,0,0,0,0,0,16,0,0,0,0,0
event=trace_row ordinal=5489 kind=5 ns=288240678979565 fields=513,6,15,0,0,0,5,0,0,0,16,0,0,0,0,0
event=trace_row ordinal=5490 kind=0 ns=288240678925898 fields=1083,2,0,25,1,0,0,0,0,0,0,0,0,0,0,0
event=trace_row ordinal=5491 kind=1 ns=288240678925898 fields=1083,2,0,1008,1800,200,200,0,1,0,0,0,0,0,0,0
event=trace_row ordinal=5492 kind=3 ns=288240678989190 fields=1083,1084,1,2,288240678925898,0,1000,5,5,0,5,0,5,5,1,3
event=trace_row ordinal=5493 kind=5 ns=288240689000084 fields=513,6,15,0,0,0,5,0,0,0,16,0,0,0,0,0
event=trace_row ordinal=5494 kind=0 ns=288240688929792 fields=1084,2,0,50,2,0,0,0,0,0,0,0,0,0,0,0
event=trace_row ordinal=5495 kind=1 ns=288240688929792 fields=1084,2,0,1008,1800,200,200,0,1,0,0,0,0,0,0,0
event=trace_row ordinal=5496 kind=1 ns=288240688929792 fields=1084,2,1,1008,1800,200,200,0,1,0,0,0,0,0,0,0
event=trace_row ordinal=5497 kind=3 ns=288240689012042 fields=1084,1085,1,2,288240688929792,0,1000,5,5,0,5,0,5,5,1,3
event=trace_row ordinal=5498 kind=5 ns=288240698987936 fields=513,6,15,0,0,0,5,0,0,0,16,0,0,0,0,0
event=trace_row ordinal=5499 kind=0 ns=288240698929019 fields=1085,2,0,25,1,0,0,0,0,0,0,0,0,0,0,0
event=trace_row ordinal=5500 kind=1 ns=288240698929019 fields=1085,2,0,1008,1800,200,200,0,1,0,0,0,0,0,0,0
event=trace_row ordinal=5501 kind=3 ns=288240698998436 fields=1085,1086,1,2,288240698929019,0,1000,5,5,0,5,0,5,5,1,3
event=trace_row ordinal=5502 kind=4 ns=288240707319118 fields=1793,1,5,0,0,0,0,0,0,0,16,0,0,0,0,0
event=trace_row ordinal=5503 kind=5 ns=288240709069996 fields=513,6,15,0,0,0,5,0,0,0,16,0,0,0,0,0
event=trace_row ordinal=5504 kind=0 ns=288240708959163 fields=1086,2,0,25,1,0,0,0,0,0,0,0,0,0,0,0
event=trace_row ordinal=5505 kind=1 ns=288240708959163 fields=1086,2,0,1008,1800,200,200,0,1,0,0,0,0,0,0,0
event=trace_row ordinal=5506 kind=3 ns=288240709089830 fields=1086,1087,1,2,288240708959163,0,1000,5,5,0,5,0,5,5,1,3
event=trace_row ordinal=5507 kind=5 ns=288240719031598 fields=513,6,15,0,0,0,5,0,0,0,16,0,0,0,0,0
event=trace_row ordinal=5508 kind=0 ns=288240718942057 fields=1087,2,0,50,2,0,0,0,0,0,0,0,0,0,0,0
event=trace_row ordinal=5509 kind=1 ns=288240718942057 fields=1087,2,0,1008,1800,200,200,0,1,0,0,0,0,0,0,0
event=trace_row ordinal=5510 kind=1 ns=288240718942057 fields=1087,2,1,1008,1800,200,200,0,1,0,0,0,0,0,0,0
event=trace_row ordinal=5511 kind=3 ns=288240719048515 fields=1087,1088,1,2,288240718942057,0,1000,5,5,0,5,0,5,5,1,3
event=trace_row ordinal=5512 kind=4 ns=288240727501906 fields=385,8,39,20,39,68,0,0,42,0,16,0,0,0,0,0
event=trace_row ordinal=5513 kind=4 ns=288240727730573 fields=641,5,3,0,0,0,0,0,0,0,16,0,0,0,0,0
event=trace_row ordinal=5514 kind=5 ns=288240729090034 fields=513,6,15,0,0,0,5,0,0,0,16,0,0,0,0,0
event=trace_row ordinal=5515 kind=0 ns=288240728964034 fields=1088,2,0,25,1,0,0,0,0,0,0,0,0,0,0,0
event=trace_row ordinal=5516 kind=1 ns=288240728964034 fields=1088,2,0,1008,1800,200,200,0,1,0,0,0,0,0,0,0
event=trace_row ordinal=5517 kind=3 ns=288240729111034 fields=1088,1089,1,2,288240728964034,0,1000,5,5,0,5,0,5,5,1,3
event=trace_row ordinal=5518 kind=5 ns=288240739072928 fields=513,6,15,0,0,0,5,0,0,0,16,0,0,0,0,0
event=trace_row ordinal=5519 kind=0 ns=288240738959761 fields=1089,2,0,50,2,0,0,0,0,0,0,0,0,0,0,0
event=trace_row ordinal=5520 kind=1 ns=288240738959761 fields=1089,2,0,1008,1800,200,200,0,1,0,0,0,0,0,0,0
event=trace_row ordinal=5521 kind=1 ns=288240738959761 fields=1089,2,1,1009,1800,200,200,0,1,0,0,0,0,0,0,0
event=trace_row ordinal=5522 kind=3 ns=288240739092761 fields=1089,1090,1,2,288240738959761,0,1000,5,5,0,5,0,5,5,1,3
event=trace_row ordinal=5523 kind=5 ns=288240749060196 fields=513,6,15,0,0,0,5,0,0,0,16,0,0,0,0,0
event=trace_row ordinal=5524 kind=0 ns=288240748954613 fields=1090,2,0,25,1,0,0,0,0,0,0,0,0,0,0,0
event=trace_row ordinal=5525 kind=1 ns=288240748954613 fields=1090,2,0,1009,1800,200,200,0,1,0,0,0,0,0,0,0
event=trace_row ordinal=5526 kind=3 ns=288240749080905 fields=1090,1091,1,2,288240748954613,0,1000,5,5,0,5,0,5,5,1,3
event=trace_row ordinal=5527 kind=5 ns=288240759058257 fields=513,6,15,0,0,0,5,0,0,0,16,0,0,0,0,0
event=trace_row ordinal=5528 kind=0 ns=288240758957631 fields=1091,2,0,50,2,0,0,0,0,0,0,0,0,0,0,0
event=trace_row ordinal=5529 kind=1 ns=288240758957631 fields=1091,2,0,1009,1800,200,200,0,1,0,0,0,0,0,0,0
event=trace_row ordinal=5530 kind=1 ns=288240758957631 fields=1091,2,1,1008,1800,200,200,0,1,0,0,0,0,0,0,0
event=trace_row ordinal=5531 kind=3 ns=288240759076923 fields=1091,1092,1,2,288240758957631,0,1000,5,5,0,5,0,5,5,1,3
event=trace_row ordinal=5532 kind=5 ns=288240769175900 fields=513,6,15,0,0,0,5,0,0,0,16,0,0,0,0,0
event=trace_row ordinal=5533 kind=0 ns=288240768999733 fields=1092,2,0,25,1,0,0,0,0,0,0,0,0,0,0,0
event=trace_row ordinal=5534 kind=1 ns=288240768999733 fields=1092,2,0,1008,1800,200,200,0,1,0,0,0,0,0,0,0
event=trace_row ordinal=5535 kind=3 ns=288240769204484 fields=1092,1093,1,2,288240768999733,0,1000,5,5,0,5,0,5,5,1,3
event=trace_row ordinal=5536 kind=4 ns=288240777443208 fields=385,8,39,20,39,68,0,0,48,0,16,0,0,0,0,0
event=trace_row ordinal=5537 kind=4 ns=288240777670708 fields=641,5,3,0,0,0,0,0,0,0,16,0,0,0,0,0
event=trace_row ordinal=5538 kind=5 ns=288240779067211 fields=513,6,15,0,0,0,5,0,0,0,16,0,0,0,0,0
event=trace_row ordinal=5539 kind=0 ns=288240778963377 fields=1093,2,0,25,1,0,0,0,0,0,0,0,0,0,0,0
event=trace_row ordinal=5540 kind=1 ns=288240778963377 fields=1093,2,0,1008,1800,200,200,0,1,0,0,0,0,0,0,0
event=trace_row ordinal=5541 kind=3 ns=288240779086169 fields=1093,1094,1,2,288240778963377,0,1000,5,5,0,5,0,5,5,1,3
event=trace_row ordinal=5542 kind=5 ns=288240789089188 fields=513,6,15,0,0,0,5,0,0,0,16,0,0,0,0,0
event=trace_row ordinal=5543 kind=0 ns=288240788968437 fields=1094,2,0,50,2,0,0,0,0,0,0,0,0,0,0,0
event=trace_row ordinal=5544 kind=1 ns=288240788968437 fields=1094,2,0,1009,1800,200,200,0,1,0,0,0,0,0,0,0
event=trace_row ordinal=5545 kind=1 ns=288240788968437 fields=1094,2,1,1009,1800,200,200,0,1,0,0,0,0,0,0,0
event=trace_row ordinal=5546 kind=3 ns=288240789109896 fields=1094,1095,1,2,288240788968437,0,1000,5,5,0,5,0,5,5,1,3
event=trace_row ordinal=5547 kind=5 ns=288240799107956 fields=513,6,15,0,0,0,5,0,0,0,16,0,0,0,0,0
event=trace_row ordinal=5548 kind=0 ns=288240798976706 fields=1095,2,0,25,1,0,0,0,0,0,0,0,0,0,0,0
event=trace_row ordinal=5549 kind=1 ns=288240798976706 fields=1095,2,0,1009,1800,200,200,0,1,0,0,0,0,0,0,0
event=trace_row ordinal=5550 kind=3 ns=288240799131581 fields=1095,1096,1,2,288240798976706,0,1000,5,5,0,5,0,5,5,1,3
event=trace_row ordinal=5551 kind=5 ns=288240809085308 fields=513,6,15,0,0,0,5,0,0,0,16,0,0,0,0,0
event=trace_row ordinal=5552 kind=0 ns=288240808968058 fields=1096,2,0,50,2,0,0,0,0,0,0,0,0,0,0,0
event=trace_row ordinal=5553 kind=1 ns=288240808968058 fields=1096,2,0,1008,1800,200,200,0,1,0,0,0,0,0,0,0
event=trace_row ordinal=5554 kind=1 ns=288240808968058 fields=1096,2,1,1008,1800,200,200,0,1,0,0,0,0,0,0,0
event=trace_row ordinal=5555 kind=3 ns=288240809104558 fields=1096,1097,1,2,288240808968058,0,1000,5,5,0,5,0,5,5,1,3
event=trace_row ordinal=5556 kind=5 ns=288240819090660 fields=513,6,15,0,0,0,5,0,0,0,16,0,0,0,0,0
event=trace_row ordinal=5557 kind=0 ns=288240818970494 fields=1097,2,0,25,1,0,0,0,0,0,0,0,0,0,0,0
event=trace_row ordinal=5558 kind=1 ns=288240818970494 fields=1097,2,0,1008,1800,200,200,0,1,0,0,0,0,0,0,0
event=trace_row ordinal=5559 kind=3 ns=288240819111660 fields=1097,1098,1,2,288240818970494,0,1000,5,5,0,5,0,5,5,1,3
event=trace_row ordinal=5560 kind=4 ns=288240827388301 fields=385,8,39,20,39,68,0,0,53,0,16,0,0,0,0,0
event=trace_row ordinal=5561 kind=4 ns=288240827555135 fields=641,5,3,0,0,0,0,0,0,0,16,0,0,0,0,0
event=trace_row ordinal=5562 kind=5 ns=288240829087846 fields=513,6,15,0,0,0,5,0,0,0,16,0,0,0,0,0
event=trace_row ordinal=5563 kind=0 ns=288240828967679 fields=1098,2,0,50,2,0,0,0,0,0,0,0,0,0,0,0
event=trace_row ordinal=5564 kind=1 ns=288240828967679 fields=1098,2,0,1009,1800,200,200,0,1,0,0,0,0,0,0,0
event=trace_row ordinal=5565 kind=1 ns=288240828967679 fields=1098,2,1,1009,1800,200,200,0,1,0,0,0,0,0,0,0
event=trace_row ordinal=5566 kind=3 ns=288240829107971 fields=1098,1099,1,2,288240828967679,0,1000,5,5,0,5,0,5,5,1,3
event=trace_row ordinal=5567 kind=5 ns=288240839020281 fields=513,6,15,0,0,0,5,0,0,0,16,0,0,0,0,0
event=trace_row ordinal=5568 kind=0 ns=288240838942989 fields=1099,2,0,25,1,0,0,0,0,0,0,0,0,0,0,0
event=trace_row ordinal=5569 kind=1 ns=288240838942989 fields=1099,2,0,1009,1800,200,200,0,1,0,0,0,0,0,0,0
event=trace_row ordinal=5570 kind=3 ns=288240839035156 fields=1099,1100,1,2,288240838942989,0,1000,5,5,0,5,0,5,5,1,3
event=trace_row ordinal=5571 kind=5 ns=288240849027675 fields=513,6,15,0,0,0,5,0,0,0,16,0,0,0,0,0
event=trace_row ordinal=5572 kind=0 ns=288240848945425 fields=1100,2,0,25,1,0,0,0,0,0,0,0,0,0,0,0
event=trace_row ordinal=5573 kind=1 ns=288240848945425 fields=1100,2,0,1008,1800,200,200,0,1,0,0,0,0,0,0,0
event=trace_row ordinal=5574 kind=3 ns=288240849043133 fields=1100,1101,1,2,288240848945425,0,1000,5,5,0,5,0,5,5,1,3
event=trace_row ordinal=5575 kind=5 ns=288240859136569 fields=513,6,15,0,0,0,5,0,0,0,16,0,0,0,0,0
event=trace_row ordinal=5576 kind=0 ns=288240858979360 fields=1101,2,0,50,2,0,0,0,0,0,0,0,0,0,0,0
event=trace_row ordinal=5577 kind=1 ns=288240858979360 fields=1101,2,0,1008,1800,200,200,0,1,0,0,0,0,0,0,0
event=trace_row ordinal=5578 kind=1 ns=288240858979360 fields=1101,2,1,1009,1800,200,200,0,1,0,0,0,0,0,0,0
event=trace_row ordinal=5579 kind=3 ns=288240859165152 fields=1101,1102,1,2,288240858979360,0,1000,5,5,0,5,0,5,5,1,3
event=trace_row ordinal=5580 kind=5 ns=288240869080087 fields=513,6,15,0,0,0,5,0,0,0,16,0,0,0,0,0
event=trace_row ordinal=5581 kind=0 ns=288240868961670 fields=1102,2,0,25,1,0,0,0,0,0,0,0,0,0,0,0
event=trace_row ordinal=5582 kind=1 ns=288240868961670 fields=1102,2,0,1009,1800,200,200,0,1,0,0,0,0,0,0,0
event=trace_row ordinal=5583 kind=3 ns=288240869101962 fields=1102,1103,1,2,288240868961670,0,1000,5,5,0,5,0,5,5,1,3
event=trace_row ordinal=5584 kind=4 ns=288240877324644 fields=385,8,39,20,39,68,0,0,49,0,16,0,0,0,0,0
event=trace_row ordinal=5585 kind=4 ns=288240877502853 fields=641,5,3,0,0,0,0,0,0,0,16,0,0,0,0,0
event=trace_row ordinal=5586 kind=5 ns=288240879048397 fields=513,6,15,0,0,0,5,0,0,0,16,0,0,0,0,0
event=trace_row ordinal=5587 kind=0 ns=288240878951272 fields=1103,2,0,50,2,0,0,0,0,0,0,0,0,0,0,0
event=trace_row ordinal=5588 kind=1 ns=288240878951272 fields=1103,2,0,1009,1800,200,200,0,1,0,0,0,0,0,0,0
event=trace_row ordinal=5589 kind=1 ns=288240878951272 fields=1103,2,1,1008,1800,200,200,0,1,0,0,0,0,0,0,0
event=trace_row ordinal=5590 kind=3 ns=288240879065898 fields=1103,1104,1,2,288240878951272,0,1000,5,5,0,5,0,5,5,1,3
event=trace_row ordinal=5591 kind=5 ns=288240889052291 fields=513,6,15,0,0,0,5,0,0,0,16,0,0,0,0,0
event=trace_row ordinal=5592 kind=0 ns=288240888953416 fields=1104,2,0,25,1,0,0,0,0,0,0,0,0,0,0,0
event=trace_row ordinal=5593 kind=1 ns=288240888953416 fields=1104,2,0,1008,1800,200,200,0,1,0,0,0,0,0,0,0
event=trace_row ordinal=5594 kind=3 ns=288240889072416 fields=1104,1105,1,2,288240888953416,0,1000,5,5,0,5,0,5,5,1,3
event=trace_row ordinal=5595 kind=5 ns=288240899032560 fields=513,6,15,0,0,0,5,0,0,0,16,0,0,0,0,0
event=trace_row ordinal=5596 kind=0 ns=288240898945351 fields=1105,2,0,50,2,0,0,0,0,0,0,0,0,0,0,0
event=trace_row ordinal=5597 kind=1 ns=288240898945351 fields=1105,2,0,1008,1800,200,200,0,1,0,0,0,0,0,0,0
event=trace_row ordinal=5598 kind=1 ns=288240898945351 fields=1105,2,1,1009,1800,200,200,0,1,0,0,0,0,0,0,0
event=trace_row ordinal=5599 kind=3 ns=288240899049185 fields=1105,1106,1,2,288240898945351,0,1000,5,5,0,5,0,5,5,1,3
event=trace_row ordinal=5600 kind=5 ns=288240909063579 fields=513,6,15,0,0,0,5,0,0,0,16,0,0,0,0,0
event=trace_row ordinal=5601 kind=0 ns=288240908956245 fields=1106,2,0,25,1,0,0,0,0,0,0,0,0,0,0,0
event=trace_row ordinal=5602 kind=1 ns=288240908956245 fields=1106,2,0,1009,1800,200,200,0,1,0,0,0,0,0,0,0
event=trace_row ordinal=5603 kind=3 ns=288240909083120 fields=1106,1107,1,2,288240908956245,0,1000,5,5,0,5,0,5,5,1,3
event=trace_row ordinal=5604 kind=5 ns=288240918989305 fields=513,6,15,0,0,0,5,0,0,0,16,0,0,0,0,0
event=trace_row ordinal=5605 kind=0 ns=288240918928930 fields=1107,2,0,25,1,0,0,0,0,0,0,0,0,0,0,0
event=trace_row ordinal=5606 kind=1 ns=288240918928930 fields=1107,2,0,1009,1800,200,200,0,1,0,0,0,0,0,0,0
event=trace_row ordinal=5607 kind=3 ns=288240918999514 fields=1107,1108,1,2,288240918928930,0,1000,5,5,0,5,0,5,5,1,3
event=trace_row ordinal=5608 kind=4 ns=288240927260404 fields=385,8,39,20,39,68,0,0,49,0,16,0,0,0,0,0
event=trace_row ordinal=5609 kind=4 ns=288240927449113 fields=641,5,3,0,0,0,0,0,0,0,16,0,0,0,0,0
event=trace_row ordinal=5610 kind=5 ns=288240928987949 fields=513,6,15,0,0,0,5,0,0,0,16,0,0,0,0,0
event=trace_row ordinal=5611 kind=0 ns=288240928927282 fields=1108,2,0,50,2,0,0,0,0,0,0,0,0,0,0,0
event=trace_row ordinal=5612 kind=1 ns=288240928927282 fields=1108,2,0,1008,1800,200,200,0,1,0,0,0,0,0,0,0
event=trace_row ordinal=5613 kind=1 ns=288240928927282 fields=1108,2,1,1008,1800,200,200,0,1,0,0,0,0,0,0,0
event=trace_row ordinal=5614 kind=3 ns=288240928998741 fields=1108,1109,1,2,288240928927282,0,1000,5,5,0,5,0,5,5,1,3
event=trace_row ordinal=5615 kind=5 ns=288240938979009 fields=513,6,15,0,0,0,5,0,0,0,16,0,0,0,0,0
event=trace_row ordinal=5616 kind=0 ns=288240938925634 fields=1109,2,0,25,1,0,0,0,0,0,0,0,0,0,0,0
event=trace_row ordinal=5617 kind=1 ns=288240938925634 fields=1109,2,0,1008,1800,200,200,0,1,0,0,0,0,0,0,0
event=trace_row ordinal=5618 kind=3 ns=288240938988343 fields=1109,1110,1,2,288240938925634,0,1000,5,5,0,5,0,5,5,1,3
event=trace_row ordinal=5619 kind=5 ns=288240948983487 fields=513,6,15,0,0,0,5,0,0,0,16,0,0,0,0,0
event=trace_row ordinal=5620 kind=0 ns=288240948924861 fields=1110,2,0,50,2,0,0,0,0,0,0,0,0,0,0,0
event=trace_row ordinal=5621 kind=1 ns=288240948924861 fields=1110,2,0,1008,1800,200,200,0,1,0,0,0,0,0,0,0
event=trace_row ordinal=5622 kind=1 ns=288240948924861 fields=1110,2,1,1008,1800,200,200,0,1,0,0,0,0,0,0,0
event=trace_row ordinal=5623 kind=3 ns=288240948993112 fields=1110,1111,1,2,288240948924861,0,1000,5,5,0,5,0,5,5,1,3
event=trace_row ordinal=5624 kind=4 ns=288240956759918 fields=1793,1,5,0,0,0,0,0,0,0,16,0,0,0,0,0
event=trace_row ordinal=5625 kind=5 ns=288240958978630 fields=513,6,15,0,0,0,5,0,0,0,16,0,0,0,0,0
event=trace_row ordinal=5626 kind=0 ns=288240958925255 fields=1111,2,0,25,1,0,0,0,0,0,0,0,0,0,0,0
event=trace_row ordinal=5627 kind=1 ns=288240958925255 fields=1111,2,0,1008,1800,200,200,0,1,0,0,0,0,0,0,0
event=trace_row ordinal=5628 kind=3 ns=288240958987964 fields=1111,1112,1,2,288240958925255,0,1000,5,5,0,5,0,5,5,1,3
event=trace_row ordinal=5629 kind=5 ns=288240968983982 fields=513,6,15,0,0,0,5,0,0,0,16,0,0,0,0,0
event=trace_row ordinal=5630 kind=0 ns=288240968925357 fields=1112,2,0,50,2,0,0,0,0,0,0,0,0,0,0,0
event=trace_row ordinal=5631 kind=1 ns=288240968925357 fields=1112,2,0,1008,1800,200,200,0,1,0,0,0,0,0,0,0
event=trace_row ordinal=5632 kind=1 ns=288240968925357 fields=1112,2,1,1008,1800,200,200,0,1,0,0,0,0,0,0,0
event=trace_row ordinal=5633 kind=3 ns=288240968993607 fields=1112,1113,1,2,288240968925357,0,1000,5,5,0,5,0,5,5,1,3
event=trace_row ordinal=5634 kind=4 ns=288240977196456 fields=385,8,39,20,39,68,0,0,47,0,16,0,0,0,0,0
event=trace_row ordinal=5635 kind=4 ns=288240977395373 fields=641,5,3,0,0,0,0,0,0,0,16,0,0,0,0,0
event=trace_row ordinal=5636 kind=5 ns=288240978978834 fields=513,6,15,0,0,0,5,0,0,0,16,0,0,0,0,0
event=trace_row ordinal=5637 kind=0 ns=288240978924876 fields=1113,2,0,25,1,0,0,0,0,0,0,0,0,0,0,0
event=trace_row ordinal=5638 kind=1 ns=288240978924876 fields=1113,2,0,1008,1800,200,200,0,1,0,0,0,0,0,0,0
event=trace_row ordinal=5639 kind=3 ns=288240978988168 fields=1113,1114,1,2,288240978924876,0,1000,5,5,0,5,0,5,5,1,3
event=trace_row ordinal=5640 kind=5 ns=288240988978645 fields=513,6,15,0,0,0,5,0,0,0,16,0,0,0,0,0
event=trace_row ordinal=5641 kind=0 ns=288240988924686 fields=1114,2,0,26,1,0,0,0,0,0,0,0,0,0,0,0
event=trace_row ordinal=5642 kind=1 ns=288240988924686 fields=1114,2,0,1009,1800,200,200,0,1,0,0,0,0,0,0,0
event=trace_row ordinal=5643 kind=3 ns=288240988987687 fields=1114,1115,1,2,288240988924686,0,1000,5,5,0,5,0,5,5,1,3
event=trace_row ordinal=5644 kind=5 ns=288240998983997 fields=513,6,15,0,0,0,5,0,0,0,16,0,0,0,0,0
event=trace_row ordinal=5645 kind=0 ns=288240998925372 fields=1115,2,0,52,2,0,0,0,0,0,0,0,0,0,0,0
event=trace_row ordinal=5646 kind=1 ns=288240998925372 fields=1115,2,0,1009,1800,200,200,0,1,0,0,0,0,0,0,0
event=trace_row ordinal=5647 kind=1 ns=288240998925372 fields=1115,2,1,1008,1800,200,200,0,1,0,0,0,0,0,0,0
event=trace_row ordinal=5648 kind=3 ns=288240998993622 fields=1115,1116,1,2,288240998925372,0,1000,5,5,0,5,0,5,5,1,3
event=trace_row ordinal=5649 kind=5 ns=288241008978558 fields=513,6,15,0,0,0,5,0,0,0,16,0,0,0,0,0
event=trace_row ordinal=5650 kind=0 ns=288241008924599 fields=1116,2,0,26,1,0,0,0,0,0,0,0,0,0,0,0
event=trace_row ordinal=5651 kind=1 ns=288241008924599 fields=1116,2,0,1008,1800,200,200,0,1,0,0,0,0,0,0,0
event=trace_row ordinal=5652 kind=3 ns=288241008987891 fields=1116,1117,1,2,288241008924599,0,1000,5,5,0,5,0,5,5,1,3
event=trace_row ordinal=5653 kind=5 ns=288241018983326 fields=513,6,15,0,0,0,5,0,0,0,16,0,0,0,0,0
event=trace_row ordinal=5654 kind=0 ns=288241018924701 fields=1117,2,0,52,2,0,0,0,0,0,0,0,0,0,0,0
event=trace_row ordinal=5655 kind=1 ns=288241018924701 fields=1117,2,0,1008,1800,200,200,0,1,0,0,0,0,0,0,0
event=trace_row ordinal=5656 kind=1 ns=288241018924701 fields=1117,2,1,1008,1800,200,200,0,1,0,0,0,0,0,0,0
event=trace_row ordinal=5657 kind=3 ns=288241018992951 fields=1117,1118,1,2,288241018924701,0,1000,5,5,0,5,0,5,5,1,3
event=trace_row ordinal=5658 kind=4 ns=288241027140383 fields=385,8,39,20,39,68,0,0,48,0,16,0,0,0,0,0
event=trace_row ordinal=5659 kind=4 ns=288241027340467 fields=641,5,3,0,0,0,0,0,0,0,16,0,0,0,0,0
event=trace_row ordinal=5660 kind=5 ns=288241028979053 fields=513,6,15,0,0,0,5,0,0,0,16,0,0,0,0,0
event=trace_row ordinal=5661 kind=0 ns=288241028925970 fields=1118,2,0,26,1,0,0,0,0,0,0,0,0,0,0,0
event=trace_row ordinal=5662 kind=1 ns=288241028925970 fields=1118,2,0,1008,1800,200,200,0,1,0,0,0,0,0,0,0
event=trace_row ordinal=5663 kind=3 ns=288241028988678 fields=1118,1119,1,2,288241028925970,0,1000,5,5,0,5,0,5,5,1,3
event=trace_row ordinal=5664 kind=5 ns=288241038983822 fields=513,6,15,0,0,0,5,0,0,0,16,0,0,0,0,0
event=trace_row ordinal=5665 kind=0 ns=288241038924614 fields=1119,2,0,52,2,0,0,0,0,0,0,0,0,0,0,0
event=trace_row ordinal=5666 kind=1 ns=288241038924614 fields=1119,2,0,1008,1800,200,200,0,1,0,0,0,0,0,0,0
event=trace_row ordinal=5667 kind=1 ns=288241038924614 fields=1119,2,1,1008,1800,200,200,0,1,0,0,0,0,0,0,0
event=trace_row ordinal=5668 kind=3 ns=288241038993447 fields=1119,1120,1,2,288241038924614,0,1000,5,5,0,5,0,5,5,1,3
event=trace_row ordinal=5669 kind=5 ns=288241048979841 fields=513,6,15,0,0,0,5,0,0,0,16,0,0,0,0,0
event=trace_row ordinal=5670 kind=0 ns=288241048925299 fields=1120,2,0,26,1,0,0,0,0,0,0,0,0,0,0,0
event=trace_row ordinal=5671 kind=1 ns=288241048925299 fields=1120,2,0,1008,1800,200,200,0,1,0,0,0,0,0,0,0
event=trace_row ordinal=5672 kind=3 ns=288241048989174 fields=1120,1121,1,2,288241048925299,0,1000,5,5,0,5,0,5,5,1,3
event=trace_row ordinal=5673 kind=5 ns=288241058978193 fields=513,6,15,0,0,0,5,0,0,0,16,0,0,0,0,0
event=trace_row ordinal=5674 kind=0 ns=288241058924235 fields=1121,2,0,26,1,0,0,0,0,0,0,0,0,0,0,0
event=trace_row ordinal=5675 kind=1 ns=288241058924235 fields=1121,2,0,1008,1800,200,200,0,1,0,0,0,0,0,0,0
event=trace_row ordinal=5676 kind=3 ns=288241058987526 fields=1121,1122,1,2,288241058924235,0,1000,5,5,0,5,0,5,5,1,3
event=trace_row ordinal=5677 kind=5 ns=288241069111295 fields=513,6,15,0,0,0,5,0,0,0,16,0,0,0,0,0
event=trace_row ordinal=5678 kind=0 ns=288241068974504 fields=1122,2,0,52,2,0,0,0,0,0,0,0,0,0,0,0
event=trace_row ordinal=5679 kind=1 ns=288241068974504 fields=1122,2,0,1009,1800,200,200,0,1,0,0,0,0,0,0,0
event=trace_row ordinal=5680 kind=1 ns=288241068974504 fields=1122,2,1,1009,1800,200,200,0,1,0,0,0,0,0,0,0
event=trace_row ordinal=5681 kind=3 ns=288241069133462 fields=1122,1123,1,2,288241068974504,0,1000,5,5,0,5,0,5,5,1,3
event=trace_row ordinal=5682 kind=4 ns=288241077108810 fields=385,8,39,20,39,68,0,0,53,0,16,0,0,0,0,0
event=trace_row ordinal=5683 kind=4 ns=288241077348561 fields=641,5,3,0,0,0,0,0,0,0,16,0,0,0,0,0
event=trace_row ordinal=5684 kind=5 ns=288241079003772 fields=513,6,15,0,0,0,5,0,0,0,16,0,0,0,0,0
event=trace_row ordinal=5685 kind=0 ns=288241078936981 fields=1123,2,0,26,1,0,0,0,0,0,0,0,0,0,0,0
event=trace_row ordinal=5686 kind=1 ns=288241078936981 fields=1123,2,0,1009,1800,200,200,0,1,0,0,0,0,0,0,0
event=trace_row ordinal=5687 kind=3 ns=288241079016022 fields=1123,1124,1,2,288241078936981,0,1000,5,5,0,5,0,5,5,1,3
event=trace_row ordinal=5688 kind=5 ns=288241088985499 fields=513,6,15,0,0,0,5,0,0,0,16,0,0,0,0,0
event=trace_row ordinal=5689 kind=0 ns=288241088924833 fields=1124,2,0,52,2,0,0,0,0,0,0,0,0,0,0,0
event=trace_row ordinal=5690 kind=1 ns=288241088924833 fields=1124,2,0,1008,1800,200,200,0,1,0,0,0,0,0,0,0
event=trace_row ordinal=5691 kind=1 ns=288241088924833 fields=1124,2,1,1008,1800,200,200,0,1,0,0,0,0,0,0,0
event=trace_row ordinal=5692 kind=3 ns=288241088995124 fields=1124,1125,1,2,288241088924833,0,1000,5,5,0,5,0,5,5,1,3
event=trace_row ordinal=5693 kind=5 ns=288241098981227 fields=513,6,15,0,0,0,5,0,0,0,16,0,0,0,0,0
event=trace_row ordinal=5694 kind=0 ns=288241098925810 fields=1125,2,0,26,1,0,0,0,0,0,0,0,0,0,0,0
event=trace_row ordinal=5695 kind=1 ns=288241098925810 fields=1125,2,0,1008,1800,200,200,0,1,0,0,0,0,0,0,0
event=trace_row ordinal=5696 kind=3 ns=288241098990560 fields=1125,1126,1,2,288241098925810,0,1000,5,5,0,5,0,5,5,1,3
event=trace_row ordinal=5697 kind=5 ns=288241108984829 fields=513,6,15,0,0,0,5,0,0,0,16,0,0,0,0,0
event=trace_row ordinal=5698 kind=0 ns=288241108925037 fields=1126,2,0,52,2,0,0,0,0,0,0,0,0,0,0,0
event=trace_row ordinal=5699 kind=1 ns=288241108925037 fields=1126,2,0,1009,1800,200,200,0,1,0,0,0,0,0,0,0
event=trace_row ordinal=5700 kind=1 ns=288241108925037 fields=1126,2,1,1009,1800,200,200,0,1,0,0,0,0,0,0,0
event=trace_row ordinal=5701 kind=3 ns=288241108994162 fields=1126,1127,1,2,288241108925037,0,1000,5,5,0,5,0,5,5,1,3
event=trace_row ordinal=5702 kind=5 ns=288241118979097 fields=513,6,15,0,0,0,5,0,0,0,16,0,0,0,0,0
event=trace_row ordinal=5703 kind=0 ns=288241118925139 fields=1127,2,0,26,1,0,0,0,0,0,0,0,0,0,0,0
event=trace_row ordinal=5704 kind=1 ns=288241118925139 fields=1127,2,0,1009,1800,200,200,0,1,0,0,0,0,0,0,0
event=trace_row ordinal=5705 kind=3 ns=288241118988139 fields=1127,1128,1,2,288241118925139,0,1000,5,5,0,5,0,5,5,1,3
event=trace_row ordinal=5706 kind=4 ns=288241127032321 fields=385,8,39,20,39,68,0,0,45,0,16,0,0,0,0,0
event=trace_row ordinal=5707 kind=4 ns=288241127295988 fields=641,5,3,0,0,0,0,0,0,0,16,0,0,0,0,0
event=trace_row ordinal=5708 kind=5 ns=288241128979783 fields=513,6,15,0,0,0,5,0,0,0,16,0,0,0,0,0
event=trace_row ordinal=5709 kind=0 ns=288241128925533 fields=1128,2,0,26,1,0,0,0,0,0,0,0,0,0,0,0
event=trace_row ordinal=5710 kind=1 ns=288241128925533 fields=1128,2,0,1008,1800,200,200,0,1,0,0,0,0,0,0,0
event=trace_row ordinal=5711 kind=3 ns=288241128989116 fields=1128,1129,1,2,288241128925533,0,1000,5,5,0,5,0,5,5,1,3
event=trace_row ordinal=5712 kind=5 ns=288241138983385 fields=513,6,15,0,0,0,5,0,0,0,16,0,0,0,0,0
event=trace_row ordinal=5713 kind=0 ns=288241138924177 fields=1129,2,0,51,2,0,0,0,0,0,0,0,0,0,0,0
event=trace_row ordinal=5714 kind=1 ns=288241138924177 fields=1129,2,0,1008,1800,200,200,0,1,0,0,0,0,0,0,0
event=trace_row ordinal=5715 kind=1 ns=288241138924177 fields=1129,2,1,1009,1800,200,200,0,1,0,0,0,0,0,0,0
event=trace_row ordinal=5716 kind=3 ns=288241138992718 fields=1129,1130,1,2,288241138924177,0,1000,5,5,0,5,0,5,5,1,3
event=trace_row ordinal=5717 kind=5 ns=288241148978237 fields=513,6,15,0,0,0,5,0,0,0,16,0,0,0,0,0
event=trace_row ordinal=5718 kind=0 ns=288241148925154 fields=1130,2,0,25,1,0,0,0,0,0,0,0,0,0,0,0
event=trace_row ordinal=5719 kind=1 ns=288241148925154 fields=1130,2,0,1009,1800,200,200,0,1,0,0,0,0,0,0,0
event=trace_row ordinal=5720 kind=3 ns=288241148987862 fields=1130,1131,1,2,288241148925154,0,1000,5,5,0,5,0,5,5,1,3
event=trace_row ordinal=5721 kind=5 ns=288241158984173 fields=513,6,15,0,0,0,5,0,0,0,16,0,0,0,0,0
event=trace_row ordinal=5722 kind=0 ns=288241158924673 fields=1131,2,0,50,2,0,0,0,0,0,0,0,0,0,0,0
event=trace_row ordinal=5723 kind=1 ns=288241158924673 fields=1131,2,0,1009,1800,200,200,0,1,0,0,0,0,0,0,0
event=trace_row ordinal=5724 kind=1 ns=288241158924673 fields=1131,2,1,1008,1800,200,200,0,1,0,0,0,0,0,0,0
event=trace_row ordinal=5725 kind=3 ns=288241158993506 fields=1131,1132,1,2,288241158924673,0,1000,5,5,0,5,0,5,5,1,3
event=trace_row ordinal=5726 kind=5 ns=288241168976983 fields=513,6,15,0,0,0,5,0,0,0,16,0,0,0,0,0
event=trace_row ordinal=5727 kind=0 ns=288241168923025 fields=1132,2,0,25,1,0,0,0,0,0,0,0,0,0,0,0
event=trace_row ordinal=5728 kind=1 ns=288241168923025 fields=1132,2,0,1008,1800,200,200,0,1,0,0,0,0,0,0,0
event=trace_row ordinal=5729 kind=3 ns=288241168986025 fields=1132,1133,1,2,288241168923025,0,1000,5,5,0,5,0,5,5,1,3
event=trace_row ordinal=5730 kind=4 ns=288241176981790 fields=385,8,39,20,39,68,0,0,48,0,16,0,0,0,0,0
event=trace_row ordinal=5731 kind=4 ns=288241177183915 fields=641,5,3,0,0,0,0,0,0,0,16,0,0,0,0,0
event=trace_row ordinal=5732 kind=5 ns=288241178983502 fields=513,6,15,0,0,0,5,0,0,0,16,0,0,0,0,0
event=trace_row ordinal=5733 kind=0 ns=288241178924877 fields=1133,2,0,50,2,0,0,0,0,0,0,0,0,0,0,0
event=trace_row ordinal=5734 kind=1 ns=288241178924877 fields=1133,2,0,1008,1800,200,200,0,1,0,0,0,0,0,0,0
event=trace_row ordinal=5735 kind=1 ns=288241178924877 fields=1133,2,1,1008,1800,200,200,0,1,0,0,0,0,0,0,0
event=trace_row ordinal=5736 kind=3 ns=288241178993127 fields=1133,1134,1,2,288241178924877,0,1000,5,5,0,5,0,5,5,1,3
event=trace_row ordinal=5737 kind=5 ns=288241188978937 fields=513,6,15,0,0,0,5,0,0,0,16,0,0,0,0,0
event=trace_row ordinal=5738 kind=0 ns=288241188925271 fields=1134,2,0,25,1,0,0,0,0,0,0,0,0,0,0,0
event=trace_row ordinal=5739 kind=1 ns=288241188925271 fields=1134,2,0,1008,1800,200,200,0,1,0,0,0,0,0,0,0
event=trace_row ordinal=5740 kind=3 ns=288241188988271 fields=1134,1135,1,2,288241188925271,0,1000,5,5,0,5,0,5,5,1,3
event=trace_row ordinal=5741 kind=5 ns=288241198979914 fields=513,6,15,0,0,0,5,0,0,0,16,0,0,0,0,0
event=trace_row ordinal=5742 kind=0 ns=288241198925373 fields=1135,2,0,25,1,0,0,0,0,0,0,0,0,0,0,0
event=trace_row ordinal=5743 kind=1 ns=288241198925373 fields=1135,2,0,1008,1800,200,200,0,1,0,0,0,0,0,0,0
event=trace_row ordinal=5744 kind=3 ns=288241198989248 fields=1135,1136,1,2,288241198925373,0,1000,5,5,0,5,0,5,5,1,3
event=trace_row ordinal=5745 kind=4 ns=288241206296678 fields=1793,1,5,0,0,0,0,0,0,0,16,0,0,0,0,0
event=trace_row ordinal=5746 kind=5 ns=288241208984683 fields=513,6,15,0,0,0,5,0,0,0,16,0,0,0,0,0
event=trace_row ordinal=5747 kind=0 ns=288241208925183 fields=1136,2,0,50,2,0,0,0,0,0,0,0,0,0,0,0
event=trace_row ordinal=5748 kind=1 ns=288241208925183 fields=1136,2,0,1008,1800,200,200,0,1,0,0,0,0,0,0,0
event=trace_row ordinal=5749 kind=1 ns=288241208925183 fields=1136,2,1,1008,1800,200,200,0,1,0,0,0,0,0,0,0
event=trace_row ordinal=5750 kind=3 ns=288241208994308 fields=1136,1137,1,2,288241208925183,0,1000,5,5,0,5,0,5,5,1,3
event=trace_row ordinal=5751 kind=5 ns=288241218979535 fields=513,6,15,0,0,0,5,0,0,0,16,0,0,0,0,0
event=trace_row ordinal=5752 kind=0 ns=288241218925285 fields=1137,2,0,25,1,0,0,0,0,0,0,0,0,0,0,0
event=trace_row ordinal=5753 kind=1 ns=288241218925285 fields=1137,2,0,1008,1800,200,200,0,1,0,0,0,0,0,0,0
event=trace_row ordinal=5754 kind=3 ns=288241218988577 fields=1137,1138,1,2,288241218925285,0,1000,5,5,0,5,0,5,5,1,3
event=trace_row ordinal=5755 kind=4 ns=288241226922800 fields=385,8,39,20,39,68,0,0,53,0,16,0,0,0,0,0
event=trace_row ordinal=5756 kind=4 ns=288241227130176 fields=641,5,3,0,0,0,0,0,0,0,16,0,0,0,0,0
event=trace_row ordinal=5757 kind=5 ns=288241229002679 fields=513,6,15,0,0,0,5,0,0,0,16,0,0,0,0,0
event=trace_row ordinal=5758 kind=0 ns=288241228933554 fields=1138,2,0,50,2,0,0,0,0,0,0,0,0,0,0,0
event=trace_row ordinal=5759 kind=1 ns=288241228933554 fields=1138,2,0,1009,1800,200,200,0,1,0,0,0,0,0,0,0
event=trace_row ordinal=5760 kind=1 ns=288241228933554 fields=1138,2,1,1009,1800,200,200,0,1,0,0,0,0,0,0,0
event=trace_row ordinal=5761 kind=3 ns=288241229016679 fields=1138,1139,1,2,288241228933554,0,1000,5,5,0,5,0,5,5,1,3
event=trace_row ordinal=5762 kind=5 ns=288241238995490 fields=513,6,15,0,0,0,5,0,0,0,16,0,0,0,0,0
event=trace_row ordinal=5763 kind=0 ns=288241238933656 fields=1139,2,0,25,1,0,0,0,0,0,0,0,0,0,0,0
event=trace_row ordinal=5764 kind=1 ns=288241238933656 fields=1139,2,0,1009,1800,200,200,0,1,0,0,0,0,0,0,0
event=trace_row ordinal=5765 kind=3 ns=288241239007156 fields=1139,1140,1,2,288241238933656,0,1000,5,5,0,5,0,5,5,1,3
event=trace_row ordinal=5766 kind=5 ns=288241249076675 fields=513,6,15,0,0,0,5,0,0,0,16,0,0,0,0,0
event=trace_row ordinal=5767 kind=0 ns=288241248957967 fields=1140,2,0,50,2,0,0,0,0,0,0,0,0,0,0,0
event=trace_row ordinal=5768 kind=1 ns=288241248957967 fields=1140,2,0,1008,1800,200,200,0,1,0,0,0,0,0,0,0
event=trace_row ordinal=5769 kind=1 ns=288241248957967 fields=1140,2,1,1008,1800,200,200,0,1,0,0,0,0,0,0,0
event=trace_row ordinal=5770 kind=3 ns=288241249097092 fields=1140,1141,1,2,288241248957967,0,1000,5,5,0,5,0,5,5,1,3
event=trace_row ordinal=5771 kind=5 ns=288241259039736 fields=513,6,15,0,0,0,5,0,0,0,16,0,0,0,0,0
event=trace_row ordinal=5772 kind=0 ns=288241258949319 fields=1141,2,0,25,1,0,0,0,0,0,0,0,0,0,0,0
event=trace_row ordinal=5773 kind=1 ns=288241258949319 fields=1141,2,0,1008,1800,200,200,0,1,0,0,0,0,0,0,0
event=trace_row ordinal=5774 kind=3 ns=288241259056944 fields=1141,1142,1,2,288241258949319,0,1000,5,5,0,5,0,5,5,1,3
event=trace_row ordinal=5775 kind=5 ns=288241269105463 fields=513,6,15,0,0,0,5,0,0,0,16,0,0,0,0,0
event=trace_row ordinal=5776 kind=0 ns=288241268971004 fields=1142,2,0,25,1,0,0,0,0,0,0,0,0,0,0,0
event=trace_row ordinal=5777 kind=1 ns=288241268971004 fields=1142,2,0,1008,1800,200,200,0,1,0,0,0,0,0,0,0
event=trace_row ordinal=5778 kind=3 ns=288241269127921 fields=1142,1143,1,2,288241268971004,0,1000,5,5,0,5,0,5,5,1,3
event=trace_row ordinal=5779 kind=4 ns=288241276905227 fields=385,8,39,20,39,68,0,0,51,0,16,0,0,0,0,0
event=trace_row ordinal=5780 kind=4 ns=288241277075853 fields=641,5,3,0,0,0,0,0,0,0,16,0,0,0,0,0
event=trace_row ordinal=5781 kind=5 ns=288241279076107 fields=513,6,15,0,0,0,5,0,0,0,16,0,0,0,0,0
event=trace_row ordinal=5782 kind=0 ns=288241278962648 fields=1143,2,0,50,2,0,0,0,0,0,0,0,0,0,0,0
event=trace_row ordinal=5783 kind=1 ns=288241278962648 fields=1143,2,0,1008,1800,200,200,0,1,0,0,0,0,0,0,0
event=trace_row ordinal=5784 kind=1 ns=288241278962648 fields=1143,2,1,1008,1800,200,200,0,1,0,0,0,0,0,0,0
event=trace_row ordinal=5785 kind=3 ns=288241279095357 fields=1143,1144,1,2,288241278962648,0,1000,5,5,0,5,0,5,5,1,3
event=trace_row ordinal=5786 kind=5 ns=288241289096625 fields=513,6,15,0,0,0,5,0,0,0,16,0,0,0,0,0
event=trace_row ordinal=5787 kind=0 ns=288241288974125 fields=1144,2,0,25,1,0,0,0,0,0,0,0,0,0,0,0
event=trace_row ordinal=5788 kind=1 ns=288241288974125 fields=1144,2,0,1008,1800,200,200,0,1,0,0,0,0,0,0,0
event=trace_row ordinal=5789 kind=3 ns=288241289116750 fields=1144,1145,1,2,288241288974125,0,1000,5,5,0,5,0,5,5,1,3
event=trace_row ordinal=5790 kind=5 ns=288241299023811 fields=513,6,15,0,0,0,5,0,0,0,16,0,0,0,0,0
event=trace_row ordinal=5791 kind=0 ns=288241298943019 fields=1145,2,0,50,2,0,0,0,0,0,0,0,0,0,0,0
event=trace_row ordinal=5792 kind=1 ns=288241298943019 fields=1145,2,0,1008,1800,200,200,0,1,0,0,0,0,0,0,0
event=trace_row ordinal=5793 kind=1 ns=288241298943019 fields=1145,2,1,1008,1800,200,200,0,1,0,0,0,0,0,0,0
event=trace_row ordinal=5794 kind=3 ns=288241299037811 fields=1145,1146,1,2,288241298943019,0,1000,5,5,0,5,0,5,5,1,3
event=trace_row ordinal=5795 kind=5 ns=288241309146705 fields=513,6,15,0,0,0,5,0,0,0,16,0,0,0,0,0
event=trace_row ordinal=5796 kind=0 ns=288241308988621 fields=1146,2,0,25,1,0,0,0,0,0,0,0,0,0,0,0
event=trace_row ordinal=5797 kind=1 ns=288241308988621 fields=1146,2,0,1008,1800,200,200,0,1,0,0,0,0,0,0,0
event=trace_row ordinal=5798 kind=3 ns=288241309173830 fields=1146,1147,1,2,288241308988621,0,1000,5,5,0,5,0,5,5,1,3
event=trace_row ordinal=5799 kind=5 ns=288241319022848 fields=513,6,15,0,0,0,5,0,0,0,16,0,0,0,0,0
event=trace_row ordinal=5800 kind=0 ns=288241318940890 fields=1147,2,0,50,2,0,0,0,0,0,0,0,0,0,0,0
event=trace_row ordinal=5801 kind=1 ns=288241318940890 fields=1147,2,0,1008,1800,200,200,0,1,0,0,0,0,0,0,0
event=trace_row ordinal=5802 kind=1 ns=288241318940890 fields=1147,2,1,1008,1800,200,200,0,1,0,0,0,0,0,0,0
event=trace_row ordinal=5803 kind=3 ns=288241319038307 fields=1147,1148,1,2,288241318940890,0,1000,5,5,0,5,0,5,5,1,3
event=trace_row ordinal=5804 kind=4 ns=288241326901946 fields=385,8,39,20,39,68,0,0,48,0,16,0,0,0,0,0
event=trace_row ordinal=5805 kind=4 ns=288241327108738 fields=641,5,3,0,0,0,0,0,0,0,16,0,0,0,0,0
event=trace_row ordinal=5806 kind=5 ns=288241329122992 fields=513,6,15,0,0,0,5,0,0,0,16,0,0,0,0,0
event=trace_row ordinal=5807 kind=0 ns=288241328982409 fields=1148,2,0,25,1,0,0,0,0,0,0,0,0,0,0,0
event=trace_row ordinal=5808 kind=1 ns=288241328982409 fields=1148,2,0,1008,1800,200,200,0,1,0,0,0,0,0,0,0
event=trace_row ordinal=5809 kind=3 ns=288241329146034 fields=1148,1149,1,2,288241328982409,0,1000,5,5,0,5,0,5,5,1,3
event=trace_row ordinal=5810 kind=5 ns=288241339085178 fields=513,6,15,0,0,0,5,0,0,0,16,0,0,0,0,0
event=trace_row ordinal=5811 kind=0 ns=288241338969677 fields=1149,2,0,25,1,0,0,0,0,0,0,0,0,0,0,0
event=trace_row ordinal=5812 kind=1 ns=288241338969677 fields=1149,2,0,1008,1800,200,200,0,1,0,0,0,0,0,0,0
event=trace_row ordinal=5813 kind=3 ns=288241339105011 fields=1149,1150,1,2,288241338969677,0,1000,5,5,0,5,0,5,5,1,3
event=trace_row ordinal=5814 kind=5 ns=288241349058155 fields=513,6,15,0,0,0,5,0,0,0,16,0,0,0,0,0
event=trace_row ordinal=5815 kind=0 ns=288241348956654 fields=1150,2,0,50,2,0,0,0,0,0,0,0,0,0,0,0
event=trace_row ordinal=5816 kind=1 ns=288241348956654 fields=1150,2,0,1009,1800,200,200,0,1,0,0,0,0,0,0,0
event=trace_row ordinal=5817 kind=1 ns=288241348956654 fields=1150,2,1,1009,1800,200,200,0,1,0,0,0,0,0,0,0
event=trace_row ordinal=5818 kind=3 ns=288241349074488 fields=1150,1151,1,2,288241348956654,0,1000,5,5,0,5,0,5,5,1,3
event=trace_row ordinal=5819 kind=5 ns=288241359112507 fields=513,6,15,0,0,0,5,0,0,0,16,0,0,0,0,0
event=trace_row ordinal=5820 kind=0 ns=288241358979798 fields=1151,2,0,25,1,0,0,0,0,0,0,0,0,0,0,0
event=trace_row ordinal=5821 kind=1 ns=288241358979798 fields=1151,2,0,1009,1800,200,200,0,1,0,0,0,0,0,0,0
event=trace_row ordinal=5822 kind=3 ns=288241359135549 fields=1151,1152,1,2,288241358979798,0,1000,5,5,0,5,0,5,5,1,3
event=trace_row ordinal=5823 kind=5 ns=288241369065651 fields=513,6,15,0,0,0,5,0,0,0,16,0,0,0,0,0
event=trace_row ordinal=5824 kind=0 ns=288241368958317 fields=1152,2,0,50,2,0,0,0,0,0,0,0,0,0,0,0
event=trace_row ordinal=5825 kind=1 ns=288241368958317 fields=1152,2,0,1008,1800,200,200,0,1,0,0,0,0,0,0,0
event=trace_row ordinal=5826 kind=1 ns=288241368958317 fields=1152,2,1,1008,1800,200,200,0,1,0,0,0,0,0,0,0
event=trace_row ordinal=5827 kind=3 ns=288241369084026 fields=1152,1153,1,2,288241368958317,0,1000,5,5,0,5,0,5,5,1,3
event=trace_row ordinal=5828 kind=4 ns=288241376798040 fields=385,8,39,20,39,68,0,0,47,0,16,0,0,0,0,0
event=trace_row ordinal=5829 kind=4 ns=288241377034582 fields=641,5,3,0,0,0,0,0,0,0,16,0,0,0,0,0
event=trace_row ordinal=5830 kind=5 ns=288241379045628 fields=513,6,15,0,0,0,5,0,0,0,16,0,0,0,0,0
event=trace_row ordinal=5831 kind=0 ns=288241378953752 fields=1153,2,0,25,1,0,0,0,0,0,0,0,0,0,0,0
event=trace_row ordinal=5832 kind=1 ns=288241378953752 fields=1153,2,0,1008,1800,200,200,0,1,0,0,0,0,0,0,0
event=trace_row ordinal=5833 kind=3 ns=288241379061378 fields=1153,1154,1,2,288241378953752,0,1000,5,5,0,5,0,5,5,1,3
event=trace_row ordinal=5834 kind=5 ns=288241389083647 fields=513,6,15,0,0,0,5,0,0,0,16,0,0,0,0,0
event=trace_row ordinal=5835 kind=0 ns=288241388967271 fields=1154,2,0,50,2,0,0,0,0,0,0,0,0,0,0,0
event=trace_row ordinal=5836 kind=1 ns=288241388967271 fields=1154,2,0,1009,1800,200,200,0,1,0,0,0,0,0,0,0
event=trace_row ordinal=5837 kind=1 ns=288241388967271 fields=1154,2,1,1009,1800,200,200,0,1,0,0,0,0,0,0,0
event=trace_row ordinal=5838 kind=3 ns=288241389102897 fields=1154,1155,1,2,288241388967271,0,1000,5,5,0,5,0,5,5,1,3
event=trace_row ordinal=5839 kind=5 ns=288241399085499 fields=513,6,15,0,0,0,5,0,0,0,16,0,0,0,0,0
event=trace_row ordinal=5840 kind=0 ns=288241398963582 fields=1155,2,0,25,1,0,0,0,0,0,0,0,0,0,0,0
event=trace_row ordinal=5841 kind=1 ns=288241398963582 fields=1155,2,0,1009,1800,200,200,0,1,0,0,0,0,0,0,0
event=trace_row ordinal=5842 kind=3 ns=288241399106207 fields=1155,1156,1,2,288241398963582,0,1000,5,5,0,5,0,5,5,1,3
event=trace_row ordinal=5843 kind=5 ns=288241409068392 fields=513,6,15,0,0,0,5,0,0,0,16,0,0,0,0,0
event=trace_row ordinal=5844 kind=0 ns=288241408956976 fields=1156,2,0,25,1,0,0,0,0,0,0,0,0,0,0,0
event=trace_row ordinal=5845 kind=1 ns=288241408956976 fields=1156,2,0,1008,1800,200,200,0,1,0,0,0,0,0,0,0
event=trace_row ordinal=5846 kind=3 ns=288241409088809 fields=1156,1157,1,2,288241408956976,0,1000,5,5,0,5,0,5,5,1,3
event=trace_row ordinal=5847 kind=5 ns=288241419051869 fields=513,6,15,0,0,0,5,0,0,0,16,0,0,0,0,0
event=trace_row ordinal=5848 kind=0 ns=288241418949786 fields=1157,2,0,50,2,0,0,0,0,0,0,0,0,0,0,0
event=trace_row ordinal=5849 kind=1 ns=288241418949786 fields=1157,2,0,1008,1800,200,200,0,1,0,0,0,0,0,0,0
event=trace_row ordinal=5850 kind=1 ns=288241418949786 fields=1157,2,1,1009,1800,200,200,0,1,0,0,0,0,0,0,0
event=trace_row ordinal=5851 kind=3 ns=288241419069953 fields=1157,1158,1,2,288241418949786,0,1000,5,5,0,5,0,5,5,1,3
event=trace_row ordinal=5852 kind=4 ns=288241426745176 fields=385,8,39,20,39,68,0,0,48,0,16,0,0,0,0,0
event=trace_row ordinal=5853 kind=4 ns=288241426976468 fields=641,5,3,0,0,0,0,0,0,0,16,0,0,0,0,0
event=trace_row ordinal=5854 kind=5 ns=288241429031847 fields=513,6,15,0,0,0,5,0,0,0,16,0,0,0,0,0
event=trace_row ordinal=5855 kind=0 ns=288241428944346 fields=1158,2,0,25,1,0,0,0,0,0,0,0,0,0,0,0
event=trace_row ordinal=5856 kind=1 ns=288241428944346 fields=1158,2,0,1009,1800,200,200,0,1,0,0,0,0,0,0,0
event=trace_row ordinal=5857 kind=3 ns=288241429048472 fields=1158,1159,1,2,288241428944346,0,1000,5,5,0,5,0,5,5,1,3
event=trace_row ordinal=5858 kind=5 ns=288241439014449 fields=513,6,15,0,0,0,5,0,0,0,16,0,0,0,0,0
event=trace_row ordinal=5859 kind=0 ns=288241438939198 fields=1159,2,0,50,2,0,0,0,0,0,0,0,0,0,0,0
event=trace_row ordinal=5860 kind=1 ns=288241438939198 fields=1159,2,0,1009,1800,200,200,0,1,0,0,0,0,0,0,0
event=trace_row ordinal=5861 kind=1 ns=288241438939198 fields=1159,2,1,1008,1800,200,200,0,1,0,0,0,0,0,0,0
event=trace_row ordinal=5862 kind=3 ns=288241439029032 fields=1159,1160,1,2,288241438939198,0,1000,5,5,0,5,0,5,5,1,3
event=trace_row ordinal=5863 kind=5 ns=288241449043134 fields=513,6,15,0,0,0,5,0,0,0,16,0,0,0,0,0
event=trace_row ordinal=5864 kind=0 ns=288241448951551 fields=1160,2,0,25,1,0,0,0,0,0,0,0,0,0,0,0
event=trace_row ordinal=5865 kind=1 ns=288241448951551 fields=1160,2,0,1008,1800,200,200,0,1,0,0,0,0,0,0,0
event=trace_row ordinal=5866 kind=3 ns=288241449060051 fields=1160,1161,1,2,288241448951551,0,1000,5,5,0,5,0,5,5,1,3
event=trace_row ordinal=5867 kind=4 ns=288241455859397 fields=1793,1,5,0,0,0,0,0,0,0,16,0,0,0,0,0
event=trace_row ordinal=5868 kind=5 ns=288241458991028 fields=513,6,15,0,0,0,5,0,0,0,16,0,0,0,0,0
event=trace_row ordinal=5869 kind=0 ns=288241458928319 fields=1161,2,0,50,2,0,0,0,0,0,0,0,0,0,0,0
event=trace_row ordinal=5870 kind=1 ns=288241458928319 fields=1161,2,0,1008,1800,200,200,0,1,0,0,0,0,0,0,0
event=trace_row ordinal=5871 kind=1 ns=288241458928319 fields=1161,2,1,1009,1800,200,200,0,1,0,0,0,0,0,0,0
event=trace_row ordinal=5872 kind=3 ns=288241459001236 fields=1161,1162,1,2,288241458928319,0,1000,5,5,0,5,0,5,5,1,3
event=trace_row ordinal=5873 kind=5 ns=288241468981213 fields=513,6,15,0,0,0,5,0,0,0,16,0,0,0,0,0
event=trace_row ordinal=5874 kind=0 ns=288241468925505 fields=1162,2,0,25,1,0,0,0,0,0,0,0,0,0,0,0
event=trace_row ordinal=5875 kind=1 ns=288241468925505 fields=1162,2,0,1009,1800,200,200,0,1,0,0,0,0,0,0,0
event=trace_row ordinal=5876 kind=3 ns=288241468990547 fields=1162,1163,1,2,288241468925505,0,1000,5,5,0,5,0,5,5,1,3
event=trace_row ordinal=5877 kind=4 ns=288241476666061 fields=385,8,39,20,39,68,0,0,52,0,16,0,0,0,0,0
event=trace_row ordinal=5878 kind=4 ns=288241476920395 fields=641,5,3,0,0,0,0,0,0,0,16,0,0,0,0,0
event=trace_row ordinal=5879 kind=5 ns=288241478981024 fields=513,6,15,0,0,0,5,0,0,0,16,0,0,0,0,0
event=trace_row ordinal=5880 kind=0 ns=288241478925607 fields=1163,2,0,25,1,0,0,0,0,0,0,0,0,0,0,0
event=trace_row ordinal=5881 kind=1 ns=288241478925607 fields=1163,2,0,1009,1800,200,200,0,1,0,0,0,0,0,0,0
event=trace_row ordinal=5882 kind=3 ns=288241478990649 fields=1163,1164,1,2,288241478925607,0,1000,5,5,0,5,0,5,5,1,3
event=trace_row ordinal=5883 kind=5 ns=288241488985209 fields=513,6,15,0,0,0,5,0,0,0,16,0,0,0,0,0
event=trace_row ordinal=5884 kind=0 ns=288241488925126 fields=1164,2,0,50,2,0,0,0,0,0,0,0,0,0,0,0
event=trace_row ordinal=5885 kind=1 ns=288241488925126 fields=1164,2,0,1008,1800,200,200,0,1,0,0,0,0,0,0,0
event=trace_row ordinal=5886 kind=1 ns=288241488925126 fields=1164,2,1,1008,1800,200,200,0,1,0,0,0,0,0,0,0
event=trace_row ordinal=5887 kind=3 ns=288241488994834 fields=1164,1165,1,2,288241488925126,0,1000,5,5,0,5,0,5,5,1,3
event=trace_row ordinal=5888 kind=5 ns=288241498979478 fields=513,6,15,0,0,0,5,0,0,0,16,0,0,0,0,0
event=trace_row ordinal=5889 kind=0 ns=288241498925228 fields=1165,2,0,25,1,0,0,0,0,0,0,0,0,0,0,0
event=trace_row ordinal=5890 kind=1 ns=288241498925228 fields=1165,2,0,1008,1800,200,200,0,1,0,0,0,0,0,0,0
event=trace_row ordinal=5891 kind=3 ns=288241498988520 fields=1165,1166,1,2,288241498925228,0,1000,5,5,0,5,0,5,5,1,3
event=trace_row ordinal=5892 kind=5 ns=288241508984247 fields=513,6,15,0,0,0,5,0,0,0,16,0,0,0,0,0
event=trace_row ordinal=5893 kind=0 ns=288241508925038 fields=1166,2,0,50,2,0,0,0,0,0,0,0,0,0,0,0
event=trace_row ordinal=5894 kind=1 ns=288241508925038 fields=1166,2,0,1009,1800,200,200,0,1,0,0,0,0,0,0,0
event=trace_row ordinal=5895 kind=1 ns=288241508925038 fields=1166,2,1,1009,1800,200,200,0,1,0,0,0,0,0,0,0
event=trace_row ordinal=5896 kind=3 ns=288241508993872 fields=1166,1167,1,2,288241508925038,0,1000,5,5,0,5,0,5,5,1,3
event=trace_row ordinal=5897 kind=5 ns=288241518979391 fields=513,6,15,0,0,0,5,0,0,0,16,0,0,0,0,0
event=trace_row ordinal=5898 kind=0 ns=288241518924557 fields=1167,2,0,25,1,0,0,0,0,0,0,0,0,0,0,0
event=trace_row ordinal=5899 kind=1 ns=288241518924557 fields=1167,2,0,1009,1800,200,200,0,1,0,0,0,0,0,0,0
event=trace_row ordinal=5900 kind=3 ns=288241518988432 fields=1167,1168,1,2,288241518924557,0,1000,5,5,0,5,0,5,5,1,3
event=trace_row ordinal=5901 kind=4 ns=288241526606488 fields=385,8,39,20,39,68,0,0,45,0,16,0,0,0,0,0
event=trace_row ordinal=5902 kind=4 ns=288241526868405 fields=641,5,3,0,0,0,0,0,0,0,16,0,0,0,0,0
event=trace_row ordinal=5903 kind=5 ns=288241528984451 fields=513,6,15,0,0,0,5,0,0,0,16,0,0,0,0,0
event=trace_row ordinal=5904 kind=0 ns=288241528924951 fields=1168,2,0,50,2,0,0,0,0,0,0,0,0,0,0,0
event=trace_row ordinal=5905 kind=1 ns=288241528924951 fields=1168,2,0,1008,1800,200,200,0,1,0,0,0,0,0,0,0
event=trace_row ordinal=5906 kind=1 ns=288241528924951 fields=1168,2,1,1008,1800,200,200,0,1,0,0,0,0,0,0,0
event=trace_row ordinal=5907 kind=3 ns=288241528994076 fields=1168,1169,1,2,288241528924951,0,1000,5,5,0,5,0,5,5,1,3
event=trace_row ordinal=5908 kind=5 ns=288241538978720 fields=513,6,15,0,0,0,5,0,0,0,16,0,0,0,0,0
event=trace_row ordinal=5909 kind=0 ns=288241538925053 fields=1169,2,0,25,1,0,0,0,0,0,0,0,0,0,0,0
event=trace_row ordinal=5910 kind=1 ns=288241538925053 fields=1169,2,0,1008,1800,200,200,0,1,0,0,0,0,0,0,0
event=trace_row ordinal=5911 kind=3 ns=288241538988053 fields=1169,1170,1,2,288241538925053,0,1000,5,5,0,5,0,5,5,1,3
event=trace_row ordinal=5912 kind=5 ns=288241548978530 fields=513,6,15,0,0,0,5,0,0,0,16,0,0,0,0,0
event=trace_row ordinal=5913 kind=0 ns=288241548925155 fields=1170,2,0,25,1,0,0,0,0,0,0,0,0,0,0,0
event=trace_row ordinal=5914 kind=1 ns=288241548925155 fields=1170,2,0,1009,1800,200,200,0,1,0,0,0,0,0,0,0
event=trace_row ordinal=5915 kind=3 ns=288241548987864 fields=1170,1171,1,2,288241548925155,0,1000,5,5,0,5,0,5,5,1,3
event=trace_row ordinal=5916 kind=5 ns=288241558983007 fields=513,6,15,0,0,0,5,0,0,0,16,0,0,0,0,0
event=trace_row ordinal=5917 kind=0 ns=288241558924966 fields=1171,2,0,50,2,0,0,0,0,0,0,0,0,0,0,0
event=trace_row ordinal=5918 kind=1 ns=288241558924966 fields=1171,2,0,1009,1800,200,200,0,1,0,0,0,0,0,0,0
event=trace_row ordinal=5919 kind=1 ns=288241558924966 fields=1171,2,1,1008,1800,200,200,0,1,0,0,0,0,0,0,0
event=trace_row ordinal=5920 kind=3 ns=288241558992924 fields=1171,1172,1,2,288241558924966,0,1000,5,5,0,5,0,5,5,1,3
event=trace_row ordinal=5921 kind=5 ns=288241568979026 fields=513,6,15,0,0,0,5,0,0,0,16,0,0,0,0,0
event=trace_row ordinal=5922 kind=0 ns=288241568925068 fields=1172,2,0,25,1,0,0,0,0,0,0,0,0,0,0,0
event=trace_row ordinal=5923 kind=1 ns=288241568925068 fields=1172,2,0,1008,1800,200,200,0,1,0,0,0,0,0,0,0
event=trace_row ordinal=5924 kind=3 ns=288241568988359 fields=1172,1173,1,2,288241568925068,0,1000,5,5,0,5,0,5,5,1,3
event=trace_row ordinal=5925 kind=4 ns=288241576555665 fields=385,8,39,20,39,68,0,0,48,0,16,0,0,0,0,0
event=trace_row ordinal=5926 kind=4 ns=288241576822249 fields=641,5,3,0,0,0,0,0,0,0,16,0,0,0,0,0
event=trace_row ordinal=5927 kind=5 ns=288241578982920 fields=513,6,15,0,0,0,5,0,0,0,16,0,0,0,0,0
event=trace_row ordinal=5928 kind=0 ns=288241578924878 fields=1173,2,0,50,2,0,0,0,0,0,0,0,0,0,0,0
event=trace_row ordinal=5929 kind=1 ns=288241578924878 fields=1173,2,0,1008,1800,200,200,0,1,0,0,0,0,0,0,0
event=trace_row ordinal=5930 kind=1 ns=288241578924878 fields=1173,2,1,1009,1800,200,200,0,1,0,0,0,0,0,0,0
event=trace_row ordinal=5931 kind=3 ns=288241578992545 fields=1173,1174,1,2,288241578924878,0,1000,5,5,0,5,0,5,5,1,3
event=trace_row ordinal=5932 kind=5 ns=288241588978939 fields=513,6,15,0,0,0,5,0,0,0,16,0,0,0,0,0
event=trace_row ordinal=5933 kind=0 ns=288241588925564 fields=1174,2,0,25,1,0,0,0,0,0,0,0,0,0,0,0
event=trace_row ordinal=5934 kind=1 ns=288241588925564 fields=1174,2,0,1009,1800,200,200,0,1,0,0,0,0,0,0,0
event=trace_row ordinal=5935 kind=3 ns=288241588988272 fields=1174,1175,1,2,288241588925564,0,1000,5,5,0,5,0,5,5,1,3
event=trace_row ordinal=5936 kind=5 ns=288241598983999 fields=513,6,15,0,0,0,5,0,0,0,16,0,0,0,0,0
event=trace_row ordinal=5937 kind=0 ns=288241598925082 fields=1175,2,0,50,2,0,0,0,0,0,0,0,0,0,0,0
event=trace_row ordinal=5938 kind=1 ns=288241598925082 fields=1175,2,0,1009,1800,200,200,0,1,0,0,0,0,0,0,0
event=trace_row ordinal=5939 kind=1 ns=288241598925082 fields=1175,2,1,1008,1800,200,200,0,1,0,0,0,0,0,0,0
event=trace_row ordinal=5940 kind=3 ns=288241598993624 fields=1175,1176,1,2,288241598925082,0,1000,5,5,0,5,0,5,5,1,3
event=trace_row ordinal=5941 kind=5 ns=288241609099310 fields=513,6,15,0,0,0,5,0,0,0,16,0,0,0,0,0
event=trace_row ordinal=5942 kind=0 ns=288241608970393 fields=1176,2,0,25,1,0,0,0,0,0,0,0,0,0,0,0
event=trace_row ordinal=5943 kind=1 ns=288241608970393 fields=1176,2,0,1008,1800,200,200,0,1,0,0,0,0,0,0,0
event=trace_row ordinal=5944 kind=3 ns=288241609119435 fields=1176,1177,1,2,288241608970393,0,1000,5,5,0,5,0,5,5,1,3
event=trace_row ordinal=5945 kind=5 ns=288241619004620 fields=513,6,15,0,0,0,5,0,0,0,16,0,0,0,0,0
event=trace_row ordinal=5946 kind=0 ns=288241618937537 fields=1177,2,0,25,1,0,0,0,0,0,0,0,0,0,0,0
event=trace_row ordinal=5947 kind=1 ns=288241618937537 fields=1177,2,0,1008,1800,200,200,0,1,0,0,0,0,0,0,0
event=trace_row ordinal=5948 kind=3 ns=288241619015995 fields=1177,1178,1,2,288241618937537,0,1000,5,5,0,5,0,5,5,1,3
event=trace_row ordinal=5949 kind=4 ns=288241626514759 fields=385,8,39,20,39,68,0,0,52,0,16,0,0,0,0,0
event=trace_row ordinal=5950 kind=4 ns=288241626762676 fields=641,5,3,0,0,0,0,0,0,0,16,0,0,0,0,0
event=trace_row ordinal=5951 kind=5 ns=288241628988389 fields=513,6,15,0,0,0,5,0,0,0,16,0,0,0,0,0
event=trace_row ordinal=5952 kind=0 ns=288241628928014 fields=1178,2,0,52,2,0,0,0,0,0,0,0,0,0,0,0
event=trace_row ordinal=5953 kind=1 ns=288241628928014 fields=1178,2,0,1008,1800,200,200,0,1,0,0,0,0,0,0,0
event=trace_row ordinal=5954 kind=1 ns=288241628928014 fields=1178,2,1,1008,1800,200,200,0,1,0,0,0,0,0,0,0
event=trace_row ordinal=5955 kind=3 ns=288241628998597 fields=1178,1179,1,2,288241628928014,0,1000,5,5,0,5,0,5,5,1,3
event=trace_row ordinal=5956 kind=5 ns=288241638979449 fields=513,6,15,0,0,0,5,0,0,0,16,0,0,0,0,0
event=trace_row ordinal=5957 kind=0 ns=288241638926074 fields=1179,2,0,26,1,0,0,0,0,0,0,0,0,0,0,0
event=trace_row ordinal=5958 kind=1 ns=288241638926074 fields=1179,2,0,1008,1800,200,200,0,1,0,0,0,0,0,0,0
event=trace_row ordinal=5959 kind=3 ns=288241638988783 fields=1179,1180,1,2,288241638926074,0,1000,5,5,0,5,0,5,5,1,3
event=trace_row ordinal=5960 kind=5 ns=288241648985385 fields=513,6,15,0,0,0,5,0,0,0,16,0,0,0,0,0
event=trace_row ordinal=5961 kind=0 ns=288241648926176 fields=1180,2,0,52,2,0,0,0,0,0,0,0,0,0,0,0
event=trace_row ordinal=5962 kind=1 ns=288241648926176 fields=1180,2,0,1008,1800,200,200,0,1,0,0,0,0,0,0,0
event=trace_row ordinal=5963 kind=1 ns=288241648926176 fields=1180,2,1,1008,1800,200,200,0,1,0,0,0,0,0,0,0
event=trace_row ordinal=5964 kind=3 ns=288241648995010 fields=1180,1181,1,2,288241648926176,0,1000,5,5,0,5,0,5,5,1,3
event=trace_row ordinal=5965 kind=5 ns=288241658979654 fields=513,6,15,0,0,0,5,0,0,0,16,0,0,0,0,0
event=trace_row ordinal=5966 kind=0 ns=288241658924528 fields=1181,2,0,26,1,0,0,0,0,0,0,0,0,0,0,0
event=trace_row ordinal=5967 kind=1 ns=288241658924528 fields=1181,2,0,1008,1800,200,200,0,1,0,0,0,0,0,0,0
event=trace_row ordinal=5968 kind=3 ns=288241658988987 fields=1181,1182,1,2,288241658924528,0,1000,5,5,0,5,0,5,5,1,3
event=trace_row ordinal=5969 kind=5 ns=288241668985297 fields=513,6,15,0,0,0,5,0,0,0,16,0,0,0,0,0
event=trace_row ordinal=5970 kind=0 ns=288241668925506 fields=1182,2,0,52,2,0,0,0,0,0,0,0,0,0,0,0
event=trace_row ordinal=5971 kind=1 ns=288241668925506 fields=1182,2,0,1008,1800,200,200,0,1,0,0,0,0,0,0,0
event=trace_row ordinal=5972 kind=1 ns=288241668925506 fields=1182,2,1,1008,1800,200,200,0,1,0,0,0,0,0,0,0
event=trace_row ordinal=5973 kind=3 ns=288241668994631 fields=1182,1183,1,2,288241668925506,0,1000,5,5,0,5,0,5,5,1,3
event=trace_row ordinal=5974 kind=4 ns=288241676446728 fields=385,8,39,20,39,68,0,0,52,0,16,0,0,0,0,0
event=trace_row ordinal=5975 kind=4 ns=288241676712145 fields=641,5,3,0,0,0,0,0,0,0,16,0,0,0,0,0
event=trace_row ordinal=5976 kind=5 ns=288241678980733 fields=513,6,15,0,0,0,5,0,0,0,16,0,0,0,0,0
event=trace_row ordinal=5977 kind=0 ns=288241678925608 fields=1183,2,0,26,1,0,0,0,0,0,0,0,0,0,0,0
event=trace_row ordinal=5978 kind=1 ns=288241678925608 fields=1183,2,0,1008,1800,200,200,0,1,0,0,0,0,0,0,0
event=trace_row ordinal=5979 kind=3 ns=288241678990066 fields=1183,1184,1,2,288241678925608,0,1000,5,5,0,5,0,5,5,1,3
event=trace_row ordinal=5980 kind=5 ns=288241688979085 fields=513,6,15,0,0,0,5,0,0,0,16,0,0,0,0,0
event=trace_row ordinal=5981 kind=0 ns=288241688924543 fields=1184,2,0,26,1,0,0,0,0,0,0,0,0,0,0,0
event=trace_row ordinal=5982 kind=1 ns=288241688924543 fields=1184,2,0,1008,1800,200,200,0,1,0,0,0,0,0,0,0
event=trace_row ordinal=5983 kind=3 ns=288241688988418 fields=1184,1185,1,2,288241688924543,0,1000,5,5,0,5,0,5,5,1,3
event=trace_row ordinal=5984 kind=5 ns=288241698983854 fields=513,6,15,0,0,0,5,0,0,0,16,0,0,0,0,0
event=trace_row ordinal=5985 kind=0 ns=288241698924937 fields=1185,2,0,51,2,0,0,0,0,0,0,0,0,0,0,0
event=trace_row ordinal=5986 kind=1 ns=288241698924937 fields=1185,2,0,1008,1800,200,200,0,1,0,0,0,0,0,0,0
event=trace_row ordinal=5987 kind=1 ns=288241698924937 fields=1185,2,1,1008,1800,200,200,0,1,0,0,0,0,0,0,0
event=trace_row ordinal=5988 kind=3 ns=288241698993479 fields=1185,1186,1,2,288241698924937,0,1000,5,5,0,5,0,5,5,1,3
event=trace_row ordinal=5989 kind=4 ns=288241705331991 fields=1793,1,5,0,0,0,0,0,0,0,16,0,0,0,0,0
event=trace_row ordinal=5990 kind=5 ns=288241708978706 fields=513,6,15,0,0,0,5,0,0,0,16,0,0,0,0,0
event=trace_row ordinal=5991 kind=0 ns=288241708924747 fields=1186,2,0,25,1,0,0,0,0,0,0,0,0,0,0,0
event=trace_row ordinal=5992 kind=1 ns=288241708924747 fields=1186,2,0,1008,1800,200,200,0,1,0,0,0,0,0,0,0
event=trace_row ordinal=5993 kind=3 ns=288241708988039 fields=1186,1187,1,2,288241708924747,0,1000,5,5,0,5,0,5,5,1,3
event=trace_row ordinal=5994 kind=5 ns=288241718983766 fields=513,6,15,0,0,0,5,0,0,0,16,0,0,0,0,0
event=trace_row ordinal=5995 kind=0 ns=288241718924558 fields=1187,2,0,50,2,0,0,0,0,0,0,0,0,0,0,0
event=trace_row ordinal=5996 kind=1 ns=288241718924558 fields=1187,2,0,1008,1800,200,200,0,1,0,0,0,0,0,0,0
event=trace_row ordinal=5997 kind=1 ns=288241718924558 fields=1187,2,1,1008,1800,200,200,0,1,0,0,0,0,0,0,0
event=trace_row ordinal=5998 kind=3 ns=288241718993391 fields=1187,1188,1,2,288241718924558,0,1000,5,5,0,5,0,5,5,1,3
event=trace_row ordinal=5999 kind=4 ns=288241726392113 fields=385,8,39,20,39,68,0,0,47,0,16,0,0,0,0,0
event=trace_row ordinal=6000 kind=4 ns=288241726655781 fields=641,5,3,0,0,0,0,0,0,0,16,0,0,0,0,0
event=trace_row ordinal=6001 kind=5 ns=288241728978035 fields=513,6,15,0,0,0,5,0,0,0,16,0,0,0,0,0
event=trace_row ordinal=6002 kind=0 ns=288241728923202 fields=1188,2,0,25,1,0,0,0,0,0,0,0,0,0,0,0
event=trace_row ordinal=6003 kind=1 ns=288241728923202 fields=1188,2,0,1008,1800,200,200,0,1,0,0,0,0,0,0,0
event=trace_row ordinal=6004 kind=3 ns=288241728987368 fields=1188,1189,1,2,288241728923202,0,1000,5,5,0,5,0,5,5,1,3
event=trace_row ordinal=6005 kind=5 ns=288241738984845 fields=513,6,15,0,0,0,5,0,0,0,16,0,0,0,0,0
event=trace_row ordinal=6006 kind=0 ns=288241738925637 fields=1189,2,0,50,2,0,0,0,0,0,0,0,0,0,0,0
event=trace_row ordinal=6007 kind=1 ns=288241738925637 fields=1189,2,0,1008,1800,200,200,0,1,0,0,0,0,0,0,0
event=trace_row ordinal=6008 kind=1 ns=288241738925637 fields=1189,2,1,1008,1800,200,200,0,1,0,0,0,0,0,0,0
event=trace_row ordinal=6009 kind=3 ns=288241738994470 fields=1189,1190,1,2,288241738925637,0,1000,5,5,0,5,0,5,5,1,3
event=trace_row ordinal=6010 kind=5 ns=288241748980281 fields=513,6,15,0,0,0,5,0,0,0,16,0,0,0,0,0
event=trace_row ordinal=6011 kind=0 ns=288241748926031 fields=1190,2,0,25,1,0,0,0,0,0,0,0,0,0,0,0
event=trace_row ordinal=6012 kind=1 ns=288241748926031 fields=1190,2,0,1008,1800,200,200,0,1,0,0,0,0,0,0,0
event=trace_row ordinal=6013 kind=3 ns=288241748989614 fields=1190,1191,1,2,288241748926031,0,1000,5,5,0,5,0,5,5,1,3
event=trace_row ordinal=6014 kind=5 ns=288241758982425 fields=513,6,15,0,0,0,5,0,0,0,16,0,0,0,0,0
event=trace_row ordinal=6015 kind=0 ns=288241758925550 fields=1191,2,0,25,1,0,0,0,0,0,0,0,0,0,0,0
event=trace_row ordinal=6016 kind=1 ns=288241758925550 fields=1191,2,0,1008,1800,200,200,0,1,0,0,0,0,0,0,0
event=trace_row ordinal=6017 kind=3 ns=288241758991758 fields=1191,1192,1,2,288241758925550,0,1000,5,5,0,5,0,5,5,1,3
event=trace_row ordinal=6018 kind=5 ns=288241768987777 fields=513,6,15,0,0,0,5,0,0,0,16,0,0,0,0,0
event=trace_row ordinal=6019 kind=0 ns=288241768926818 fields=1192,2,0,50,2,0,0,0,0,0,0,0,0,0,0,0
event=trace_row ordinal=6020 kind=1 ns=288241768926818 fields=1192,2,0,1008,1800,200,200,0,1,0,0,0,0,0,0,0
event=trace_row ordinal=6021 kind=1 ns=288241768926818 fields=1192,2,1,1008,1800,200,200,0,1,0,0,0,0,0,0,0
event=trace_row ordinal=6022 kind=3 ns=288241768997985 fields=1192,1193,1,2,288241768926818,0,1000,5,5,0,5,0,5,5,1,3
event=trace_row ordinal=6023 kind=4 ns=288241776363166 fields=385,8,39,20,39,68,0,0,50,0,16,0,0,0,0,0
event=trace_row ordinal=6024 kind=4 ns=288241776604666 fields=641,5,3,0,0,0,0,0,0,0,16,0,0,0,0,0
event=trace_row ordinal=6025 kind=5 ns=288241779044754 fields=513,6,15,0,0,0,5,0,0,0,16,0,0,0,0,0
event=trace_row ordinal=6026 kind=0 ns=288241778947629 fields=1193,2,0,25,1,0,0,0,0,0,0,0,0,0,0,0
event=trace_row ordinal=6027 kind=1 ns=288241778947629 fields=1193,2,0,1008,1800,200,200,0,1,0,0,0,0,0,0,0
event=trace_row ordinal=6028 kind=3 ns=288241779062546 fields=1193,1194,1,2,288241778947629,0,1000,5,5,0,5,0,5,5,1,3
event=trace_row ordinal=6029 kind=5 ns=288241789050398 fields=513,6,15,0,0,0,5,0,0,0,16,0,0,0,0,0
event=trace_row ordinal=6030 kind=0 ns=288241788949189 fields=1194,2,0,50,2,0,0,0,0,0,0,0,0,0,0,0
event=trace_row ordinal=6031 kind=1 ns=288241788949189 fields=1194,2,0,1009,1800,200,200,0,1,0,0,0,0,0,0,0
event=trace_row ordinal=6032 kind=1 ns=288241788949189 fields=1194,2,1,1009,1800,200,200,0,1,0,0,0,0,0,0,0
event=trace_row ordinal=6033 kind=3 ns=288241789068190 fields=1194,1195,1,2,288241788949189,0,1000,5,5,0,5,0,5,5,1,3
event=trace_row ordinal=6034 kind=5 ns=288241799024542 fields=513,6,15,0,0,0,5,0,0,0,16,0,0,0,0,0
event=trace_row ordinal=6035 kind=0 ns=288241798942000 fields=1195,2,0,25,1,0,0,0,0,0,0,0,0,0,0,0
event=trace_row ordinal=6036 kind=1 ns=288241798942000 fields=1195,2,0,1009,1800,200,200,0,1,0,0,0,0,0,0,0
event=trace_row ordinal=6037 kind=3 ns=288241799040292 fields=1195,1196,1,2,288241798942000,0,1000,5,5,0,5,0,5,5,1,3
event=trace_row ordinal=6038 kind=5 ns=288241809110977 fields=513,6,15,0,0,0,5,0,0,0,16,0,0,0,0,0
event=trace_row ordinal=6039 kind=0 ns=288241808969810 fields=1196,2,0,50,2,0,0,0,0,0,0,0,0,0,0,0
event=trace_row ordinal=6040 kind=1 ns=288241808969810 fields=1196,2,0,1008,1800,200,200,0,1,0,0,0,0,0,0,0
event=trace_row ordinal=6041 kind=1 ns=288241808969810 fields=1196,2,1,1008,1800,200,200,0,1,0,0,0,0,0,0,0
event=trace_row ordinal=6042 kind=3 ns=288241809133436 fields=1196,1197,1,2,288241808969810,0,1000,5,5,0,5,0,5,5,1,3
event=trace_row ordinal=6043 kind=5 ns=288241819068788 fields=513,6,15,0,0,0,5,0,0,0,16,0,0,0,0,0
event=trace_row ordinal=6044 kind=0 ns=288241818957371 fields=1197,2,0,25,1,0,0,0,0,0,0,0,0,0,0,0
event=trace_row ordinal=6045 kind=1 ns=288241818957371 fields=1197,2,0,1008,1800,200,200,0,1,0,0,0,0,0,0,0
event=trace_row ordinal=6046 kind=3 ns=288241819088621 fields=1197,1198,1,2,288241818957371,0,1000,5,5,0,5,0,5,5,1,3
event=trace_row ordinal=6047 kind=4 ns=288241826337718 fields=385,8,39,20,39,68,0,0,45,0,16,0,0,0,0,0
event=trace_row ordinal=6048 kind=4 ns=288241826554427 fields=641,5,3,0,0,0,0,0,0,0,16,0,0,0,0,0
event=trace_row ordinal=6049 kind=5 ns=288241829079681 fields=513,6,15,0,0,0,5,0,0,0,16,0,0,0,0,0
event=trace_row ordinal=6050 kind=0 ns=288241828968848 fields=1198,2,0,25,1,0,0,0,0,0,0,0,0,0,0,0
event=trace_row ordinal=6051 kind=1 ns=288241828968848 fields=1198,2,0,1008,1800,200,200,0,1,0,0,0,0,0,0,0
event=trace_row ordinal=6052 kind=3 ns=288241829099515 fields=1198,1199,1,2,288241828968848,0,1000,5,5,0,5,0,5,5,1,3
event=trace_row ordinal=6053 kind=5 ns=288241839039825 fields=513,6,15,0,0,0,5,0,0,0,16,0,0,0,0,0
event=trace_row ordinal=6054 kind=0 ns=288241838950283 fields=1199,2,0,50,2,0,0,0,0,0,0,0,0,0,0,0
event=trace_row ordinal=6055 kind=1 ns=288241838950283 fields=1199,2,0,1008,1800,200,200,0,1,0,0,0,0,0,0,0
event=trace_row ordinal=6056 kind=1 ns=288241838950283 fields=1199,2,1,1008,1800,200,200,0,1,0,0,0,0,0,0,0
event=trace_row ordinal=6057 kind=3 ns=288241839055867 fields=1199,1200,1,2,288241838950283,0,1000,5,5,0,5,0,5,5,1,3
event=trace_row ordinal=6058 kind=5 ns=288241849142886 fields=513,6,15,0,0,0,5,0,0,0,16,0,0,0,0,0
event=trace_row ordinal=6059 kind=0 ns=288241848990635 fields=1200,2,0,25,1,0,0,0,0,0,0,0,0,0,0,0
event=trace_row ordinal=6060 kind=1 ns=288241848990635 fields=1200,2,0,1008,1800,200,200,0,1,0,0,0,0,0,0,0
event=trace_row ordinal=6061 kind=3 ns=288241849168261 fields=1200,1201,1,2,288241848990635,0,1000,5,5,0,5,0,5,5,1,3
event=trace_row ordinal=6062 kind=5 ns=288241859049946 fields=513,6,15,0,0,0,5,0,0,0,16,0,0,0,0,0
event=trace_row ordinal=6063 kind=0 ns=288241858953987 fields=1201,2,0,50,2,0,0,0,0,0,0,0,0,0,0,0
event=trace_row ordinal=6064 kind=1 ns=288241858953987 fields=1201,2,0,1008,1800,200,200,0,1,0,0,0,0,0,0,0
event=trace_row ordinal=6065 kind=1 ns=288241858953987 fields=1201,2,1,1009,1800,200,200,0,1,0,0,0,0,0,0,0
event=trace_row ordinal=6066 kind=3 ns=288241859067446 fields=1201,1202,1,2,288241858953987,0,1000,5,5,0,5,0,5,5,1,3
event=trace_row ordinal=6067 kind=5 ns=288241869148048 fields=513,6,15,0,0,0,5,0,0,0,16,0,0,0,0,0
event=trace_row ordinal=6068 kind=0 ns=288241868992006 fields=1202,2,0,25,1,0,0,0,0,0,0,0,0,0,0,0
event=trace_row ordinal=6069 kind=1 ns=288241868992006 fields=1202,2,0,1009,1800,200,200,0,1,0,0,0,0,0,0,0
event=trace_row ordinal=6070 kind=3 ns=288241869173715 fields=1202,1203,1,2,288241868992006,0,1000,5,5,0,5,0,5,5,1,3
event=trace_row ordinal=6071 kind=4 ns=288241876267062 fields=385,8,39,20,39,68,0,0,51,0,16,0,0,0,0,0
event=trace_row ordinal=6072 kind=4 ns=288241876499520 fields=641,5,3,0,0,0,0,0,0,0,16,0,0,0,0,0
event=trace_row ordinal=6073 kind=5 ns=288241879096525 fields=513,6,15,0,0,0,5,0,0,0,16,0,0,0,0,0
event=trace_row ordinal=6074 kind=0 ns=288241879038192 fields=1203,2,0,50,2,0,0,0,0,0,0,0,0,0,0,0
event=trace_row ordinal=6075 kind=1 ns=288241879038192 fields=1203,2,0,1009,1800,200,200,0,1,0,0,0,0,0,0,0
event=trace_row ordinal=6076 kind=1 ns=288241879038192 fields=1203,2,1,1008,1800,200,200,0,1,0,0,0,0,0,0,0
event=trace_row ordinal=6077 kind=3 ns=288241879106734 fields=1203,1204,1,2,288241879038192,0,1000,5,5,0,5,0,5,5,1,3
event=trace_row ordinal=6078 kind=5 ns=288241888973252 fields=513,6,15,0,0,0,5,0,0,0,16,0,0,0,0,0
event=trace_row ordinal=6079 kind=0 ns=288241888920752 fields=1204,2,0,25,1,0,0,0,0,0,0,0,0,0,0,0
event=trace_row ordinal=6080 kind=1 ns=288241888920752 fields=1204,2,0,1008,1800,200,200,0,1,0,0,0,0,0,0,0
event=trace_row ordinal=6081 kind=3 ns=288241888981711 fields=1204,1205,1,2,288241888920752,0,1000,5,5,0,5,0,5,5,1,3
event=trace_row ordinal=6082 kind=5 ns=288241898966063 fields=513,6,15,0,0,0,5,0,0,0,16,0,0,0,0,0
event=trace_row ordinal=6083 kind=0 ns=288241898917646 fields=1205,2,0,25,1,0,0,0,0,0,0,0,0,0,0,0
event=trace_row ordinal=6084 kind=1 ns=288241898917646 fields=1205,2,0,1008,1800,200,200,0,1,0,0,0,0,0,0,0
event=trace_row ordinal=6085 kind=3 ns=288241898973938 fields=1205,1206,1,2,288241898917646,0,1000,5,5,0,5,0,5,5,1,3
event=trace_row ordinal=6086 kind=5 ns=288241908950123 fields=513,6,15,0,0,0,5,0,0,0,16,0,0,0,0,0
event=trace_row ordinal=6087 kind=0 ns=288241908908123 fields=1206,2,0,50,2,0,0,0,0,0,0,0,0,0,0,0
event=trace_row ordinal=6088 kind=1 ns=288241908908123 fields=1206,2,0,1009,1800,200,200,0,1,0,0,0,0,0,0,0
event=trace_row ordinal=6089 kind=1 ns=288241908908123 fields=1206,2,1,1009,1800,200,200,0,1,0,0,0,0,0,0,0
event=trace_row ordinal=6090 kind=3 ns=288241908957123 fields=1206,1207,1,2,288241908908123,0,1000,5,5,0,5,0,5,5,1,3
event=trace_row ordinal=6091 kind=5 ns=288241918941475 fields=513,6,15,0,0,0,5,0,0,0,16,0,0,0,0,0
event=trace_row ordinal=6092 kind=0 ns=288241918907058 fields=1207,2,0,25,1,0,0,0,0,0,0,0,0,0,0,0
event=trace_row ordinal=6093 kind=1 ns=288241918907058 fields=1207,2,0,1009,1800,200,200,0,1,0,0,0,0,0,0,0
event=trace_row ordinal=6094 kind=3 ns=288241918946725 fields=1207,1208,1,2,288241918907058,0,1000,5,5,0,5,0,5,5,1,3
event=trace_row ordinal=6095 kind=4 ns=288241926201364 fields=385,8,39,20,39,68,0,0,46,0,16,0,0,0,0,0
event=trace_row ordinal=6096 kind=4 ns=288241926446656 fields=641,5,3,0,0,0,0,0,0,0,16,0,0,0,0,0
event=trace_row ordinal=6097 kind=5 ns=288241928980952 fields=513,6,15,0,0,0,5,0,0,0,16,0,0,0,0,0
event=trace_row ordinal=6098 kind=0 ns=288241928924661 fields=1208,2,0,50,2,0,0,0,0,0,0,0,0,0,0,0
event=trace_row ordinal=6099 kind=1 ns=288241928924661 fields=1208,2,0,1008,1800,200,200,0,1,0,0,0,0,0,0,0
event=trace_row ordinal=6100 kind=1 ns=288241928924661 fields=1208,2,1,1008,1800,200,200,0,1,0,0,0,0,0,0,0
event=trace_row ordinal=6101 kind=3 ns=288241928989994 fields=1208,1209,1,2,288241928924661,0,1000,5,5,0,5,0,5,5,1,3
event=trace_row ordinal=6102 kind=5 ns=288241938940221 fields=513,6,15,0,0,0,5,0,0,0,16,0,0,0,0,0
event=trace_row ordinal=6103 kind=0 ns=288241938907846 fields=1209,2,0,25,1,0,0,0,0,0,0,0,0,0,0,0
event=trace_row ordinal=6104 kind=1 ns=288241938907846 fields=1209,2,0,1008,1800,200,200,0,1,0,0,0,0,0,0,0
event=trace_row ordinal=6105 kind=3 ns=288241938945179 fields=1209,1210,1,2,288241938907846,0,1000,5,5,0,5,0,5,5,1,3
event=trace_row ordinal=6106 kind=5 ns=288241948937115 fields=513,6,15,0,0,0,5,0,0,0,16,0,0,0,0,0
event=trace_row ordinal=6107 kind=0 ns=288241948905906 fields=1210,2,0,50,2,0,0,0,0,0,0,0,0,0,0,0
event=trace_row ordinal=6108 kind=1 ns=288241948905906 fields=1210,2,0,1009,1800,200,200,0,1,0,0,0,0,0,0,0
event=trace_row ordinal=6109 kind=1 ns=288241948905906 fields=1210,2,1,1009,1800,200,200,0,1,0,0,0,0,0,0,0
event=trace_row ordinal=6110 kind=3 ns=288241948942657 fields=1210,1211,1,2,288241948905906,0,1000,5,5,0,5,0,5,5,1,3
event=trace_row ordinal=6111 kind=4 ns=288241954805168 fields=1793,1,5,0,0,0,0,0,0,0,16,0,0,0,0,0
event=trace_row ordinal=6112 kind=5 ns=288241958932259 fields=513,6,15,0,0,0,5,0,0,0,16,0,0,0,0,0
event=trace_row ordinal=6113 kind=0 ns=288241958903384 fields=1211,2,0,25,1,0,0,0,0,0,0,0,0,0,0,0
event=trace_row ordinal=6114 kind=1 ns=288241958903384 fields=1211,2,0,1009,1800,200,200,0,1,0,0,0,0,0,0,0
event=trace_row ordinal=6115 kind=3 ns=288241958937509 fields=1211,1212,1,2,288241958903384,0,1000,5,5,0,5,0,5,5,1,3
event=trace_row ordinal=6116 kind=5 ns=288241968930319 fields=513,6,15,0,0,0,5,0,0,0,16,0,0,0,0,0
event=trace_row ordinal=6117 kind=0 ns=288241968902027 fields=1212,2,0,25,1,0,0,0,0,0,0,0,0,0,0,0
event=trace_row ordinal=6118 kind=1 ns=288241968902027 fields=1212,2,0,1008,1800,200,200,0,1,0,0,0,0,0,0,0
event=trace_row ordinal=6119 kind=3 ns=288241968934986 fields=1212,1213,1,2,288241968902027,0,1000,5,5,0,5,0,5,5,1,3
event=trace_row ordinal=6120 kind=4 ns=288241976058666 fields=385,8,39,20,39,68,0,0,48,0,16,0,0,0,0,0
event=trace_row ordinal=6121 kind=4 ns=288241976314750 fields=641,5,3,0,0,0,0,0,0,0,16,0,0,0,0,0
event=trace_row ordinal=6122 kind=5 ns=288241978934505 fields=513,6,15,0,0,0,5,0,0,0,16,0,0,0,0,0
event=trace_row ordinal=6123 kind=0 ns=288241978904463 fields=1213,2,0,50,2,0,0,0,0,0,0,0,0,0,0,0
event=trace_row ordinal=6124 kind=1 ns=288241978904463 fields=1213,2,0,1008,1800,200,200,0,1,0,0,0,0,0,0,0
event=trace_row ordinal=6125 kind=1 ns=288241978904463 fields=1213,2,1,1008,1800,200,200,0,1,0,0,0,0,0,0,0
event=trace_row ordinal=6126 kind=3 ns=288241978940630 fields=1213,1214,1,2,288241978904463,0,1000,5,5,0,5,0,5,5,1,3
event=trace_row ordinal=6127 kind=5 ns=288241988928190 fields=513,6,15,0,0,0,5,0,0,0,16,0,0,0,0,0
event=trace_row ordinal=6128 kind=0 ns=288241988901940 fields=1214,2,0,25,1,0,0,0,0,0,0,0,0,0,0,0
event=trace_row ordinal=6129 kind=1 ns=288241988901940 fields=1214,2,0,1008,1800,200,200,0,1,0,0,0,0,0,0,0
event=trace_row ordinal=6130 kind=3 ns=288241988933440 fields=1214,1215,1,2,288241988901940,0,1000,5,5,0,5,0,5,5,1,3
event=trace_row ordinal=6131 kind=5 ns=288241998916917 fields=513,6,15,0,0,0,5,0,0,0,16,0,0,0,0,0
event=trace_row ordinal=6132 kind=0 ns=288241998894751 fields=1215,2,0,50,2,0,0,0,0,0,0,0,0,0,0,0
event=trace_row ordinal=6133 kind=1 ns=288241998894751 fields=1215,2,0,1008,1800,200,200,0,1,0,0,0,0,0,0,0
event=trace_row ordinal=6134 kind=1 ns=288241998894751 fields=1215,2,1,1008,1800,200,200,0,1,0,0,0,0,0,0,0
event=trace_row ordinal=6135 kind=3 ns=288241998920417 fields=1215,1216,1,2,288241998894751,0,1000,5,5,0,5,0,5,5,1,3
event=trace_row ordinal=6136 kind=5 ns=288242008912936 fields=513,6,15,0,0,0,5,0,0,0,16,0,0,0,0,0
event=trace_row ordinal=6137 kind=0 ns=288242008893395 fields=1216,2,0,25,1,0,0,0,0,0,0,0,0,0,0,0
event=trace_row ordinal=6138 kind=1 ns=288242008893395 fields=1216,2,0,1008,1800,200,200,0,1,0,0,0,0,0,0,0
event=trace_row ordinal=6139 kind=3 ns=288242008916436 fields=1216,1217,1,2,288242008893395,0,1000,5,5,0,5,0,5,5,1,3
event=trace_row ordinal=6140 kind=5 ns=288242018915080 fields=513,6,15,0,0,0,5,0,0,0,16,0,0,0,0,0
event=trace_row ordinal=6141 kind=0 ns=288242018894080 fields=1217,2,0,50,2,0,0,0,0,0,0,0,0,0,0,0
event=trace_row ordinal=6142 kind=1 ns=288242018894080 fields=1217,2,0,1008,1800,200,200,0,1,0,0,0,0,0,0,0
event=trace_row ordinal=6143 kind=1 ns=288242018894080 fields=1217,2,1,1009,1800,200,200,0,1,0,0,0,0,0,0,0
event=trace_row ordinal=6144 kind=3 ns=288242018918872 fields=1217,1218,1,2,288242018894080,0,1000,5,5,0,5,0,5,5,1,3
event=trace_row ordinal=6145 kind=4 ns=288242025999677 fields=385,8,39,20,39,68,0,0,52,0,16,0,0,0,0,0
event=trace_row ordinal=6146 kind=4 ns=288242026262761 fields=641,5,3,0,0,0,0,0,0,0,16,0,0,0,0,0
event=trace_row ordinal=6147 kind=5 ns=288242028915182 fields=513,6,15,0,0,0,5,0,0,0,16,0,0,0,0,0
event=trace_row ordinal=6148 kind=0 ns=288242028895057 fields=1218,2,0,25,1,0,0,0,0,0,0,0,0,0,0,0
event=trace_row ordinal=6149 kind=1 ns=288242028895057 fields=1218,2,0,1009,1800,200,200,0,1,0,0,0,0,0,0,0
event=trace_row ordinal=6150 kind=3 ns=288242028918682 fields=1218,1219,1,2,288242028895057,0,1000,5,5,0,5,0,5,5,1,3
event=trace_row ordinal=6151 kind=5 ns=288242038917910 fields=513,6,15,0,0,0,5,0,0,0,16,0,0,0,0,0
event=trace_row ordinal=6152 kind=0 ns=288242038896035 fields=1219,2,0,25,1,0,0,0,0,0,0,0,0,0,0,0
event=trace_row ordinal=6153 kind=1 ns=288242038896035 fields=1219,2,0,1009,1800,200,200,0,1,0,0,0,0,0,0,0
event=trace_row ordinal=6154 kind=3 ns=288242038921993 fields=1219,1220,1,2,288242038896035,0,1000,5,5,0,5,0,5,5,1,3
event=trace_row ordinal=6155 kind=5 ns=288242048915679 fields=513,6,15,0,0,0,5,0,0,0,16,0,0,0,0,0
event=trace_row ordinal=6156 kind=0 ns=288242048893803 fields=1220,2,0,50,2,0,0,0,0,0,0,0,0,0,0,0
event=trace_row ordinal=6157 kind=1 ns=288242048893803 fields=1220,2,0,1008,1800,200,200,0,1,0,0,0,0,0,0,0
event=trace_row ordinal=6158 kind=1 ns=288242048893803 fields=1220,2,1,1008,1800,200,200,0,1,0,0,0,0,0,0,0
event=trace_row ordinal=6159 kind=3 ns=288242048919470 fields=1220,1221,1,2,288242048893803,0,1000,5,5,0,5,0,5,5,1,3
event=trace_row ordinal=6160 kind=5 ns=288242058913739 fields=513,6,15,0,0,0,5,0,0,0,16,0,0,0,0,0
event=trace_row ordinal=6161 kind=0 ns=288242058893906 fields=1221,2,0,25,1,0,0,0,0,0,0,0,0,0,0,0
event=trace_row ordinal=6162 kind=1 ns=288242058893906 fields=1221,2,0,1008,1800,200,200,0,1,0,0,0,0,0,0,0
event=trace_row ordinal=6163 kind=3 ns=288242058917239 fields=1221,1222,1,2,288242058893906,0,1000,5,5,0,5,0,5,5,1,3
event=trace_row ordinal=6164 kind=5 ns=288242068915008 fields=513,6,15,0,0,0,5,0,0,0,16,0,0,0,0,0
event=trace_row ordinal=6165 kind=0 ns=288242068894008 fields=1222,2,0,50,2,0,0,0,0,0,0,0,0,0,0,0
event=trace_row ordinal=6166 kind=1 ns=288242068894008 fields=1222,2,0,1009,1800,200,200,0,1,0,0,0,0,0,0,0
event=trace_row ordinal=6167 kind=1 ns=288242068894008 fields=1222,2,1,1009,1800,200,200,0,1,0,0,0,0,0,0,0
event=trace_row ordinal=6168 kind=3 ns=288242068918508 fields=1222,1223,1,2,288242068894008,0,1000,5,5,0,5,0,5,5,1,3
event=trace_row ordinal=6169 kind=4 ns=288242075948271 fields=385,8,39,20,39,68,0,0,55,0,16,0,0,0,0,0
event=trace_row ordinal=6170 kind=4 ns=288242076207563 fields=641,5,3,0,0,0,0,0,0,0,16,0,0,0,0,0
event=trace_row ordinal=6171 kind=5 ns=288242078914818 fields=513,6,15,0,0,0,5,0,0,0,16,0,0,0,0,0
event=trace_row ordinal=6172 kind=0 ns=288242078894693 fields=1223,2,0,25,1,0,0,0,0,0,0,0,0,0,0,0
event=trace_row ordinal=6173 kind=1 ns=288242078894693 fields=1223,2,0,1009,1800,200,200,0,1,0,0,0,0,0,0,0
event=trace_row ordinal=6174 kind=3 ns=288242078918902 fields=1223,1224,1,2,288242078894693,0,1000,5,5,0,5,0,5,5,1,3
event=trace_row ordinal=6175 kind=5 ns=288242088914337 fields=513,6,15,0,0,0,5,0,0,0,16,0,0,0,0,0
event=trace_row ordinal=6176 kind=0 ns=288242088893337 fields=1224,2,0,50,2,0,0,0,0,0,0,0,0,0,0,0
event=trace_row ordinal=6177 kind=1 ns=288242088893337 fields=1224,2,0,1008,1800,200,200,0,1,0,0,0,0,0,0,0
event=trace_row ordinal=6178 kind=1 ns=288242088893337 fields=1224,2,1,1008,1800,200,200,0,1,0,0,0,0,0,0,0
event=trace_row ordinal=6179 kind=3 ns=288242088918129 fields=1224,1225,1,2,288242088893337,0,1000,5,5,0,5,0,5,5,1,3
event=trace_row ordinal=6180 kind=5 ns=288242098913856 fields=513,6,15,0,0,0,5,0,0,0,16,0,0,0,0,0
event=trace_row ordinal=6181 kind=0 ns=288242098894023 fields=1225,2,0,25,1,0,0,0,0,0,0,0,0,0,0,0
event=trace_row ordinal=6182 kind=1 ns=288242098894023 fields=1225,2,0,1008,1800,200,200,0,1,0,0,0,0,0,0,0
event=trace_row ordinal=6183 kind=3 ns=288242098917065 fields=1225,1226,1,2,288242098894023,0,1000,5,5,0,5,0,5,5,1,3
event=trace_row ordinal=6184 kind=5 ns=288242108913375 fields=513,6,15,0,0,0,5,0,0,0,16,0,0,0,0,0
event=trace_row ordinal=6185 kind=0 ns=288242108894125 fields=1226,2,0,25,1,0,0,0,0,0,0,0,0,0,0,0
event=trace_row ordinal=6186 kind=1 ns=288242108894125 fields=1226,2,0,1008,1800,200,200,0,1,0,0,0,0,0,0,0
event=trace_row ordinal=6187 kind=3 ns=288242108916583 fields=1226,1227,1,2,288242108894125,0,1000,5,5,0,5,0,5,5,1,3
event=trace_row ordinal=6188 kind=5 ns=288242118915227 fields=513,6,15,0,0,0,5,0,0,0,16,0,0,0,0,0
event=trace_row ordinal=6189 kind=0 ns=288242118893936 fields=1227,2,0,50,2,0,0,0,0,0,0,0,0,0,0,0
event=trace_row ordinal=6190 kind=1 ns=288242118893936 fields=1227,2,0,1008,1800,200,200,0,1,0,0,0,0,0,0,0
event=trace_row ordinal=6191 kind=1 ns=288242118893936 fields=1227,2,1,1008,1800,200,200,0,1,0,0,0,0,0,0,0
event=trace_row ordinal=6192 kind=3 ns=288242118918727 fields=1227,1228,1,2,288242118893936,0,1000,5,5,0,5,0,5,5,1,3
event=trace_row ordinal=6193 kind=4 ns=288242125895699 fields=385,8,39,20,39,68,0,0,45,0,16,0,0,0,0,0
event=trace_row ordinal=6194 kind=4 ns=288242126154408 fields=641,5,3,0,0,0,0,0,0,0,16,0,0,0,0,0
event=trace_row ordinal=6195 kind=5 ns=288242128913871 fields=513,6,15,0,0,0,5,0,0,0,16,0,0,0,0,0
event=trace_row ordinal=6196 kind=0 ns=288242128894330 fields=1228,2,0,25,1,0,0,0,0,0,0,0,0,0,0,0
event=trace_row ordinal=6197 kind=1 ns=288242128894330 fields=1228,2,0,1008,1800,200,200,0,1,0,0,0,0,0,0,0
event=trace_row ordinal=6198 kind=3 ns=288242128917371 fields=1228,1229,1,2,288242128894330,0,1000,5,5,0,5,0,5,5,1,3
event=trace_row ordinal=6199 kind=5 ns=288242138981640 fields=513,6,15,0,0,0,5,0,0,0,16,0,0,0,0,0
event=trace_row ordinal=6200 kind=0 ns=288242138939348 fields=1229,2,0,50,2,0,0,0,0,0,0,0,0,0,0,0
event=trace_row ordinal=6201 kind=1 ns=288242138939348 fields=1229,2,0,1008,1800,200,200,0,1,0,0,0,0,0,0,0
event=trace_row ordinal=6202 kind=1 ns=288242138939348 fields=1229,2,1,1008,1800,200,200,0,1,0,0,0,0,0,0,0
event=trace_row ordinal=6203 kind=3 ns=288242138989515 fields=1229,1230,1,2,288242138939348,0,1000,5,5,0,5,0,5,5,1,3
event=trace_row ordinal=6204 kind=5 ns=288242148925742 fields=513,6,15,0,0,0,5,0,0,0,16,0,0,0,0,0
event=trace_row ordinal=6205 kind=0 ns=288242148900076 fields=1230,2,0,25,1,0,0,0,0,0,0,0,0,0,0,0
event=trace_row ordinal=6206 kind=1 ns=288242148900076 fields=1230,2,0,1008,1800,200,200,0,1,0,0,0,0,0,0,0
event=trace_row ordinal=6207 kind=3 ns=288242148930117 fields=1230,1231,1,2,288242148900076,0,1000,5,5,0,5,0,5,5,1,3
event=trace_row ordinal=6208 kind=5 ns=288242158918553 fields=513,6,15,0,0,0,5,0,0,0,16,0,0,0,0,0
event=trace_row ordinal=6209 kind=0 ns=288242158895803 fields=1231,2,0,50,2,0,0,0,0,0,0,0,0,0,0,0
event=trace_row ordinal=6210 kind=1 ns=288242158895803 fields=1231,2,0,1008,1800,200,200,0,1,0,0,0,0,0,0,0
event=trace_row ordinal=6211 kind=1 ns=288242158895803 fields=1231,2,1,1009,1800,200,200,0,1,0,0,0,0,0,0,0
event=trace_row ordinal=6212 kind=3 ns=288242158922345 fields=1231,1232,1,2,288242158895803,0,1000,5,5,0,5,0,5,5,1,3
event=trace_row ordinal=6213 kind=5 ns=288242168913113 fields=513,6,15,0,0,0,5,0,0,0,16,0,0,0,0,0
event=trace_row ordinal=6214 kind=0 ns=288242168893572 fields=1232,2,0,25,1,0,0,0,0,0,0,0,0,0,0,0
event=trace_row ordinal=6215 kind=1 ns=288242168893572 fields=1232,2,0,1009,1800,200,200,0,1,0,0,0,0,0,0,0
event=trace_row ordinal=6216 kind=3 ns=288242168916613 fields=1232,1233,1,2,288242168893572,0,1000,5,5,0,5,0,5,5,1,3
event=trace_row ordinal=6217 kind=4 ns=288242175841960 fields=385,8,39,20,39,68,0,0,52,0,16,0,0,0,0,0
event=trace_row ordinal=6218 kind=4 ns=288242176100669 fields=641,5,3,0,0,0,0,0,0,0,16,0,0,0,0,0
event=trace_row ordinal=6219 kind=5 ns=288242178914966 fields=513,6,15,0,0,0,5,0,0,0,16,0,0,0,0,0
event=trace_row ordinal=6220 kind=0 ns=288242178894841 fields=1233,2,0,25,1,0,0,0,0,0,0,0,0,0,0,0
event=trace_row ordinal=6221 kind=1 ns=288242178894841 fields=1233,2,0,1009,1800,200,200,0,1,0,0,0,0,0,0,0
event=trace_row ordinal=6222 kind=3 ns=288242178918466 fields=1233,1234,1,2,288242178894841,0,1000,5,5,0,5,0,5,5,1,3
event=trace_row ordinal=6223 kind=5 ns=288242188915359 fields=513,6,15,0,0,0,5,0,0,0,16,0,0,0,0,0
event=trace_row ordinal=6224 kind=0 ns=288242188894068 fields=1234,2,0,50,2,0,0,0,0,0,0,0,0,0,0,0
event=trace_row ordinal=6225 kind=1 ns=288242188894068 fields=1234,2,0,1009,1800,200,200,0,1,0,0,0,0,0,0,0
event=trace_row ordinal=6226 kind=1 ns=288242188894068 fields=1234,2,1,1009,1800,200,200,0,1,0,0,0,0,0,0,0
event=trace_row ordinal=6227 kind=3 ns=288242188919151 fields=1234,1235,1,2,288242188894068,0,1000,5,5,0,5,0,5,5,1,3
event=trace_row ordinal=6228 kind=5 ns=288242198913712 fields=513,6,15,0,0,0,5,0,0,0,16,0,0,0,0,0
event=trace_row ordinal=6229 kind=0 ns=288242198894462 fields=1235,2,0,25,1,0,0,0,0,0,0,0,0,0,0,0
event=trace_row ordinal=6230 kind=1 ns=288242198894462 fields=1235,2,0,1009,1800,200,200,0,1,0,0,0,0,0,0,0
event=trace_row ordinal=6231 kind=3 ns=288242198917795 fields=1235,1236,1,2,288242198894462,0,1000,5,5,0,5,0,5,5,1,3
event=trace_row ordinal=6232 kind=4 ns=288242204343097 fields=1793,1,5,0,0,0,0,0,0,0,16,0,0,0,0,0
event=trace_row ordinal=6233 kind=5 ns=288242208914689 fields=513,6,15,0,0,0,5,0,0,0,16,0,0,0,0,0
event=trace_row ordinal=6234 kind=0 ns=288242208893397 fields=1236,2,0,50,2,0,0,0,0,0,0,0,0,0,0,0
event=trace_row ordinal=6235 kind=1 ns=288242208893397 fields=1236,2,0,1008,1800,200,200,0,1,0,0,0,0,0,0,0
event=trace_row ordinal=6236 kind=1 ns=288242208893397 fields=1236,2,1,1008,1800,200,200,0,1,0,0,0,0,0,0,0
event=trace_row ordinal=6237 kind=3 ns=288242208918189 fields=1236,1237,1,2,288242208893397,0,1000,5,5,0,5,0,5,5,1,3
event=trace_row ordinal=6238 kind=5 ns=288242218914208 fields=513,6,15,0,0,0,5,0,0,0,16,0,0,0,0,0
event=trace_row ordinal=6239 kind=0 ns=288242218894083 fields=1237,2,0,25,1,0,0,0,0,0,0,0,0,0,0,0
event=trace_row ordinal=6240 kind=1 ns=288242218894083 fields=1237,2,0,1008,1800,200,200,0,1,0,0,0,0,0,0,0
event=trace_row ordinal=6241 kind=3 ns=288242218917416 fields=1237,1238,1,2,288242218894083,0,1000,5,5,0,5,0,5,5,1,3
event=trace_row ordinal=6242 kind=4 ns=288242225782971 fields=385,8,39,20,39,68,0,0,44,0,16,0,0,0,0,0
event=trace_row ordinal=6243 kind=4 ns=288242226046055 fields=641,5,3,0,0,0,0,0,0,0,16,0,0,0,0,0
event=trace_row ordinal=6244 kind=5 ns=288242228915768 fields=513,6,15,0,0,0,5,0,0,0,16,0,0,0,0,0
event=trace_row ordinal=6245 kind=0 ns=288242228894185 fields=1238,2,0,50,2,0,0,0,0,0,0,0,0,0,0,0
event=trace_row ordinal=6246 kind=1 ns=288242228894185 fields=1238,2,0,1008,1800,200,200,0,1,0,0,0,0,0,0,0
event=trace_row ordinal=6247 kind=1 ns=288242228894185 fields=1238,2,1,1008,1800,200,200,0,1,0,0,0,0,0,0,0
event=trace_row ordinal=6248 kind=3 ns=288242228919560 fields=1238,1239,1,2,288242228894185,0,1000,5,5,0,5,0,5,5,1,3
event=trace_row ordinal=6249 kind=5 ns=288242238913537 fields=513,6,15,0,0,0,5,0,0,0,16,0,0,0,0,0
event=trace_row ordinal=6250 kind=0 ns=288242238894287 fields=1239,2,0,25,1,0,0,0,0,0,0,0,0,0,0,0
event=trace_row ordinal=6251 kind=1 ns=288242238894287 fields=1239,2,0,1008,1800,200,200,0,1,0,0,0,0,0,0,0
event=trace_row ordinal=6252 kind=3 ns=288242238917037 fields=1239,1240,1,2,288242238894287,0,1000,5,5,0,5,0,5,5,1,3
event=trace_row ordinal=6253 kind=5 ns=288242248912473 fields=513,6,15,0,0,0,5,0,0,0,16,0,0,0,0,0
event=trace_row ordinal=6254 kind=0 ns=288242248893514 fields=1240,2,0,25,1,0,0,0,0,0,0,0,0,0,0,0
event=trace_row ordinal=6255 kind=1 ns=288242248893514 fields=1240,2,0,1008,1800,200,200,0,1,0,0,0,0,0,0,0
event=trace_row ordinal=6256 kind=3 ns=288242248915973 fields=1240,1241,1,2,288242248893514,0,1000,5,5,0,5,0,5,5,1,3
event=trace_row ordinal=6257 kind=5 ns=288242258916950 fields=513,6,15,0,0,0,5,0,0,0,16,0,0,0,0,0
event=trace_row ordinal=6258 kind=0 ns=288242258894492 fields=1241,2,0,50,2,0,0,0,0,0,0,0,0,0,0,0
event=trace_row ordinal=6259 kind=1 ns=288242258894492 fields=1241,2,0,1008,1800,200,200,0,1,0,0,0,0,0,0,0
event=trace_row ordinal=6260 kind=1 ns=288242258894492 fields=1241,2,1,1008,1800,200,200,0,1,0,0,0,0,0,0,0
event=trace_row ordinal=6261 kind=3 ns=288242258921325 fields=1241,1242,1,2,288242258894492,0,1000,5,5,0,5,0,5,5,1,3
event=trace_row ordinal=6262 kind=5 ns=288242268913552 fields=513,6,15,0,0,0,5,0,0,0,16,0,0,0,0,0
event=trace_row ordinal=6263 kind=0 ns=288242268894010 fields=1242,2,0,25,1,0,0,0,0,0,0,0,0,0,0,0
event=trace_row ordinal=6264 kind=1 ns=288242268894010 fields=1242,2,0,1008,1800,200,200,0,1,0,0,0,0,0,0,0
event=trace_row ordinal=6265 kind=3 ns=288242268917052 fields=1242,1243,1,2,288242268894010,0,1000,5,5,0,5,0,5,5,1,3
event=trace_row ordinal=6266 kind=4 ns=288242275728940 fields=385,8,39,20,39,68,0,0,51,0,16,0,0,0,0,0
event=trace_row ordinal=6267 kind=4 ns=288242275995232 fields=641,5,3,0,0,0,0,0,0,0,16,0,0,0,0,0
event=trace_row ordinal=6268 kind=5 ns=288242278916279 fields=513,6,15,0,0,0,5,0,0,0,16,0,0,0,0,0
event=trace_row ordinal=6269 kind=0 ns=288242278894696 fields=1243,2,0,50,2,0,0,0,0,0,0,0,0,0,0,0
event=trace_row ordinal=6270 kind=1 ns=288242278894696 fields=1243,2,0,1008,1800,200,200,0,1,0,0,0,0,0,0,0
event=trace_row ordinal=6271 kind=1 ns=288242278894696 fields=1243,2,1,1008,1800,200,200,0,1,0,0,0,0,0,0,0
event=trace_row ordinal=6272 kind=3 ns=288242278920071 fields=1243,1244,1,2,288242278894696,0,1000,5,5,0,5,0,5,5,1,3
event=trace_row ordinal=6273 kind=5 ns=288242288912298 fields=513,6,15,0,0,0,5,0,0,0,16,0,0,0,0,0
event=trace_row ordinal=6274 kind=0 ns=288242288893048 fields=1244,2,0,25,1,0,0,0,0,0,0,0,0,0,0,0
event=trace_row ordinal=6275 kind=1 ns=288242288893048 fields=1244,2,0,1008,1800,200,200,0,1,0,0,0,0,0,0,0
event=trace_row ordinal=6276 kind=3 ns=288242288915798 fields=1244,1245,1,2,288242288893048,0,1000,5,5,0,5,0,5,5,1,3
event=trace_row ordinal=6277 kind=5 ns=288242298919400 fields=513,6,15,0,0,0,5,0,0,0,16,0,0,0,0,0
event=trace_row ordinal=6278 kind=0 ns=288242298896359 fields=1245,2,0,50,2,0,0,0,0,0,0,0,0,0,0,0
event=trace_row ordinal=6279 kind=1 ns=288242298896359 fields=1245,2,0,1008,1800,200,200,0,1,0,0,0,0,0,0,0
event=trace_row ordinal=6280 kind=1 ns=288242298896359 fields=1245,2,1,1009,1800,200,200,0,1,0,0,0,0,0,0,0
event=trace_row ordinal=6281 kind=3 ns=288242298923775 fields=1245,1246,1,2,288242298896359,0,1000,5,5,0,5,0,5,5,1,3
event=trace_row ordinal=6282 kind=5 ns=288242308917461 fields=513,6,15,0,0,0,5,0,0,0,16,0,0,0,0,0
event=trace_row ordinal=6283 kind=0 ns=288242308896461 fields=1246,2,0,25,1,0,0,0,0,0,0,0,0,0,0,0
event=trace_row ordinal=6284 kind=1 ns=288242308896461 fields=1246,2,0,1009,1800,200,200,0,1,0,0,0,0,0,0,0
event=trace_row ordinal=6285 kind=3 ns=288242308921253 fields=1246,1247,1,2,288242308896461,0,1000,5,5,0,5,0,5,5,1,3
event=trace_row ordinal=6286 kind=5 ns=288242318936230 fields=513,6,15,0,0,0,5,0,0,0,16,0,0,0,0,0
event=trace_row ordinal=6287 kind=0 ns=288242318904147 fields=1247,2,0,25,1,0,0,0,0,0,0,0,0,0,0,0
event=trace_row ordinal=6288 kind=1 ns=288242318904147 fields=1247,2,0,1009,1800,200,200,0,1,0,0,0,0,0,0,0
event=trace_row ordinal=6289 kind=3 ns=288242318942063 fields=1247,1248,1,2,288242318904147,0,1000,5,5,0,5,0,5,5,1,3
event=trace_row ordinal=6290 kind=4 ns=288242325684534 fields=385,8,39,20,39,68,0,0,46,0,16,0,0,0,0,0
event=trace_row ordinal=6291 kind=4 ns=288242325940326 fields=641,5,3,0,0,0,0,0,0,0,16,0,0,0,0,0
event=trace_row ordinal=6292 kind=5 ns=288242328926707 fields=513,6,15,0,0,0,5,0,0,0,16,0,0,0,0,0
event=trace_row ordinal=6293 kind=0 ns=288242328899290 fields=1248,2,0,50,2,0,0,0,0,0,0,0,0,0,0,0
event=trace_row ordinal=6294 kind=1 ns=288242328899290 fields=1248,2,0,1008,1800,200,200,0,1,0,0,0,0,0,0,0
event=trace_row ordinal=6295 kind=1 ns=288242328899290 fields=1248,2,1,1008,1800,200,200,0,1,0,0,0,0,0,0,0
event=trace_row ordinal=6296 kind=3 ns=288242328931082 fields=1248,1249,1,2,288242328899290,0,1000,5,5,0,5,0,5,5,1,3
event=trace_row ordinal=6297 kind=5 ns=288242338963559 fields=513,6,15,0,0,0,5,0,0,0,16,0,0,0,0,0
event=trace_row ordinal=6298 kind=0 ns=288242338909018 fields=1249,2,0,25,1,0,0,0,0,0,0,0,0,0,0,0
event=trace_row ordinal=6299 kind=1 ns=288242338909018 fields=1249,2,0,1008,1800,200,200,0,1,0,0,0,0,0,0,0
event=trace_row ordinal=6300 kind=3 ns=288242338969393 fields=1249,1250,1,2,288242338909018,0,1000,5,5,0,5,0,5,5,1,3
event=trace_row ordinal=6301 kind=5 ns=288242348939745 fields=513,6,15,0,0,0,5,0,0,0,16,0,0,0,0,0
event=trace_row ordinal=6302 kind=0 ns=288242348904453 fields=1250,2,0,52,2,0,0,0,0,0,0,0,0,0,0,0
event=trace_row ordinal=6303 kind=1 ns=288242348904453 fields=1250,2,0,1008,1800,200,200,0,1,0,0,0,0,0,0,0
event=trace_row ordinal=6304 kind=1 ns=288242348904453 fields=1250,2,1,1008,1800,200,200,0,1,0,0,0,0,0,0,0
event=trace_row ordinal=6305 kind=3 ns=288242348944995 fields=1250,1251,1,2,288242348904453,0,1000,5,5,0,5,0,5,5,1,3
event=trace_row ordinal=6306 kind=5 ns=288242358940139 fields=513,6,15,0,0,0,5,0,0,0,16,0,0,0,0,0
event=trace_row ordinal=6307 kind=0 ns=288242358907180 fields=1251,2,0,26,1,0,0,0,0,0,0,0,0,0,0,0
event=trace_row ordinal=6308 kind=1 ns=288242358907180 fields=1251,2,0,1008,1800,200,200,0,1,0,0,0,0,0,0,0
event=trace_row ordinal=6309 kind=3 ns=288242358945097 fields=1251,1252,1,2,288242358907180,0,1000,5,5,0,5,0,5,5,1,3
event=trace_row ordinal=6310 kind=5 ns=288242368936741 fields=513,6,15,0,0,0,5,0,0,0,16,0,0,0,0,0
event=trace_row ordinal=6311 kind=0 ns=288242368905824 fields=1252,2,0,52,2,0,0,0,0,0,0,0,0,0,0,0
event=trace_row ordinal=6312 kind=1 ns=288242368905824 fields=1252,2,0,1008,1800,200,200,0,1,0,0,0,0,0,0,0
event=trace_row ordinal=6313 kind=1 ns=288242368905824 fields=1252,2,1,1008,1800,200,200,0,1,0,0,0,0,0,0,0
event=trace_row ordinal=6314 kind=3 ns=288242368942283 fields=1252,1253,1,2,288242368905824,0,1000,5,5,0,5,0,5,5,1,3
event=trace_row ordinal=6315 kind=4 ns=288242375630795 fields=385,8,39,20,39,68,0,0,47,0,16,0,0,0,0,0
event=trace_row ordinal=6316 kind=4 ns=288242375894462 fields=641,5,3,0,0,0,0,0,0,0,16,0,0,0,0,0
event=trace_row ordinal=6317 kind=5 ns=288242378937718 fields=513,6,15,0,0,0,5,0,0,0,16,0,0,0,0,0
event=trace_row ordinal=6318 kind=0 ns=288242378905926 fields=1253,2,0,26,1,0,0,0,0,0,0,0,0,0,0,0
event=trace_row ordinal=6319 kind=1 ns=288242378905926 fields=1253,2,0,1008,1800,200,200,0,1,0,0,0,0,0,0,0
event=trace_row ordinal=6320 kind=3 ns=288242378943260 fields=1253,1254,1,2,288242378905926,0,1000,5,5,0,5,0,5,5,1,3
event=trace_row ordinal=6321 kind=5 ns=288242388942487 fields=513,6,15,0,0,0,5,0,0,0,16,0,0,0,0,0
event=trace_row ordinal=6322 kind=0 ns=288242388910112 fields=1254,2,0,26,1,0,0,0,0,0,0,0,0,0,0,0
event=trace_row ordinal=6323 kind=1 ns=288242388910112 fields=1254,2,0,1009,1800,200,200,0,1,0,0,0,0,0,0,0
event=trace_row ordinal=6324 kind=3 ns=288242388948612 fields=1254,1255,1,2,288242388910112,0,1000,5,5,0,5,0,5,5,1,3
event=trace_row ordinal=6325 kind=5 ns=288242398933839 fields=513,6,15,0,0,0,5,0,0,0,16,0,0,0,0,0
event=trace_row ordinal=6326 kind=0 ns=288242398904089 fields=1255,2,0,52,2,0,0,0,0,0,0,0,0,0,0,0
event=trace_row ordinal=6327 kind=1 ns=288242398904089 fields=1255,2,0,1009,1800,200,200,0,1,0,0,0,0,0,0,0
event=trace_row ordinal=6328 kind=1 ns=288242398904089 fields=1255,2,1,1008,1800,200,200,0,1,0,0,0,0,0,0,0
event=trace_row ordinal=6329 kind=3 ns=288242398939381 fields=1255,1256,1,2,288242398904089,0,1000,5,5,0,5,0,5,5,1,3
event=trace_row ordinal=6330 kind=5 ns=288242408952317 fields=513,6,15,0,0,0,5,0,0,0,16,0,0,0,0,0
event=trace_row ordinal=6331 kind=0 ns=288242408912941 fields=1256,2,0,26,1,0,0,0,0,0,0,0,0,0,0,0
event=trace_row ordinal=6332 kind=1 ns=288242408912941 fields=1256,2,0,1008,1800,200,200,0,1,0,0,0,0,0,0,0
event=trace_row ordinal=6333 kind=3 ns=288242408959317 fields=1256,1257,1,2,288242408912941,0,1000,5,5,0,5,0,5,5,1,3
event=trace_row ordinal=6334 kind=5 ns=288242418937544 fields=513,6,15,0,0,0,5,0,0,0,16,0,0,0,0,0
event=trace_row ordinal=6335 kind=0 ns=288242418906627 fields=1257,2,0,52,2,0,0,0,0,0,0,0,0,0,0,0
event=trace_row ordinal=6336 kind=1 ns=288242418906627 fields=1257,2,0,1008,1800,200,200,0,1,0,0,0,0,0,0,0
event=trace_row ordinal=6337 kind=1 ns=288242418906627 fields=1257,2,1,1008,1800,200,200,0,1,0,0,0,0,0,0,0
event=trace_row ordinal=6338 kind=3 ns=288242418942502 fields=1257,1258,1,2,288242418906627,0,1000,5,5,0,5,0,5,5,1,3
event=trace_row ordinal=6339 kind=4 ns=288242425578223 fields=385,8,39,20,39,68,0,0,51,0,16,0,0,0,0,0
event=trace_row ordinal=6340 kind=4 ns=288242425832848 fields=641,5,3,0,0,0,0,0,0,0,16,0,0,0,0,0
event=trace_row ordinal=6341 kind=5 ns=288242428935896 fields=513,6,15,0,0,0,5,0,0,0,16,0,0,0,0,0
event=trace_row ordinal=6342 kind=0 ns=288242428906146 fields=1258,2,0,26,1,0,0,0,0,0,0,0,0,0,0,0
event=trace_row ordinal=6343 kind=1 ns=288242428906146 fields=1258,2,0,1008,1800,200,200,0,1,0,0,0,0,0,0,0
event=trace_row ordinal=6344 kind=3 ns=288242428941438 fields=1258,1259,1,2,288242428906146,0,1000,5,5,0,5,0,5,5,1,3
event=trace_row ordinal=6345 kind=5 ns=288242438938623 fields=513,6,15,0,0,0,5,0,0,0,16,0,0,0,0,0
event=trace_row ordinal=6346 kind=0 ns=288242438906831 fields=1259,2,0,52,2,0,0,0,0,0,0,0,0,0,0,0
event=trace_row ordinal=6347 kind=1 ns=288242438906831 fields=1259,2,0,1008,1800,200,200,0,1,0,0,0,0,0,0,0
event=trace_row ordinal=6348 kind=1 ns=288242438906831 fields=1259,2,1,1008,1800,200,200,0,1,0,0,0,0,0,0,0
event=trace_row ordinal=6349 kind=3 ns=288242438943873 fields=1259,1260,1,2,288242438906831,0,1000,5,5,0,5,0,5,5,1,3
event=trace_row ordinal=6350 kind=5 ns=288242448924725 fields=513,6,15,0,0,0,5,0,0,0,16,0,0,0,0,0
event=trace_row ordinal=6351 kind=0 ns=288242448899934 fields=1260,2,0,26,1,0,0,0,0,0,0,0,0,0,0,0
event=trace_row ordinal=6352 kind=1 ns=288242448899934 fields=1260,2,0,1008,1800,200,200,0,1,0,0,0,0,0,0,0
event=trace_row ordinal=6353 kind=3 ns=288242448929100 fields=1260,1261,1,2,288242448899934,0,1000,5,5,0,5,0,5,5,1,3
event=trace_row ordinal=6354 kind=4 ns=288242453838735 fields=1793,1,5,0,0,0,0,0,0,0,16,0,0,0,0,0
event=trace_row ordinal=6355 kind=5 ns=288242458929203 fields=513,6,15,0,0,0,5,0,0,0,16,0,0,0,0,0
event=trace_row ordinal=6356 kind=0 ns=288242458901786 fields=1261,2,0,26,1,0,0,0,0,0,0,0,0,0,0,0
event=trace_row ordinal=6357 kind=1 ns=288242458901786 fields=1261,2,0,1008,1800,200,200,0,1,0,0,0,0,0,0,0
event=trace_row ordinal=6358 kind=3 ns=288242458933286 fields=1261,1262,1,2,288242458901786,0,1000,5,5,0,5,0,5,5,1,3
event=trace_row ordinal=6359 kind=5 ns=288242468972472 fields=513,6,15,0,0,0,5,0,0,0,16,0,0,0,0,0
event=trace_row ordinal=6360 kind=0 ns=288242468919096 fields=1262,2,0,52,2,0,0,0,0,0,0,0,0,0,0,0
event=trace_row ordinal=6361 kind=1 ns=288242468919096 fields=1262,2,0,1008,1800,200,200,0,1,0,0,0,0,0,0,0
event=trace_row ordinal=6362 kind=1 ns=288242468919096 fields=1262,2,1,1008,1800,200,200,0,1,0,0,0,0,0,0,0
event=trace_row ordinal=6363 kind=3 ns=288242468980930 fields=1262,1263,1,2,288242468919096,0,1000,5,5,0,5,0,5,5,1,3
event=trace_row ordinal=6364 kind=4 ns=288242475527692 fields=385,8,39,20,39,68,0,0,55,0,16,0,0,0,0,0
event=trace_row ordinal=6365 kind=4 ns=288242475781151 fields=641,5,3,0,0,0,0,0,0,0,16,0,0,0,0,0
event=trace_row ordinal=6366 kind=5 ns=288242478936407 fields=513,6,15,0,0,0,5,0,0,0,16,0,0,0,0,0
event=trace_row ordinal=6367 kind=0 ns=288242478904032 fields=1263,2,0,26,1,0,0,0,0,0,0,0,0,0,0,0
event=trace_row ordinal=6368 kind=1 ns=288242478904032 fields=1263,2,0,1008,1800,200,200,0,1,0,0,0,0,0,0,0
event=trace_row ordinal=6369 kind=3 ns=288242478940782 fields=1263,1264,1,2,288242478904032,0,1000,5,5,0,5,0,5,5,1,3
event=trace_row ordinal=6370 kind=5 ns=288242488928926 fields=513,6,15,0,0,0,5,0,0,0,16,0,0,0,0,0
event=trace_row ordinal=6371 kind=0 ns=288242488899759 fields=1264,2,0,52,2,0,0,0,0,0,0,0,0,0,0,0
event=trace_row ordinal=6372 kind=1 ns=288242488899759 fields=1264,2,0,1008,1800,200,200,0,1,0,0,0,0,0,0,0
event=trace_row ordinal=6373 kind=1 ns=288242488899759 fields=1264,2,1,1008,1800,200,200,0,1,0,0,0,0,0,0,0
event=trace_row ordinal=6374 kind=3 ns=288242488933593 fields=1264,1265,1,2,288242488899759,0,1000,5,5,0,5,0,5,5,1,3
event=trace_row ordinal=6375 kind=5 ns=288242498929611 fields=513,6,15,0,0,0,5,0,0,0,16,0,0,0,0,0
event=trace_row ordinal=6376 kind=0 ns=288242498902195 fields=1265,2,0,26,1,0,0,0,0,0,0,0,0,0,0,0
event=trace_row ordinal=6377 kind=1 ns=288242498902195 fields=1265,2,0,1008,1800,200,200,0,1,0,0,0,0,0,0,0
event=trace_row ordinal=6378 kind=3 ns=288242498934570 fields=1265,1266,1,2,288242498902195,0,1000,5,5,0,5,0,5,5,1,3
event=trace_row ordinal=6379 kind=5 ns=288242508930005 fields=513,6,15,0,0,0,5,0,0,0,16,0,0,0,0,0
event=trace_row ordinal=6380 kind=0 ns=288242508904047 fields=1266,2,0,52,2,0,0,0,0,0,0,0,0,0,0,0
event=trace_row ordinal=6381 kind=1 ns=288242508904047 fields=1266,2,0,1008,1800,200,200,0,1,0,0,0,0,0,0,0
event=trace_row ordinal=6382 kind=1 ns=288242508904047 fields=1266,2,1,1008,1800,200,200,0,1,0,0,0,0,0,0,0
event=trace_row ordinal=6383 kind=3 ns=288242508934380 fields=1266,1267,1,2,288242508904047,0,1000,5,5,0,5,0,5,5,1,3
event=trace_row ordinal=6384 kind=5 ns=288242518955191 fields=513,6,15,0,0,0,5,0,0,0,16,0,0,0,0,0
event=trace_row ordinal=6385 kind=0 ns=288242518909399 fields=1267,2,0,26,1,0,0,0,0,0,0,0,0,0,0,0
event=trace_row ordinal=6386 kind=1 ns=288242518909399 fields=1267,2,0,1008,1800,200,200,0,1,0,0,0,0,0,0,0
event=trace_row ordinal=6387 kind=3 ns=288242518961024 fields=1267,1268,1,2,288242518909399,0,1000,5,5,0,5,0,5,5,1,3
event=trace_row ordinal=6388 kind=4 ns=288242525469578 fields=385,8,39,20,39,68,0,0,46,0,16,0,0,0,0,0
event=trace_row ordinal=6389 kind=4 ns=288242525728870 fields=641,5,3,0,0,0,0,0,0,0,16,0,0,0,0,0
event=trace_row ordinal=6390 kind=5 ns=288242528918835 fields=513,6,15,0,0,0,5,0,0,0,16,0,0,0,0,0
event=trace_row ordinal=6391 kind=0 ns=288242528896960 fields=1268,2,0,26,1,0,0,0,0,0,0,0,0,0,0,0
event=trace_row ordinal=6392 kind=1 ns=288242528896960 fields=1268,2,0,1008,1800,200,200,0,1,0,0,0,0,0,0,0
event=trace_row ordinal=6393 kind=3 ns=288242528922335 fields=1268,1269,1,2,288242528896960,0,1000,5,5,0,5,0,5,5,1,3
event=trace_row ordinal=6394 kind=5 ns=288242538916020 fields=513,6,15,0,0,0,5,0,0,0,16,0,0,0,0,0
event=trace_row ordinal=6395 kind=0 ns=288242538895020 fields=1269,2,0,52,2,0,0,0,0,0,0,0,0,0,0,0
event=trace_row ordinal=6396 kind=1 ns=288242538895020 fields=1269,2,0,1008,1800,200,200,0,1,0,0,0,0,0,0,0
event=trace_row ordinal=6397 kind=1 ns=288242538895020 fields=1269,2,1,1008,1800,200,200,0,1,0,0,0,0,0,0,0
event=trace_row ordinal=6398 kind=3 ns=288242538919520 fields=1269,1270,1,2,288242538895020,0,1000,5,5,0,5,0,5,5,1,3
event=trace_row ordinal=6399 kind=5 ns=288242548914081 fields=513,6,15,0,0,0,5,0,0,0,16,0,0,0,0,0
event=trace_row ordinal=6400 kind=0 ns=288242548894247 fields=1270,2,0,26,1,0,0,0,0,0,0,0,0,0,0,0
event=trace_row ordinal=6401 kind=1 ns=288242548894247 fields=1270,2,0,1008,1800,200,200,0,1,0,0,0,0,0,0,0
event=trace_row ordinal=6402 kind=3 ns=288242548917872 fields=1270,1271,1,2,288242548894247,0,1000,5,5,0,5,0,5,5,1,3
event=trace_row ordinal=6403 kind=5 ns=288242558916225 fields=513,6,15,0,0,0,5,0,0,0,16,0,0,0,0,0
event=trace_row ordinal=6404 kind=0 ns=288242558894933 fields=1271,2,0,52,2,0,0,0,0,0,0,0,0,0,0,0
event=trace_row ordinal=6405 kind=1 ns=288242558894933 fields=1271,2,0,1008,1800,200,200,0,1,0,0,0,0,0,0,0
event=trace_row ordinal=6406 kind=1 ns=288242558894933 fields=1271,2,1,1008,1800,200,200,0,1,0,0,0,0,0,0,0
event=trace_row ordinal=6407 kind=3 ns=288242558920016 fields=1271,1272,1,2,288242558894933,0,1000,5,5,0,5,0,5,5,1,3
event=trace_row ordinal=6408 kind=5 ns=288242568913994 fields=513,6,15,0,0,0,5,0,0,0,16,0,0,0,0,0
event=trace_row ordinal=6409 kind=0 ns=288242568894452 fields=1272,2,0,26,1,0,0,0,0,0,0,0,0,0,0,0
event=trace_row ordinal=6410 kind=1 ns=288242568894452 fields=1272,2,0,1008,1800,200,200,0,1,0,0,0,0,0,0,0
event=trace_row ordinal=6411 kind=3 ns=288242568917494 fields=1272,1273,1,2,288242568894452,0,1000,5,5,0,5,0,5,5,1,3
event=trace_row ordinal=6412 kind=4 ns=288242575413506 fields=385,8,39,20,39,68,0,0,52,0,16,0,0,0,0,0
event=trace_row ordinal=6413 kind=4 ns=288242575674256 fields=641,5,3,0,0,0,0,0,0,0,16,0,0,0,0,0
event=trace_row ordinal=6414 kind=5 ns=288242578917887 fields=513,6,15,0,0,0,5,0,0,0,16,0,0,0,0,0
event=trace_row ordinal=6415 kind=0 ns=288242578894554 fields=1273,2,0,52,2,0,0,0,0,0,0,0,0,0,0,0
event=trace_row ordinal=6416 kind=1 ns=288242578894554 fields=1273,2,0,1008,1800,200,200,0,1,0,0,0,0,0,0,0
event=trace_row ordinal=6417 kind=1 ns=288242578894554 fields=1273,2,1,1008,1800,200,200,0,1,0,0,0,0,0,0,0
event=trace_row ordinal=6418 kind=3 ns=288242578921387 fields=1273,1274,1,2,288242578894554,0,1000,5,5,0,5,0,5,5,1,3
event=trace_row ordinal=6419 kind=5 ns=288242588913906 fields=513,6,15,0,0,0,5,0,0,0,16,0,0,0,0,0
event=trace_row ordinal=6420 kind=0 ns=288242588894365 fields=1274,2,0,26,1,0,0,0,0,0,0,0,0,0,0,0
event=trace_row ordinal=6421 kind=1 ns=288242588894365 fields=1274,2,0,1008,1800,200,200,0,1,0,0,0,0,0,0,0
event=trace_row ordinal=6422 kind=3 ns=288242588917406 fields=1274,1275,1,2,288242588894365,0,1000,5,5,0,5,0,5,5,1,3
event=trace_row ordinal=6423 kind=5 ns=288242598913425 fields=513,6,15,0,0,0,5,0,0,0,16,0,0,0,0,0
event=trace_row ordinal=6424 kind=0 ns=288242598893883 fields=1275,2,0,26,1,0,0,0,0,0,0,0,0,0,0,0
event=trace_row ordinal=6425 kind=1 ns=288242598893883 fields=1275,2,0,1008,1800,200,200,0,1,0,0,0,0,0,0,0
event=trace_row ordinal=6426 kind=3 ns=288242598916925 fields=1275,1276,1,2,288242598893883,0,1000,5,5,0,5,0,5,5,1,3
event=trace_row ordinal=6427 kind=5 ns=288242608915277 fields=513,6,15,0,0,0,5,0,0,0,16,0,0,0,0,0
event=trace_row ordinal=6428 kind=0 ns=288242608893986 fields=1276,2,0,52,2,0,0,0,0,0,0,0,0,0,0,0
event=trace_row ordinal=6429 kind=1 ns=288242608893986 fields=1276,2,0,1008,1800,200,200,0,1,0,0,0,0,0,0,0
event=trace_row ordinal=6430 kind=1 ns=288242608893986 fields=1276,2,1,1008,1800,200,200,0,1,0,0,0,0,0,0,0
event=trace_row ordinal=6431 kind=3 ns=288242608919361 fields=1276,1277,1,2,288242608893986,0,1000,5,5,0,5,0,5,5,1,3
event=trace_row ordinal=6432 kind=5 ns=288242618912463 fields=513,6,15,0,0,0,5,0,0,0,16,0,0,0,0,0
event=trace_row ordinal=6433 kind=0 ns=288242618893213 fields=1277,2,0,26,1,0,0,0,0,0,0,0,0,0,0,0
event=trace_row ordinal=6434 kind=1 ns=288242618893213 fields=1277,2,0,1008,1800,200,200,0,1,0,0,0,0,0,0,0
event=trace_row ordinal=6435 kind=3 ns=288242618915671 fields=1277,1278,1,2,288242618893213,0,1000,5,5,0,5,0,5,5,1,3
event=trace_row ordinal=6436 kind=4 ns=288242625359183 fields=385,8,39,20,39,68,0,0,44,0,16,0,0,0,0,0
event=trace_row ordinal=6437 kind=4 ns=288242625621101 fields=641,5,3,0,0,0,0,0,0,0,16,0,0,0,0,0
event=trace_row ordinal=6438 kind=5 ns=288242628915773 fields=513,6,15,0,0,0,5,0,0,0,16,0,0,0,0,0
event=trace_row ordinal=6439 kind=0 ns=288242628894482 fields=1278,2,0,52,2,0,0,0,0,0,0,0,0,0,0,0
event=trace_row ordinal=6440 kind=1 ns=288242628894482 fields=1278,2,0,1008,1800,200,200,0,1,0,0,0,0,0,0,0
event=trace_row ordinal=6441 kind=1 ns=288242628894482 fields=1278,2,1,1008,1800,200,200,0,1,0,0,0,0,0,0,0
event=trace_row ordinal=6442 kind=3 ns=288242628919565 fields=1278,1279,1,2,288242628894482,0,1000,5,5,0,5,0,5,5,1,3
event=trace_row ordinal=6443 kind=5 ns=288242638913834 fields=513,6,15,0,0,0,5,0,0,0,16,0,0,0,0,0
event=trace_row ordinal=6444 kind=0 ns=288242638894001 fields=1279,2,0,26,1,0,0,0,0,0,0,0,0,0,0,0
event=trace_row ordinal=6445 kind=1 ns=288242638894001 fields=1279,2,0,1008,1800,200,200,0,1,0,0,0,0,0,0,0
event=trace_row ordinal=6446 kind=3 ns=288242638917042 fields=1279,1280,1,2,288242638894001,0,1000,5,5,0,5,0,5,5,1,3
event=trace_row ordinal=6447 kind=5 ns=288242648916270 fields=513,6,15,0,0,0,5,0,0,0,16,0,0,0,0,0
event=trace_row ordinal=6448 kind=0 ns=288242648894978 fields=1280,2,0,52,2,0,0,0,0,0,0,0,0,0,0,0
event=trace_row ordinal=6449 kind=1 ns=288242648894978 fields=1280,2,0,1008,1800,200,200,0,1,0,0,0,0,0,0,0
event=trace_row ordinal=6450 kind=1 ns=288242648894978 fields=1280,2,1,1008,1800,200,200,0,1,0,0,0,0,0,0,0
event=trace_row ordinal=6451 kind=3 ns=288242648919770 fields=1280,1281,1,2,288242648894978,0,1000,5,5,0,5,0,5,5,1,3
event=trace_row ordinal=6452 kind=5 ns=288242658912580 fields=513,6,15,0,0,0,5,0,0,0,16,0,0,0,0,0
event=trace_row ordinal=6453 kind=0 ns=288242658893330 fields=1281,2,0,26,1,0,0,0,0,0,0,0,0,0,0,0
event=trace_row ordinal=6454 kind=1 ns=288242658893330 fields=1281,2,0,1008,1800,200,200,0,1,0,0,0,0,0,0,0
event=trace_row ordinal=6455 kind=3 ns=288242658915788 fields=1281,1282,1,2,288242658893330,0,1000,5,5,0,5,0,5,5,1,3
event=trace_row ordinal=6456 kind=5 ns=288242668913266 fields=513,6,15,0,0,0,5,0,0,0,16,0,0,0,0,0
event=trace_row ordinal=6457 kind=0 ns=288242668894016 fields=1282,2,0,26,1,0,0,0,0,0,0,0,0,0,0,0
event=trace_row ordinal=6458 kind=1 ns=288242668894016 fields=1282,2,0,1008,1800,200,200,0,1,0,0,0,0,0,0,0
event=trace_row ordinal=6459 kind=3 ns=288242668916766 fields=1282,1283,1,2,288242668894016,0,1000,5,5,0,5,0,5,5,1,3
event=trace_row ordinal=6460 kind=4 ns=288242675330236 fields=385,8,39,20,39,68,0,0,51,0,16,0,0,0,0,0
event=trace_row ordinal=6461 kind=4 ns=288242675570570 fields=641,5,3,0,0,0,0,0,0,0,16,0,0,0,0,0
event=trace_row ordinal=6462 kind=5 ns=288242678944285 fields=513,6,15,0,0,0,5,0,0,0,16,0,0,0,0,0
event=trace_row ordinal=6463 kind=0 ns=288242678908409 fields=1283,2,0,52,2,0,0,0,0,0,0,0,0,0,0,0
event=trace_row ordinal=6464 kind=1 ns=288242678908409 fields=1283,2,0,1008,1800,200,200,0,1,0,0,0,0,0,0,0
event=trace_row ordinal=6465 kind=1 ns=288242678908409 fields=1283,2,1,1008,1800,200,200,0,1,0,0,0,0,0,0,0
event=trace_row ordinal=6466 kind=3 ns=288242678949826 fields=1283,1284,1,2,288242678908409,0,1000,5,5,0,5,0,5,5,1,3
event=trace_row ordinal=6467 kind=5 ns=288242688920470 fields=513,6,15,0,0,0,5,0,0,0,16,0,0,0,0,0
event=trace_row ordinal=6468 kind=0 ns=288242688897428 fields=1284,2,0,26,1,0,0,0,0,0,0,0,0,0,0,0
event=trace_row ordinal=6469 kind=1 ns=288242688897428 fields=1284,2,0,1008,1800,200,200,0,1,0,0,0,0,0,0,0
event=trace_row ordinal=6470 kind=3 ns=288242688924262 fields=1284,1285,1,2,288242688897428,0,1000,5,5,0,5,0,5,5,1,3
event=trace_row ordinal=6471 kind=5 ns=288242698916197 fields=513,6,15,0,0,0,5,0,0,0,16,0,0,0,0,0
event=trace_row ordinal=6472 kind=0 ns=288242698894906 fields=1285,2,0,52,2,0,0,0,0,0,0,0,0,0,0,0
event=trace_row ordinal=6473 kind=1 ns=288242698894906 fields=1285,2,0,1008,1800,200,200,0,1,0,0,0,0,0,0,0
event=trace_row ordinal=6474 kind=1 ns=288242698894906 fields=1285,2,1,1008,1800,200,200,0,1,0,0,0,0,0,0,0
event=trace_row ordinal=6475 kind=3 ns=288242698919989 fields=1285,1286,1,2,288242698894906,0,1000,5,5,0,5,0,5,5,1,3
event=trace_row ordinal=6476 kind=4 ns=288242703374622 fields=1793,1,5,0,0,0,0,0,0,0,16,0,0,0,0,0
event=trace_row ordinal=6477 kind=5 ns=288242708915133 fields=513,6,15,0,0,0,5,0,0,0,16,0,0,0,0,0
event=trace_row ordinal=6478 kind=0 ns=288242708894424 fields=1286,2,0,26,1,0,0,0,0,0,0,0,0,0,0,0
event=trace_row ordinal=6479 kind=1 ns=288242708894424 fields=1286,2,0,1008,1800,200,200,0,1,0,0,0,0,0,0,0
event=trace_row ordinal=6480 kind=3 ns=288242708918633 fields=1286,1287,1,2,288242708894424,0,1000,5,5,0,5,0,5,5,1,3
event=trace_row ordinal=6481 kind=5 ns=288242718916985 fields=513,6,15,0,0,0,5,0,0,0,16,0,0,0,0,0
event=trace_row ordinal=6482 kind=0 ns=288242718895402 fields=1287,2,0,52,2,0,0,0,0,0,0,0,0,0,0,0
event=trace_row ordinal=6483 kind=1 ns=288242718895402 fields=1287,2,0,1008,1800,200,200,0,1,0,0,0,0,0,0,0
event=trace_row ordinal=6484 kind=1 ns=288242718895402 fields=1287,2,1,1008,1800,200,200,0,1,0,0,0,0,0,0,0
event=trace_row ordinal=6485 kind=3 ns=288242718920777 fields=1287,1288,1,2,288242718895402,0,1000,5,5,0,5,0,5,5,1,3
event=trace_row ordinal=6486 kind=4 ns=288242725251997 fields=385,8,39,20,39,68,0,0,46,0,16,0,0,0,0,0
event=trace_row ordinal=6487 kind=4 ns=288242725517997 fields=641,5,3,0,0,0,0,0,0,0,16,0,0,0,0,0
event=trace_row ordinal=6488 kind=5 ns=288242728913879 fields=513,6,15,0,0,0,5,0,0,0,16,0,0,0,0,0
event=trace_row ordinal=6489 kind=0 ns=288242728893754 fields=1288,2,0,26,1,0,0,0,0,0,0,0,0,0,0,0
event=trace_row ordinal=6490 kind=1 ns=288242728893754 fields=1288,2,0,1008,1800,200,200,0,1,0,0,0,0,0,0,0
event=trace_row ordinal=6491 kind=3 ns=288242728917962 fields=1288,1289,1,2,288242728893754,0,1000,5,5,0,5,0,5,5,1,3
event=trace_row ordinal=6492 kind=5 ns=288242738913398 fields=513,6,15,0,0,0,5,0,0,0,16,0,0,0,0,0
event=trace_row ordinal=6493 kind=0 ns=288242738894148 fields=1289,2,0,26,1,0,0,0,0,0,0,0,0,0,0,0
event=trace_row ordinal=6494 kind=1 ns=288242738894148 fields=1289,2,0,1008,1800,200,200,0,1,0,0,0,0,0,0,0
event=trace_row ordinal=6495 kind=3 ns=288242738916898 fields=1289,1290,1,2,288242738894148,0,1000,5,5,0,5,0,5,5,1,3
event=trace_row ordinal=6496 kind=5 ns=288242748915250 fields=513,6,15,0,0,0,5,0,0,0,16,0,0,0,0,0
event=trace_row ordinal=6497 kind=0 ns=288242748893958 fields=1290,2,0,52,2,0,0,0,0,0,0,0,0,0,0,0
event=trace_row ordinal=6498 kind=1 ns=288242748893958 fields=1290,2,0,1008,1800,200,200,0,1,0,0,0,0,0,0,0
event=trace_row ordinal=6499 kind=1 ns=288242748893958 fields=1290,2,1,1008,1800,200,200,0,1,0,0,0,0,0,0,0
event=trace_row ordinal=6500 kind=3 ns=288242748919042 fields=1290,1291,1,2,288242748893958,0,1000,5,5,0,5,0,5,5,1,3
event=trace_row ordinal=6501 kind=5 ns=288242758913311 fields=513,6,15,0,0,0,5,0,0,0,16,0,0,0,0,0
event=trace_row ordinal=6502 kind=0 ns=288242758894060 fields=1291,2,0,26,1,0,0,0,0,0,0,0,0,0,0,0
event=trace_row ordinal=6503 kind=1 ns=288242758894060 fields=1291,2,0,1008,1800,200,200,0,1,0,0,0,0,0,0,0
event=trace_row ordinal=6504 kind=3 ns=288242758916811 fields=1291,1292,1,2,288242758894060,0,1000,5,5,0,5,0,5,5,1,3
event=trace_row ordinal=6505 kind=5 ns=288242768914288 fields=513,6,15,0,0,0,5,0,0,0,16,0,0,0,0,0
event=trace_row ordinal=6506 kind=0 ns=288242768893579 fields=1292,2,0,52,2,0,0,0,0,0,0,0,0,0,0,0
event=trace_row ordinal=6507 kind=1 ns=288242768893579 fields=1292,2,0,1008,1800,200,200,0,1,0,0,0,0,0,0,0
event=trace_row ordinal=6508 kind=1 ns=288242768893579 fields=1292,2,1,1008,1800,200,200,0,1,0,0,0,0,0,0,0
event=trace_row ordinal=6509 kind=3 ns=288242768917788 fields=1292,1293,1,2,288242768893579,0,1000,5,5,0,5,0,5,5,1,3
event=trace_row ordinal=6510 kind=4 ns=288242775198258 fields=385,8,39,20,39,68,0,0,47,0,16,0,0,0,0,0
event=trace_row ordinal=6511 kind=4 ns=288242775466008 fields=641,5,3,0,0,0,0,0,0,0,16,0,0,0,0,0
event=trace_row ordinal=6512 kind=5 ns=288242778914098 fields=513,6,15,0,0,0,5,0,0,0,16,0,0,0,0,0
event=trace_row ordinal=6513 kind=0 ns=288242778894265 fields=1293,2,0,26,1,0,0,0,0,0,0,0,0,0,0,0
event=trace_row ordinal=6514 kind=1 ns=288242778894265 fields=1293,2,0,1008,1800,200,200,0,1,0,0,0,0,0,0,0
event=trace_row ordinal=6515 kind=3 ns=288242778918182 fields=1293,1294,1,2,288242778894265,0,1000,5,5,0,5,0,5,5,1,3
event=trace_row ordinal=6516 kind=5 ns=288242788916242 fields=513,6,15,0,0,0,5,0,0,0,16,0,0,0,0,0
event=trace_row ordinal=6517 kind=0 ns=288242788894367 fields=1294,2,0,52,2,0,0,0,0,0,0,0,0,0,0,0
event=trace_row ordinal=6518 kind=1 ns=288242788894367 fields=1294,2,0,1008,1800,200,200,0,1,0,0,0,0,0,0,0
event=trace_row ordinal=6519 kind=1 ns=288242788894367 fields=1294,2,1,1008,1800,200,200,0,1,0,0,0,0,0,0,0
event=trace_row ordinal=6520 kind=3 ns=288242788920326 fields=1294,1295,1,2,288242788894367,0,1000,5,5,0,5,0,5,5,1,3
event=trace_row ordinal=6521 kind=5 ns=288242798915469 fields=513,6,15,0,0,0,5,0,0,0,16,0,0,0,0,0
event=trace_row ordinal=6522 kind=0 ns=288242798895053 fields=1295,2,0,26,1,0,0,0,0,0,0,0,0,0,0,0
event=trace_row ordinal=6523 kind=1 ns=288242798895053 fields=1295,2,0,1008,1800,200,200,0,1,0,0,0,0,0,0,0
event=trace_row ordinal=6524 kind=3 ns=288242798919261 fields=1295,1296,1,2,288242798895053,0,1000,5,5,0,5,0,5,5,1,3
event=trace_row ordinal=6525 kind=5 ns=288242808912947 fields=513,6,15,0,0,0,5,0,0,0,16,0,0,0,0,0
event=trace_row ordinal=6526 kind=0 ns=288242808893697 fields=1296,2,0,26,1,0,0,0,0,0,0,0,0,0,0,0
event=trace_row ordinal=6527 kind=1 ns=288242808893697 fields=1296,2,0,1008,1800,200,200,0,1,0,0,0,0,0,0,0
event=trace_row ordinal=6528 kind=3 ns=288242808916447 fields=1296,1297,1,2,288242808893697,0,1000,5,5,0,5,0,5,5,1,3
event=trace_row ordinal=6529 kind=5 ns=288242818915382 fields=513,6,15,0,0,0,5,0,0,0,16,0,0,0,0,0
event=trace_row ordinal=6530 kind=0 ns=288242818894090 fields=1297,2,0,52,2,0,0,0,0,0,0,0,0,0,0,0
event=trace_row ordinal=6531 kind=1 ns=288242818894090 fields=1297,2,0,1008,1800,200,200,0,1,0,0,0,0,0,0,0
event=trace_row ordinal=6532 kind=1 ns=288242818894090 fields=1297,2,1,1008,1800,200,200,0,1,0,0,0,0,0,0,0
event=trace_row ordinal=6533 kind=3 ns=288242818918882 fields=1297,1298,1,2,288242818894090,0,1000,5,5,0,5,0,5,5,1,3
event=trace_row ordinal=6534 kind=4 ns=288242825145686 fields=385,8,39,20,39,68,0,0,50,0,16,0,0,0,0,0
event=trace_row ordinal=6535 kind=4 ns=288242825409644 fields=641,5,3,0,0,0,0,0,0,0,16,0,0,0,0,0
event=trace_row ordinal=6536 kind=5 ns=288242828914026 fields=513,6,15,0,0,0,5,0,0,0,16,0,0,0,0,0
event=trace_row ordinal=6537 kind=0 ns=288242828894193 fields=1298,2,0,26,1,0,0,0,0,0,0,0,0,0,0,0
event=trace_row ordinal=6538 kind=1 ns=288242828894193 fields=1298,2,0,1008,1800,200,200,0,1,0,0,0,0,0,0,0
event=trace_row ordinal=6539 kind=3 ns=288242828917818 fields=1298,1299,1,2,288242828894193,0,1000,5,5,0,5,0,5,5,1,3
event=trace_row ordinal=6540 kind=5 ns=288242838917337 fields=513,6,15,0,0,0,5,0,0,0,16,0,0,0,0,0
event=trace_row ordinal=6541 kind=0 ns=288242838894587 fields=1299,2,0,52,2,0,0,0,0,0,0,0,0,0,0,0
event=trace_row ordinal=6542 kind=1 ns=288242838894587 fields=1299,2,0,1008,1800,200,200,0,1,0,0,0,0,0,0,0
event=trace_row ordinal=6543 kind=1 ns=288242838894587 fields=1299,2,1,1008,1800,200,200,0,1,0,0,0,0,0,0,0
event=trace_row ordinal=6544 kind=3 ns=288242838921712 fields=1299,1300,1,2,288242838894587,0,1000,5,5,0,5,0,5,5,1,3
event=trace_row ordinal=6545 kind=5 ns=288242848915689 fields=513,6,15,0,0,0,5,0,0,0,16,0,0,0,0,0
event=trace_row ordinal=6546 kind=0 ns=288242848895564 fields=1300,2,0,26,1,0,0,0,0,0,0,0,0,0,0,0
event=trace_row ordinal=6547 kind=1 ns=288242848895564 fields=1300,2,0,1008,1800,200,200,0,1,0,0,0,0,0,0,0
event=trace_row ordinal=6548 kind=3 ns=288242848919189 fields=1300,1301,1,2,288242848895564,0,1000,5,5,0,5,0,5,5,1,3
event=trace_row ordinal=6549 kind=5 ns=288242858938541 fields=513,6,15,0,0,0,5,0,0,0,16,0,0,0,0,0
event=trace_row ordinal=6550 kind=0 ns=288242858906166 fields=1301,2,0,26,1,0,0,0,0,0,0,0,0,0,0,0
event=trace_row ordinal=6551 kind=1 ns=288242858906166 fields=1301,2,0,1008,1800,200,200,0,1,0,0,0,0,0,0,0
event=trace_row ordinal=6552 kind=3 ns=288242858944374 fields=1301,1302,1,2,288242858906166,0,1000,5,5,0,5,0,5,5,1,3
event=trace_row ordinal=6553 kind=5 ns=288242868928143 fields=513,6,15,0,0,0,5,0,0,0,16,0,0,0,0,0
event=trace_row ordinal=6554 kind=0 ns=288242868899851 fields=1302,2,0,52,2,0,0,0,0,0,0,0,0,0,0,0
event=trace_row ordinal=6555 kind=1 ns=288242868899851 fields=1302,2,0,1008,1800,200,200,0,1,0,0,0,0,0,0,0
event=trace_row ordinal=6556 kind=1 ns=288242868899851 fields=1302,2,1,1008,1800,200,200,0,1,0,0,0,0,0,0,0
event=trace_row ordinal=6557 kind=3 ns=288242868932810 fields=1302,1303,1,2,288242868899851,0,1000,5,5,0,5,0,5,5,1,3
event=trace_row ordinal=6558 kind=4 ns=288242875099530 fields=385,8,39,20,39,68,0,0,54,0,16,0,0,0,0,0
event=trace_row ordinal=6559 kind=4 ns=288242875355905 fields=641,5,3,0,0,0,0,0,0,0,16,0,0,0,0,0
event=trace_row ordinal=6560 kind=5 ns=288242878932037 fields=513,6,15,0,0,0,5,0,0,0,16,0,0,0,0,0
event=trace_row ordinal=6561 kind=0 ns=288242878903162 fields=1303,2,0,26,1,0,0,0,0,0,0,0,0,0,0,0
event=trace_row ordinal=6562 kind=1 ns=288242878903162 fields=1303,2,0,1008,1800,200,200,0,1,0,0,0,0,0,0,0
event=trace_row ordinal=6563 kind=3 ns=288242878936995 fields=1303,1304,1,2,288242878903162,0,1000,5,5,0,5,0,5,5,1,3
event=trace_row ordinal=6564 kind=5 ns=288242888925723 fields=513,6,15,0,0,0,5,0,0,0,16,0,0,0,0,0
event=trace_row ordinal=6565 kind=0 ns=288242888898889 fields=1304,2,0,52,2,0,0,0,0,0,0,0,0,0,0,0
event=trace_row ordinal=6566 kind=1 ns=288242888898889 fields=1304,2,0,1008,1800,200,200,0,1,0,0,0,0,0,0,0
event=trace_row ordinal=6567 kind=1 ns=288242888898889 fields=1304,2,1,1008,1800,200,200,0,1,0,0,0,0,0,0,0
event=trace_row ordinal=6568 kind=3 ns=288242888930098 fields=1304,1305,1,2,288242888898889,0,1000,5,5,0,5,0,5,5,1,3
event=trace_row ordinal=6569 kind=5 ns=288242898927867 fields=513,6,15,0,0,0,5,0,0,0,16,0,0,0,0,0
event=trace_row ordinal=6570 kind=0 ns=288242898900741 fields=1305,2,0,26,1,0,0,0,0,0,0,0,0,0,0,0
event=trace_row ordinal=6571 kind=1 ns=288242898900741 fields=1305,2,0,1008,1800,200,200,0,1,0,0,0,0,0,0,0
event=trace_row ordinal=6572 kind=3 ns=288242898932242 fields=1305,1306,1,2,288242898900741,0,1000,5,5,0,5,0,5,5,1,3
event=trace_row ordinal=6573 kind=5 ns=288242908930594 fields=513,6,15,0,0,0,5,0,0,0,16,0,0,0,0,0
event=trace_row ordinal=6574 kind=0 ns=288242908901135 fields=1306,2,0,52,2,0,0,0,0,0,0,0,0,0,0,0
event=trace_row ordinal=6575 kind=1 ns=288242908901135 fields=1306,2,0,1008,1800,200,200,0,1,0,0,0,0,0,0,0
event=trace_row ordinal=6576 kind=1 ns=288242908901135 fields=1306,2,1,1008,1800,200,200,0,1,0,0,0,0,0,0,0
event=trace_row ordinal=6577 kind=3 ns=288242908935844 fields=1306,1307,1,2,288242908901135,0,1000,5,5,0,5,0,5,5,1,3
event=trace_row ordinal=6578 kind=5 ns=288242918918738 fields=513,6,15,0,0,0,5,0,0,0,16,0,0,0,0,0
event=trace_row ordinal=6579 kind=0 ns=288242918897154 fields=1307,2,0,26,1,0,0,0,0,0,0,0,0,0,0,0
event=trace_row ordinal=6580 kind=1 ns=288242918897154 fields=1307,2,0,1008,1800,200,200,0,1,0,0,0,0,0,0,0
event=trace_row ordinal=6581 kind=3 ns=288242918921946 fields=1307,1308,1,2,288242918897154,0,1000,5,5,0,5,0,5,5,1,3
event=trace_row ordinal=6582 kind=4 ns=288242925045791 fields=385,8,39,20,39,68,0,0,48,0,16,0,0,0,0,0
event=trace_row ordinal=6583 kind=4 ns=288242925302458 fields=641,5,3,0,0,0,0,0,0,0,16,0,0,0,0,0
event=trace_row ordinal=6584 kind=5 ns=288242928915923 fields=513,6,15,0,0,0,5,0,0,0,16,0,0,0,0,0
event=trace_row ordinal=6585 kind=0 ns=288242928894048 fields=1308,2,0,52,2,0,0,0,0,0,0,0,0,0,0,0
event=trace_row ordinal=6586 kind=1 ns=288242928894048 fields=1308,2,0,1008,1800,200,200,0,1,0,0,0,0,0,0,0
event=trace_row ordinal=6587 kind=1 ns=288242928894048 fields=1308,2,1,1008,1800,200,200,0,1,0,0,0,0,0,0,0
event=trace_row ordinal=6588 kind=3 ns=288242928919715 fields=1308,1309,1,2,288242928894048,0,1000,5,5,0,5,0,5,5,1,3
event=trace_row ordinal=6589 kind=5 ns=288242938914275 fields=513,6,15,0,0,0,5,0,0,0,16,0,0,0,0,0
event=trace_row ordinal=6590 kind=0 ns=288242938894442 fields=1309,2,0,26,1,0,0,0,0,0,0,0,0,0,0,0
event=trace_row ordinal=6591 kind=1 ns=288242938894442 fields=1309,2,0,1008,1800,200,200,0,1,0,0,0,0,0,0,0
event=trace_row ordinal=6592 kind=3 ns=288242938917775 fields=1309,1310,1,2,288242938894442,0,1000,5,5,0,5,0,5,5,1,3
event=trace_row ordinal=6593 kind=5 ns=288242948914086 fields=513,6,15,0,0,0,5,0,0,0,16,0,0,0,0,0
event=trace_row ordinal=6594 kind=0 ns=288242948894253 fields=1310,2,0,26,1,0,0,0,0,0,0,0,0,0,0,0
event=trace_row ordinal=6595 kind=1 ns=288242948894253 fields=1310,2,0,1008,1800,200,200,0,1,0,0,0,0,0,0,0
event=trace_row ordinal=6596 kind=3 ns=288242948917586 fields=1310,1311,1,2,288242948894253,0,1000,5,5,0,5,0,5,5,1,3
event=trace_row ordinal=6597 kind=4 ns=288242952921593 fields=1793,1,5,0,0,0,0,0,0,0,16,0,0,0,0,0
event=trace_row ordinal=6598 kind=5 ns=288242958916813 fields=513,6,15,0,0,0,5,0,0,0,16,0,0,0,0,0
event=trace_row ordinal=6599 kind=0 ns=288242958894646 fields=1311,2,0,52,2,0,0,0,0,0,0,0,0,0,0,0
event=trace_row ordinal=6600 kind=1 ns=288242958894646 fields=1311,2,0,1008,1800,200,200,0,1,0,0,0,0,0,0,0
event=trace_row ordinal=6601 kind=1 ns=288242958894646 fields=1311,2,1,1008,1800,200,200,0,1,0,0,0,0,0,0,0
event=trace_row ordinal=6602 kind=3 ns=288242958920896 fields=1311,1312,1,2,288242958894646,0,1000,5,5,0,5,0,5,5,1,3
event=trace_row ordinal=6603 kind=5 ns=288242968920707 fields=513,6,15,0,0,0,5,0,0,0,16,0,0,0,0,0
event=trace_row ordinal=6604 kind=0 ns=288242968896499 fields=1312,2,0,26,1,0,0,0,0,0,0,0,0,0,0,0
event=trace_row ordinal=6605 kind=1 ns=288242968896499 fields=1312,2,0,1008,1800,200,200,0,1,0,0,0,0,0,0,0
event=trace_row ordinal=6606 kind=3 ns=288242968924790 fields=1312,1313,1,2,288242968896499,0,1000,5,5,0,5,0,5,5,1,3
event=trace_row ordinal=6607 kind=4 ns=288242974987094 fields=385,8,39,20,39,68,0,0,52,0,16,0,0,0,0,0
event=trace_row ordinal=6608 kind=4 ns=288242975248136 fields=641,5,3,0,0,0,0,0,0,0,16,0,0,0,0,0
event=trace_row ordinal=6609 kind=5 ns=288242978917601 fields=513,6,15,0,0,0,5,0,0,0,16,0,0,0,0,0
event=trace_row ordinal=6610 kind=0 ns=288242978894559 fields=1313,2,0,52,2,0,0,0,0,0,0,0,0,0,0,0
event=trace_row ordinal=6611 kind=1 ns=288242978894559 fields=1313,2,0,1008,1800,200,200,0,1,0,0,0,0,0,0,0
event=trace_row ordinal=6612 kind=1 ns=288242978894559 fields=1313,2,1,1008,1800,200,200,0,1,0,0,0,0,0,0,0
event=trace_row ordinal=6613 kind=3 ns=288242978921101 fields=1313,1314,1,2,288242978894559,0,1000,5,5,0,5,0,5,5,1,3
event=trace_row ordinal=6614 kind=5 ns=288242988914495 fields=513,6,15,0,0,0,5,0,0,0,16,0,0,0,0,0
event=trace_row ordinal=6615 kind=0 ns=288242988894370 fields=1314,2,0,26,1,0,0,0,0,0,0,0,0,0,0,0
event=trace_row ordinal=6616 kind=1 ns=288242988894370 fields=1314,2,0,1008,1800,200,200,0,1,0,0,0,0,0,0,0
event=trace_row ordinal=6617 kind=3 ns=288242988917995 fields=1314,1315,1,2,288242988894370,0,1000,5,5,0,5,0,5,5,1,3
event=trace_row ordinal=6618 kind=5 ns=288242998916347 fields=513,6,15,0,0,0,5,0,0,0,16,0,0,0,0,0
event=trace_row ordinal=6619 kind=0 ns=288242998894764 fields=1315,2,0,52,2,0,0,0,0,0,0,0,0,0,0,0
event=trace_row ordinal=6620 kind=1 ns=288242998894764 fields=1315,2,0,1008,1800,200,200,0,1,0,0,0,0,0,0,0
event=trace_row ordinal=6621 kind=1 ns=288242998894764 fields=1315,2,1,1008,1800,200,200,0,1,0,0,0,0,0,0,0
event=trace_row ordinal=6622 kind=3 ns=288242998919847 fields=1315,1316,1,2,288242998894764,0,1000,5,5,0,5,0,5,5,1,3
event=trace_row ordinal=6623 kind=5 ns=288243008914700 fields=513,6,15,0,0,0,5,0,0,0,16,0,0,0,0,0
event=trace_row ordinal=6624 kind=0 ns=288243008894283 fields=1316,2,0,26,1,0,0,0,0,0,0,0,0,0,0,0
event=trace_row ordinal=6625 kind=1 ns=288243008894283 fields=1316,2,0,1008,1800,200,200,0,1,0,0,0,0,0,0,0
event=trace_row ordinal=6626 kind=3 ns=288243008918200 fields=1316,1317,1,2,288243008894283,0,1000,5,5,0,5,0,5,5,1,3
event=trace_row ordinal=6627 kind=5 ns=288243018913927 fields=513,6,15,0,0,0,5,0,0,0,16,0,0,0,0,0
event=trace_row ordinal=6628 kind=0 ns=288243018893802 fields=1317,2,0,26,1,0,0,0,0,0,0,0,0,0,0,0
event=trace_row ordinal=6629 kind=1 ns=288243018893802 fields=1317,2,0,1008,1800,200,200,0,1,0,0,0,0,0,0,0
event=trace_row ordinal=6630 kind=3 ns=288243018918010 fields=1317,1318,1,2,288243018893802,0,1000,5,5,0,5,0,5,5,1,3
event=trace_row ordinal=6631 kind=4 ns=288243024930730 fields=385,8,39,20,39,68,0,0,43,0,16,0,0,0,0,0
event=trace_row ordinal=6632 kind=4 ns=288243025196439 fields=641,5,3,0,0,0,0,0,0,0,16,0,0,0,0,0
event=trace_row ordinal=6633 kind=5 ns=288243028916071 fields=513,6,15,0,0,0,5,0,0,0,16,0,0,0,0,0
event=trace_row ordinal=6634 kind=0 ns=288243028894488 fields=1318,2,0,52,2,0,0,0,0,0,0,0,0,0,0,0
event=trace_row ordinal=6635 kind=1 ns=288243028894488 fields=1318,2,0,1008,1800,200,200,0,1,0,0,0,0,0,0,0
event=trace_row ordinal=6636 kind=1 ns=288243028894488 fields=1318,2,1,1008,1800,200,200,0,1,0,0,0,0,0,0,0
event=trace_row ordinal=6637 kind=3 ns=288243028919863 fields=1318,1319,1,2,288243028894488,0,1000,5,5,0,5,0,5,5,1,3
event=trace_row ordinal=6638 kind=5 ns=288243038913548 fields=513,6,15,0,0,0,5,0,0,0,16,0,0,0,0,0
event=trace_row ordinal=6639 kind=0 ns=288243038894007 fields=1319,2,0,26,1,0,0,0,0,0,0,0,0,0,0,0
event=trace_row ordinal=6640 kind=1 ns=288243038894007 fields=1319,2,0,1008,1800,200,200,0,1,0,0,0,0,0,0,0
event=trace_row ordinal=6641 kind=3 ns=288243038917048 fields=1319,1320,1,2,288243038894007,0,1000,5,5,0,5,0,5,5,1,3
event=trace_row ordinal=6642 kind=5 ns=288243048914526 fields=513,6,15,0,0,0,5,0,0,0,16,0,0,0,0,0
event=trace_row ordinal=6643 kind=0 ns=288243048893525 fields=1320,2,0,52,2,0,0,0,0,0,0,0,0,0,0,0
event=trace_row ordinal=6644 kind=1 ns=288243048893525 fields=1320,2,0,1008,1800,200,200,0,1,0,0,0,0,0,0,0
event=trace_row ordinal=6645 kind=1 ns=288243048893525 fields=1320,2,1,1008,1800,200,200,0,1,0,0,0,0,0,0,0
event=trace_row ordinal=6646 kind=3 ns=288243048918026 fields=1320,1321,1,2,288243048893525,0,1000,5,5,0,5,0,5,5,1,3
event=trace_row ordinal=6647 kind=5 ns=288243058913461 fields=513,6,15,0,0,0,5,0,0,0,16,0,0,0,0,0
event=trace_row ordinal=6648 kind=0 ns=288243058893919 fields=1321,2,0,26,1,0,0,0,0,0,0,0,0,0,0,0
event=trace_row ordinal=6649 kind=1 ns=288243058893919 fields=1321,2,0,1008,1800,200,200,0,1,0,0,0,0,0,0,0
event=trace_row ordinal=6650 kind=3 ns=288243058916961 fields=1321,1322,1,2,288243058893919,0,1000,5,5,0,5,0,5,5,1,3
event=trace_row ordinal=6651 kind=5 ns=288243068940105 fields=513,6,15,0,0,0,5,0,0,0,16,0,0,0,0,0
event=trace_row ordinal=6652 kind=0 ns=288243068907147 fields=1322,2,0,52,2,0,0,0,0,0,0,0,0,0,0,0
event=trace_row ordinal=6653 kind=1 ns=288243068907147 fields=1322,2,0,1008,1800,200,200,0,1,0,0,0,0,0,0,0
event=trace_row ordinal=6654 kind=1 ns=288243068907147 fields=1322,2,1,1008,1800,200,200,0,1,0,0,0,0,0,0,0
event=trace_row ordinal=6655 kind=3 ns=288243068945939 fields=1322,1323,1,2,288243068907147,0,1000,5,5,0,5,0,5,5,1,3
event=trace_row ordinal=6656 kind=4 ns=288243074885158 fields=385,8,39,20,39,68,0,0,51,0,16,0,0,0,0,0
event=trace_row ordinal=6657 kind=4 ns=288243075143575 fields=641,5,3,0,0,0,0,0,0,0,16,0,0,0,0,0
event=trace_row ordinal=6658 kind=5 ns=288243078919499 fields=513,6,15,0,0,0,5,0,0,0,16,0,0,0,0,0
event=trace_row ordinal=6659 kind=0 ns=288243078897916 fields=1323,2,0,26,1,0,0,0,0,0,0,0,0,0,0,0
event=trace_row ordinal=6660 kind=1 ns=288243078897916 fields=1323,2,0,1008,1800,200,200,0,1,0,0,0,0,0,0,0
event=trace_row ordinal=6661 kind=3 ns=288243078923291 fields=1323,1324,1,2,288243078897916,0,1000,5,5,0,5,0,5,5,1,3
event=trace_row ordinal=6662 kind=5 ns=288243088915226 fields=513,6,15,0,0,0,5,0,0,0,16,0,0,0,0,0
event=trace_row ordinal=6663 kind=0 ns=288243088894810 fields=1324,2,0,26,1,0,0,0,0,0,0,0,0,0,0,0
event=trace_row ordinal=6664 kind=1 ns=288243088894810 fields=1324,2,0,1008,1800,200,200,0,1,0,0,0,0,0,0,0
event=trace_row ordinal=6665 kind=3 ns=288243088918726 fields=1324,1325,1,2,288243088894810,0,1000,5,5,0,5,0,5,5,1,3
event=trace_row ordinal=6666 kind=5 ns=288243098916204 fields=513,6,15,0,0,0,5,0,0,0,16,0,0,0,0,0
event=trace_row ordinal=6667 kind=0 ns=288243098894912 fields=1325,2,0,52,2,0,0,0,0,0,0,0,0,0,0,0
event=trace_row ordinal=6668 kind=1 ns=288243098894912 fields=1325,2,0,1008,1800,200,200,0,1,0,0,0,0,0,0,0
event=trace_row ordinal=6669 kind=1 ns=288243098894912 fields=1325,2,1,1008,1800,200,200,0,1,0,0,0,0,0,0,0
event=trace_row ordinal=6670 kind=3 ns=288243098919704 fields=1325,1326,1,2,288243098894912,0,1000,5,5,0,5,0,5,5,1,3
event=trace_row ordinal=6671 kind=5 ns=288243108912806 fields=513,6,15,0,0,0,5,0,0,0,16,0,0,0,0,0
event=trace_row ordinal=6672 kind=0 ns=288243108893264 fields=1326,2,0,26,1,0,0,0,0,0,0,0,0,0,0,0
event=trace_row ordinal=6673 kind=1 ns=288243108893264 fields=1326,2,0,1008,1800,200,200,0,1,0,0,0,0,0,0,0
event=trace_row ordinal=6674 kind=3 ns=288243108916306 fields=1326,1327,1,2,288243108893264,0,1000,5,5,0,5,0,5,5,1,3
event=trace_row ordinal=6675 kind=5 ns=288243118918450 fields=513,6,15,0,0,0,5,0,0,0,16,0,0,0,0,0
event=trace_row ordinal=6676 kind=0 ns=288243118895117 fields=1327,2,0,52,2,0,0,0,0,0,0,0,0,0,0,0
event=trace_row ordinal=6677 kind=1 ns=288243118895117 fields=1327,2,0,1008,1800,200,200,0,1,0,0,0,0,0,0,0
event=trace_row ordinal=6678 kind=1 ns=288243118895117 fields=1327,2,1,1008,1800,200,200,0,1,0,0,0,0,0,0,0
event=trace_row ordinal=6679 kind=3 ns=288243118922242 fields=1327,1328,1,2,288243118895117,0,1000,5,5,0,5,0,5,5,1,3
event=trace_row ordinal=6680 kind=4 ns=288243124828795 fields=385,8,39,20,39,68,0,0,48,0,16,0,0,0,0,0
event=trace_row ordinal=6681 kind=4 ns=288243125088670 fields=641,5,3,0,0,0,0,0,0,0,16,0,0,0,0,0
event=trace_row ordinal=6682 kind=5 ns=288243128914761 fields=513,6,15,0,0,0,5,0,0,0,16,0,0,0,0,0
event=trace_row ordinal=6683 kind=0 ns=288243128894636 fields=1328,2,0,26,1,0,0,0,0,0,0,0,0,0,0,0
event=trace_row ordinal=6684 kind=1 ns=288243128894636 fields=1328,2,0,1008,1800,200,200,0,1,0,0,0,0,0,0,0
event=trace_row ordinal=6685 kind=3 ns=288243128918552 fields=1328,1329,1,2,288243128894636,0,1000,5,5,0,5,0,5,5,1,3
event=trace_row ordinal=6686 kind=5 ns=288243138916321 fields=513,6,15,0,0,0,5,0,0,0,16,0,0,0,0,0
event=trace_row ordinal=6687 kind=0 ns=288243138894738 fields=1329,2,0,52,2,0,0,0,0,0,0,0,0,0,0,0
event=trace_row ordinal=6688 kind=1 ns=288243138894738 fields=1329,2,0,1008,1800,200,200,0,1,0,0,0,0,0,0,0
event=trace_row ordinal=6689 kind=1 ns=288243138894738 fields=1329,2,1,1008,1800,200,200,0,1,0,0,0,0,0,0,0
event=trace_row ordinal=6690 kind=3 ns=288243138920113 fields=1329,1330,1,2,288243138894738,0,1000,5,5,0,5,0,5,5,1,3
event=trace_row ordinal=6691 kind=5 ns=288243148912340 fields=513,6,15,0,0,0,5,0,0,0,16,0,0,0,0,0
event=trace_row ordinal=6692 kind=0 ns=288243148893382 fields=1330,2,0,26,1,0,0,0,0,0,0,0,0,0,0,0
event=trace_row ordinal=6693 kind=1 ns=288243148893382 fields=1330,2,0,1008,1800,200,200,0,1,0,0,0,0,0,0,0
event=trace_row ordinal=6694 kind=3 ns=288243148915840 fields=1330,1331,1,2,288243148893382,0,1000,5,5,0,5,0,5,5,1,3
event=trace_row ordinal=6695 kind=5 ns=288243158913318 fields=513,6,15,0,0,0,5,0,0,0,16,0,0,0,0,0
event=trace_row ordinal=6696 kind=0 ns=288243158893776 fields=1331,2,0,26,1,0,0,0,0,0,0,0,0,0,0,0
event=trace_row ordinal=6697 kind=1 ns=288243158893776 fields=1331,2,0,1008,1800,200,200,0,1,0,0,0,0,0,0,0
event=trace_row ordinal=6698 kind=3 ns=288243158916818 fields=1331,1332,1,2,288243158893776,0,1000,5,5,0,5,0,5,5,1,3
event=trace_row ordinal=6699 kind=5 ns=288243168915462 fields=513,6,15,0,0,0,5,0,0,0,16,0,0,0,0,0
event=trace_row ordinal=6700 kind=0 ns=288243168894170 fields=1332,2,0,52,2,0,0,0,0,0,0,0,0,0,0,0
event=trace_row ordinal=6701 kind=1 ns=288243168894170 fields=1332,2,0,1008,1800,200,200,0,1,0,0,0,0,0,0,0
event=trace_row ordinal=6702 kind=1 ns=288243168894170 fields=1332,2,1,1008,1800,200,200,0,1,0,0,0,0,0,0,0
event=trace_row ordinal=6703 kind=3 ns=288243168918962 fields=1332,1333,1,2,288243168894170,0,1000,5,5,0,5,0,5,5,1,3
event=trace_row ordinal=6704 kind=4 ns=288243174771556 fields=385,8,39,20,39,68,0,0,45,0,16,0,0,0,0,0
event=trace_row ordinal=6705 kind=4 ns=288243175034348 fields=641,5,3,0,0,0,0,0,0,0,16,0,0,0,0,0
event=trace_row ordinal=6706 kind=5 ns=288243178914689 fields=513,6,15,0,0,0,5,0,0,0,16,0,0,0,0,0
event=trace_row ordinal=6707 kind=0 ns=288243178894272 fields=1333,2,0,26,1,0,0,0,0,0,0,0,0,0,0,0
event=trace_row ordinal=6708 kind=1 ns=288243178894272 fields=1333,2,0,1008,1800,200,200,0,1,0,0,0,0,0,0,0
event=trace_row ordinal=6709 kind=3 ns=288243178918189 fields=1333,1334,1,2,288243178894272,0,1000,5,5,0,5,0,5,5,1,3
event=trace_row ordinal=6710 kind=5 ns=288243188915083 fields=513,6,15,0,0,0,5,0,0,0,16,0,0,0,0,0
event=trace_row ordinal=6711 kind=0 ns=288243188893499 fields=1334,2,0,52,2,0,0,0,0,0,0,0,0,0,0,0
event=trace_row ordinal=6712 kind=1 ns=288243188893499 fields=1334,2,0,1008,1800,200,200,0,1,0,0,0,0,0,0,0
event=trace_row ordinal=6713 kind=1 ns=288243188893499 fields=1334,2,1,1008,1800,200,200,0,1,0,0,0,0,0,0,0
event=trace_row ordinal=6714 kind=3 ns=288243188918874 fields=1334,1335,1,2,288243188893499,0,1000,5,5,0,5,0,5,5,1,3
event=trace_row ordinal=6715 kind=5 ns=288243198913435 fields=513,6,15,0,0,0,5,0,0,0,16,0,0,0,0,0
event=trace_row ordinal=6716 kind=0 ns=288243198893602 fields=1335,2,0,26,1,0,0,0,0,0,0,0,0,0,0,0
event=trace_row ordinal=6717 kind=1 ns=288243198893602 fields=1335,2,0,1008,1800,200,200,0,1,0,0,0,0,0,0,0
event=trace_row ordinal=6718 kind=3 ns=288243198917227 fields=1335,1336,1,2,288243198893602,0,1000,5,5,0,5,0,5,5,1,3
event=trace_row ordinal=6719 kind=4 ns=288243202405567 fields=1793,1,5,0,0,0,0,0,0,0,16,0,0,0,0,0
event=trace_row ordinal=6720 kind=5 ns=288243208916162 fields=513,6,15,0,0,0,5,0,0,0,16,0,0,0,0,0
event=trace_row ordinal=6721 kind=0 ns=288243208894287 fields=1336,2,0,52,2,0,0,0,0,0,0,0,0,0,0,0
event=trace_row ordinal=6722 kind=1 ns=288243208894287 fields=1336,2,0,1008,1800,200,200,0,1,0,0,0,0,0,0,0
event=trace_row ordinal=6723 kind=1 ns=288243208894287 fields=1336,2,1,1008,1800,200,200,0,1,0,0,0,0,0,0,0
event=trace_row ordinal=6724 kind=3 ns=288243208919662 fields=1336,1337,1,2,288243208894287,0,1000,5,5,0,5,0,5,5,1,3
event=trace_row ordinal=6725 kind=5 ns=288243218915973 fields=513,6,15,0,0,0,5,0,0,0,16,0,0,0,0,0
event=trace_row ordinal=6726 kind=0 ns=288243218895556 fields=1337,2,0,26,1,0,0,0,0,0,0,0,0,0,0,0
event=trace_row ordinal=6727 kind=1 ns=288243218895556 fields=1337,2,0,1008,1800,200,200,0,1,0,0,0,0,0,0,0
event=trace_row ordinal=6728 kind=3 ns=288243218919765 fields=1337,1338,1,2,288243218895556,0,1000,5,5,0,5,0,5,5,1,3
event=trace_row ordinal=6729 kind=4 ns=288243224716067 fields=385,8,39,20,39,68,0,0,49,0,16,0,0,0,0,0
event=trace_row ordinal=6730 kind=4 ns=288243224980901 fields=641,5,3,0,0,0,0,0,0,0,16,0,0,0,0,0
event=trace_row ordinal=6731 kind=5 ns=288243228916950 fields=513,6,15,0,0,0,5,0,0,0,16,0,0,0,0,0
event=trace_row ordinal=6732 kind=0 ns=288243228895659 fields=1338,2,0,26,1,0,0,0,0,0,0,0,0,0,0,0
event=trace_row ordinal=6733 kind=1 ns=288243228895659 fields=1338,2,0,1008,1800,200,200,0,1,0,0,0,0,0,0,0
event=trace_row ordinal=6734 kind=3 ns=288243228920742 fields=1338,1339,1,2,288243228895659,0,1000,5,5,0,5,0,5,5,1,3
event=trace_row ordinal=6735 kind=5 ns=288243238924928 fields=513,6,15,0,0,0,5,0,0,0,16,0,0,0,0,0
event=trace_row ordinal=6736 kind=0 ns=288243238898969 fields=1339,2,0,52,2,0,0,0,0,0,0,0,0,0,0,0
event=trace_row ordinal=6737 kind=1 ns=288243238898969 fields=1339,2,0,1008,1800,200,200,0,1,0,0,0,0,0,0,0
event=trace_row ordinal=6738 kind=1 ns=288243238898969 fields=1339,2,1,1008,1800,200,200,0,1,0,0,0,0,0,0,0
event=trace_row ordinal=6739 kind=3 ns=288243238929886 fields=1339,1340,1,2,288243238898969,0,1000,5,5,0,5,0,5,5,1,3
event=trace_row ordinal=6740 kind=5 ns=288243248932613 fields=513,6,15,0,0,0,5,0,0,0,16,0,0,0,0,0
event=trace_row ordinal=6741 kind=0 ns=288243248901697 fields=1340,2,0,26,1,0,0,0,0,0,0,0,0,0,0,0
event=trace_row ordinal=6742 kind=1 ns=288243248901697 fields=1340,2,0,1008,1800,200,200,0,1,0,0,0,0,0,0,0
event=trace_row ordinal=6743 kind=3 ns=288243248938447 fields=1340,1341,1,2,288243248901697,0,1000,5,5,0,5,0,5,5,1,3
event=trace_row ordinal=6744 kind=5 ns=288243258922507 fields=513,6,15,0,0,0,5,0,0,0,16,0,0,0,0,0
event=trace_row ordinal=6745 kind=0 ns=288243258897132 fields=1341,2,0,52,2,0,0,0,0,0,0,0,0,0,0,0
event=trace_row ordinal=6746 kind=1 ns=288243258897132 fields=1341,2,0,1008,1800,200,200,0,1,0,0,0,0,0,0,0
event=trace_row ordinal=6747 kind=1 ns=288243258897132 fields=1341,2,1,1008,1800,200,200,0,1,0,0,0,0,0,0,0
event=trace_row ordinal=6748 kind=3 ns=288243258926591 fields=1341,1342,1,2,288243258897132,0,1000,5,5,0,5,0,5,5,1,3
event=trace_row ordinal=6749 kind=5 ns=288243268928735 fields=513,6,15,0,0,0,5,0,0,0,16,0,0,0,0,0
event=trace_row ordinal=6750 kind=0 ns=288243268901318 fields=1342,2,0,26,1,0,0,0,0,0,0,0,0,0,0,0
event=trace_row ordinal=6751 kind=1 ns=288243268901318 fields=1342,2,0,1008,1800,200,200,0,1,0,0,0,0,0,0,0
event=trace_row ordinal=6752 kind=3 ns=288243268933401 fields=1342,1343,1,2,288243268901318,0,1000,5,5,0,5,0,5,5,1,3
event=trace_row ordinal=6753 kind=4 ns=288243274673120 fields=385,8,39,20,39,68,0,0,52,0,16,0,0,0,0,0
event=trace_row ordinal=6754 kind=4 ns=288243274928913 fields=641,5,3,0,0,0,0,0,0,0,16,0,0,0,0,0
event=trace_row ordinal=6755 kind=5 ns=288243278925920 fields=513,6,15,0,0,0,5,0,0,0,16,0,0,0,0,0
event=trace_row ordinal=6756 kind=0 ns=288243278899670 fields=1343,2,0,52,2,0,0,0,0,0,0,0,0,0,0,0
event=trace_row ordinal=6757 kind=1 ns=288243278899670 fields=1343,2,0,1008,1800,200,200,0,1,0,0,0,0,0,0,0
event=trace_row ordinal=6758 kind=1 ns=288243278899670 fields=1343,2,1,1008,1800,200,200,0,1,0,0,0,0,0,0,0
event=trace_row ordinal=6759 kind=3 ns=288243278930004 fields=1343,1344,1,2,288243278899670,0,1000,5,5,0,5,0,5,5,1,3
event=trace_row ordinal=6760 kind=5 ns=288243288925148 fields=513,6,15,0,0,0,5,0,0,0,16,0,0,0,0,0
event=trace_row ordinal=6761 kind=0 ns=288243288900064 fields=1344,2,0,26,1,0,0,0,0,0,0,0,0,0,0,0
event=trace_row ordinal=6762 kind=1 ns=288243288900064 fields=1344,2,0,1008,1800,200,200,0,1,0,0,0,0,0,0,0
event=trace_row ordinal=6763 kind=3 ns=288243288930981 fields=1344,1345,1,2,288243288900064,0,1000,5,5,0,5,0,5,5,1,3
event=trace_row ordinal=6764 kind=5 ns=288243298922041 fields=513,6,15,0,0,0,5,0,0,0,16,0,0,0,0,0
event=trace_row ordinal=6765 kind=0 ns=288243298896958 fields=1345,2,0,26,1,0,0,0,0,0,0,0,0,0,0,0
event=trace_row ordinal=6766 kind=1 ns=288243298896958 fields=1345,2,0,1008,1800,200,200,0,1,0,0,0,0,0,0,0
event=trace_row ordinal=6767 kind=3 ns=288243298925833 fields=1345,1346,1,2,288243298896958,0,1000,5,5,0,5,0,5,5,1,3
event=trace_row ordinal=6768 kind=5 ns=288243308917477 fields=513,6,15,0,0,0,5,0,0,0,16,0,0,0,0,0
event=trace_row ordinal=6769 kind=0 ns=288243308895310 fields=1346,2,0,52,2,0,0,0,0,0,0,0,0,0,0,0
event=trace_row ordinal=6770 kind=1 ns=288243308895310 fields=1346,2,0,1008,1800,200,200,0,1,0,0,0,0,0,0,0
event=trace_row ordinal=6771 kind=1 ns=288243308895310 fields=1346,2,1,1008,1800,200,200,0,1,0,0,0,0,0,0,0
event=trace_row ordinal=6772 kind=3 ns=288243308921852 fields=1346,1347,1,2,288243308895310,0,1000,5,5,0,5,0,5,5,1,3
event=trace_row ordinal=6773 kind=5 ns=288243318917871 fields=513,6,15,0,0,0,5,0,0,0,16,0,0,0,0,0
event=trace_row ordinal=6774 kind=0 ns=288243318895704 fields=1347,2,0,26,1,0,0,0,0,0,0,0,0,0,0,0
event=trace_row ordinal=6775 kind=1 ns=288243318895704 fields=1347,2,0,1008,1800,200,200,0,1,0,0,0,0,0,0,0
event=trace_row ordinal=6776 kind=3 ns=288243318921663 fields=1347,1348,1,2,288243318895704,0,1000,5,5,0,5,0,5,5,1,3
event=trace_row ordinal=6777 kind=4 ns=288243324614715 fields=385,8,39,20,39,68,0,0,49,0,16,0,0,0,0,0
event=trace_row ordinal=6778 kind=4 ns=288243324876049 fields=641,5,3,0,0,0,0,0,0,0,16,0,0,0,0,0
event=trace_row ordinal=6779 kind=5 ns=288243328915932 fields=513,6,15,0,0,0,5,0,0,0,16,0,0,0,0,0
event=trace_row ordinal=6780 kind=0 ns=288243328894057 fields=1348,2,0,52,2,0,0,0,0,0,0,0,0,0,0,0
event=trace_row ordinal=6781 kind=1 ns=288243328894057 fields=1348,2,0,1008,1800,200,200,0,1,0,0,0,0,0,0,0
event=trace_row ordinal=6782 kind=1 ns=288243328894057 fields=1348,2,1,1008,1800,200,200,0,1,0,0,0,0,0,0,0
event=trace_row ordinal=6783 kind=3 ns=288243328919723 fields=1348,1349,1,2,288243328894057,0,1000,5,5,0,5,0,5,5,1,3
event=trace_row ordinal=6784 kind=5 ns=288243338913992 fields=513,6,15,0,0,0,5,0,0,0,16,0,0,0,0,0
event=trace_row ordinal=6785 kind=0 ns=288243338894159 fields=1349,2,0,26,1,0,0,0,0,0,0,0,0,0,0,0
event=trace_row ordinal=6786 kind=1 ns=288243338894159 fields=1349,2,0,1008,1800,200,200,0,1,0,0,0,0,0,0,0
event=trace_row ordinal=6787 kind=3 ns=288243338917784 fields=1349,1350,1,2,288243338894159,0,1000,5,5,0,5,0,5,5,1,3
event=trace_row ordinal=6788 kind=5 ns=288243348915553 fields=513,6,15,0,0,0,5,0,0,0,16,0,0,0,0,0
event=trace_row ordinal=6789 kind=0 ns=288243348894261 fields=1350,2,0,52,2,0,0,0,0,0,0,0,0,0,0,0
event=trace_row ordinal=6790 kind=1 ns=288243348894261 fields=1350,2,0,1008,1800,200,200,0,1,0,0,0,0,0,0,0
event=trace_row ordinal=6791 kind=1 ns=288243348894261 fields=1350,2,1,1008,1800,200,200,0,1,0,0,0,0,0,0,0
event=trace_row ordinal=6792 kind=3 ns=288243348919053 fields=1350,1351,1,2,288243348894261,0,1000,5,5,0,5,0,5,5,1,3
event=trace_row ordinal=6793 kind=5 ns=288243358913905 fields=513,6,15,0,0,0,5,0,0,0,16,0,0,0,0,0
event=trace_row ordinal=6794 kind=0 ns=288243358894655 fields=1351,2,0,26,1,0,0,0,0,0,0,0,0,0,0,0
event=trace_row ordinal=6795 kind=1 ns=288243358894655 fields=1351,2,0,1008,1800,200,200,0,1,0,0,0,0,0,0,0
event=trace_row ordinal=6796 kind=3 ns=288243358917697 fields=1351,1352,1,2,288243358894655,0,1000,5,5,0,5,0,5,5,1,3
event=trace_row ordinal=6797 kind=5 ns=288243368912841 fields=513,6,15,0,0,0,5,0,0,0,16,0,0,0,0,0
event=trace_row ordinal=6798 kind=0 ns=288243368893299 fields=1352,2,0,26,1,0,0,0,0,0,0,0,0,0,0,0
event=trace_row ordinal=6799 kind=1 ns=288243368893299 fields=1352,2,0,1008,1800,200,200,0,1,0,0,0,0,0,0,0
event=trace_row ordinal=6800 kind=3 ns=288243368916924 fields=1352,1353,1,2,288243368893299,0,1000,5,5,0,5,0,5,5,1,3
event=trace_row ordinal=6801 kind=4 ns=288243374561560 fields=385,8,39,20,39,68,0,0,54,0,16,0,0,0,0,0
event=trace_row ordinal=6802 kind=4 ns=288243374822310 fields=641,5,3,0,0,0,0,0,0,0,16,0,0,0,0,0
event=trace_row ordinal=6803 kind=5 ns=288243378915568 fields=513,6,15,0,0,0,5,0,0,0,16,0,0,0,0,0
event=trace_row ordinal=6804 kind=0 ns=288243378893985 fields=1353,2,0,52,2,0,0,0,0,0,0,0,0,0,0,0
event=trace_row ordinal=6805 kind=1 ns=288243378893985 fields=1353,2,0,1008,1800,200,200,0,1,0,0,0,0,0,0,0
event=trace_row ordinal=6806 kind=1 ns=288243378893985 fields=1353,2,1,1008,1800,200,200,0,1,0,0,0,0,0,0,0
event=trace_row ordinal=6807 kind=3 ns=288243378919360 fields=1353,1354,1,2,288243378893985,0,1000,5,5,0,5,0,5,5,1,3
event=trace_row ordinal=6808 kind=5 ns=288243388914504 fields=513,6,15,0,0,0,5,0,0,0,16,0,0,0,0,0
event=trace_row ordinal=6809 kind=0 ns=288243388894379 fields=1354,2,0,26,1,0,0,0,0,0,0,0,0,0,0,0
event=trace_row ordinal=6810 kind=1 ns=288243388894379 fields=1354,2,0,1008,1800,200,200,0,1,0,0,0,0,0,0,0
event=trace_row ordinal=6811 kind=3 ns=288243388918004 fields=1354,1355,1,2,288243388894379,0,1000,5,5,0,5,0,5,5,1,3
event=trace_row ordinal=6812 kind=5 ns=288243398916065 fields=513,6,2,0,0,0,0,0,0,0,16,0,0,0,0,0
event=trace_row ordinal=6813 kind=0 ns=288243398893898 fields=1355,2,0,52,2,0,0,0,0,0,0,0,0,0,0,0
event=trace_row ordinal=6814 kind=1 ns=288243398893898 fields=1355,2,0,1008,1800,200,200,0,1,0,0,0,0,0,0,0
event=trace_row ordinal=6815 kind=1 ns=288243398893898 fields=1355,2,1,1000,0,1000,1000,4,1,0,0,0,0,0,0,0
event=trace_row ordinal=6816 kind=3 ns=288243398919565 fields=1355,1356,1,2,288243398893898,0,-1000,-5,-5,0,0,0,0,6,0,4
event=trace_row ordinal=6817 kind=6 ns=288243398929773 fields=5,0,1356,288243398893898,0,0,0,0,0,0,0,0,0,0,0,0
event=trace_row ordinal=6818 kind=5 ns=288243398936773 fields=513,6,6,0,0,0,0,0,0,0,16,0,0,0,0,0
event=trace_row ordinal=6819 kind=0 ns=288243400893568 fields=1356,2,0,0,0,0,0,0,0,0,0,0,0,0,0,0
event=trace_row ordinal=6820 kind=0 ns=288243402891780 fields=1357,2,0,0,0,0,0,0,0,0,0,0,0,0,0,0
event=trace_row ordinal=6821 kind=0 ns=288243404902243 fields=1358,2,0,26,1,0,0,0,0,0,0,0,0,0,0,0
event=trace_row ordinal=6822 kind=1 ns=288243404902243 fields=1358,2,0,1000,0,1000,1000,4,1,0,0,0,0,0,0,0
event=trace_row ordinal=6823 kind=0 ns=288243406890830 fields=1359,2,0,0,0,0,0,0,0,0,0,0,0,0,0,0
event=trace_row ordinal=6824 kind=0 ns=288243408890208 fields=1360,2,0,0,0,0,0,0,0,0,0,0,0,0,0,0
event=trace_row ordinal=6825 kind=0 ns=288243410889879 fields=1361,2,0,0,0,0,0,0,0,0,0,0,0,0,0,0
event=trace_row ordinal=6826 kind=0 ns=288243412892174 fields=1362,2,0,26,1,0,0,0,0,0,0,0,0,0,0,0
event=trace_row ordinal=6827 kind=1 ns=288243412892174 fields=1362,2,0,1000,0,1000,1000,4,1,0,0,0,0,0,0,0
event=trace_row ordinal=6828 kind=0 ns=288243414891261 fields=1363,2,0,0,0,0,0,0,0,0,0,0,0,0,0,0
event=trace_row ordinal=6829 kind=0 ns=288243416890640 fields=1364,2,0,0,0,0,0,0,0,0,0,0,0,0,0,0
event=trace_row ordinal=6830 kind=0 ns=288243418901394 fields=1365,2,0,26,1,0,0,0,0,0,0,0,0,0,0,0
event=trace_row ordinal=6831 kind=1 ns=288243418901394 fields=1365,2,0,1000,0,1000,1000,4,1,0,0,0,0,0,0,0
event=trace_row ordinal=6832 kind=0 ns=288243420890856 fields=1366,2,0,0,0,0,0,0,0,0,0,0,0,0,0,0
event=trace_row ordinal=6833 kind=0 ns=288243422889943 fields=1367,2,0,0,0,0,0,0,0,0,0,0,0,0,0,0
event=trace_row ordinal=6834 kind=0 ns=288243424522696 fields=1368,2,0,0,0,0,0,0,0,0,0,0,0,0,0,0
event=trace_row ordinal=6835 kind=4 ns=288243424534946 fields=385,8,7,20,7,84,0,0,29,0,16,0,0,0,0,0
event=trace_row ordinal=6836 kind=4 ns=288243424778780 fields=641,5,3,0,0,0,0,0,0,0,16,0,0,0,0,0
event=trace_row ordinal=6837 kind=0 ns=288243425900241 fields=1369,2,0,26,1,0,0,0,0,0,0,0,0,0,0,0
event=trace_row ordinal=6838 kind=1 ns=288243425900241 fields=1369,2,0,1000,0,1000,1000,4,1,0,0,0,0,0,0,0
event=trace_row ordinal=6839 kind=0 ns=288243427891161 fields=1370,2,0,0,0,0,0,0,0,0,0,0,0,0,0,0
event=trace_row ordinal=6840 kind=0 ns=288243429890540 fields=1371,2,0,0,0,0,0,0,0,0,0,0,0,0,0,0
event=trace_row ordinal=6841 kind=0 ns=288243431890794 fields=1372,2,0,0,0,0,0,0,0,0,0,0,0,0,0,0
event=trace_row ordinal=6842 kind=0 ns=288243433891339 fields=1373,2,0,26,1,0,0,0,0,0,0,0,0,0,0,0
event=trace_row ordinal=6843 kind=1 ns=288243433891339 fields=1373,2,0,1000,0,1000,1000,4,1,0,0,0,0,0,0,0
event=trace_row ordinal=6844 kind=0 ns=288243435889843 fields=1374,2,0,0,0,0,0,0,0,0,0,0,0,0,0,0
event=trace_row ordinal=6845 kind=0 ns=288243438006180 fields=1375,2,0,0,0,0,0,0,0,0,0,0,0,0,0,0
event=trace_row ordinal=6846 kind=0 ns=288243439922726 fields=1376,2,0,26,1,0,0,0,0,0,0,0,0,0,0,0
event=trace_row ordinal=6847 kind=1 ns=288243439922726 fields=1376,2,0,1000,0,1000,1000,4,1,0,0,0,0,0,0,0
event=trace_row ordinal=6848 kind=0 ns=288243441918896 fields=1377,2,0,0,0,0,0,0,0,0,0,0,0,0,0,0
event=trace_row ordinal=6849 kind=0 ns=288243443918275 fields=1378,2,0,0,0,0,0,0,0,0,0,0,0,0,0,0
event=trace_row ordinal=6850 kind=0 ns=288243445918237 fields=1379,2,0,0,0,0,0,0,0,0,0,0,0,0,0,0
event=trace_row ordinal=6851 kind=0 ns=288243447922282 fields=1380,2,0,26,1,0,0,0,0,0,0,0,0,0,0,0
event=trace_row ordinal=6852 kind=1 ns=288243447922282 fields=1380,2,0,1000,0,1000,1000,4,1,0,0,0,0,0,0,0
event=trace_row ordinal=6853 kind=0 ns=288243449059201 fields=1381,2,0,0,0,0,0,0,0,0,0,0,0,0,0,0
event=trace_row ordinal=6854 kind=0 ns=288243450922080 fields=1382,2,0,0,0,0,0,0,0,0,0,0,0,0,0,0
event=trace_row ordinal=6855 kind=0 ns=288243452070957 fields=1383,2,0,0,0,0,0,0,0,0,0,0,0,0,0,0
event=trace_row ordinal=6856 kind=4 ns=288243452119665 fields=1793,1,5,0,0,0,0,0,0,0,16,0,0,0,0,0
event=trace_row ordinal=6857 kind=0 ns=288243453977002 fields=1384,2,0,26,1,0,0,0,0,0,0,0,0,0,0,0
event=trace_row ordinal=6858 kind=1 ns=288243453977002 fields=1384,2,0,1000,0,1000,1000,4,1,0,0,0,0,0,0,0
event=trace_row ordinal=6859 kind=0 ns=288243455919214 fields=1385,2,0,0,0,0,0,0,0,0,0,0,0,0,0,0
event=trace_row ordinal=6860 kind=0 ns=288243457918885 fields=1386,2,0,0,0,0,0,0,0,0,0,0,0,0,0,0
event=trace_row ordinal=6861 kind=0 ns=288243459918555 fields=1387,2,0,0,0,0,0,0,0,0,0,0,0,0,0,0
event=trace_row ordinal=6862 kind=0 ns=288243461922601 fields=1388,2,0,26,1,0,0,0,0,0,0,0,0,0,0,0
event=trace_row ordinal=6863 kind=1 ns=288243461922601 fields=1388,2,0,1000,0,1000,1000,4,1,0,0,0,0,0,0,0
event=trace_row ordinal=6864 kind=0 ns=288243463918480 fields=1389,2,0,0,0,0,0,0,0,0,0,0,0,0,0,0
event=trace_row ordinal=6865 kind=0 ns=288243465918150 fields=1390,2,0,0,0,0,0,0,0,0,0,0,0,0,0,0
event=trace_row ordinal=6866 kind=0 ns=288243467922487 fields=1391,2,0,26,1,0,0,0,0,0,0,0,0,0,0,0
event=trace_row ordinal=6867 kind=1 ns=288243467922487 fields=1391,2,0,1000,0,1000,1000,4,1,0,0,0,0,0,0,0
event=trace_row ordinal=6868 kind=0 ns=288243469918074 fields=1392,2,0,0,0,0,0,0,0,0,0,0,0,0,0,0
event=trace_row ordinal=6869 kind=0 ns=288243471918620 fields=1393,2,0,0,0,0,0,0,0,0,0,0,0,0,0,0
event=trace_row ordinal=6870 kind=0 ns=288243473918873 fields=1394,2,0,0,0,0,0,0,0,0,0,0,0,0,0,0
event=trace_row ordinal=6871 kind=4 ns=288243474611875 fields=385,8,7,20,7,20,0,0,240,255,16,0,0,0,0,0
event=trace_row ordinal=6872 kind=4 ns=288243474865042 fields=641,5,3,0,0,0,0,0,0,0,16,0,0,0,0,0
event=trace_row ordinal=6873 kind=0 ns=288243475922627 fields=1395,2,0,26,1,0,0,0,0,0,0,0,0,0,0,0
event=trace_row ordinal=6874 kind=1 ns=288243475922627 fields=1395,2,0,1000,0,1000,1000,4,1,0,0,0,0,0,0,0
event=trace_row ordinal=6875 kind=0 ns=288243477918506 fields=1396,2,0,0,0,0,0,0,0,0,0,0,0,0,0,0
event=trace_row ordinal=6876 kind=0 ns=288243479918177 fields=1397,2,0,0,0,0,0,0,0,0,0,0,0,0,0,0
event=trace_row ordinal=6877 kind=0 ns=288243481922805 fields=1398,2,0,26,1,0,0,0,0,0,0,0,0,0,0,0
event=trace_row ordinal=6878 kind=1 ns=288243481922805 fields=1398,2,0,1000,0,1000,1000,4,1,0,0,0,0,0,0,0
event=trace_row ordinal=6879 kind=0 ns=288243483917809 fields=1399,2,0,0,0,0,0,0,0,0,0,0,0,0,0,0
event=trace_row ordinal=6880 kind=0 ns=288243485918646 fields=1400,2,0,0,0,0,0,0,0,0,0,0,0,0,0,0
event=trace_row ordinal=6881 kind=0 ns=288243487918608 fields=1401,2,0,0,0,0,0,0,0,0,0,0,0,0,0,0
event=trace_row ordinal=6882 kind=0 ns=288243489922071 fields=1402,2,0,26,1,0,0,0,0,0,0,0,0,0,0,0
event=trace_row ordinal=6883 kind=1 ns=288243489922071 fields=1402,2,0,1000,0,1000,1000,4,1,0,0,0,0,0,0,0
event=trace_row ordinal=6884 kind=0 ns=288243491918241 fields=1403,2,0,0,0,0,0,0,0,0,0,0,0,0,0,0
event=trace_row ordinal=6885 kind=0 ns=288243493917911 fields=1404,2,0,0,0,0,0,0,0,0,0,0,0,0,0,0
event=trace_row ordinal=6886 kind=0 ns=288243495918749 fields=1405,2,0,0,0,0,0,0,0,0,0,0,0,0,0,0
event=trace_row ordinal=6887 kind=0 ns=288243497921919 fields=1406,2,0,26,1,0,0,0,0,0,0,0,0,0,0,0
event=trace_row ordinal=6888 kind=1 ns=288243497921919 fields=1406,2,0,1000,0,1000,1000,4,1,0,0,0,0,0,0,0
event=trace_row ordinal=6889 kind=0 ns=288243499918673 fields=1407,2,0,0,0,0,0,0,0,0,0,0,0,0,0,0
event=trace_row ordinal=6890 kind=0 ns=288243501918343 fields=1408,2,0,0,0,0,0,0,0,0,0,0,0,0,0,0
event=trace_row ordinal=6891 kind=0 ns=288243503921514 fields=1409,2,0,26,1,0,0,0,0,0,0,0,0,0,0,0
event=trace_row ordinal=6892 kind=1 ns=288243503921514 fields=1409,2,0,1000,0,1000,1000,4,1,0,0,0,0,0,0,0
event=trace_row ordinal=6893 kind=0 ns=288243505918559 fields=1410,2,0,0,0,0,0,0,0,0,0,0,0,0,0,0
event=trace_row ordinal=6894 kind=0 ns=288243507919105 fields=1411,2,0,0,0,0,0,0,0,0,0,0,0,0,0,0
event=trace_row ordinal=6895 kind=0 ns=288243509921400 fields=1412,2,0,26,1,0,0,0,0,0,0,0,0,0,0,0
event=trace_row ordinal=6896 kind=1 ns=288243509921400 fields=1412,2,0,1000,0,1000,1000,4,1,0,0,0,0,0,0,0
event=trace_row ordinal=6897 kind=0 ns=288243511917279 fields=1413,2,0,0,0,0,0,0,0,0,0,0,0,0,0,0
event=trace_row ordinal=6898 kind=0 ns=288243513917824 fields=1414,2,0,0,0,0,0,0,0,0,0,0,0,0,0,0
event=trace_row ordinal=6899 kind=0 ns=288243515918953 fields=1415,2,0,0,0,0,0,0,0,0,0,0,0,0,0,0
event=trace_row ordinal=6900 kind=0 ns=288243517922999 fields=1416,2,0,26,1,0,0,0,0,0,0,0,0,0,0,0
event=trace_row ordinal=6901 kind=1 ns=288243517922999 fields=1416,2,0,1000,0,1000,1000,4,1,0,0,0,0,0,0,0
event=trace_row ordinal=6902 kind=0 ns=288243519918294 fields=1417,2,0,0,0,0,0,0,0,0,0,0,0,0,0,0
event=trace_row ordinal=6903 kind=0 ns=288243521918548 fields=1418,2,0,0,0,0,0,0,0,0,0,0,0,0,0,0
event=trace_row ordinal=6904 kind=0 ns=288243523922302 fields=1419,2,0,26,1,0,0,0,0,0,0,0,0,0,0,0
event=trace_row ordinal=6905 kind=1 ns=288243523922302 fields=1419,2,0,1000,0,1000,1000,4,1,0,0,0,0,0,0,0
event=trace_row ordinal=6906 kind=4 ns=288243524611803 fields=385,8,7,20,7,20,0,0,5,0,16,0,0,0,0,0
event=trace_row ordinal=6907 kind=4 ns=288243524871970 fields=641,5,3,0,0,0,0,0,0,0,16,0,0,0,0,0
event=trace_row ordinal=6908 kind=0 ns=288243525919347 fields=1420,2,0,0,0,0,0,0,0,0,0,0,0,0,0,0
event=trace_row ordinal=6909 kind=0 ns=288243527918726 fields=1421,2,0,0,0,0,0,0,0,0,0,0,0,0,0,0
event=trace_row ordinal=6910 kind=0 ns=288243529918396 fields=1422,2,0,0,0,0,0,0,0,0,0,0,0,0,0,0
event=trace_row ordinal=6911 kind=0 ns=288243531921859 fields=1423,2,0,26,1,0,0,0,0,0,0,0,0,0,0,0
event=trace_row ordinal=6912 kind=1 ns=288243531921859 fields=1423,2,0,1000,0,1000,1000,4,1,0,0,0,0,0,0,0
event=trace_row ordinal=6913 kind=0 ns=288243533917737 fields=1424,2,0,0,0,0,0,0,0,0,0,0,0,0,0,0
event=trace_row ordinal=6914 kind=0 ns=288243535918574 fields=1425,2,0,0,0,0,0,0,0,0,0,0,0,0,0,0
event=trace_row ordinal=6915 kind=0 ns=288243537923203 fields=1426,2,0,26,1,0,0,0,0,0,0,0,0,0,0,0
event=trace_row ordinal=6916 kind=1 ns=288243537923203 fields=1426,2,0,1000,0,1000,1000,4,1,0,0,0,0,0,0,0
event=trace_row ordinal=6917 kind=0 ns=288243539918790 fields=1427,2,0,0,0,0,0,0,0,0,0,0,0,0,0,0
event=trace_row ordinal=6918 kind=0 ns=288243541918461 fields=1428,2,0,0,0,0,0,0,0,0,0,0,0,0,0,0
event=trace_row ordinal=6919 kind=0 ns=288243543917840 fields=1429,2,0,0,0,0,0,0,0,0,0,0,0,0,0,0
event=trace_row ordinal=6920 kind=0 ns=288243545922177 fields=1430,2,0,26,1,0,0,0,0,0,0,0,0,0,0,0
event=trace_row ordinal=6921 kind=1 ns=288243545922177 fields=1430,2,0,1000,0,1000,1000,4,1,0,0,0,0,0,0,0
event=trace_row ordinal=6922 kind=0 ns=288243547918639 fields=1431,2,0,0,0,0,0,0,0,0,0,0,0,0,0,0
event=trace_row ordinal=6923 kind=0 ns=288243549918309 fields=1432,2,0,0,0,0,0,0,0,0,0,0,0,0,0,0
event=trace_row ordinal=6924 kind=0 ns=288243551922938 fields=1433,2,0,26,1,0,0,0,0,0,0,0,0,0,0,0
event=trace_row ordinal=6925 kind=1 ns=288243551922938 fields=1433,2,0,1000,0,1000,1000,4,1,0,0,0,0,0,0,0
event=trace_row ordinal=6926 kind=0 ns=288243553917942 fields=1434,2,0,0,0,0,0,0,0,0,0,0,0,0,0,0
event=trace_row ordinal=6927 kind=0 ns=288243555917904 fields=1435,2,0,0,0,0,0,0,0,0,0,0,0,0,0,0
event=trace_row ordinal=6928 kind=0 ns=288243557918741 fields=1436,2,0,0,0,0,0,0,0,0,0,0,0,0,0,0
event=trace_row ordinal=6929 kind=0 ns=288243559921328 fields=1437,2,0,26,1,0,0,0,0,0,0,0,0,0,0,0
event=trace_row ordinal=6930 kind=1 ns=288243559921328 fields=1437,2,0,1000,0,1000,1000,4,1,0,0,0,0,0,0,0
event=trace_row ordinal=6931 kind=0 ns=288243561918374 fields=1438,2,0,0,0,0,0,0,0,0,0,0,0,0,0,0
event=trace_row ordinal=6932 kind=0 ns=288243563918919 fields=1439,2,0,0,0,0,0,0,0,0,0,0,0,0,0,0
event=trace_row ordinal=6933 kind=0 ns=288243565922381 fields=1440,2,0,26,1,0,0,0,0,0,0,0,0,0,0,0
event=trace_row ordinal=6934 kind=1 ns=288243565922381 fields=1440,2,0,1000,0,1000,1000,4,1,0,0,0,0,0,0,0
event=trace_row ordinal=6935 kind=0 ns=288243567918843 fields=1441,2,0,0,0,0,0,0,0,0,0,0,0,0,0,0
event=trace_row ordinal=6936 kind=0 ns=288243569918514 fields=1442,2,0,0,0,0,0,0,0,0,0,0,0,0,0,0
event=trace_row ordinal=6937 kind=0 ns=288243571918476 fields=1443,2,0,0,0,0,0,0,0,0,0,0,0,0,0,0
event=trace_row ordinal=6938 kind=0 ns=288243573921355 fields=1444,2,0,26,1,0,0,0,0,0,0,0,0,0,0,0
event=trace_row ordinal=6939 kind=1 ns=288243573921355 fields=1444,2,0,1000,0,1000,1000,4,1,0,0,0,0,0,0,0
event=trace_row ordinal=6940 kind=4 ns=288243574621940 fields=385,8,7,20,7,20,0,0,254,255,16,0,0,0,0,0
event=trace_row ordinal=6941 kind=4 ns=288243574886190 fields=641,5,3,0,0,0,0,0,0,0,16,0,0,0,0,0
event=trace_row ordinal=6942 kind=0 ns=288243575919275 fields=1445,2,0,0,0,0,0,0,0,0,0,0,0,0,0,0
event=trace_row ordinal=6943 kind=0 ns=288243577918362 fields=1446,2,0,0,0,0,0,0,0,0,0,0,0,0,0,0
event=trace_row ordinal=6944 kind=0 ns=288243579922700 fields=1447,2,0,26,1,0,0,0,0,0,0,0,0,0,0,0
event=trace_row ordinal=6945 kind=1 ns=288243579922700 fields=1447,2,0,1000,0,1000,1000,4,1,0,0,0,0,0,0,0
event=trace_row ordinal=6946 kind=0 ns=288243581919162 fields=1448,2,0,0,0,0,0,0,0,0,0,0,0,0,0,0
event=trace_row ordinal=6947 kind=0 ns=288243583918540 fields=1449,2,0,0,0,0,0,0,0,0,0,0,0,0,0,0
event=trace_row ordinal=6948 kind=0 ns=288243585918503 fields=1450,2,0,0,0,0,0,0,0,0,0,0,0,0,0,0
event=trace_row ordinal=6949 kind=0 ns=288243587921965 fields=1451,2,0,26,1,0,0,0,0,0,0,0,0,0,0,0
event=trace_row ordinal=6950 kind=1 ns=288243587921965 fields=1451,2,0,1000,0,1000,1000,4,1,0,0,0,0,0,0,0
event=trace_row ordinal=6951 kind=0 ns=288243589918135 fields=1452,2,0,0,0,0,0,0,0,0,0,0,0,0,0,0
event=trace_row ordinal=6952 kind=0 ns=288243591918972 fields=1453,2,0,0,0,0,0,0,0,0,0,0,0,0,0,0
event=trace_row ordinal=6953 kind=0 ns=288243593922143 fields=1454,2,0,26,1,0,0,0,0,0,0,0,0,0,0,0
event=trace_row ordinal=6954 kind=1 ns=288243593922143 fields=1454,2,0,1000,0,1000,1000,4,1,0,0,0,0,0,0,0
event=trace_row ordinal=6955 kind=0 ns=288243595918022 fields=1455,2,0,0,0,0,0,0,0,0,0,0,0,0,0,0
event=trace_row ordinal=6956 kind=0 ns=288243597918859 fields=1456,2,0,0,0,0,0,0,0,0,0,0,0,0,0,0
event=trace_row ordinal=6957 kind=0 ns=288243599918529 fields=1457,2,0,0,0,0,0,0,0,0,0,0,0,0,0,0
event=trace_row ordinal=6958 kind=0 ns=288243601921408 fields=1458,2,0,26,1,0,0,0,0,0,0,0,0,0,0,0
event=trace_row ordinal=6959 kind=1 ns=288243601921408 fields=1458,2,0,1000,0,1000,1000,4,1,0,0,0,0,0,0,0
event=trace_row ordinal=6960 kind=0 ns=288243603917578 fields=1459,2,0,0,0,0,0,0,0,0,0,0,0,0,0,0
event=trace_row ordinal=6961 kind=0 ns=288243605919582 fields=1460,2,0,0,0,0,0,0,0,0,0,0,0,0,0,0
event=trace_row ordinal=6962 kind=0 ns=288243607923336 fields=1461,2,0,26,1,0,0,0,0,0,0,0,0,0,0,0
event=trace_row ordinal=6963 kind=1 ns=288243607923336 fields=1461,2,0,1000,0,1000,1000,4,1,0,0,0,0,0,0,0
event=trace_row ordinal=6964 kind=0 ns=288243609918631 fields=1462,2,0,0,0,0,0,0,0,0,0,0,0,0,0,0
event=trace_row ordinal=6965 kind=0 ns=288243611918885 fields=1463,2,0,0,0,0,0,0,0,0,0,0,0,0,0,0
event=trace_row ordinal=6966 kind=0 ns=288243613917681 fields=1464,2,0,0,0,0,0,0,0,0,0,0,0,0,0,0
event=trace_row ordinal=6967 kind=0 ns=288243615922310 fields=1465,2,0,26,1,0,0,0,0,0,0,0,0,0,0,0
event=trace_row ordinal=6968 kind=1 ns=288243615922310 fields=1465,2,0,1000,0,1000,1000,4,1,0,0,0,0,0,0,0
event=trace_row ordinal=6969 kind=0 ns=288243617919063 fields=1466,2,0,0,0,0,0,0,0,0,0,0,0,0,0,0
event=trace_row ordinal=6970 kind=0 ns=288243619918150 fields=1467,2,0,0,0,0,0,0,0,0,0,0,0,0,0,0
event=trace_row ordinal=6971 kind=0 ns=288243621922779 fields=1468,2,0,26,1,0,0,0,0,0,0,0,0,0,0,0
event=trace_row ordinal=6972 kind=1 ns=288243621922779 fields=1468,2,0,1000,0,1000,1000,4,1,0,0,0,0,0,0,0
event=trace_row ordinal=6973 kind=0 ns=288243623918075 fields=1469,2,0,0,0,0,0,0,0,0,0,0,0,0,0,0
event=trace_row ordinal=6974 kind=4 ns=288243624651326 fields=385,8,7,20,7,20,0,0,253,255,16,0,0,0,0,0
event=trace_row ordinal=6975 kind=4 ns=288243624907410 fields=641,5,3,0,0,0,0,0,0,0,16,0,0,0,0,0
event=trace_row ordinal=6976 kind=0 ns=288243624954660 fields=1470,2,0,0,0,0,0,0,0,0,0,0,0,0,0,0
event=trace_row ordinal=6977 kind=0 ns=288243626926039 fields=1471,2,0,0,0,0,0,0,0,0,0,0,0,0,0,0
event=trace_row ordinal=6978 kind=0 ns=288243627990624 fields=1472,2,0,0,0,0,0,0,0,0,0,0,0,0,0,0
event=trace_row ordinal=6979 kind=0 ns=288243629924961 fields=1473,2,0,26,1,0,0,0,0,0,0,0,0,0,0,0
event=trace_row ordinal=6980 kind=1 ns=288243629924961 fields=1473,2,0,1000,0,1000,1000,4,1,0,0,0,0,0,0,0
event=trace_row ordinal=6981 kind=0 ns=288243631918798 fields=1474,2,0,0,0,0,0,0,0,0,0,0,0,0,0,0
event=trace_row ordinal=6982 kind=0 ns=288243633919052 fields=1475,2,0,0,0,0,0,0,0,0,0,0,0,0,0,0
event=trace_row ordinal=6983 kind=0 ns=288243635918139 fields=1476,2,0,0,0,0,0,0,0,0,0,0,0,0,0,0
event=trace_row ordinal=6984 kind=0 ns=288243637922768 fields=1477,2,0,26,1,0,0,0,0,0,0,0,0,0,0,0
event=trace_row ordinal=6985 kind=1 ns=288243637922768 fields=1477,2,0,1000,0,1000,1000,4,1,0,0,0,0,0,0,0
event=trace_row ordinal=6986 kind=0 ns=288243639918938 fields=1478,2,0,0,0,0,0,0,0,0,0,0,0,0,0,0
event=trace_row ordinal=6987 kind=0 ns=288243641918609 fields=1479,2,0,0,0,0,0,0,0,0,0,0,0,0,0,0
event=trace_row ordinal=6988 kind=0 ns=288243643922363 fields=1480,2,0,26,1,0,0,0,0,0,0,0,0,0,0,0
event=trace_row ordinal=6989 kind=1 ns=288243643922363 fields=1480,2,0,1000,0,1000,1000,4,1,0,0,0,0,0,0,0
event=trace_row ordinal=6990 kind=0 ns=288243645918825 fields=1481,2,0,0,0,0,0,0,0,0,0,0,0,0,0,0
event=trace_row ordinal=6991 kind=0 ns=288243647918495 fields=1482,2,0,0,0,0,0,0,0,0,0,0,0,0,0,0
event=trace_row ordinal=6992 kind=0 ns=288243649951999 fields=1483,2,0,26,1,0,0,0,0,0,0,0,0,0,0,0
event=trace_row ordinal=6993 kind=1 ns=288243649951999 fields=1483,2,0,1000,0,1000,1000,4,1,0,0,0,0,0,0,0
event=trace_row ordinal=6994 kind=0 ns=288243651926878 fields=1484,2,0,0,0,0,0,0,0,0,0,0,0,0,0,0
event=trace_row ordinal=6995 kind=0 ns=288243653920132 fields=1485,2,0,0,0,0,0,0,0,0,0,0,0,0,0,0
event=trace_row ordinal=6996 kind=0 ns=288243655918635 fields=1486,2,0,0,0,0,0,0,0,0,0,0,0,0,0,0
event=trace_row ordinal=6997 kind=0 ns=288243657925014 fields=1487,2,0,26,1,0,0,0,0,0,0,0,0,0,0,0
event=trace_row ordinal=6998 kind=1 ns=288243657925014 fields=1487,2,0,1000,0,1000,1000,4,1,0,0,0,0,0,0,0
event=trace_row ordinal=6999 kind=0 ns=288243659917976 fields=1488,2,0,0,0,0,0,0,0,0,0,0,0,0,0,0
event=trace_row ordinal=7000 kind=0 ns=288243661918522 fields=1489,2,0,0,0,0,0,0,0,0,0,0,0,0,0,0
event=trace_row ordinal=7001 kind=0 ns=288243663922859 fields=1490,2,0,26,1,0,0,0,0,0,0,0,0,0,0,0
event=trace_row ordinal=7002 kind=1 ns=288243663922859 fields=1490,2,0,1000,0,1000,1000,4,1,0,0,0,0,0,0,0
event=trace_row ordinal=7003 kind=0 ns=288243665918446 fields=1491,2,0,0,0,0,0,0,0,0,0,0,0,0,0,0
event=trace_row ordinal=7004 kind=0 ns=288243667918408 fields=1492,2,0,0,0,0,0,0,0,0,0,0,0,0,0,0
event=trace_row ordinal=7005 kind=0 ns=288243669918370 fields=1493,2,0,0,0,0,0,0,0,0,0,0,0,0,0,0
event=trace_row ordinal=7006 kind=0 ns=288243671923582 fields=1494,2,0,26,1,0,0,0,0,0,0,0,0,0,0,0
event=trace_row ordinal=7007 kind=1 ns=288243671923582 fields=1494,2,0,1000,0,1000,1000,4,1,0,0,0,0,0,0,0
event=trace_row ordinal=7008 kind=0 ns=288243673931420 fields=1495,2,0,0,0,0,0,0,0,0,0,0,0,0,0,0
event=trace_row ordinal=7009 kind=4 ns=288243674711629 fields=385,8,7,20,7,20,0,0,255,255,16,0,0,0,0,0
event=trace_row ordinal=7010 kind=4 ns=288243674920463 fields=641,5,3,0,0,0,0,0,0,0,16,0,0,0,0,0
event=trace_row ordinal=7011 kind=0 ns=288243675927590 fields=1496,2,0,0,0,0,0,0,0,0,0,0,0,0,0,0
event=trace_row ordinal=7012 kind=0 ns=288243677987344 fields=1497,2,0,26,1,0,0,0,0,0,0,0,0,0,0,0
event=trace_row ordinal=7013 kind=1 ns=288243677987344 fields=1497,2,0,1000,0,1000,1000,4,1,0,0,0,0,0,0,0
event=trace_row ordinal=7014 kind=0 ns=288243679918473 fields=1498,2,0,0,0,0,0,0,0,0,0,0,0,0,0,0
event=trace_row ordinal=7015 kind=0 ns=288243681918726 fields=1499,2,0,0,0,0,0,0,0,0,0,0,0,0,0,0
event=trace_row ordinal=7016 kind=0 ns=288243683918105 fields=1500,2,0,0,0,0,0,0,0,0,0,0,0,0,0,0
event=trace_row ordinal=7017 kind=0 ns=288243685924776 fields=1501,2,0,26,1,0,0,0,0,0,0,0,0,0,0,0
event=trace_row ordinal=7018 kind=1 ns=288243685924776 fields=1501,2,0,1000,0,1000,1000,4,1,0,0,0,0,0,0,0
event=trace_row ordinal=7019 kind=0 ns=288243687918904 fields=1502,2,0,0,0,0,0,0,0,0,0,0,0,0,0,0
event=trace_row ordinal=7020 kind=0 ns=288243689921783 fields=1503,2,0,0,0,0,0,0,0,0,0,0,0,0,0,0
event=trace_row ordinal=7021 kind=0 ns=288243691999037 fields=1504,2,0,26,1,0,0,0,0,0,0,0,0,0,0,0
event=trace_row ordinal=7022 kind=1 ns=288243691999037 fields=1504,2,0,1000,0,1000,1000,4,1,0,0,0,0,0,0,0
event=trace_row ordinal=7023 kind=0 ns=288243693920833 fields=1505,2,0,0,0,0,0,0,0,0,0,0,0,0,0,0
event=trace_row ordinal=7024 kind=0 ns=288243695919628 fields=1506,2,0,0,0,0,0,0,0,0,0,0,0,0,0,0
event=trace_row ordinal=7025 kind=0 ns=288243697919007 fields=1507,2,0,0,0,0,0,0,0,0,0,0,0,0,0,0
event=trace_row ordinal=7026 kind=0 ns=288243699929469 fields=1508,2,0,26,1,0,0,0,0,0,0,0,0,0,0,0
event=trace_row ordinal=7027 kind=1 ns=288243699929469 fields=1508,2,0,1000,0,1000,1000,4,1,0,0,0,0,0,0,0
event=trace_row ordinal=7028 kind=0 ns=288243701619972 fields=1509,2,0,0,0,0,0,0,0,0,0,0,0,0,0,0
event=trace_row ordinal=7029 kind=4 ns=288243701675681 fields=1793,1,5,0,0,0,0,0,0,0,16,0,0,0,0,0
event=trace_row ordinal=7030 kind=0 ns=288243702917016 fields=1510,2,0,0,0,0,0,0,0,0,0,0,0,0,0,0
event=trace_row ordinal=7031 kind=0 ns=288243704919312 fields=1511,2,0,0,0,0,0,0,0,0,0,0,0,0,0,0
event=trace_row ordinal=7032 kind=0 ns=288243706923066 fields=1512,2,0,26,1,0,0,0,0,0,0,0,0,0,0,0
event=trace_row ordinal=7033 kind=1 ns=288243706923066 fields=1512,2,0,1000,0,1000,1000,4,1,0,0,0,0,0,0,0
event=trace_row ordinal=7034 kind=0 ns=288243708918361 fields=1513,2,0,0,0,0,0,0,0,0,0,0,0,0,0,0
event=trace_row ordinal=7035 kind=0 ns=288243710918323 fields=1514,2,0,0,0,0,0,0,0,0,0,0,0,0,0,0
event=trace_row ordinal=7036 kind=0 ns=288243713046910 fields=1515,2,0,26,1,0,0,0,0,0,0,0,0,0,0,0
event=trace_row ordinal=7037 kind=1 ns=288243713046910 fields=1515,2,0,1000,0,1000,1000,4,1,0,0,0,0,0,0,0
event=trace_row ordinal=7038 kind=0 ns=288243714922914 fields=1516,2,0,0,0,0,0,0,0,0,0,0,0,0,0,0
event=trace_row ordinal=7039 kind=0 ns=288243716919376 fields=1517,2,0,0,0,0,0,0,0,0,0,0,0,0,0,0
event=trace_row ordinal=7040 kind=0 ns=288243718918755 fields=1518,2,0,0,0,0,0,0,0,0,0,0,0,0,0,0
event=trace_row ordinal=7041 kind=0 ns=288243720928925 fields=1519,2,0,26,1,0,0,0,0,0,0,0,0,0,0,0
event=trace_row ordinal=7042 kind=1 ns=288243720928925 fields=1519,2,0,1000,0,1000,1000,4,1,0,0,0,0,0,0,0
event=trace_row ordinal=7043 kind=0 ns=288243722919263 fields=1520,2,0,0,0,0,0,0,0,0,0,0,0,0,0,0
event=trace_row ordinal=7044 kind=0 ns=288243724696974 fields=1521,2,0,0,0,0,0,0,0,0,0,0,0,0,0,0
event=trace_row ordinal=7045 kind=4 ns=288243724753266 fields=385,8,7,20,7,20,0,0,0,0,16,0,0,0,0,0
event=trace_row ordinal=7046 kind=4 ns=288243724920683 fields=641,5,3,0,0,0,0,0,0,0,16,0,0,0,0,0
event=trace_row ordinal=7047 kind=0 ns=288243725919352 fields=1522,2,0,0,0,0,0,0,0,0,0,0,0,0,0,0
event=trace_row ordinal=7048 kind=5 ns=288243726075977 fields=1537,8,35,255,96,1,0,0,0,0,16,0,0,0,0,0
event=trace_row ordinal=7049 kind=4 ns=288243726714436 fields=1409,8,96,255,96,1,0,0,0,0,16,0,0,0,0,0
event=trace_row ordinal=7050 kind=5 ns=288243727930980 fields=1537,8,64,255,96,1,0,0,0,0,16,0,0,0,0,0
event=trace_row ordinal=7051 kind=4 ns=288243728578190 fields=1409,8,67,255,96,1,0,0,0,0,16,0,0,0,0,0
event=trace_row ordinal=7052 kind=5 ns=288243729939401 fields=1537,8,35,255,96,2,0,0,0,0,16,0,0,0,0,0
event=trace_row ordinal=7053 kind=4 ns=288243730575235 fields=1409,8,96,255,96,2,0,0,0,0,16,0,0,0,0,0
event=trace_row ordinal=7054 kind=5 ns=288243731921863 fields=1537,8,64,255,96,2,0,0,0,0,16,0,0,0,0,0
event=trace_row ordinal=7055 kind=4 ns=288243732572281 fields=1409,8,67,255,96,2,0,0,0,0,16,0,0,0,0,0
event=trace_row ordinal=7056 kind=5 ns=288243733932033 fields=1537,8,43,64,96,0,0,0,0,0,16,0,0,0,0,0
event=trace_row ordinal=7057 kind=4 ns=288243734638160 fields=1409,8,96,64,96,0,0,0,0,0,16,0,0,0,0,0
event=trace_row ordinal=7058 kind=5 ns=288243735926454 fields=1537,8,64,64,96,0,0,0,0,0,16,0,0,0,0,0
event=trace_row ordinal=7059 kind=4 ns=288243736622372 fields=1409,8,75,64,96,0,0,0,0,0,16,0,0,0,0,0
event=trace_row ordinal=7060 kind=5 ns=288243737937208 fields=1537,8,64,65,96,0,0,0,0,0,16,0,0,0,0,0
event=trace_row ordinal=7061 kind=4 ns=288243738608917 fields=1409,8,67,65,96,0,64,20,64,20,16,0,0,0,0,0
event=trace_row ordinal=7062 kind=5 ns=288243739949712 fields=1537,8,64,108,96,1,0,0,0,0,16,0,0,0,0,0
event=trace_row ordinal=7063 kind=4 ns=288243740612088 fields=1409,8,67,108,96,1,0,0,0,0,16,0,0,0,0,0
event=trace_row ordinal=7064 kind=5 ns=288243741933049 fields=1537,8,64,108,96,2,0,0,0,0,16,0,0,0,0,0
event=trace_row ordinal=7065 kind=4 ns=288243742603883 fields=1409,8,67,108,96,2,0,0,0,0,16,0,0,0,0,0
event=trace_row ordinal=7066 kind=5 ns=288243743932427 fields=1537,8,64,108,96,3,0,0,0,0,16,0,0,0,0,0
event=trace_row ordinal=7067 kind=4 ns=288243744549012 fields=1409,8,67,108,96,3,0,0,0,0,16,0,0,0,0,0
event=trace_row ordinal=7068 kind=5 ns=288243766954013 fields=1537,8,64,108,96,1,0,0,0,0,16,0,0,0,0,0
event=trace_row ordinal=7069 kind=4 ns=288243767619889 fields=1409,8,67,108,96,1,0,0,0,0,16,0,0,0,0,0
event=trace_row ordinal=7070 kind=5 ns=288243768947267 fields=1537,8,64,108,96,2,0,0,0,0,16,0,0,0,0,0
event=trace_row ordinal=7071 kind=4 ns=288243769608476 fields=1409,8,67,108,96,2,0,0,0,0,16,0,0,0,0,0
event=trace_row ordinal=7072 kind=5 ns=288243770932354 fields=1537,8,64,108,96,3,0,0,0,0,16,0,0,0,0,0
event=trace_row ordinal=7073 kind=4 ns=288243771599397 fields=1409,8,67,108,96,3,0,0,0,0,16,0,0,0,0,0
event=trace_row ordinal=7074 kind=4 ns=288243774665986 fields=385,8,64,20,64,20,0,0,0,0,16,0,0,0,0,0
event=trace_row ordinal=7075 kind=4 ns=288243774915069 fields=641,5,3,0,0,0,0,0,0,0,16,0,0,0,0,0
event=trace_row ordinal=7076 kind=5 ns=288243793983689 fields=1537,8,64,108,96,1,0,0,0,0,16,0,0,0,0,0
event=trace_row ordinal=7077 kind=4 ns=288243794679899 fields=1409,8,67,108,96,1,0,0,0,0,16,0,0,0,0,0
event=trace_row ordinal=7078 kind=5 ns=288243795957401 fields=1537,8,64,108,96,2,0,0,0,0,16,0,0,0,0,0
event=trace_row ordinal=7079 kind=4 ns=288243796605777 fields=1409,8,67,108,96,2,0,0,0,0,16,0,0,0,0,0
event=trace_row ordinal=7080 kind=5 ns=288243797932572 fields=1537,8,64,108,96,3,0,0,0,0,16,0,0,0,0,0
event=trace_row ordinal=7081 kind=4 ns=288243798596989 fields=1409,8,67,108,96,3,0,0,0,0,16,0,0,0,0,0
event=trace_row ordinal=7082 kind=5 ns=288243820956490 fields=1537,8,64,108,96,1,0,0,0,0,16,0,0,0,0,0
event=trace_row ordinal=7083 kind=4 ns=288243821621491 fields=1409,8,67,108,96,1,0,0,0,0,16,0,0,0,0,0
event=trace_row ordinal=7084 kind=5 ns=288243822947119 fields=1537,8,64,108,96,2,0,0,0,0,16,0,0,0,0,0
event=trace_row ordinal=7085 kind=4 ns=288243823604829 fields=1409,8,67,108,96,2,0,0,0,0,16,0,0,0,0,0
event=trace_row ordinal=7086 kind=5 ns=288243824690706 fields=1537,8,64,108,96,3,0,0,0,0,16,0,0,0,0,0
event=trace_row ordinal=7087 kind=4 ns=288243824707914 fields=385,8,64,20,64,20,0,0,0,0,16,0,0,0,0,0
event=trace_row ordinal=7088 kind=4 ns=288243824915289 fields=641,5,3,0,0,0,0,0,0,0,16,0,0,0,0,0
event=trace_row ordinal=7089 kind=4 ns=288243825480249 fields=1409,8,67,108,96,3,0,0,0,0,16,0,0,0,0,0
event=trace_row ordinal=7090 kind=5 ns=288243846938206 fields=1537,8,64,108,96,1,0,0,0,0,16,0,0,0,0,0
event=trace_row ordinal=7091 kind=4 ns=288243847621874 fields=1409,8,67,108,96,1,0,0,0,0,16,0,0,0,0,0
event=trace_row ordinal=7092 kind=5 ns=288243848934668 fields=1537,8,64,108,96,2,0,0,0,0,16,0,0,0,0,0
event=trace_row ordinal=7093 kind=4 ns=288243849610170 fields=1409,8,67,108,96,2,0,0,0,0,16,0,0,0,0,0
event=trace_row ordinal=7094 kind=5 ns=288243850930839 fields=1537,8,64,108,96,3,0,0,0,0,16,0,0,0,0,0
event=trace_row ordinal=7095 kind=4 ns=288243851601090 fields=1409,8,67,108,96,3,0,0,0,0,16,0,0,0,0,0
event=trace_row ordinal=7096 kind=5 ns=288243873920632 fields=1537,8,64,108,96,1,0,0,0,0,16,0,0,0,0,0
event=trace_row ordinal=7097 kind=4 ns=288243874554425 fields=1409,8,67,108,96,1,0,0,0,0,16,0,0,0,0,0
event=trace_row ordinal=7098 kind=4 ns=288243874796217 fields=385,8,64,20,64,20,0,0,0,0,16,0,0,0,0,0
event=trace_row ordinal=7099 kind=5 ns=288243875012926 fields=1537,8,64,108,96,2,0,0,0,0,16,0,0,0,0,0
event=trace_row ordinal=7100 kind=4 ns=288243875029551 fields=641,5,3,0,0,0,0,0,0,0,16,0,0,0,0,0
event=trace_row ordinal=7101 kind=4 ns=288243875670344 fields=1409,8,67,108,96,2,0,0,0,0,16,0,0,0,0,0
event=trace_row ordinal=7102 kind=5 ns=288243876930638 fields=1537,8,64,108,96,3,0,0,0,0,16,0,0,0,0,0
event=trace_row ordinal=7103 kind=4 ns=288243877544598 fields=1409,8,67,108,96,3,0,0,0,0,16,0,0,0,0,0
event=trace_row ordinal=7104 kind=5 ns=288243899922765 fields=1537,8,64,108,96,1,0,0,0,0,16,0,0,0,0,0
event=trace_row ordinal=7105 kind=4 ns=288243900556558 fields=1409,8,67,108,96,1,0,0,0,0,16,0,0,0,0,0
event=trace_row ordinal=7106 kind=5 ns=288243901932644 fields=1537,8,64,108,96,2,0,0,0,0,16,0,0,0,0,0
event=trace_row ordinal=7107 kind=4 ns=288243902611937 fields=1409,8,67,108,96,2,0,0,0,0,16,0,0,0,0,0
event=trace_row ordinal=7108 kind=5 ns=288243903931148 fields=1537,8,64,108,96,3,0,0,0,0,16,0,0,0,0,0
event=trace_row ordinal=7109 kind=4 ns=288243904552399 fields=1409,8,67,108,96,3,0,0,0,0,16,0,0,0,0,0
event=trace_row ordinal=7110 kind=5 ns=288243905940735 fields=0,2,128,1,0,0,0,0,0,0,16,0,0,0,0,0
event=trace_row ordinal=7111 kind=4 ns=288243951077404 fields=1793,1,127,0,0,0,0,0,0,0,16,0,0,0,0,0
event=trace_row ordinal=7112 kind=5 ns=288243952949616 fields=1537,8,35,0,20,1,1,2,0,128,16,0,0,0,0,0
event=trace_row ordinal=7113 kind=4 ns=288243953619575 fields=1409,8,96,0,20,1,0,0,0,0,16,0,0,0,0,0
event=trace_row ordinal=7114 kind=5 ns=288243954923911 fields=1537,8,64,0,20,1,0,0,0,0,16,0,0,0,0,0
event=trace_row ordinal=7115 kind=4 ns=288243955609329 fields=1409,8,67,0,20,1,1,2,0,128,16,0,0,0,0,0
event=trace_row ordinal=7116 kind=5 ns=288243956929123 fields=1537,8,47,0,22,0,0,0,0,0,16,0,0,0,0,0
event=trace_row ordinal=7117 kind=4 ns=288243957551833 fields=1409,8,96,0,22,0,0,0,0,0,16,0,0,0,0,0
event=trace_row ordinal=7118 kind=5 ns=288243958920627 fields=1537,8,64,0,22,0,0,0,0,0,16,0,0,0,0,0
event=trace_row ordinal=7119 kind=4 ns=288243959604587 fields=1409,8,79,0,22,0,0,0,0,0,16,0,0,0,0,0
event=trace_row ordinal=7120 kind=5 ns=288243960926422 fields=1537,8,35,0,22,1,16,0,64,96,16,0,0,0,0,0
event=trace_row ordinal=7121 kind=4 ns=288243961602507 fields=1409,8,96,0,22,1,0,0,0,0,16,0,0,0,0,0
event=trace_row ordinal=7122 kind=5 ns=288243962920260 fields=1537,8,64,0,22,1,0,0,0,0,16,0,0,0,0,0
event=trace_row ordinal=7123 kind=4 ns=288243963589928 fields=1409,8,67,0,22,1,16,0,64,96,16,0,0,0,0,0
event=trace_row ordinal=7124 kind=5 ns=288243964927805 fields=1537,8,35,0,22,2,8,0,96,96,16,0,0,0,0,0
event=trace_row ordinal=7125 kind=4 ns=288243965536515 fields=1409,8,96,0,22,2,0,0,0,0,16,0,0,0,0,0
event=trace_row ordinal=7126 kind=5 ns=288243966920184 fields=1537,8,64,0,22,2,0,0,0,0,16,0,0,0,0,0
event=trace_row ordinal=7127 kind=4 ns=288243967527143 fields=1409,8,67,0,22,2,8,0,96,96,16,0,0,0,0,0
event=trace_row ordinal=7128 kind=5 ns=288243968926854 fields=1537,8,47,0,22,0,2,0,0,0,16,0,0,0,0,0
event=trace_row ordinal=7129 kind=4 ns=288243969529731 fields=1409,8,96,0,22,0,0,0,0,0,16,0,0,0,0,0
event=trace_row ordinal=7130 kind=5 ns=288243970921275 fields=1537,8,64,0,22,0,0,0,0,0,16,0,0,0,0,0
event=trace_row ordinal=7131 kind=4 ns=288243971581318 fields=1409,8,79,0,22,0,2,0,0,0,16,0,0,0,0,0
event=trace_row ordinal=7132 kind=5 ns=288243972926195 fields=1537,8,35,0,20,1,1,2,0,0,16,0,0,0,0,0
event=trace_row ordinal=7133 kind=4 ns=288243973577197 fields=1409,8,96,0,20,1,0,0,0,0,16,0,0,0,0,0
event=trace_row ordinal=7134 kind=5 ns=288243974920907 fields=1537,8,64,0,20,1,0,0,0,0,16,0,0,0,0,0
event=trace_row ordinal=7135 kind=4 ns=288243975568117 fields=1409,8,67,0,20,1,1,2,0,0,16,0,0,0,0,0
event=trace_row ordinal=7136 kind=5 ns=288243976939828 fields=1537,8,35,1,24,1,129,2,0,128,16,0,0,0,0,0
event=trace_row ordinal=7137 kind=4 ns=288243977571288 fields=1409,8,96,1,24,1,0,0,0,0,16,0,0,0,0,0
event=trace_row ordinal=7138 kind=5 ns=288243978921123 fields=1537,8,64,1,24,1,0,0,0,0,16,0,0,0,0,0
event=trace_row ordinal=7139 kind=4 ns=288243979555500 fields=1409,8,67,1,24,1,129,2,0,128,16,0,0,0,0,0
event=trace_row ordinal=7140 kind=5 ns=288243980931002 fields=1537,8,47,1,26,0,0,0,0,0,16,0,0,0,0,0
event=trace_row ordinal=7141 kind=4 ns=288243981618754 fields=1409,8,96,1,26,0,0,0,0,0,16,0,0,0,0,0
event=trace_row ordinal=7142 kind=5 ns=288243982920464 fields=1537,8,64,1,26,0,0,0,0,0,16,0,0,0,0,0
event=trace_row ordinal=7143 kind=4 ns=288243983549299 fields=1409,8,79,1,26,0,0,0,0,0,16,0,0,0,0,0
event=trace_row ordinal=7144 kind=5 ns=288243984930343 fields=1537,8,35,1,26,1,0,0,0,0,16,0,0,0,0,0
event=trace_row ordinal=7145 kind=4 ns=288243985648428 fields=1409,8,96,1,26,1,0,0,0,0,16,0,0,0,0,0
event=trace_row ordinal=7146 kind=5 ns=288243986974055 fields=1537,8,64,1,26,1,0,0,0,0,16,0,0,0,0,0
event=trace_row ordinal=7147 kind=4 ns=288243987554765 fields=1409,8,67,1,26,1,0,0,0,0,16,0,0,0,0,0
event=trace_row ordinal=7148 kind=5 ns=288243988948059 fields=1537,8,35,1,26,2,0,0,0,0,16,0,0,0,0,0
event=trace_row ordinal=7149 kind=4 ns=288243989601977 fields=1409,8,96,1,26,2,0,0,0,0,16,0,0,0,0,0
event=trace_row ordinal=7150 kind=5 ns=288243990920605 fields=1537,8,64,1,26,2,0,0,0,0,16,0,0,0,0,0
event=trace_row ordinal=7151 kind=4 ns=288243991593773 fields=1409,8,67,1,26,2,0,0,0,0,16,0,0,0,0,0
event=trace_row ordinal=7152 kind=5 ns=288243992932817 fields=1537,8,47,1,26,0,0,0,0,0,16,0,0,0,0,0
event=trace_row ordinal=7153 kind=4 ns=288243993593735 fields=1409,8,96,1,26,0,0,0,0,0,16,0,0,0,0,0
event=trace_row ordinal=7154 kind=5 ns=288243994920821 fields=1537,8,64,1,26,0,0,0,0,0,16,0,0,0,0,0
event=trace_row ordinal=7155 kind=4 ns=288243995526613 fields=1409,8,79,1,26,0,0,0,0,0,16,0,0,0,0,0
event=trace_row ordinal=7156 kind=5 ns=288243996930408 fields=1537,8,43,1,24,5,0,0,0,0,16,0,0,0,0,0
event=trace_row ordinal=7157 kind=4 ns=288243997519576 fields=1409,8,96,1,24,5,0,0,0,0,16,0,0,0,0,0
event=trace_row ordinal=7158 kind=5 ns=288243998921912 fields=1537,8,64,1,24,5,0,0,0,0,16,0,0,0,0,0
event=trace_row ordinal=7159 kind=4 ns=288243999575246 fields=1409,8,75,1,24,5,0,0,0,0,16,0,0,0,0,0
event=trace_row ordinal=7160 kind=5 ns=288244000930332 fields=1537,8,35,1,24,1,129,2,0,0,16,0,0,0,0,0
event=trace_row ordinal=7161 kind=4 ns=288244001575500 fields=1409,8,96,1,24,1,0,0,0,0,16,0,0,0,0,0
event=trace_row ordinal=7162 kind=5 ns=288244002921253 fields=1537,8,64,1,24,1,0,0,0,0,16,0,0,0,0,0
event=trace_row ordinal=7163 kind=4 ns=288244003564087 fields=1409,8,67,1,24,1,129,2,0,0,16,0,0,0,0,0
event=trace_row ordinal=7164 kind=5 ns=288244004932298 fields=1537,8,43,0,32,0,0,0,0,0,16,0,0,0,0,0
event=trace_row ordinal=7165 kind=4 ns=288244005632299 fields=1409,8,96,0,32,0,0,0,0,0,16,0,0,0,0,0
event=trace_row ordinal=7166 kind=5 ns=288244006921468 fields=1537,8,64,0,32,0,0,0,0,0,16,0,0,0,0,0
event=trace_row ordinal=7167 kind=4 ns=288244007507720 fields=1409,8,75,0,32,0,0,0,0,0,16,0,0,0,0,0
event=trace_row ordinal=7168 kind=5 ns=288244008930472 fields=1537,8,43,23,16,0,0,0,0,0,16,0,0,0,0,0
event=trace_row ordinal=7169 kind=4 ns=288244009559890 fields=1409,8,96,23,16,0,0,0,0,0,16,0,0,0,0,0
event=trace_row ordinal=7170 kind=5 ns=288244010922559 fields=1537,8,64,23,16,0,0,0,0,0,16,0,0,0,0,0
event=trace_row ordinal=7171 kind=4 ns=288244011609436 fields=1409,8,75,23,16,0,0,0,0,0,16,0,0,0,0,0
event=trace_end count=7172
