 (1789636051.807794)  can0  601   [8]  40 41 60 00 00 00 00 00
 (1789636051.808082)  can0  581   [8]  43 41 60 00 60 14 60 14
 (1789636051.809589)  can0  601   [8]  40 60 60 00 00 00 00 00
 (1789636051.809951)  can0  581   [8]  4F 60 60 00 03 00 00 00
 (1789636051.811528)  can0  601   [8]  40 61 60 00 00 00 00 00
 (1789636051.811882)  can0  581   [8]  4F 61 60 00 03 00 00 00
 (1789636051.813528)  can0  601   [8]  40 3F 60 00 00 00 00 00
 (1789636051.813882)  can0  581   [8]  43 3F 60 00 00 00 00 00
 (1789636051.815524)  can0  601   [8]  40 FF 60 01 00 00 00 00
 (1789636051.815875)  can0  581   [8]  43 FF 60 01 00 00 00 00
 (1789636051.817526)  can0  601   [8]  40 FF 60 02 00 00 00 00
 (1789636051.817817)  can0  581   [8]  43 FF 60 02 00 00 00 00
 (1789636051.819529)  can0  601   [8]  40 0F 20 00 00 00 00 00
 (1789636051.819866)  can0  581   [8]  4B 0F 20 00 01 00 00 00
 (1789636051.821535)  can0  601   [8]  40 00 20 00 00 00 00 00
 (1789636051.821865)  can0  581   [8]  4B 00 20 00 00 00 00 00
 (1789636051.823526)  can0  601   [8]  40 17 10 00 00 00 00 00
 (1789636051.823800)  can0  581   [8]  4B 17 10 00 00 00 00 00
 (1789636051.825528)  can0  601   [8]  40 00 14 01 00 00 00 00
 (1789636051.825851)  can0  581   [8]  43 00 14 01 01 02 00 00
 (1789636051.827527)  can0  601   [8]  40 00 14 02 00 00 00 00
 (1789636051.827788)  can0  581   [8]  4F 00 14 02 FF 00 00 00
 (1789636051.829526)  can0  601   [8]  40 00 14 05 00 00 00 00
 (1789636051.829783)  can0  581   [8]  4B 00 14 05 E8 03 00 00
 (1789636051.831473)  can0  601   [8]  40 00 16 00 00 00 00 00
 (1789636051.831845)  can0  581   [8]  4F 00 16 00 02 00 00 00
 (1789636051.833526)  can0  601   [8]  40 00 16 01 00 00 00 00
 (1789636051.833834)  can0  581   [8]  43 00 16 01 10 00 40 60
 (1789636051.835524)  can0  601   [8]  40 00 16 02 00 00 00 00
 (1789636051.835829)  can0  581   [8]  43 00 16 02 08 00 60 60
 (1789636051.837472)  can0  601   [8]  40 00 18 01 00 00 00 00
 (1789636051.837829)  can0  581   [8]  43 00 18 01 81 01 00 00
 (1789636051.839522)  can0  601   [8]  40 00 18 02 00 00 00 00
 (1789636051.839825)  can0  581   [8]  4F 00 18 02 FF 00 00 00
 (1789636051.841469)  can0  601   [8]  40 00 18 05 00 00 00 00
 (1789636051.841877)  can0  581   [8]  4B 00 18 05 64 00 00 00
 (1789636051.843530)  can0  601   [8]  40 00 1A 00 00 00 00 00
 (1789636051.843875)  can0  581   [8]  4F 00 1A 00 02 00 00 00
 (1789636051.845524)  can0  601   [8]  40 00 1A 01 00 00 00 00
 (1789636051.845862)  can0  581   [8]  43 00 1A 01 20 00 41 60
 (1789636051.847527)  can0  601   [8]  40 00 1A 02 00 00 00 00
 (1789636051.847800)  can0  581   [8]  43 00 1A 02 20 03 6C 60
 (1789636051.849526)  can0  601   [8]  40 01 18 01 00 00 00 00
 (1789636051.849800)  can0  581   [8]  43 01 18 01 81 02 00 00
 (1789636051.851466)  can0  601   [8]  40 01 18 02 00 00 00 00
 (1789636051.851853)  can0  581   [8]  4F 01 18 02 FF 00 00 00
 (1789636051.853468)  can0  601   [8]  40 01 18 05 00 00 00 00
 (1789636051.853789)  can0  581   [8]  4B 01 18 05 00 00 00 00
 (1789636051.855527)  can0  601   [8]  40 01 1A 00 00 00 00 00
 (1789636051.855846)  can0  581   [8]  4F 01 1A 00 00 00 00 00
 (1789636051.857525)  can0  601   [8]  40 01 1A 01 00 00 00 00
 (1789636051.857836)  can0  581   [8]  43 01 1A 01 00 00 00 00
 (1789636051.859525)  can0  601   [8]  40 01 1A 02 00 00 00 00
 (1789636051.859835)  can0  581   [8]  43 01 1A 02 00 00 00 00
 (1789636051.861528)  can0  601   [8]  40 6C 60 01 00 00 00 00
 (1789636051.861887)  can0  581   [8]  43 6C 60 01 00 00 00 00
 (1789636051.863470)  can0  601   [8]  40 6C 60 02 00 00 00 00
 (1789636051.863829)  can0  581   [8]  43 6C 60 02 00 00 00 00
 (1789636051.865526)  can0  601   [8]  40 6C 60 03 00 00 00 00
 (1789636051.865825)  can0  581   [8]  43 6C 60 03 00 00 00 00
 (1789636051.888536)  can0  601   [8]  40 6C 60 01 00 00 00 00
 (1789636051.888891)  can0  581   [8]  43 6C 60 01 00 00 00 00
 (1789636051.890524)  can0  601   [8]  40 6C 60 02 00 00 00 00
 (1789636051.890829)  can0  581   [8]  43 6C 60 02 00 00 00 00
 (1789636051.892524)  can0  601   [8]  40 6C 60 03 00 00 00 00
 (1789636051.892825)  can0  581   [8]  43 6C 60 03 00 00 00 00
 (1789636051.915530)  can0  601   [8]  40 6C 60 01 00 00 00 00
 (1789636051.915887)  can0  581   [8]  43 6C 60 01 00 00 00 00
 (1789636051.917531)  can0  601   [8]  40 6C 60 02 00 00 00 00
 (1789636051.917828)  can0  581   [8]  43 6C 60 02 00 00 00 00
 (1789636051.919525)  can0  601   [8]  40 6C 60 03 00 00 00 00
 (1789636051.919922)  can0  581   [8]  43 6C 60 03 00 00 00 00
 (1789636051.942566)  can0  601   [8]  40 6C 60 01 00 00 00 00
 (1789636051.942901)  can0  581   [8]  43 6C 60 01 00 00 00 00
 (1789636051.944528)  can0  601   [8]  40 6C 60 02 00 00 00 00
 (1789636051.944830)  can0  581   [8]  43 6C 60 02 00 00 00 00
 (1789636051.946526)  can0  601   [8]  40 6C 60 03 00 00 00 00
 (1789636051.946882)  can0  581   [8]  43 6C 60 03 00 00 00 00
 (1789636051.969534)  can0  601   [8]  40 6C 60 01 00 00 00 00
 (1789636051.969891)  can0  581   [8]  43 6C 60 01 00 00 00 00
 (1789636051.971534)  can0  601   [8]  40 6C 60 02 00 00 00 00
 (1789636051.971889)  can0  581   [8]  43 6C 60 02 00 00 00 00
 (1789636051.973526)  can0  601   [8]  40 6C 60 03 00 00 00 00
 (1789636051.973884)  can0  581   [8]  43 6C 60 03 00 00 00 00
 (1789636051.996532)  can0  601   [8]  40 6C 60 01 00 00 00 00
 (1789636051.996892)  can0  581   [8]  43 6C 60 01 00 00 00 00
 (1789636051.998522)  can0  601   [8]  40 6C 60 02 00 00 00 00
 (1789636051.998883)  can0  581   [8]  43 6C 60 02 00 00 00 00
 (1789636052.000525)  can0  601   [8]  40 6C 60 03 00 00 00 00
 (1789636052.000824)  can0  581   [8]  43 6C 60 03 00 00 00 00
 (1789636052.023541)  can0  601   [8]  40 6C 60 01 00 00 00 00
 (1789636052.023835)  can0  581   [8]  43 6C 60 01 00 00 00 00
 (1789636052.025530)  can0  601   [8]  40 6C 60 02 00 00 00 00
 (1789636052.025892)  can0  581   [8]  43 6C 60 02 00 00 00 00
 (1789636052.027525)  can0  601   [8]  40 6C 60 03 00 00 00 00
 (1789636052.027881)  can0  581   [8]  43 6C 60 03 00 00 00 00
 (1789636052.029538)  can0  601   [8]  2B 17 10 00 F4 01 00 00
 (1789636052.029882)  can0  581   [8]  60 17 10 00 00 00 00 00
 (1789636052.031527)  can0  601   [8]  40 17 10 00 00 00 00 00
 (1789636052.031875)  can0  581   [8]  4B 17 10 00 F4 01 00 00
 (1789636052.279307)  can0  701   [1]  7F
 (1789636052.281428)  can0  000   [2]  80 01
 (1789636052.528855)  can0  701   [1]  7F
 (1789636052.530550)  can0  601   [8]  2B 00 20 00 E8 03 00 00
 (1789636052.530856)  can0  581   [8]  60 00 20 00 00 00 00 00
 (1789636052.532530)  can0  601   [8]  40 00 20 00 00 00 00 00
 (1789636052.532840)  can0  581   [8]  4B 00 20 00 E8 03 00 00
 (1789636052.534526)  can0  601   [8]  23 00 14 01 01 02 00 80
 (1789636052.534899)  can0  581   [8]  60 00 14 01 00 00 00 00
 (1789636052.536528)  can0  601   [8]  40 00 14 01 00 00 00 00
 (1789636052.536888)  can0  581   [8]  43 00 14 01 01 02 00 80
 (1789636052.538532)  can0  601   [8]  2F 00 16 00 00 00 00 00
 (1789636052.538897)  can0  581   [8]  60 00 16 00 00 00 00 00
 (1789636052.540527)  can0  601   [8]  40 00 16 00 00 00 00 00
 (1789636052.540894)  can0  581   [8]  4F 00 16 00 00 00 00 00
 (1789636052.542520)  can0  601   [8]  23 00 16 01 10 00 40 60
 (1789636052.542881)  can0  581   [8]  60 00 16 01 00 00 00 00
 (1789636052.544522)  can0  601   [8]  40 00 16 01 00 00 00 00
 (1789636052.544813)  can0  581   [8]  43 00 16 01 10 00 40 60
 (1789636052.546524)  can0  601   [8]  23 00 16 02 20 03 FF 60
 (1789636052.546872)  can0  581   [8]  60 00 16 02 00 00 00 00
 (1789636052.548522)  can0  601   [8]  40 00 16 02 00 00 00 00
 (1789636052.548862)  can0  581   [8]  43 00 16 02 20 03 FF 60
 (1789636052.550525)  can0  601   [8]  2F 00 16 00 02 00 00 00
 (1789636052.550864)  can0  581   [8]  60 00 16 00 00 00 00 00
 (1789636052.552525)  can0  601   [8]  40 00 16 00 00 00 00 00
 (1789636052.552860)  can0  581   [8]  4F 00 16 00 02 00 00 00
 (1789636052.554523)  can0  601   [8]  23 00 14 01 01 02 00 00
 (1789636052.554854)  can0  581   [8]  60 00 14 01 00 00 00 00
 (1789636052.556526)  can0  601   [8]  40 00 14 01 00 00 00 00
 (1789636052.556844)  can0  581   [8]  43 00 14 01 01 02 00 00
 (1789636052.558526)  can0  601   [8]  23 01 18 01 81 02 00 80
 (1789636052.558847)  can0  581   [8]  60 01 18 01 00 00 00 00
 (1789636052.560522)  can0  601   [8]  40 01 18 01 00 00 00 00
 (1789636052.560779)  can0  581   [8]  43 01 18 01 81 02 00 80
 (1789636052.562527)  can0  601   [8]  2F 01 1A 00 00 00 00 00
 (1789636052.562889)  can0  581   [8]  60 01 1A 00 00 00 00 00
 (1789636052.564524)  can0  601   [8]  40 01 1A 00 00 00 00 00
 (1789636052.564832)  can0  581   [8]  4F 01 1A 00 00 00 00 00
 (1789636052.566517)  can0  601   [8]  23 01 1A 01 08 00 61 60
 (1789636052.566823)  can0  581   [8]  60 01 1A 01 00 00 00 00
 (1789636052.568532)  can0  601   [8]  40 01 1A 01 00 00 00 00
 (1789636052.568869)  can0  581   [8]  43 01 1A 01 08 00 61 60
 (1789636052.570469)  can0  601   [8]  23 01 1A 02 20 00 3F 60
 (1789636052.570818)  can0  581   [8]  60 01 1A 02 00 00 00 00
 (1789636052.572522)  can0  601   [8]  40 01 1A 02 00 00 00 00
 (1789636052.572863)  can0  581   [8]  43 01 1A 02 20 00 3F 60
 (1789636052.574523)  can0  601   [8]  2F 01 1A 00 02 00 00 00
 (1789636052.574810)  can0  581   [8]  60 01 1A 00 00 00 00 00
 (1789636052.576522)  can0  601   [8]  40 01 1A 00 00 00 00 00
 (1789636052.576805)  can0  581   [8]  4F 01 1A 00 02 00 00 00
 (1789636052.578522)  can0  601   [8]  2B 01 18 05 64 00 00 00
 (1789636052.578856)  can0  581   [8]  60 01 18 05 00 00 00 00
 (1789636052.580520)  can0  601   [8]  40 01 18 05 00 00 00 00
 (1789636052.580791)  can0  581   [8]  4B 01 18 05 64 00 00 00
 (1789636052.582522)  can0  601   [8]  23 01 18 01 81 02 00 00
 (1789636052.582792)  can0  581   [8]  60 01 18 01 00 00 00 00
 (1789636052.584466)  can0  601   [8]  40 01 18 01 00 00 00 00
 (1789636052.584783)  can0  581   [8]  43 01 18 01 81 02 00 00
 (1789636052.586418)  can0  000   [2]  01 01
 (1789636052.586777)  can0  181   [8]  60 14 60 14 00 00 00 00
 (1789636052.586969)  can0  281   [5]  03 00 00 00 00
 (1789636052.587069)  can0  381   [0] 
 (1789636052.587166)  can0  481   [0] 
 (1789636052.636795)  can0  181   [8]  60 14 60 14 00 00 00 00
 (1789636052.636982)  can0  281   [5]  03 00 00 00 00
 (1789636052.686795)  can0  181   [8]  60 14 60 14 00 00 00 00
 (1789636052.686984)  can0  281   [5]  03 00 00 00 00
 (1789636052.736802)  can0  181   [8]  60 14 60 14 00 00 00 00
 (1789636052.736993)  can0  281   [5]  03 00 00 00 00
 (1789636052.778337)  can0  701   [1]  05
 (1789636052.780558)  can0  601   [8]  23 FF 60 01 00 00 00 00
 (1789636052.780892)  can0  581   [8]  60 FF 60 01 00 00 00 00
 (1789636052.782526)  can0  601   [8]  40 FF 60 01 00 00 00 00
 (1789636052.782884)  can0  581   [8]  43 FF 60 01 00 00 00 00
 (1789636052.784482)  can0  601   [8]  23 FF 60 02 00 00 00 00
 (1789636052.784823)  can0  581   [8]  60 FF 60 02 00 00 00 00
 (1789636052.786524)  can0  601   [8]  40 FF 60 02 00 00 00 00
 (1789636052.786878)  can0  581   [8]  43 FF 60 02 00 00 00 00
 (1789636052.787118)  can0  181   [8]  60 14 60 14 00 00 00 00
 (1789636052.787310)  can0  281   [5]  03 00 00 00 00
 (1789636052.787631)  can0  601   [8]  2B 40 60 00 06 00 00 00
 (1789636052.787997)  can0  581   [8]  60 40 60 00 00 00 00 00
 (1789636052.789527)  can0  601   [8]  40 40 60 00 00 00 00 00
 (1789636052.789868)  can0  581   [8]  4B 40 60 00 06 00 00 00
 (1789636052.836879)  can0  181   [8]  21 14 21 14 00 00 00 00
 (1789636052.837015)  can0  281   [5]  03 00 00 00 00
 (1789636052.838539)  can0  601   [8]  40 00 14 01 00 00 00 00
 (1789636052.838877)  can0  581   [8]  43 00 14 01 01 02 00 00
 (1789636052.840540)  can0  601   [8]  40 00 14 02 00 00 00 00
 (1789636052.840872)  can0  581   [8]  4F 00 14 02 FF 00 00 00
 (1789636052.842531)  can0  601   [8]  40 00 16 00 00 00 00 00
 (1789636052.842874)  can0  581   [8]  4F 00 16 00 02 00 00 00
 (1789636052.844525)  can0  601   [8]  40 00 16 01 00 00 00 00
 (1789636052.844861)  can0  581   [8]  43 00 16 01 10 00 40 60
 (1789636052.846527)  can0  601   [8]  40 00 16 02 00 00 00 00
 (1789636052.846859)  can0  581   [8]  43 00 16 02 20 03 FF 60
 (1789636052.848530)  can0  601   [8]  40 00 18 01 00 00 00 00
 (1789636052.848854)  can0  581   [8]  43 00 18 01 81 01 00 00
 (1789636052.850527)  can0  601   [8]  40 00 18 02 00 00 00 00
 (1789636052.850794)  can0  581   [8]  4F 00 18 02 FF 00 00 00
 (1789636052.852529)  can0  601   [8]  40 00 1A 00 00 00 00 00
 (1789636052.852850)  can0  581   [8]  4F 00 1A 00 02 00 00 00
 (1789636052.854524)  can0  601   [8]  40 00 1A 01 00 00 00 00
 (1789636052.854838)  can0  581   [8]  43 00 1A 01 20 00 41 60
 (1789636052.856529)  can0  601   [8]  40 00 1A 02 00 00 00 00
 (1789636052.856835)  can0  581   [8]  43 00 1A 02 20 03 6C 60
 (1789636052.858528)  can0  601   [8]  40 01 18 01 00 00 00 00
 (1789636052.858888)  can0  581   [8]  43 01 18 01 81 02 00 00
 (1789636052.860469)  can0  601   [8]  40 01 18 02 00 00 00 00
 (1789636052.860830)  can0  581   [8]  4F 01 18 02 FF 00 00 00
 (1789636052.862472)  can0  601   [8]  40 01 1A 00 00 00 00 00
 (1789636052.862829)  can0  581   [8]  4F 01 1A 00 02 00 00 00
 (1789636052.864471)  can0  601   [8]  40 01 1A 01 00 00 00 00
 (1789636052.864816)  can0  581   [8]  43 01 1A 01 08 00 61 60
 (1789636052.866527)  can0  601   [8]  40 01 1A 02 00 00 00 00
 (1789636052.866872)  can0  581   [8]  43 01 1A 02 20 00 3F 60
 (1789636052.868531)  can0  601   [8]  40 0F 20 00 00 00 00 00
 (1789636052.868815)  can0  581   [8]  4B 0F 20 00 01 00 00 00
 (1789636052.886892)  can0  181   [8]  21 14 21 14 00 00 00 00
 (1789636052.887081)  can0  281   [5]  03 00 00 00 00
 (1789636052.909048)  can0  201   [6]  02 00 00 00 00 00
 (1789636052.919554)  can0  201   [6]  02 00 00 00 00 00
 (1789636052.929574)  can0  201   [6]  02 00 00 00 00 00
 (1789636052.936904)  can0  181   [8]  60 14 60 14 00 00 00 00
 (1789636052.937092)  can0  281   [5]  03 00 00 00 00
 (1789636052.939544)  can0  201   [6]  02 00 00 00 00 00
 (1789636052.949562)  can0  201   [6]  02 00 00 00 00 00
 (1789636052.959550)  can0  201   [6]  02 00 00 00 00 00
 (1789636052.969536)  can0  201   [6]  02 00 00 00 00 00
 (1789636052.979533)  can0  201   [6]  02 00 00 00 00 00
 (1789636052.986912)  can0  181   [8]  60 14 60 14 00 00 00 00
 (1789636052.987100)  can0  281   [5]  03 00 00 00 00
 (1789636052.989528)  can0  201   [6]  02 00 00 00 00 00
 (1789636052.999550)  can0  201   [6]  02 00 00 00 00 00
 (1789636053.009530)  can0  201   [6]  02 00 00 00 00 00
 (1789636053.019583)  can0  201   [6]  02 00 00 00 00 00
 (1789636053.027880)  can0  701   [1]  05
 (1789636053.029545)  can0  201   [6]  02 00 00 00 00 00
 (1789636053.036923)  can0  181   [8]  60 14 60 14 00 00 00 00
 (1789636053.037114)  can0  281   [5]  03 00 00 00 00
 (1789636053.039543)  can0  201   [6]  02 00 00 00 00 00
 (1789636053.049537)  can0  201   [6]  02 00 00 00 00 00
 (1789636053.059529)  can0  201   [6]  02 00 00 00 00 00
 (1789636053.069530)  can0  201   [6]  02 00 00 00 00 00
 (1789636053.079540)  can0  201   [6]  02 00 00 00 00 00
 (1789636053.087187)  can0  181   [8]  60 14 60 14 00 00 00 00
 (1789636053.087379)  can0  281   [5]  03 00 00 00 00
 (1789636053.089528)  can0  201   [6]  02 00 00 00 00 00
 (1789636053.099526)  can0  201   [6]  02 00 00 00 00 00
 (1789636053.109526)  can0  201   [6]  02 00 00 00 00 00
 (1789636053.119529)  can0  201   [6]  02 00 00 00 00 00
 (1789636053.129544)  can0  201   [6]  02 00 00 00 00 00
 (1789636053.136940)  can0  181   [8]  60 14 60 14 00 00 00 00
 (1789636053.137129)  can0  281   [5]  03 00 00 00 00
 (1789636053.139525)  can0  201   [6]  02 00 00 00 00 00
 (1789636053.149521)  can0  201   [6]  02 00 00 00 00 00
 (1789636053.159514)  can0  201   [6]  02 00 00 00 00 00
 (1789636053.169513)  can0  201   [6]  02 00 00 00 00 00
 (1789636053.179509)  can0  201   [6]  02 00 00 00 00 00
 (1789636053.186946)  can0  181   [8]  60 14 60 14 00 00 00 00
 (1789636053.187140)  can0  281   [5]  03 00 00 00 00
 (1789636053.189510)  can0  201   [6]  02 00 00 00 00 00
 (1789636053.199510)  can0  201   [6]  02 00 00 00 00 00
 (1789636053.209509)  can0  201   [6]  02 00 00 00 00 00
 (1789636053.219511)  can0  201   [6]  02 00 00 00 00 00
 (1789636053.229510)  can0  201   [6]  02 00 00 00 00 00
 (1789636053.236955)  can0  181   [8]  60 14 60 14 00 00 00 00
 (1789636053.237147)  can0  281   [5]  03 00 00 00 00
 (1789636053.239515)  can0  201   [6]  02 00 00 00 00 00
 (1789636053.249509)  can0  201   [6]  02 00 00 00 00 00
 (1789636053.259507)  can0  201   [6]  02 00 00 00 00 00
 (1789636053.269510)  can0  201   [6]  02 00 00 00 00 00
 (1789636053.277425)  can0  701   [1]  05
 (1789636053.279509)  can0  201   [6]  02 00 00 00 00 00
 (1789636053.286965)  can0  181   [8]  60 14 60 14 00 00 00 00
 (1789636053.287156)  can0  281   [5]  03 00 00 00 00
 (1789636053.289600)  can0  201   [6]  02 00 00 00 00 00
 (1789636053.299520)  can0  201   [6]  02 00 00 00 00 00
 (1789636053.309514)  can0  201   [6]  02 00 00 00 00 00
 (1789636053.319511)  can0  201   [6]  02 00 00 00 00 00
 (1789636053.329511)  can0  201   [6]  02 00 00 00 00 00
 (1789636053.336975)  can0  181   [8]  60 14 60 14 00 00 00 00
 (1789636053.337166)  can0  281   [5]  03 00 00 00 00
 (1789636053.339514)  can0  201   [6]  02 00 00 00 00 00
 (1789636053.349512)  can0  201   [6]  02 00 00 00 00 00
 (1789636053.359510)  can0  201   [6]  02 00 00 00 00 00
 (1789636053.369507)  can0  201   [6]  02 00 00 00 00 00
 (1789636053.379511)  can0  201   [6]  02 00 00 00 00 00
 (1789636053.386984)  can0  181   [8]  60 14 60 14 00 00 00 00
 (1789636053.387117)  can0  281   [5]  03 00 00 00 00
 (1789636053.389509)  can0  201   [6]  02 00 00 00 00 00
 (1789636053.399509)  can0  201   [6]  02 00 00 00 00 00
 (1789636053.409506)  can0  201   [6]  02 00 00 00 00 00
 (1789636053.419507)  can0  201   [6]  02 00 00 00 00 00
 (1789636053.429534)  can0  201   [6]  02 00 00 00 00 00
 (1789636053.436993)  can0  181   [8]  60 14 60 14 00 00 00 00
 (1789636053.437183)  can0  281   [5]  03 00 00 00 00
 (1789636053.439516)  can0  201   [6]  02 00 00 00 00 00
 (1789636053.449519)  can0  201   [6]  02 00 00 00 00 00
 (1789636053.459513)  can0  201   [6]  02 00 00 00 00 00
 (1789636053.469535)  can0  201   [6]  02 00 00 00 00 00
 (1789636053.479526)  can0  201   [6]  02 00 00 00 00 00
 (1789636053.487001)  can0  181   [8]  60 14 60 14 00 00 00 00
 (1789636053.487191)  can0  281   [5]  03 00 00 00 00
 (1789636053.489537)  can0  201   [6]  02 00 00 00 00 00
 (1789636053.499531)  can0  201   [6]  02 00 00 00 00 00
 (1789636053.509521)  can0  201   [6]  02 00 00 00 00 00
 (1789636053.519531)  can0  201   [6]  02 00 00 00 00 00
 (1789636053.526911)  can0  701   [1]  05
 (1789636053.529529)  can0  201   [6]  02 00 00 00 00 00
 (1789636053.537017)  can0  181   [8]  60 14 60 14 00 00 00 00
 (1789636053.537202)  can0  281   [5]  03 00 00 00 00
 (1789636053.539534)  can0  201   [6]  02 00 00 00 00 00
 (1789636053.549544)  can0  201   [6]  02 00 00 00 00 00
 (1789636053.559550)  can0  201   [6]  02 00 00 00 00 00
 (1789636053.569521)  can0  201   [6]  02 00 00 00 00 00
 (1789636053.579530)  can0  201   [6]  02 00 00 00 00 00
 (1789636053.587024)  can0  181   [8]  60 14 60 14 00 00 00 00
 (1789636053.587154)  can0  281   [5]  03 00 00 00 00
 (1789636053.589525)  can0  201   [6]  02 00 00 00 00 00
 (1789636053.599518)  can0  201   [6]  02 00 00 00 00 00
 (1789636053.609515)  can0  201   [6]  02 00 00 00 00 00
 (1789636053.619548)  can0  201   [6]  02 00 00 00 00 00
 (1789636053.629523)  can0  201   [6]  02 00 00 00 00 00
 (1789636053.637031)  can0  181   [8]  60 14 60 14 00 00 00 00
 (1789636053.637219)  can0  281   [5]  03 00 00 00 00
 (1789636053.639520)  can0  201   [6]  02 00 00 00 00 00
 (1789636053.649524)  can0  201   [6]  02 00 00 00 00 00
 (1789636053.659524)  can0  201   [6]  02 00 00 00 00 00
 (1789636053.669531)  can0  201   [6]  02 00 00 00 00 00
 (1789636053.679514)  can0  201   [6]  02 00 00 00 00 00
 (1789636053.687040)  can0  181   [8]  60 14 60 14 00 00 00 00
 (1789636053.687229)  can0  281   [5]  03 00 00 00 00
 (1789636053.689511)  can0  201   [6]  02 00 00 00 00 00
 (1789636053.699508)  can0  201   [6]  02 00 00 00 00 00
 (1789636053.709509)  can0  201   [6]  02 00 00 00 00 00
 (1789636053.719507)  can0  201   [6]  02 00 00 00 00 00
 (1789636053.729509)  can0  201   [6]  02 00 00 00 00 00
 (1789636053.737047)  can0  181   [8]  60 14 60 14 00 00 00 00
 (1789636053.737236)  can0  281   [5]  03 00 00 00 00
 (1789636053.739507)  can0  201   [6]  02 00 00 00 00 00
 (1789636053.749511)  can0  201   [6]  02 00 00 00 00 00
 (1789636053.759510)  can0  201   [6]  02 00 00 00 00 00
 (1789636053.769509)  can0  201   [6]  02 00 00 00 00 00
 (1789636053.776455)  can0  701   [1]  05
 (1789636053.779512)  can0  201   [6]  02 00 00 00 00 00
 (1789636053.787055)  can0  181   [8]  60 14 60 14 00 00 00 00
 (1789636053.787189)  can0  281   [5]  03 00 00 00 00
 (1789636053.789508)  can0  201   [6]  02 00 00 00 00 00
 (1789636053.799509)  can0  201   [6]  02 00 00 00 00 00
 (1789636053.809507)  can0  201   [6]  02 00 00 00 00 00
 (1789636053.819507)  can0  201   [6]  02 00 00 00 00 00
 (1789636053.829590)  can0  201   [6]  02 00 00 00 00 00
 (1789636053.837068)  can0  181   [8]  60 14 60 14 00 00 00 00
 (1789636053.837255)  can0  281   [5]  03 00 00 00 00
 (1789636053.839512)  can0  201   [6]  02 00 00 00 00 00
 (1789636053.849527)  can0  201   [6]  02 00 00 00 00 00
 (1789636053.859509)  can0  201   [6]  02 00 00 00 00 00
 (1789636053.869510)  can0  201   [6]  02 00 00 00 00 00
 (1789636053.879511)  can0  201   [6]  02 00 00 00 00 00
 (1789636053.887080)  can0  181   [8]  60 14 60 14 00 00 00 00
 (1789636053.887271)  can0  281   [5]  03 00 00 00 00
 (1789636053.889509)  can0  201   [6]  02 00 00 00 00 00
 (1789636053.899513)  can0  201   [6]  02 00 00 00 00 00
 (1789636053.909509)  can0  201   [6]  02 00 00 00 00 00
 (1789636053.919517)  can0  201   [6]  02 00 00 00 00 00
 (1789636053.929510)  can0  201   [6]  02 00 00 00 00 00
 (1789636053.937090)  can0  181   [8]  60 14 60 14 00 00 00 00
 (1789636053.937281)  can0  281   [5]  03 00 00 00 00
 (1789636053.939511)  can0  201   [6]  02 00 00 00 00 00
 (1789636053.949506)  can0  201   [6]  02 00 00 00 00 00
 (1789636053.959507)  can0  201   [6]  02 00 00 00 00 00
 (1789636053.969508)  can0  201   [6]  02 00 00 00 00 00
 (1789636053.979507)  can0  201   [6]  02 00 00 00 00 00
 (1789636053.987095)  can0  181   [8]  60 14 60 14 00 00 00 00
 (1789636053.987282)  can0  281   [5]  03 00 00 00 00
 (1789636053.989521)  can0  201   [6]  02 00 00 00 00 00
 (1789636053.999516)  can0  201   [6]  02 00 00 00 00 00
 (1789636054.009538)  can0  201   [6]  02 00 00 00 00 00
 (1789636054.019533)  can0  201   [6]  02 00 00 00 00 00
 (1789636054.026012)  can0  701   [1]  05
 (1789636054.029579)  can0  201   [6]  02 00 00 00 00 00
 (1789636054.037103)  can0  181   [8]  60 14 60 14 00 00 00 00
 (1789636054.037293)  can0  281   [5]  03 00 00 00 00
 (1789636054.039534)  can0  201   [6]  02 00 00 00 00 00
 (1789636054.049591)  can0  201   [6]  02 00 00 00 00 00
 (1789636054.059516)  can0  201   [6]  02 00 00 00 00 00
 (1789636054.069554)  can0  201   [6]  02 00 00 00 00 00
 (1789636054.079520)  can0  201   [6]  02 00 00 00 00 00
 (1789636054.087141)  can0  181   [8]  60 14 60 14 00 00 00 00
 (1789636054.087309)  can0  281   [5]  03 00 00 00 00
 (1789636054.089565)  can0  201   [6]  02 00 00 00 00 00
 (1789636054.099533)  can0  201   [6]  02 00 00 00 00 00
 (1789636054.109525)  can0  201   [6]  02 00 00 00 00 00
 (1789636054.119553)  can0  201   [6]  02 00 00 00 00 00
 (1789636054.129524)  can0  201   [6]  02 00 00 00 00 00
 (1789636054.137122)  can0  181   [8]  60 14 60 14 00 00 00 00
 (1789636054.137316)  can0  281   [5]  03 00 00 00 00
 (1789636054.139525)  can0  201   [6]  02 00 00 00 00 00
 (1789636054.149525)  can0  201   [6]  02 00 00 00 00 00
 (1789636054.159530)  can0  201   [6]  02 00 00 00 00 00
 (1789636054.169521)  can0  201   [6]  02 00 00 00 00 00
 (1789636054.179524)  can0  201   [6]  02 00 00 00 00 00
 (1789636054.187130)  can0  181   [8]  60 14 60 14 00 00 00 00
 (1789636054.187318)  can0  281   [5]  03 00 00 00 00
 (1789636054.189526)  can0  201   [6]  02 00 00 00 00 00
 (1789636054.199521)  can0  201   [6]  02 00 00 00 00 00
 (1789636054.209522)  can0  201   [6]  02 00 00 00 00 00
 (1789636054.219514)  can0  201   [6]  02 00 00 00 00 00
 (1789636054.229509)  can0  201   [6]  02 00 00 00 00 00
 (1789636054.237139)  can0  181   [8]  60 14 60 14 00 00 00 00
 (1789636054.237330)  can0  281   [5]  03 00 00 00 00
 (1789636054.239511)  can0  201   [6]  02 00 00 00 00 00
 (1789636054.249512)  can0  201   [6]  02 00 00 00 00 00
 (1789636054.259508)  can0  201   [6]  02 00 00 00 00 00
 (1789636054.269511)  can0  201   [6]  02 00 00 00 00 00
 (1789636054.275490)  can0  701   [1]  05
 (1789636054.279508)  can0  201   [6]  02 00 00 00 00 00
 (1789636054.287147)  can0  181   [8]  60 14 60 14 00 00 00 00
 (1789636054.287339)  can0  281   [5]  03 00 00 00 00
 (1789636054.289510)  can0  201   [6]  02 00 00 00 00 00
 (1789636054.299511)  can0  201   [6]  02 00 00 00 00 00
 (1789636054.309509)  can0  201   [6]  02 00 00 00 00 00
 (1789636054.319511)  can0  201   [6]  02 00 00 00 00 00
 (1789636054.329509)  can0  201   [6]  02 00 00 00 00 00
 (1789636054.337162)  can0  181   [8]  60 14 60 14 00 00 00 00
 (1789636054.337353)  can0  281   [5]  03 00 00 00 00
 (1789636054.339512)  can0  201   [6]  02 00 00 00 00 00
 (1789636054.349506)  can0  201   [6]  02 00 00 00 00 00
 (1789636054.359508)  can0  201   [6]  02 00 00 00 00 00
 (1789636054.369537)  can0  201   [6]  02 00 00 00 00 00
 (1789636054.379510)  can0  201   [6]  02 00 00 00 00 00
 (1789636054.387165)  can0  181   [8]  60 14 60 14 00 00 00 00
 (1789636054.387355)  can0  281   [5]  03 00 00 00 00
 (1789636054.389514)  can0  201   [6]  02 00 00 00 00 00
 (1789636054.399511)  can0  201   [6]  02 00 00 00 00 00
 (1789636054.409510)  can0  201   [6]  02 00 00 00 00 00
 (1789636054.419510)  can0  201   [6]  02 00 00 00 00 00
 (1789636054.429510)  can0  201   [6]  02 00 00 00 00 00
 (1789636054.437175)  can0  181   [8]  60 14 60 14 00 00 00 00
 (1789636054.437366)  can0  281   [5]  03 00 00 00 00
 (1789636054.439508)  can0  201   [6]  02 00 00 00 00 00
 (1789636054.449508)  can0  201   [6]  02 00 00 00 00 00
 (1789636054.459511)  can0  201   [6]  02 00 00 00 00 00
 (1789636054.469508)  can0  201   [6]  02 00 00 00 00 00
 (1789636054.479511)  can0  201   [6]  02 00 00 00 00 00
 (1789636054.487184)  can0  181   [8]  60 14 60 14 00 00 00 00
 (1789636054.487374)  can0  281   [5]  03 00 00 00 00
 (1789636054.489509)  can0  201   [6]  02 00 00 00 00 00
 (1789636054.499510)  can0  201   [6]  02 00 00 00 00 00
 (1789636054.509512)  can0  201   [6]  02 00 00 00 00 00
 (1789636054.519510)  can0  201   [6]  02 00 00 00 00 00
 (1789636054.525031)  can0  701   [1]  05
 (1789636054.529515)  can0  201   [6]  02 00 00 00 00 00
 (1789636054.537194)  can0  181   [8]  60 14 60 14 00 00 00 00
 (1789636054.537327)  can0  281   [5]  03 00 00 00 00
 (1789636054.539525)  can0  201   [6]  02 00 00 00 00 00
 (1789636054.549522)  can0  201   [6]  02 00 00 00 00 00
 (1789636054.559512)  can0  201   [6]  02 00 00 00 00 00
 (1789636054.569537)  can0  201   [6]  02 00 00 00 00 00
 (1789636054.579530)  can0  201   [6]  02 00 00 00 00 00
 (1789636054.587207)  can0  181   [8]  60 14 60 14 00 00 00 00
 (1789636054.587336)  can0  281   [5]  03 00 00 00 00
 (1789636054.589540)  can0  201   [6]  02 00 00 00 00 00
 (1789636054.599523)  can0  201   [6]  02 00 00 00 00 00
 (1789636054.609584)  can0  201   [6]  02 00 00 00 00 00
 (1789636054.619532)  can0  201   [6]  02 00 00 00 00 00
 (1789636054.629581)  can0  201   [6]  02 00 00 00 00 00
 (1789636054.637214)  can0  181   [8]  60 14 60 14 00 00 00 00
 (1789636054.637401)  can0  281   [5]  03 00 00 00 00
 (1789636054.639552)  can0  201   [6]  02 00 00 00 00 00
 (1789636054.649545)  can0  201   [6]  02 00 00 00 00 00
 (1789636054.659532)  can0  201   [6]  02 00 00 00 00 00
 (1789636054.669536)  can0  201   [6]  02 00 00 00 00 00
 (1789636054.679529)  can0  201   [6]  02 00 00 00 00 00
 (1789636054.687240)  can0  181   [8]  60 14 60 14 00 00 00 00
 (1789636054.687415)  can0  281   [5]  03 00 00 00 00
 (1789636054.689567)  can0  201   [6]  02 00 00 00 00 00
 (1789636054.699532)  can0  201   [6]  02 00 00 00 00 00
 (1789636054.709545)  can0  201   [6]  02 00 00 00 00 00
 (1789636054.719534)  can0  201   [6]  02 00 00 00 00 00
 (1789636054.729542)  can0  201   [6]  06 00 00 00 00 00
 (1789636054.737228)  can0  181   [8]  21 14 21 14 00 00 00 00
 (1789636054.737419)  can0  281   [5]  03 00 00 00 00
 (1789636054.739546)  can0  201   [6]  07 00 00 00 00 00
 (1789636054.749541)  can0  201   [6]  07 00 00 00 00 00
 (1789636054.759516)  can0  201   [6]  07 00 00 00 00 00
 (1789636054.769516)  can0  201   [6]  07 00 00 00 00 00
 (1789636054.774575)  can0  701   [1]  05
 (1789636054.779520)  can0  201   [6]  07 00 00 00 00 00
 (1789636054.787228)  can0  181   [8]  23 14 23 14 00 00 00 00
 (1789636054.787362)  can0  281   [5]  03 00 00 00 00
 (1789636054.789593)  can0  201   [6]  0F 00 00 00 00 00
 (1789636054.799518)  can0  201   [6]  0F 00 00 00 00 00
 (1789636054.809519)  can0  201   [6]  0F 00 00 00 00 00
 (1789636054.819520)  can0  201   [6]  0F 00 00 00 00 00
 (1789636054.829519)  can0  201   [6]  0F 00 00 00 00 00
 (1789636054.837175)  can0  181   [8]  27 14 27 14 00 00 00 00
 (1789636054.837364)  can0  281   [5]  03 00 00 00 00
 (1789636054.839520)  can0  201   [6]  0F 00 00 00 00 00
 (1789636054.849517)  can0  201   [6]  0F 00 00 00 00 00
 (1789636054.859517)  can0  201   [6]  0F 00 00 00 00 00
 (1789636054.869519)  can0  201   [6]  0F 00 00 00 00 00
 (1789636054.879520)  can0  201   [6]  0F 00 00 00 00 00
 (1789636054.887122)  can0  181   [8]  27 14 27 14 00 00 00 00
 (1789636054.887314)  can0  281   [5]  03 00 00 00 00
 (1789636054.889516)  can0  201   [6]  0F 00 00 00 00 00
 (1789636054.899624)  can0  201   [6]  0F 00 00 00 00 00
 (1789636054.909521)  can0  201   [6]  0F 00 00 00 00 00
 (1789636054.919522)  can0  201   [6]  0F 00 00 00 00 00
 (1789636054.929519)  can0  201   [6]  0F 00 00 00 00 00
 (1789636054.937068)  can0  181   [8]  27 14 27 14 00 00 00 00
 (1789636054.937268)  can0  281   [5]  03 00 00 00 00
 (1789636054.939520)  can0  201   [6]  0F 00 00 00 00 00
 (1789636054.949516)  can0  201   [6]  0F 00 00 00 00 00
 (1789636054.959519)  can0  201   [6]  0F 00 00 00 00 00
 (1789636054.969516)  can0  201   [6]  0F 00 00 00 00 00
 (1789636054.979518)  can0  201   [6]  0F 00 00 00 00 00
 (1789636054.987015)  can0  181   [8]  27 14 27 14 00 00 00 00
 (1789636054.987149)  can0  281   [5]  03 00 00 00 00
 (1789636054.989517)  can0  201   [6]  0F 00 00 00 00 00
 (1789636054.999520)  can0  201   [6]  0F 00 00 00 00 00
 (1789636055.009516)  can0  201   [6]  0F 00 00 00 00 00
 (1789636055.019522)  can0  201   [6]  0F 00 00 00 00 00
 (1789636055.024116)  can0  701   [1]  05
 (1789636055.029520)  can0  201   [6]  0F 00 00 00 00 00
 (1789636055.036963)  can0  181   [8]  27 14 27 14 00 00 00 00
 (1789636055.037154)  can0  281   [5]  03 00 00 00 00
 (1789636055.039519)  can0  201   [6]  0F 00 00 00 00 00
 (1789636055.049512)  can0  201   [6]  0F 00 00 00 00 00
 (1789636055.059519)  can0  201   [6]  0F 00 00 00 00 00
 (1789636055.069511)  can0  201   [6]  0F 00 00 00 00 00
 (1789636055.079534)  can0  201   [6]  0F 00 00 00 00 00
 (1789636055.086910)  can0  181   [8]  27 14 27 14 00 00 00 00
 (1789636055.087101)  can0  281   [5]  03 00 00 00 00
 (1789636055.089524)  can0  201   [6]  0F 00 00 00 00 00
 (1789636055.099537)  can0  201   [6]  0F 00 00 00 00 00
 (1789636055.109531)  can0  201   [6]  0F 00 00 00 00 00
 (1789636055.119520)  can0  201   [6]  0F 00 00 00 00 00
 (1789636055.129528)  can0  201   [6]  0F 00 00 00 00 00
 (1789636055.136859)  can0  181   [8]  27 14 27 14 00 00 00 00
 (1789636055.137048)  can0  281   [5]  03 00 00 00 00
 (1789636055.139548)  can0  201   [6]  0F 00 00 00 00 00
 (1789636055.149543)  can0  201   [6]  0F 00 00 00 00 00
 (1789636055.159528)  can0  201   [6]  0F 00 00 00 00 00
 (1789636055.169542)  can0  201   [6]  0F 00 00 00 00 00
 (1789636055.179528)  can0  201   [6]  0F 00 00 00 00 00
 (1789636055.186807)  can0  181   [8]  27 14 27 14 00 00 00 00
 (1789636055.186993)  can0  281   [5]  03 00 00 00 00
 (1789636055.189527)  can0  201   [6]  0F 00 00 00 00 00
 (1789636055.199537)  can0  201   [6]  0F 00 00 00 00 00
 (1789636055.209520)  can0  201   [6]  0F 00 00 00 00 00
 (1789636055.219517)  can0  201   [6]  0F 00 00 00 00 00
 (1789636055.229547)  can0  201   [6]  0F 00 00 00 00 00
 (1789636055.236752)  can0  181   [8]  27 14 27 14 00 00 00 00
 (1789636055.236940)  can0  281   [5]  03 00 00 00 00
 (1789636055.239536)  can0  201   [6]  0F 00 00 00 00 00
 (1789636055.249526)  can0  201   [6]  0F 00 00 00 00 00
 (1789636055.259522)  can0  201   [6]  0F 00 00 00 00 00
 (1789636055.269523)  can0  201   [6]  0F 00 00 00 00 00
 (1789636055.273609)  can0  701   [1]  05
 (1789636055.279550)  can0  201   [6]  0F 00 00 00 00 00
 (1789636055.286698)  can0  181   [8]  27 14 27 14 00 00 00 00
 (1789636055.286886)  can0  281   [5]  03 00 00 00 00
 (1789636055.289517)  can0  201   [6]  0F 00 00 00 00 00
 (1789636055.299515)  can0  201   [6]  0F 00 00 00 00 00
 (1789636055.309514)  can0  201   [6]  0F 00 00 00 00 00
 (1789636055.319513)  can0  201   [6]  0F 00 00 00 00 00
 (1789636055.329509)  can0  201   [6]  0F 00 00 00 00 00
 (1789636055.336642)  can0  181   [8]  27 14 27 14 00 00 00 00
 (1789636055.336835)  can0  281   [5]  03 00 00 00 00
 (1789636055.339513)  can0  201   [6]  0F 00 00 00 00 00
 (1789636055.349514)  can0  201   [6]  0F 00 00 00 00 00
 (1789636055.359510)  can0  201   [6]  0F 00 00 00 00 00
 (1789636055.369511)  can0  201   [6]  0F 00 00 00 00 00
 (1789636055.379510)  can0  201   [6]  0F 00 00 00 00 00
 (1789636055.386589)  can0  181   [8]  27 14 27 14 00 00 00 00
 (1789636055.386723)  can0  281   [5]  03 00 00 00 00
 (1789636055.389514)  can0  201   [6]  0F 00 00 00 00 00
 (1789636055.399512)  can0  201   [6]  0F 00 00 00 00 00
 (1789636055.409512)  can0  201   [6]  0F 00 00 00 00 00
 (1789636055.419508)  can0  201   [6]  0F 00 00 00 00 00
 (1789636055.429511)  can0  201   [6]  0F 00 00 00 00 00
 (1789636055.436638)  can0  181   [8]  27 14 27 14 00 00 00 00
 (1789636055.436673)  can0  281   [5]  03 00 00 00 00
 (1789636055.439536)  can0  201   [6]  0F 00 00 00 00 00
 (1789636055.449518)  can0  201   [6]  0F 00 00 00 00 00
 (1789636055.459514)  can0  201   [6]  0F 00 00 00 00 00
 (1789636055.469512)  can0  201   [6]  0F 00 00 00 00 00
 (1789636055.479512)  can0  201   [6]  0F 00 00 00 00 00
 (1789636055.486481)  can0  181   [8]  27 14 27 14 00 00 00 00
 (1789636055.486673)  can0  281   [5]  03 00 00 00 00
 (1789636055.489512)  can0  201   [6]  0F 00 00 00 00 00
 (1789636055.499509)  can0  201   [6]  0F 00 00 00 00 00
 (1789636055.509512)  can0  201   [6]  0F 00 00 00 00 00
 (1789636055.519509)  can0  201   [6]  0F 00 00 00 00 00
 (1789636055.523152)  can0  701   [1]  05
 (1789636055.529512)  can0  201   [6]  0F 00 00 00 00 00
 (1789636055.536430)  can0  181   [8]  27 14 27 14 00 00 00 00
 (1789636055.536620)  can0  281   [5]  03 00 00 00 00
 (1789636055.539510)  can0  201   [6]  0F 00 00 00 00 00
 (1789636055.549513)  can0  201   [6]  0F 00 00 00 00 00
 (1789636055.559514)  can0  201   [6]  0F 00 00 00 00 00
 (1789636055.569510)  can0  201   [6]  0F 00 00 00 00 00
 (1789636055.579513)  can0  201   [6]  0F 00 00 00 00 00
 (1789636055.586375)  can0  181   [8]  27 14 27 14 00 00 00 00
 (1789636055.586567)  can0  281   [5]  03 00 00 00 00
 (1789636055.589511)  can0  201   [6]  0F 00 00 00 00 00
 (1789636055.599515)  can0  201   [6]  0F 00 00 00 00 00
 (1789636055.609511)  can0  201   [6]  0F 00 00 00 00 00
 (1789636055.619538)  can0  201   [6]  0F 00 00 00 00 00
 (1789636055.629520)  can0  201   [6]  0F 00 00 00 00 00
 (1789636055.636333)  can0  181   [8]  27 14 27 14 00 00 00 00
 (1789636055.636521)  can0  281   [5]  03 00 00 00 00
 (1789636055.639538)  can0  201   [6]  0F 00 00 00 00 00
 (1789636055.649528)  can0  201   [6]  0F 00 00 00 00 00
 (1789636055.659545)  can0  201   [6]  0F 00 00 00 00 00
 (1789636055.669527)  can0  201   [6]  0F 00 00 00 00 00
 (1789636055.679563)  can0  201   [6]  0F 00 00 00 00 00
 (1789636055.686272)  can0  181   [8]  27 14 27 14 00 00 00 00
 (1789636055.686460)  can0  281   [5]  03 00 00 00 00
 (1789636055.689519)  can0  201   [6]  0F 00 00 00 00 00
 (1789636055.699567)  can0  201   [6]  0F 00 00 00 00 00
 (1789636055.709532)  can0  201   [6]  0F 00 00 00 00 00
 (1789636055.719530)  can0  201   [6]  0F 00 00 00 00 00
 (1789636055.729541)  can0  201   [6]  0F 00 00 00 00 00
 (1789636055.736222)  can0  181   [8]  27 14 27 14 00 00 00 00
 (1789636055.736409)  can0  281   [5]  03 00 00 00 00
 (1789636055.739525)  can0  201   [6]  0F 00 00 00 00 00
 (1789636055.749519)  can0  201   [6]  0F 00 00 00 00 00
 (1789636055.759534)  can0  201   [6]  0F 00 00 00 00 00
 (1789636055.769549)  can0  201   [6]  0F 00 00 00 00 00
 (1789636055.772701)  can0  701   [1]  05
 (1789636055.779527)  can0  201   [6]  0F 00 00 00 00 00
 (1789636055.786109)  can0  181   [8]  27 14 27 14 00 00 00 00
 (1789636055.786299)  can0  281   [5]  03 00 00 00 00
 (1789636055.789617)  can0  201   [6]  0F 00 00 00 00 00
 (1789636055.799540)  can0  201   [6]  0F 00 00 00 00 00
 (1789636055.809491)  can0  201   [6]  0F 00 00 00 00 00
 (1789636055.819631)  can0  201   [6]  0F 00 00 00 00 00
 (1789636055.829576)  can0  201   [6]  0F 00 00 00 00 00
 (1789636055.836111)  can0  181   [8]  27 14 27 14 00 00 00 00
 (1789636055.836244)  can0  281   [5]  03 00 00 00 00
 (1789636055.839568)  can0  201   [6]  0F 00 00 00 00 00
 (1789636055.849596)  can0  201   [6]  0F 00 00 00 00 00
 (1789636055.859636)  can0  201   [6]  0F 00 00 00 00 00
 (1789636055.869594)  can0  201   [6]  0F 00 00 00 00 00
 (1789636055.879581)  can0  201   [6]  0F 00 00 00 00 00
 (1789636055.886058)  can0  181   [8]  27 14 27 14 00 00 00 00
 (1789636055.886249)  can0  281   [5]  03 00 00 00 00
 (1789636055.889579)  can0  201   [6]  0F 00 00 00 00 00
 (1789636055.899579)  can0  201   [6]  0F 00 00 00 00 00
 (1789636055.909573)  can0  201   [6]  0F 00 00 00 00 00
 (1789636055.919574)  can0  201   [6]  0F 00 00 00 00 00
 (1789636055.929581)  can0  201   [6]  0F 00 00 00 00 00
 (1789636055.936006)  can0  181   [8]  27 14 27 14 00 00 00 00
 (1789636055.936195)  can0  281   [5]  03 00 00 00 00
 (1789636055.939575)  can0  201   [6]  0F 00 00 00 00 00
 (1789636055.949582)  can0  201   [6]  0F 00 00 00 00 00
 (1789636055.959576)  can0  201   [6]  0F 00 00 00 00 00
 (1789636055.969580)  can0  201   [6]  0F 00 00 00 00 00
 (1789636055.979697)  can0  201   [6]  0F 00 00 00 00 00
 (1789636055.985951)  can0  181   [8]  27 14 27 14 00 00 00 00
 (1789636055.986141)  can0  281   [5]  03 00 00 00 00
 (1789636055.989601)  can0  201   [6]  0F 00 00 00 00 00
 (1789636055.999583)  can0  201   [6]  0F 00 00 00 00 00
 (1789636056.009576)  can0  201   [6]  0F 00 00 00 00 00
 (1789636056.019581)  can0  201   [6]  0F 00 00 00 00 00
 (1789636056.022184)  can0  701   [1]  05
 (1789636056.029577)  can0  201   [6]  0F 00 00 00 00 00
 (1789636056.035895)  can0  181   [8]  27 14 27 14 00 00 00 00
 (1789636056.036086)  can0  281   [5]  03 00 00 00 00
 (1789636056.039582)  can0  201   [6]  0F 00 00 00 00 00
 (1789636056.049575)  can0  201   [6]  0F 00 00 00 00 00
 (1789636056.059576)  can0  201   [6]  0F 00 00 00 00 00
 (1789636056.069581)  can0  201   [6]  0F 00 00 00 00 00
 (1789636056.079577)  can0  201   [6]  0F 00 00 00 00 00
 (1789636056.085844)  can0  181   [8]  27 14 27 14 00 00 00 00
 (1789636056.086034)  can0  281   [5]  03 00 00 00 00
 (1789636056.089579)  can0  201   [6]  0F 00 00 00 00 00
 (1789636056.099578)  can0  201   [6]  0F 00 00 00 00 00
 (1789636056.109581)  can0  201   [6]  0F 00 00 00 00 00
 (1789636056.119577)  can0  201   [6]  0F 00 00 00 00 00
 (1789636056.129576)  can0  201   [6]  0F 00 00 00 00 00
 (1789636056.135791)  can0  181   [8]  27 14 27 14 00 00 00 00
 (1789636056.135980)  can0  281   [5]  03 00 00 00 00
 (1789636056.139589)  can0  201   [6]  0F 00 00 00 00 00
 (1789636056.149607)  can0  201   [6]  0F 00 00 00 00 00
 (1789636056.159683)  can0  201   [6]  0F 00 00 00 00 00
 (1789636056.169636)  can0  201   [6]  0F 00 00 00 00 00
 (1789636056.179703)  can0  201   [6]  0F 00 00 00 00 00
 (1789636056.185741)  can0  181   [8]  27 14 27 14 00 00 00 00
 (1789636056.185928)  can0  281   [5]  03 00 00 00 00
 (1789636056.189665)  can0  201   [6]  0F 00 00 00 00 00
 (1789636056.199690)  can0  201   [6]  0F 00 00 00 00 00
 (1789636056.209639)  can0  201   [6]  0F 00 00 00 00 00
 (1789636056.219751)  can0  201   [6]  0F 00 00 00 00 00
 (1789636056.229650)  can0  201   [6]  0F 00 00 00 00 00
 (1789636056.235698)  can0  181   [8]  27 14 27 14 00 00 00 00
 (1789636056.235882)  can0  281   [5]  03 00 00 00 00
 (1789636056.239721)  can0  201   [6]  0F 00 00 00 00 00
 (1789636056.249702)  can0  201   [6]  0F 00 00 00 00 00
 (1789636056.259714)  can0  201   [6]  0F 00 00 00 00 00
 (1789636056.269691)  can0  201   [6]  0F 00 00 00 00 00
 (1789636056.271735)  can0  701   [1]  05
 (1789636056.279663)  can0  201   [6]  0F 00 00 00 00 00
 (1789636056.285634)  can0  181   [8]  27 14 27 14 00 00 00 00
 (1789636056.285830)  can0  281   [5]  03 00 00 00 00
 (1789636056.289643)  can0  201   [6]  0F 00 00 00 00 00
 (1789636056.299733)  can0  201   [6]  0F 00 00 00 00 00
 (1789636056.309676)  can0  201   [6]  0F 00 00 00 00 00
 (1789636056.319671)  can0  201   [6]  0F 00 00 00 00 00
 (1789636056.329641)  can0  201   [6]  0F 00 00 00 00 00
 (1789636056.335581)  can0  181   [8]  27 14 27 14 00 00 00 00
 (1789636056.335768)  can0  281   [5]  03 00 00 00 00
 (1789636056.339638)  can0  201   [6]  0F 00 00 00 00 00
 (1789636056.349638)  can0  201   [6]  0F 00 00 00 00 00
 (1789636056.359634)  can0  201   [6]  0F 00 00 00 00 00
 (1789636056.369585)  can0  201   [6]  0F 00 00 00 00 00
 (1789636056.379577)  can0  201   [6]  0F 00 00 00 00 00
 (1789636056.385523)  can0  181   [8]  27 14 27 14 00 00 00 00
 (1789636056.385714)  can0  281   [5]  03 00 00 00 00
 (1789636056.389579)  can0  201   [6]  0F 00 00 00 00 00
 (1789636056.399574)  can0  201   [6]  0F 00 00 00 00 00
 (1789636056.409574)  can0  201   [6]  0F 00 00 00 00 00
 (1789636056.419581)  can0  201   [6]  0F 00 00 00 00 00
 (1789636056.429574)  can0  201   [6]  0F 00 00 00 00 00
 (1789636056.435472)  can0  181   [8]  27 14 27 14 00 00 00 00
 (1789636056.435663)  can0  281   [5]  03 00 00 00 00
 (1789636056.439581)  can0  201   [6]  0F 00 00 00 00 00
 (1789636056.449575)  can0  201   [6]  0F 00 00 00 00 00
 (1789636056.459580)  can0  201   [6]  0F 00 00 00 00 00
 (1789636056.469577)  can0  201   [6]  0F 00 00 00 00 00
 (1789636056.479576)  can0  201   [6]  0F 00 00 00 00 00
 (1789636056.485417)  can0  181   [8]  27 14 27 14 00 00 00 00
 (1789636056.485607)  can0  281   [5]  03 00 00 00 00
 (1789636056.489579)  can0  201   [6]  0F 00 00 00 00 00
 (1789636056.499577)  can0  201   [6]  0F 00 00 00 00 00
 (1789636056.509661)  can0  201   [6]  0F 00 00 00 00 00
 (1789636056.519611)  can0  201   [6]  0F 00 00 00 00 00
 (1789636056.521278)  can0  701   [1]  05
 (1789636056.529584)  can0  201   [6]  0F 00 00 00 00 00
 (1789636056.535364)  can0  181   [8]  27 14 27 14 00 00 00 00
 (1789636056.535555)  can0  281   [5]  03 00 00 00 00
 (1789636056.539576)  can0  201   [6]  0F 00 00 00 00 00
 (1789636056.549573)  can0  201   [6]  0F 00 00 00 00 00
 (1789636056.559581)  can0  201   [6]  0F 00 00 00 00 00
 (1789636056.569574)  can0  201   [6]  0F 00 00 00 00 00
 (1789636056.579583)  can0  201   [6]  0F 00 00 00 00 00
 (1789636056.585312)  can0  181   [8]  27 14 27 14 00 00 00 00
 (1789636056.585503)  can0  281   [5]  03 00 00 00 00
 (1789636056.589577)  can0  201   [6]  0F 00 00 00 00 00
 (1789636056.599581)  can0  201   [6]  0F 00 00 00 00 00
 (1789636056.609578)  can0  201   [6]  0F 00 00 00 00 00
 (1789636056.619574)  can0  201   [6]  0F 00 00 00 00 00
 (1789636056.629582)  can0  201   [6]  0F 00 00 00 00 00
 (1789636056.635258)  can0  181   [8]  27 14 27 14 00 00 00 00
 (1789636056.635449)  can0  281   [5]  03 00 00 00 00
 (1789636056.639577)  can0  201   [6]  0F 00 00 00 00 00
 (1789636056.649579)  can0  201   [6]  0F 00 00 00 00 00
 (1789636056.659574)  can0  201   [6]  0F 00 00 00 00 00
 (1789636056.669595)  can0  201   [6]  0F 00 00 00 00 00
 (1789636056.679586)  can0  201   [6]  0F 00 00 00 00 00
 (1789636056.685204)  can0  181   [8]  27 14 27 14 00 00 00 00
 (1789636056.685394)  can0  281   [5]  03 00 00 00 00
 (1789636056.689667)  can0  201   [6]  0F 00 00 00 00 00
 (1789636056.699664)  can0  201   [6]  0F 00 00 00 00 00
 (1789636056.709634)  can0  201   [6]  0F 00 00 00 00 00
 (1789636056.719712)  can0  201   [6]  0F 00 00 00 00 00
 (1789636056.729666)  can0  201   [6]  0F 00 00 00 00 00
 (1789636056.735161)  can0  181   [8]  27 14 27 14 00 00 00 00
 (1789636056.735344)  can0  281   [5]  03 00 00 00 00
 (1789636056.739676)  can0  201   [6]  0F 00 00 00 00 00
 (1789636056.749634)  can0  201   [6]  0F 00 00 00 00 00
 (1789636056.759742)  can0  201   [6]  0F 00 00 00 00 00
 (1789636056.769694)  can0  201   [6]  0F 00 00 00 00 00
 (1789636056.770766)  can0  701   [1]  05
 (1789636056.779742)  can0  201   [6]  0F 00 00 00 00 00
 (1789636056.785101)  can0  181   [8]  27 14 27 14 00 00 00 00
 (1789636056.785297)  can0  281   [5]  03 00 00 00 00
 (1789636056.789693)  can0  201   [6]  0F 00 00 00 00 00
 (1789636056.799703)  can0  201   [6]  0F 00 00 00 00 00
 (1789636056.809704)  can0  201   [6]  0F 00 00 00 00 00
 (1789636056.819627)  can0  201   [6]  0F 00 00 00 00 00
 (1789636056.829631)  can0  201   [6]  0F 00 00 00 00 00
 (1789636056.835051)  can0  181   [8]  27 14 27 14 00 00 00 00
 (1789636056.835245)  can0  281   [5]  03 00 00 00 00
 (1789636056.839711)  can0  201   [6]  0F 00 00 00 00 00
 (1789636056.849673)  can0  201   [6]  0F 00 00 00 00 00
 (1789636056.859650)  can0  201   [6]  0F 00 00 00 00 00
 (1789636056.869653)  can0  201   [6]  0F 00 00 00 00 00
 (1789636056.879630)  can0  201   [6]  0F 00 00 00 00 00
 (1789636056.884967)  can0  181   [8]  27 14 27 14 00 00 00 00
 (1789636056.885191)  can0  281   [5]  03 00 00 00 00
 (1789636056.889629)  can0  201   [6]  0F 00 00 00 00 00
 (1789636056.899617)  can0  201   [6]  0F 00 00 00 00 00
 (1789636056.909589)  can0  201   [6]  0F 00 00 00 00 00
 (1789636056.919578)  can0  201   [6]  0F 00 00 00 00 00
 (1789636056.929579)  can0  201   [6]  0F 00 00 00 00 00
 (1789636056.934940)  can0  181   [8]  27 14 27 14 00 00 00 00
 (1789636056.935140)  can0  281   [5]  03 00 00 00 00
 (1789636056.939578)  can0  201   [6]  0F 00 00 00 00 00
 (1789636056.949580)  can0  201   [6]  0F 00 00 00 00 00
 (1789636056.959576)  can0  201   [6]  0F 00 00 00 00 00
 (1789636056.969576)  can0  201   [6]  0F 00 00 00 00 00
 (1789636056.979581)  can0  201   [6]  0F 00 00 00 00 00
 (1789636056.984884)  can0  181   [8]  27 14 27 14 00 00 00 00
 (1789636056.985085)  can0  281   [5]  03 00 00 00 00
 (1789636056.989578)  can0  201   [6]  0F 00 00 00 00 00
 (1789636056.999580)  can0  201   [6]  0F 00 00 00 00 00
 (1789636057.009574)  can0  201   [6]  0F 00 00 00 00 00
 (1789636057.019582)  can0  201   [6]  0F 00 00 00 00 00
 (1789636057.020308)  can0  701   [1]  05
 (1789636057.029577)  can0  201   [6]  0F 00 00 00 00 00
 (1789636057.034832)  can0  181   [8]  27 14 27 14 00 00 00 00
 (1789636057.035033)  can0  281   [5]  03 00 00 00 00
 (1789636057.039576)  can0  201   [6]  0F 00 00 00 00 00
 (1789636057.049714)  can0  201   [6]  0F 00 00 00 00 00
 (1789636057.059598)  can0  201   [6]  0F 00 00 00 00 00
 (1789636057.069583)  can0  201   [6]  0F 00 00 00 00 00
 (1789636057.079576)  can0  201   [6]  0F 00 00 00 00 00
 (1789636057.084780)  can0  181   [8]  27 14 27 14 00 00 00 00
 (1789636057.084980)  can0  281   [5]  03 00 00 00 00
 (1789636057.089580)  can0  201   [6]  0F 00 00 00 00 00
 (1789636057.099575)  can0  201   [6]  0F 00 00 00 00 00
 (1789636057.109575)  can0  201   [6]  0F 00 00 00 00 00
 (1789636057.119579)  can0  201   [6]  0F 00 00 00 00 00
 (1789636057.129575)  can0  201   [6]  0F 00 00 00 00 00
 (1789636057.134726)  can0  181   [8]  27 14 27 14 00 00 00 00
 (1789636057.134927)  can0  281   [5]  03 00 00 00 00
 (1789636057.139580)  can0  201   [6]  0F 00 00 00 00 00
 (1789636057.149575)  can0  201   [6]  0F 00 00 00 00 00
 (1789636057.159581)  can0  201   [6]  0F 00 00 00 00 00
 (1789636057.169573)  can0  201   [6]  0F 00 00 00 00 00
 (1789636057.179577)  can0  201   [6]  0F 00 00 00 00 00
 (1789636057.184671)  can0  181   [8]  27 14 27 14 00 00 00 00
 (1789636057.184872)  can0  281   [5]  03 00 00 00 00
 (1789636057.189580)  can0  201   [6]  0F 00 00 00 00 00
 (1789636057.199576)  can0  201   [6]  0F 00 00 00 00 00
 (1789636057.209597)  can0  201   [6]  0F 00 00 00 00 00
 (1789636057.219589)  can0  201   [6]  0F 00 00 00 00 00
 (1789636057.229705)  can0  201   [6]  0F 00 00 00 00 00
 (1789636057.234620)  can0  181   [8]  27 14 27 14 00 00 00 00
 (1789636057.234820)  can0  281   [5]  03 00 00 00 00
 (1789636057.239654)  can0  201   [6]  0F 00 00 00 00 00
 (1789636057.249690)  can0  201   [6]  0F 00 00 00 00 00
 (1789636057.259686)  can0  201   [6]  0F 00 00 00 00 00
 (1789636057.269657)  can0  201   [6]  0F 00 00 00 00 00
 (1789636057.269859)  can0  701   [1]  05
 (1789636057.279687)  can0  201   [6]  0F 00 00 00 00 00
 (1789636057.284567)  can0  181   [8]  27 14 27 14 00 00 00 00
 (1789636057.284709)  can0  281   [5]  03 00 00 00 00
 (1789636057.289795)  can0  201   [6]  0F 00 00 00 00 00
 (1789636057.299669)  can0  201   [6]  0F 00 00 00 00 00
 (1789636057.309714)  can0  201   [6]  0F 00 00 00 00 00
 (1789636057.319710)  can0  201   [6]  0F 00 00 00 00 00
 (1789636057.329676)  can0  201   [6]  0F 00 00 00 00 00
 (1789636057.334516)  can0  181   [8]  27 14 27 14 00 00 00 00
 (1789636057.334714)  can0  281   [5]  03 00 00 00 00
 (1789636057.339679)  can0  201   [6]  0F 00 00 00 00 00
 (1789636057.349692)  can0  201   [6]  0F 00 00 00 00 00
 (1789636057.359613)  can0  201   [6]  0F 00 00 00 00 00
 (1789636057.369561)  can0  201   [6]  0F 00 00 00 00 00
 (1789636057.379581)  can0  201   [6]  0F 00 00 00 00 00
 (1789636057.384463)  can0  181   [8]  27 14 27 14 00 00 00 00
 (1789636057.384658)  can0  281   [5]  03 00 00 00 00
 (1789636057.389655)  can0  201   [6]  0F 00 00 00 00 00
 (1789636057.399626)  can0  201   [6]  0F 00 00 00 00 00
 (1789636057.409640)  can0  201   [6]  0F 00 00 00 00 00
 (1789636057.419621)  can0  201   [6]  0F 00 00 00 00 00
 (1789636057.429652)  can0  201   [6]  0F 00 00 00 00 00
 (1789636057.434408)  can0  181   [8]  27 14 27 14 00 00 00 00
 (1789636057.434608)  can0  281   [5]  03 00 00 00 00
 (1789636057.439589)  can0  201   [6]  0F 00 00 00 00 00
 (1789636057.449579)  can0  201   [6]  0F 00 00 00 00 00
 (1789636057.459575)  can0  201   [6]  0F 00 00 00 00 00
 (1789636057.469582)  can0  201   [6]  0F 00 00 00 00 00
 (1789636057.479575)  can0  201   [6]  0F 00 00 00 00 00
 (1789636057.484354)  can0  181   [8]  27 14 27 14 00 00 00 00
 (1789636057.484496)  can0  281   [5]  03 00 00 00 00
 (1789636057.489580)  can0  201   [6]  0F 00 00 00 00 00
 (1789636057.499576)  can0  201   [6]  0F 00 00 00 00 00
 (1789636057.509582)  can0  201   [6]  0F 00 00 00 00 00
 (1789636057.519342)  can0  701   [1]  05
 (1789636057.519573)  can0  201   [6]  0F 00 00 00 00 00
 (1789636057.529576)  can0  201   [6]  0F 00 00 00 00 00
 (1789636057.534299)  can0  181   [8]  27 14 27 14 00 00 00 00
 (1789636057.534501)  can0  281   [5]  03 00 00 00 00
 (1789636057.539581)  can0  201   [6]  0F 00 00 00 00 00
 (1789636057.549575)  can0  201   [6]  0F 00 00 00 00 00
 (1789636057.559578)  can0  201   [6]  0F 00 00 00 00 00
 (1789636057.569575)  can0  201   [6]  0F 00 00 00 00 00
 (1789636057.579581)  can0  201   [6]  0F 00 00 00 00 00
 (1789636057.584307)  can0  181   [8]  27 14 27 14 00 00 00 00
 (1789636057.584453)  can0  281   [5]  03 00 00 00 00
 (1789636057.589685)  can0  201   [6]  0F 00 00 00 00 00
 (1789636057.599587)  can0  201   [6]  0F 00 00 00 00 00
 (1789636057.609584)  can0  201   [6]  0F 00 00 00 00 00
 (1789636057.619577)  can0  201   [6]  0F 00 00 00 00 00
 (1789636057.629579)  can0  201   [6]  0F 00 00 00 00 00
 (1789636057.634192)  can0  181   [8]  27 14 27 14 00 00 00 00
 (1789636057.634394)  can0  281   [5]  03 00 00 00 00
 (1789636057.639573)  can0  201   [6]  0F 00 00 00 00 00
 (1789636057.649581)  can0  201   [6]  0F 00 00 00 00 00
 (1789636057.659574)  can0  201   [6]  0F 00 00 00 00 00
 (1789636057.669573)  can0  201   [6]  0F 00 00 00 00 00
 (1789636057.679581)  can0  201   [6]  0F 00 00 00 00 00
 (1789636057.684139)  can0  181   [8]  27 14 27 14 00 00 00 00
 (1789636057.684283)  can0  281   [5]  03 00 00 00 00
 (1789636057.689575)  can0  201   [6]  0F 00 00 00 00 00
 (1789636057.699581)  can0  201   [6]  0F 00 00 00 00 00
 (1789636057.709574)  can0  201   [6]  0F 00 00 00 00 00
 (1789636057.719582)  can0  201   [6]  0F 00 00 00 00 00
 (1789636057.729576)  can0  201   [6]  0F 00 00 00 00 00
 (1789636057.734085)  can0  181   [8]  27 14 27 14 00 00 00 00
 (1789636057.734289)  can0  281   [5]  03 00 00 00 00
 (1789636057.739573)  can0  201   [6]  0F 00 00 00 00 00
 (1789636057.749603)  can0  201   [6]  0F 00 00 00 00 00
 (1789636057.759598)  can0  201   [6]  0F 00 00 00 00 00
 (1789636057.768891)  can0  701   [1]  05
 (1789636057.769378)  can0  201   [6]  0F 00 00 00 00 00
 (1789636057.779645)  can0  201   [6]  0F 00 00 00 00 00
 (1789636057.784034)  can0  181   [8]  27 14 27 14 00 00 00 00
 (1789636057.784234)  can0  281   [5]  03 00 00 00 00
 (1789636057.789690)  can0  201   [6]  0F 00 00 00 00 00
 (1789636057.799671)  can0  201   [6]  0F 00 00 00 00 00
 (1789636057.809697)  can0  201   [6]  0F 00 00 00 00 00
 (1789636057.819648)  can0  201   [6]  0F 00 00 00 00 00
 (1789636057.829759)  can0  201   [6]  0F 00 00 00 00 00
 (1789636057.833982)  can0  181   [8]  27 14 27 14 00 00 00 00
 (1789636057.834181)  can0  281   [5]  03 00 00 00 00
 (1789636057.839655)  can0  201   [6]  0F 00 00 00 00 00
 (1789636057.849760)  can0  201   [6]  0F 00 00 00 00 00
 (1789636057.859710)  can0  201   [6]  0F 00 00 00 00 00
 (1789636057.869632)  can0  201   [6]  0F 00 00 00 00 00
 (1789636057.879715)  can0  201   [6]  0F 00 00 00 00 00
 (1789636057.883929)  can0  181   [8]  27 14 27 14 00 00 00 00
 (1789636057.884070)  can0  281   [5]  03 00 00 00 00
 (1789636057.889638)  can0  201   [6]  0F 00 00 00 00 00
 (1789636057.899637)  can0  201   [6]  0F 00 00 00 00 00
 (1789636057.909662)  can0  201   [6]  0F 00 00 00 00 00
 (1789636057.919670)  can0  201   [6]  0F 00 00 00 00 00
 (1789636057.929649)  can0  201   [6]  0F 00 00 00 00 00
 (1789636057.933874)  can0  181   [8]  27 14 27 14 00 00 00 00
 (1789636057.934074)  can0  281   [5]  03 00 00 00 00
 (1789636057.939633)  can0  201   [6]  0F 00 00 00 00 00
 (1789636057.949560)  can0  201   [6]  0F 00 00 00 00 00
 (1789636057.959539)  can0  201   [6]  0F 00 00 00 00 00
 (1789636057.969531)  can0  201   [6]  0F 00 00 00 00 00
 (1789636057.979518)  can0  201   [6]  0F 00 00 00 00 00
 (1789636057.983822)  can0  181   [8]  27 14 27 14 00 00 00 00
 (1789636057.984020)  can0  281   [5]  03 00 00 00 00
 (1789636057.989520)  can0  201   [6]  0F 00 00 00 00 00
 (1789636057.999519)  can0  201   [6]  0F 00 00 00 00 00
 (1789636058.009510)  can0  201   [6]  0F 00 00 00 00 00
 (1789636058.018432)  can0  701   [1]  05
 (1789636058.019517)  can0  201   [6]  0F 00 00 00 00 00
 (1789636058.029512)  can0  201   [6]  0F 00 00 00 00 00
 (1789636058.033767)  can0  181   [8]  27 14 27 14 00 00 00 00
 (1789636058.033971)  can0  281   [5]  03 00 00 00 00
 (1789636058.039512)  can0  201   [6]  0F 00 00 00 00 00
 (1789636058.049515)  can0  201   [6]  0F 00 00 00 00 00
 (1789636058.059509)  can0  201   [6]  0F 00 00 00 00 00
 (1789636058.069512)  can0  201   [6]  0F 00 00 00 00 00
 (1789636058.079510)  can0  201   [6]  0F 00 00 00 00 00
 (1789636058.083713)  can0  181   [8]  27 14 27 14 00 00 00 00
 (1789636058.083914)  can0  281   [5]  03 00 00 00 00
 (1789636058.089509)  can0  201   [6]  0F 00 00 00 00 00
 (1789636058.099513)  can0  201   [6]  0F 00 00 00 00 00
 (1789636058.109513)  can0  201   [6]  0F 00 00 00 00 00
 (1789636058.119510)  can0  201   [6]  0F 00 00 00 00 00
 (1789636058.129534)  can0  201   [6]  0F 00 00 00 00 00
 (1789636058.133661)  can0  181   [8]  27 14 27 14 00 00 00 00
 (1789636058.133861)  can0  281   [5]  03 00 00 00 00
 (1789636058.139516)  can0  201   [6]  0F 00 00 00 00 00
 (1789636058.149511)  can0  201   [6]  0F 00 00 00 00 00
 (1789636058.159511)  can0  201   [6]  0F 00 00 00 00 00
 (1789636058.169512)  can0  201   [6]  0F 00 00 00 00 00
 (1789636058.179508)  can0  201   [6]  0F 00 00 00 00 00
 (1789636058.183607)  can0  181   [8]  27 14 27 14 00 00 00 00
 (1789636058.183808)  can0  281   [5]  03 00 00 00 00
 (1789636058.189513)  can0  201   [6]  0F 00 00 00 00 00
 (1789636058.199513)  can0  201   [6]  0F 00 00 00 00 00
 (1789636058.209513)  can0  201   [6]  0F 00 00 00 00 00
 (1789636058.219520)  can0  201   [6]  0F 00 00 00 00 00
 (1789636058.229511)  can0  201   [6]  0F 00 00 00 00 00
 (1789636058.233553)  can0  181   [8]  27 14 27 14 00 00 00 00
 (1789636058.233756)  can0  281   [5]  03 00 00 00 00
 (1789636058.239512)  can0  201   [6]  0F 00 00 00 00 00
 (1789636058.249511)  can0  201   [6]  0F 00 00 00 00 00
 (1789636058.259513)  can0  201   [6]  0F 00 00 00 00 00
 (1789636058.267927)  can0  701   [1]  05
 (1789636058.269510)  can0  201   [6]  0F 00 00 00 00 00
 (1789636058.279518)  can0  201   [6]  0F 00 00 00 00 00
 (1789636058.283498)  can0  181   [8]  27 14 27 14 00 00 00 00
 (1789636058.283699)  can0  281   [5]  03 00 00 00 00
 (1789636058.289514)  can0  201   [6]  0F 00 00 00 00 00
 (1789636058.299533)  can0  201   [6]  0F 00 00 00 00 00
 (1789636058.309538)  can0  201   [6]  0F 00 00 00 00 00
 (1789636058.319531)  can0  201   [6]  0F 00 00 00 00 00
 (1789636058.329529)  can0  201   [6]  0F 00 00 00 00 00
 (1789636058.333450)  can0  181   [8]  27 14 27 14 00 00 00 00
 (1789636058.333650)  can0  281   [5]  03 00 00 00 00
 (1789636058.339523)  can0  201   [6]  0F 00 00 00 00 00
 (1789636058.349518)  can0  201   [6]  0F 00 00 00 00 00
 (1789636058.359520)  can0  201   [6]  0F 00 00 00 00 00
 (1789636058.369510)  can0  201   [6]  0F 00 00 00 00 00
 (1789636058.379512)  can0  201   [6]  0F 00 00 00 00 00
 (1789636058.383395)  can0  181   [8]  27 14 27 14 00 00 00 00
 (1789636058.383595)  can0  281   [5]  03 00 00 00 00
 (1789636058.389513)  can0  201   [6]  0F 00 00 00 00 00
 (1789636058.399512)  can0  201   [6]  0F 00 00 00 00 00
 (1789636058.409511)  can0  201   [6]  0F 00 00 00 00 00
 (1789636058.419527)  can0  201   [6]  0F 00 00 00 00 00
 (1789636058.429511)  can0  201   [6]  0F 00 00 00 00 00
 (1789636058.433340)  can0  181   [8]  27 14 27 14 00 00 00 00
 (1789636058.433542)  can0  281   [5]  03 00 00 00 00
 (1789636058.439512)  can0  201   [6]  0F 00 00 00 00 00
 (1789636058.449511)  can0  201   [6]  0F 00 00 00 00 00
 (1789636058.459510)  can0  201   [6]  0F 00 00 00 00 00
 (1789636058.469512)  can0  201   [6]  0F 00 00 00 00 00
 (1789636058.479507)  can0  201   [6]  0F 00 00 00 00 00
 (1789636058.483286)  can0  181   [8]  27 14 27 14 00 00 00 00
 (1789636058.483488)  can0  281   [5]  03 00 00 00 00
 (1789636058.489512)  can0  201   [6]  0F 00 00 00 00 00
 (1789636058.499509)  can0  201   [6]  0F 00 00 00 00 00
 (1789636058.509544)  can0  201   [6]  0F 00 00 00 00 00
 (1789636058.517466)  can0  701   [1]  05
 (1789636058.519518)  can0  201   [6]  0F 00 00 00 00 00
 (1789636058.529512)  can0  201   [6]  0F 00 00 00 00 00
 (1789636058.533234)  can0  181   [8]  27 14 27 14 00 00 00 00
 (1789636058.533433)  can0  281   [5]  03 00 00 00 00
 (1789636058.539513)  can0  201   [6]  0F 00 00 00 00 00
 (1789636058.549510)  can0  201   [6]  0F 00 00 00 00 00
 (1789636058.559510)  can0  201   [6]  0F 00 00 00 00 00
 (1789636058.569510)  can0  201   [6]  0F 00 00 00 00 00
 (1789636058.579510)  can0  201   [6]  0F 00 00 00 00 00
 (1789636058.583179)  can0  181   [8]  27 14 27 14 00 00 00 00
 (1789636058.583383)  can0  281   [5]  03 00 00 00 00
 (1789636058.589513)  can0  201   [6]  0F 00 00 00 00 00
 (1789636058.599510)  can0  201   [6]  0F 00 00 00 00 00
 (1789636058.609510)  can0  201   [6]  0F 00 00 00 00 00
 (1789636058.619510)  can0  201   [6]  0F 00 00 00 00 00
 (1789636058.629511)  can0  201   [6]  0F 00 00 00 00 00
 (1789636058.633126)  can0  181   [8]  27 14 27 14 00 00 00 00
 (1789636058.633326)  can0  281   [5]  03 00 00 00 00
 (1789636058.639512)  can0  201   [6]  0F 00 00 00 00 00
 (1789636058.649512)  can0  201   [6]  0F 00 00 00 00 00
 (1789636058.659510)  can0  201   [6]  0F 00 00 00 00 00
 (1789636058.669510)  can0  201   [6]  0F 00 00 00 00 00
 (1789636058.679512)  can0  201   [6]  0F 00 00 00 00 00
 (1789636058.683078)  can0  181   [8]  27 14 27 14 00 00 00 00
 (1789636058.683274)  can0  281   [5]  03 00 00 00 00
 (1789636058.689541)  can0  201   [6]  0F 00 00 00 00 00
 (1789636058.699525)  can0  201   [6]  0F 00 00 00 00 00
 (1789636058.709535)  can0  201   [6]  0F 00 00 00 00 00
 (1789636058.719530)  can0  201   [6]  0F 00 00 00 00 00
 (1789636058.729533)  can0  201   [6]  0F 00 00 00 00 00
 (1789636058.733026)  can0  181   [8]  27 14 27 14 00 00 00 00
 (1789636058.733220)  can0  281   [5]  03 00 00 00 00
 (1789636058.739533)  can0  201   [6]  0F 00 00 00 00 00
 (1789636058.749579)  can0  201   [6]  0F 00 00 00 00 00
 (1789636058.759526)  can0  201   [6]  0F 00 00 00 00 00
 (1789636058.767013)  can0  701   [1]  05
 (1789636058.769528)  can0  201   [6]  0F 00 00 00 00 00
 (1789636058.779541)  can0  201   [6]  0F 00 00 00 00 00
 (1789636058.782969)  can0  181   [8]  27 14 27 14 00 00 00 00
 (1789636058.783170)  can0  281   [5]  03 00 00 00 00
 (1789636058.789524)  can0  201   [6]  0F 00 00 00 00 00
 (1789636058.799535)  can0  201   [6]  0F 00 00 00 00 00
 (1789636058.809531)  can0  201   [6]  0F 00 00 00 00 00
 (1789636058.819518)  can0  201   [6]  0F 00 00 00 00 00
 (1789636058.829544)  can0  201   [6]  0F 00 00 00 00 00
 (1789636058.832924)  can0  181   [8]  27 14 27 14 00 00 00 00
 (1789636058.833128)  can0  281   [5]  03 00 00 00 00
 (1789636058.839566)  can0  201   [6]  0F 00 00 00 00 00
 (1789636058.849531)  can0  201   [6]  0F 00 00 00 00 00
 (1789636058.859522)  can0  201   [6]  0F 00 00 00 00 00
 (1789636058.869531)  can0  201   [6]  0F 00 00 00 00 00
 (1789636058.879520)  can0  201   [6]  0F 00 00 00 00 00
 (1789636058.882866)  can0  181   [8]  27 14 27 14 00 00 00 00
 (1789636058.883062)  can0  281   [5]  03 00 00 00 00
 (1789636058.889532)  can0  201   [6]  0F 00 00 00 00 00
 (1789636058.899512)  can0  201   [6]  0F 00 00 00 00 00
 (1789636058.909511)  can0  201   [6]  0F 00 00 00 00 00
 (1789636058.919512)  can0  201   [6]  0F 00 00 00 00 00
 (1789636058.929591)  can0  201   [6]  0F 00 00 00 00 00
 (1789636058.932808)  can0  181   [8]  27 14 27 14 00 00 00 00
 (1789636058.933008)  can0  281   [5]  03 00 00 00 00
 (1789636058.939586)  can0  201   [6]  0F 00 00 00 00 00
 (1789636058.949576)  can0  201   [6]  0F 00 00 00 00 00
 (1789636058.959581)  can0  201   [6]  0F 00 00 00 00 00
 (1789636058.969575)  can0  201   [6]  0F 00 00 00 00 00
 (1789636058.979579)  can0  201   [6]  0F 00 00 00 00 00
 (1789636058.982754)  can0  181   [8]  27 14 27 14 00 00 00 00
 (1789636058.982955)  can0  281   [5]  03 00 00 00 00
 (1789636058.989575)  can0  201   [6]  0F 00 00 00 00 00
 (1789636058.999576)  can0  201   [6]  0F 00 00 00 00 00
 (1789636059.009582)  can0  201   [6]  0F 00 00 00 00 00
 (1789636059.016556)  can0  701   [1]  05
 (1789636059.019576)  can0  201   [6]  0F 00 00 00 00 00
 (1789636059.029580)  can0  201   [6]  0F 00 00 00 00 00
 (1789636059.032701)  can0  181   [8]  27 14 27 14 00 00 00 00
 (1789636059.032900)  can0  281   [5]  03 00 00 00 00
 (1789636059.039573)  can0  201   [6]  0F 00 00 00 00 00
 (1789636059.049713)  can0  201   [6]  0F 00 00 00 00 00
 (1789636059.059606)  can0  201   [6]  0F 00 00 00 00 00
 (1789636059.069582)  can0  201   [6]  0F 00 00 00 00 00
 (1789636059.079582)  can0  201   [6]  0F 00 00 00 00 00
 (1789636059.082650)  can0  181   [8]  27 14 27 14 00 00 00 00
 (1789636059.082849)  can0  281   [5]  03 00 00 00 00
 (1789636059.089574)  can0  201   [6]  0F 00 00 00 00 00
 (1789636059.099582)  can0  201   [6]  0F 00 00 00 00 00
 (1789636059.109576)  can0  201   [6]  0F 00 00 00 00 00
 (1789636059.119580)  can0  201   [6]  0F 00 00 00 00 00
 (1789636059.129573)  can0  201   [6]  0F 00 00 00 00 00
 (1789636059.132595)  can0  181   [8]  27 14 27 14 00 00 00 00
 (1789636059.132795)  can0  281   [5]  03 00 00 00 00
 (1789636059.139575)  can0  201   [6]  0F 00 00 00 00 00
 (1789636059.149582)  can0  201   [6]  0F 00 00 00 00 00
 (1789636059.159573)  can0  201   [6]  0F 00 00 00 00 00
 (1789636059.169582)  can0  201   [6]  0F 00 00 00 00 00
 (1789636059.179575)  can0  201   [6]  0F 00 00 00 00 00
 (1789636059.182542)  can0  181   [8]  27 14 27 14 00 00 00 00
 (1789636059.182741)  can0  281   [5]  03 00 00 00 00
 (1789636059.189580)  can0  201   [6]  0F 00 00 00 00 00
 (1789636059.199575)  can0  201   [6]  0F 00 00 00 00 00
 (1789636059.209594)  can0  201   [6]  0F 00 00 00 00 00
 (1789636059.219593)  can0  201   [6]  0F 00 00 00 00 00
 (1789636059.229693)  can0  201   [6]  0F 00 00 00 00 00
 (1789636059.232490)  can0  181   [8]  27 14 27 14 00 00 00 00
 (1789636059.232691)  can0  281   [5]  03 00 00 00 00
 (1789636059.239657)  can0  201   [6]  0F 00 00 00 00 00
 (1789636059.249709)  can0  201   [6]  0F 00 00 00 00 00
 (1789636059.259709)  can0  201   [6]  0F 00 00 00 00 00
 (1789636059.266045)  can0  701   [1]  05
 (1789636059.269698)  can0  201   [6]  0F 00 00 00 00 00
 (1789636059.279608)  can0  201   [6]  0F 00 00 00 00 00
 (1789636059.282436)  can0  181   [8]  27 14 27 14 00 00 00 00
 (1789636059.282638)  can0  281   [5]  03 00 00 00 00
 (1789636059.289761)  can0  201   [6]  0F 00 00 00 00 00
 (1789636059.299613)  can0  201   [6]  0F 00 00 00 00 00
 (1789636059.309761)  can0  201   [6]  0F 00 00 00 00 00
 (1789636059.319692)  can0  201   [6]  0F 00 00 00 00 00
 (1789636059.329656)  can0  201   [6]  0F 00 00 00 00 00
 (1789636059.332387)  can0  181   [8]  27 14 27 14 00 00 00 00
 (1789636059.332581)  can0  281   [5]  03 00 00 00 00
 (1789636059.339691)  can0  201   [6]  0F 00 00 00 00 00
 (1789636059.349657)  can0  201   [6]  0F 00 00 00 00 00
 (1789636059.359648)  can0  201   [6]  0F 00 00 00 03 00
 (1789636059.369675)  can0  201   [6]  0F 00 00 00 03 00
 (1789636059.379678)  can0  201   [6]  0F 00 00 00 03 00
 (1789636059.382328)  can0  181   [8]  27 14 27 40 00 00 01 00
 (1789636059.382528)  can0  281   [5]  03 00 00 00 00
 (1789636059.389653)  can0  201   [6]  0F 00 00 00 03 00
 (1789636059.399647)  can0  201   [6]  0F 00 00 00 03 00
 (1789636059.409647)  can0  201   [6]  0F 00 00 00 03 00
 (1789636059.419617)  can0  201   [6]  0F 00 00 00 03 00
 (1789636059.429647)  can0  201   [6]  0F 00 00 00 03 00
 (1789636059.432274)  can0  181   [8]  27 14 27 44 00 00 18 00
 (1789636059.432476)  can0  281   [5]  03 00 00 00 00
 (1789636059.439584)  can0  201   [6]  0F 00 00 00 03 00
 (1789636059.449585)  can0  201   [6]  0F 00 00 00 04 00
 (1789636059.459577)  can0  201   [6]  0F 00 00 00 04 00
 (1789636059.469582)  can0  201   [6]  0F 00 00 00 04 00
 (1789636059.479575)  can0  201   [6]  0F 00 00 00 04 00
 (1789636059.482219)  can0  181   [8]  27 14 27 40 00 00 20 00
 (1789636059.482422)  can0  281   [5]  03 00 00 00 00
 (1789636059.489576)  can0  201   [6]  0F 00 00 00 04 00
 (1789636059.499579)  can0  201   [6]  0F 00 00 00 04 00
 (1789636059.509575)  can0  201   [6]  0F 00 00 00 04 00
 (1789636059.515586)  can0  701   [1]  05
 (1789636059.519581)  can0  201   [6]  0F 00 00 00 04 00
 (1789636059.529574)  can0  201   [6]  0F 00 00 00 04 00
 (1789636059.532163)  can0  181   [8]  27 14 27 44 00 00 2A 00
 (1789636059.532369)  can0  281   [5]  03 00 00 00 00
 (1789636059.539580)  can0  201   [6]  0F 00 00 00 04 00
 (1789636059.549577)  can0  201   [6]  0F 00 00 00 04 00
 (1789636059.559575)  can0  201   [6]  0F 00 00 00 04 00
 (1789636059.569581)  can0  201   [6]  0F 00 00 00 04 00
 (1789636059.579574)  can0  201   [6]  0F 00 00 00 05 00
 (1789636059.582204)  can0  181   [8]  27 14 27 40 00 00 23 00
 (1789636059.582270)  can0  281   [5]  03 00 00 00 00
 (1789636059.589672)  can0  201   [6]  0F 00 00 00 05 00
 (1789636059.599595)  can0  201   [6]  0F 00 00 00 05 00
 (1789636059.609583)  can0  201   [6]  0F 00 00 00 05 00
 (1789636059.619576)  can0  201   [6]  0F 00 00 00 05 00
 (1789636059.629576)  can0  201   [6]  0F 00 00 00 05 00
 (1789636059.632061)  can0  181   [8]  27 14 27 44 00 00 30 00
 (1789636059.632262)  can0  281   [5]  03 00 00 00 00
 (1789636059.639582)  can0  201   [6]  0F 00 00 00 05 00
 (1789636059.649573)  can0  201   [6]  0F 00 00 00 05 00
 (1789636059.659582)  can0  201   [6]  0F 00 00 00 05 00
 (1789636059.669575)  can0  201   [6]  0F 00 00 00 05 00
 (1789636059.679581)  can0  201   [6]  0F 00 00 00 05 00
 (1789636059.682008)  can0  181   [8]  27 14 27 44 00 00 35 00
 (1789636059.682209)  can0  281   [5]  03 00 00 00 00
 (1789636059.689574)  can0  201   [6]  0F 00 00 00 05 00
 (1789636059.699575)  can0  201   [6]  0F 00 00 00 05 00
 (1789636059.709581)  can0  201   [6]  0F 00 00 00 05 00
 (1789636059.719573)  can0  201   [6]  0F 00 00 00 05 00
 (1789636059.729581)  can0  201   [6]  0F 00 00 00 05 00
 (1789636059.731955)  can0  181   [8]  27 14 27 44 00 00 2C 00
 (1789636059.732156)  can0  281   [5]  03 00 00 00 00
 (1789636059.739588)  can0  201   [6]  0F 00 00 00 05 00
 (1789636059.749588)  can0  201   [6]  0F 00 00 00 05 00
 (1789636059.759703)  can0  201   [6]  0F 00 00 00 05 00
 (1789636059.765137)  can0  701   [1]  05
 (1789636059.769657)  can0  201   [6]  0F 00 00 00 05 00
 (1789636059.779634)  can0  201   [6]  0F 00 00 00 05 00
 (1789636059.781910)  can0  181   [8]  27 14 27 44 00 00 30 00
 (1789636059.782112)  can0  281   [5]  03 00 00 00 00
 (1789636059.789687)  can0  201   [6]  0F 00 00 00 05 00
 (1789636059.799663)  can0  201   [6]  0F 00 00 00 05 00
 (1789636059.809689)  can0  201   [6]  0F 00 00 00 05 00
 (1789636059.819638)  can0  201   [6]  0F 00 00 00 05 00
 (1789636059.829749)  can0  201   [6]  0F 00 00 00 05 00
 (1789636059.831849)  can0  181   [8]  27 14 27 44 00 00 35 00
 (1789636059.832049)  can0  281   [5]  03 00 00 00 00
 (1789636059.839665)  can0  201   [6]  0F 00 00 00 05 00
 (1789636059.849754)  can0  201   [6]  0F 00 00 00 05 00
 (1789636059.859700)  can0  201   [6]  0F 00 00 00 05 00
 (1789636059.869716)  can0  201   [6]  0F 00 00 00 05 00
 (1789636059.879697)  can0  201   [6]  0F 00 00 00 05 00
 (1789636059.881794)  can0  181   [8]  27 14 27 44 00 00 32 00
 (1789636059.881997)  can0  281   [5]  03 00 00 00 00
 (1789636059.889628)  can0  201   [6]  0F 00 00 00 05 00
 (1789636059.899631)  can0  201   [6]  0F 00 00 00 05 00
 (1789636059.909724)  can0  201   [6]  0F 00 00 00 05 00
 (1789636059.919701)  can0  201   [6]  0F 00 00 00 05 00
 (1789636059.929651)  can0  201   [6]  0F 00 00 00 05 00
 (1789636059.931741)  can0  181   [8]  27 14 27 44 00 00 30 00
 (1789636059.931942)  can0  281   [5]  03 00 00 00 00
 (1789636059.939639)  can0  201   [6]  0F 00 00 00 05 00
 (1789636059.949561)  can0  201   [6]  0F 00 00 00 05 00
 (1789636059.959529)  can0  201   [6]  0F 00 00 00 05 00
 (1789636059.969527)  can0  201   [6]  0F 00 00 00 05 00
 (1789636059.979515)  can0  201   [6]  0F 00 00 00 05 00
 (1789636059.981690)  can0  181   [8]  27 14 27 44 00 00 30 00
 (1789636059.981888)  can0  281   [5]  03 00 00 00 00
 (1789636059.989513)  can0  201   [6]  0F 00 00 00 05 00
 (1789636059.999510)  can0  201   [6]  0F 00 00 00 05 00
 (1789636060.009513)  can0  201   [6]  0F 00 00 00 05 00
 (1789636060.014618)  can0  701   [1]  05
 (1789636060.019513)  can0  201   [6]  0F 00 00 00 05 00
 (1789636060.029512)  can0  201   [6]  0F 00 00 00 05 00
 (1789636060.031580)  can0  181   [8]  27 14 27 44 00 00 30 00
 (1789636060.031837)  can0  281   [5]  03 00 00 00 00
 (1789636060.039511)  can0  201   [6]  0F 00 00 00 05 00
 (1789636060.049508)  can0  201   [6]  0F 00 00 00 05 00
 (1789636060.059513)  can0  201   [6]  0F 00 00 00 05 00
 (1789636060.069586)  can0  201   [6]  0F 00 00 00 05 00
 (1789636060.079582)  can0  201   [6]  0F 00 00 00 05 00
 (1789636060.081577)  can0  181   [8]  27 14 27 44 00 00 34 00
 (1789636060.081780)  can0  281   [5]  03 00 00 00 00
 (1789636060.089522)  can0  201   [6]  0F 00 00 00 05 00
 (1789636060.099515)  can0  201   [6]  0F 00 00 00 05 00
 (1789636060.109511)  can0  201   [6]  0F 00 00 00 05 00
 (1789636060.119538)  can0  201   [6]  0F 00 00 00 05 00
 (1789636060.129516)  can0  201   [6]  0F 00 00 00 05 00
 (1789636060.131527)  can0  181   [8]  27 14 27 44 00 00 2E 00
 (1789636060.131729)  can0  281   [5]  03 00 00 00 00
 (1789636060.139511)  can0  201   [6]  0F 00 00 00 05 00
 (1789636060.149513)  can0  201   [6]  0F 00 00 00 05 00
 (1789636060.159526)  can0  201   [6]  0F 00 00 00 05 00
 (1789636060.169515)  can0  201   [6]  0F 00 00 00 05 00
 (1789636060.179513)  can0  201   [6]  0F 00 00 00 05 00
 (1789636060.181477)  can0  181   [8]  27 14 27 44 00 00 30 00
 (1789636060.181677)  can0  281   [5]  03 00 00 00 00
 (1789636060.189513)  can0  201   [6]  0F 00 00 00 05 00
 (1789636060.199514)  can0  201   [6]  0F 00 00 00 05 00
 (1789636060.209509)  can0  201   [6]  0F 00 00 00 05 00
 (1789636060.219511)  can0  201   [6]  0F 00 00 00 05 00
 (1789636060.229510)  can0  201   [6]  0F 00 00 00 05 00
 (1789636060.231421)  can0  181   [8]  27 14 27 44 00 00 34 00
 (1789636060.231623)  can0  281   [5]  03 00 00 00 00
 (1789636060.239511)  can0  201   [6]  0F 00 00 00 05 00
 (1789636060.249511)  can0  201   [6]  0F 00 00 00 05 00
 (1789636060.259510)  can0  201   [6]  0F 00 00 00 05 00
 (1789636060.264164)  can0  701   [1]  05
 (1789636060.269519)  can0  201   [6]  0F 00 00 00 05 00
 (1789636060.279586)  can0  201   [6]  0F 00 00 00 05 00
 (1789636060.281370)  can0  181   [8]  27 14 27 44 00 00 35 00
 (1789636060.281568)  can0  281   [5]  03 00 00 00 00
 (1789636060.289588)  can0  201   [6]  0F 00 00 00 05 00
 (1789636060.299693)  can0  201   [6]  0F 00 00 00 05 00
 (1789636060.309666)  can0  201   [6]  0F 00 00 00 05 00
 (1789636060.319690)  can0  201   [6]  0F 00 00 00 05 00
 (1789636060.329684)  can0  201   [6]  0F 00 00 00 05 00
 (1789636060.331317)  can0  181   [8]  27 14 27 44 00 00 30 00
 (1789636060.331515)  can0  281   [5]  03 00 00 00 00
 (1789636060.339657)  can0  201   [6]  0F 00 00 00 05 00
 (1789636060.349675)  can0  201   [6]  0F 00 00 00 05 00
 (1789636060.359715)  can0  201   [6]  0F 00 00 00 05 00
 (1789636060.369685)  can0  201   [6]  0F 00 00 00 05 00
 (1789636060.379691)  can0  201   [6]  0F 00 00 00 05 00
 (1789636060.381286)  can0  181   [8]  27 14 27 44 00 00 30 00
 (1789636060.381476)  can0  281   [5]  03 00 00 00 00
 (1789636060.389721)  can0  201   [6]  0F 00 00 00 05 00
 (1789636060.399675)  can0  201   [6]  0F 00 00 00 05 00
 (1789636060.409696)  can0  201   [6]  0F 00 00 00 05 00
 (1789636060.419687)  can0  201   [6]  0F 00 00 00 05 00
 (1789636060.429620)  can0  201   [6]  0F 00 00 00 05 00
 (1789636060.431213)  can0  181   [8]  27 14 27 44 00 00 2F 00
 (1789636060.431352)  can0  281   [5]  03 00 00 00 00
 (1789636060.439620)  can0  201   [6]  0F 00 00 00 05 00
 (1789636060.449723)  can0  201   [6]  0F 00 00 00 05 00
 (1789636060.459675)  can0  201   [6]  0F 00 00 00 05 00
 (1789636060.469636)  can0  201   [6]  0F 00 00 00 05 00
 (1789636060.479661)  can0  201   [6]  0F 00 00 00 05 00
 (1789636060.481153)  can0  181   [8]  27 14 27 44 00 00 33 00
 (1789636060.481357)  can0  281   [5]  03 00 00 00 00
 (1789636060.489620)  can0  201   [6]  0F 00 00 00 05 00
 (1789636060.499680)  can0  201   [6]  0F 00 00 00 05 00
 (1789636060.509580)  can0  201   [6]  0F 00 00 00 05 00
 (1789636060.513714)  can0  701   [1]  05
 (1789636060.519583)  can0  201   [6]  0F 00 00 00 05 00
 (1789636060.529576)  can0  201   [6]  0F 00 00 00 05 00
 (1789636060.531100)  can0  181   [8]  27 14 27 44 00 00 2E 00
 (1789636060.531246)  can0  281   [5]  03 00 00 00 00
 (1789636060.539575)  can0  201   [6]  0F 00 00 00 05 00
 (1789636060.549580)  can0  201   [6]  0F 00 00 00 05 00
 (1789636060.559573)  can0  201   [6]  0F 00 00 00 05 00
 (1789636060.569580)  can0  201   [6]  0F 00 00 00 05 00
 (1789636060.579576)  can0  201   [6]  0F 00 00 00 05 00
 (1789636060.581051)  can0  181   [8]  27 14 27 44 00 00 30 00
 (1789636060.581193)  can0  281   [5]  03 00 00 00 00
 (1789636060.589579)  can0  201   [6]  0F 00 00 00 05 00
 (1789636060.599578)  can0  201   [6]  0F 00 00 00 05 00
 (1789636060.609577)  can0  201   [6]  0F 00 00 00 05 00
 (1789636060.619581)  can0  201   [6]  0F 00 00 00 05 00
 (1789636060.629573)  can0  201   [6]  0F 00 00 00 05 00
 (1789636060.630992)  can0  181   [8]  27 14 27 44 00 00 33 00
 (1789636060.631139)  can0  281   [5]  03 00 00 00 00
 (1789636060.639579)  can0  201   [6]  0F 00 00 00 05 00
 (1789636060.649576)  can0  201   [6]  0F 00 00 00 05 00
 (1789636060.659704)  can0  201   [6]  0F 00 00 00 05 00
 (1789636060.669598)  can0  201   [6]  0F 00 00 00 05 00
 (1789636060.679577)  can0  201   [6]  0F 00 00 00 05 00
 (1789636060.680943)  can0  181   [8]  27 14 27 44 00 00 35 00
 (1789636060.681143)  can0  281   [5]  03 00 00 00 00
 (1789636060.689582)  can0  201   [6]  0F 00 00 00 05 00
 (1789636060.699574)  can0  201   [6]  0F 00 00 00 05 00
 (1789636060.709580)  can0  201   [6]  0F 00 00 00 05 00
 (1789636060.719574)  can0  201   [6]  0F 00 00 00 05 00
 (1789636060.729582)  can0  201   [6]  0F 00 00 00 05 00
 (1789636060.730891)  can0  181   [8]  27 14 27 44 00 00 30 00
 (1789636060.731092)  can0  281   [5]  03 00 00 00 00
 (1789636060.739575)  can0  201   [6]  0F 00 00 00 05 00
 (1789636060.749575)  can0  201   [6]  0F 00 00 00 05 00
 (1789636060.759579)  can0  201   [6]  0F 00 00 00 05 00
 (1789636060.763197)  can0  701   [1]  05
 (1789636060.769576)  can0  201   [6]  0F 00 00 00 05 00
 (1789636060.779580)  can0  201   [6]  0F 00 00 00 05 00
 (1789636060.780830)  can0  181   [8]  27 14 27 44 00 00 33 00
 (1789636060.780981)  can0  281   [5]  03 00 00 00 00
 (1789636060.789574)  can0  201   [6]  0F 00 00 00 05 00
 (1789636060.799582)  can0  201   [6]  0F 00 00 00 05 00
 (1789636060.809575)  can0  201   [6]  0F 00 00 00 05 00
 (1789636060.819581)  can0  201   [6]  0F 00 00 00 05 00
 (1789636060.829587)  can0  201   [6]  0F 00 00 00 05 00
 (1789636060.830789)  can0  181   [8]  27 14 27 44 00 00 2C 00
 (1789636060.830982)  can0  281   [5]  03 00 00 00 00
 (1789636060.839683)  can0  201   [6]  0F 00 00 00 05 00
 (1789636060.849656)  can0  201   [6]  0F 00 00 00 05 00
 (1789636060.859636)  can0  201   [6]  0F 00 00 00 05 00
 (1789636060.869637)  can0  201   [6]  0F 00 00 00 05 00
 (1789636060.879608)  can0  201   [6]  0F 00 00 00 05 00
 (1789636060.880726)  can0  181   [8]  27 14 27 44 00 00 33 00
 (1789636060.880929)  can0  281   [5]  03 00 00 00 00
 (1789636060.889642)  can0  201   [6]  0F 00 00 00 05 00
 (1789636060.899585)  can0  201   [6]  0F 00 00 00 05 00
 (1789636060.909575)  can0  201   [6]  0F 00 00 00 05 00
 (1789636060.919581)  can0  201   [6]  0F 00 00 00 05 00
 (1789636060.929577)  can0  201   [6]  0F 00 00 00 05 00
 (1789636060.930678)  can0  181   [8]  27 14 27 44 00 00 2E 00
 (1789636060.930880)  can0  281   [5]  03 00 00 00 00
 (1789636060.939581)  can0  201   [6]  0F 00 00 00 05 00
 (1789636060.949573)  can0  201   [6]  0F 00 00 00 05 00
 (1789636060.959574)  can0  201   [6]  0F 00 00 00 05 00
 (1789636060.969579)  can0  201   [6]  0F 00 00 00 05 00
 (1789636060.979578)  can0  201   [6]  0F 00 00 00 05 00
 (1789636060.980622)  can0  181   [8]  27 14 27 44 00 00 2F 00
 (1789636060.980767)  can0  281   [5]  03 00 00 00 00
 (1789636060.989580)  can0  201   [6]  0F 00 00 00 05 00
 (1789636060.999575)  can0  201   [6]  0F 00 00 00 05 00
 (1789636061.009581)  can0  201   [6]  0F 00 00 00 05 00
 (1789636061.012744)  can0  701   [1]  05
 (1789636061.019575)  can0  201   [6]  0F 00 00 00 05 00
 (1789636061.029575)  can0  201   [6]  0F 00 00 00 05 00
 (1789636061.030565)  can0  181   [8]  27 14 27 44 00 00 33 00
 (1789636061.030769)  can0  281   [5]  03 00 00 00 00
 (1789636061.039579)  can0  201   [6]  0F 00 00 00 05 00
 (1789636061.049702)  can0  201   [6]  0F 00 00 00 05 00
 (1789636061.059603)  can0  201   [6]  0F 00 00 00 05 00
 (1789636061.069576)  can0  201   [6]  0F 00 00 00 05 00
 (1789636061.079581)  can0  201   [6]  0F 00 00 00 05 00
 (1789636061.080515)  can0  181   [8]  27 14 27 44 00 00 37 00
 (1789636061.080718)  can0  281   [5]  03 00 00 00 00
 (1789636061.089574)  can0  201   [6]  0F 00 00 00 05 00
 (1789636061.099577)  can0  201   [6]  0F 00 00 00 05 00
 (1789636061.109581)  can0  201   [6]  0F 00 00 00 05 00
 (1789636061.119575)  can0  201   [6]  0F 00 00 00 05 00
 (1789636061.129582)  can0  201   [6]  0F 00 00 00 05 00
 (1789636061.130461)  can0  181   [8]  27 14 27 44 00 00 2E 00
 (1789636061.130664)  can0  281   [5]  03 00 00 00 00
 (1789636061.139575)  can0  201   [6]  0F 00 00 00 05 00
 (1789636061.149581)  can0  201   [6]  0F 00 00 00 05 00
 (1789636061.159577)  can0  201   [6]  0F 00 00 00 05 00
 (1789636061.169575)  can0  201   [6]  0F 00 00 00 05 00
 (1789636061.179579)  can0  201   [6]  0F 00 00 00 05 00
 (1789636061.180408)  can0  181   [8]  27 14 27 44 00 00 34 00
 (1789636061.180610)  can0  281   [5]  03 00 00 00 00
 (1789636061.189577)  can0  201   [6]  0F 00 00 00 05 00
 (1789636061.199582)  can0  201   [6]  0F 00 00 00 05 00
 (1789636061.209579)  can0  201   [6]  0F 00 00 00 05 00
 (1789636061.219654)  can0  201   [6]  0F 00 00 00 05 00
 (1789636061.229652)  can0  201   [6]  0F 00 00 00 05 00
 (1789636061.230356)  can0  181   [8]  27 14 27 44 00 00 2C 00
 (1789636061.230556)  can0  281   [5]  03 00 00 00 00
 (1789636061.239616)  can0  201   [6]  0F 00 00 00 05 00
 (1789636061.249710)  can0  201   [6]  0F 00 00 00 05 00
 (1789636061.259673)  can0  201   [6]  0F 00 00 00 05 00
 (1789636061.262289)  can0  701   [1]  05
 (1789636061.269693)  can0  201   [6]  0F 00 00 00 05 00
 (1789636061.279638)  can0  201   [6]  0F 00 00 00 05 00
 (1789636061.280363)  can0  181   [8]  27 14 27 44 00 00 33 00
 (1789636061.280566)  can0  281   [5]  03 00 00 00 00
 (1789636061.289731)  can0  201   [6]  0F 00 00 00 05 00
 (1789636061.299639)  can0  201   [6]  0F 00 00 00 05 00
 (1789636061.309756)  can0  201   [6]  0F 00 00 00 05 00
 (1789636061.319710)  can0  201   [6]  0F 00 00 00 05 00
 (1789636061.329710)  can0  201   [6]  0F 00 00 00 05 00
 (1789636061.330311)  can0  181   [8]  27 14 27 44 00 00 2F 00
 (1789636061.330511)  can0  281   [5]  03 00 00 00 00
 (1789636061.339700)  can0  201   [6]  0F 00 00 00 05 00
 (1789636061.349626)  can0  201   [6]  0F 00 00 00 05 00
 (1789636061.359624)  can0  201   [6]  0F 00 00 00 05 00
 (1789636061.369725)  can0  201   [6]  0F 00 00 00 05 00
 (1789636061.379669)  can0  201   [6]  0F 00 00 00 05 00
 (1789636061.380259)  can0  181   [8]  27 14 27 44 00 00 2E 00
 (1789636061.380402)  can0  281   [5]  03 00 00 00 00
 (1789636061.389656)  can0  201   [6]  0F 00 00 00 05 00
 (1789636061.399631)  can0  201   [6]  0F 00 00 00 05 00
 (1789636061.409636)  can0  201   [6]  0F 00 00 00 05 00
 (1789636061.419619)  can0  201   [6]  0F 00 00 00 05 00
 (1789636061.429630)  can0  201   [6]  0F 00 00 00 05 00
 (1789636061.430203)  can0  181   [8]  27 14 27 44 00 00 31 00
 (1789636061.430408)  can0  281   [5]  03 00 00 00 00
 (1789636061.439577)  can0  201   [6]  0F 00 00 00 05 00
 (1789636061.449576)  can0  201   [6]  0F 00 00 00 05 00
 (1789636061.459581)  can0  201   [6]  0F 00 00 00 05 00
 (1789636061.469574)  can0  201   [6]  0F 00 00 00 05 00
 (1789636061.479580)  can0  201   [6]  0F 00 00 00 05 00
 (1789636061.480151)  can0  181   [8]  27 14 27 44 00 00 36 00
 (1789636061.480354)  can0  281   [5]  03 00 00 00 00
 (1789636061.489575)  can0  201   [6]  0F 00 00 00 05 00
 (1789636061.499582)  can0  201   [6]  0F 00 00 00 05 00
 (1789636061.509573)  can0  201   [6]  0F 00 00 00 05 00
 (1789636061.511834)  can0  701   [1]  05
 (1789636061.519575)  can0  201   [6]  0F 00 00 00 05 00
 (1789636061.529577)  can0  201   [6]  0F 00 00 00 05 00
 (1789636061.530099)  can0  181   [8]  27 14 27 44 00 00 30 00
 (1789636061.530301)  can0  281   [5]  03 00 00 00 00
 (1789636061.539576)  can0  201   [6]  0F 00 00 00 05 00
 (1789636061.549579)  can0  201   [6]  0F 00 00 00 05 00
 (1789636061.559574)  can0  201   [6]  0F 00 00 00 05 00
 (1789636061.569581)  can0  201   [6]  0F 00 00 00 05 00
 (1789636061.579987)  can0  201   [6]  0F 00 00 00 05 00
 (1789636061.580140)  can0  181   [8]  27 14 27 44 00 00 34 00
 (1789636061.580329)  can0  281   [5]  03 00 00 00 00
 (1789636061.589596)  can0  201   [6]  0F 00 00 00 05 00
 (1789636061.599587)  can0  201   [6]  0F 00 00 00 05 00
 (1789636061.609576)  can0  201   [6]  0F 00 00 00 05 00
 (1789636061.619580)  can0  201   [6]  0F 00 00 00 05 00
 (1789636061.629575)  can0  201   [6]  0F 00 00 00 05 00
 (1789636061.629991)  can0  181   [8]  27 14 27 44 00 00 2C 00
 (1789636061.630319)  can0  281   [5]  03 00 00 00 00
 (1789636061.639581)  can0  201   [6]  0F 00 00 00 05 00
 (1789636061.649574)  can0  201   [6]  0F 00 00 00 05 00
 (1789636061.659575)  can0  201   [6]  0F 00 00 00 05 00
 (1789636061.669581)  can0  201   [6]  0F 00 00 00 05 00
 (1789636061.679575)  can0  201   [6]  0F 00 00 00 05 00
 (1789636061.679938)  can0  181   [8]  27 14 27 44 00 00 33 00
 (1789636061.680265)  can0  281   [5]  03 00 00 00 00
 (1789636061.689530)  can0  201   [6]  0F 00 00 00 05 00
 (1789636061.699516)  can0  201   [6]  0F 00 00 00 05 00
 (1789636061.709514)  can0  201   [6]  0F 00 00 00 05 00
 (1789636061.719511)  can0  201   [6]  0F 00 00 00 05 00
 (1789636061.729513)  can0  201   [6]  0F 00 00 00 05 00
 (1789636061.729949)  can0  181   [8]  27 14 27 44 00 00 2F 00
 (1789636061.730214)  can0  281   [5]  03 00 00 00 00
 (1789636061.739514)  can0  201   [6]  0F 00 00 00 05 00
 (1789636061.749512)  can0  201   [6]  0F 00 00 00 05 00
 (1789636061.759541)  can0  201   [6]  0F 00 00 00 05 00
 (1789636061.761385)  can0  701   [1]  05
 (1789636061.769521)  can0  201   [6]  0F 00 00 00 05 00
 (1789636061.779522)  can0  201   [6]  0F 00 00 00 05 00
 (1789636061.779895)  can0  181   [8]  27 14 27 44 00 00 2E 00
 (1789636061.780157)  can0  281   [5]  03 00 00 00 00
 (1789636061.789523)  can0  201   [6]  0F 00 00 00 05 00
 (1789636061.799611)  can0  201   [6]  0F 00 00 00 05 00
 (1789636061.809763)  can0  201   [6]  0F 00 00 00 05 00
 (1789636061.819603)  can0  201   [6]  0F 00 00 00 05 00
 (1789636061.829586)  can0  201   [6]  0F 00 00 00 05 00
 (1789636061.829905)  can0  181   [8]  27 14 27 44 00 00 31 00
 (1789636061.830106)  can0  281   [5]  03 00 00 00 00
 (1789636061.839578)  can0  201   [6]  0F 00 00 00 05 00
 (1789636061.849580)  can0  201   [6]  0F 00 00 00 05 00
 (1789636061.859577)  can0  201   [6]  0F 00 00 00 05 00
 (1789636061.869574)  can0  201   [6]  0F 00 00 00 05 00
 (1789636061.879581)  can0  201   [6]  0F 00 00 00 05 00
 (1789636061.879826)  can0  181   [8]  27 14 27 44 00 00 35 00
 (1789636061.880053)  can0  281   [5]  03 00 00 00 00
 (1789636061.889574)  can0  201   [6]  0F 00 00 00 05 00
 (1789636061.899580)  can0  201   [6]  0F 00 00 00 05 00
 (1789636061.909575)  can0  201   [6]  0F 00 00 00 05 00
 (1789636061.919580)  can0  201   [6]  0F 00 00 00 05 00
 (1789636061.929574)  can0  201   [6]  0F 00 00 00 05 00
 (1789636061.929816)  can0  181   [8]  27 14 27 44 00 00 31 00
 (1789636061.930008)  can0  281   [5]  03 00 00 00 00
 (1789636061.939575)  can0  201   [6]  0F 00 00 00 05 00
 (1789636061.949579)  can0  201   [6]  0F 00 00 00 05 00
 (1789636061.959575)  can0  201   [6]  0F 00 00 00 05 00
 (1789636061.969704)  can0  201   [6]  0F 00 00 00 05 00
 (1789636061.979598)  can0  201   [6]  0F 00 00 00 05 00
 (1789636061.979847)  can0  181   [8]  27 14 27 44 00 00 35 00
 (1789636061.980033)  can0  281   [5]  03 00 00 00 00
 (1789636061.989582)  can0  201   [6]  0F 00 00 00 05 00
 (1789636061.999576)  can0  201   [6]  0F 00 00 00 05 00
 (1789636062.009529)  can0  201   [6]  0F 00 00 00 05 00
 (1789636062.010866)  can0  701   [1]  05
 (1789636062.019517)  can0  201   [6]  0F 00 00 00 05 00
 (1789636062.029511)  can0  201   [6]  0F 00 00 00 05 00
 (1789636062.029755)  can0  181   [8]  27 14 27 44 00 00 2B 00
 (1789636062.029947)  can0  281   [5]  03 00 00 00 00
 (1789636062.039513)  can0  201   [6]  0F 00 00 00 05 00
 (1789636062.049512)  can0  201   [6]  0F 00 00 00 05 00
 (1789636062.059518)  can0  201   [6]  0F 00 00 00 05 00
 (1789636062.069513)  can0  201   [6]  0F 00 00 00 05 00
 (1789636062.079512)  can0  201   [6]  0F 00 00 00 05 00
 (1789636062.079752)  can0  181   [8]  27 14 27 44 00 00 33 00
 (1789636062.079944)  can0  281   [5]  03 00 00 00 00
 (1789636062.089514)  can0  201   [6]  0F 00 00 00 05 00
 (1789636062.099512)  can0  201   [6]  0F 00 00 00 05 00
 (1789636062.109514)  can0  201   [6]  0F 00 00 00 05 00
 (1789636062.119511)  can0  201   [6]  0F 00 00 00 05 00
 (1789636062.129517)  can0  181   [8]  27 14 27 44 00 00 31 00
 (1789636062.129725)  can0  201   [6]  0F 00 00 00 05 00
 (1789636062.129924)  can0  281   [5]  03 00 00 00 00
 (1789636062.139516)  can0  201   [6]  0F 00 00 00 05 00
 (1789636062.149541)  can0  201   [6]  0F 00 00 00 05 00
 (1789636062.159520)  can0  201   [6]  0F 00 00 00 05 00
 (1789636062.169538)  can0  201   [6]  0F 00 00 00 05 00
 (1789636062.179470)  can0  181   [8]  27 14 27 44 00 00 2C 00
 (1789636062.179675)  can0  201   [6]  0F 00 00 00 05 00
 (1789636062.179871)  can0  281   [5]  03 00 00 00 00
 (1789636062.189532)  can0  201   [6]  0F 00 00 00 05 00
 (1789636062.199524)  can0  201   [6]  0F 00 00 00 05 00
 (1789636062.209582)  can0  201   [6]  0F 00 00 00 05 00
 (1789636062.219517)  can0  201   [6]  0F 00 00 00 05 00
 (1789636062.229438)  can0  181   [8]  27 14 27 44 00 00 30 00
 (1789636062.229623)  can0  201   [6]  0F 00 00 00 05 00
 (1789636062.229820)  can0  281   [5]  03 00 00 00 00
 (1789636062.239532)  can0  201   [6]  0F 00 00 00 05 00
 (1789636062.249528)  can0  201   [6]  0F 00 00 00 05 00
 (1789636062.259536)  can0  201   [6]  0F 00 00 00 05 00
 (1789636062.260412)  can0  701   [1]  05
 (1789636062.269534)  can0  201   [6]  0F 00 00 00 05 00
 (1789636062.279362)  can0  181   [8]  27 14 27 44 00 00 34 00
 (1789636062.279568)  can0  201   [6]  0F 00 00 00 05 00
 (1789636062.279767)  can0  281   [5]  03 00 00 00 00
 (1789636062.289535)  can0  201   [6]  0F 00 00 00 05 00
 (1789636062.299537)  can0  201   [6]  0F 00 00 00 05 00
 (1789636062.309540)  can0  201   [6]  0F 00 00 00 05 00
 (1789636062.319526)  can0  201   [6]  0F 00 00 00 05 00
 (1789636062.329310)  can0  181   [8]  27 14 27 44 00 00 31 00
 (1789636062.329525)  can0  201   [6]  0F 00 00 00 05 00
 (1789636062.329724)  can0  281   [5]  03 00 00 00 00
 (1789636062.339519)  can0  201   [6]  0F 00 00 00 05 00
 (1789636062.349529)  can0  201   [6]  0F 00 00 00 05 00
 (1789636062.359515)  can0  201   [6]  0F 00 00 00 05 00
 (1789636062.369513)  can0  201   [6]  0F 00 00 00 05 00
 (1789636062.379253)  can0  181   [8]  27 14 27 44 00 00 36 00
 (1789636062.379511)  can0  201   [6]  0F 00 00 00 05 00
 (1789636062.379708)  can0  281   [5]  03 00 00 00 00
 (1789636062.389514)  can0  201   [6]  0F 00 00 00 05 00
 (1789636062.399512)  can0  201   [6]  0F 00 00 00 05 00
 (1789636062.409512)  can0  201   [6]  0F 00 00 00 05 00
 (1789636062.419514)  can0  201   [6]  0F 00 00 00 05 00
 (1789636062.429200)  can0  181   [8]  27 14 27 44 00 00 2C 00
 (1789636062.429466)  can0  281   [5]  03 00 00 00 00
 (1789636062.429675)  can0  201   [6]  0F 00 00 00 05 00
 (1789636062.439514)  can0  201   [6]  0F 00 00 00 05 00
 (1789636062.449512)  can0  201   [6]  0F 00 00 00 05 00
 (1789636062.459514)  can0  201   [6]  0F 00 00 00 05 00
 (1789636062.469511)  can0  201   [6]  0F 00 00 00 05 00
 (1789636062.479149)  can0  181   [8]  27 14 27 44 00 00 32 00
 (1789636062.479412)  can0  281   [5]  03 00 00 00 00
 (1789636062.479621)  can0  201   [6]  0F 00 00 00 05 00
 (1789636062.489512)  can0  201   [6]  0F 00 00 00 05 00
 (1789636062.499513)  can0  201   [6]  0F 00 00 00 05 00
 (1789636062.509538)  can0  201   [6]  0F 00 00 00 05 00
 (1789636062.509958)  can0  701   [1]  05
 (1789636062.519517)  can0  201   [6]  0F 00 00 00 05 00
 (1789636062.529092)  can0  181   [8]  27 14 27 44 00 00 33 00
 (1789636062.529360)  can0  281   [5]  03 00 00 00 00
 (1789636062.529567)  can0  201   [6]  0F 00 00 00 05 00
 (1789636062.539514)  can0  201   [6]  0F 00 00 00 05 00
 (1789636062.549514)  can0  201   [6]  0F 00 00 00 05 00
 (1789636062.559589)  can0  201   [6]  0F 00 00 00 05 00
 (1789636062.569575)  can0  201   [6]  0F 00 00 00 05 00
 (1789636062.579042)  can0  181   [8]  27 14 27 44 00 00 2C 00
 (1789636062.579308)  can0  281   [5]  03 00 00 00 00
 (1789636062.579515)  can0  201   [6]  0F 00 00 00 05 00
 (1789636062.589575)  can0  201   [6]  0F 00 00 00 05 00
 (1789636062.599579)  can0  201   [6]  0F 00 00 00 05 00
 (1789636062.609576)  can0  201   [6]  0F 00 00 00 05 00
 (1789636062.619579)  can0  201   [6]  0F 00 00 00 05 00
 (1789636062.628990)  can0  181   [8]  27 14 27 44 00 00 30 00
 (1789636062.629255)  can0  281   [5]  03 00 00 00 00
 (1789636062.629463)  can0  201   [6]  0F 00 00 00 05 00
 (1789636062.639575)  can0  201   [6]  0F 00 00 00 05 00
 (1789636062.649580)  can0  201   [6]  0F 00 00 00 05 00
 (1789636062.659579)  can0  201   [6]  0F 00 00 00 05 00
 (1789636062.669588)  can0  201   [6]  0F 00 00 00 05 00
 (1789636062.678935)  can0  181   [8]  27 14 27 44 00 00 34 00
 (1789636062.679200)  can0  281   [5]  03 00 00 00 00
 (1789636062.679411)  can0  201   [6]  0F 00 00 00 05 00
 (1789636062.689665)  can0  201   [6]  0F 00 00 00 05 00
 (1789636062.699624)  can0  201   [6]  0F 00 00 00 05 00
 (1789636062.709706)  can0  201   [6]  0F 00 00 00 05 00
 (1789636062.719671)  can0  201   [6]  0F 00 00 00 05 00
 (1789636062.728893)  can0  181   [8]  27 14 27 44 00 00 30 00
 (1789636062.729148)  can0  281   [5]  03 00 00 00 00
 (1789636062.729371)  can0  201   [6]  0F 00 00 00 05 00
 (1789636062.739639)  can0  201   [6]  0F 00 00 00 05 00
 (1789636062.749748)  can0  201   [6]  0F 00 00 00 05 00
 (1789636062.759446)  can0  701   [1]  05
 (1789636062.759652)  can0  201   [6]  0F 00 00 00 05 00
 (1789636062.769768)  can0  201   [6]  0F 00 00 00 05 00
 (1789636062.778838)  can0  181   [8]  27 14 27 44 00 00 35 00
 (1789636062.779095)  can0  281   [5]  03 00 00 00 00
 (1789636062.779319)  can0  201   [6]  0F 00 00 00 05 00
 (1789636062.789721)  can0  201   [6]  0F 00 00 00 05 00
 (1789636062.799686)  can0  201   [6]  0F 00 00 00 05 00
 (1789636062.809658)  can0  201   [6]  0F 00 00 00 05 00
 (1789636062.819632)  can0  201   [6]  0F 00 00 00 05 00
 (1789636062.828788)  can0  181   [8]  27 14 27 44 00 00 2E 00
 (1789636062.829043)  can0  281   [5]  03 00 00 00 00
 (1789636062.829314)  can0  201   [6]  0F 00 00 00 05 00
 (1789636062.839681)  can0  201   [6]  0F 00 00 00 05 00
 (1789636062.849666)  can0  201   [6]  0F 00 00 00 05 00
 (1789636062.859642)  can0  201   [6]  0F 00 00 00 05 00
 (1789636062.869628)  can0  201   [6]  0F 00 00 00 05 00
 (1789636062.878725)  can0  181   [8]  27 14 27 44 00 00 32 00
 (1789636062.878985)  can0  281   [5]  03 00 00 00 00
 (1789636062.879206)  can0  201   [6]  0F 00 00 00 05 00
 (1789636062.889635)  can0  201   [6]  0F 00 00 00 05 00
 (1789636062.899589)  can0  201   [6]  0F 00 00 00 05 00
 (1789636062.909576)  can0  201   [6]  0F 00 00 00 05 00
 (1789636062.919574)  can0  201   [6]  0F 00 00 00 05 00
 (1789636062.928669)  can0  181   [8]  27 14 27 44 00 00 34 00
 (1789636062.928934)  can0  281   [5]  03 00 00 00 00
 (1789636062.929307)  can0  201   [6]  0F 00 00 00 05 00
 (1789636062.939575)  can0  201   [6]  0F 00 00 00 05 00
 (1789636062.949581)  can0  201   [6]  0F 00 00 00 05 00
 (1789636062.959575)  can0  201   [6]  0F 00 00 00 05 00
 (1789636062.969582)  can0  201   [6]  0F 00 00 00 05 00
 (1789636062.978616)  can0  181   [8]  27 14 27 44 00 00 2C 00
 (1789636062.978881)  can0  281   [5]  03 00 00 00 00
 (1789636062.979247)  can0  201   [6]  0F 00 00 00 05 00
 (1789636062.989575)  can0  201   [6]  0F 00 00 00 05 00
 (1789636062.999580)  can0  201   [6]  0F 00 00 00 05 00
 (1789636063.008990)  can0  701   [1]  05
 (1789636063.009354)  can0  201   [6]  0F 00 00 00 05 00
 (1789636063.019580)  can0  201   [6]  0F 00 00 00 05 00
 (1789636063.028561)  can0  181   [8]  27 14 27 44 00 00 30 00
 (1789636063.028827)  can0  281   [5]  03 00 00 00 00
 (1789636063.029190)  can0  201   [6]  0F 00 00 00 05 00
 (1789636063.039771)  can0  201   [6]  0F 00 00 00 05 00
 (1789636063.049600)  can0  201   [6]  0F 00 00 00 05 00
 (1789636063.059578)  can0  201   [6]  0F 00 00 00 05 00
 (1789636063.069582)  can0  201   [6]  0F 00 00 00 05 00
 (1789636063.078511)  can0  181   [8]  27 14 27 44 00 00 34 00
 (1789636063.078773)  can0  281   [5]  03 00 00 00 00
 (1789636063.079166)  can0  201   [6]  0F 00 00 00 05 00
 (1789636063.089581)  can0  201   [6]  0F 00 00 00 05 00
 (1789636063.099576)  can0  201   [6]  0F 00 00 00 05 00
 (1789636063.109579)  can0  201   [6]  0F 00 00 00 05 00
 (1789636063.119576)  can0  201   [6]  0F 00 00 00 05 00
 (1789636063.128456)  can0  181   [8]  27 14 27 44 00 00 30 00
 (1789636063.128718)  can0  281   [5]  03 00 00 00 00
 (1789636063.129578)  can0  201   [6]  0F 00 00 00 05 00
 (1789636063.139583)  can0  201   [6]  0F 00 00 00 05 00
 (1789636063.149576)  can0  201   [6]  0F 00 00 00 05 00
 (1789636063.159579)  can0  201   [6]  0F 00 00 00 05 00
 (1789636063.169576)  can0  201   [6]  0F 00 00 00 05 00
 (1789636063.178401)  can0  181   [8]  27 14 27 44 00 00 33 00
 (1789636063.178667)  can0  281   [5]  03 00 00 00 00
 (1789636063.179580)  can0  201   [6]  0F 00 00 00 05 00
 (1789636063.189577)  can0  201   [6]  0F 00 00 00 05 00
 (1789636063.199589)  can0  201   [6]  0F 00 00 00 05 00
 (1789636063.209589)  can0  201   [6]  0F 00 00 00 05 00
 (1789636063.219656)  can0  201   [6]  0F 00 00 00 05 00
 (1789636063.228352)  can0  181   [8]  27 14 27 44 00 00 2E 00
 (1789636063.228613)  can0  281   [5]  03 00 00 00 00
 (1789636063.229639)  can0  201   [6]  0F 00 00 00 05 00
 (1789636063.239623)  can0  201   [6]  0F 00 00 00 05 00
 (1789636063.249715)  can0  201   [6]  0F 00 00 00 05 00
 (1789636063.258538)  can0  701   [1]  05
 (1789636063.259660)  can0  201   [6]  0F 00 00 00 05 00
 (1789636063.269684)  can0  201   [6]  0F 00 00 00 05 00
 (1789636063.278245)  can0  181   [8]  27 14 27 44 00 00 33 00
 (1789636063.278560)  can0  281   [5]  03 00 00 00 00
 (1789636063.279643)  can0  201   [6]  0F 00 00 00 05 00
 (1789636063.289612)  can0  201   [6]  0F 00 00 00 05 00
 (1789636063.299550)  can0  201   [6]  0F 00 00 00 05 00
 (1789636063.309550)  can0  201   [6]  0F 00 00 00 05 00
 (1789636063.319536)  can0  201   [6]  0F 00 00 00 05 00
 (1789636063.328247)  can0  181   [8]  27 14 27 44 00 00 35 00
 (1789636063.328506)  can0  281   [5]  03 00 00 00 00
 (1789636063.329535)  can0  201   [6]  0F 00 00 00 05 00
 (1789636063.339538)  can0  201   [6]  0F 00 00 00 05 00
 (1789636063.349526)  can0  201   [6]  0F 00 00 00 05 00
 (1789636063.359525)  can0  201   [6]  0F 00 00 00 05 00
 (1789636063.369577)  can0  201   [6]  0F 00 00 00 05 00
 (1789636063.378195)  can0  181   [8]  27 14 27 44 00 00 2B 00
 (1789636063.378455)  can0  281   [5]  03 00 00 00 00
 (1789636063.379532)  can0  201   [6]  0F 00 00 00 05 00
 (1789636063.389527)  can0  201   [6]  0F 00 00 00 05 00
 (1789636063.399525)  can0  201   [6]  0F 00 00 00 05 00
 (1789636063.409519)  can0  201   [6]  0F 00 00 00 05 00
 (1789636063.419523)  can0  201   [6]  0F 00 00 00 05 00
 (1789636063.428142)  can0  181   [8]  27 14 27 44 00 00 30 00
 (1789636063.428402)  can0  281   [5]  03 00 00 00 00
 (1789636063.429520)  can0  201   [6]  0F 00 00 00 05 00
 (1789636063.439514)  can0  201   [6]  0F 00 00 00 05 00
 (1789636063.449512)  can0  201   [6]  0F 00 00 00 05 00
 (1789636063.459513)  can0  201   [6]  0F 00 00 00 05 00
 (1789636063.469511)  can0  201   [6]  0F 00 00 00 05 00
 (1789636063.478083)  can0  181   [8]  27 14 27 44 00 00 35 00
 (1789636063.478347)  can0  281   [5]  03 00 00 00 00
 (1789636063.479515)  can0  201   [6]  0F 00 00 00 05 00
 (1789636063.489514)  can0  201   [6]  0F 00 00 00 05 00
 (1789636063.499513)  can0  201   [6]  0F 00 00 00 05 00
 (1789636063.508021)  can0  701   [1]  05
 (1789636063.509513)  can0  201   [6]  0F 00 00 00 05 00
 (1789636063.519513)  can0  201   [6]  0F 00 00 00 05 00
 (1789636063.528029)  can0  181   [8]  27 14 27 44 00 00 2F 00
 (1789636063.528297)  can0  281   [5]  03 00 00 00 00
 (1789636063.529514)  can0  201   [6]  0F 00 00 00 05 00
 (1789636063.539508)  can0  201   [6]  0F 00 00 00 05 00
 (1789636063.549509)  can0  201   [6]  0F 00 00 00 05 00
 (1789636063.559513)  can0  201   [6]  0F 00 00 00 05 00
 (1789636063.569509)  can0  201   [6]  0F 00 00 00 05 00
 (1789636063.578047)  can0  181   [8]  27 14 27 44 00 00 33 00
 (1789636063.578260)  can0  281   [5]  03 00 00 00 00
 (1789636063.579624)  can0  201   [6]  0F 00 00 00 05 00
 (1789636063.589582)  can0  201   [6]  0F 00 00 00 05 00
 (1789636063.599580)  can0  201   [6]  0F 00 00 00 05 00
 (1789636063.609575)  can0  201   [6]  0F 00 00 00 05 00
 (1789636063.619576)  can0  201   [6]  0F 00 00 00 05 00
 (1789636063.627922)  can0  181   [8]  27 14 27 44 00 00 2E 00
 (1789636063.628130)  can0  281   [5]  03 00 00 00 00
 (1789636063.629582)  can0  201   [6]  0F 00 00 00 05 00
 (1789636063.639576)  can0  201   [6]  0F 00 00 00 05 00
 (1789636063.649582)  can0  201   [6]  0F 00 00 00 05 00
 (1789636063.659575)  can0  201   [6]  0F 00 00 00 05 00
 (1789636063.669582)  can0  201   [6]  0F 00 00 00 05 00
 (1789636063.677870)  can0  181   [8]  27 14 27 44 00 00 32 00
 (1789636063.678077)  can0  281   [5]  03 00 00 00 00
 (1789636063.679575)  can0  201   [6]  0F 00 00 00 05 00
 (1789636063.689573)  can0  201   [6]  0F 00 00 00 05 00
 (1789636063.699580)  can0  201   [6]  0F 00 00 00 05 00
 (1789636063.709575)  can0  201   [6]  0F 00 00 00 05 00
 (1789636063.719583)  can0  201   [6]  0F 00 00 00 05 00
 (1789636063.727817)  can0  181   [8]  27 14 27 44 00 00 36 00
 (1789636063.728082)  can0  281   [5]  03 00 00 00 00
 (1789636063.729576)  can0  201   [6]  0F 00 00 00 05 00
 (1789636063.739598)  can0  201   [6]  0F 00 00 00 05 00
 (1789636063.749585)  can0  201   [6]  0F 00 00 00 05 00
 (1789636063.757584)  can0  701   [1]  05
 (1789636063.759667)  can0  201   [6]  0F 00 00 00 05 00
 (1789636063.769627)  can0  201   [6]  0F 00 00 00 05 00
 (1789636063.777774)  can0  181   [8]  27 14 27 44 00 00 2A 00
 (1789636063.778033)  can0  281   [5]  03 00 00 00 00
 (1789636063.779687)  can0  201   [6]  0F 00 00 00 05 00
 (1789636063.789668)  can0  201   [6]  0F 00 00 00 05 00
 (1789636063.799659)  can0  201   [6]  0F 00 00 00 05 00
 (1789636063.809658)  can0  201   [6]  0F 00 00 00 05 00
 (1789636063.819783)  can0  201   [6]  0F 00 00 00 05 00
 (1789636063.827718)  can0  181   [8]  27 14 27 44 00 00 30 00
 (1789636063.827975)  can0  281   [5]  03 00 00 00 00
 (1789636063.829663)  can0  201   [6]  0F 00 00 00 05 00
 (1789636063.839685)  can0  201   [6]  0F 00 00 00 05 00
 (1789636063.849705)  can0  201   [6]  0F 00 00 00 05 00
 (1789636063.859684)  can0  201   [6]  0F 00 00 00 05 00
 (1789636063.869687)  can0  201   [6]  0F 00 00 00 05 00
 (1789636063.877664)  can0  181   [8]  27 14 27 44 00 00 35 00
 (1789636063.877864)  can0  281   [5]  03 00 00 00 00
 (1789636063.879684)  can0  201   [6]  0F 00 00 00 05 00
 (1789636063.889618)  can0  201   [6]  0F 00 00 00 05 00
 (1789636063.899624)  can0  201   [6]  0F 00 00 00 05 00
 (1789636063.909737)  can0  201   [6]  0F 00 00 00 05 00
 (1789636063.919677)  can0  201   [6]  0F 00 00 00 05 00
 (1789636063.927605)  can0  181   [8]  27 14 27 44 00 00 31 00
 (1789636063.927811)  can0  281   [5]  03 00 00 00 00
 (1789636063.929642)  can0  201   [6]  0F 00 00 00 05 00
 (1789636063.939650)  can0  201   [6]  0F 00 00 00 05 00
 (1789636063.949629)  can0  201   [6]  0F 00 00 00 05 00
 (1789636063.959662)  can0  201   [6]  0F 00 00 00 05 00
 (1789636063.969586)  can0  201   [6]  0F 00 00 00 05 00
 (1789636063.977549)  can0  181   [8]  27 14 27 44 00 00 31 00
 (1789636063.977757)  can0  281   [5]  03 00 00 00 00
 (1789636063.979584)  can0  201   [6]  0F 00 00 00 05 00
 (1789636063.989577)  can0  201   [6]  0F 00 00 00 05 00
 (1789636063.999580)  can0  201   [6]  0F 00 00 00 05 00
 (1789636064.007062)  can0  701   [1]  05
 (1789636064.009576)  can0  201   [6]  0F 00 00 00 05 00
 (1789636064.019581)  can0  201   [6]  0F 00 00 00 05 00
 (1789636064.027501)  can0  181   [8]  27 14 27 44 00 00 2F 00
 (1789636064.027705)  can0  281   [5]  03 00 00 00 00
 (1789636064.029575)  can0  201   [6]  0F 00 00 00 05 00
 (1789636064.039576)  can0  201   [6]  0F 00 00 00 05 00
 (1789636064.049582)  can0  201   [6]  0F 00 00 00 05 00
 (1789636064.059576)  can0  201   [6]  0F 00 00 00 05 00
 (1789636064.069580)  can0  201   [6]  0F 00 00 00 05 00
 (1789636064.077445)  can0  181   [8]  27 14 27 44 00 00 30 00
 (1789636064.077650)  can0  281   [5]  03 00 00 00 00
 (1789636064.079575)  can0  201   [6]  0F 00 00 00 05 00
 (1789636064.089580)  can0  201   [6]  0F 00 00 00 05 00
 (1789636064.099577)  can0  201   [6]  0F 00 00 00 05 00
 (1789636064.109575)  can0  201   [6]  0F 00 00 00 05 00
 (1789636064.119707)  can0  201   [6]  0F 00 00 00 05 00
 (1789636064.127395)  can0  181   [8]  27 14 27 44 00 00 35 00
 (1789636064.127654)  can0  281   [5]  03 00 00 00 00
 (1789636064.129600)  can0  201   [6]  0F 00 00 00 05 00
 (1789636064.139580)  can0  201   [6]  0F 00 00 00 05 00
 (1789636064.149578)  can0  201   [6]  0F 00 00 00 05 00
 (1789636064.159582)  can0  201   [6]  0F 00 00 00 05 00
 (1789636064.169576)  can0  201   [6]  0F 00 00 00 05 00
 (1789636064.177334)  can0  181   [8]  27 14 27 44 00 00 2D 00
 (1789636064.177602)  can0  281   [5]  03 00 00 00 00
 (1789636064.179576)  can0  201   [6]  0F 00 00 00 05 00
 (1789636064.189580)  can0  201   [6]  0F 00 00 00 05 00
 (1789636064.199577)  can0  201   [6]  0F 00 00 00 05 00
 (1789636064.209580)  can0  201   [6]  0F 00 00 00 05 00
 (1789636064.219574)  can0  201   [6]  0F 00 00 00 05 00
 (1789636064.227284)  can0  181   [8]  27 14 27 44 00 00 30 00
 (1789636064.227493)  can0  281   [5]  03 00 00 00 00
 (1789636064.229579)  can0  201   [6]  0F 00 00 00 05 00
 (1789636064.239577)  can0  201   [6]  0F 00 00 00 05 00
 (1789636064.249576)  can0  201   [6]  0F 00 00 00 05 00
 (1789636064.256600)  can0  701   [1]  05
 (1789636064.259580)  can0  201   [6]  0F 00 00 00 05 00
 (1789636064.269577)  can0  201   [6]  0F 00 00 00 05 00
 (1789636064.277232)  can0  181   [8]  27 14 27 44 00 00 35 00
 (1789636064.277439)  can0  281   [5]  03 00 00 00 00
 (1789636064.279598)  can0  201   [6]  0F 00 00 00 05 00
 (1789636064.289599)  can0  201   [6]  0F 00 00 00 05 00
 (1789636064.299676)  can0  201   [6]  0F 00 00 00 05 00
 (1789636064.309638)  can0  201   [6]  0F 00 00 00 05 00
 (1789636064.319705)  can0  201   [6]  0F 00 00 00 05 00
 (1789636064.327181)  can0  181   [8]  27 14 27 44 00 00 33 00
 (1789636064.327384)  can0  281   [5]  03 00 00 00 00
 (1789636064.329672)  can0  201   [6]  0F 00 00 00 05 00
 (1789636064.339698)  can0  201   [6]  0F 00 00 00 05 00
 (1789636064.349620)  can0  201   [6]  0F 00 00 00 05 00
 (1789636064.359745)  can0  201   [6]  0F 00 00 00 05 00
 (1789636064.369621)  can0  201   [6]  0F 00 00 00 05 00
 (1789636064.377141)  can0  181   [8]  27 14 27 44 00 00 30 00
 (1789636064.377407)  can0  281   [5]  03 00 00 00 00
 (1789636064.379718)  can0  201   [6]  0F 00 00 00 05 00
 (1789636064.389682)  can0  201   [6]  0F 00 00 00 05 00
 (1789636064.399655)  can0  201   [6]  0F 00 00 00 05 00
 (1789636064.409710)  can0  201   [6]  0F 00 00 00 05 00
 (1789636064.419663)  can0  201   [6]  0F 00 00 00 05 00
 (1789636064.427078)  can0  181   [8]  27 14 27 44 00 00 2F 00
 (1789636064.427337)  can0  281   [5]  03 00 00 00 00
 (1789636064.429639)  can0  201   [6]  0F 00 00 00 05 00
 (1789636064.439688)  can0  201   [6]  0F 00 00 00 05 00
 (1789636064.449682)  can0  201   [6]  0F 00 00 00 05 00
 (1789636064.459665)  can0  201   [6]  0F 00 00 00 05 00
 (1789636064.469649)  can0  201   [6]  0F 00 00 00 05 00
 (1789636064.477023)  can0  181   [8]  27 14 27 44 00 00 30 00
 (1789636064.477281)  can0  281   [5]  03 00 00 00 00
 (1789636064.479627)  can0  201   [6]  0F 00 00 00 05 00
 (1789636064.489615)  can0  201   [6]  0F 00 00 00 05 00
 (1789636064.499643)  can0  201   [6]  0F 00 00 00 05 00
 (1789636064.506148)  can0  701   [1]  05
 (1789636064.509588)  can0  201   [6]  0F 00 00 00 05 00
 (1789636064.519577)  can0  201   [6]  0F 00 00 00 05 00
 (1789636064.526963)  can0  181   [8]  27 14 27 44 00 00 34 00
 (1789636064.527229)  can0  281   [5]  03 00 00 00 00
 (1789636064.529577)  can0  201   [6]  0F 00 00 00 05 00
 (1789636064.539582)  can0  201   [6]  0F 00 00 00 05 00
 (1789636064.549576)  can0  201   [6]  0F 00 00 00 05 00
 (1789636064.559582)  can0  201   [6]  0F 00 00 00 05 00
 (1789636064.569576)  can0  201   [6]  0F 00 00 00 05 00
 (1789636064.576908)  can0  181   [8]  27 14 27 44 00 00 2D 00
 (1789636064.577175)  can0  281   [5]  03 00 00 00 00
 (1789636064.579581)  can0  201   [6]  0F 00 00 00 05 00
 (1789636064.589575)  can0  201   [6]  0F 00 00 00 05 00
 (1789636064.599575)  can0  201   [6]  0F 00 00 00 05 00
 (1789636064.609578)  can0  201   [6]  0F 00 00 00 05 00
 (1789636064.619575)  can0  201   [6]  0F 00 00 00 05 00
 (1789636064.626859)  can0  181   [8]  27 14 27 44 00 00 30 00
 (1789636064.627128)  can0  281   [5]  03 00 00 00 00
 (1789636064.629580)  can0  201   [6]  0F 00 00 00 05 00
 (1789636064.639577)  can0  201   [6]  0F 00 00 00 05 00
 (1789636064.649580)  can0  201   [6]  0F 00 00 00 05 00
 (1789636064.659699)  can0  201   [6]  0F 00 00 00 05 00
 (1789636064.669601)  can0  201   [6]  0F 00 00 00 05 00
 (1789636064.676806)  can0  181   [8]  27 14 27 44 00 00 34 00
 (1789636064.677068)  can0  281   [5]  03 00 00 00 00
 (1789636064.679585)  can0  201   [6]  0F 00 00 00 05 00
 (1789636064.689576)  can0  201   [6]  0F 00 00 00 05 00
 (1789636064.699581)  can0  201   [6]  0F 00 00 00 05 00
 (1789636064.709576)  can0  201   [6]  0F 00 00 00 05 00
 (1789636064.719581)  can0  201   [6]  0F 00 00 00 05 00
 (1789636064.726750)  can0  181   [8]  27 14 27 44 00 00 34 00
 (1789636064.727018)  can0  281   [5]  03 00 00 00 00
 (1789636064.729578)  can0  201   [6]  0F 00 00 00 05 00
 (1789636064.739576)  can0  201   [6]  0F 00 00 00 05 00
 (1789636064.749581)  can0  201   [6]  0F 00 00 00 05 00
 (1789636064.755636)  can0  701   [1]  05
 (1789636064.759575)  can0  201   [6]  0F 00 00 00 05 00
 (1789636064.769582)  can0  201   [6]  0F 00 00 00 05 00
 (1789636064.776697)  can0  181   [8]  27 14 27 44 00 00 2F 00
 (1789636064.776962)  can0  281   [5]  03 00 00 00 00
 (1789636064.779575)  can0  201   [6]  0F 00 00 00 05 00
 (1789636064.789582)  can0  201   [6]  0F 00 00 00 05 00
 (1789636064.799575)  can0  201   [6]  0F 00 00 00 05 00
 (1789636064.809577)  can0  201   [6]  0F 00 00 00 05 00
 (1789636064.819583)  can0  201   [6]  0F 00 00 00 05 00
 (1789636064.826648)  can0  181   [8]  27 14 27 44 00 00 32 00
 (1789636064.826909)  can0  281   [5]  03 00 00 00 00
 (1789636064.829701)  can0  201   [6]  0F 00 00 00 05 00
 (1789636064.839646)  can0  201   [6]  0F 00 00 00 05 00
 (1789636064.849621)  can0  201   [6]  0F 00 00 00 05 00
 (1789636064.859708)  can0  201   [6]  0F 00 00 00 05 00
 (1789636064.869665)  can0  201   [6]  0F 00 00 00 05 00
 (1789636064.876596)  can0  181   [8]  27 14 27 44 00 00 2D 00
 (1789636064.876857)  can0  281   [5]  03 00 00 00 00
 (1789636064.879673)  can0  201   [6]  0F 00 00 00 05 00
 (1789636064.889637)  can0  201   [6]  0F 00 00 00 05 00
 (1789636064.899740)  can0  201   [6]  0F 00 00 00 05 00
 (1789636064.909657)  can0  201   [6]  0F 00 00 00 05 00
 (1789636064.919749)  can0  201   [6]  0F 00 00 00 05 00
 (1789636064.926542)  can0  181   [8]  27 14 27 44 00 00 33 00
 (1789636064.926803)  can0  281   [5]  03 00 00 00 00
 (1789636064.929696)  can0  201   [6]  0F 00 00 00 05 00
 (1789636064.939572)  can0  201   [6]  0F 00 00 00 05 00
 (1789636064.949567)  can0  201   [6]  0F 00 00 00 05 00
 (1789636064.959551)  can0  201   [6]  0F 00 00 00 05 00
 (1789636064.969539)  can0  201   [6]  0F 00 00 00 05 00
 (1789636064.976488)  can0  181   [8]  27 14 27 44 00 00 2E 00
 (1789636064.976755)  can0  281   [5]  03 00 00 00 00
 (1789636064.979522)  can0  201   [6]  0F 00 00 00 05 00
 (1789636064.989481)  can0  201   [6]  0F 00 00 00 05 00
 (1789636064.999480)  can0  201   [6]  0F 00 00 00 05 00
 (1789636065.005122)  can0  701   [1]  05
 (1789636065.009475)  can0  201   [6]  0F 00 00 00 05 00
 (1789636065.019472)  can0  201   [6]  0F 00 00 00 05 00
 (1789636065.026377)  can0  181   [8]  27 14 27 44 00 00 30 00
 (1789636065.026640)  can0  281   [5]  03 00 00 00 00
 (1789636065.029476)  can0  201   [6]  0F 00 00 00 05 00
 (1789636065.039470)  can0  201   [6]  0F 00 00 00 05 00
 (1789636065.049458)  can0  201   [6]  0F 00 00 00 05 00
 (1789636065.059454)  can0  201   [6]  0F 00 00 00 05 00
 (1789636065.069456)  can0  201   [6]  0F 00 00 00 05 00
 (1789636065.076321)  can0  181   [8]  27 14 27 44 00 00 34 00
 (1789636065.076588)  can0  281   [5]  03 00 00 00 00
 (1789636065.079456)  can0  201   [6]  0F 00 00 00 05 00
 (1789636065.089460)  can0  201   [6]  0F 00 00 00 05 00
 (1789636065.099456)  can0  201   [6]  0F 00 00 00 05 00
 (1789636065.109456)  can0  201   [6]  0F 00 00 00 05 00
 (1789636065.119456)  can0  201   [6]  0F 00 00 00 05 00
 (1789636065.126268)  can0  181   [8]  27 14 27 44 00 00 37 00
 (1789636065.126534)  can0  281   [5]  03 00 00 00 00
 (1789636065.129456)  can0  201   [6]  0F 00 00 00 05 00
 (1789636065.139456)  can0  201   [6]  0F 00 00 00 05 00
 (1789636065.149456)  can0  201   [6]  0F 00 00 00 05 00
 (1789636065.159454)  can0  201   [6]  0F 00 00 00 05 00
 (1789636065.169456)  can0  201   [6]  0F 00 00 00 05 00
 (1789636065.176213)  can0  181   [8]  27 14 27 44 00 00 2D 00
 (1789636065.176480)  can0  281   [5]  03 00 00 00 00
 (1789636065.179456)  can0  201   [6]  0F 00 00 00 05 00
 (1789636065.189524)  can0  201   [6]  0F 00 00 00 05 00
 (1789636065.199466)  can0  201   [6]  0F 00 00 00 05 00
 (1789636065.209460)  can0  201   [6]  0F 00 00 00 05 00
 (1789636065.219454)  can0  201   [6]  0F 00 00 00 05 00
 (1789636065.226162)  can0  181   [8]  27 14 27 44 00 00 34 00
 (1789636065.226427)  can0  281   [5]  03 00 00 00 00
 (1789636065.229456)  can0  201   [6]  0F 00 00 00 05 00
 (1789636065.239457)  can0  201   [6]  0F 00 00 00 05 00
 (1789636065.249455)  can0  201   [6]  0F 00 00 00 05 00
 (1789636065.254666)  can0  701   [1]  05
 (1789636065.259456)  can0  201   [6]  0F 00 00 00 05 00
 (1789636065.269456)  can0  201   [6]  0F 00 00 00 05 00
 (1789636065.276107)  can0  181   [8]  27 14 27 44 00 00 2C 00
 (1789636065.276372)  can0  281   [5]  03 00 00 00 00
 (1789636065.279457)  can0  201   [6]  0F 00 00 00 05 00
 (1789636065.289455)  can0  201   [6]  0F 00 00 00 05 00
 (1789636065.299456)  can0  201   [6]  0F 00 00 00 05 00
 (1789636065.309459)  can0  201   [6]  0F 00 00 00 05 00
 (1789636065.319455)  can0  201   [6]  0F 00 00 00 05 00
 (1789636065.326052)  can0  181   [8]  27 14 27 44 00 00 33 00
 (1789636065.326322)  can0  281   [5]  03 00 00 00 00
 (1789636065.329457)  can0  201   [6]  0F 00 00 00 05 00
 (1789636065.339453)  can0  201   [6]  0F 00 00 00 05 00
 (1789636065.349462)  can0  201   [6]  0F 00 00 00 05 00
 (1789636065.359459)  can0  201   [6]  0F 00 00 00 05 00
 (1789636065.369478)  can0  201   [6]  0F 00 00 00 05 00
 (1789636065.376002)  can0  181   [8]  27 14 27 44 00 00 2E 00
 (1789636065.376266)  can0  281   [5]  03 00 00 00 00
 (1789636065.379468)  can0  201   [6]  0F 00 00 00 05 00
 (1789636065.389507)  can0  201   [6]  0F 00 00 00 05 00
 (1789636065.399482)  can0  201   [6]  0F 00 00 00 05 00
 (1789636065.409482)  can0  201   [6]  0F 00 00 00 05 00
 (1789636065.419478)  can0  201   [6]  0F 00 00 00 05 00
 (1789636065.425948)  can0  181   [8]  27 14 27 44 00 00 2F 00
 (1789636065.426213)  can0  281   [5]  03 00 00 00 00
 (1789636065.429479)  can0  201   [6]  0F 00 00 00 05 00
 (1789636065.439483)  can0  201   [6]  0F 00 00 00 05 00
 (1789636065.449475)  can0  201   [6]  0F 00 00 00 05 00
 (1789636065.459493)  can0  201   [6]  0F 00 00 00 05 00
 (1789636065.469479)  can0  201   [6]  0F 00 00 00 05 00
 (1789636065.475893)  can0  181   [8]  27 14 27 44 00 00 33 00
 (1789636065.476159)  can0  281   [5]  03 00 00 00 00
 (1789636065.479478)  can0  201   [6]  0F 00 00 00 05 00
 (1789636065.489480)  can0  201   [6]  0F 00 00 00 05 00
 (1789636065.499466)  can0  201   [6]  0F 00 00 00 05 00
 (1789636065.504157)  can0  701   [1]  05
 (1789636065.509471)  can0  201   [6]  0F 00 00 00 05 00
 (1789636065.519513)  can0  201   [6]  0F 00 00 00 05 00
 (1789636065.525843)  can0  181   [8]  27 14 27 44 00 00 37 00
 (1789636065.526107)  can0  281   [5]  03 00 00 00 00
 (1789636065.529478)  can0  201   [6]  0F 00 00 00 05 00
 (1789636065.539470)  can0  201   [6]  0F 00 00 00 05 00
 (1789636065.549472)  can0  201   [6]  0F 00 00 00 05 00
 (1789636065.559472)  can0  201   [6]  0F 00 00 00 05 00
 (1789636065.569496)  can0  201   [6]  0F 00 00 00 05 00
 (1789636065.575788)  can0  181   [8]  27 14 27 44 00 00 2E 00
 (1789636065.576055)  can0  281   [5]  03 00 00 00 00
 (1789636065.579461)  can0  201   [6]  0F 00 00 00 05 00
 (1789636065.589457)  can0  201   [6]  0F 00 00 00 05 00
 (1789636065.599455)  can0  201   [6]  0F 00 00 00 05 00
 (1789636065.609457)  can0  201   [6]  0F 00 00 00 05 00
 (1789636065.619455)  can0  201   [6]  0F 00 00 00 05 00
 (1789636065.625734)  can0  181   [8]  27 14 27 44 00 00 34 00
 (1789636065.626000)  can0  281   [5]  03 00 00 00 00
 (1789636065.629458)  can0  201   [6]  0F 00 00 00 05 00
 (1789636065.639456)  can0  201   [6]  0F 00 00 00 05 00
 (1789636065.649454)  can0  201   [6]  0F 00 00 00 05 00
 (1789636065.659456)  can0  201   [6]  0F 00 00 00 05 00
 (1789636065.669454)  can0  201   [6]  0F 00 00 00 05 00
 (1789636065.675681)  can0  181   [8]  27 14 27 44 00 00 2C 00
 (1789636065.675947)  can0  281   [5]  03 00 00 00 00
 (1789636065.679457)  can0  201   [6]  0F 00 00 00 05 00
 (1789636065.689455)  can0  201   [6]  0F 00 00 00 05 00
 (1789636065.699457)  can0  201   [6]  0F 00 00 00 05 00
 (1789636065.709453)  can0  201   [6]  0F 00 00 00 05 00
 (1789636065.719455)  can0  201   [6]  0F 00 00 00 05 00
 (1789636065.725630)  can0  181   [8]  27 14 27 44 00 00 33 00
 (1789636065.725895)  can0  281   [5]  03 00 00 00 00
 (1789636065.729485)  can0  201   [6]  0F 00 00 00 05 00
 (1789636065.739463)  can0  201   [6]  0F 00 00 00 05 00
 (1789636065.749459)  can0  201   [6]  0F 00 00 00 05 00
 (1789636065.753697)  can0  701   [1]  05
 (1789636065.759456)  can0  201   [6]  0F 00 00 00 05 00
 (1789636065.769459)  can0  201   [6]  0F 00 00 00 05 00
 (1789636065.775577)  can0  181   [8]  27 14 27 44 00 00 2E 00
 (1789636065.775844)  can0  281   [5]  03 00 00 00 00
 (1789636065.779456)  can0  201   [6]  0F 00 00 00 05 00
 (1789636065.789456)  can0  201   [6]  0F 00 00 00 05 00
 (1789636065.799456)  can0  201   [6]  0F 00 00 00 05 00
 (1789636065.809454)  can0  201   [6]  0F 00 00 00 05 00
 (1789636065.819456)  can0  201   [6]  0F 00 00 00 05 00
 (1789636065.825522)  can0  181   [8]  27 14 27 44 00 00 2F 00
 (1789636065.825792)  can0  281   [5]  03 00 00 00 00
 (1789636065.829456)  can0  201   [6]  0F 00 00 00 05 00
 (1789636065.839458)  can0  201   [6]  0F 00 00 00 05 00
 (1789636065.849458)  can0  201   [6]  0F 00 00 00 05 00
 (1789636065.859454)  can0  201   [6]  0F 00 00 00 05 00
 (1789636065.869458)  can0  201   [6]  0F 00 00 00 05 00
 (1789636065.875470)  can0  181   [8]  27 14 27 44 00 00 32 00
 (1789636065.875736)  can0  281   [5]  03 00 00 00 00
 (1789636065.879456)  can0  201   [6]  0F 00 00 00 05 00
 (1789636065.889459)  can0  201   [6]  0F 00 00 00 05 00
 (1789636065.899457)  can0  201   [6]  0F 00 00 00 05 00
 (1789636065.909480)  can0  201   [6]  0F 00 00 00 05 00
 (1789636065.919469)  can0  201   [6]  0F 00 00 00 05 00
 (1789636065.925416)  can0  181   [8]  27 14 27 44 00 00 36 00
 (1789636065.925681)  can0  281   [5]  03 00 00 00 00
 (1789636065.929473)  can0  201   [6]  0F 00 00 00 05 00
 (1789636065.939467)  can0  201   [6]  0F 00 00 00 05 00
 (1789636065.949469)  can0  201   [6]  0F 00 00 00 05 00
 (1789636065.959471)  can0  201   [6]  0F 00 00 00 05 00
 (1789636065.969459)  can0  201   [6]  0F 00 00 00 05 00
 (1789636065.975364)  can0  181   [8]  27 14 27 44 00 00 30 00
 (1789636065.975627)  can0  281   [5]  03 00 00 00 00
 (1789636065.979457)  can0  201   [6]  0F 00 00 00 05 00
 (1789636065.989455)  can0  201   [6]  0F 00 00 00 05 00
 (1789636065.999455)  can0  201   [6]  0F 00 00 00 05 00
 (1789636066.003244)  can0  701   [1]  05
 (1789636066.009458)  can0  201   [6]  0F 00 00 00 05 00
 (1789636066.019462)  can0  201   [6]  0F 00 00 00 05 00
 (1789636066.025310)  can0  181   [8]  27 14 27 44 00 00 34 00
 (1789636066.025574)  can0  281   [5]  03 00 00 00 00
 (1789636066.029460)  can0  201   [6]  0F 00 00 00 05 00
 (1789636066.039456)  can0  201   [6]  0F 00 00 00 05 00
 (1789636066.049458)  can0  201   [6]  0F 00 00 00 05 00
 (1789636066.059456)  can0  201   [6]  0F 00 00 00 05 00
 (1789636066.069456)  can0  201   [6]  0F 00 00 00 05 00
 (1789636066.075254)  can0  181   [8]  27 14 27 44 00 00 2B 00
 (1789636066.075522)  can0  281   [5]  03 00 00 00 00
 (1789636066.079458)  can0  201   [6]  0F 00 00 00 05 00
 (1789636066.089456)  can0  201   [6]  0F 00 00 00 05 00
 (1789636066.099456)  can0  201   [6]  0F 00 00 00 05 00
 (1789636066.109454)  can0  201   [6]  0F 00 00 00 05 00
 (1789636066.119483)  can0  201   [6]  0F 00 00 00 05 00
 (1789636066.125202)  can0  181   [8]  27 14 27 44 00 00 33 00
 (1789636066.125469)  can0  281   [5]  03 00 00 00 00
 (1789636066.129460)  can0  201   [6]  0F 00 00 00 05 00
 (1789636066.139456)  can0  201   [6]  0F 00 00 00 05 00
 (1789636066.149458)  can0  201   [6]  0F 00 00 00 05 00
 (1789636066.159455)  can0  201   [6]  0F 00 00 00 05 00
 (1789636066.169461)  can0  201   [6]  0F 00 00 00 05 00
 (1789636066.175151)  can0  181   [8]  27 14 27 44 00 00 30 00
 (1789636066.175414)  can0  281   [5]  03 00 00 00 00
 (1789636066.179457)  can0  201   [6]  0F 00 00 00 05 00
 (1789636066.189459)  can0  201   [6]  0F 00 00 00 05 00
 (1789636066.199455)  can0  201   [6]  0F 00 00 00 05 00
 (1789636066.209455)  can0  201   [6]  0F 00 00 00 05 00
 (1789636066.219457)  can0  201   [6]  0F 00 00 00 05 00
 (1789636066.225094)  can0  181   [8]  27 14 27 44 00 00 2D 00
 (1789636066.225361)  can0  281   [5]  03 00 00 00 00
 (1789636066.229455)  can0  201   [6]  0F 00 00 00 05 00
 (1789636066.239457)  can0  201   [6]  0F 00 00 00 05 00
 (1789636066.249455)  can0  201   [6]  0F 00 00 00 05 00
 (1789636066.252729)  can0  701   [1]  05
 (1789636066.259457)  can0  201   [6]  0F 00 00 00 05 00
 (1789636066.269457)  can0  201   [6]  0F 00 00 00 05 00
 (1789636066.275040)  can0  181   [8]  27 14 27 44 00 00 31 00
 (1789636066.275307)  can0  281   [5]  03 00 00 00 00
 (1789636066.279457)  can0  201   [6]  0F 00 00 00 05 00
 (1789636066.289466)  can0  201   [6]  0F 00 00 00 05 00
 (1789636066.299474)  can0  201   [6]  0F 00 00 00 05 00
 (1789636066.309463)  can0  201   [6]  0F 00 00 00 05 00
 (1789636066.319470)  can0  201   [6]  0F 00 00 00 05 00
 (1789636066.324989)  can0  181   [8]  27 14 27 44 00 00 34 00
 (1789636066.325254)  can0  281   [5]  03 00 00 00 00
 (1789636066.329469)  can0  201   [6]  0F 00 00 00 05 00
 (1789636066.339467)  can0  201   [6]  0F 00 00 00 05 00
 (1789636066.349464)  can0  201   [6]  0F 00 00 00 05 00
 (1789636066.359459)  can0  201   [6]  0F 00 00 00 05 00
 (1789636066.369460)  can0  201   [6]  0F 00 00 00 05 00
 (1789636066.374934)  can0  181   [8]  27 14 27 44 00 00 31 00
 (1789636066.375201)  can0  281   [5]  03 00 00 00 00
 (1789636066.379457)  can0  201   [6]  0F 00 00 00 05 00
 (1789636066.389455)  can0  201   [6]  0F 00 00 00 05 00
 (1789636066.399457)  can0  201   [6]  0F 00 00 00 05 00
 (1789636066.409455)  can0  201   [6]  0F 00 00 00 05 00
 (1789636066.419455)  can0  201   [6]  0F 00 00 00 05 00
 (1789636066.424883)  can0  181   [8]  27 14 27 44 00 00 36 00
 (1789636066.425148)  can0  281   [5]  03 00 00 00 00
 (1789636066.429458)  can0  201   [6]  0F 00 00 00 05 00
 (1789636066.439456)  can0  201   [6]  0F 00 00 00 05 00
 (1789636066.449456)  can0  201   [6]  02 00 00 00 00 00
 (1789636066.449669)  can0  201   [6]  06 00 00 00 00 00
 (1789636066.474838)  can0  181   [8]  07 14 07 54 00 00 1D 00
 (1789636066.475103)  can0  281   [5]  03 00 00 00 00
 (1789636066.502346)  can0  701   [1]  05
 (1789636066.524906)  can0  181   [8]  07 14 07 14 00 00 F0 FF
 (1789636066.525171)  can0  281   [5]  03 00 00 00 00
 (1789636066.574913)  can0  181   [8]  07 14 07 14 00 00 05 00
 (1789636066.575178)  can0  281   [5]  03 00 00 00 00
 (1789636066.624925)  can0  181   [8]  07 14 07 14 00 00 FE FF
 (1789636066.625189)  can0  281   [5]  03 00 00 00 00
 (1789636066.674922)  can0  181   [8]  07 14 07 14 00 00 FD FF
 (1789636066.675202)  can0  281   [5]  03 00 00 00 00
 (1789636066.724963)  can0  181   [8]  07 14 07 14 00 00 FF FF
 (1789636066.725220)  can0  281   [5]  03 00 00 00 00
 (1789636066.751895)  can0  701   [1]  05
 (1789636066.774969)  can0  181   [8]  07 14 07 14 00 00 00 00
 (1789636066.775222)  can0  281   [5]  03 00 00 00 00
 (1789636066.776706)  can0  601   [8]  23 FF 60 01 00 00 00 00
 (1789636066.777018)  can0  581   [8]  60 FF 60 01 00 00 00 00
 (1789636066.778558)  can0  601   [8]  40 FF 60 01 00 00 00 00
 (1789636066.778883)  can0  581   [8]  43 FF 60 01 00 00 00 00
 (1789636066.780578)  can0  601   [8]  23 FF 60 02 00 00 00 00
 (1789636066.780884)  can0  581   [8]  60 FF 60 02 00 00 00 00
 (1789636066.782554)  can0  601   [8]  40 FF 60 02 00 00 00 00
 (1789636066.782878)  can0  581   [8]  43 FF 60 02 00 00 00 00
 (1789636066.784564)  can0  601   [8]  2B 40 60 00 00 00 00 00
 (1789636066.784933)  can0  581   [8]  60 40 60 00 00 00 00 00
 (1789636066.786568)  can0  601   [8]  40 40 60 00 00 00 00 00
 (1789636066.786924)  can0  581   [8]  4B 40 60 00 00 00 00 00
 (1789636066.788578)  can0  601   [8]  40 41 60 00 00 00 00 00
 (1789636066.788913)  can0  581   [8]  43 41 60 00 40 14 40 14
 (1789636066.790581)  can0  601   [8]  40 6C 60 01 00 00 00 00
 (1789636066.790916)  can0  581   [8]  43 6C 60 01 00 00 00 00
 (1789636066.792561)  can0  601   [8]  40 6C 60 02 00 00 00 00
 (1789636066.792909)  can0  581   [8]  43 6C 60 02 00 00 00 00
 (1789636066.794562)  can0  601   [8]  40 6C 60 03 00 00 00 00
 (1789636066.794848)  can0  581   [8]  43 6C 60 03 00 00 00 00
 (1789636066.817587)  can0  601   [8]  40 6C 60 01 00 00 00 00
 (1789636066.817915)  can0  581   [8]  43 6C 60 01 00 00 00 00
 (1789636066.819575)  can0  601   [8]  40 6C 60 02 00 00 00 00
 (1789636066.819911)  can0  581   [8]  43 6C 60 02 00 00 00 00
 (1789636066.821561)  can0  601   [8]  40 6C 60 03 00 00 00 00
 (1789636066.821905)  can0  581   [8]  43 6C 60 03 00 00 00 00
 (1789636066.824965)  can0  181   [8]  40 14 40 14 00 00 00 00
 (1789636066.825224)  can0  281   [5]  03 00 00 00 00
 (1789636066.844618)  can0  601   [8]  40 6C 60 01 00 00 00 00
 (1789636066.844973)  can0  581   [8]  43 6C 60 01 00 00 00 00
 (1789636066.846584)  can0  601   [8]  40 6C 60 02 00 00 00 00
 (1789636066.846910)  can0  581   [8]  43 6C 60 02 00 00 00 00
 (1789636066.848562)  can0  601   [8]  40 6C 60 03 00 00 00 00
 (1789636066.848902)  can0  581   [8]  43 6C 60 03 00 00 00 00
 (1789636066.871590)  can0  601   [8]  40 6C 60 01 00 00 00 00
 (1789636066.871916)  can0  581   [8]  43 6C 60 01 00 00 00 00
 (1789636066.873573)  can0  601   [8]  40 6C 60 02 00 00 00 00
 (1789636066.873908)  can0  581   [8]  43 6C 60 02 00 00 00 00
 (1789636066.874969)  can0  181   [8]  40 14 40 14 00 00 00 00
 (1789636066.875232)  can0  281   [5]  03 00 00 00 00
 (1789636066.875479)  can0  601   [8]  40 6C 60 03 00 00 00 00
 (1789636066.875785)  can0  581   [8]  43 6C 60 03 00 00 00 00
 (1789636066.897571)  can0  601   [8]  40 6C 60 01 00 00 00 00
 (1789636066.897921)  can0  581   [8]  43 6C 60 01 00 00 00 00
 (1789636066.899562)  can0  601   [8]  40 6C 60 02 00 00 00 00
 (1789636066.899911)  can0  581   [8]  43 6C 60 02 00 00 00 00
 (1789636066.901560)  can0  601   [8]  40 6C 60 03 00 00 00 00
 (1789636066.901907)  can0  581   [8]  43 6C 60 03 00 00 00 00
 (1789636066.924551)  can0  601   [8]  40 6C 60 01 00 00 00 00
 (1789636066.924861)  can0  581   [8]  43 6C 60 01 00 00 00 00
 (1789636066.925103)  can0  181   [8]  40 14 40 14 00 00 00 00
 (1789636066.925294)  can0  281   [5]  03 00 00 00 00
 (1789636066.925640)  can0  601   [8]  40 6C 60 02 00 00 00 00
 (1789636066.925977)  can0  581   [8]  43 6C 60 02 00 00 00 00
 (1789636066.927560)  can0  601   [8]  40 6C 60 03 00 00 00 00
 (1789636066.927853)  can0  581   [8]  43 6C 60 03 00 00 00 00
 (1789636066.950554)  can0  601   [8]  40 6C 60 01 00 00 00 00
 (1789636066.950862)  can0  581   [8]  43 6C 60 01 00 00 00 00
 (1789636066.952559)  can0  601   [8]  40 6C 60 02 00 00 00 00
 (1789636066.952913)  can0  581   [8]  43 6C 60 02 00 00 00 00
 (1789636066.954560)  can0  601   [8]  40 6C 60 03 00 00 00 00
 (1789636066.954858)  can0  581   [8]  43 6C 60 03 00 00 00 00
 (1789636066.956462)  can0  000   [2]  80 01
 (1789636067.001368)  can0  701   [1]  7F
 (1789636067.003574)  can0  601   [8]  23 00 14 01 01 02 00 80
 (1789636067.003925)  can0  581   [8]  60 00 14 01 00 00 00 00
 (1789636067.005556)  can0  601   [8]  40 00 14 01 00 00 00 00
 (1789636067.005915)  can0  581   [8]  43 00 14 01 01 02 00 80
 (1789636067.007561)  can0  601   [8]  2F 00 16 00 00 00 00 00
 (1789636067.007860)  can0  581   [8]  60 00 16 00 00 00 00 00
 (1789636067.009554)  can0  601   [8]  40 00 16 00 00 00 00 00
 (1789636067.009911)  can0  581   [8]  4F 00 16 00 00 00 00 00
 (1789636067.011552)  can0  601   [8]  23 00 16 01 10 00 40 60
 (1789636067.011908)  can0  581   [8]  60 00 16 01 00 00 00 00
 (1789636067.013549)  can0  601   [8]  40 00 16 01 00 00 00 00
 (1789636067.013897)  can0  581   [8]  43 00 16 01 10 00 40 60
 (1789636067.015556)  can0  601   [8]  23 00 16 02 08 00 60 60
 (1789636067.015843)  can0  581   [8]  60 00 16 02 00 00 00 00
 (1789636067.017547)  can0  601   [8]  40 00 16 02 00 00 00 00
 (1789636067.017832)  can0  581   [8]  43 00 16 02 08 00 60 60
 (1789636067.019559)  can0  601   [8]  2F 00 16 00 02 00 00 00
 (1789636067.019834)  can0  581   [8]  60 00 16 00 00 00 00 00
 (1789636067.021498)  can0  601   [8]  40 00 16 00 00 00 00 00
 (1789636067.021884)  can0  581   [8]  4F 00 16 00 02 00 00 00
 (1789636067.023555)  can0  601   [8]  23 00 14 01 01 02 00 00
 (1789636067.023880)  can0  581   [8]  60 00 14 01 00 00 00 00
 (1789636067.025552)  can0  601   [8]  40 00 14 01 00 00 00 00
 (1789636067.025870)  can0  581   [8]  43 00 14 01 01 02 00 00
 (1789636067.027565)  can0  601   [8]  23 01 18 01 81 02 00 80
 (1789636067.027873)  can0  581   [8]  60 01 18 01 00 00 00 00
 (1789636067.029550)  can0  601   [8]  40 01 18 01 00 00 00 00
 (1789636067.029858)  can0  581   [8]  43 01 18 01 81 02 00 80
 (1789636067.031567)  can0  601   [8]  2F 01 1A 00 00 00 00 00
 (1789636067.031922)  can0  581   [8]  60 01 1A 00 00 00 00 00
 (1789636067.033550)  can0  601   [8]  40 01 1A 00 00 00 00 00
 (1789636067.033856)  can0  581   [8]  4F 01 1A 00 00 00 00 00
 (1789636067.035559)  can0  601   [8]  23 01 1A 01 00 00 00 00
 (1789636067.035951)  can0  581   [8]  60 01 1A 01 00 00 00 00
 (1789636067.037680)  can0  601   [8]  40 01 1A 01 00 00 00 00
 (1789636067.037850)  can0  581   [8]  43 01 1A 01 00 00 00 00
 (1789636067.039579)  can0  601   [8]  23 01 1A 02 00 00 00 00
 (1789636067.039903)  can0  581   [8]  60 01 1A 02 00 00 00 00
 (1789636067.041549)  can0  601   [8]  40 01 1A 02 00 00 00 00
 (1789636067.041896)  can0  581   [8]  43 01 1A 02 00 00 00 00
 (1789636067.043560)  can0  601   [8]  2F 01 1A 00 00 00 00 00
 (1789636067.043895)  can0  581   [8]  60 01 1A 00 00 00 00 00
 (1789636067.045552)  can0  601   [8]  40 01 1A 00 00 00 00 00
 (1789636067.045832)  can0  581   [8]  4F 01 1A 00 00 00 00 00
 (1789636067.047502)  can0  601   [8]  2B 01 18 05 00 00 00 00
 (1789636067.047827)  can0  581   [8]  60 01 18 05 00 00 00 00
 (1789636067.049550)  can0  601   [8]  40 01 18 05 00 00 00 00
 (1789636067.049878)  can0  581   [8]  4B 01 18 05 00 00 00 00
 (1789636067.051558)  can0  601   [8]  23 01 18 01 81 02 00 00
 (1789636067.051878)  can0  581   [8]  60 01 18 01 00 00 00 00
 (1789636067.053549)  can0  601   [8]  40 01 18 01 00 00 00 00
 (1789636067.053867)  can0  581   [8]  43 01 18 01 81 02 00 00
 (1789636067.055567)  can0  601   [8]  2B 00 20 00 00 00 00 00
 (1789636067.055935)  can0  581   [8]  60 00 20 00 00 00 00 00
 (1789636067.057554)  can0  601   [8]  40 00 20 00 00 00 00 00
 (1789636067.057814)  can0  581   [8]  4B 00 20 00 00 00 00 00
 (1789636067.059559)  can0  601   [8]  2B 17 10 00 00 00 00 00
 (1789636067.059866)  can0  581   [8]  60 17 10 00 00 00 00 00
 (1789636067.061495)  can0  601   [8]  40 17 10 00 00 00 00 00
 (1789636067.061911)  can0  581   [8]  4B 17 10 00 00 00 00 00
