 (1789091932.153804)  can0  601   [8]  40 41 60 00 00 00 00 00
 (1789091932.154119)  can0  581   [8]  43 41 60 00 21 14 21 14
 (1789091932.155755)  can0  601   [8]  40 60 60 00 00 00 00 00
 (1789091932.156066)  can0  581   [8]  4F 60 60 00 03 00 00 00
 (1789091932.157746)  can0  601   [8]  40 61 60 00 00 00 00 00
 (1789091932.158054)  can0  581   [8]  4F 61 60 00 03 00 00 00
 (1789091932.158759)  can0  601   [8]  40 FF 60 01 00 00 00 00
 (1789091932.159116)  can0  581   [8]  43 FF 60 01 00 00 00 00
 (1789091932.160749)  can0  601   [8]  40 FF 60 02 00 00 00 00
 (1789091932.161114)  can0  581   [8]  43 FF 60 02 00 00 00 00
 (1789091932.162747)  can0  601   [8]  40 3F 60 00 00 00 00 00
 (1789091932.163050)  can0  581   [8]  43 3F 60 00 00 00 00 00
 (1789091932.164747)  can0  601   [8]  40 6C 60 01 00 00 00 00
 (1789091932.165099)  can0  581   [8]  43 6C 60 01 00 00 00 00
 (1789091932.166742)  can0  601   [8]  40 6C 60 02 00 00 00 00
 (1789091932.167094)  can0  581   [8]  43 6C 60 02 00 00 00 00
 (1789091932.168744)  can0  601   [8]  40 6C 60 03 00 00 00 00
 (1789091932.169091)  can0  581   [8]  43 6C 60 03 00 00 00 00
 (1789091932.170746)  can0  601   [8]  40 17 10 00 00 00 00 00
 (1789091932.171087)  can0  581   [8]  4B 17 10 00 00 00 00 00
 (1789091932.172750)  can0  601   [8]  40 00 18 01 00 00 00 00
 (1789091932.173084)  can0  581   [8]  43 00 18 01 81 01 00 00
 (1789091932.174747)  can0  601   [8]  40 00 18 02 00 00 00 00
 (1789091932.175078)  can0  581   [8]  4F 00 18 02 FF 00 00 00
 (1789091932.176745)  can0  601   [8]  40 00 18 05 00 00 00 00
 (1789091932.177016)  can0  581   [8]  4B 00 18 05 64 00 00 00
 (1789091932.178692)  can0  601   [8]  40 00 1A 00 00 00 00 00
 (1789091932.179015)  can0  581   [8]  4F 00 1A 00 02 00 00 00
 (1789091932.180744)  can0  601   [8]  40 00 1A 01 00 00 00 00
 (1789091932.181003)  can0  581   [8]  43 00 1A 01 20 00 41 60
 (1789091932.182690)  can0  601   [8]  40 00 1A 02 00 00 00 00
 (1789091932.182997)  can0  581   [8]  43 00 1A 02 20 03 6C 60
 (1789091932.184745)  can0  601   [8]  2B 17 10 00 F4 01 00 00
 (1789091932.185005)  can0  581   [8]  60 17 10 00 00 00 00 00
 (1789091932.186688)  can0  601   [8]  40 17 10 00 00 00 00 00
 (1789091932.186993)  can0  581   [8]  4B 17 10 00 F4 01 00 00
 (1789091932.188641)  can0  000   [2]  80 01
 (1789091932.434481)  can0  701   [1]  7F
 (1789091932.435643)  can0  000   [2]  01 01
 (1789091932.435980)  can0  181   [8]  21 14 21 14 00 00 00 00
 (1789091932.436022)  can0  281   [0] 
 (1789091932.436122)  can0  381   [0] 
 (1789091932.436220)  can0  481   [0] 
 (1789091932.485981)  can0  181   [8]  21 14 21 14 00 00 00 00
 (1789091932.535930)  can0  181   [8]  21 14 21 14 00 00 00 00
 (1789091932.585936)  can0  181   [8]  21 14 21 14 00 00 00 00
 (1789091932.635943)  can0  181   [8]  21 14 21 14 00 00 00 00
 (1789091932.684025)  can0  701   [1]  05
 (1789091932.685751)  can0  601   [8]  40 41 60 00 00 00 00 00
 (1789091932.685940)  can0  181   [8]  21 14 21 14 00 00 00 00
 (1789091932.686171)  can0  581   [8]  43 41 60 00 21 14 21 14
 (1789091932.698765)  can0  601   [8]  40 41 60 00 00 00 00 00
 (1789091932.699106)  can0  581   [8]  43 41 60 00 21 14 21 14
 (1789091932.700751)  can0  601   [8]  40 6C 60 01 00 00 00 00
 (1789091932.701107)  can0  581   [8]  43 6C 60 01 00 00 00 00
 (1789091932.702744)  can0  601   [8]  40 6C 60 02 00 00 00 00
 (1789091932.703043)  can0  581   [8]  43 6C 60 02 00 00 00 00
 (1789091932.704744)  can0  601   [8]  40 6C 60 03 00 00 00 00
 (1789091932.705099)  can0  581   [8]  43 6C 60 03 00 00 00 00
 (1789091932.735843)  can0  181   [8]  21 14 21 14 00 00 00 00
 (1789091932.785849)  can0  181   [8]  21 14 21 14 00 00 00 00
 (1789091932.835856)  can0  181   [8]  21 14 21 14 00 00 00 00
 (1789091932.885807)  can0  181   [8]  21 14 21 14 00 00 00 00
 (1789091932.933514)  can0  701   [1]  05
 (1789091932.935757)  can0  181   [8]  21 14 21 14 00 00 00 00
 (1789091932.985763)  can0  181   [8]  21 14 21 14 00 00 00 00
 (1789091933.035719)  can0  181   [8]  21 14 21 14 00 00 00 00
 (1789091933.085719)  can0  181   [8]  21 14 21 14 00 00 00 00
 (1789091933.135674)  can0  181   [8]  21 14 21 14 00 00 00 00
 (1789091933.183060)  can0  701   [1]  05
 (1789091933.185675)  can0  181   [8]  21 14 21 14 00 00 00 00
 (1789091933.235627)  can0  181   [8]  21 14 21 14 00 00 00 00
 (1789091933.285632)  can0  181   [8]  21 14 21 14 00 00 00 00
 (1789091933.335590)  can0  181   [8]  21 14 21 14 00 00 00 00
 (1789091933.385588)  can0  181   [8]  21 14 21 14 00 00 00 00
 (1789091933.432545)  can0  701   [1]  05
 (1789091933.435542)  can0  181   [8]  21 14 21 14 00 00 00 00
 (1789091933.485545)  can0  181   [8]  21 14 21 14 00 00 00 00
 (1789091933.535499)  can0  181   [8]  21 14 21 14 00 00 00 00
 (1789091933.585501)  can0  181   [8]  21 14 21 14 00 00 00 00
 (1789091933.635458)  can0  181   [8]  21 14 21 14 00 00 00 00
 (1789091933.682092)  can0  701   [1]  05
 (1789091933.685458)  can0  181   [8]  21 14 21 14 00 00 00 00
 (1789091933.704768)  can0  601   [8]  40 41 60 00 00 00 00 00
 (1789091933.705091)  can0  581   [8]  43 41 60 00 21 14 21 14
 (1789091933.706751)  can0  601   [8]  40 6C 60 01 00 00 00 00
 (1789091933.707094)  can0  581   [8]  43 6C 60 01 00 00 00 00
 (1789091933.708744)  can0  601   [8]  40 6C 60 02 00 00 00 00
 (1789091933.709090)  can0  581   [8]  43 6C 60 02 00 00 00 00
 (1789091933.710747)  can0  601   [8]  40 6C 60 03 00 00 00 00
 (1789091933.711087)  can0  581   [8]  43 6C 60 03 00 00 00 00
 (1789091933.735409)  can0  181   [8]  21 14 21 14 00 00 00 00
 (1789091933.785413)  can0  181   [8]  21 14 21 14 00 00 00 00
 (1789091933.835420)  can0  181   [8]  21 14 21 14 00 00 00 00
 (1789091933.885370)  can0  181   [8]  21 14 21 14 00 00 00 00
 (1789091933.931579)  can0  701   [1]  05
 (1789091933.935325)  can0  181   [8]  21 14 21 14 00 00 00 00
 (1789091933.985326)  can0  181   [8]  21 14 21 14 00 00 00 00
 (1789091934.035281)  can0  181   [8]  21 14 21 14 00 00 00 00
 (1789091934.085283)  can0  181   [8]  21 14 21 14 00 00 00 00
 (1789091934.135238)  can0  181   [8]  21 14 21 14 00 00 00 00
 (1789091934.181127)  can0  701   [1]  05
 (1789091934.185238)  can0  181   [8]  21 14 21 14 00 00 00 00
 (1789091934.235189)  can0  181   [8]  21 14 21 14 00 00 00 00
 (1789091934.285196)  can0  181   [8]  21 14 21 14 00 00 00 00
 (1789091934.335204)  can0  181   [8]  21 14 21 14 00 00 00 00
 (1789091934.385152)  can0  181   [8]  21 14 21 14 00 00 00 00
 (1789091934.430611)  can0  701   [1]  05
 (1789091934.435104)  can0  181   [8]  21 14 21 14 00 00 00 00
 (1789091934.485108)  can0  181   [8]  21 14 21 14 00 00 00 00
 (1789091934.535061)  can0  181   [8]  21 14 21 14 00 00 00 00
 (1789091934.585062)  can0  181   [8]  21 14 21 14 00 00 00 00
 (1789091934.635019)  can0  181   [8]  21 14 21 14 00 00 00 00
 (1789091934.680160)  can0  701   [1]  05
 (1789091934.685020)  can0  181   [8]  21 14 21 14 00 00 00 00
 (1789091934.709772)  can0  601   [8]  40 41 60 00 00 00 00 00
 (1789091934.710024)  can0  581   [8]  43 41 60 00 21 14 21 14
 (1789091934.711750)  can0  601   [8]  40 6C 60 01 00 00 00 00
 (1789091934.712086)  can0  581   [8]  43 6C 60 01 00 00 00 00
 (1789091934.713746)  can0  601   [8]  40 6C 60 02 00 00 00 00
 (1789091934.714078)  can0  581   [8]  43 6C 60 02 00 00 00 00
 (1789091934.715745)  can0  601   [8]  40 6C 60 03 00 00 00 00
 (1789091934.716016)  can0  581   [8]  43 6C 60 03 00 00 00 00
 (1789091934.734965)  can0  181   [8]  21 14 21 14 00 00 00 00
 (1789091934.784913)  can0  181   [8]  21 14 21 14 00 00 00 00
 (1789091934.834861)  can0  181   [8]  21 14 21 14 00 00 00 00
 (1789091934.884810)  can0  181   [8]  21 14 21 14 00 00 00 00
 (1789091934.929647)  can0  701   [1]  05
 (1789091934.934756)  can0  181   [8]  21 14 21 14 00 00 00 00
 (1789091934.984704)  can0  181   [8]  21 14 21 14 00 00 00 00
 (1789091935.034650)  can0  181   [8]  21 14 21 14 00 00 00 00
 (1789091935.084597)  can0  181   [8]  21 14 21 14 00 00 00 00
 (1789091935.134543)  can0  181   [8]  21 14 21 14 00 00 00 00
 (1789091935.179195)  can0  701   [1]  05
 (1789091935.184492)  can0  181   [8]  21 14 21 14 00 00 00 00
 (1789091935.234437)  can0  181   [8]  21 14 21 14 00 00 00 00
 (1789091935.284385)  can0  181   [8]  21 14 21 14 00 00 00 00
 (1789091935.334330)  can0  181   [8]  21 14 21 14 00 00 00 00
 (1789091935.384280)  can0  181   [8]  21 14 21 14 00 00 00 00
 (1789091935.428678)  can0  701   [1]  05
 (1789091935.434223)  can0  181   [8]  21 14 21 14 00 00 00 00
 (1789091935.484172)  can0  181   [8]  21 14 21 14 00 00 00 00
 (1789091935.534122)  can0  181   [8]  21 14 21 14 00 00 00 00
 (1789091935.584069)  can0  181   [8]  21 14 21 14 00 00 00 00
 (1789091935.634014)  can0  181   [8]  21 14 21 14 00 00 00 00
 (1789091935.678228)  can0  701   [1]  05
 (1789091935.683960)  can0  181   [8]  21 14 21 14 00 00 00 00
 (1789091935.714838)  can0  601   [8]  40 41 60 00 00 00 00 00
 (1789091935.715189)  can0  581   [8]  43 41 60 00 21 14 21 14
 (1789091935.716786)  can0  601   [8]  40 6C 60 01 00 00 00 00
 (1789091935.717133)  can0  581   [8]  43 6C 60 01 00 00 00 00
 (1789091935.718774)  can0  601   [8]  40 6C 60 02 00 00 00 00
 (1789091935.719129)  can0  581   [8]  43 6C 60 02 00 00 00 00
 (1789091935.720781)  can0  601   [8]  40 6C 60 03 00 00 00 00
 (1789091935.721125)  can0  581   [8]  43 6C 60 03 00 00 00 00
 (1789091935.733905)  can0  181   [8]  21 14 21 14 00 00 00 00
 (1789091935.783839)  can0  181   [8]  21 14 21 14 00 00 00 00
 (1789091935.833802)  can0  181   [8]  21 14 21 14 00 00 00 00
 (1789091935.883750)  can0  181   [8]  21 14 21 14 00 00 00 00
 (1789091935.927713)  can0  701   [1]  05
 (1789091935.933696)  can0  181   [8]  21 14 21 14 00 00 00 00
 (1789091935.983643)  can0  181   [8]  21 14 21 14 00 00 00 00
 (1789091936.033590)  can0  181   [8]  21 14 21 14 00 00 00 00
 (1789091936.083536)  can0  181   [8]  21 14 21 14 00 00 00 00
 (1789091936.133483)  can0  181   [8]  21 14 21 14 00 00 00 00
 (1789091936.177204)  can0  701   [1]  05
 (1789091936.183429)  can0  181   [8]  21 14 21 14 00 00 00 00
 (1789091936.233379)  can0  181   [8]  21 14 21 14 00 00 00 00
 (1789091936.283326)  can0  181   [8]  21 14 21 14 00 00 00 00
 (1789091936.333272)  can0  181   [8]  21 14 21 14 00 00 00 00
 (1789091936.383218)  can0  181   [8]  21 14 21 14 00 00 00 00
 (1789091936.426747)  can0  701   [1]  05
 (1789091936.433166)  can0  181   [8]  21 14 21 14 00 00 00 00
 (1789091936.483112)  can0  181   [8]  21 14 21 14 00 00 00 00
 (1789091936.533060)  can0  181   [8]  21 14 21 14 00 00 00 00
 (1789091936.583008)  can0  181   [8]  21 14 21 14 00 00 00 00
 (1789091936.632954)  can0  181   [8]  21 14 21 14 00 00 00 00
 (1789091936.676296)  can0  701   [1]  05
 (1789091936.682906)  can0  181   [8]  21 14 21 14 00 00 00 00
 (1789091936.718776)  can0  601   [8]  40 41 60 00 00 00 00 00
 (1789091936.719124)  can0  581   [8]  43 41 60 00 21 14 21 14
 (1789091936.720751)  can0  601   [8]  40 6C 60 01 00 00 00 00
 (1789091936.721065)  can0  581   [8]  43 6C 60 01 00 00 00 00
 (1789091936.722745)  can0  601   [8]  40 6C 60 02 00 00 00 00
 (1789091936.723001)  can0  581   [8]  43 6C 60 02 00 00 00 00
 (1789091936.724748)  can0  601   [8]  40 6C 60 03 00 00 00 00
 (1789091936.724999)  can0  581   [8]  43 6C 60 03 00 00 00 00
 (1789091936.732910)  can0  181   [8]  21 14 21 14 00 00 00 00
 (1789091936.782856)  can0  181   [8]  21 14 21 14 00 00 00 00
 (1789091936.832804)  can0  181   [8]  21 14 21 14 00 00 00 00
 (1789091936.882752)  can0  181   [8]  21 14 21 14 00 00 00 00
 (1789091936.925781)  can0  701   [1]  05
 (1789091936.932699)  can0  181   [8]  21 14 21 14 00 00 00 00
 (1789091936.982646)  can0  181   [8]  21 14 21 14 00 00 00 00
 (1789091937.032592)  can0  181   [8]  21 14 21 14 00 00 00 00
 (1789091937.082538)  can0  181   [8]  21 14 21 14 00 00 00 00
 (1789091937.132487)  can0  181   [8]  21 14 21 14 00 00 00 00
 (1789091937.175325)  can0  701   [1]  05
 (1789091937.182496)  can0  181   [8]  21 14 21 14 00 00 00 00
 (1789091937.232446)  can0  181   [8]  21 14 21 14 00 00 00 00
 (1789091937.282451)  can0  181   [8]  21 14 21 14 00 00 00 00
 (1789091937.332462)  can0  181   [8]  21 14 21 14 00 00 00 00
 (1789091937.382472)  can0  181   [8]  21 14 21 14 00 00 00 00
 (1789091937.424874)  can0  701   [1]  05
 (1789091937.432478)  can0  181   [8]  21 14 21 14 00 00 00 00
 (1789091937.482487)  can0  181   [8]  21 14 21 14 00 00 00 00
 (1789091937.532498)  can0  181   [8]  21 14 21 14 00 00 00 00
 (1789091937.582508)  can0  181   [8]  21 14 21 14 00 00 00 00
 (1789091937.632519)  can0  181   [8]  21 14 21 14 00 00 00 00
 (1789091937.674424)  can0  701   [1]  05
 (1789091937.682526)  can0  181   [8]  21 14 21 14 00 00 00 00
 (1789091937.725771)  can0  601   [8]  40 41 60 00 00 00 00 00
 (1789091937.726105)  can0  581   [8]  43 41 60 00 21 14 21 14
 (1789091937.727750)  can0  601   [8]  40 6C 60 01 00 00 00 00
 (1789091937.728106)  can0  581   [8]  43 6C 60 01 00 00 00 00
 (1789091937.729743)  can0  601   [8]  40 6C 60 02 00 00 00 00
 (1789091937.729994)  can0  581   [8]  43 6C 60 02 00 00 00 00
 (1789091937.731744)  can0  601   [8]  40 6C 60 03 00 00 00 00
 (1789091937.732100)  can0  581   [8]  43 6C 60 03 00 00 00 00
 (1789091937.732478)  can0  181   [8]  21 14 21 14 00 00 00 00
 (1789091937.782548)  can0  181   [8]  21 14 21 14 00 00 00 00
 (1789091937.832564)  can0  181   [8]  21 14 21 14 00 00 00 00
 (1789091937.882565)  can0  181   [8]  21 14 21 14 00 00 00 00
 (1789091937.923972)  can0  701   [1]  05
 (1789091937.932521)  can0  181   [8]  21 14 21 14 00 00 00 00
 (1789091937.982522)  can0  181   [8]  21 14 21 14 00 00 00 00
 (1789091938.032476)  can0  181   [8]  21 14 21 14 00 00 00 00
 (1789091938.082479)  can0  181   [8]  21 14 21 14 00 00 00 00
 (1789091938.132434)  can0  181   [8]  21 14 21 14 00 00 00 00
 (1789091938.173519)  can0  701   [1]  05
 (1789091938.182434)  can0  181   [8]  21 14 21 14 00 00 00 00
 (1789091938.232386)  can0  181   [8]  21 14 21 14 00 00 00 00
 (1789091938.282392)  can0  181   [8]  21 14 21 14 00 00 00 00
 (1789091938.332346)  can0  181   [8]  21 14 21 14 00 00 00 00
 (1789091938.382347)  can0  181   [8]  21 14 21 14 00 00 00 00
 (1789091938.423007)  can0  701   [1]  05
 (1789091938.432303)  can0  181   [8]  21 14 21 14 00 00 00 00
 (1789091938.482304)  can0  181   [8]  21 14 21 14 00 00 00 00
 (1789091938.532258)  can0  181   [8]  21 14 21 14 00 00 00 00
 (1789091938.582271)  can0  181   [8]  21 14 21 14 00 00 00 00
 (1789091938.632214)  can0  181   [8]  21 14 21 14 00 00 00 00
 (1789091938.672558)  can0  701   [1]  05
 (1789091938.682217)  can0  181   [8]  21 14 21 14 00 00 00 00
 (1789091938.729768)  can0  601   [8]  40 41 60 00 00 00 00 00
 (1789091938.730041)  can0  581   [8]  43 41 60 00 21 14 21 14
 (1789091938.731749)  can0  601   [8]  40 6C 60 01 00 00 00 00
 (1789091938.732101)  can0  581   [8]  43 6C 60 01 00 00 00 00
 (1789091938.732342)  can0  181   [8]  21 14 21 14 00 00 00 00
 (1789091938.733688)  can0  601   [8]  40 6C 60 02 00 00 00 00
 (1789091938.734096)  can0  581   [8]  43 6C 60 02 00 00 00 00
 (1789091938.735744)  can0  601   [8]  40 6C 60 03 00 00 00 00
 (1789091938.736035)  can0  581   [8]  43 6C 60 03 00 00 00 00
 (1789091938.782174)  can0  181   [8]  21 14 21 14 00 00 00 00
 (1789091938.832120)  can0  181   [8]  21 14 21 14 00 00 00 00
 (1789091938.882067)  can0  181   [8]  21 14 21 14 00 00 00 00
 (1789091938.922040)  can0  701   [1]  05
 (1789091938.932016)  can0  181   [8]  21 14 21 14 00 00 00 00
 (1789091938.982021)  can0  181   [8]  21 14 21 14 00 00 00 00
 (1789091939.032030)  can0  181   [8]  21 14 21 14 00 00 00 00
 (1789091939.081978)  can0  181   [8]  21 14 21 14 00 00 00 00
 (1789091939.131930)  can0  181   [8]  21 14 21 14 00 00 00 00
 (1789091939.171588)  can0  701   [1]  05
 (1789091939.181935)  can0  181   [8]  21 14 21 14 00 00 00 00
 (1789091939.231893)  can0  181   [8]  21 14 21 14 00 00 00 00
 (1789091939.281891)  can0  181   [8]  21 14 21 14 00 00 00 00
 (1789091939.331847)  can0  181   [8]  21 14 21 14 00 00 00 00
 (1789091939.381849)  can0  181   [8]  21 14 21 14 00 00 00 00
 (1789091939.421074)  can0  701   [1]  05
 (1789091939.431805)  can0  181   [8]  21 14 21 14 00 00 00 00
 (1789091939.481804)  can0  181   [8]  21 14 21 14 00 00 00 00
 (1789091939.531756)  can0  181   [8]  21 14 21 14 00 00 00 00
 (1789091939.581761)  can0  181   [8]  21 14 21 14 00 00 00 00
 (1789091939.631717)  can0  181   [8]  21 14 21 14 00 00 00 00
 (1789091939.670621)  can0  701   [1]  05
 (1789091939.681717)  can0  181   [8]  21 14 21 14 00 00 00 00
 (1789091939.731668)  can0  181   [8]  21 14 21 14 00 00 00 00
 (1789091939.734766)  can0  601   [8]  40 41 60 00 00 00 00 00
 (1789091939.735087)  can0  581   [8]  43 41 60 00 21 14 21 14
 (1789091939.736747)  can0  601   [8]  40 6C 60 01 00 00 00 00
 (1789091939.737032)  can0  581   [8]  43 6C 60 01 00 00 00 00
 (1789091939.738742)  can0  601   [8]  40 6C 60 02 00 00 00 00
 (1789091939.739028)  can0  581   [8]  43 6C 60 02 00 00 00 00
 (1789091939.740746)  can0  601   [8]  40 6C 60 03 00 00 00 00
 (1789091939.741079)  can0  581   [8]  43 6C 60 03 00 00 00 00
 (1789091939.781675)  can0  181   [8]  21 14 21 14 00 00 00 00
 (1789091939.831683)  can0  181   [8]  21 14 21 14 00 00 00 00
 (1789091939.881694)  can0  181   [8]  21 14 21 14 00 00 00 00
 (1789091939.920170)  can0  701   [1]  05
 (1789091939.931702)  can0  181   [8]  21 14 21 14 00 00 00 00
 (1789091939.981710)  can0  181   [8]  21 14 21 14 00 00 00 00
 (1789091940.031722)  can0  181   [8]  21 14 21 14 00 00 00 00
 (1789091940.081730)  can0  181   [8]  21 14 21 14 00 00 00 00
 (1789091940.131738)  can0  181   [8]  21 14 21 14 00 00 00 00
 (1789091940.169715)  can0  701   [1]  05
 (1789091940.181751)  can0  181   [8]  21 14 21 14 00 00 00 00
 (1789091940.231764)  can0  181   [8]  21 14 21 14 00 00 00 00
 (1789091940.281771)  can0  181   [8]  21 14 21 14 00 00 00 00
 (1789091940.331777)  can0  181   [8]  21 14 21 14 00 00 00 00
 (1789091940.381785)  can0  181   [8]  21 14 21 14 00 00 00 00
 (1789091940.419204)  can0  701   [1]  05
 (1789091940.431796)  can0  181   [8]  21 14 21 14 00 00 00 00
 (1789091940.481805)  can0  181   [8]  21 14 21 14 00 00 00 00
 (1789091940.531814)  can0  181   [8]  21 14 21 14 00 00 00 00
 (1789091940.581824)  can0  181   [8]  21 14 21 14 00 00 00 00
 (1789091940.631834)  can0  181   [8]  21 14 21 14 00 00 00 00
 (1789091940.668751)  can0  701   [1]  05
 (1789091940.681843)  can0  181   [8]  21 14 21 14 00 00 00 00
 (1789091940.731853)  can0  181   [8]  21 14 21 14 00 00 00 00
 (1789091940.736791)  can0  601   [8]  40 41 60 00 00 00 00 00
 (1789091940.737032)  can0  581   [8]  43 41 60 00 21 14 21 14
 (1789091940.738754)  can0  601   [8]  40 6C 60 01 00 00 00 00
 (1789091940.739086)  can0  581   [8]  43 6C 60 01 00 00 00 00
 (1789091940.740747)  can0  601   [8]  40 6C 60 02 00 00 00 00
 (1789091940.741081)  can0  581   [8]  43 6C 60 02 00 00 00 00
 (1789091940.742747)  can0  601   [8]  40 6C 60 03 00 00 00 00
 (1789091940.743019)  can0  581   [8]  43 6C 60 03 00 00 00 00
 (1789091940.781861)  can0  181   [8]  21 14 21 14 00 00 00 00
 (1789091940.831870)  can0  181   [8]  21 14 21 14 00 00 00 00
 (1789091940.881881)  can0  181   [8]  21 14 21 14 00 00 00 00
 (1789091940.918299)  can0  701   [1]  05
 (1789091940.931890)  can0  181   [8]  21 14 21 14 00 00 00 00
 (1789091940.981898)  can0  181   [8]  21 14 21 14 00 00 00 00
 (1789091941.031909)  can0  181   [8]  21 14 21 14 00 00 00 00
 (1789091941.081920)  can0  181   [8]  21 14 21 14 00 00 00 00
 (1789091941.131927)  can0  181   [8]  21 14 21 14 00 00 00 00
 (1789091941.167785)  can0  701   [1]  05
 (1789091941.181937)  can0  181   [8]  21 14 21 14 00 00 00 00
 (1789091941.231945)  can0  181   [8]  21 14 21 14 00 00 00 00
 (1789091941.281956)  can0  181   [8]  21 14 21 14 00 00 00 00
 (1789091941.331931)  can0  181   [8]  21 14 21 14 00 00 00 00
 (1789091941.381972)  can0  181   [8]  21 14 21 14 00 00 00 00
 (1789091941.417334)  can0  701   [1]  05
 (1789091941.431983)  can0  181   [8]  21 14 21 14 00 00 00 00
 (1789091941.481993)  can0  181   [8]  21 14 21 14 00 00 00 00
 (1789091941.532005)  can0  181   [8]  21 14 21 14 00 00 00 00
 (1789091941.582017)  can0  181   [8]  21 14 21 14 00 00 00 00
 (1789091941.632021)  can0  181   [8]  21 14 21 14 00 00 00 00
 (1789091941.666881)  can0  701   [1]  05
 (1789091941.681977)  can0  181   [8]  21 14 21 14 00 00 00 00
 (1789091941.731977)  can0  181   [8]  21 14 21 14 00 00 00 00
 (1789091941.740774)  can0  601   [8]  40 41 60 00 00 00 00 00
 (1789091941.741073)  can0  581   [8]  43 41 60 00 21 14 21 14
 (1789091941.742750)  can0  601   [8]  40 6C 60 01 00 00 00 00
 (1789091941.743020)  can0  581   [8]  43 6C 60 01 00 00 00 00
 (1789091941.744747)  can0  601   [8]  40 6C 60 02 00 00 00 00
 (1789091941.745072)  can0  581   [8]  43 6C 60 02 00 00 00 00
 (1789091941.746748)  can0  601   [8]  40 6C 60 03 00 00 00 00
 (1789091941.747011)  can0  581   [8]  43 6C 60 03 00 00 00 00
 (1789091941.781930)  can0  181   [8]  21 14 21 14 00 00 00 00
 (1789091941.831935)  can0  181   [8]  21 14 21 14 00 00 00 00
 (1789091941.881889)  can0  181   [8]  21 14 21 14 00 00 00 00
 (1789091941.916373)  can0  701   [1]  05
 (1789091941.931889)  can0  181   [8]  21 14 21 14 00 00 00 00
 (1789091941.981843)  can0  181   [8]  21 14 21 14 00 00 00 00
 (1789091942.031846)  can0  181   [8]  21 14 21 14 00 00 00 00
 (1789091942.081804)  can0  181   [8]  21 14 21 14 00 00 00 00
 (1789091942.131804)  can0  181   [8]  21 14 21 14 00 00 00 00
 (1789091942.165914)  can0  701   [1]  05
 (1789091942.181757)  can0  181   [8]  21 14 21 14 00 00 00 00
 (1789091942.231761)  can0  181   [8]  21 14 21 14 00 00 00 00
 (1789091942.281714)  can0  181   [8]  21 14 21 14 00 00 00 00
 (1789091942.331716)  can0  181   [8]  21 14 21 14 00 00 00 00
 (1789091942.381670)  can0  181   [8]  21 14 21 14 00 00 00 00
 (1789091942.415405)  can0  701   [1]  05
 (1789091942.431672)  can0  181   [8]  21 14 21 14 00 00 00 00
 (1789091942.481627)  can0  181   [8]  21 14 21 14 00 00 00 00
 (1789091942.531629)  can0  181   [8]  21 14 21 14 00 00 00 00
 (1789091942.581584)  can0  181   [8]  21 14 21 14 00 00 00 00
 (1789091942.631584)  can0  181   [8]  21 14 21 14 00 00 00 00
 (1789091942.664949)  can0  701   [1]  05
 (1789091942.681541)  can0  181   [8]  21 14 21 14 00 00 00 00
 (1789091942.731541)  can0  181   [8]  21 14 21 14 00 00 00 00
 (1789091942.747766)  can0  601   [8]  40 41 60 00 00 00 00 00
 (1789091942.748066)  can0  581   [8]  43 41 60 00 21 14 21 14
 (1789091942.749749)  can0  601   [8]  40 6C 60 01 00 00 00 00
 (1789091942.750004)  can0  581   [8]  43 6C 60 01 00 00 00 00
 (1789091942.751743)  can0  601   [8]  40 6C 60 02 00 00 00 00
 (1789091942.752057)  can0  581   [8]  43 6C 60 02 00 00 00 00
 (1789091942.753688)  can0  601   [8]  40 6C 60 03 00 00 00 00
 (1789091942.754053)  can0  581   [8]  43 6C 60 03 00 00 00 00
 (1789091942.781497)  can0  181   [8]  21 14 21 14 00 00 00 00
 (1789091942.831497)  can0  181   [8]  21 14 21 14 00 00 00 00
 (1789091942.881448)  can0  181   [8]  21 14 21 14 00 00 00 00
 (1789091942.914438)  can0  701   [1]  05
 (1789091942.931453)  can0  181   [8]  21 14 21 14 00 00 00 00
 (1789091942.981410)  can0  181   [8]  21 14 21 14 00 00 00 00
 (1789091943.031411)  can0  181   [8]  21 14 21 14 00 00 00 00
 (1789091943.081363)  can0  181   [8]  21 14 21 14 00 00 00 00
 (1789091943.131309)  can0  181   [8]  21 14 21 14 00 00 00 00
 (1789091943.163982)  can0  701   [1]  05
 (1789091943.181374)  can0  181   [8]  21 14 21 14 00 00 00 00
 (1789091943.231322)  can0  181   [8]  21 14 21 14 00 00 00 00
 (1789091943.281272)  can0  181   [8]  21 14 21 14 00 00 00 00
 (1789091943.331278)  can0  181   [8]  21 14 21 14 00 00 00 00
 (1789091943.381230)  can0  181   [8]  21 14 21 14 00 00 00 00
 (1789091943.413531)  can0  701   [1]  05
 (1789091943.431298)  can0  181   [8]  21 14 21 14 00 00 00 00
 (1789091943.481308)  can0  181   [8]  21 14 21 14 00 00 00 00
 (1789091943.531317)  can0  181   [8]  21 14 21 14 00 00 00 00
 (1789091943.581325)  can0  181   [8]  21 14 21 14 00 00 00 00
 (1789091943.631336)  can0  181   [8]  21 14 21 14 00 00 00 00
 (1789091943.663077)  can0  701   [1]  05
 (1789091943.681344)  can0  181   [8]  21 14 21 14 00 00 00 00
 (1789091943.731353)  can0  181   [8]  21 14 21 14 00 00 00 00
 (1789091943.752798)  can0  601   [8]  40 41 60 00 00 00 00 00
 (1789091943.753052)  can0  581   [8]  43 41 60 00 21 14 21 14
 (1789091943.754750)  can0  601   [8]  40 6C 60 01 00 00 00 00
 (1789091943.755058)  can0  581   [8]  43 6C 60 01 00 00 00 00
 (1789091943.756744)  can0  601   [8]  40 6C 60 02 00 00 00 00
 (1789091943.757052)  can0  581   [8]  43 6C 60 02 00 00 00 00
 (1789091943.758746)  can0  601   [8]  40 6C 60 03 00 00 00 00
 (1789091943.759045)  can0  581   [8]  43 6C 60 03 00 00 00 00
 (1789091943.781362)  can0  181   [8]  21 14 21 14 00 00 00 00
 (1789091943.831373)  can0  181   [8]  21 14 21 14 00 00 00 00
 (1789091943.881382)  can0  181   [8]  21 14 21 14 00 00 00 00
 (1789091943.912562)  can0  701   [1]  05
 (1789091943.931392)  can0  181   [8]  21 14 21 14 00 00 00 00
 (1789091943.981403)  can0  181   [8]  21 14 21 14 00 00 00 00
 (1789091944.031410)  can0  181   [8]  21 14 21 14 00 00 00 00
 (1789091944.081423)  can0  181   [8]  21 14 21 14 00 00 00 00
 (1789091944.131429)  can0  181   [8]  21 14 21 14 00 00 00 00
 (1789091944.162059)  can0  701   [1]  05
 (1789091944.181438)  can0  181   [8]  21 14 21 14 00 00 00 00
 (1789091944.231448)  can0  181   [8]  21 14 21 14 00 00 00 00
 (1789091944.281456)  can0  181   [8]  21 14 21 14 00 00 00 00
 (1789091944.331467)  can0  181   [8]  21 14 21 14 00 00 00 00
 (1789091944.381476)  can0  181   [8]  21 14 21 14 00 00 00 00
 (1789091944.411597)  can0  701   [1]  05
 (1789091944.431484)  can0  181   [8]  21 14 21 14 00 00 00 00
 (1789091944.481495)  can0  181   [8]  21 14 21 14 00 00 00 00
 (1789091944.531504)  can0  181   [8]  21 14 21 14 00 00 00 00
 (1789091944.581514)  can0  181   [8]  21 14 21 14 00 00 00 00
 (1789091944.631522)  can0  181   [8]  21 14 21 14 00 00 00 00
 (1789091944.661085)  can0  701   [1]  05
 (1789091944.681531)  can0  181   [8]  21 14 21 14 00 00 00 00
 (1789091944.731542)  can0  181   [8]  21 14 21 14 00 00 00 00
 (1789091944.756764)  can0  601   [8]  40 41 60 00 00 00 00 00
 (1789091944.757042)  can0  581   [8]  43 41 60 00 21 14 21 14
 (1789091944.758750)  can0  601   [8]  40 6C 60 01 00 00 00 00
 (1789091944.759104)  can0  581   [8]  43 6C 60 01 00 00 00 00
 (1789091944.760745)  can0  601   [8]  40 6C 60 02 00 00 00 00
 (1789091944.761099)  can0  581   [8]  43 6C 60 02 00 00 00 00
 (1789091944.762745)  can0  601   [8]  40 6C 60 03 00 00 00 00
 (1789091944.763037)  can0  581   [8]  43 6C 60 03 00 00 00 00
 (1789091944.781551)  can0  181   [8]  21 14 21 14 00 00 00 00
 (1789091944.831560)  can0  181   [8]  21 14 21 14 00 00 00 00
 (1789091944.881570)  can0  181   [8]  21 14 21 14 00 00 00 00
 (1789091944.910631)  can0  701   [1]  05
 (1789091944.931580)  can0  181   [8]  21 14 21 14 00 00 00 00
 (1789091944.981587)  can0  181   [8]  21 14 21 14 00 00 00 00
 (1789091945.031598)  can0  181   [8]  21 14 21 14 00 00 00 00
 (1789091945.081606)  can0  181   [8]  21 14 21 14 00 00 00 00
 (1789091945.131617)  can0  181   [8]  21 14 21 14 00 00 00 00
 (1789091945.160115)  can0  701   [1]  05
 (1789091945.181626)  can0  181   [8]  21 14 21 14 00 00 00 00
 (1789091945.231634)  can0  181   [8]  21 14 21 14 00 00 00 00
 (1789091945.281645)  can0  181   [8]  21 14 21 14 00 00 00 00
 (1789091945.331653)  can0  181   [8]  21 14 21 14 00 00 00 00
 (1789091945.381666)  can0  181   [8]  21 14 21 14 00 00 00 00
 (1789091945.409665)  can0  701   [1]  05
 (1789091945.431673)  can0  181   [8]  21 14 21 14 00 00 00 00
 (1789091945.481682)  can0  181   [8]  21 14 21 14 00 00 00 00
 (1789091945.531692)  can0  181   [8]  21 14 21 14 00 00 00 00
 (1789091945.581700)  can0  181   [8]  21 14 21 14 00 00 00 00
 (1789091945.631710)  can0  181   [8]  21 14 21 14 00 00 00 00
 (1789091945.659150)  can0  701   [1]  05
 (1789091945.681720)  can0  181   [8]  21 14 21 14 00 00 00 00
 (1789091945.731729)  can0  181   [8]  21 14 21 14 00 00 00 00
 (1789091945.762766)  can0  601   [8]  40 41 60 00 00 00 00 00
 (1789091945.763030)  can0  581   [8]  43 41 60 00 21 14 21 14
 (1789091945.764750)  can0  601   [8]  40 6C 60 01 00 00 00 00
 (1789091945.765090)  can0  581   [8]  43 6C 60 01 00 00 00 00
 (1789091945.766745)  can0  601   [8]  40 6C 60 02 00 00 00 00
 (1789091945.767028)  can0  581   [8]  43 6C 60 02 00 00 00 00
 (1789091945.768747)  can0  601   [8]  40 6C 60 03 00 00 00 00
 (1789091945.769024)  can0  581   [8]  43 6C 60 03 00 00 00 00
 (1789091945.781737)  can0  181   [8]  21 14 21 14 00 00 00 00
 (1789091945.831748)  can0  181   [8]  21 14 21 14 00 00 00 00
 (1789091945.881756)  can0  181   [8]  21 14 21 14 00 00 00 00
 (1789091945.908698)  can0  701   [1]  05
 (1789091945.931767)  can0  181   [8]  21 14 21 14 00 00 00 00
 (1789091945.981775)  can0  181   [8]  21 14 21 14 00 00 00 00
 (1789091946.031785)  can0  181   [8]  21 14 21 14 00 00 00 00
 (1789091946.081795)  can0  181   [8]  21 14 21 14 00 00 00 00
 (1789091946.131804)  can0  181   [8]  21 14 21 14 00 00 00 00
 (1789091946.158185)  can0  701   [1]  05
 (1789091946.181814)  can0  181   [8]  21 14 21 14 00 00 00 00
 (1789091946.231823)  can0  181   [8]  21 14 21 14 00 00 00 00
 (1789091946.281831)  can0  181   [8]  21 14 21 14 00 00 00 00
 (1789091946.331843)  can0  181   [8]  21 14 21 14 00 00 00 00
 (1789091946.381851)  can0  181   [8]  21 14 21 14 00 00 00 00
 (1789091946.407732)  can0  701   [1]  05
 (1789091946.431861)  can0  181   [8]  21 14 21 14 00 00 00 00
 (1789091946.481870)  can0  181   [8]  21 14 21 14 00 00 00 00
 (1789091946.531878)  can0  181   [8]  21 14 21 14 00 00 00 00
 (1789091946.581890)  can0  181   [8]  21 14 21 14 00 00 00 00
 (1789091946.631897)  can0  181   [8]  21 14 21 14 00 00 00 00
 (1789091946.657173)  can0  701   [1]  05
 (1789091946.681906)  can0  181   [8]  21 14 21 14 00 00 00 00
 (1789091946.731917)  can0  181   [8]  21 14 21 14 00 00 00 00
 (1789091946.769765)  can0  601   [8]  40 41 60 00 00 00 00 00
 (1789091946.770014)  can0  581   [8]  43 41 60 00 21 14 21 14
 (1789091946.771748)  can0  601   [8]  40 6C 60 01 00 00 00 00
 (1789091946.772071)  can0  581   [8]  43 6C 60 01 00 00 00 00
 (1789091946.773745)  can0  601   [8]  40 6C 60 02 00 00 00 00
 (1789091946.774069)  can0  581   [8]  43 6C 60 02 00 00 00 00
 (1789091946.775746)  can0  601   [8]  40 6C 60 03 00 00 00 00
 (1789091946.776008)  can0  581   [8]  43 6C 60 03 00 00 00 00
 (1789091946.781926)  can0  181   [8]  21 14 21 14 00 00 00 00
 (1789091946.831935)  can0  181   [8]  21 14 21 14 00 00 00 00
 (1789091946.881946)  can0  181   [8]  21 14 21 14 00 00 00 00
 (1789091946.906763)  can0  701   [1]  05
 (1789091946.931954)  can0  181   [8]  21 14 21 14 00 00 00 00
 (1789091946.981964)  can0  181   [8]  21 14 21 14 00 00 00 00
 (1789091947.031972)  can0  181   [8]  21 14 21 14 00 00 00 00
 (1789091947.081981)  can0  181   [8]  21 14 21 14 00 00 00 00
 (1789091947.131992)  can0  181   [8]  21 14 21 14 00 00 00 00
 (1789091947.156250)  can0  701   [1]  05
 (1789091947.182000)  can0  181   [8]  21 14 21 14 00 00 00 00
 (1789091947.232011)  can0  181   [8]  21 14 21 14 00 00 00 00
 (1789091947.282019)  can0  181   [8]  21 14 21 14 00 00 00 00
 (1789091947.332028)  can0  181   [8]  21 14 21 14 00 00 00 00
 (1789091947.382038)  can0  181   [8]  21 14 21 14 00 00 00 00
 (1789091947.405742)  can0  701   [1]  05
 (1789091947.432047)  can0  181   [8]  21 14 21 14 00 00 00 00
 (1789091947.482058)  can0  181   [8]  21 14 21 14 00 00 00 00
 (1789091947.532067)  can0  181   [8]  21 14 21 14 00 00 00 00
 (1789091947.582074)  can0  181   [8]  21 14 21 14 00 00 00 00
 (1789091947.632086)  can0  181   [8]  21 14 21 14 00 00 00 00
 (1789091947.655285)  can0  701   [1]  05
 (1789091947.682095)  can0  181   [8]  21 14 21 14 00 00 00 00
 (1789091947.732102)  can0  181   [8]  21 14 21 14 00 00 00 00
 (1789091947.775762)  can0  601   [8]  40 41 60 00 00 00 00 00
 (1789091947.776063)  can0  581   [8]  43 41 60 00 21 14 21 14
 (1789091947.777748)  can0  601   [8]  40 6C 60 01 00 00 00 00
 (1789091947.778060)  can0  581   [8]  43 6C 60 01 00 00 00 00
 (1789091947.779744)  can0  601   [8]  40 6C 60 02 00 00 00 00
 (1789091947.779999)  can0  581   [8]  43 6C 60 02 00 00 00 00
 (1789091947.781746)  can0  601   [8]  40 6C 60 03 00 00 00 00
 (1789091947.782054)  can0  581   [8]  43 6C 60 03 00 00 00 00
 (1789091947.782235)  can0  181   [8]  21 14 21 14 00 00 00 00
 (1789091947.832184)  can0  181   [8]  21 14 21 14 00 00 00 00
 (1789091947.882142)  can0  181   [8]  21 14 21 14 00 00 00 00
 (1789091947.904771)  can0  701   [1]  05
 (1789091947.932141)  can0  181   [8]  21 14 21 14 00 00 00 00
 (1789091947.982092)  can0  181   [8]  21 14 21 14 00 00 00 00
 (1789091948.032096)  can0  181   [8]  21 14 21 14 00 00 00 00
 (1789091948.082055)  can0  181   [8]  21 14 21 14 00 00 00 00
 (1789091948.132054)  can0  181   [8]  21 14 21 14 00 00 00 00
 (1789091948.154319)  can0  701   [1]  05
 (1789091948.182008)  can0  181   [8]  21 14 21 14 00 00 00 00
 (1789091948.232010)  can0  181   [8]  21 14 21 14 00 00 00 00
 (1789091948.281965)  can0  181   [8]  21 14 21 14 00 00 00 00
 (1789091948.331966)  can0  181   [8]  21 14 21 14 00 00 00 00
 (1789091948.381919)  can0  181   [8]  21 14 21 14 00 00 00 00
 (1789091948.403804)  can0  701   [1]  05
 (1789091948.431924)  can0  181   [8]  21 14 21 14 00 00 00 00
 (1789091948.481879)  can0  181   [8]  21 14 21 14 00 00 00 00
 (1789091948.531880)  can0  181   [8]  21 14 21 14 00 00 00 00
 (1789091948.581831)  can0  181   [8]  21 14 21 14 00 00 00 00
 (1789091948.631837)  can0  181   [8]  21 14 21 14 00 00 00 00
 (1789091948.653352)  can0  701   [1]  05
 (1789091948.681792)  can0  181   [8]  21 14 21 14 00 00 00 00
 (1789091948.731792)  can0  181   [8]  21 14 21 14 00 00 00 00
 (1789091948.780763)  can0  601   [8]  40 41 60 00 00 00 00 00
 (1789091948.781110)  can0  581   [8]  43 41 60 00 21 14 21 14
 (1789091948.781746)  can0  181   [8]  21 14 21 14 00 00 00 00
 (1789091948.782071)  can0  601   [8]  40 6C 60 01 00 00 00 00
 (1789091948.782369)  can0  581   [8]  43 6C 60 01 00 00 00 00
 (1789091948.783686)  can0  601   [8]  40 6C 60 02 00 00 00 00
 (1789091948.784051)  can0  581   [8]  43 6C 60 02 00 00 00 00
 (1789091948.785745)  can0  601   [8]  40 6C 60 03 00 00 00 00
 (1789091948.786044)  can0  581   [8]  43 6C 60 03 00 00 00 00
 (1789091948.831749)  can0  181   [8]  21 14 21 14 00 00 00 00
 (1789091948.881704)  can0  181   [8]  21 14 21 14 00 00 00 00
 (1789091948.902838)  can0  701   [1]  05
 (1789091948.931706)  can0  181   [8]  21 14 21 14 00 00 00 00
 (1789091948.981661)  can0  181   [8]  21 14 21 14 00 00 00 00
 (1789091949.031662)  can0  181   [8]  21 14 21 14 00 00 00 00
 (1789091949.081618)  can0  181   [8]  21 14 21 14 00 00 00 00
 (1789091949.131619)  can0  181   [8]  21 14 21 14 00 00 00 00
 (1789091949.152386)  can0  701   [1]  05
 (1789091949.181569)  can0  181   [8]  21 14 21 14 00 00 00 00
 (1789091949.231574)  can0  181   [8]  21 14 21 14 00 00 00 00
 (1789091949.281580)  can0  181   [8]  21 14 21 14 00 00 00 00
 (1789091949.331531)  can0  181   [8]  21 14 21 14 00 00 00 00
 (1789091949.381480)  can0  181   [8]  21 14 21 14 00 00 00 00
 (1789091949.401871)  can0  701   [1]  05
 (1789091949.431487)  can0  181   [8]  21 14 21 14 00 00 00 00
 (1789091949.481493)  can0  181   [8]  21 14 21 14 00 00 00 00
 (1789091949.531444)  can0  181   [8]  21 14 21 14 00 00 00 00
 (1789091949.581394)  can0  181   [8]  21 14 21 14 00 00 00 00
 (1789091949.631399)  can0  181   [8]  21 14 21 14 00 00 00 00
 (1789091949.651417)  can0  701   [1]  05
 (1789091949.681407)  can0  181   [8]  21 14 21 14 00 00 00 00
 (1789091949.731358)  can0  181   [8]  21 14 21 14 00 00 00 00
 (1789091949.781306)  can0  181   [8]  21 14 21 14 00 00 00 00
 (1789091949.784764)  can0  601   [8]  40 41 60 00 00 00 00 00
 (1789091949.785100)  can0  581   [8]  43 41 60 00 21 14 21 14
 (1789091949.786748)  can0  601   [8]  40 6C 60 01 00 00 00 00
 (1789091949.787045)  can0  581   [8]  43 6C 60 01 00 00 00 00
 (1789091949.788745)  can0  601   [8]  40 6C 60 02 00 00 00 00
 (1789091949.789098)  can0  581   [8]  43 6C 60 02 00 00 00 00
 (1789091949.790746)  can0  601   [8]  40 6C 60 03 00 00 00 00
 (1789091949.791093)  can0  581   [8]  43 6C 60 03 00 00 00 00
 (1789091949.831312)  can0  181   [8]  21 14 21 14 00 00 00 00
 (1789091949.881321)  can0  181   [8]  21 14 21 14 00 00 00 00
 (1789091949.900967)  can0  701   [1]  05
 (1789091949.931269)  can0  181   [8]  21 14 21 14 00 00 00 00
 (1789091949.981218)  can0  181   [8]  21 14 21 14 00 00 00 00
 (1789091950.031224)  can0  181   [8]  21 14 21 14 00 00 00 00
 (1789091950.081233)  can0  181   [8]  21 14 21 14 00 00 00 00
 (1789091950.131183)  can0  181   [8]  21 14 21 14 00 00 00 00
 (1789091950.150442)  can0  701   [1]  05
 (1789091950.181132)  can0  181   [8]  21 14 21 14 00 00 00 00
 (1789091950.231138)  can0  181   [8]  21 14 21 14 00 00 00 00
 (1789091950.281145)  can0  181   [8]  21 14 21 14 00 00 00 00
 (1789091950.331096)  can0  181   [8]  21 14 21 14 00 00 00 00
 (1789091950.380993)  can0  181   [8]  21 14 21 14 00 00 00 00
 (1789091950.400001)  can0  701   [1]  05
 (1789091950.431050)  can0  181   [8]  21 14 21 14 00 00 00 00
 (1789091950.481001)  can0  181   [8]  21 14 21 14 00 00 00 00
 (1789091950.531008)  can0  181   [8]  21 14 21 14 00 00 00 00
 (1789091950.581015)  can0  181   [8]  21 14 21 14 00 00 00 00
 (1789091950.630909)  can0  181   [8]  21 14 21 14 00 00 00 00
 (1789091950.649489)  can0  701   [1]  05
 (1789091950.680914)  can0  181   [8]  21 14 21 14 00 00 00 00
 (1789091950.730921)  can0  181   [8]  21 14 21 14 00 00 00 00
 (1789091950.780927)  can0  181   [8]  21 14 21 14 00 00 00 00
 (1789091950.791766)  can0  601   [8]  40 41 60 00 00 00 00 00
 (1789091950.792084)  can0  581   [8]  43 41 60 00 21 14 21 14
 (1789091950.793692)  can0  601   [8]  40 6C 60 01 00 00 00 00
 (1789091950.794088)  can0  581   [8]  43 6C 60 01 00 00 00 00
 (1789091950.795746)  can0  601   [8]  40 6C 60 02 00 00 00 00
 (1789091950.796024)  can0  581   [8]  43 6C 60 02 00 00 00 00
 (1789091950.797745)  can0  601   [8]  40 6C 60 03 00 00 00 00
 (1789091950.798078)  can0  581   [8]  43 6C 60 03 00 00 00 00
 (1789091950.830878)  can0  181   [8]  21 14 21 14 00 00 00 00
 (1789091950.880829)  can0  181   [8]  21 14 21 14 00 00 00 00
 (1789091950.899034)  can0  701   [1]  05
 (1789091950.930832)  can0  181   [8]  21 14 21 14 00 00 00 00
 (1789091950.980791)  can0  181   [8]  21 14 21 14 00 00 00 00
 (1789091951.030789)  can0  181   [8]  21 14 21 14 00 00 00 00
 (1789091951.080798)  can0  181   [8]  21 14 21 14 00 00 00 00
 (1789091951.130747)  can0  181   [8]  21 14 21 14 00 00 00 00
 (1789091951.148521)  can0  701   [1]  05
 (1789091951.180692)  can0  181   [8]  21 14 21 14 00 00 00 00
 (1789091951.230642)  can0  181   [8]  21 14 21 14 00 00 00 00
 (1789091951.280587)  can0  181   [8]  21 14 21 14 00 00 00 00
 (1789091951.330501)  can0  181   [8]  21 14 21 14 00 00 00 00
 (1789091951.380424)  can0  181   [8]  21 14 21 14 00 00 00 00
 (1789091951.398062)  can0  701   [1]  05
 (1789091951.430426)  can0  181   [8]  21 14 21 14 00 00 00 00
 (1789091951.480374)  can0  181   [8]  21 14 21 14 00 00 00 00
 (1789091951.530323)  can0  181   [8]  21 14 21 14 00 00 00 00
 (1789091951.580269)  can0  181   [8]  21 14 21 14 00 00 00 00
 (1789091951.630216)  can0  181   [8]  21 14 21 14 00 00 00 00
 (1789091951.647556)  can0  701   [1]  05
 (1789091951.680162)  can0  181   [8]  21 14 21 14 00 00 00 00
 (1789091951.730110)  can0  181   [8]  21 14 21 14 00 00 00 00
 (1789091951.780057)  can0  181   [8]  21 14 21 14 00 00 00 00
 (1789091951.798766)  can0  601   [8]  40 41 60 00 00 00 00 00
 (1789091951.799068)  can0  581   [8]  43 41 60 00 21 14 21 14
 (1789091951.800750)  can0  601   [8]  40 6C 60 01 00 00 00 00
 (1789091951.801071)  can0  581   [8]  43 6C 60 01 00 00 00 00
 (1789091951.802745)  can0  601   [8]  40 6C 60 02 00 00 00 00
 (1789091951.803010)  can0  581   [8]  43 6C 60 02 00 00 00 00
 (1789091951.804748)  can0  601   [8]  40 6C 60 03 00 00 00 00
 (1789091951.805064)  can0  581   [8]  43 6C 60 03 00 00 00 00
 (1789091951.830004)  can0  181   [8]  21 14 21 14 00 00 00 00
 (1789091951.879952)  can0  181   [8]  21 14 21 14 00 00 00 00
 (1789091951.897045)  can0  701   [1]  05
 (1789091951.929897)  can0  181   [8]  21 14 21 14 00 00 00 00
 (1789091951.979846)  can0  181   [8]  21 14 21 14 00 00 00 00
 (1789091952.029792)  can0  181   [8]  21 14 21 14 00 00 00 00
 (1789091952.079738)  can0  181   [8]  21 14 21 14 00 00 00 00
 (1789091952.129687)  can0  181   [8]  21 14 21 14 00 00 00 00
 (1789091952.146589)  can0  701   [1]  05
 (1789091952.179634)  can0  181   [8]  21 14 21 14 00 00 00 00
 (1789091952.229580)  can0  181   [8]  21 14 21 14 00 00 00 00
 (1789091952.279527)  can0  181   [8]  21 14 21 14 00 00 00 00
 (1789091952.329474)  can0  181   [8]  21 14 21 14 00 00 00 00
 (1789091952.379420)  can0  181   [8]  21 14 21 14 00 00 00 00
 (1789091952.396074)  can0  701   [1]  05
 (1789091952.429367)  can0  181   [8]  21 14 21 14 00 00 00 00
 (1789091952.479315)  can0  181   [8]  21 14 21 14 00 00 00 00
 (1789091952.529262)  can0  181   [8]  21 14 21 14 00 00 00 00
 (1789091952.579210)  can0  181   [8]  21 14 21 14 00 00 00 00
 (1789091952.629157)  can0  181   [8]  21 14 21 14 00 00 00 00
 (1789091952.645621)  can0  701   [1]  05
 (1789091952.679103)  can0  181   [8]  21 14 21 14 00 00 00 00
 (1789091952.729050)  can0  181   [8]  21 14 21 14 00 00 00 00
 (1789091952.778997)  can0  181   [8]  21 14 21 14 00 00 00 00
 (1789091952.805766)  can0  601   [8]  40 41 60 00 00 00 00 00
 (1789091952.806114)  can0  581   [8]  43 41 60 00 21 14 21 14
 (1789091952.807750)  can0  601   [8]  40 6C 60 01 00 00 00 00
 (1789091952.808061)  can0  581   [8]  43 6C 60 01 00 00 00 00
 (1789091952.809743)  can0  601   [8]  40 6C 60 02 00 00 00 00
 (1789091952.810000)  can0  581   [8]  43 6C 60 02 00 00 00 00
 (1789091952.811746)  can0  601   [8]  40 6C 60 03 00 00 00 00
 (1789091952.812052)  can0  581   [8]  43 6C 60 03 00 00 00 00
 (1789091952.828945)  can0  181   [8]  21 14 21 14 00 00 00 00
 (1789091952.878892)  can0  181   [8]  21 14 21 14 00 00 00 00
 (1789091952.895107)  can0  701   [1]  05
 (1789091952.928838)  can0  181   [8]  21 14 21 14 00 00 00 00
 (1789091952.978785)  can0  181   [8]  21 14 21 14 00 00 00 00
 (1789091953.028738)  can0  181   [8]  21 14 21 14 00 00 00 00
 (1789091953.078743)  can0  181   [8]  21 14 21 14 00 00 00 00
 (1789091953.128689)  can0  181   [8]  21 14 21 14 00 00 00 00
 (1789091953.144655)  can0  701   [1]  05
 (1789091953.178636)  can0  181   [8]  21 14 21 14 00 00 00 00
 (1789091953.228584)  can0  181   [8]  21 14 21 14 00 00 00 00
 (1789091953.278529)  can0  181   [8]  21 14 21 14 00 00 00 00
 (1789091953.328476)  can0  181   [8]  21 14 21 14 00 00 00 00
 (1789091953.378425)  can0  181   [8]  21 14 21 14 00 00 00 00
 (1789091953.394140)  can0  701   [1]  05
 (1789091953.428371)  can0  181   [8]  21 14 21 14 00 00 00 00
 (1789091953.478320)  can0  181   [8]  21 14 21 14 00 00 00 00
 (1789091953.528264)  can0  181   [8]  21 14 21 14 00 00 00 00
 (1789091953.578211)  can0  181   [8]  21 14 21 14 00 00 00 00
 (1789091953.628158)  can0  181   [8]  21 14 21 14 00 00 00 00
 (1789091953.643689)  can0  701   [1]  05
 (1789091953.678105)  can0  181   [8]  21 14 21 14 00 00 00 00
 (1789091953.728053)  can0  181   [8]  21 14 21 14 00 00 00 00
 (1789091953.778001)  can0  181   [8]  21 14 21 14 00 00 00 00
 (1789091953.810764)  can0  601   [8]  40 41 60 00 00 00 00 00
 (1789091953.811104)  can0  581   [8]  43 41 60 00 21 14 21 14
 (1789091953.812749)  can0  601   [8]  40 6C 60 01 00 00 00 00
 (1789091953.813110)  can0  581   [8]  43 6C 60 01 00 00 00 00
 (1789091953.814746)  can0  601   [8]  40 6C 60 02 00 00 00 00
 (1789091953.815101)  can0  581   [8]  43 6C 60 02 00 00 00 00
 (1789091953.816747)  can0  601   [8]  40 6C 60 03 00 00 00 00
 (1789091953.817097)  can0  581   [8]  43 6C 60 03 00 00 00 00
 (1789091953.827947)  can0  181   [8]  21 14 21 14 00 00 00 00
 (1789091953.877894)  can0  181   [8]  21 14 21 14 00 00 00 00
 (1789091953.893176)  can0  701   [1]  05
 (1789091953.927841)  can0  181   [8]  21 14 21 14 00 00 00 00
 (1789091953.977787)  can0  181   [8]  21 14 21 14 00 00 00 00
 (1789091954.027734)  can0  181   [8]  21 14 21 14 00 00 00 00
 (1789091954.077682)  can0  181   [8]  21 14 21 14 00 00 00 00
 (1789091954.127631)  can0  181   [8]  21 14 21 14 00 00 00 00
 (1789091954.142723)  can0  701   [1]  05
 (1789091954.177576)  can0  181   [8]  21 14 21 14 00 00 00 00
 (1789091954.227524)  can0  181   [8]  21 14 21 14 00 00 00 00
 (1789091954.277470)  can0  181   [8]  21 14 21 14 00 00 00 00
 (1789091954.327418)  can0  181   [8]  21 14 21 14 00 00 00 00
 (1789091954.377365)  can0  181   [8]  21 14 21 14 00 00 00 00
 (1789091954.392210)  can0  701   [1]  05
 (1789091954.427312)  can0  181   [8]  21 14 21 14 00 00 00 00
 (1789091954.477259)  can0  181   [8]  21 14 21 14 00 00 00 00
 (1789091954.527206)  can0  181   [8]  21 14 21 14 00 00 00 00
 (1789091954.577151)  can0  181   [8]  21 14 21 14 00 00 00 00
 (1789091954.627099)  can0  181   [8]  21 14 21 14 00 00 00 00
 (1789091954.641758)  can0  701   [1]  05
 (1789091954.677045)  can0  181   [8]  21 14 21 14 00 00 00 00
 (1789091954.726995)  can0  181   [8]  21 14 21 14 00 00 00 00
 (1789091954.776944)  can0  181   [8]  21 14 21 14 00 00 00 00
 (1789091954.814765)  can0  601   [8]  40 41 60 00 00 00 00 00
 (1789091954.815095)  can0  581   [8]  43 41 60 00 21 14 21 14
 (1789091954.816750)  can0  601   [8]  40 6C 60 01 00 00 00 00
 (1789091954.817041)  can0  581   [8]  43 6C 60 01 00 00 00 00
 (1789091954.818746)  can0  601   [8]  40 6C 60 02 00 00 00 00
 (1789091954.819037)  can0  581   [8]  43 6C 60 02 00 00 00 00
 (1789091954.820746)  can0  601   [8]  40 6C 60 03 00 00 00 00
 (1789091954.821089)  can0  581   [8]  43 6C 60 03 00 00 00 00
 (1789091954.826887)  can0  181   [8]  21 14 21 14 00 00 00 00
 (1789091954.876835)  can0  181   [8]  21 14 21 14 00 00 00 00
 (1789091954.891241)  can0  701   [1]  05
 (1789091954.926781)  can0  181   [8]  21 14 21 14 00 00 00 00
 (1789091954.976728)  can0  181   [8]  21 14 21 14 00 00 00 00
 (1789091955.026674)  can0  181   [8]  21 14 21 14 00 00 00 00
 (1789091955.076624)  can0  181   [8]  21 14 21 14 00 00 00 00
 (1789091955.126570)  can0  181   [8]  21 14 21 14 00 00 00 00
 (1789091955.140788)  can0  701   [1]  05
 (1789091955.176517)  can0  181   [8]  21 14 21 14 00 00 00 00
 (1789091955.226463)  can0  181   [8]  21 14 21 14 00 00 00 00
 (1789091955.276410)  can0  181   [8]  21 14 21 14 00 00 00 00
 (1789091955.326358)  can0  181   [8]  21 14 21 14 00 00 00 00
 (1789091955.376304)  can0  181   [8]  21 14 21 14 00 00 00 00
 (1789091955.390275)  can0  701   [1]  05
 (1789091955.426253)  can0  181   [8]  21 14 21 14 00 00 00 00
 (1789091955.476199)  can0  181   [8]  21 14 21 14 00 00 00 00
 (1789091955.526146)  can0  181   [8]  21 14 21 14 00 00 00 00
 (1789091955.576093)  can0  181   [8]  21 14 21 14 00 00 00 00
 (1789091955.626038)  can0  181   [8]  21 14 21 14 00 00 00 00
 (1789091955.639823)  can0  701   [1]  05
 (1789091955.675986)  can0  181   [8]  21 14 21 14 00 00 00 00
 (1789091955.725937)  can0  181   [8]  21 14 21 14 00 00 00 00
 (1789091955.775882)  can0  181   [8]  21 14 21 14 00 00 00 00
 (1789091955.821765)  can0  601   [8]  40 41 60 00 00 00 00 00
 (1789091955.822078)  can0  581   [8]  43 41 60 00 21 14 21 14
 (1789091955.823751)  can0  601   [8]  40 6C 60 01 00 00 00 00
 (1789091955.824082)  can0  581   [8]  43 6C 60 01 00 00 00 00
 (1789091955.825745)  can0  601   [8]  40 6C 60 02 00 00 00 00
 (1789091955.825933)  can0  181   [8]  21 14 21 14 00 00 00 00
 (1789091955.826173)  can0  581   [8]  43 6C 60 02 00 00 00 00
 (1789091955.827745)  can0  601   [8]  40 6C 60 03 00 00 00 00
 (1789091955.828074)  can0  581   [8]  43 6C 60 03 00 00 00 00
 (1789091955.875775)  can0  181   [8]  21 14 21 14 00 00 00 00
 (1789091955.889309)  can0  701   [1]  05
 (1789091955.925722)  can0  181   [8]  21 14 21 14 00 00 00 00
 (1789091955.975668)  can0  181   [8]  21 14 21 14 00 00 00 00
 (1789091956.025615)  can0  181   [8]  21 14 21 14 00 00 00 00
 (1789091956.075562)  can0  181   [8]  21 14 21 14 00 00 00 00
 (1789091956.125510)  can0  181   [8]  21 14 21 14 00 00 00 00
 (1789091956.138857)  can0  701   [1]  05
 (1789091956.175457)  can0  181   [8]  21 14 21 14 00 00 00 00
 (1789091956.225404)  can0  181   [8]  21 14 21 14 00 00 00 00
 (1789091956.275351)  can0  181   [8]  21 14 21 14 00 00 00 00
 (1789091956.325297)  can0  181   [8]  21 14 21 14 00 00 00 00
 (1789091956.375245)  can0  181   [8]  21 14 21 14 00 00 00 00
 (1789091956.388344)  can0  701   [1]  05
 (1789091956.425192)  can0  181   [8]  21 14 21 14 00 00 00 00
 (1789091956.475141)  can0  181   [8]  21 14 21 14 00 00 00 00
 (1789091956.525087)  can0  181   [8]  21 14 21 14 00 00 00 00
 (1789091956.575033)  can0  181   [8]  21 14 21 14 00 00 00 00
 (1789091956.624981)  can0  181   [8]  21 14 21 14 00 00 00 00
 (1789091956.637891)  can0  701   [1]  05
 (1789091956.674927)  can0  181   [8]  21 14 21 14 00 00 00 00
 (1789091956.724873)  can0  181   [8]  21 14 21 14 00 00 00 00
 (1789091956.774820)  can0  181   [8]  21 14 21 14 00 00 00 00
 (1789091956.824769)  can0  181   [8]  21 14 21 14 00 00 00 00
 (1789091956.826773)  can0  601   [8]  40 41 60 00 00 00 00 00
 (1789091956.827016)  can0  581   [8]  43 41 60 00 21 14 21 14
 (1789091956.828750)  can0  601   [8]  40 6C 60 01 00 00 00 00
 (1789091956.829013)  can0  581   [8]  43 6C 60 01 00 00 00 00
 (1789091956.830746)  can0  601   [8]  40 6C 60 02 00 00 00 00
 (1789091956.831066)  can0  581   [8]  43 6C 60 02 00 00 00 00
 (1789091956.832746)  can0  601   [8]  40 6C 60 03 00 00 00 00
 (1789091956.833005)  can0  581   [8]  43 6C 60 03 00 00 00 00
 (1789091956.874715)  can0  181   [8]  21 14 21 14 00 00 00 00
 (1789091956.887376)  can0  701   [1]  05
 (1789091956.924663)  can0  181   [8]  21 14 21 14 00 00 00 00
 (1789091956.974608)  can0  181   [8]  21 14 21 14 00 00 00 00
 (1789091957.024555)  can0  181   [8]  21 14 21 14 00 00 00 00
 (1789091957.074504)  can0  181   [8]  21 14 21 14 00 00 00 00
 (1789091957.124451)  can0  181   [8]  21 14 21 14 00 00 00 00
 (1789091957.136924)  can0  701   [1]  05
 (1789091957.174398)  can0  181   [8]  21 14 21 14 00 00 00 00
 (1789091957.224345)  can0  181   [8]  21 14 21 14 00 00 00 00
 (1789091957.274291)  can0  181   [8]  21 14 21 14 00 00 00 00
 (1789091957.324238)  can0  181   [8]  21 14 21 14 00 00 00 00
 (1789091957.374184)  can0  181   [8]  21 14 21 14 00 00 00 00
 (1789091957.386412)  can0  701   [1]  05
 (1789091957.424133)  can0  181   [8]  21 14 21 14 00 00 00 00
 (1789091957.474080)  can0  181   [8]  21 14 21 14 00 00 00 00
 (1789091957.524028)  can0  181   [8]  21 14 21 14 00 00 00 00
 (1789091957.573974)  can0  181   [8]  21 14 21 14 00 00 00 00
 (1789091957.623921)  can0  181   [8]  21 14 21 14 00 00 00 00
 (1789091957.635958)  can0  701   [1]  05
 (1789091957.673868)  can0  181   [8]  21 14 21 14 00 00 00 00
 (1789091957.723814)  can0  181   [8]  21 14 21 14 00 00 00 00
 (1789091957.773762)  can0  181   [8]  21 14 21 14 00 00 00 00
 (1789091957.823709)  can0  181   [8]  21 14 21 14 00 00 00 00
 (1789091957.832771)  can0  601   [8]  40 41 60 00 00 00 00 00
 (1789091957.833060)  can0  581   [8]  43 41 60 00 21 14 21 14
 (1789091957.834750)  can0  601   [8]  40 6C 60 01 00 00 00 00
 (1789091957.835059)  can0  581   [8]  43 6C 60 01 00 00 00 00
 (1789091957.836744)  can0  601   [8]  40 6C 60 02 00 00 00 00
 (1789091957.836997)  can0  581   [8]  43 6C 60 02 00 00 00 00
 (1789091957.838746)  can0  601   [8]  40 6C 60 03 00 00 00 00
 (1789091957.839054)  can0  581   [8]  43 6C 60 03 00 00 00 00
 (1789091957.873656)  can0  181   [8]  21 14 21 14 00 00 00 00
 (1789091957.885444)  can0  701   [1]  05
 (1789091957.923602)  can0  181   [8]  21 14 21 14 00 00 00 00
 (1789091957.973550)  can0  181   [8]  21 14 21 14 00 00 00 00
 (1789091958.023496)  can0  181   [8]  21 14 21 14 00 00 00 00
 (1789091958.073443)  can0  181   [8]  21 14 21 14 00 00 00 00
 (1789091958.123391)  can0  181   [8]  21 14 21 14 00 00 00 00
 (1789091958.134991)  can0  701   [1]  05
 (1789091958.173338)  can0  181   [8]  21 14 21 14 00 00 00 00
 (1789091958.223285)  can0  181   [8]  21 14 21 14 00 00 00 00
 (1789091958.273232)  can0  181   [8]  21 14 21 14 00 00 00 00
 (1789091958.323179)  can0  181   [8]  21 14 21 14 00 00 00 00
 (1789091958.373125)  can0  181   [8]  21 14 21 14 00 00 00 00
 (1789091958.384478)  can0  701   [1]  05
 (1789091958.423075)  can0  181   [8]  21 14 21 14 00 00 00 00
 (1789091958.473020)  can0  181   [8]  21 14 21 14 00 00 00 00
 (1789091958.522968)  can0  181   [8]  21 14 21 14 00 00 00 00
 (1789091958.572914)  can0  181   [8]  21 14 21 14 00 00 00 00
 (1789091958.622862)  can0  181   [8]  21 14 21 14 00 00 00 00
 (1789091958.634026)  can0  701   [1]  05
 (1789091958.672807)  can0  181   [8]  21 14 21 14 00 00 00 00
 (1789091958.722755)  can0  181   [8]  21 14 21 14 00 00 00 00
 (1789091958.772703)  can0  181   [8]  21 14 21 14 00 00 00 00
 (1789091958.822650)  can0  181   [8]  21 14 21 14 00 00 00 00
 (1789091958.838773)  can0  601   [8]  40 41 60 00 00 00 00 00
 (1789091958.839103)  can0  581   [8]  43 41 60 00 21 14 21 14
 (1789091958.840752)  can0  601   [8]  40 6C 60 01 00 00 00 00
 (1789091958.841107)  can0  581   [8]  43 6C 60 01 00 00 00 00
 (1789091958.842712)  can0  601   [8]  40 6C 60 02 00 00 00 00
 (1789091958.843043)  can0  581   [8]  43 6C 60 02 00 00 00 00
 (1789091958.844748)  can0  601   [8]  40 6C 60 03 00 00 00 00
 (1789091958.845098)  can0  581   [8]  43 6C 60 03 00 00 00 00
 (1789091958.872598)  can0  181   [8]  21 14 21 14 00 00 00 00
 (1789091958.883514)  can0  701   [1]  05
 (1789091958.922544)  can0  181   [8]  21 14 21 14 00 00 00 00
 (1789091958.972491)  can0  181   [8]  21 14 21 14 00 00 00 00
 (1789091959.022438)  can0  181   [8]  21 14 21 14 00 00 00 00
 (1789091959.072384)  can0  181   [8]  21 14 21 14 00 00 00 00
 (1789091959.122332)  can0  181   [8]  21 14 21 14 00 00 00 00
 (1789091959.133060)  can0  701   [1]  05
 (1789091959.172279)  can0  181   [8]  21 14 21 14 00 00 00 00
 (1789091959.222226)  can0  181   [8]  21 14 21 14 00 00 00 00
 (1789091959.272173)  can0  181   [8]  21 14 21 14 00 00 00 00
 (1789091959.322119)  can0  181   [8]  21 14 21 14 00 00 00 00
 (1789091959.372066)  can0  181   [8]  21 14 21 14 00 00 00 00
 (1789091959.382544)  can0  701   [1]  05
 (1789091959.422013)  can0  181   [8]  21 14 21 14 00 00 00 00
 (1789091959.471962)  can0  181   [8]  21 14 21 14 00 00 00 00
 (1789091959.521908)  can0  181   [8]  21 14 21 14 00 00 00 00
 (1789091959.571855)  can0  181   [8]  21 14 21 14 00 00 00 00
 (1789091959.621802)  can0  181   [8]  21 14 21 14 00 00 00 00
 (1789091959.632093)  can0  701   [1]  05
 (1789091959.671810)  can0  181   [8]  21 14 21 14 00 00 00 00
 (1789091959.721759)  can0  181   [8]  21 14 21 14 00 00 00 00
 (1789091959.771705)  can0  181   [8]  21 14 21 14 00 00 00 00
 (1789091959.821654)  can0  181   [8]  21 14 21 14 00 00 00 00
 (1789091959.845773)  can0  601   [8]  40 41 60 00 00 00 00 00
 (1789091959.846088)  can0  581   [8]  43 41 60 00 21 14 21 14
 (1789091959.847750)  can0  601   [8]  40 6C 60 01 00 00 00 00
 (1789091959.848091)  can0  581   [8]  43 6C 60 01 00 00 00 00
 (1789091959.849745)  can0  601   [8]  40 6C 60 02 00 00 00 00
 (1789091959.850089)  can0  581   [8]  43 6C 60 02 00 00 00 00
 (1789091959.851748)  can0  601   [8]  40 6C 60 03 00 00 00 00
 (1789091959.852083)  can0  581   [8]  43 6C 60 03 00 00 00 00
 (1789091959.871599)  can0  181   [8]  21 14 21 14 00 00 00 00
 (1789091959.881641)  can0  701   [1]  05
 (1789091959.921546)  can0  181   [8]  21 14 21 14 00 00 00 00
 (1789091959.971492)  can0  181   [8]  21 14 21 14 00 00 00 00
 (1789091960.021440)  can0  181   [8]  21 14 21 14 00 00 00 00
 (1789091960.071386)  can0  181   [8]  21 14 21 14 00 00 00 00
 (1789091960.121335)  can0  181   [8]  21 14 21 14 00 00 00 00
 (1789091960.131128)  can0  701   [1]  05
 (1789091960.171282)  can0  181   [8]  21 14 21 14 00 00 00 00
 (1789091960.221229)  can0  181   [8]  21 14 21 14 00 00 00 00
 (1789091960.271175)  can0  181   [8]  21 14 21 14 00 00 00 00
 (1789091960.321122)  can0  181   [8]  21 14 21 14 00 00 00 00
 (1789091960.371069)  can0  181   [8]  21 14 21 14 00 00 00 00
 (1789091960.380675)  can0  701   [1]  05
 (1789091960.421015)  can0  181   [8]  21 14 21 14 00 00 00 00
 (1789091960.470964)  can0  181   [8]  21 14 21 14 00 00 00 00
 (1789091960.520910)  can0  181   [8]  21 14 21 14 00 00 00 00
 (1789091960.570858)  can0  181   [8]  21 14 21 14 00 00 00 00
 (1789091960.620805)  can0  181   [8]  21 14 21 14 00 00 00 00
 (1789091960.630161)  can0  701   [1]  05
 (1789091960.670750)  can0  181   [8]  21 14 21 14 00 00 00 00
 (1789091960.720698)  can0  181   [8]  21 14 21 14 00 00 00 00
 (1789091960.770646)  can0  181   [8]  21 14 21 14 00 00 00 00
 (1789091960.820594)  can0  181   [8]  21 14 21 14 00 00 00 00
 (1789091960.852780)  can0  601   [8]  40 41 60 00 00 00 00 00
 (1789091960.853079)  can0  581   [8]  43 41 60 00 21 14 21 14
 (1789091960.854754)  can0  601   [8]  40 6C 60 01 00 00 00 00
 (1789091960.855077)  can0  581   [8]  43 6C 60 01 00 00 00 00
 (1789091960.856750)  can0  601   [8]  40 6C 60 02 00 00 00 00
 (1789091960.857071)  can0  581   [8]  43 6C 60 02 00 00 00 00
 (1789091960.858750)  can0  601   [8]  40 6C 60 03 00 00 00 00
 (1789091960.859066)  can0  581   [8]  43 6C 60 03 00 00 00 00
 (1789091960.870538)  can0  181   [8]  21 14 21 14 00 00 00 00
 (1789091960.879709)  can0  701   [1]  05
 (1789091960.920488)  can0  181   [8]  21 14 21 14 00 00 00 00
 (1789091960.970438)  can0  181   [8]  21 14 21 14 00 00 00 00
 (1789091961.020381)  can0  181   [8]  21 14 21 14 00 00 00 00
 (1789091961.070328)  can0  181   [8]  21 14 21 14 00 00 00 00
 (1789091961.120274)  can0  181   [8]  21 14 21 14 00 00 00 00
 (1789091961.129194)  can0  701   [1]  05
 (1789091961.170222)  can0  181   [8]  21 14 21 14 00 00 00 00
 (1789091961.220168)  can0  181   [8]  21 14 21 14 00 00 00 00
 (1789091961.270116)  can0  181   [8]  21 14 21 14 00 00 00 00
 (1789091961.320063)  can0  181   [8]  21 14 21 14 00 00 00 00
 (1789091961.370010)  can0  181   [8]  21 14 21 14 00 00 00 00
 (1789091961.378742)  can0  701   [1]  05
 (1789091961.419957)  can0  181   [8]  21 14 21 14 00 00 00 00
 (1789091961.469903)  can0  181   [8]  21 14 21 14 00 00 00 00
 (1789091961.519851)  can0  181   [8]  21 14 21 14 00 00 00 00
 (1789091961.569797)  can0  181   [8]  21 14 21 14 00 00 00 00
 (1789091961.619747)  can0  181   [8]  21 14 21 14 00 00 00 00
 (1789091961.628229)  can0  701   [1]  05
 (1789091961.669692)  can0  181   [8]  21 14 21 14 00 00 00 00
 (1789091961.719639)  can0  181   [8]  21 14 21 14 00 00 00 00
 (1789091961.769586)  can0  181   [8]  21 14 21 14 00 00 00 00
 (1789091961.819533)  can0  181   [8]  21 14 21 14 00 00 00 00
 (1789091961.857769)  can0  601   [8]  40 41 60 00 00 00 00 00
 (1789091961.858068)  can0  581   [8]  43 41 60 00 21 14 21 14
 (1789091961.859749)  can0  601   [8]  40 6C 60 01 00 00 00 00
 (1789091961.860006)  can0  581   [8]  43 6C 60 01 00 00 00 00
 (1789091961.861745)  can0  601   [8]  40 6C 60 02 00 00 00 00
 (1789091961.862060)  can0  581   [8]  43 6C 60 02 00 00 00 00
 (1789091961.863745)  can0  601   [8]  40 6C 60 03 00 00 00 00
 (1789091961.864055)  can0  581   [8]  43 6C 60 03 00 00 00 00
 (1789091961.869479)  can0  181   [8]  21 14 21 14 00 00 00 00
 (1789091961.877773)  can0  701   [1]  05
 (1789091961.919429)  can0  181   [8]  21 14 21 14 00 00 00 00
 (1789091961.969373)  can0  181   [8]  21 14 21 14 00 00 00 00
 (1789091962.019320)  can0  181   [8]  21 14 21 14 00 00 00 00
 (1789091962.069270)  can0  181   [8]  21 14 21 14 00 00 00 00
 (1789091962.119278)  can0  181   [8]  21 14 21 14 00 00 00 00
 (1789091962.127262)  can0  701   [1]  05
 (1789091962.169226)  can0  181   [8]  21 14 21 14 00 00 00 00
 (1789091962.219171)  can0  181   [8]  21 14 21 14 00 00 00 00
 (1789091962.269120)  can0  181   [8]  21 14 21 14 00 00 00 00
 (1789091962.319065)  can0  181   [8]  21 14 21 14 00 00 00 00
 (1789091962.369012)  can0  181   [8]  21 14 21 14 00 00 00 00
 (1789091962.376809)  can0  701   [1]  05
 (1789091962.418960)  can0  181   [8]  21 14 21 14 00 00 00 00
 (1789091962.468907)  can0  181   [8]  21 14 21 14 00 00 00 00
 (1789091962.518853)  can0  181   [8]  21 14 21 14 00 00 00 00
 (1789091962.568800)  can0  181   [8]  21 14 21 14 00 00 00 00
 (1789091962.618746)  can0  181   [8]  21 14 21 14 00 00 00 00
 (1789091962.626295)  can0  701   [1]  05
 (1789091962.668694)  can0  181   [8]  21 14 21 14 00 00 00 00
 (1789091962.718643)  can0  181   [8]  21 14 21 14 00 00 00 00
 (1789091962.768589)  can0  181   [8]  21 14 21 14 00 00 00 00
 (1789091962.818538)  can0  181   [8]  21 14 21 14 00 00 00 00
 (1789091962.864774)  can0  601   [8]  40 41 60 00 00 00 00 00
 (1789091962.865109)  can0  581   [8]  43 41 60 00 21 14 21 14
 (1789091962.866749)  can0  601   [8]  40 6C 60 01 00 00 00 00
 (1789091962.867001)  can0  581   [8]  43 6C 60 01 00 00 00 00
 (1789091962.868481)  can0  181   [8]  21 14 21 14 00 00 00 00
 (1789091962.868744)  can0  601   [8]  40 6C 60 02 00 00 00 00
 (1789091962.869052)  can0  581   [8]  43 6C 60 02 00 00 00 00
 (1789091962.870745)  can0  601   [8]  40 6C 60 03 00 00 00 00
 (1789091962.871102)  can0  581   [8]  43 6C 60 03 00 00 00 00
 (1789091962.875845)  can0  701   [1]  05
 (1789091962.918430)  can0  181   [8]  21 14 21 14 00 00 00 00
 (1789091962.968376)  can0  181   [8]  21 14 21 14 00 00 00 00
 (1789091963.018323)  can0  181   [8]  21 14 21 14 00 00 00 00
 (1789091963.068270)  can0  181   [8]  21 14 21 14 00 00 00 00
 (1789091963.118220)  can0  181   [8]  21 14 21 14 00 00 00 00
 (1789091963.125330)  can0  701   [1]  05
 (1789091963.168166)  can0  181   [8]  21 14 21 14 00 00 00 00
 (1789091963.218112)  can0  181   [8]  21 14 21 14 00 00 00 00
 (1789091963.268059)  can0  181   [8]  21 14 21 14 00 00 00 00
 (1789091963.318006)  can0  181   [8]  21 14 21 14 00 00 00 00
 (1789091963.367952)  can0  181   [8]  21 14 21 14 00 00 00 00
 (1789091963.374878)  can0  701   [1]  05
 (1789091963.417899)  can0  181   [8]  21 14 21 14 00 00 00 00
 (1789091963.467849)  can0  181   [8]  21 14 21 14 00 00 00 00
 (1789091963.517795)  can0  181   [8]  21 14 21 14 00 00 00 00
 (1789091963.567742)  can0  181   [8]  21 14 21 14 00 00 00 00
 (1789091963.617688)  can0  181   [8]  21 14 21 14 00 00 00 00
 (1789091963.624363)  can0  701   [1]  05
 (1789091963.667635)  can0  181   [8]  21 14 21 14 00 00 00 00
 (1789091963.717583)  can0  181   [8]  21 14 21 14 00 00 00 00
 (1789091963.767528)  can0  181   [8]  21 14 21 14 00 00 00 00
 (1789091963.817477)  can0  181   [8]  21 14 21 14 00 00 00 00
 (1789091963.867425)  can0  181   [8]  21 14 21 14 00 00 00 00
 (1789091963.870768)  can0  601   [8]  40 41 60 00 00 00 00 00
 (1789091963.871095)  can0  581   [8]  43 41 60 00 21 14 21 14
 (1789091963.872749)  can0  601   [8]  40 6C 60 01 00 00 00 00
 (1789091963.873040)  can0  581   [8]  43 6C 60 01 00 00 00 00
 (1789091963.873912)  can0  701   [1]  05
 (1789091963.874236)  can0  601   [8]  40 6C 60 02 00 00 00 00
 (1789091963.874595)  can0  581   [8]  43 6C 60 02 00 00 00 00
 (1789091963.875747)  can0  601   [8]  40 6C 60 03 00 00 00 00
 (1789091963.876091)  can0  581   [8]  43 6C 60 03 00 00 00 00
 (1789091963.917370)  can0  181   [8]  21 14 21 14 00 00 00 00
 (1789091963.967318)  can0  181   [8]  21 14 21 14 00 00 00 00
 (1789091964.017264)  can0  181   [8]  21 14 21 14 00 00 00 00
 (1789091964.067218)  can0  181   [8]  21 14 21 14 00 00 00 00
 (1789091964.117221)  can0  181   [8]  21 14 21 14 00 00 00 00
 (1789091964.123398)  can0  701   [1]  05
 (1789091964.167169)  can0  181   [8]  21 14 21 14 00 00 00 00
 (1789091964.217117)  can0  181   [8]  21 14 21 14 00 00 00 00
 (1789091964.267068)  can0  181   [8]  21 14 21 14 00 00 00 00
 (1789091964.317009)  can0  181   [8]  21 14 21 14 00 00 00 00
 (1789091964.366900)  can0  181   [8]  21 14 21 14 00 00 00 00
 (1789091964.372946)  can0  701   [1]  05
 (1789091964.416903)  can0  181   [8]  21 14 21 14 00 00 00 00
 (1789091964.466849)  can0  181   [8]  21 14 21 14 00 00 00 00
 (1789091964.516798)  can0  181   [8]  21 14 21 14 00 00 00 00
 (1789091964.566744)  can0  181   [8]  21 14 21 14 00 00 00 00
 (1789091964.616691)  can0  181   [8]  21 14 21 14 00 00 00 00
 (1789091964.622431)  can0  701   [1]  05
 (1789091964.666638)  can0  181   [8]  21 14 21 14 00 00 00 00
 (1789091964.716585)  can0  181   [8]  21 14 21 14 00 00 00 00
 (1789091964.766531)  can0  181   [8]  21 14 21 14 00 00 00 00
 (1789091964.816479)  can0  181   [8]  21 14 21 14 00 00 00 00
 (1789091964.866427)  can0  181   [8]  21 14 21 14 00 00 00 00
 (1789091964.871977)  can0  701   [1]  05
 (1789091964.875771)  can0  601   [8]  40 41 60 00 00 00 00 00
 (1789091964.876084)  can0  581   [8]  43 41 60 00 21 14 21 14
 (1789091964.877750)  can0  601   [8]  40 6C 60 01 00 00 00 00
 (1789091964.878087)  can0  581   [8]  43 6C 60 01 00 00 00 00
 (1789091964.879745)  can0  601   [8]  40 6C 60 02 00 00 00 00
 (1789091964.880025)  can0  581   [8]  43 6C 60 02 00 00 00 00
 (1789091964.881747)  can0  601   [8]  40 6C 60 03 00 00 00 00
 (1789091964.882078)  can0  581   [8]  43 6C 60 03 00 00 00 00
 (1789091964.916435)  can0  181   [8]  21 14 21 14 00 00 00 00
 (1789091964.966392)  can0  181   [8]  21 14 21 14 00 00 00 00
 (1789091965.016393)  can0  181   [8]  21 14 21 14 00 00 00 00
 (1789091965.066340)  can0  181   [8]  21 14 21 14 00 00 00 00
 (1789091965.116285)  can0  181   [8]  21 14 21 14 00 00 00 00
 (1789091965.121527)  can0  701   [1]  05
 (1789091965.166235)  can0  181   [8]  21 14 21 14 00 00 00 00
 (1789091965.216242)  can0  181   [8]  21 14 21 14 00 00 00 00
 (1789091965.266249)  can0  181   [8]  21 14 21 14 00 00 00 00
 (1789091965.316198)  can0  181   [8]  21 14 21 14 00 00 00 00
 (1789091965.366149)  can0  181   [8]  21 14 21 14 00 00 00 00
 (1789091965.371075)  can0  701   [1]  05
 (1789091965.416156)  can0  181   [8]  21 14 21 14 00 00 00 00
 (1789091965.466112)  can0  181   [8]  21 14 21 14 00 00 00 00
 (1789091965.516111)  can0  181   [8]  21 14 21 14 00 00 00 00
 (1789091965.566067)  can0  181   [8]  21 14 21 14 00 00 00 00
 (1789091965.616074)  can0  181   [8]  21 14 21 14 00 00 00 00
 (1789091965.620623)  can0  701   [1]  05
 (1789091965.666139)  can0  181   [8]  21 14 21 14 00 00 00 00
 (1789091965.716087)  can0  181   [8]  21 14 21 14 00 00 00 00
 (1789091965.766034)  can0  181   [8]  21 14 21 14 00 00 00 00
 (1789091965.815982)  can0  181   [8]  21 14 21 14 00 00 00 00
 (1789091965.865927)  can0  181   [8]  21 14 21 14 00 00 00 00
 (1789091965.870171)  can0  701   [1]  05
 (1789091965.880773)  can0  601   [8]  40 41 60 00 00 00 00 00
 (1789091965.881072)  can0  581   [8]  43 41 60 00 21 14 21 14
 (1789091965.882749)  can0  601   [8]  40 6C 60 01 00 00 00 00
 (1789091965.883019)  can0  581   [8]  43 6C 60 01 00 00 00 00
 (1789091965.884744)  can0  601   [8]  40 6C 60 02 00 00 00 00
 (1789091965.885072)  can0  581   [8]  43 6C 60 02 00 00 00 00
 (1789091965.886689)  can0  601   [8]  40 6C 60 03 00 00 00 00
 (1789091965.887010)  can0  581   [8]  43 6C 60 03 00 00 00 00
 (1789091965.915877)  can0  181   [8]  21 14 21 14 00 00 00 00
 (1789091965.965822)  can0  181   [8]  21 14 21 14 00 00 00 00
 (1789091966.015769)  can0  181   [8]  21 14 21 14 00 00 00 00
 (1789091966.065715)  can0  181   [8]  21 14 21 14 00 00 00 00
 (1789091966.115662)  can0  181   [8]  21 14 21 14 00 00 00 00
 (1789091966.119656)  can0  701   [1]  05
 (1789091966.165610)  can0  181   [8]  21 14 21 14 00 00 00 00
 (1789091966.215558)  can0  181   [8]  21 14 21 14 00 00 00 00
 (1789091966.265504)  can0  181   [8]  21 14 21 14 00 00 00 00
 (1789091966.315453)  can0  181   [8]  21 14 21 14 00 00 00 00
 (1789091966.365398)  can0  181   [8]  21 14 21 14 00 00 00 00
 (1789091966.369205)  can0  701   [1]  05
 (1789091966.415345)  can0  181   [8]  21 14 21 14 00 00 00 00
 (1789091966.465292)  can0  181   [8]  21 14 21 14 00 00 00 00
 (1789091966.515239)  can0  181   [8]  21 14 21 14 00 00 00 00
 (1789091966.565188)  can0  181   [8]  21 14 21 14 00 00 00 00
 (1789091966.615135)  can0  181   [8]  21 14 21 14 00 00 00 00
 (1789091966.618690)  can0  701   [1]  05
 (1789091966.665081)  can0  181   [8]  21 14 21 14 00 00 00 00
 (1789091966.715027)  can0  181   [8]  21 14 21 14 00 00 00 00
 (1789091966.764973)  can0  181   [8]  21 14 21 14 00 00 00 00
 (1789091966.814921)  can0  181   [8]  21 14 21 14 00 00 00 00
 (1789091966.864868)  can0  181   [8]  21 14 21 14 00 00 00 00
 (1789091966.868238)  can0  701   [1]  05
 (1789091966.888784)  can0  601   [8]  40 41 60 00 00 00 00 00
 (1789091966.889117)  can0  581   [8]  43 41 60 00 21 14 21 14
 (1789091966.890750)  can0  601   [8]  40 6C 60 01 00 00 00 00
 (1789091966.891057)  can0  581   [8]  43 6C 60 01 00 00 00 00
 (1789091966.892745)  can0  601   [8]  40 6C 60 02 00 00 00 00
 (1789091966.892996)  can0  581   [8]  43 6C 60 02 00 00 00 00
 (1789091966.894747)  can0  601   [8]  40 6C 60 03 00 00 00 00
 (1789091966.895056)  can0  581   [8]  43 6C 60 03 00 00 00 00
 (1789091966.914815)  can0  181   [8]  21 14 21 14 00 00 00 00
 (1789091966.964763)  can0  181   [8]  21 14 21 14 00 00 00 00
 (1789091967.014709)  can0  181   [8]  21 14 21 14 00 00 00 00
 (1789091967.064655)  can0  181   [8]  21 14 21 14 00 00 00 00
 (1789091967.114603)  can0  181   [8]  21 14 21 14 00 00 00 00
 (1789091967.117724)  can0  701   [1]  05
 (1789091967.164551)  can0  181   [8]  21 14 21 14 00 00 00 00
 (1789091967.214498)  can0  181   [8]  21 14 21 14 00 00 00 00
 (1789091967.264445)  can0  181   [8]  21 14 21 14 00 00 00 00
 (1789091967.314393)  can0  181   [8]  21 14 21 14 00 00 00 00
 (1789091967.364338)  can0  181   [8]  21 14 21 14 00 00 00 00
 (1789091967.367271)  can0  701   [1]  05
 (1789091967.414285)  can0  181   [8]  21 14 21 14 00 00 00 00
 (1789091967.464233)  can0  181   [8]  21 14 21 14 00 00 00 00
 (1789091967.514180)  can0  181   [8]  21 14 21 14 00 00 00 00
 (1789091967.564126)  can0  181   [8]  21 14 21 14 00 00 00 00
 (1789091967.614076)  can0  181   [8]  21 14 21 14 00 00 00 00
 (1789091967.616758)  can0  701   [1]  05
 (1789091967.663963)  can0  181   [8]  21 14 21 14 00 00 00 00
 (1789091967.713967)  can0  181   [8]  21 14 21 14 00 00 00 00
 (1789091967.763916)  can0  181   [8]  21 14 21 14 00 00 00 00
 (1789091967.813864)  can0  181   [8]  21 14 21 14 00 00 00 00
 (1789091967.863812)  can0  181   [8]  21 14 21 14 00 00 00 00
 (1789091967.866306)  can0  701   [1]  05
 (1789091967.895772)  can0  601   [8]  40 41 60 00 00 00 00 00
 (1789091967.896102)  can0  581   [8]  43 41 60 00 21 14 21 14
 (1789091967.897749)  can0  601   [8]  40 6C 60 01 00 00 00 00
 (1789091967.898105)  can0  581   [8]  43 6C 60 01 00 00 00 00
 (1789091967.899745)  can0  601   [8]  40 6C 60 02 00 00 00 00
 (1789091967.900044)  can0  581   [8]  43 6C 60 02 00 00 00 00
 (1789091967.901746)  can0  601   [8]  40 6C 60 03 00 00 00 00
 (1789091967.902097)  can0  581   [8]  43 6C 60 03 00 00 00 00
 (1789091967.913755)  can0  181   [8]  21 14 21 14 00 00 00 00
 (1789091967.963705)  can0  181   [8]  21 14 21 14 00 00 00 00
 (1789091968.013650)  can0  181   [8]  21 14 21 14 00 00 00 00
 (1789091968.063597)  can0  181   [8]  21 14 21 14 00 00 00 00
 (1789091968.113543)  can0  181   [8]  21 14 21 14 00 00 00 00
 (1789091968.115790)  can0  701   [1]  05
 (1789091968.163491)  can0  181   [8]  21 14 21 14 00 00 00 00
 (1789091968.213437)  can0  181   [8]  21 14 21 14 00 00 00 00
 (1789091968.263383)  can0  181   [8]  21 14 21 14 00 00 00 00
 (1789091968.313276)  can0  181   [8]  21 14 21 14 00 00 00 00
 (1789091968.363279)  can0  181   [8]  21 14 21 14 00 00 00 00
 (1789091968.365339)  can0  701   [1]  05
 (1789091968.413226)  can0  181   [8]  21 14 21 14 00 00 00 00
 (1789091968.463173)  can0  181   [8]  21 14 21 14 00 00 00 00
 (1789091968.513119)  can0  181   [8]  21 14 21 14 00 00 00 00
 (1789091968.563066)  can0  181   [8]  21 14 21 14 00 00 00 00
 (1789091968.613015)  can0  181   [8]  21 14 21 14 00 00 00 00
 (1789091968.614826)  can0  701   [1]  05
 (1789091968.662961)  can0  181   [8]  21 14 21 14 00 00 00 00
 (1789091968.712909)  can0  181   [8]  21 14 21 14 00 00 00 00
 (1789091968.762855)  can0  181   [8]  21 14 21 14 00 00 00 00
 (1789091968.812802)  can0  181   [8]  21 14 21 14 00 00 00 00
 (1789091968.862748)  can0  181   [8]  21 14 21 14 00 00 00 00
 (1789091968.864373)  can0  701   [1]  05
 (1789091968.899713)  can0  601   [8]  40 41 60 00 00 00 00 00
 (1789091968.900036)  can0  581   [8]  43 41 60 00 21 14 21 14
 (1789091968.901751)  can0  601   [8]  40 6C 60 01 00 00 00 00
 (1789091968.902096)  can0  581   [8]  43 6C 60 01 00 00 00 00
 (1789091968.903743)  can0  601   [8]  40 6C 60 02 00 00 00 00
 (1789091968.904093)  can0  581   [8]  43 6C 60 02 00 00 00 00
 (1789091968.905746)  can0  601   [8]  40 6C 60 03 00 00 00 00
 (1789091968.906030)  can0  581   [8]  43 6C 60 03 00 00 00 00
 (1789091968.912697)  can0  181   [8]  21 14 21 14 00 00 00 00
 (1789091968.962644)  can0  181   [8]  21 14 21 14 00 00 00 00
 (1789091969.012590)  can0  181   [8]  21 14 21 14 00 00 00 00
 (1789091969.062537)  can0  181   [8]  21 14 21 14 00 00 00 00
 (1789091969.112483)  can0  181   [8]  21 14 21 14 00 00 00 00
 (1789091969.113834)  can0  701   [1]  05
 (1789091969.162374)  can0  181   [8]  21 14 21 14 00 00 00 00
 (1789091969.212379)  can0  181   [8]  21 14 21 14 00 00 00 00
 (1789091969.262326)  can0  181   [8]  21 14 21 14 00 00 00 00
 (1789091969.312273)  can0  181   [8]  21 14 21 14 00 00 00 00
 (1789091969.362220)  can0  181   [8]  21 14 21 14 00 00 00 00
 (1789091969.363408)  can0  701   [1]  05
 (1789091969.412166)  can0  181   [8]  21 14 21 14 00 00 00 00
 (1789091969.462112)  can0  181   [8]  21 14 21 14 00 00 00 00
 (1789091969.512061)  can0  181   [8]  21 14 21 14 00 00 00 00
 (1789091969.562009)  can0  181   [8]  21 14 21 14 00 00 00 00
 (1789091969.611954)  can0  181   [8]  21 14 21 14 00 00 00 00
 (1789091969.612893)  can0  701   [1]  05
 (1789091969.661902)  can0  181   [8]  21 14 21 14 00 00 00 00
 (1789091969.711848)  can0  181   [8]  21 14 21 14 00 00 00 00
 (1789091969.761795)  can0  181   [8]  21 14 21 14 00 00 00 00
 (1789091969.811741)  can0  181   [8]  21 14 21 14 00 00 00 00
 (1789091969.861691)  can0  181   [8]  21 14 21 14 00 00 00 00
 (1789091969.862441)  can0  701   [1]  05
 (1789091969.906771)  can0  601   [8]  40 41 60 00 00 00 00 00
 (1789091969.907022)  can0  581   [8]  43 41 60 00 21 14 21 14
 (1789091969.908750)  can0  601   [8]  40 6C 60 01 00 00 00 00
 (1789091969.909080)  can0  581   [8]  43 6C 60 01 00 00 00 00
 (1789091969.910744)  can0  601   [8]  40 6C 60 02 00 00 00 00
 (1789091969.911076)  can0  581   [8]  43 6C 60 02 00 00 00 00
 (1789091969.911636)  can0  181   [8]  21 14 21 14 00 00 00 00
 (1789091969.911962)  can0  601   [8]  40 6C 60 03 00 00 00 00
 (1789091969.912319)  can0  581   [8]  43 6C 60 03 00 00 00 00
 (1789091969.961584)  can0  181   [8]  21 14 21 14 00 00 00 00
 (1789091970.011531)  can0  181   [8]  21 14 21 14 00 00 00 00
 (1789091970.061478)  can0  181   [8]  21 14 21 14 00 00 00 00
 (1789091970.111425)  can0  181   [8]  21 14 21 14 00 00 00 00
 (1789091970.111930)  can0  701   [1]  05
 (1789091970.161371)  can0  181   [8]  21 14 21 14 00 00 00 00
 (1789091970.211318)  can0  181   [8]  21 14 21 14 00 00 00 00
 (1789091970.261265)  can0  181   [8]  21 14 21 14 00 00 00 00
 (1789091970.311214)  can0  181   [8]  21 14 21 14 00 00 00 00
 (1789091970.361160)  can0  181   [8]  21 14 21 14 00 00 00 00
 (1789091970.361475)  can0  701   [1]  05
 (1789091970.411107)  can0  181   [8]  21 14 21 14 00 00 00 00
 (1789091970.461054)  can0  181   [8]  21 14 21 14 00 00 00 00
 (1789091970.511001)  can0  181   [8]  21 14 21 14 00 00 00 00
 (1789091970.560947)  can0  181   [8]  21 14 21 14 00 00 00 00
 (1789091970.610894)  can0  181   [8]  21 14 21 14 00 00 00 00
 (1789091970.611010)  can0  701   [1]  05
 (1789091970.660843)  can0  181   [8]  21 14 21 14 00 00 00 00
 (1789091970.710790)  can0  181   [8]  21 14 21 14 00 00 00 00
 (1789091970.760736)  can0  181   [8]  21 14 21 14 00 00 00 00
 (1789091970.810683)  can0  181   [8]  21 14 21 14 00 00 00 00
 (1789091970.860630)  can0  181   [8]  21 14 21 14 00 00 00 00
 (1789091970.860745)  can0  701   [1]  05
 (1789091970.910576)  can0  181   [8]  21 14 21 14 00 00 00 00
 (1789091970.910818)  can0  601   [8]  40 41 60 00 00 00 00 00
 (1789091970.911131)  can0  581   [8]  43 41 60 00 21 14 21 14
 (1789091970.912752)  can0  601   [8]  40 6C 60 01 00 00 00 00
 (1789091970.913072)  can0  581   [8]  43 6C 60 01 00 00 00 00
 (1789091970.914745)  can0  601   [8]  40 6C 60 02 00 00 00 00
 (1789091970.915068)  can0  581   [8]  43 6C 60 02 00 00 00 00
 (1789091970.916745)  can0  601   [8]  40 6C 60 03 00 00 00 00
 (1789091970.917063)  can0  581   [8]  43 6C 60 03 00 00 00 00
 (1789091970.960523)  can0  181   [8]  21 14 21 14 00 00 00 00
 (1789091971.010471)  can0  181   [8]  21 14 21 14 00 00 00 00
 (1789091971.060418)  can0  181   [8]  21 14 21 14 00 00 00 00
 (1789091971.109994)  can0  701   [1]  05
 (1789091971.110365)  can0  181   [8]  21 14 21 14 00 00 00 00
 (1789091971.160312)  can0  181   [8]  21 14 21 14 00 00 00 00
 (1789091971.210259)  can0  181   [8]  21 14 21 14 00 00 00 00
 (1789091971.260205)  can0  181   [8]  21 14 21 14 00 00 00 00
 (1789091971.310154)  can0  181   [8]  21 14 21 14 00 00 00 00
 (1789091971.359543)  can0  701   [1]  05
 (1789091971.360105)  can0  181   [8]  21 14 21 14 00 00 00 00
 (1789091971.410110)  can0  181   [8]  21 14 21 14 00 00 00 00
 (1789091971.460056)  can0  181   [8]  21 14 21 14 00 00 00 00
 (1789091971.510004)  can0  181   [8]  21 14 21 14 00 00 00 00
 (1789091971.559952)  can0  181   [8]  21 14 21 14 00 00 00 00
 (1789091971.609089)  can0  701   [1]  05
 (1789091971.609898)  can0  181   [8]  21 14 21 14 00 00 00 00
 (1789091971.659845)  can0  181   [8]  21 14 21 14 00 00 00 00
 (1789091971.709793)  can0  181   [8]  21 14 21 14 00 00 00 00
 (1789091971.759738)  can0  181   [8]  21 14 21 14 00 00 00 00
 (1789091971.809686)  can0  181   [8]  21 14 21 14 00 00 00 00
 (1789091971.858576)  can0  701   [1]  05
 (1789091971.859632)  can0  181   [8]  21 14 21 14 00 00 00 00
 (1789091971.909581)  can0  181   [8]  21 14 21 14 00 00 00 00
 (1789091971.914777)  can0  601   [8]  40 41 60 00 00 00 00 00
 (1789091971.915121)  can0  581   [8]  43 41 60 00 21 14 21 14
 (1789091971.916749)  can0  601   [8]  40 6C 60 01 00 00 00 00
 (1789091971.917063)  can0  581   [8]  43 6C 60 01 00 00 00 00
 (1789091971.918746)  can0  601   [8]  40 6C 60 02 00 00 00 00
 (1789091971.919058)  can0  581   [8]  43 6C 60 02 00 00 00 00
 (1789091971.920746)  can0  601   [8]  40 6C 60 03 00 00 00 00
 (1789091971.921054)  can0  581   [8]  43 6C 60 03 00 00 00 00
 (1789091971.959527)  can0  181   [8]  21 14 21 14 00 00 00 00
 (1789091972.009474)  can0  181   [8]  21 14 21 14 00 00 00 00
 (1789091972.059421)  can0  181   [8]  21 14 21 14 00 00 00 00
 (1789091972.108125)  can0  701   [1]  05
 (1789091972.109368)  can0  181   [8]  21 14 21 14 00 00 00 00
 (1789091972.159314)  can0  181   [8]  21 14 21 14 00 00 00 00
 (1789091972.209261)  can0  181   [8]  21 14 21 14 00 00 00 00
 (1789091972.259209)  can0  181   [8]  21 14 21 14 00 00 00 00
 (1789091972.309157)  can0  181   [8]  21 14 21 14 00 00 00 00
 (1789091972.357611)  can0  701   [1]  05
 (1789091972.359103)  can0  181   [8]  21 14 21 14 00 00 00 00
 (1789091972.409050)  can0  181   [8]  21 14 21 14 00 00 00 00
 (1789091972.458999)  can0  181   [8]  21 14 21 14 00 00 00 00
 (1789091972.508943)  can0  181   [8]  21 14 21 14 00 00 00 00
 (1789091972.558890)  can0  181   [8]  21 14 21 14 00 00 00 00
 (1789091972.607157)  can0  701   [1]  05
 (1789091972.608837)  can0  181   [8]  21 14 21 14 00 00 00 00
 (1789091972.658787)  can0  181   [8]  21 14 21 14 00 00 00 00
 (1789091972.708732)  can0  181   [8]  21 14 21 14 00 00 00 00
 (1789091972.758681)  can0  181   [8]  21 14 21 14 00 00 00 00
 (1789091972.808625)  can0  181   [8]  21 14 21 14 00 00 00 00
 (1789091972.856642)  can0  701   [1]  05
 (1789091972.858573)  can0  181   [8]  21 14 21 14 00 00 00 00
 (1789091972.908521)  can0  181   [8]  21 14 21 14 00 00 00 00
 (1789091972.919769)  can0  601   [8]  40 41 60 00 00 00 00 00
 (1789091972.920054)  can0  581   [8]  43 41 60 00 21 14 21 14
 (1789091972.921749)  can0  601   [8]  40 6C 60 01 00 00 00 00
 (1789091972.922057)  can0  581   [8]  43 6C 60 01 00 00 00 00
 (1789091972.923744)  can0  601   [8]  40 6C 60 02 00 00 00 00
 (1789091972.924052)  can0  581   [8]  43 6C 60 02 00 00 00 00
 (1789091972.925746)  can0  601   [8]  40 6C 60 03 00 00 00 00
 (1789091972.926104)  can0  581   [8]  43 6C 60 03 00 00 00 00
 (1789091972.958468)  can0  181   [8]  21 14 21 14 00 00 00 00
 (1789091973.008414)  can0  181   [8]  21 14 21 14 00 00 00 00
 (1789091973.058362)  can0  181   [8]  21 14 21 14 00 00 00 00
 (1789091973.106191)  can0  701   [1]  05
 (1789091973.108310)  can0  181   [8]  21 14 21 14 00 00 00 00
 (1789091973.158256)  can0  181   [8]  21 14 21 14 00 00 00 00
 (1789091973.208202)  can0  181   [8]  21 14 21 14 00 00 00 00
 (1789091973.258150)  can0  181   [8]  21 14 21 14 00 00 00 00
 (1789091973.308097)  can0  181   [8]  21 14 21 14 00 00 00 00
 (1789091973.355678)  can0  701   [1]  05
 (1789091973.358044)  can0  181   [8]  21 14 21 14 00 00 00 00
 (1789091973.407992)  can0  181   [8]  21 14 21 14 00 00 00 00
 (1789091973.457938)  can0  181   [8]  21 14 21 14 00 00 00 00
 (1789091973.507886)  can0  181   [8]  21 14 21 14 00 00 00 00
 (1789091973.557831)  can0  181   [8]  21 14 21 14 00 00 00 00
 (1789091973.605227)  can0  701   [1]  05
 (1789091973.607778)  can0  181   [8]  21 14 21 14 00 00 00 00
 (1789091973.657725)  can0  181   [8]  21 14 21 14 00 00 00 00
 (1789091973.707674)  can0  181   [8]  21 14 21 14 00 00 00 00
 (1789091973.757620)  can0  181   [8]  21 14 21 14 00 00 00 00
 (1789091973.807568)  can0  181   [8]  21 14 21 14 00 00 00 00
 (1789091973.854711)  can0  701   [1]  05
 (1789091973.857518)  can0  181   [8]  21 14 21 14 00 00 00 00
 (1789091973.907460)  can0  181   [8]  21 14 21 14 00 00 00 00
 (1789091973.926770)  can0  601   [8]  40 41 60 00 00 00 00 00
 (1789091973.927039)  can0  581   [8]  43 41 60 00 21 14 21 14
 (1789091973.928750)  can0  601   [8]  40 6C 60 01 00 00 00 00
 (1789091973.929098)  can0  581   [8]  43 6C 60 01 00 00 00 00
 (1789091973.930746)  can0  601   [8]  40 6C 60 02 00 00 00 00
 (1789091973.931094)  can0  581   [8]  43 6C 60 02 00 00 00 00
 (1789091973.932745)  can0  601   [8]  40 6C 60 03 00 00 00 00
 (1789091973.933032)  can0  581   [8]  43 6C 60 03 00 00 00 00
 (1789091973.957409)  can0  181   [8]  21 14 21 14 00 00 00 00
 (1789091974.007354)  can0  181   [8]  21 14 21 14 00 00 00 00
 (1789091974.057301)  can0  181   [8]  21 14 21 14 00 00 00 00
 (1789091974.104260)  can0  701   [1]  05
 (1789091974.107250)  can0  181   [8]  21 14 21 14 00 00 00 00
 (1789091974.157197)  can0  181   [8]  21 14 21 14 00 00 00 00
 (1789091974.207144)  can0  181   [8]  21 14 21 14 00 00 00 00
 (1789091974.257089)  can0  181   [8]  21 14 21 14 00 00 00 00
 (1789091974.307037)  can0  181   [8]  21 14 21 14 00 00 00 00
 (1789091974.353744)  can0  701   [1]  05
 (1789091974.356983)  can0  181   [8]  21 14 21 14 00 00 00 00
 (1789091974.406930)  can0  181   [8]  21 14 21 14 00 00 00 00
 (1789091974.456876)  can0  181   [8]  21 14 21 14 00 00 00 00
 (1789091974.506826)  can0  181   [8]  21 14 21 14 00 00 00 00
 (1789091974.556772)  can0  181   [8]  21 14 21 14 00 00 00 00
 (1789091974.603293)  can0  701   [1]  05
 (1789091974.606720)  can0  181   [8]  21 14 21 14 00 00 00 00
 (1789091974.656666)  can0  181   [8]  21 14 21 14 00 00 00 00
 (1789091974.706613)  can0  181   [8]  21 14 21 14 00 00 00 00
 (1789091974.756559)  can0  181   [8]  21 14 21 14 00 00 00 00
 (1789091974.806509)  can0  181   [8]  21 14 21 14 00 00 00 00
 (1789091974.852778)  can0  701   [1]  05
 (1789091974.856455)  can0  181   [8]  21 14 21 14 00 00 00 00
 (1789091974.906402)  can0  181   [8]  21 14 21 14 00 00 00 00
 (1789091974.932767)  can0  601   [8]  40 41 60 00 00 00 00 00
 (1789091974.933026)  can0  581   [8]  43 41 60 00 21 14 21 14
 (1789091974.934749)  can0  601   [8]  40 6C 60 01 00 00 00 00
 (1789091974.935085)  can0  581   [8]  43 6C 60 01 00 00 00 00
 (1789091974.936746)  can0  601   [8]  40 6C 60 02 00 00 00 00
 (1789091974.937081)  can0  581   [8]  43 6C 60 02 00 00 00 00
 (1789091974.938745)  can0  601   [8]  40 6C 60 03 00 00 00 00
 (1789091974.939076)  can0  581   [8]  43 6C 60 03 00 00 00 00
 (1789091974.956348)  can0  181   [8]  21 14 21 14 00 00 00 00
 (1789091975.006297)  can0  181   [8]  21 14 21 14 00 00 00 00
 (1789091975.056243)  can0  181   [8]  21 14 21 14 00 00 00 00
 (1789091975.102327)  can0  701   [1]  05
 (1789091975.106190)  can0  181   [8]  21 14 21 14 00 00 00 00
 (1789091975.156137)  can0  181   [8]  21 14 21 14 00 00 00 00
 (1789091975.206082)  can0  181   [8]  21 14 21 14 00 00 00 00
 (1789091975.256030)  can0  181   [8]  21 14 21 14 00 00 00 00
 (1789091975.305979)  can0  181   [8]  21 14 21 14 00 00 00 00
 (1789091975.351811)  can0  701   [1]  05
 (1789091975.355926)  can0  181   [8]  21 14 21 14 00 00 00 00
 (1789091975.405873)  can0  181   [8]  21 14 21 14 00 00 00 00
 (1789091975.455820)  can0  181   [8]  21 14 21 14 00 00 00 00
 (1789091975.505766)  can0  181   [8]  21 14 21 14 00 00 00 00
 (1789091975.555713)  can0  181   [8]  21 14 21 14 00 00 00 00
 (1789091975.601361)  can0  701   [1]  05
 (1789091975.605659)  can0  181   [8]  21 14 21 14 00 00 00 00
 (1789091975.655607)  can0  181   [8]  21 14 21 14 00 00 00 00
 (1789091975.705554)  can0  181   [8]  21 14 21 14 00 00 00 00
 (1789091975.755501)  can0  181   [8]  21 14 21 14 00 00 00 00
 (1789091975.805448)  can0  181   [8]  21 14 21 14 00 00 00 00
 (1789091975.850848)  can0  701   [1]  05
 (1789091975.855395)  can0  181   [8]  21 14 21 14 00 00 00 00
 (1789091975.905343)  can0  181   [8]  21 14 21 14 00 00 00 00
 (1789091975.937773)  can0  601   [8]  40 41 60 00 00 00 00 00
 (1789091975.938071)  can0  581   [8]  43 41 60 00 21 14 21 14
 (1789091975.939751)  can0  601   [8]  40 6C 60 01 00 00 00 00
 (1789091975.940077)  can0  581   [8]  43 6C 60 01 00 00 00 00
 (1789091975.941745)  can0  601   [8]  40 6C 60 02 00 00 00 00
 (1789091975.942072)  can0  581   [8]  43 6C 60 02 00 00 00 00
 (1789091975.943744)  can0  601   [8]  40 6C 60 03 00 00 00 00
 (1789091975.944066)  can0  581   [8]  43 6C 60 03 00 00 00 00
 (1789091975.955290)  can0  181   [8]  21 14 21 14 00 00 00 00
 (1789091976.005237)  can0  181   [8]  21 14 21 14 00 00 00 00
 (1789091976.055183)  can0  181   [8]  21 14 21 14 00 00 00 00
 (1789091976.100393)  can0  701   [1]  05
 (1789091976.105130)  can0  181   [8]  21 14 21 14 00 00 00 00
 (1789091976.155075)  can0  181   [8]  21 14 21 14 00 00 00 00
 (1789091976.205024)  can0  181   [8]  21 14 21 14 00 00 00 00
 (1789091976.254973)  can0  181   [8]  21 14 21 14 00 00 00 00
 (1789091976.304919)  can0  181   [8]  21 14 21 14 00 00 00 00
 (1789091976.349880)  can0  701   [1]  05
 (1789091976.354865)  can0  181   [8]  21 14 21 14 00 00 00 00
 (1789091976.404812)  can0  181   [8]  21 14 21 14 00 00 00 00
 (1789091976.454760)  can0  181   [8]  21 14 21 14 00 00 00 00
 (1789091976.504706)  can0  181   [8]  21 14 21 14 00 00 00 00
 (1789091976.554653)  can0  181   [8]  21 14 21 14 00 00 00 00
 (1789091976.599427)  can0  701   [1]  05
 (1789091976.604663)  can0  181   [8]  21 14 21 14 00 00 00 00
 (1789091976.654610)  can0  181   [8]  21 14 21 14 00 00 00 00
 (1789091976.704556)  can0  181   [8]  21 14 21 14 00 00 00 00
 (1789091976.754503)  can0  181   [8]  21 14 21 14 00 00 00 00
 (1789091976.804449)  can0  181   [8]  21 14 21 14 00 00 00 00
 (1789091976.848975)  can0  701   [1]  05
 (1789091976.854399)  can0  181   [8]  21 14 21 14 00 00 00 00
 (1789091976.904345)  can0  181   [8]  21 14 21 14 00 00 00 00
 (1789091976.943772)  can0  601   [8]  40 41 60 00 00 00 00 00
 (1789091976.944121)  can0  581   [8]  43 41 60 00 21 14 21 14
 (1789091976.945750)  can0  601   [8]  40 6C 60 01 00 00 00 00
 (1789091976.946003)  can0  581   [8]  43 6C 60 01 00 00 00 00
 (1789091976.947747)  can0  601   [8]  40 6C 60 02 00 00 00 00
 (1789091976.948056)  can0  581   [8]  43 6C 60 02 00 00 00 00
 (1789091976.949746)  can0  601   [8]  40 6C 60 03 00 00 00 00
 (1789091976.950060)  can0  581   [8]  43 6C 60 03 00 00 00 00
 (1789091976.954291)  can0  181   [8]  21 14 21 14 00 00 00 00
 (1789091977.004238)  can0  181   [8]  21 14 21 14 00 00 00 00
 (1789091977.054186)  can0  181   [8]  21 14 21 14 00 00 00 00
 (1789091977.098463)  can0  701   [1]  05
 (1789091977.104133)  can0  181   [8]  21 14 21 14 00 00 00 00
 (1789091977.154079)  can0  181   [8]  21 14 21 14 00 00 00 00
 (1789091977.204027)  can0  181   [8]  21 14 21 14 00 00 00 00
 (1789091977.253975)  can0  181   [8]  21 14 21 14 00 00 00 00
 (1789091977.303920)  can0  181   [8]  21 14 21 14 00 00 00 00
 (1789091977.348009)  can0  701   [1]  05
 (1789091977.353867)  can0  181   [8]  21 14 21 14 00 00 00 00
 (1789091977.403814)  can0  181   [8]  21 14 21 14 00 00 00 00
 (1789091977.453769)  can0  181   [8]  21 14 21 14 00 00 00 00
 (1789091977.503710)  can0  181   [8]  21 14 21 14 00 00 00 00
 (1789091977.553656)  can0  181   [8]  21 14 21 14 00 00 00 00
 (1789091977.597494)  can0  701   [1]  05
 (1789091977.603604)  can0  181   [8]  21 14 21 14 00 00 00 00
 (1789091977.653550)  can0  181   [8]  21 14 21 14 00 00 00 00
 (1789091977.703496)  can0  181   [8]  21 14 21 14 00 00 00 00
 (1789091977.753447)  can0  181   [8]  21 14 21 14 00 00 00 00
 (1789091977.803454)  can0  181   [8]  21 14 21 14 00 00 00 00
 (1789091977.847044)  can0  701   [1]  05
 (1789091977.853400)  can0  181   [8]  21 14 21 14 00 00 00 00
 (1789091977.903347)  can0  181   [8]  21 14 21 14 00 00 00 00
 (1789091977.950771)  can0  601   [8]  40 41 60 00 00 00 00 00
 (1789091977.951104)  can0  581   [8]  43 41 60 00 21 14 21 14
 (1789091977.952751)  can0  601   [8]  40 6C 60 01 00 00 00 00
 (1789091977.953051)  can0  581   [8]  43 6C 60 01 00 00 00 00
 (1789091977.953290)  can0  181   [8]  21 14 21 14 00 00 00 00
 (1789091977.954746)  can0  601   [8]  40 6C 60 02 00 00 00 00
 (1789091977.955103)  can0  581   [8]  43 6C 60 02 00 00 00 00
 (1789091977.956690)  can0  601   [8]  40 6C 60 03 00 00 00 00
 (1789091977.957042)  can0  581   [8]  43 6C 60 03 00 00 00 00
 (1789091978.003241)  can0  181   [8]  21 14 21 14 00 00 00 00
 (1789091978.053189)  can0  181   [8]  21 14 21 14 00 00 00 00
 (1789091978.096529)  can0  701   [1]  05
 (1789091978.103135)  can0  181   [8]  21 14 21 14 00 00 00 00
 (1789091978.153082)  can0  181   [8]  21 14 21 14 00 00 00 00
 (1789091978.203030)  can0  181   [8]  21 14 21 14 00 00 00 00
 (1789091978.252978)  can0  181   [8]  21 14 21 14 00 00 00 00
 (1789091978.302924)  can0  181   [8]  21 14 21 14 00 00 00 00
 (1789091978.346076)  can0  701   [1]  05
 (1789091978.352871)  can0  181   [8]  21 14 21 14 00 00 00 00
 (1789091978.402818)  can0  181   [8]  21 14 21 14 00 00 00 00
 (1789091978.452765)  can0  181   [8]  21 14 21 14 00 00 00 00
 (1789091978.502714)  can0  181   [8]  21 14 21 14 00 00 00 00
 (1789091978.552660)  can0  181   [8]  21 14 21 14 00 00 00 00
 (1789091978.595563)  can0  701   [1]  05
 (1789091978.602607)  can0  181   [8]  21 14 21 14 00 00 00 00
 (1789091978.652553)  can0  181   [8]  21 14 21 14 00 00 00 00
 (1789091978.702499)  can0  181   [8]  21 14 21 14 00 00 00 00
 (1789091978.752446)  can0  181   [8]  21 14 21 14 00 00 00 00
 (1789091978.802393)  can0  181   [8]  21 14 21 14 00 00 00 00
 (1789091978.845112)  can0  701   [1]  05
 (1789091978.852343)  can0  181   [8]  21 14 21 14 00 00 00 00
 (1789091978.902289)  can0  181   [8]  21 14 21 14 00 00 00 00
 (1789091978.952236)  can0  181   [8]  21 14 21 14 00 00 00 00
 (1789091978.958771)  can0  601   [8]  40 41 60 00 00 00 00 00
 (1789091978.959087)  can0  581   [8]  43 41 60 00 21 14 21 14
 (1789091978.960750)  can0  601   [8]  40 6C 60 01 00 00 00 00
 (1789091978.961091)  can0  581   [8]  43 6C 60 01 00 00 00 00
 (1789091978.962745)  can0  601   [8]  40 6C 60 02 00 00 00 00
 (1789091978.963085)  can0  581   [8]  43 6C 60 02 00 00 00 00
 (1789091978.964747)  can0  601   [8]  40 6C 60 03 00 00 00 00
 (1789091978.965080)  can0  581   [8]  43 6C 60 03 00 00 00 00
 (1789091979.002185)  can0  181   [8]  21 14 21 14 00 00 00 00
 (1789091979.052130)  can0  181   [8]  21 14 21 14 00 00 00 00
 (1789091979.094598)  can0  701   [1]  05
 (1789091979.102079)  can0  181   [8]  21 14 21 14 00 00 00 00
 (1789091979.152023)  can0  181   [8]  21 14 21 14 00 00 00 00
 (1789091979.201971)  can0  181   [8]  21 14 21 14 00 00 00 00
 (1789091979.251916)  can0  181   [8]  21 14 21 14 00 00 00 00
 (1789091979.301864)  can0  181   [8]  21 14 21 14 00 00 00 00
 (1789091979.344145)  can0  701   [1]  05
 (1789091979.351812)  can0  181   [8]  21 14 21 14 00 00 00 00
 (1789091979.401759)  can0  181   [8]  21 14 21 14 00 00 00 00
 (1789091979.451706)  can0  181   [8]  21 14 21 14 00 00 00 00
 (1789091979.501652)  can0  181   [8]  21 14 21 14 00 00 00 00
 (1789091979.551599)  can0  181   [8]  21 14 21 14 00 00 00 00
 (1789091979.593630)  can0  701   [1]  05
 (1789091979.601546)  can0  181   [8]  21 14 21 14 00 00 00 00
 (1789091979.651493)  can0  181   [8]  21 14 21 14 00 00 00 00
 (1789091979.701442)  can0  181   [8]  21 14 21 14 00 00 00 00
 (1789091979.751396)  can0  181   [8]  21 14 21 14 00 00 00 00
 (1789091979.801396)  can0  181   [8]  21 14 21 14 00 00 00 00
 (1789091979.843179)  can0  701   [1]  05
 (1789091979.851344)  can0  181   [8]  21 14 21 14 00 00 00 00
 (1789091979.901291)  can0  181   [8]  21 14 21 14 00 00 00 00
 (1789091979.951240)  can0  181   [8]  21 14 21 14 00 00 00 00
 (1789091979.965771)  can0  601   [8]  40 41 60 00 00 00 00 00
 (1789091979.966075)  can0  581   [8]  43 41 60 00 21 14 21 14
 (1789091979.967751)  can0  601   [8]  40 6C 60 01 00 00 00 00
 (1789091979.968079)  can0  581   [8]  43 6C 60 01 00 00 00 00
 (1789091979.969745)  can0  601   [8]  40 6C 60 02 00 00 00 00
 (1789091979.970017)  can0  581   [8]  43 6C 60 02 00 00 00 00
 (1789091979.971745)  can0  601   [8]  40 6C 60 03 00 00 00 00
 (1789091979.972013)  can0  581   [8]  43 6C 60 03 00 00 00 00
 (1789091980.001184)  can0  181   [8]  21 14 21 14 00 00 00 00
 (1789091980.051132)  can0  181   [8]  21 14 21 14 00 00 00 00
 (1789091980.092665)  can0  701   [1]  05
 (1789091980.101078)  can0  181   [8]  21 14 21 14 00 00 00 00
 (1789091980.151027)  can0  181   [8]  21 14 21 14 00 00 00 00
 (1789091980.200973)  can0  181   [8]  21 14 21 14 00 00 00 00
 (1789091980.250920)  can0  181   [8]  21 14 21 14 00 00 00 00
 (1789091980.300867)  can0  181   [8]  21 14 21 14 00 00 00 00
 (1789091980.342214)  can0  701   [1]  05
 (1789091980.350814)  can0  181   [8]  21 14 21 14 00 00 00 00
 (1789091980.400761)  can0  181   [8]  21 14 21 14 00 00 00 00
 (1789091980.450710)  can0  181   [8]  21 14 21 14 00 00 00 00
 (1789091980.500656)  can0  181   [8]  21 14 21 14 00 00 00 00
 (1789091980.550603)  can0  181   [8]  21 14 21 14 00 00 00 00
 (1789091980.591697)  can0  701   [1]  05
 (1789091980.600551)  can0  181   [8]  21 14 21 14 00 00 00 00
 (1789091980.650496)  can0  181   [8]  21 14 21 14 00 00 00 00
 (1789091980.700443)  can0  181   [8]  21 14 21 14 00 00 00 00
 (1789091980.750390)  can0  181   [8]  21 14 21 14 00 00 00 00
 (1789091980.800338)  can0  181   [8]  21 14 21 14 00 00 00 00
 (1789091980.841245)  can0  701   [1]  05
 (1789091980.850287)  can0  181   [8]  21 14 21 14 00 00 00 00
 (1789091980.900294)  can0  181   [8]  21 14 21 14 00 00 00 00
 (1789091980.950250)  can0  181   [8]  21 14 21 14 00 00 00 00
 (1789091980.971768)  can0  601   [8]  40 41 60 00 00 00 00 00
 (1789091980.972118)  can0  581   [8]  43 41 60 00 21 14 21 14
 (1789091980.973693)  can0  601   [8]  40 6C 60 01 00 00 00 00
 (1789091980.974062)  can0  581   [8]  43 6C 60 01 00 00 00 00
 (1789091980.975744)  can0  601   [8]  40 6C 60 02 00 00 00 00
 (1789091980.976057)  can0  581   [8]  43 6C 60 02 00 00 00 00
 (1789091980.977747)  can0  601   [8]  40 6C 60 03 00 00 00 00
 (1789091980.978055)  can0  581   [8]  43 6C 60 03 00 00 00 00
 (1789091981.000250)  can0  181   [8]  21 14 21 14 00 00 00 00
 (1789091981.050206)  can0  181   [8]  21 14 21 14 00 00 00 00
 (1789091981.090733)  can0  701   [1]  05
 (1789091981.100208)  can0  181   [8]  21 14 21 14 00 00 00 00
 (1789091981.150157)  can0  181   [8]  21 14 21 14 00 00 00 00
 (1789091981.200163)  can0  181   [8]  21 14 21 14 00 00 00 00
 (1789091981.250121)  can0  181   [8]  21 14 21 14 00 00 00 00
 (1789091981.300120)  can0  181   [8]  21 14 21 14 00 00 00 00
 (1789091981.340282)  can0  701   [1]  05
 (1789091981.350076)  can0  181   [8]  21 14 21 14 00 00 00 00
 (1789091981.400075)  can0  181   [8]  21 14 21 14 00 00 00 00
 (1789091981.450032)  can0  181   [8]  21 14 21 14 00 00 00 00
 (1789091981.500033)  can0  181   [8]  21 14 21 14 00 00 00 00
 (1789091981.549985)  can0  181   [8]  21 14 21 14 00 00 00 00
 (1789091981.589766)  can0  701   [1]  05
 (1789091981.599988)  can0  181   [8]  21 14 21 14 00 00 00 00
 (1789091981.649946)  can0  181   [8]  21 14 21 14 00 00 00 00
 (1789091981.699945)  can0  181   [8]  21 14 21 14 00 00 00 00
 (1789091981.749900)  can0  181   [8]  21 14 21 14 00 00 00 00
 (1789091981.799902)  can0  181   [8]  21 14 21 14 00 00 00 00
 (1789091981.839313)  can0  701   [1]  05
 (1789091981.849858)  can0  181   [8]  21 14 21 14 00 00 00 00
 (1789091981.899859)  can0  181   [8]  21 14 21 14 00 00 00 00
 (1789091981.949809)  can0  181   [8]  21 14 21 14 00 00 00 00
 (1789091981.976772)  can0  601   [8]  40 41 60 00 00 00 00 00
 (1789091981.977111)  can0  581   [8]  43 41 60 00 21 14 21 14
 (1789091981.978752)  can0  601   [8]  40 6C 60 01 00 00 00 00
 (1789091981.979058)  can0  581   [8]  43 6C 60 01 00 00 00 00
 (1789091981.980747)  can0  601   [8]  40 6C 60 02 00 00 00 00
 (1789091981.981054)  can0  581   [8]  43 6C 60 02 00 00 00 00
 (1789091981.982748)  can0  601   [8]  40 6C 60 03 00 00 00 00
 (1789091981.983045)  can0  581   [8]  43 6C 60 03 00 00 00 00
 (1789091981.999814)  can0  181   [8]  21 14 21 14 00 00 00 00
 (1789091982.049773)  can0  181   [8]  21 14 21 14 00 00 00 00
 (1789091982.088801)  can0  701   [1]  05
 (1789091982.099772)  can0  181   [8]  21 14 21 14 00 00 00 00
 (1789091982.149721)  can0  181   [8]  21 14 21 14 00 00 00 00
 (1789091982.199665)  can0  181   [8]  21 14 21 14 00 00 00 00
 (1789091982.249612)  can0  181   [8]  21 14 21 14 00 00 00 00
 (1789091982.299558)  can0  181   [8]  21 14 21 14 00 00 00 00
 (1789091982.338345)  can0  701   [1]  05
 (1789091982.349568)  can0  181   [8]  21 14 21 14 00 00 00 00
 (1789091982.399516)  can0  181   [8]  21 14 21 14 00 00 00 00
 (1789091982.449463)  can0  181   [8]  21 14 21 14 00 00 00 00
 (1789091982.499409)  can0  181   [8]  21 14 21 14 00 00 00 00
 (1789091982.549356)  can0  181   [8]  21 14 21 14 00 00 00 00
 (1789091982.587897)  can0  701   [1]  05
 (1789091982.599303)  can0  181   [8]  21 14 21 14 00 00 00 00
 (1789091982.649251)  can0  181   [8]  21 14 21 14 00 00 00 00
 (1789091982.699198)  can0  181   [8]  21 14 21 14 00 00 00 00
 (1789091982.749146)  can0  181   [8]  21 14 21 14 00 00 00 00
 (1789091982.799091)  can0  181   [8]  21 14 21 14 00 00 00 00
 (1789091982.837382)  can0  701   [1]  05
 (1789091982.849038)  can0  181   [8]  21 14 21 14 00 00 00 00
 (1789091982.898986)  can0  181   [8]  21 14 21 14 00 00 00 00
 (1789091982.948934)  can0  181   [8]  21 14 21 14 00 00 00 00
 (1789091982.981773)  can0  601   [8]  40 41 60 00 00 00 00 00
 (1789091982.982099)  can0  581   [8]  43 41 60 00 21 14 21 14
 (1789091982.983749)  can0  601   [8]  40 6C 60 01 00 00 00 00
 (1789091982.984104)  can0  581   [8]  43 6C 60 01 00 00 00 00
 (1789091982.985746)  can0  601   [8]  40 6C 60 02 00 00 00 00
 (1789091982.986040)  can0  581   [8]  43 6C 60 02 00 00 00 00
 (1789091982.987747)  can0  601   [8]  40 6C 60 03 00 00 00 00
 (1789091982.988092)  can0  581   [8]  43 6C 60 03 00 00 00 00
 (1789091982.998880)  can0  181   [8]  21 14 21 14 00 00 00 00
 (1789091983.048827)  can0  181   [8]  21 14 21 14 00 00 00 00
 (1789091983.086930)  can0  701   [1]  05
 (1789091983.098775)  can0  181   [8]  21 14 21 14 00 00 00 00
 (1789091983.148722)  can0  181   [8]  21 14 21 14 00 00 00 00
 (1789091983.198668)  can0  181   [8]  21 14 21 14 00 00 00 00
 (1789091983.248614)  can0  181   [8]  21 14 21 14 00 00 00 00
 (1789091983.298563)  can0  181   [8]  21 14 21 14 00 00 00 00
 (1789091983.336417)  can0  701   [1]  05
 (1789091983.348510)  can0  181   [8]  21 14 21 14 00 00 00 00
 (1789091983.398457)  can0  181   [8]  21 14 21 14 00 00 00 00
 (1789091983.448403)  can0  181   [8]  21 14 21 14 00 00 00 00
 (1789091983.498350)  can0  181   [8]  21 14 21 14 00 00 00 00
 (1789091983.548296)  can0  181   [8]  21 14 21 14 00 00 00 00
 (1789091983.585965)  can0  701   [1]  05
 (1789091983.598243)  can0  181   [8]  21 14 21 14 00 00 00 00
 (1789091983.648192)  can0  181   [8]  21 14 21 14 00 00 00 00
 (1789091983.698140)  can0  181   [8]  21 14 21 14 00 00 00 00
 (1789091983.748085)  can0  181   [8]  21 14 21 14 00 00 00 00
 (1789091983.798032)  can0  181   [8]  21 14 21 14 00 00 00 00
 (1789091983.835448)  can0  701   [1]  05
 (1789091983.847980)  can0  181   [8]  21 14 21 14 00 00 00 00
 (1789091983.897927)  can0  181   [8]  21 14 21 14 00 00 00 00
 (1789091983.947880)  can0  181   [8]  21 14 21 14 00 00 00 00
 (1789091983.988790)  can0  601   [8]  40 41 60 00 00 00 00 00
 (1789091983.989091)  can0  581   [8]  43 41 60 00 21 14 21 14
 (1789091983.990750)  can0  601   [8]  40 6C 60 01 00 00 00 00
 (1789091983.991085)  can0  581   [8]  43 6C 60 01 00 00 00 00
 (1789091983.992745)  can0  601   [8]  40 6C 60 02 00 00 00 00
 (1789091983.993081)  can0  581   [8]  43 6C 60 02 00 00 00 00
 (1789091983.994745)  can0  601   [8]  40 6C 60 03 00 00 00 00
 (1789091983.995077)  can0  581   [8]  43 6C 60 03 00 00 00 00
 (1789091983.997883)  can0  181   [8]  21 14 21 14 00 00 00 00
 (1789091984.047830)  can0  181   [8]  21 14 21 14 00 00 00 00
 (1789091984.084997)  can0  701   [1]  05
 (1789091984.097778)  can0  181   [8]  21 14 21 14 00 00 00 00
 (1789091984.147726)  can0  181   [8]  21 14 21 14 00 00 00 00
 (1789091984.197670)  can0  181   [8]  21 14 21 14 00 00 00 00
 (1789091984.247617)  can0  181   [8]  21 14 21 14 00 00 00 00
 (1789091984.297566)  can0  181   [8]  21 14 21 14 00 00 00 00
 (1789091984.334483)  can0  701   [1]  05
 (1789091984.347512)  can0  181   [8]  21 14 21 14 00 00 00 00
 (1789091984.397459)  can0  181   [8]  21 14 21 14 00 00 00 00
 (1789091984.447406)  can0  181   [8]  21 14 21 14 00 00 00 00
 (1789091984.497352)  can0  181   [8]  21 14 21 14 00 00 00 00
 (1789091984.547299)  can0  181   [8]  21 14 21 14 00 00 00 00
 (1789091984.584031)  can0  701   [1]  05
 (1789091984.597247)  can0  181   [8]  21 14 21 14 00 00 00 00
 (1789091984.647195)  can0  181   [8]  21 14 21 14 00 00 00 00
 (1789091984.697142)  can0  181   [8]  21 14 21 14 00 00 00 00
 (1789091984.747088)  can0  181   [8]  21 14 21 14 00 00 00 00
 (1789091984.797036)  can0  181   [8]  21 14 21 14 00 00 00 00
 (1789091984.833462)  can0  701   [1]  05
 (1789091984.846925)  can0  181   [8]  21 14 21 14 00 00 00 00
 (1789091984.896872)  can0  181   [8]  21 14 21 14 00 00 00 00
 (1789091984.946818)  can0  181   [8]  21 14 21 14 00 00 00 00
 (1789091984.995722)  can0  601   [8]  40 41 60 00 00 00 00 00
 (1789091984.996071)  can0  581   [8]  43 41 60 00 21 14 21 14
 (1789091984.996766)  can0  181   [8]  21 14 21 14 00 00 00 00
 (1789091984.997038)  can0  601   [8]  40 6C 60 01 00 00 00 00
 (1789091984.997390)  can0  581   [8]  43 6C 60 01 00 00 00 00
 (1789091984.998690)  can0  601   [8]  40 6C 60 02 00 00 00 00
 (1789091984.999011)  can0  581   [8]  43 6C 60 02 00 00 00 00
 (1789091985.000689)  can0  601   [8]  40 6C 60 03 00 00 00 00
 (1789091985.001007)  can0  581   [8]  43 6C 60 03 00 00 00 00
 (1789091985.046717)  can0  181   [8]  21 14 21 14 00 00 00 00
 (1789091985.083007)  can0  701   [1]  05
 (1789091985.096723)  can0  181   [8]  21 14 21 14 00 00 00 00
 (1789091985.146670)  can0  181   [8]  21 14 21 14 00 00 00 00
 (1789091985.196616)  can0  181   [8]  21 14 21 14 00 00 00 00
 (1789091985.246563)  can0  181   [8]  21 14 21 14 00 00 00 00
 (1789091985.296510)  can0  181   [8]  21 14 21 14 00 00 00 00
 (1789091985.332493)  can0  701   [1]  05
 (1789091985.346457)  can0  181   [8]  21 14 21 14 00 00 00 00
 (1789091985.396404)  can0  181   [8]  21 14 21 14 00 00 00 00
 (1789091985.446352)  can0  181   [8]  21 14 21 14 00 00 00 00
 (1789091985.496299)  can0  181   [8]  21 14 21 14 00 00 00 00
 (1789091985.546246)  can0  181   [8]  21 14 21 14 00 00 00 00
 (1789091985.582041)  can0  701   [1]  05
 (1789091985.596193)  can0  181   [8]  21 14 21 14 00 00 00 00
 (1789091985.646139)  can0  181   [8]  21 14 21 14 00 00 00 00
 (1789091985.696086)  can0  181   [8]  21 14 21 14 00 00 00 00
 (1789091985.746033)  can0  181   [8]  21 14 21 14 00 00 00 00
 (1789091985.795982)  can0  181   [8]  21 14 21 14 00 00 00 00
 (1789091985.831527)  can0  701   [1]  05
 (1789091985.845928)  can0  181   [8]  21 14 21 14 00 00 00 00
 (1789091985.895876)  can0  181   [8]  21 14 21 14 00 00 00 00
 (1789091985.945822)  can0  181   [8]  21 14 21 14 00 00 00 00
 (1789091985.995768)  can0  181   [8]  21 14 21 14 00 00 00 00
 (1789091986.002713)  can0  601   [8]  40 41 60 00 00 00 00 00
 (1789091986.003058)  can0  581   [8]  43 41 60 00 21 14 21 14
 (1789091986.004694)  can0  601   [8]  40 6C 60 01 00 00 00 00
 (1789091986.005001)  can0  581   [8]  43 6C 60 01 00 00 00 00
 (1789091986.006688)  can0  601   [8]  40 6C 60 02 00 00 00 00
 (1789091986.006995)  can0  581   [8]  43 6C 60 02 00 00 00 00
 (1789091986.008689)  can0  601   [8]  40 6C 60 03 00 00 00 00
 (1789091986.008997)  can0  581   [8]  43 6C 60 03 00 00 00 00
 (1789091986.045717)  can0  181   [8]  21 14 21 14 00 00 00 00
 (1789091986.081075)  can0  701   [1]  05
 (1789091986.095664)  can0  181   [8]  21 14 21 14 00 00 00 00
 (1789091986.145610)  can0  181   [8]  21 14 21 14 00 00 00 00
 (1789091986.195557)  can0  181   [8]  21 14 21 14 00 00 00 00
 (1789091986.245504)  can0  181   [8]  21 14 21 14 00 00 00 00
 (1789091986.295450)  can0  181   [8]  21 14 21 14 00 00 00 00
 (1789091986.330561)  can0  701   [1]  05
 (1789091986.345397)  can0  181   [8]  21 14 21 14 00 00 00 00
 (1789091986.395346)  can0  181   [8]  21 14 21 14 00 00 00 00
 (1789091986.445293)  can0  181   [8]  21 14 21 14 00 00 00 00
 (1789091986.495239)  can0  181   [8]  21 14 21 14 00 00 00 00
 (1789091986.545186)  can0  181   [8]  21 14 21 14 00 00 00 00
 (1789091986.580109)  can0  701   [1]  05
 (1789091986.595133)  can0  181   [8]  21 14 21 14 00 00 00 00
 (1789091986.645080)  can0  181   [8]  21 14 21 14 00 00 00 00
 (1789091986.695027)  can0  181   [8]  21 14 21 14 00 00 00 00
 (1789091986.744975)  can0  181   [8]  21 14 21 14 00 00 00 00
 (1789091986.794922)  can0  181   [8]  21 14 21 14 00 00 00 00
 (1789091986.829594)  can0  701   [1]  05
 (1789091986.844869)  can0  181   [8]  21 14 21 14 00 00 00 00
 (1789091986.894817)  can0  181   [8]  21 14 21 14 00 00 00 00
 (1789091986.944762)  can0  181   [8]  21 14 21 14 00 00 00 00
 (1789091986.994709)  can0  181   [8]  21 14 21 14 00 00 00 00
 (1789091987.009717)  can0  601   [8]  40 41 60 00 00 00 00 00
 (1789091987.010042)  can0  581   [8]  43 41 60 00 21 14 21 14
 (1789091987.011693)  can0  601   [8]  40 6C 60 01 00 00 00 00
 (1789091987.012044)  can0  581   [8]  43 6C 60 01 00 00 00 00
 (1789091987.013686)  can0  601   [8]  40 6C 60 02 00 00 00 00
 (1789091987.014040)  can0  581   [8]  43 6C 60 02 00 00 00 00
 (1789091987.015692)  can0  601   [8]  40 6C 60 03 00 00 00 00
 (1789091987.016035)  can0  581   [8]  43 6C 60 03 00 00 00 00
 (1789091987.044657)  can0  181   [8]  21 14 21 14 00 00 00 00
 (1789091987.079143)  can0  701   [1]  05
 (1789091987.094605)  can0  181   [8]  21 14 21 14 00 00 00 00
 (1789091987.144551)  can0  181   [8]  21 14 21 14 00 00 00 00
 (1789091987.194499)  can0  181   [8]  21 14 21 14 00 00 00 00
 (1789091987.244445)  can0  181   [8]  21 14 21 14 00 00 00 00
 (1789091987.294391)  can0  181   [8]  21 14 21 14 00 00 00 00
 (1789091987.328628)  can0  701   [1]  05
 (1789091987.344338)  can0  181   [8]  21 14 21 14 00 00 00 00
 (1789091987.394287)  can0  181   [8]  21 14 21 14 00 00 00 00
 (1789091987.444233)  can0  181   [8]  21 14 21 14 00 00 00 00
 (1789091987.494180)  can0  181   [8]  21 14 21 14 00 00 00 00
 (1789091987.544127)  can0  181   [8]  21 14 21 14 00 00 00 00
 (1789091987.578176)  can0  701   [1]  05
 (1789091987.594074)  can0  181   [8]  21 14 21 14 00 00 00 00
 (1789091987.644020)  can0  181   [8]  21 14 21 14 00 00 00 00
 (1789091987.693967)  can0  181   [8]  21 14 21 14 00 00 00 00
 (1789091987.743916)  can0  181   [8]  21 14 21 14 00 00 00 00
 (1789091987.793862)  can0  181   [8]  21 14 21 14 00 00 00 00
 (1789091987.827662)  can0  701   [1]  05
 (1789091987.843809)  can0  181   [8]  21 14 21 14 00 00 00 00
 (1789091987.893757)  can0  181   [8]  21 14 21 14 00 00 00 00
 (1789091987.943703)  can0  181   [8]  21 14 21 14 00 00 00 00
 (1789091987.993650)  can0  181   [8]  21 14 21 14 00 00 00 00
 (1789091988.017717)  can0  601   [8]  40 41 60 00 00 00 00 00
 (1789091988.018025)  can0  581   [8]  43 41 60 00 21 14 21 14
 (1789091988.019691)  can0  601   [8]  40 6C 60 01 00 00 00 00
 (1789091988.020026)  can0  581   [8]  43 6C 60 01 00 00 00 00
 (1789091988.021689)  can0  601   [8]  40 6C 60 02 00 00 00 00
 (1789091988.022022)  can0  581   [8]  43 6C 60 02 00 00 00 00
 (1789091988.023689)  can0  601   [8]  40 6C 60 03 00 00 00 00
 (1789091988.024018)  can0  581   [8]  43 6C 60 03 00 00 00 00
 (1789091988.043596)  can0  181   [8]  21 14 21 14 00 00 00 00
 (1789091988.077210)  can0  701   [1]  05
 (1789091988.093543)  can0  181   [8]  21 14 21 14 00 00 00 00
 (1789091988.143492)  can0  181   [8]  21 14 21 14 00 00 00 00
 (1789091988.193439)  can0  181   [8]  21 14 21 14 00 00 00 00
 (1789091988.243386)  can0  181   [8]  21 14 21 14 00 00 00 00
 (1789091988.293332)  can0  181   [8]  21 14 21 14 00 00 00 00
 (1789091988.326696)  can0  701   [1]  05
 (1789091988.343279)  can0  181   [8]  21 14 21 14 00 00 00 00
 (1789091988.393226)  can0  181   [8]  21 14 21 14 00 00 00 00
 (1789091988.443174)  can0  181   [8]  21 14 21 14 00 00 00 00
 (1789091988.493121)  can0  181   [8]  21 14 21 14 00 00 00 00
 (1789091988.543069)  can0  181   [8]  21 14 21 14 00 00 00 00
 (1789091988.576247)  can0  701   [1]  05
 (1789091988.593015)  can0  181   [8]  21 14 21 14 00 00 00 00
 (1789091988.642961)  can0  181   [8]  21 14 21 14 00 00 00 00
 (1789091988.692909)  can0  181   [8]  21 14 21 14 00 00 00 00
 (1789091988.742855)  can0  181   [8]  21 14 21 14 00 00 00 00
 (1789091988.792804)  can0  181   [8]  21 14 21 14 00 00 00 00
 (1789091988.825729)  can0  701   [1]  05
 (1789091988.842750)  can0  181   [8]  21 14 21 14 00 00 00 00
 (1789091988.892698)  can0  181   [8]  21 14 21 14 00 00 00 00
 (1789091988.942644)  can0  181   [8]  21 14 21 14 00 00 00 00
 (1789091988.992591)  can0  181   [8]  21 14 21 14 00 00 00 00
 (1789091989.023715)  can0  601   [8]  40 41 60 00 00 00 00 00
 (1789091989.024014)  can0  581   [8]  43 41 60 00 21 14 21 14
 (1789091989.025692)  can0  601   [8]  40 6C 60 01 00 00 00 00
 (1789091989.026014)  can0  581   [8]  43 6C 60 01 00 00 00 00
 (1789091989.027690)  can0  601   [8]  40 6C 60 02 00 00 00 00
 (1789091989.028009)  can0  581   [8]  43 6C 60 02 00 00 00 00
 (1789091989.029688)  can0  601   [8]  40 6C 60 03 00 00 00 00
 (1789091989.030005)  can0  581   [8]  43 6C 60 03 00 00 00 00
 (1789091989.042538)  can0  181   [8]  21 14 21 14 00 00 00 00
 (1789091989.075276)  can0  701   [1]  05
 (1789091989.092485)  can0  181   [8]  21 14 21 14 00 00 00 00
 (1789091989.142432)  can0  181   [8]  21 14 21 14 00 00 00 00
 (1789091989.192378)  can0  181   [8]  21 14 21 14 00 00 00 00
 (1789091989.242325)  can0  181   [8]  21 14 21 14 00 00 00 00
 (1789091989.292274)  can0  181   [8]  21 14 21 14 00 00 00 00
 (1789091989.324764)  can0  701   [1]  05
 (1789091989.342221)  can0  181   [8]  21 14 21 14 00 00 00 00
 (1789091989.392167)  can0  181   [8]  21 14 21 14 00 00 00 00
 (1789091989.442114)  can0  181   [8]  21 14 21 14 00 00 00 00
 (1789091989.492061)  can0  181   [8]  21 14 21 14 00 00 00 00
 (1789091989.542007)  can0  181   [8]  21 14 21 14 00 00 00 00
 (1789091989.574306)  can0  701   [1]  05
 (1789091989.591956)  can0  181   [8]  21 14 21 14 00 00 00 00
 (1789091989.641903)  can0  181   [8]  21 14 21 14 00 00 00 00
 (1789091989.691850)  can0  181   [8]  21 14 21 14 00 00 00 00
 (1789091989.741796)  can0  181   [8]  21 14 21 14 00 00 00 00
 (1789091989.791743)  can0  181   [8]  21 14 21 14 00 00 00 00
 (1789091989.823798)  can0  701   [1]  05
 (1789091989.841690)  can0  181   [8]  21 14 21 14 00 00 00 00
 (1789091989.891637)  can0  181   [8]  21 14 21 14 00 00 00 00
 (1789091989.941586)  can0  181   [8]  21 14 21 14 00 00 00 00
 (1789091989.991532)  can0  181   [8]  21 14 21 14 00 00 00 00
 (1789091990.027712)  can0  601   [8]  40 41 60 00 00 00 00 00
 (1789091990.028061)  can0  581   [8]  43 41 60 00 21 14 21 14
 (1789091990.029692)  can0  601   [8]  40 6C 60 01 00 00 00 00
 (1789091990.030005)  can0  581   [8]  43 6C 60 01 00 00 00 00
 (1789091990.031687)  can0  601   [8]  40 6C 60 02 00 00 00 00
 (1789091990.032001)  can0  581   [8]  43 6C 60 02 00 00 00 00
 (1789091990.033687)  can0  601   [8]  40 6C 60 03 00 00 00 00
 (1789091990.033997)  can0  581   [8]  43 6C 60 03 00 00 00 00
 (1789091990.041478)  can0  181   [8]  21 14 21 14 00 00 00 00
 (1789091990.073283)  can0  701   [1]  05
 (1789091990.091425)  can0  181   [8]  21 14 21 14 00 00 00 00
 (1789091990.141373)  can0  181   [8]  21 14 21 14 00 00 00 00
 (1789091990.191320)  can0  181   [8]  21 14 21 14 00 00 00 00
 (1789091990.241267)  can0  181   [8]  21 14 21 14 00 00 00 00
 (1789091990.291214)  can0  181   [8]  21 14 21 14 00 00 00 00
 (1789091990.322831)  can0  701   [1]  05
 (1789091990.341161)  can0  181   [8]  21 14 21 14 00 00 00 00
 (1789091990.391107)  can0  181   [8]  21 14 21 14 00 00 00 00
 (1789091990.441056)  can0  181   [8]  21 14 21 14 00 00 00 00
 (1789091990.491003)  can0  181   [8]  21 14 21 14 00 00 00 00
 (1789091990.540949)  can0  181   [8]  21 14 21 14 00 00 00 00
 (1789091990.572322)  can0  701   [1]  05
 (1789091990.590896)  can0  181   [8]  21 14 21 14 00 00 00 00
 (1789091990.640843)  can0  181   [8]  21 14 21 14 00 00 00 00
 (1789091990.690789)  can0  181   [8]  21 14 21 14 00 00 00 00
 (1789091990.740736)  can0  181   [8]  21 14 21 14 00 00 00 00
 (1789091990.790685)  can0  181   [8]  21 14 21 14 00 00 00 00
 (1789091990.821866)  can0  701   [1]  05
 (1789091990.840631)  can0  181   [8]  21 14 21 14 00 00 00 00
 (1789091990.890580)  can0  181   [8]  21 14 21 14 00 00 00 00
 (1789091990.940525)  can0  181   [8]  21 14 21 14 00 00 00 00
 (1789091990.990472)  can0  181   [8]  21 14 21 14 00 00 00 00
 (1789091991.034713)  can0  601   [8]  40 41 60 00 00 00 00 00
 (1789091991.035049)  can0  581   [8]  43 41 60 00 21 14 21 14
 (1789091991.036691)  can0  601   [8]  40 6C 60 01 00 00 00 00
 (1789091991.036999)  can0  581   [8]  43 6C 60 01 00 00 00 00
 (1789091991.038687)  can0  601   [8]  40 6C 60 02 00 00 00 00
 (1789091991.039042)  can0  581   [8]  43 6C 60 02 00 00 00 00
 (1789091991.040420)  can0  181   [8]  21 14 21 14 00 00 00 00
 (1789091991.040686)  can0  601   [8]  40 6C 60 03 00 00 00 00
 (1789091991.041041)  can0  581   [8]  43 6C 60 03 00 00 00 00
 (1789091991.071350)  can0  701   [1]  05
 (1789091991.090366)  can0  181   [8]  21 14 21 14 00 00 00 00
 (1789091991.140312)  can0  181   [8]  21 14 21 14 00 00 00 00
 (1789091991.190261)  can0  181   [8]  21 14 21 14 00 00 00 00
 (1789091991.240208)  can0  181   [8]  21 14 21 14 00 00 00 00
 (1789091991.290155)  can0  181   [8]  21 14 21 14 00 00 00 00
 (1789091991.320898)  can0  701   [1]  05
 (1789091991.340101)  can0  181   [8]  21 14 21 14 00 00 00 00
 (1789091991.390048)  can0  181   [8]  21 14 21 14 00 00 00 00
 (1789091991.439996)  can0  181   [8]  21 14 21 14 00 00 00 00
 (1789091991.489942)  can0  181   [8]  21 14 21 14 00 00 00 00
 (1789091991.539891)  can0  181   [8]  21 14 21 14 00 00 00 00
 (1789091991.570384)  can0  701   [1]  05
 (1789091991.589837)  can0  181   [8]  21 14 21 14 00 00 00 00
 (1789091991.639784)  can0  181   [8]  21 14 21 14 00 00 00 00
 (1789091991.689731)  can0  181   [8]  21 14 21 14 00 00 00 00
 (1789091991.739677)  can0  181   [8]  21 14 21 14 00 00 00 00
 (1789091991.789624)  can0  181   [8]  21 14 21 14 00 00 00 00
 (1789091991.819933)  can0  701   [1]  05
 (1789091991.839635)  can0  181   [8]  21 14 21 14 00 00 00 00
 (1789091991.889582)  can0  181   [8]  21 14 21 14 00 00 00 00
 (1789091991.939528)  can0  181   [8]  21 14 21 14 00 00 00 00
 (1789091991.989475)  can0  181   [8]  21 14 21 14 00 00 00 00
 (1789091992.039422)  can0  181   [8]  21 14 21 14 00 00 00 00
 (1789091992.040716)  can0  601   [8]  40 41 60 00 00 00 00 00
 (1789091992.041035)  can0  581   [8]  43 41 60 00 21 14 21 14
 (1789091992.042693)  can0  601   [8]  40 6C 60 01 00 00 00 00
 (1789091992.043039)  can0  581   [8]  43 6C 60 01 00 00 00 00
 (1789091992.044689)  can0  601   [8]  40 6C 60 02 00 00 00 00
 (1789091992.045034)  can0  581   [8]  43 6C 60 02 00 00 00 00
 (1789091992.046689)  can0  601   [8]  40 6C 60 03 00 00 00 00
 (1789091992.047030)  can0  581   [8]  43 6C 60 03 00 00 00 00
 (1789091992.069481)  can0  701   [1]  05
 (1789091992.089369)  can0  181   [8]  21 14 21 14 00 00 00 00
 (1789091992.139315)  can0  181   [8]  21 14 21 14 00 00 00 00
 (1789091992.189264)  can0  181   [8]  21 14 21 14 00 00 00 00
 (1789091992.239211)  can0  181   [8]  21 14 21 14 00 00 00 00
 (1789091992.289158)  can0  181   [8]  21 14 21 14 00 00 00 00
 (1789091992.318967)  can0  701   [1]  05
 (1789091992.339104)  can0  181   [8]  21 14 21 14 00 00 00 00
 (1789091992.389051)  can0  181   [8]  21 14 21 14 00 00 00 00
 (1789091992.438999)  can0  181   [8]  21 14 21 14 00 00 00 00
 (1789091992.488945)  can0  181   [8]  21 14 21 14 00 00 00 00
 (1789091992.538894)  can0  181   [8]  21 14 21 14 00 00 00 00
 (1789091992.568515)  can0  701   [1]  05
 (1789091992.588840)  can0  181   [8]  21 14 21 14 00 00 00 00
 (1789091992.638787)  can0  181   [8]  21 14 21 14 00 00 00 00
 (1789091992.688599)  can0  000   [2]  80 01
 (1789091992.688844)  can0  181   [8]  21 14 21 14 00 00 00 00
 (1789091992.818003)  can0  701   [1]  7F
 (1789091992.819691)  can0  601   [8]  40 FF 60 01 00 00 00 00
 (1789091992.820002)  can0  581   [8]  43 FF 60 01 00 00 00 00
 (1789091992.821692)  can0  601   [8]  40 FF 60 02 00 00 00 00
 (1789091992.822055)  can0  581   [8]  43 FF 60 02 00 00 00 00
 (1789091992.823692)  can0  601   [8]  40 3F 60 00 00 00 00 00
 (1789091992.824051)  can0  581   [8]  43 3F 60 00 00 00 00 00
 (1789091992.825690)  can0  601   [8]  40 6C 60 01 00 00 00 00
 (1789091992.826041)  can0  581   [8]  43 6C 60 01 00 00 00 00
 (1789091992.827687)  can0  601   [8]  40 6C 60 02 00 00 00 00
 (1789091992.828036)  can0  581   [8]  43 6C 60 02 00 00 00 00
 (1789091992.829691)  can0  601   [8]  40 41 60 00 00 00 00 00
 (1789091992.830024)  can0  581   [8]  43 41 60 00 21 14 21 14
 (1789091992.831693)  can0  601   [8]  2B 17 10 00 00 00 00 00
 (1789091992.832034)  can0  581   [8]  60 17 10 00 00 00 00 00
 (1789091992.833688)  can0  601   [8]  40 17 10 00 00 00 00 00
 (1789091992.834025)  can0  581   [8]  4B 17 10 00 00 00 00 00
